row_id,name,party_on_date,party_confidence,party_differs,seat_check,seat_notes,corrections,verification,party_sources,ministry,row_start,check_name
R0021,홍사덕,무소속,high,False,ok,"15th term, 서울 강남구을, 지역구, seat 1996-05-30 to 2000-05-29 agrees with the 15th member list. He kept the seat while serving as 정무1장관. Yonhap 1998-02-27 reports that he already held his farewell ceremony on 1998-02-24, although Yonhap 1998-02-26 still lists him at the caretaker cabinet meeting as 정무1장관. This bears on the row dates, not the seat. https://n.news.naver.com/mnews/article/001/0004302023 (연합뉴스 1998-02-27, '총리인준 거부로 사흘째 행정공백 계속', accessed 2026-09-24T22:45:23-0400) | https://n.news.naver.com/mnews/article/001/0004300469 (연합뉴스 1998-02-26, '高총리 긴급 장관회의 소집', accessed 2026-09-24T22:45:12-0400)",{},confirmed,"https://n.news.naver.com/mnews/article/001/0004296876 (연합뉴스 1998-02-20, '`JP총리 인준' 국민신당.무소속 향배', accessed 2026-09-25T23:02:10-0400) ;; https://n.news.naver.com/mnews/article/001/0004294333 (연합뉴스 1998-02-28, '최고.최저 재산의원 10傑 변동내역', accessed 2026-09-25T23:02:19-0400) ;; https://n.news.naver.com/mnews/article/001/0004185210 (연합뉴스 1997-08-05, '金대통령 改閣 단행(종합)', accessed 2026-09-25T23:02:45-0400) ;; https://ko.wikipedia.org/w/index.php?oldid=42349301 (ko.wikipedia '홍사덕', accessed 2026-09-25T13:56:57-0400) ;; https://ko.wikipedia.org/w/index.php?oldid=41996917 (ko.wikipedia '대한민국 제15대 국회의원 목록', accessed 2026-09-25T23:04:05-0400)",정무장관(제1),1998-02-25,홍사덕
R0024,신낙균,새정치국민회의,high,False,ok,"15th term 전국구 (국민회의 list rank 8, confirmed by Yonhap 1998-03-03), seat 1996-05-30 to 2000-05-29. She kept the PR seat while minister. The 15th member list records no resignation.",{},confirmed,"https://n.news.naver.com/mnews/article/001/0004372354 (연합뉴스 1998-03-03, '金대통령 조각발표...재경부장관에 李揆成씨(종합)', accessed 2026-09-24T22:44:26-0400) ;; https://n.news.naver.com/mnews/article/001/0004376997 (연합뉴스 1998-03-03, '전국구의원직 승계 어떻게 되나', accessed 2026-09-25T23:03:09-0400) ;; https://ko.wikipedia.org/w/index.php?oldid=41996917 (ko.wikipedia '대한민국 제15대 국회의원 목록', accessed 2026-09-25T23:04:05-0400)",문화관광부,1998-03-03,신낙균
R0025,천용택,새정치국민회의,high,False,ok,"15th term 전국구 (국민회의 list rank 10), seat 1996-05-30 to 1999-05-25. He told reporters on 1998-03-04 that he favored resigning the PR seat, but he kept it until his 국정원장 appointment. The NA API end date 1999-05-25 agrees with Yonhap 1999-05-24 and the 15th member list. https://n.news.naver.com/mnews/article/001/0004376096 (연합뉴스 1998-03-04, '千국방,""전면적 개혁작업 추진""-기자간담회', accessed 2026-09-24T22:46:16-0400)",{},confirmed,"https://n.news.naver.com/mnews/article/001/0004372354 (연합뉴스 1998-03-03, '金대통령 조각발표...재경부장관에 李揆成씨(종합)', accessed 2026-09-24T22:44:26-0400) ;; https://n.news.naver.com/mnews/article/001/0004376997 (연합뉴스 1998-03-03, '전국구의원직 승계 어떻게 되나', accessed 2026-09-25T23:03:09-0400) ;; https://n.news.naver.com/mnews/article/001/0004507967 (연합뉴스 1999-05-24, '국정원장에 천용택 전 국방 내정', accessed 2026-09-25T23:03:50-0400) ;; https://ko.wikipedia.org/w/index.php?oldid=41996917 (ko.wikipedia '대한민국 제15대 국회의원 목록', accessed 2026-09-25T23:04:05-0400)",국방부,1998-03-03,천용택
R0026,이해찬,새정치국민회의,high,False,ok,"15th term, 서울 관악구을, 지역구, seat 1996-05-30 to 2000-05-29. Agrees with the 15th member list.",{},confirmed,"https://n.news.naver.com/mnews/article/001/0004372354 (연합뉴스 1998-03-03, '金대통령 조각발표...재경부장관에 李揆成씨(종합)', accessed 2026-09-24T22:44:26-0400) ;; https://ko.wikipedia.org/w/index.php?oldid=41996917 (ko.wikipedia '대한민국 제15대 국회의원 목록', accessed 2026-09-25T23:04:05-0400)",교육부,1998-03-03,이해찬
R0029,박정수,새정치국민회의,high,False,ok,"15th term 전국구 (국민회의 list rank 5, confirmed by Yonhap 1998-03-03), seat 1996-05-30 to 2000-05-29. He kept the PR seat. The 15th member list records no resignation.",{},confirmed,"https://n.news.naver.com/mnews/article/001/0004372354 (연합뉴스 1998-03-03, '金대통령 조각발표...재경부장관에 李揆成씨(종합)', accessed 2026-09-24T22:44:26-0400) ;; https://n.news.naver.com/mnews/article/001/0004376997 (연합뉴스 1998-03-03, '전국구의원직 승계 어떻게 되나', accessed 2026-09-25T23:03:09-0400) ;; https://ko.wikipedia.org/w/index.php?oldid=41996917 (ko.wikipedia '대한민국 제15대 국회의원 목록', accessed 2026-09-25T23:04:05-0400)",외교통상부,1998-03-03,박정수
R0034,박상천,새정치국민회의,high,False,ok,"15th term, 전남 고흥군, 지역구, seat 1996-05-30 to 2000-05-29. Agrees with the 15th member list.",{},confirmed,"https://n.news.naver.com/mnews/article/001/0004372354 (연합뉴스 1998-03-03, '金대통령 조각발표...재경부장관에 李揆成씨(종합)', accessed 2026-09-24T22:44:26-0400) ;; https://ko.wikipedia.org/w/index.php?oldid=41996917 (ko.wikipedia '대한민국 제15대 국회의원 목록', accessed 2026-09-25T23:04:05-0400)",법무부,1998-03-03,박상천
R0035,이정무,자유민주연합,high,False,ok,"15th term, 대구 남구, 지역구, seat 1996-05-30 to 2000-05-29. Agrees with the 15th member list.",{},confirmed,"https://n.news.naver.com/mnews/article/001/0004372354 (연합뉴스 1998-03-03, '金대통령 조각발표...재경부장관에 李揆成씨(종합)', accessed 2026-09-24T22:44:26-0400) ;; https://ko.wikipedia.org/w/index.php?oldid=41996917 (ko.wikipedia '대한민국 제15대 국회의원 목록', accessed 2026-09-25T23:04:05-0400)",건설교통부,1998-03-03,이정무
R0036,김선길,자유민주연합,high,False,ok,"15th term, 충북 충주시, 지역구, seat 1996-05-30 to 2000-05-29. Agrees with the 15th member list.",{},confirmed,"https://n.news.naver.com/mnews/article/001/0004372354 (연합뉴스 1998-03-03, '金대통령 조각발표...재경부장관에 李揆成씨(종합)', accessed 2026-09-24T22:44:26-0400) ;; https://ko.wikipedia.org/w/index.php?oldid=41996917 (ko.wikipedia '대한민국 제15대 국회의원 목록', accessed 2026-09-25T23:04:05-0400)",해양수산부,1998-03-03,김선길
R0037,김종필,자유민주연합,high,False,ok,"15th term, 충남 부여군, 지역구, seat 1996-05-30 to 2000-05-29. Agrees with the 15th member list. He started as 총리서리 because the consent motion failed, which affects the office label, not the seat.",{},confirmed,"https://n.news.naver.com/mnews/article/001/0004377650 (연합뉴스 1998-03-03, '金鍾泌총리서리 임명과 자민련 진로', accessed 2026-09-25T23:01:40-0400) ;; https://n.news.naver.com/mnews/article/001/0004372354 (연합뉴스 1998-03-03, '金대통령 조각발표...재경부장관에 李揆成씨(종합)', accessed 2026-09-24T22:44:26-0400) ;; https://ko.wikipedia.org/w/index.php?oldid=41996917 (ko.wikipedia '대한민국 제15대 국회의원 목록', accessed 2026-09-25T23:04:05-0400)",국무총리,1998-03-03,김종필
R0038,강창희,자유민주연합,high,False,ok,"15th term, 대전 중구, 지역구, seat 1996-05-30 to 2000-05-29. Agrees with the 15th member list.",{},confirmed,"https://n.news.naver.com/mnews/article/001/0004372354 (연합뉴스 1998-03-03, '金대통령 조각발표...재경부장관에 李揆成씨(종합)', accessed 2026-09-24T22:44:26-0400) ;; https://ko.wikipedia.org/w/index.php?oldid=41996917 (ko.wikipedia '대한민국 제15대 국회의원 목록', accessed 2026-09-25T23:04:05-0400)",과학기술부,1998-03-03,강창희
R0044,정상천,자유민주연합,high,False,ok,"15th term 전국구 (자민련 list rank 7), seat 1996-05-30 to 1999-04-02. He submitted the PR seat resignation to the Speaker on 1999-03-30 during the 202nd extraordinary session, and the plenary approved it on 1999-04-02. The NA API end date 1999-04-02 is the effective date and agrees with Yonhap. The ko.wikipedia 15th member list gives 1999-03-30, which is the filing date, so the API date should be kept. 송업교 succeeded (선관위 decision 1999-04-07). Sources: https://n.news.naver.com/mnews/article/001/0004520363 (연합뉴스 1999-03-30, '정상천해양장관 전국구의원직 사퇴', accessed 2026-09-25T23:06:30-0400) | https://n.news.naver.com/mnews/article/001/0004575626 (연합뉴스 1999-04-02, '국회 본회의...추경안 시정연설 청취-1', accessed 2026-09-25T23:07:18-0400) | https://n.news.naver.com/mnews/article/001/0004580149 (연합뉴스 1999-04-07, '선관위, 송업교씨 전국구의원직 승계 결정', accessed 2026-09-25T23:06:47-0400)",{},confirmed,"https://n.news.naver.com/mnews/article/001/0004529090 (연합뉴스 1999-03-23, '해양장관 정상천, 과기장관 서정욱씨 임명', accessed 2026-09-25T22:15:18-0400) ;; https://n.news.naver.com/mnews/article/001/0004531365 (연합뉴스 1999-03-23, '해양부, 신임장관에 `국면 전환' 기대', accessed 2026-09-25T23:05:47-0400) ;; https://ko.wikipedia.org/w/index.php?oldid=41996917 (ko.wikipedia '대한민국 제15대 국회의원 목록', accessed 2026-09-25T23:04:05-0400)",해양수산부,1999-03-23,정상천
R0061,박태준,자유민주연합,high,True,ok,"15th term, 경북 포항시북구, 지역구 won at the 1997-07-24 by-election (entered_via by_election), seat 1997-07-24 to 2000-05-29. The by-election party 무소속 is correct as the election party. NA consent to the PM appointment passed on 2000-01-13 (세계일보 2000-01-14 via BigKinds).","{""mp_party_at_appt"": ""자유민주연합""}",confirmed,"https://www.bigkinds.or.kr/v2/news/newsDetailView.do?newsId=01100401.20000114015632004 (BigKinds metadata via /api/news/search.do query '박태준 총리' 2000-01-10..2000-01-14, 동아일보 2000-01-14, '박태준총리 ＂총선관리 최선＂', accessed 2026-09-25T23:08:39-0400) ;; https://www.bigkinds.or.kr/v2/news/newsDetailView.do?newsId=01100611.20160422153139021 (BigKinds metadata via /api/news/search.do query '박태준 자민련 총재' 2000-01-10..2000-01-20, 서울신문 2000-01-17, 'JP-TJ 자민련 총재직 ‘신경전', accessed 2026-09-25T23:08:43-0400) ;; https://www.bigkinds.or.kr/v2/news/newsDetailView.do?newsId=01100901.20000117095206001 (BigKinds metadata via /api/news/search.do query '박태준 자민련 총재' 2000-01-10..2000-01-20, 중앙일보 2000-01-17, '[정가접속] TJ, 자민련총재 겸직?', accessed 2026-09-25T23:08:43-0400) ;; https://ko.wikipedia.org/w/index.php?oldid=41996917 (ko.wikipedia '대한민국 제15대 국회의원 목록', accessed 2026-09-25T23:04:05-0400)",국무총리,2000-01-13,박태준
R0071,이한동,자유민주연합,high,True,ok,"The row starts on 2000-05-23 in the last week of his 15th-term seat (경기 연천군포천군, 지역구, elected 1996 under 신한국당, seat to 2000-05-29) and continues into his 16th-term seat for the same district (elected 2000-04-13 under 자민련, seat 2000-05-30 to 2004-05-29). The fields describe the 15th-term seat correctly for dual_office_start. Users should note that mp_party_at_election (신한국당) belongs to the 15th term, while his 16th-term election party was 자민련. He started as 총리서리 pending NA consent.","{""mp_party_at_appt"": ""자유민주연합""}",corrected,"https://n.news.naver.com/mnews/article/001/0000004325 (연합뉴스 2000-05-22, '김대통령 새총리에 이한동씨 지명(종합2보)', accessed 2026-09-25T23:09:33-0400) ;; https://n.news.naver.com/mnews/article/020/0000005471 (동아일보 2000-05-22, '金대통령, 이한동씨 총리지명…여-야관계 ""급냉""', accessed 2026-09-25T23:09:30-0400) ;; https://n.news.naver.com/mnews/article/001/0000004433 (연합뉴스 2000-05-23, '자민련, 김종호 대행체제 출범', accessed 2026-09-25T23:09:53-0400) ;; https://ko.wikipedia.org/w/index.php?oldid=41996917 (ko.wikipedia '대한민국 제15대 국회의원 목록', accessed 2026-09-25T23:04:05-0400) ;; https://ko.wikipedia.org/w/index.php?oldid=42446179 (ko.wikipedia '대한민국 제16대 국회의원 목록', accessed 2026-09-25T23:04:05-0400)",국무총리,2000-05-23,이한동
R0081,김한길,새천년민주당,high,False,ok,"16th term 비례대표 (새천년민주당 list rank 13), seat 2000-05-30 to 2000-10-09. He handed his resignation to Speaker 이만섭 on the morning of 2000-09-20, but because the NA was in session it took effect only when the plenary approved it on 2000-10-09. The NA API end date 2000-10-09 is right. The ko.wikipedia 16th member list gives 2000-09-20, which is the filing date. 김화중 succeeded. Sources: https://n.news.naver.com/mnews/article/005/0000022073 (국민일보 2000-09-20, '김한길 새 문화관광장관 일문일답', accessed 2026-09-25T23:10:38-0400) | https://n.news.naver.com/mnews/article/015/0000286134 (한국경제 2000-10-09, '국회,기업 금융구조조정 5개법안 의결', accessed 2026-09-25T23:11:10-0400) | https://n.news.naver.com/mnews/article/020/0000029909 (동아일보 2000-10-09, '국회 지주회사법등 6개법안 처리…국정감사 19일부터', accessed 2026-09-25T23:11:17-0400)",{},confirmed,"https://n.news.naver.com/mnews/article/001/0000027235 (연합뉴스 2000-09-20, '문화관광부장관에 김한길씨(종합)', accessed 2026-09-24T22:48:38-0400) ;; https://n.news.naver.com/mnews/article/015/0000279187 (한국경제 2000-09-20, '김대통령, 후임 문화부장관에 김한길의원 임명', accessed 2026-09-24T22:48:55-0400) ;; https://ko.wikipedia.org/w/index.php?oldid=42446179 (ko.wikipedia '대한민국 제16대 국회의원 목록', accessed 2026-09-25T23:04:05-0400)",문화관광부,2000-09-20,김한길
R0084,한명숙,새천년민주당,high,False,ok,"16th term 비례대표 (새천년민주당 list rank 5), seat 2000-05-30 to 2001-02-05. News of 2001-01-29 and 2001-01-30 reports that she resigned or declared her resignation on appointment and that 박양수 (list rank 22) would succeed. The effective date is not stated in the articles found. The NA API end date 2001-02-05 matches the first plenary held after her appointment and the NA API start date of 박양수 (2001-02-06), so the API date is kept. That plenary belonged to the 217th extraordinary session, which had opened in early January 2001 and held no business for 28 days, and the 218th session was to convene on 2001-02-09 (전북일보 and 국제신문 of 2001-02-06). Because a session was open on 2001-01-29, the resignation needed a plenary vote and could not take effect before 2001-02-05. The ko.wikipedia 16th member list gives 2001-01-29, which is the announcement date. Sources: https://n.news.naver.com/mnews/article/005/0000041316 (국민일보 2001-01-29, '박양수씨 의원직 승계', accessed 2026-09-25T23:11:42-0400) | https://www.bigkinds.or.kr/v2/news/newsDetailView.do?newsId=01100901.20010130210917001 (BigKinds metadata via /api/news/search.do query '박양수 의원직 승계' 2001-01-30..2001-02-20, 중앙일보 2001-01-30, '박양수특보 의원직 승계', accessed 2026-09-25T23:13:29-0400) | https://n.news.naver.com/mnews/article/001/0000052355 (연합뉴스 2001-02-05, '<오늘의 주요 정치뉴스>(5일)', accessed 2026-09-25T23:13:01-0400)",{},corrected,"https://n.news.naver.com/mnews/article/001/0000051103 (연합뉴스 2001-01-29, '경제.교육부총리 진념.한완상씨(종합)', accessed 2026-09-25T13:02:20-0400) ;; https://n.news.naver.com/mnews/article/020/0000045482 (동아일보 2001-01-29, '[1·29보각 포부]한명숙 여성부장관 ""여성 소외 안당하게""', accessed 2026-09-25T13:23:26-0400) ;; https://ko.wikipedia.org/w/index.php?oldid=42446179 (ko.wikipedia '대한민국 제16대 국회의원 목록', accessed 2026-09-25T23:04:05-0400)",여성부,2001-01-29,한명숙
R0085,김원길,새천년민주당,high,False,ok,"16th term, 서울 강북구갑, 지역구, seat 2000-05-30 to 2004-05-29. Agrees with the 16th member list. The appointment was announced on 2001-03-21 while he was in London, and the certificate was handed over on 2001-03-23, which is the row start. This is a row-date observation, not a seat problem.",{},confirmed,"https://n.news.naver.com/mnews/article/015/0000351951 (한국경제 2001-03-22, '崔복지장관 경질..후임에 김원길씨 임명', accessed 2026-09-25T21:49:50-0400) ;; https://n.news.naver.com/mnews/article/001/0000061627 (연합뉴스 2001-03-23, '김대통령 의보 철저대책 지시', accessed 2026-09-25T23:15:50-0400) ;; https://ko.wikipedia.org/w/index.php?oldid=42446179 (ko.wikipedia '대한민국 제16대 국회의원 목록', accessed 2026-09-25T23:04:05-0400)",보건복지부,2001-03-23,김원길
R0087,한승수,민주국민당,high,False,ok,"16th term, 강원 춘천시, 지역구, elected 2000 under 민주국민당, seat 2000-05-30 to 2004-05-29. Agrees with the 16th member list.",{},confirmed,"https://n.news.naver.com/mnews/article/001/0000062088 (연합뉴스 2001-03-26, '국정원장 신건..장관급 12명 교체(종합)', accessed 2026-09-25T12:59:46-0400) ;; https://n.news.naver.com/mnews/article/005/0000048212 (국민일보 2001-03-26, '[3·26 개각] 민국 한승수의원 입각의미…3당 연합 가시적 완성', accessed 2026-09-25T23:16:28-0400) ;; https://n.news.naver.com/mnews/article/001/0000064260 (연합뉴스 2001-04-04, '주요 연합뉴스(4월4일.수)<15:00~18:00>', accessed 2026-09-25T23:16:18-0400) ;; https://n.news.naver.com/mnews/article/009/0000196794 (매일경제 2002-02-26, '한승수 의원 민국당 탈당', accessed 2026-09-25T23:16:47-0400) ;; https://ko.wikipedia.org/w/index.php?oldid=42446179 (ko.wikipedia '대한민국 제16대 국회의원 목록', accessed 2026-09-25T23:04:05-0400)",외교통상부,2001-03-26,한승수
R0089,장재식,자유민주연합,high,True,ok,"16th term, 서울 서대문구을, 지역구, seat 2000-05-30 to 2004-05-29. Agrees with the 16th member list. The party changed twice within this row (자민련 on dual_office_start, 무소속 from about 2001-09-04, 새천년민주당 again from 2001-09-10), so a single party value per row hides the switch.","{""mp_party_at_appt"": ""자유민주연합""}",corrected,"https://n.news.naver.com/mnews/article/001/0000047728 (연합뉴스 2001-01-10, '민주의원 자민련 추가이적(종합2보)', accessed 2026-09-25T23:17:44-0400) ;; https://n.news.naver.com/mnews/article/008/0000062917 (머니투데이 2001-03-26, '[일반] 장관급 12명 개각 단행', accessed 2026-09-25T13:13:01-0400) ;; https://n.news.naver.com/mnews/article/009/0000103462 (매일경제 2001-03-26, '[3.26개각 새얼굴 포커스] 장재식 산자부 장관', accessed 2026-09-25T13:13:29-0400) ;; https://n.news.naver.com/mnews/article/020/0000083620 (동아일보 2001-09-04, '자민련 배기선 송석찬의원등 4명 탈당', accessed 2026-09-25T23:18:27-0400) ;; https://n.news.naver.com/mnews/article/015/0000420577 (한국경제 2001-09-11, '청와대 비서관-민주당 당직개편 11일 단행', accessed 2026-09-25T23:18:12-0400) ;; https://ko.wikipedia.org/w/index.php?oldid=42446179 (ko.wikipedia '대한민국 제16대 국회의원 목록', accessed 2026-09-25T23:04:05-0400)",산업자원부,2001-03-26,장재식
R0091,오장섭,자유민주연합,high,False,ok,"16th term, 충남 예산군, 지역구, elected 2000 under 자민련, seat 2000-05-30 to 2004-05-29. Agrees with the 16th member list. His 15th-term seat came from a 1997-07-24 by-election under 신한국당, which is not the relevant term here.",{},confirmed,"https://n.news.naver.com/mnews/article/008/0000062917 (머니투데이 2001-03-26, '[일반] 장관급 12명 개각 단행', accessed 2026-09-25T13:13:01-0400) ;; https://n.news.naver.com/mnews/article/015/0000353886 (한국경제 2001-03-26, '[3.26 개각] 최연소 40代 과기 '의외' '기대감'..부처별 표정', accessed 2026-09-25T21:58:42-0400) ;; https://n.news.naver.com/mnews/article/020/0000080991 (동아일보 2001-08-20, ''오장섭 장관 거취' 여-여 갈등으로 번지나', accessed 2026-09-25T23:18:58-0400) ;; https://ko.wikipedia.org/w/index.php?oldid=42446179 (ko.wikipedia '대한민국 제16대 국회의원 목록', accessed 2026-09-25T23:04:05-0400)",건설교통부,2001-03-26,오장섭
R0092,정우택,자유민주연합,high,False,ok,"16th term, 충북 진천,괴산,음성군 (진천군·괴산군·음성군), 지역구, seat 2000-05-30 to 2004-05-29. Agrees with the 16th member list.",{},confirmed,"https://n.news.naver.com/mnews/article/008/0000062917 (머니투데이 2001-03-26, '[일반] 장관급 12명 개각 단행', accessed 2026-09-25T13:13:01-0400) ;; https://n.news.naver.com/mnews/article/009/0000103456 (매일경제 2001-03-26, '[3.26개각 뒷얘기] 국정원장 막판에 포함', accessed 2026-09-25T23:15:03-0400) ;; https://n.news.naver.com/mnews/article/015/0000416974 (한국경제 2001-09-03, '정우택 해양장관,외교차 나갔다가 급거 귀국', accessed 2026-09-25T23:18:43-0400) ;; https://ko.wikipedia.org/w/index.php?oldid=42446179 (ko.wikipedia '대한민국 제16대 국회의원 목록', accessed 2026-09-25T23:04:05-0400)",해양수산부,2001-03-26,정우택
R0093,김영환,새천년민주당,high,False,ok,"16th term, 경기 안산시갑, 지역구, seat 2000-05-30 to 2004-05-29. Agrees with the 16th member list.",{},confirmed,"https://n.news.naver.com/mnews/article/008/0000062917 (머니투데이 2001-03-26, '[일반] 장관급 12명 개각 단행', accessed 2026-09-25T13:13:01-0400) ;; https://n.news.naver.com/mnews/article/005/0000048220 (국민일보 2001-03-26, '金대통령 9개 부처 개각', accessed 2026-09-25T23:16:32-0400) ;; https://ko.wikipedia.org/w/index.php?oldid=42446179 (ko.wikipedia '대한민국 제16대 국회의원 목록', accessed 2026-09-25T23:04:05-0400)",과학기술부,2001-03-26,김영환
R0099,유용태,새천년민주당,high,False,ok,"16th term, 서울 동작구을, 지역구, seat 2000-05-30 to 2004-05-29. Agrees with the 16th member list. He chaired the 환경노동위원회 until entering the cabinet (동아일보 2001-09-07). https://n.news.naver.com/mnews/article/020/0000084292 (동아일보 2001-09-07, '국회 재경위장 나오연-환경노동위장에 이윤수의원 선출', accessed 2026-09-25T23:20:06-0400)",{},confirmed,"https://n.news.naver.com/mnews/article/001/0000097673 (연합뉴스 2001-09-07, '통일 홍순영 건교 안정남씨(종합)-1', accessed 2026-09-24T22:49:37-0400) ;; https://n.news.naver.com/mnews/article/009/0000147815 (매일경제 2001-09-07, '통일 등 5개부처 장관 교체', accessed 2026-09-25T23:19:50-0400) ;; https://ko.wikipedia.org/w/index.php?oldid=42446179 (ko.wikipedia '대한민국 제16대 국회의원 목록', accessed 2026-09-25T23:04:05-0400)",노동부,2001-09-07,유용태
R0101,유삼남,새천년민주당,high,False,ok,"16th term 비례대표 (새천년민주당 list rank 19), seat 2000-05-30 to 2001-09-07. News of 2001-09-07 says he resigned the PR seat on entering the cabinet and that 조배숙 (rank 23) would succeed. The NA held a plenary on the afternoon of 2001-09-07, and the NA API gives 2001-09-07 as his end and 2001-09-10 as 조배숙's start. The one-day dual interval is consistent, although no article found states the approval vote explicitly. https://n.news.naver.com/mnews/article/015/0000419534 (한국경제 2001-09-07, '조배숙 민주 당무위원 전국구 의원직 승계', accessed 2026-09-25T22:20:12-0400) | https://n.news.naver.com/mnews/article/001/0000097583 (연합뉴스 2001-09-07, '<오늘의 주요 정치뉴스>(7일)', accessed 2026-09-25T23:20:07-0400)",{},confirmed,"https://n.news.naver.com/mnews/article/001/0000097673 (연합뉴스 2001-09-07, '통일 홍순영 건교 안정남씨(종합)-1', accessed 2026-09-24T22:49:37-0400) ;; https://n.news.naver.com/mnews/article/020/0000084274 (동아일보 2001-09-07, '민주당 조배숙씨 전국구 승계', accessed 2026-09-25T22:20:13-0400) ;; https://ko.wikipedia.org/w/index.php?oldid=42446179 (ko.wikipedia '대한민국 제16대 국회의원 목록', accessed 2026-09-25T23:04:05-0400)",해양수산부,2001-09-07,유삼남
R0145,김영진,새천년민주당,high,False,ok,16th PR seat (list rank 16). The NA spell ends 2003-03-04 with resigned_on_appointment. Yonhap and Dong-A report that he submitted the seat resignation on 2003-03-04. Dong-A adds that the Speaker would approve it because the Assembly was in recess (https://n.news.naver.com/mnews/article/020/0000178771). 오영식 succeeded to the seat. dual_office_end 2003-03-04 matches.,{},confirmed,"https://n.news.naver.com/mnews/article/018/0000010726 (이데일리 2003-02-27, ""(프로필)김영진 농림부장관"", accessed 2026-09-25T23:02:22-0400) ;; https://n.news.naver.com/mnews/article/001/0000329422 (연합뉴스 2003-03-04, ""김영진.김화중 의원직 사퇴"", accessed 2026-09-25T23:01:44-0400) ;; https://ko.wikipedia.org/w/index.php?oldid=42051417 (ko.wikipedia '김영진 (1947년)', party table lists 새천년민주당 2000~2005, accessed 2026-09-25T13:27:35-0400) ;; https://ko.wikipedia.org/w/index.php?oldid=42269205 (ko.wikipedia '새천년민주당', infobox gives 창당 2000-01-20 and name 새천년민주당 until 2005-05-06, accessed 2026-09-25T23:08:15-0400)",농림부,2003-02-27,김영진
R0153,김화중,새천년민주당,high,False,ok,"She entered the 16th Assembly on 2000-10-11 as a PR successor (entered_via succession_pr, list rank 20), so mp_election_type 비례대표 is right but the seat was not won at the 2000 general election. The seat ended 2003-03-04 when she submitted her resignation on appointment, and 구종태 succeeded (Yonhap 2003-03-04 https://n.news.naver.com/mnews/article/001/0000329422). dual_office_end 2003-03-04 matches.",{},confirmed,"https://n.news.naver.com/mnews/article/047/0000025370 (오마이뉴스 2003-02-26, """"김화중 의원 복지부장관 부적절"""", accessed 2026-09-25T23:03:00-0400) ;; https://n.news.naver.com/mnews/article/001/0000329422 (연합뉴스 2003-03-04, ""김영진.김화중 의원직 사퇴"", accessed 2026-09-25T23:01:44-0400) ;; https://n.news.naver.com/mnews/article/014/0000055470 (파이낸셜뉴스 2003-02-27, ""[신임장관 프로필-김화중 보건복지] 민주당 첫 여성부총재"", accessed 2026-09-25T23:03:06-0400) ;; https://ko.wikipedia.org/w/index.php?oldid=42269205 (ko.wikipedia '새천년민주당', infobox gives 창당 2000-01-20 and name 새천년민주당 until 2005-05-06, accessed 2026-09-25T23:08:15-0400)",보건복지부,2003-02-27,김화중
R0177,이해찬,열린우리당,high,False,ok,"17th district seat 관악구을 held to term end 2008-05-29. The gazette 제15737호 prints 국무총리에 임함 with the section date 2004-06-30, which matches dual_office_start. No seat resignation.",{},confirmed,"https://n.news.naver.com/mnews/article/022/0000035425 (세계일보 2004-06-09, ""새총리후보 이해찬씨 지명"", accessed 2026-09-25T23:09:39-0400) ;; https://n.news.naver.com/mnews/article/055/0000022724 (SBS 2004-06-08, ""총리 후보에 이해찬 의원 지명"", accessed 2026-09-25T23:09:46-0400) ;; https://ko.wikipedia.org/w/index.php?oldid=42411898 (ko.wikipedia '이해찬', party table lists 열린우리당 2003~2007, accessed 2026-09-25T13:33:17-0400) ;; https://ko.wikipedia.org/w/index.php?oldid=41741023 (ko.wikipedia '열린우리당', infobox gives foundation 2003-11-11 and 해산 2007-08-20, accessed 2026-09-25T23:08:16-0400)",국무총리,2004-06-30,이해찬
R0178,정동채,열린우리당,high,False,ok,"17th district seat 광주 서구을 held to term end. The gazette 제15737호 dates his appointment 2004-07-01, the same as dual_office_start, although the reshuffle was announced on 2004-06-30.",{},confirmed,"https://n.news.naver.com/mnews/article/014/0000130611 (파이낸셜뉴스 2004-06-30, ""3개부처 개각 단행…통일－정동영，복지－김근태，문화－정동채"", accessed 2026-09-25T23:04:43-0400) ;; https://n.news.naver.com/mnews/article/018/0000176407 (이데일리 2004-07-01, ""정동채 장관 `인사청탁` 진정..靑 확인중"", accessed 2026-09-25T23:04:51-0400) ;; https://ko.wikipedia.org/w/index.php?oldid=42475538 (ko.wikipedia '정동채', party table lists 열린우리당 2003~2007, accessed 2026-09-25T13:02:21-0400) ;; https://ko.wikipedia.org/w/index.php?oldid=41741023 (ko.wikipedia '열린우리당', infobox gives foundation 2003-11-11 and 해산 2007-08-20, accessed 2026-09-25T23:08:16-0400)",문화관광부,2004-07-01,정동채
R0179,김근태,열린우리당,high,False,ok,"17th district seat 도봉구갑 held to term end. The gazette 제15737호 dates his appointment 2004-07-01, the same as dual_office_start.",{},confirmed,"https://n.news.naver.com/mnews/article/014/0000130611 (파이낸셜뉴스 2004-06-30, ""3개부처 개각 단행…통일－정동영，복지－김근태，문화－정동채"", accessed 2026-09-25T23:04:43-0400) ;; https://n.news.naver.com/mnews/article/018/0000176114 (이데일리 2004-06-30, ""정동영·김근태 입각..3개 부처 개각(상보)"", accessed 2026-09-25T13:16:41-0400) ;; https://ko.wikipedia.org/w/index.php?oldid=42333844 (ko.wikipedia '김근태 (1947년)', party table lists 열린우리당 2003~2007, accessed 2026-09-25T23:09:30-0400) ;; https://ko.wikipedia.org/w/index.php?oldid=41741023 (ko.wikipedia '열린우리당', infobox gives foundation 2003-11-11 and 해산 2007-08-20, accessed 2026-09-25T23:08:16-0400)",보건복지부,2004-07-01,김근태
R0184,박홍수,열린우리당,high,False,issue,"The seat interval is right. The gazette 제15892호 dates the appointment 2005-01-05, the same as dual_office_start. He announced on 2005-01-06 that he would give up the seat, and Dong-A and Yonhap report the resignation on 2005-01-10, the NA spell end. 서혜석 succeeded, confirmed by the NEC on 2005-01-12 (Yonhap https://n.news.naver.com/mnews/article/001/0000880801). The spells file codes exit_detail as resigned_other, but the news shows the resignation was a consequence of the ministerial appointment. dual_office_end 2005-01-10 is right.","{""na_member_spells_15_22.exit_detail (5JX61739, term 17)"": ""resigned_on_appointment""}",confirmed,"https://n.news.naver.com/mnews/article/001/0000875611 (연합뉴스 2005-01-06, ""朴 농림 비례대표 의원직 사퇴"", accessed 2026-09-25T23:07:47-0400) ;; https://n.news.naver.com/mnews/article/020/0000279993 (동아일보 2005-01-10, ""박홍수 농림 비례대표 사퇴…與 서혜석씨 의원직 승계"", accessed 2026-09-25T23:06:58-0400) ;; https://n.news.naver.com/mnews/article/001/0000878752 (연합뉴스 2005-01-10, ""서혜석, 朴농림 의원직 승계"", accessed 2026-09-25T23:07:39-0400) ;; https://ko.wikipedia.org/w/index.php?oldid=41741023 (ko.wikipedia '열린우리당', infobox gives foundation 2003-11-11 and 해산 2007-08-20, accessed 2026-09-25T23:08:16-0400)",농림부,2005-01-05,박홍수
R0190,김진표,열린우리당,high,False,ok,"17th district seat 수원시영통구 held to term end. YTN reports that he received the letter of appointment on 2005-01-28, the same as dual_office_start. The 2005-01-27 announcement came the day before.",{},confirmed,"https://n.news.naver.com/mnews/article/079/0000023687 (노컷뉴스 2005-01-27, ""김진표 교육부총리, 유례없는 파격인사"", accessed 2026-09-25T23:08:17-0400) ;; https://n.news.naver.com/mnews/article/055/0000037514 (SBS 2005-01-27, ""신임 교육부총리에 김진표 의원 기용"", accessed 2026-09-25T23:08:15-0400) ;; https://ko.wikipedia.org/w/index.php?oldid=42453258 (ko.wikipedia '김진표 (정치인)', party table lists 열린우리당 2003~2007, accessed 2026-09-24T22:43:39-0400) ;; https://ko.wikipedia.org/w/index.php?oldid=41741023 (ko.wikipedia '열린우리당', infobox gives foundation 2003-11-11 and 해산 2007-08-20, accessed 2026-09-25T23:08:16-0400)",교육인적자원부,2005-01-28,김진표
R0195,천정배,열린우리당,high,False,ok,"17th district seat 안산시단원구갑 held to term end. The gazette 제16035호 prints the section date 2005-06-29 for his appointment, the same as dual_office_start. The appointment was announced on 2005-06-28.",{},confirmed,"https://n.news.naver.com/mnews/article/032/0000128697 (경향신문 2005-06-28, ""법무장관 천정배·환경장관 이재용"", accessed 2026-09-25T23:10:31-0400) ;; https://n.news.naver.com/mnews/article/022/0000104741 (세계일보 2005-06-28, ""법무 천정배· 환경 이재용"", accessed 2026-09-25T23:10:34-0400) ;; https://ko.wikipedia.org/w/index.php?oldid=42342842 (ko.wikipedia '천정배', party table lists 열린우리당 2003~2007 and 탈당 2007, accessed 2026-09-25T23:09:28-0400) ;; https://ko.wikipedia.org/w/index.php?oldid=41741023 (ko.wikipedia '열린우리당', infobox gives foundation 2003-11-11 and 해산 2007-08-20, accessed 2026-09-25T23:08:16-0400)",법무부,2005-06-29,천정배
R0196,유시민,열린우리당,high,False,ok,"17th district seat 고양시덕양구갑 held to term end. The gazette 제16195호 prints the section date 2006-02-10, the same as dual_office_start. He first entered the Assembly at the 2003-04-24 by-election under 개혁국민정당, but that 16th-term spell is not the one used here.",{},confirmed,"https://n.news.naver.com/mnews/article/008/0000616067 (머니투데이 2006-01-04, ""盧대통령, 보건복지 장관에 유시민의원 내정"", accessed 2026-09-25T23:10:56-0400) ;; https://n.news.naver.com/mnews/article/052/0000104153 (YTN 2006-01-04, ""복지부 장관에 유시민 의원 내정"", accessed 2026-09-25T23:10:45-0400) ;; https://ko.wikipedia.org/w/index.php?oldid=42489143 (ko.wikipedia '유시민', party table lists 열린우리당 2003~2007, accessed 2026-09-25T23:09:34-0400) ;; https://ko.wikipedia.org/w/index.php?oldid=41741023 (ko.wikipedia '열린우리당', infobox gives foundation 2003-11-11 and 해산 2007-08-20, accessed 2026-09-25T23:08:16-0400)",보건복지부,2006-02-10,유시민
R0197,정세균,열린우리당,high,False,ok,"17th district seat 진안군·무주군·장수군·임실군 held to term end. The gazette 제16195호 prints the section date 2006-02-10, the same as dual_office_start.",{},confirmed,"https://n.news.naver.com/mnews/article/052/0000104001 (YTN 2006-01-03, ""정세균 열린우리당 의장 곧 사퇴"", accessed 2026-09-25T13:14:44-0400) ;; https://n.news.naver.com/mnews/article/018/0000343982 (이데일리 2006-01-03, ""정세균, 후임 당의장 결정후 사퇴"", accessed 2026-09-25T23:11:29-0400) ;; https://ko.wikipedia.org/w/index.php?oldid=42400189 (ko.wikipedia '정세균', party table lists 열린우리당 2003~2007, accessed 2026-09-24T22:44:50-0400) ;; https://ko.wikipedia.org/w/index.php?oldid=41741023 (ko.wikipedia '열린우리당', infobox gives foundation 2003-11-11 and 해산 2007-08-20, accessed 2026-09-25T23:08:16-0400)",산업자원부,2006-02-10,정세균
R0206,한명숙,열린우리당,high,False,ok,"17th district seat 고양시일산구갑 held to term end. The gazette 제16241호 prints 국무총리에 임함 with the section date 2006-04-20, the same as dual_office_start. The district name is the 2004 election name. The 일산구 was later split into 일산동구 and 일산서구, but the 2004 name is right for an election-time field.",{},confirmed,"https://n.news.naver.com/mnews/article/001/0001901505 (연합뉴스 2006-03-24, ""새 총리 후보자 한명숙 지명"", accessed 2026-09-25T23:16:53-0400) ;; https://n.news.naver.com/mnews/article/052/0000114864 (YTN 2006-04-19, ""첫 여성 총리 탄생"", accessed 2026-09-25T23:12:39-0400) ;; https://ko.wikipedia.org/w/index.php?oldid=42545590 (ko.wikipedia '한명숙', party table lists 열린우리당 2003~2007, accessed 2026-09-25T13:37:48-0400) ;; https://ko.wikipedia.org/w/index.php?oldid=41741023 (ko.wikipedia '열린우리당', infobox gives foundation 2003-11-11 and 해산 2007-08-20, accessed 2026-09-25T23:08:16-0400)",국무총리,2006-04-20,한명숙
R0260,전재희,한나라당,high,False,ok,"18th district seat 광명시을 held to term end. Seoul Shinmun reports the formal appointment on 2008-08-06, the same as dual_office_start. The gazette search returned no cabinet notices at all for 2008-08-04 to 2008-08-22, so the date rests on news.",{},confirmed,"https://n.news.naver.com/mnews/article/277/0002012561 (아시아경제 2008-08-06, ""전재희 신임 복지부 장관 임명"", accessed 2026-09-25T13:06:07-0400) ;; https://n.news.naver.com/mnews/article/081/0001966172 (서울신문 2008-08-07, ""靑, 교과·농식품·복지장관 임명 강행"", accessed 2026-09-25T23:13:35-0400) ;; https://ko.wikipedia.org/w/index.php?oldid=42458661 (ko.wikipedia '전재희', party table lists 한나라당 1997~2012, accessed 2026-09-25T23:09:31-0400) ;; https://ko.wikipedia.org/w/index.php?oldid=42554252 (ko.wikipedia '자유한국당' reached via '한나라당', 개명전 list gives 한나라당 1997-11-21 to 2012-02-13 and 새누리당 from 2012-02-13, accessed 2026-09-25T23:08:16-0400)",보건복지가족부,2008-08-06,전재희
R0264,최경환,한나라당,high,False,ok,"18th district seat 경산시청도군 held to term end. The gazette 제17096호 prints the section date 2009-09-19 for his appointment, the same as dual_office_start. Financial News on 2009-09-22 still calls the appointment 'de facto', written while the President was abroad. The gazette date is used.",{},confirmed,"https://n.news.naver.com/mnews/article/009/0002157749 (매일경제 2009-09-18, ""[Leaders] 경제살리기 야전사령탑 최경환 지식경제부 장관 후보자"", accessed 2026-09-25T23:14:23-0400) ;; https://n.news.naver.com/mnews/article/014/0002197178 (파이낸셜뉴스 2009-09-22, ""李대통령, ‘최경환-주호영’ 사실상 장관 임명"", accessed 2026-09-25T13:07:54-0400) ;; https://ko.wikipedia.org/w/index.php?oldid=42334005 (ko.wikipedia '최경환 (1955년)', party table lists 한나라당 2002~2012, accessed 2026-09-24T22:43:46-0400) ;; https://ko.wikipedia.org/w/index.php?oldid=42554252 (ko.wikipedia '자유한국당' reached via '한나라당', 개명전 list gives 한나라당 1997-11-21 to 2012-02-13 and 새누리당 from 2012-02-13, accessed 2026-09-25T23:08:16-0400)",지식경제부,2009-09-19,최경환
R0265,주호영,한나라당,high,False,ok,"18th district seat 수성구을 held to term end. The gazette 제17096호 prints the section date 2009-09-21 for 특임장관, the same as dual_office_start.",{},confirmed,"https://n.news.naver.com/mnews/article/014/0002197178 (파이낸셜뉴스 2009-09-22, ""李대통령, ‘최경환-주호영’ 사실상 장관 임명"", accessed 2026-09-25T13:07:54-0400) ;; https://ko.wikipedia.org/w/index.php?oldid=42482109 (ko.wikipedia '주호영', party table lists 한나라당 2004~2012, accessed 2026-09-25T23:09:35-0400) ;; https://ko.wikipedia.org/w/index.php?oldid=42554252 (ko.wikipedia '자유한국당' reached via '한나라당', 개명전 list gives 한나라당 1997-11-21 to 2012-02-13 and 새누리당 from 2012-02-13, accessed 2026-09-25T23:08:16-0400)",특임장관,2009-09-21,주호영
R0263,이달곤,한나라당,high,False,ok,"18th PR seat. Yonhap reports the appointment by the President on 2009-02-20, the same as dual_office_start. The NA spell ends 2009-03-02 (resigned_on_appointment, nabill resignation date 2009-03-02). On 2009-03-04 the NEC named 이두아, list rank 23, as successor because he had resigned on appointment (Yonhap https://n.news.naver.com/mnews/article/001/0002535496). dual_office_end 2009-03-02 matches. The gazette search returned no cabinet notices at all for 2009-02-18 to 2009-03-08, so the date rests on news.",{},confirmed,"https://n.news.naver.com/mnews/article/001/0002535496 (연합뉴스 2009-03-04, ""한나라 이두아, 국회의원직 공식 승계"", accessed 2026-09-25T23:15:49-0400) ;; https://n.news.naver.com/mnews/article/079/0002037775 (노컷뉴스 2009-03-04, ""이두아, 한나라당 비례대표 의원직 승계"", accessed 2026-09-25T23:15:24-0400) ;; https://n.news.naver.com/mnews/article/001/0002514036 (연합뉴스 2009-02-20, ""李대통령, 이달곤 행안장관 임명"", accessed 2026-09-25T13:10:27-0400) ;; https://ko.wikipedia.org/w/index.php?oldid=42096913 (ko.wikipedia '이달곤', party table lists 한나라당 2007~2012, accessed 2026-09-25T13:29:11-0400) ;; https://ko.wikipedia.org/w/index.php?oldid=42554252 (ko.wikipedia '자유한국당' reached via '한나라당', 개명전 list gives 한나라당 1997-11-21 to 2012-02-13 and 새누리당 from 2012-02-13, accessed 2026-09-25T23:08:16-0400)",행정안전부,2009-02-20,이달곤
R0270,임태희,한나라당,high,False,ok,"18th district seat 분당구을. The gazette 제17103호 prints the section date 2009-09-30, the same as dual_office_start. He kept the seat as 노동부 minister. The seat end 2010-10-01 is right. He submitted the resignation on 2010-07-16 when named chief of staff, and the plenary processed it only on 2010-10-01 (Yonhap 2010-09-30 https://n.news.naver.com/mnews/article/001/0004679889, MBC 2010-09-16 https://n.news.naver.com/mnews/article/214/0000153976). The row end 2010-07-04 is before any seat change.",{},confirmed,"https://www.bigkinds.or.kr/api/news/search.do (BigKinds metadata search '임태희 노동부 장관 내정' 2009-09-03..2009-09-04, 동아일보 2009-09-04 '한국노총 “환영” 민주노총 “반대”' news_id 01100401.20090904065104013, text '3일 노동부 장관으로 내정된 임태희 한나라당 정책위의장', accessed 2026-09-25T23:17:16-0400) ;; https://www.bigkinds.or.kr/api/news/search.do (BigKinds metadata search '임태희 탈당계' 2010-07-01..2011-12-31, 경기일보 2010-09-09 '성남 분당을 보선… 16일 최종 판가름' news_id 01200101.20160215235627835, text '임 의원은 지난 7월16일 대통령실장에 임명되면서 탈당계와 함께 의원직 사직서를 제출', accessed 2026-09-25T23:18:09-0400) ;; https://ko.wikipedia.org/w/index.php?oldid=42197144 (ko.wikipedia '임태희', party table lists 한나라당 2000~2010, 무소속 2010~2011, 복당 2011, accessed 2026-09-25T13:55:50-0400) ;; https://ko.wikipedia.org/w/index.php?oldid=42554252 (ko.wikipedia '자유한국당' reached via '한나라당', 개명전 list gives 한나라당 1997-11-21 to 2012-02-13 and 새누리당 from 2012-02-13, accessed 2026-09-25T23:08:16-0400)",노동부,2009-09-30,임태희
R0274,임태희,한나라당,high,False,ok,"The seat interval covers the whole row. He submitted the seat resignation on 2010-07-16 and the Assembly processed it on 2010-10-01 (Yonhap 2010-09-30 https://n.news.naver.com/mnews/article/001/0004679889, and Hankook Ilbo 2010-10-11 in BigKinds, which says the resignation was processed on the 1st). dual_office_end 2010-07-16 equals the row end. Note that his party exit and the resignation filing fell on that same last day. The gazette search returned no cabinet notices for 2010-07-03 to 2010-07-21, and 2010-07-05 is the ministry rename date rather than a new appointment. The wiki infobox ends his 고용노동부 tenure on 2010-07-15, one day before the row end, which the roster checker may want to confirm.",{},confirmed,"https://www.bigkinds.or.kr/api/news/search.do (BigKinds metadata search '임태희 탈당계' 2010-07-01..2011-12-31, 경기일보 2010-09-09 '성남 분당을 보선… 16일 최종 판가름' news_id 01200101.20160215235627835, text '임 의원은 지난 7월16일 대통령실장에 임명되면서 탈당계와 함께 의원직 사직서를 제출', accessed 2026-09-25T23:18:09-0400) ;; https://ko.wikipedia.org/w/index.php?oldid=42197144 (ko.wikipedia '임태희', party table lists 한나라당 2000~2010 then 무소속 2010~2011, infobox gives 고용노동부 장관 2010-07-05 to 2010-07-15 and 대통령실장 from 2010-07-16, accessed 2026-09-25T13:55:50-0400) ;; https://ko.wikipedia.org/w/index.php?oldid=42554252 (ko.wikipedia '자유한국당' reached via '한나라당', 개명전 list gives 한나라당 1997-11-21 to 2012-02-13 and 새누리당 from 2012-02-13, accessed 2026-09-25T23:08:16-0400)",고용노동부,2010-07-05,임태희
R0272,전재희,한나라당,high,False,ok,"Same 18th district seat 광명시을 as R0260, held to term end 2012-05-29. dual_office_start 2010-03-19 is the ministry rename date, not a new appointment. No news on 2010-03-19 names her party, so the party rests on continuity between dated sources.",{},confirmed,"https://n.news.naver.com/mnews/article/277/0002012561 (아시아경제 2008-08-06, ""전재희 신임 복지부 장관 임명"", accessed 2026-09-25T13:06:07-0400) ;; https://www.bigkinds.or.kr/api/news/search.do (BigKinds metadata search '새누리당 고흥길' 2012-02-20..2012-02-28, 중앙일보 2012-02-25 '이재오 공천 받을 듯' news_id 01100901.20120225084603001, text names 전재희 as the incumbent for 경기 광명을, accessed 2026-09-25T23:15:51-0400) ;; https://ko.wikipedia.org/w/index.php?oldid=42458661 (ko.wikipedia '전재희', party table lists 한나라당 1997~2012 and 새누리당 2012~2017, accessed 2026-09-25T23:09:31-0400) ;; https://ko.wikipedia.org/w/index.php?oldid=42554252 (ko.wikipedia '자유한국당' reached via '한나라당', 개명전 list gives 한나라당 1997-11-21 to 2012-02-13 and 새누리당 from 2012-02-13, accessed 2026-09-25T23:08:16-0400)",보건복지부,2010-03-19,전재희
R0275,유정복,한나라당,high,False,ok,"18th district seat 김포시 held to term end. The gazette 제17335호 prints 2010.8.30 for his appointment, the same as dual_office_start.",{},confirmed,"https://www.bigkinds.or.kr/api/news/search.do (BigKinds metadata search '유정복 농림수산식품부 장관' 2010-08-08..2010-08-09, 동아일보 2010-08-09 '[8·8개각]‘박근혜 복심’ 입각… 배려냐 견제냐' news_id 01100401.20100809033112059, text '박근혜 전 대표의 비서실장을 지낸 한나라당 유정복 의원이 농림수산식품부 장관에', accessed 2026-09-25T23:17:22-0400) ;; https://n.news.naver.com/mnews/article/003/0003410420 (뉴시스 2010-08-30, ""이명박 대통령, 유정복 농림수산식품부 장관 임명장 수여"", accessed 2026-09-25T23:17:53-0400) ;; https://ko.wikipedia.org/w/index.php?oldid=42424479 (ko.wikipedia '유정복', party table lists 한나라당 2002~2012, accessed 2026-09-25T13:27:39-0400) ;; https://ko.wikipedia.org/w/index.php?oldid=42554252 (ko.wikipedia '자유한국당' reached via '한나라당', 개명전 list gives 한나라당 1997-11-21 to 2012-02-13 and 새누리당 from 2012-02-13, accessed 2026-09-25T23:08:16-0400)",농림수산식품부,2010-08-30,유정복
R0277,진수희,한나라당,high,False,ok,"18th district seat 성동구갑 held to term end. The gazette 제17335호 prints 2010.8.30 for her appointment, the same as dual_office_start. The spells file shows she was a 17th Assembly PR member before, but the 18th spell is the district one.",{},confirmed,"https://n.news.naver.com/mnews/article/008/0002387798 (머니투데이 2010-08-30, ""임명장 받은 진수희, '친서민 장관' 다짐"", accessed 2026-09-24T22:56:57-0400) ;; https://www.bigkinds.or.kr/api/news/search.do (BigKinds metadata search '진수희 보건복지부 장관' 2010-08-08..2010-08-09, 프레시안 2010-08-09 news_id 04104008.20100809010119001, text '보건복지부 장관에 내정된 진수희 한나라당 의원', accessed 2026-09-25T23:17:24-0400) ;; https://ko.wikipedia.org/w/index.php?oldid=41883424 (ko.wikipedia '진수희', party table lists 한나라당 1997~2012, accessed 2026-09-25T23:09:36-0400) ;; https://ko.wikipedia.org/w/index.php?oldid=42554252 (ko.wikipedia '자유한국당' reached via '한나라당', 개명전 list gives 한나라당 1997-11-21 to 2012-02-13 and 새누리당 from 2012-02-13, accessed 2026-09-25T23:08:16-0400)",보건복지부,2010-08-30,진수희
R0279,이재오,한나라당,high,False,ok,"The seat was won at the 2010-07-28 by-election (entered_via by_election, seat_start 2010-07-28), not at the 2008 general election. The spells file has no 18th-term spell for him before 2010-07-28. mp_election_type 지역구 is right but the row does not flag the by-election. The mp_party_at_election 한나라당 is his party in that by-election. The gazette 제17335호 prints 2010.8.30 for 특임장관, the same as dual_office_start.",{},confirmed,"https://n.news.naver.com/mnews/article/018/0002287012 (이데일리 2010-07-28, ""7.28재보선 은평을 이재오, 충주 윤진식 당선 확정"", accessed 2026-09-25T23:17:28-0400) ;; https://www.bigkinds.or.kr/api/news/search.do (BigKinds metadata search '이재오 특임장관' 2010-08-08..2010-08-09, 동아일보 2010-08-09 '[8·8개각]이재오 ‘스페셜 미션’은 개헌-선거구개편?' news_id 01100401.20100809033112058, text '한나라당 이재오 의원의 특임장관 발탁', accessed 2026-09-25T23:19:23-0400) ;; https://ko.wikipedia.org/w/index.php?oldid=42545862 (ko.wikipedia '이재오', party table lists 한나라당 1997~2012, accessed 2026-09-25T23:09:29-0400) ;; https://ko.wikipedia.org/w/index.php?oldid=42554252 (ko.wikipedia '자유한국당' reached via '한나라당', 개명전 list gives 한나라당 1997-11-21 to 2012-02-13 and 새누리당 from 2012-02-13, accessed 2026-09-25T23:08:16-0400)",특임장관,2010-08-30,이재오
R0283,정병국,한나라당,high,False,ok,"18th district seat 양평군가평군 held to term end. The gazette 제17439호 prints 2011. 1. 27. for his appointment, the same as dual_office_start.",{},confirmed,"https://n.news.naver.com/mnews/article/310/0000008653 (여성신문 2011-01-28, ""정병국 의원, 문화체육관광부장관 취임"", accessed 2026-09-25T23:19:25-0400) ;; https://www.bigkinds.or.kr/api/news/search.do (BigKinds metadata search '정병국 문화체육관광부 장관' 2010-12-31..2011-01-01, 국제신문 2011-01-01 news_id 01500401.20110101120330009, text '문화체육관광부 장관 후보자로 정병국 의원(한나라당·3선)', accessed 2026-09-25T23:19:21-0400) ;; https://ko.wikipedia.org/w/index.php?oldid=42443477 (ko.wikipedia '정병국', party table lists 한나라당 1997~2012, accessed 2026-09-25T13:02:24-0400) ;; https://ko.wikipedia.org/w/index.php?oldid=42554252 (ko.wikipedia '자유한국당' reached via '한나라당', 개명전 list gives 한나라당 1997-11-21 to 2012-02-13 and 새누리당 from 2012-02-13, accessed 2026-09-25T23:08:16-0400)",문화체육관광부,2011-01-27,정병국
R0292,김금래,한나라당,high,False,issue,"The gazette 제17596호 prints 2011. 9. 17. for her appointment, the same as dual_office_start. The seat end 2011-09-29 is right, but it did not come from resignation. Her 사직의 건 (의안번호 1813254), filed 2011-09-21, was never approved and the NA bill system records it as 폐기 on 2011-10-05. Asia Economy (2011-09-29) says 이영애 took the seat because of her 탈당, and Newsis (2011-09-29, the checker's source, re-read) quotes the successor's press release saying she left the party that day (오늘자로 탈당). The seat therefore ended through the party exit, which costs a PR member the seat. The spells file codes it resigned_on_appointment and should code disqualified with exit_detail pr_seat_lost_on_leaving_party, the code the file already uses for 34 other spells. Reports of the NEC succession decision (Seoul Shinmun and Hankook Ilbo 2011-10-05, MBC 2011-10-04) still describe the vacancy as 의원직 사퇴. She was 무소속 from 2011-09-29 to the row end 2013-02-24. The party on dual_office_start (한나라당) is not affected.","{""na_member_spells_15_22.exit_reason (J1G1329F, term 18)"": ""disqualified"", ""na_member_spells_15_22.exit_detail (J1G1329F, term 18)"": ""pr_seat_lost_on_leaving_party""}",corrected,"https://n.news.naver.com/mnews/article/214/0000189548 (MBC 2011-09-13, ""김금래 장관 후보자, 분당 아파트 '투기의혹'"", accessed 2026-09-25T23:17:48-0400) ;; https://n.news.naver.com/mnews/article/057/0000175439 (MBN 2011-09-14, ""통일·여성 장관 인사 청문회…도덕성 도마에"", accessed 2026-09-25T23:19:43-0400) ;; https://n.news.naver.com/mnews/article/305/0000007332 (더불어민주당 2011-09-13, ""여성가족위-통외통위 인사청문 관련 기자간담회 모두발언"", accessed 2026-09-25T23:17:59-0400) ;; https://n.news.naver.com/mnews/article/003/0004107008 (뉴시스 2011-09-29, ""한나라당 이영애 의원, 비례대표 승계"", accessed 2026-09-25T23:19:49-0400) ;; https://ko.wikipedia.org/w/index.php?oldid=42554252 (ko.wikipedia '자유한국당' reached via '한나라당', 개명전 list gives 한나라당 1997-11-21 to 2012-02-13 and 새누리당 from 2012-02-13, accessed 2026-09-25T23:08:16-0400)",여성가족부,2011-09-17,김금래
R0296,고흥길,새누리당,high,True,ok,"18th district seat 분당구갑 held to term end 2012-05-29. The gazette 제17710호 prints 2012. 2. 24 for 특임장관, and Yonhap photo captions show the President handing him the letter of appointment on 2012-02-24. dual_office_end 2012-05-29 is the term end. Money Today on 2012-02-24 reports his 분당갑 seat as open for the April 2012 election because of the appointment, so there was no re-election spell.","{""party_on_dual_office_start"": ""새누리당""}",confirmed,"https://www.bigkinds.or.kr/api/news/search.do (BigKinds metadata search '새누리당 고흥길' 2012-02-20..2012-02-28, 경향신문 2012-02-24 '‘불법사찰 피해자 명예훼손’ 새누리당 의원들 무혐의' news_id 01100101.2012022410007738308, text '새누리당 조전혁, 김무성, 고흥길, 조해진 의원', accessed 2026-09-25T23:15:51-0400) ;; https://n.news.naver.com/mnews/article/008/0002766491 (머니투데이 2012-02-24, ""새누리, 지역구 공천 면접 완료…이르면 주말 '단수지역' 발표"", accessed 2026-09-25T23:20:02-0400) ;; https://n.news.naver.com/mnews/article/001/0005510203 (연합뉴스 2012-02-13, ""새누리, 당명ㆍ정강정책 확정..`박근혜당' 완성"", reports that the 전국위원회 adopted the new name 새누리당 (formerly 한나라당) on 2012-02-13, accessed 2026-09-25T23:20:58-0400) ;; https://ko.wikipedia.org/w/index.php?oldid=41769981 (ko.wikipedia '고흥길', party table lists 한나라당 1997~2012 and 새누리당 2012~2017 as 당명 변경, accessed 2026-09-25T23:09:33-0400) ;; https://ko.wikipedia.org/w/index.php?oldid=42554252 (ko.wikipedia '자유한국당' reached via '한나라당', 개명전 list gives 한나라당 1997-11-21 to 2012-02-13 and 새누리당 from 2012-02-13, accessed 2026-09-25T23:08:16-0400)",특임장관,2012-02-24,고흥길
R0321,진영,새누리당,high,False,ok,"19th Assembly, 서울 용산구, 지역구, seat 2012-05-30 to 2016-05-29 (term end) per NA open API seat record in na_members/na_member_spells_15_22.csv. Row interval lies inside the seat. No seat resignation on appointment.",{},confirmed,"https://www.bigkinds.or.kr/news/detailView.do?docId=01601101.20130221210932002&returnCnt=1&sectionDiv=1000 (BigKinds, 전북일보 2013-02-21, ""부동산 취득세 감면 연장,국회 행안위 통과"", text: ""대통령직인수위원회 부위원장인 새누리당 진영 의원이 발의한"") (accessed 2026-09-25T23:22:46-0400) ;; https://ko.wikipedia.org/w/index.php?oldid=42273249 (ko.wikipedia ""진영 (정치인)"" revid 42273249, 소속 정당 table: 한나라당 1998~2012, 새누리당 2012~2016, 무소속 2016 탈당, 더불어민주당 2016~ 입당) (accessed 2026-09-25T13:29:15-0400)",보건복지부,2013-03-11,진영
R0323,유정복,새누리당,high,False,ok,"19th Assembly, 경기 김포시, 지역구, seat 2012-05-30 to 2014-05-15 per NA open API seat record in na_members/na_member_spells_15_22.csv. The seat ended when he registered as 인천시장 candidate (exit_reason_text 인천시장 후보자로 등록에 따른 퇴직), after both of his minister rows ended, so the dual interval is not affected.",{},confirmed,"https://n.news.naver.com/mnews/article/003/0004978599 (뉴시스 2013-02-14, ""의원들과 인사나누는 유정복 행정안전부 장관 후보자"", text: ""새누리당 유정복 (행정안전부장관 후보자)의원"") (accessed 2026-09-25T23:02:39-0400) ;; https://www.bigkinds.or.kr/news/detailView.do?docId=02100311.20160317120457905&returnCnt=1&sectionDiv=1000 (BigKinds, 서울경제 2013-02-13, ""새정부 안전행정부장관 유정복"", text: ""안전행정부 장관 후보자에 유정복 새누리당 의원을 지명했다"", original http://www.sednews.com/NewsView/1HQ9F4XIHB) (accessed 2026-09-25T23:23:01-0400) ;; https://ko.wikipedia.org/w/index.php?oldid=42424479 (ko.wikipedia ""유정복"" revid 42424479, 소속 정당 table: 한나라당 2002~2012 복당, 새누리당 2012~2017 당명 변경) (accessed 2026-09-25T13:27:39-0400)",행정안전부,2013-03-11,유정복
R0334,유정복,새누리당,high,False,ok,"Same seat as R0323 (19th, 경기 김포시, 지역구, 2012-05-30 to 2014-05-15 per NA open API seat record in na_members/na_member_spells_15_22.csv). Row end 2014-03-05 is before seat end, so dual_office_end equals the row end.",{},confirmed,"https://n.news.naver.com/mnews/article/028/0002179579 (한겨레 2013-03-14, ""박근혜 대통령, 국회의원 시절 후원금 ‘억’ 소리 나네"", text: ""박근혜 정부 안전행정부 장관에 임명된 유정복 새누리당 의원은"") (accessed 2026-09-25T23:04:27-0400) ;; https://ko.wikipedia.org/w/index.php?oldid=42424479 (ko.wikipedia ""유정복"" revid 42424479, 소속 정당 table: 새누리당 2012~2017 당명 변경) (accessed 2026-09-25T13:27:39-0400)",안전행정부,2013-03-23,유정복
R0339,이주영,새누리당,high,False,ok,"19th Assembly, 경남 창원시마산합포구, 지역구, seat 2012-05-30 to 2016-05-29 (term end) per NA open API seat record in na_members/na_member_spells_15_22.csv. No resignation on appointment.",{},confirmed,"https://www.bigkinds.or.kr/news/detailView.do?docId=01600501.20160217071904335&returnCnt=1&sectionDiv=1000 (BigKinds, 무등일보 2014-02-13, ""신임 해양수산부장관에 이주영 새누리 의원"", text: ""해양수산부 장관에 새누리당 이주영 의원(4선·마산)을 내정했다"", original http://www.honam.co.kr/news_view.php?n=434575&tmp=20140213&s=21) (accessed 2026-09-25T23:20:15-0400) ;; https://www.bigkinds.or.kr/news/detailView.do?docId=01500801.2014021310013460494&returnCnt=1&sectionDiv=1000 (BigKinds, 영남일보 2014-02-13, ""해수부 장관에 이주영 의원 내정"", text: ""4선의 새누리당 이주영 의원(경남 창원-마산합포)을 내정했다"") (accessed 2026-09-25T23:23:03-0400) ;; https://ko.wikipedia.org/w/index.php?oldid=42541583 (ko.wikipedia ""이주영 (1951년)"" revid 42541583, 소속 정당 table: 한나라당 2006~2012 복당, 새누리당 2012~2017 당명 변경) (accessed 2026-09-25T13:43:34-0400)",해양수산부,2014-03-05,이주영
R0342,최경환,새누리당,high,False,ok,"19th Assembly, 경북 경산시청도군, 지역구, seat 2012-05-30 to 2016-05-29 per NA open API seat record in na_members/na_member_spells_15_22.csv. His later 20th-term seat (경북 경산시, lost 2019-07-11 by court ruling) is outside this row.",{},confirmed,"https://www.bigkinds.or.kr/news/detailView.do?docId=04100958.20140617070525001&returnCnt=1&sectionDiv=1000 (BigKinds, EBN 2014-06-17, ""서민·中企 규제 완화…정부 경제정책 틀 바꾼다"", text: ""최경환 새누리당 의원이 경제부총리 겸 기획재정부 장관으로 내정되면서"") (accessed 2026-09-25T23:23:05-0400) ;; https://ko.wikipedia.org/w/index.php?oldid=42334005 (ko.wikipedia ""최경환 (1955년)"" revid 42334005, 소속 정당 table: 한나라당 2002~2012, 새누리당 2012~2017 당명 변경) (accessed 2026-09-24T22:43:46-0400)",기획재정부,2014-07-16,최경환
R0343,김희정,새누리당,high,False,ok,"19th Assembly, 부산 연제구, 지역구, seat 2012-05-30 to 2016-05-29 per NA open API seat record in na_members/na_member_spells_15_22.csv. No resignation on appointment.",{},confirmed,"https://www.bigkinds.or.kr/news/detailView.do?docId=01100701.2014062210014584548&returnCnt=1&sectionDiv=1000 (BigKinds, 세계일보 2014-06-22, ""김희정 여성부장관 후보 핵심측근 '책임당원명부' 불법 유출의혹"", text: ""여성가족부장관으로 지명된 김희정(새누리당·부산 연제) 의원"", original http://www.segye.com/content/html/2014/06/22/20140622001918.html) (accessed 2026-09-25T23:23:07-0400) ;; https://n.news.naver.com/mnews/article/001/0007000624 (연합뉴스 2014-07-07, ""'김희정 의원 법안 철회하라'"", text: ""새누리당 김희정 의원의 법안 입법 철회를 촉구"") (accessed 2026-09-25T23:06:26-0400) ;; https://ko.wikipedia.org/w/index.php?oldid=42158826 (ko.wikipedia ""김희정 (1971년)"" revid 42158826, 소속 정당 table: 한나라당 2011~2012 복당, 새누리당 2012~2017 당명 변경) (accessed 2026-09-25T23:02:30-0400)",여성가족부,2014-07-16,김희정
R0347,황우여,새누리당,high,False,ok,"19th Assembly, 인천 연수구, 지역구, seat 2012-05-30 to 2016-05-29 per NA open API seat record in na_members/na_member_spells_15_22.csv. No resignation on appointment.",{},confirmed,"https://n.news.naver.com/mnews/article/001/0007055483 (연합뉴스 2014-08-07, ""교문위, 황우여 사회부총리 후보자 청문회"", text: ""사회부총리 겸 교육부 장관 후보자에 내정된 새누리당 황우여 의원"") (accessed 2026-09-25T23:06:48-0400) ;; https://ko.wikipedia.org/w/index.php?oldid=42420733 (ko.wikipedia ""황우여"" revid 42420733, 소속 정당 table: 한나라당 1997~2012, 새누리당 2012~2017 당명 변경) (accessed 2026-09-25T13:33:27-0400)",교육부,2014-08-08,황우여
R0349,황우여,새누리당,high,False,ok,"Same seat as R0347 (19th, 인천 연수구, 지역구, to 2016-05-29 per NA open API seat record in na_members/na_member_spells_15_22.csv).",{},confirmed,"https://n.news.naver.com/mnews/article/001/0007055483 (연합뉴스 2014-08-07, ""교문위, 황우여 사회부총리 후보자 청문회"", text: ""사회부총리 겸 교육부 장관 후보자에 내정된 새누리당 황우여 의원"") (accessed 2026-09-25T23:06:48-0400) ;; https://ko.wikipedia.org/w/index.php?oldid=42420733 (ko.wikipedia ""황우여"" revid 42420733, 소속 정당 table: 새누리당 2012~2017 당명 변경, no 탈당 entry) (accessed 2026-09-25T13:33:27-0400)",교육부,2014-11-19,황우여
R0352,이완구,새누리당,high,False,ok,"19th Assembly, 충남 부여군청양군, 지역구. He entered through the 2013-04-24 재선거, not the 2012 general election (entered_via by_election, seat 2013-04-25 to 2016-05-29 per NA open API seat record in na_members/na_member_spells_15_22.csv). mp_election_type 지역구 is correct in the two-value schema. Seat kept while PM.",{},confirmed,"https://www.bigkinds.or.kr/news/detailView.do?docId=01400351.20150217175309002&returnCnt=1&sectionDiv=1000 (BigKinds, 중도일보 2015-02-17, ""이총리는 누구"", text: ""국무총리에 인준된 새누리당 이완구 의원(부여·청양)"") (accessed 2026-09-25T23:23:09-0400) ;; https://n.news.naver.com/mnews/article/008/0003422776 (머니투데이 2015-02-19, ""이완구·이한구, 여야 권은희…이름 비슷 울고웃는 정치인"", text: ""이완구 새누리당 원내대표(현 국무총리"") (accessed 2026-09-25T23:07:45-0400) ;; https://n.news.naver.com/mnews/article/015/0002870305 (한국경제 2013-04-25, ""안철수 김무성 이완구 국회의원 당선"", text: ""충남 부여·청양 재선거에서 새누리당 이완구 후보가 당선됐다"") (accessed 2026-09-25T23:06:18-0400) ;; https://ko.wikipedia.org/w/index.php?oldid=42334004 (ko.wikipedia ""이완구"" revid 42334004, 소속 정당 table: 한나라당 2002~2012 복당, 새누리당 2012~2017 당명 변경) (accessed 2026-09-25T23:02:31-0400)",국무총리,2015-02-16,이완구
R0353,유일호,새누리당,high,False,ok,"19th Assembly, 서울 송파구을, 지역구, seat 2012-05-30 to 2016-05-29 per NA open API seat record in na_members/na_member_spells_15_22.csv.",{},confirmed,"https://www.bigkinds.or.kr/news/detailView.do?docId=01500301.20150217140258001&returnCnt=1&sectionDiv=1000 (BigKinds, 경상일보 2015-02-17, ""통일부 홍용표-국토부 유일호-해수부 유기준"", text: ""국토교통부장관에 유일호 새누리당 의원, 공석인 해양수산부장관에 유기준 새누리당 의원을 각각 내정했다"", original www.ksilbo.co.kr/news/articleView.html?idxno=490105) (accessed 2026-09-25T23:23:11-0400) ;; https://ko.wikipedia.org/w/index.php?oldid=42476136 (ko.wikipedia ""유일호"" revid 42476136, 소속 정당 table: 한나라당 2008~2012, 새누리당 2012~2017 당명 변경) (accessed 2026-09-24T22:43:47-0400)",국토교통부,2015-03-13,유일호
R0354,유기준,새누리당,high,False,ok,"19th Assembly, 부산 서구, 지역구, seat 2012-05-30 to 2016-05-29 per NA open API seat record in na_members/na_member_spells_15_22.csv.",{},confirmed,"https://www.bigkinds.or.kr/news/detailView.do?docId=01500301.20150217140258001&returnCnt=1&sectionDiv=1000 (BigKinds, 경상일보 2015-02-17, ""통일부 홍용표-국토부 유일호-해수부 유기준"", text: ""공석인 해양수산부장관에 유기준 새누리당 의원을 각각 내정했다"", original www.ksilbo.co.kr/news/articleView.html?idxno=490105) (accessed 2026-09-25T23:23:11-0400) ;; https://www.bigkinds.or.kr/news/detailView.do?docId=01500401.2015022710016400903&returnCnt=1&sectionDiv=1000 (BigKinds, 국제신문 2015-02-27, ""새누리당 나경원 의원, 사상 첫 여성 외통위원장 선임"", text: ""새누리당 유기준 의원의 해양수산부장관 후보자 지명으로"", original http://www.kookje.co.kr/news2011/asp/newsbody.asp?code=0100&key=20150227.22005195002) (accessed 2026-09-25T23:23:13-0400) ;; https://ko.wikipedia.org/w/index.php?oldid=42273262 (ko.wikipedia ""유기준 (1959년)"" revid 42273262, 소속 정당 table: 한나라당 2008~2012 복당, 새누리당 2012~2017 당명 변경) (accessed 2026-09-25T13:43:34-0400)",해양수산부,2015-03-13,유기준
R0362,유일호,새누리당,high,False,ok,"19th Assembly, 서울 송파구을, 지역구, seat to 2016-05-29 (term end) per NA open API seat record in na_members/na_member_spells_15_22.csv. He holds no 20th-term seat, so dual_office_end 2016-05-29 is correct.",{},confirmed,"https://n.news.naver.com/mnews/article/005/0000860496 (국민일보 2016-01-13, ""새누리당 영입 1호 인사 대부분, 수도권 험지 출마키로"", text: ""경제부총리 겸 기획재정부 장관으로 내정된 새누리당 유일호 의원"") (accessed 2026-09-25T23:08:46-0400) ;; https://www.bigkinds.or.kr/news/detailView.do?docId=01100701.20151221151506848&returnCnt=1&sectionDiv=1000 (BigKinds, 세계일보 2015-12-21, ""기재부 유일호, 교육부 이준식, 행자부 홍윤식 내정"", text: ""신임 부총리 겸 기획재정부장관 후보에 유일호 새누리당 의원"", original http://www.segye.com/content/html/2015/12/21/20151221002556.html) (accessed 2026-09-25T23:23:15-0400) ;; https://ko.wikipedia.org/w/index.php?oldid=42476136 (ko.wikipedia ""유일호"" revid 42476136, 소속 정당 table: 새누리당 2012~2017 당명 변경) (accessed 2026-09-24T22:43:47-0400)",기획재정부,2016-01-13,유일호
R0363,강은희,새누리당,high,False,ok,"19th Assembly, 비례대표 (새누리당 list rank 5), seat 2012-05-30 to 2016-01-18 per the NA API (exit 여성가족부 장관 임명후 의원직 사퇴). The spells file flags end_status conflict (wikilist 2015-12-21, which is the nomination date, and wikiseat 2016-01-19). News supports 2016-01-18. 채널A on 2016-01-16/17 reported she still held the seat after taking office on 01-13, and 충북일보 on 2016-01-19 reported 강은희 여가부장관 사퇴, 18일 의원직 승계. The NEC formally named PR successor 정윤숙 (list rank 31) on 2016-01-22, the successor's seat_start in the NA API. One 뉴시스 item (2016-01-22) says she gave up the seat on the 13th and another (2016-01-18) mentions 탈당과 의원직 사퇴, but both conflict with the reports above. Dual interval 2016-01-13 to 2016-01-18 stands. Seat sources are https://n.news.naver.com/mnews/article/449/0000084465 (채널A 2016-01-17, ""[단독]비례대표 장관, 의원직 포기 ‘미적’"", text: ""강은희 여성가족부 장관이 장관 취임을 했는데도 비례대표 국회의원직을 유지하고 있는 것으로"") (accessed 2026-09-25T23:05:25-0400) | https://www.bigkinds.or.kr/news/detailView.do?docId=01400551.20160119182741001&returnCnt=1&sectionDiv=1000 (BigKinds, 충북일보 2016-01-19, ""새누리 정윤숙 의원 19일 청주 흥덕구 출마 선언<인물 자료사진"", text: ""강은희 여가부장관 사퇴, 18일 의원직 승계"") (accessed 2026-09-25T23:23:19-0400) | https://n.news.naver.com/mnews/article/003/0006990818 (뉴시스 2016-01-18, ""정윤숙 등판…청주 총선 '현역 대 현역' 현실화"", text: ""강 의원의 탈당과 의원직 사퇴 등 승계 절차가 지연되면서"") (accessed 2026-09-25T23:05:35-0400) | https://n.news.naver.com/mnews/article/003/0007001062 (뉴시스 2016-01-22, ""與정윤숙, 비례대표 승계…강은희 장관 후임"", text: ""강 장관이 지난 13일 장관에 취임하며 의원직을 내려놓았기 때문에"") (accessed 2026-09-25T23:05:54-0400)",{},confirmed,"https://www.bigkinds.or.kr/news/detailView.do?docId=01100611.20160420182411488&returnCnt=1&sectionDiv=1000 (BigKinds, 서울신문 2015-12-21, ""박 대통령 개각 단행, 신임 경제부총리에 유일호 새누리당 의원"", text: ""여성가족부장관에 강은희 새누리당 의원"", original http://www.seoul.co.kr/news/newsView.php?id=20151221500264) (accessed 2026-09-25T23:23:17-0400) ;; https://n.news.naver.com/mnews/article/005/0000863694 (국민일보 2016-01-22, ""“정윤숙, 19대 국회 마지막 국회의원 입성” 강은희 여가부 장관 후임 승계"", text: ""비례대표 의원인 강은희 새누리당 국회의원이 퇴직함에 따라"") (accessed 2026-09-25T23:06:03-0400) ;; https://ko.wikipedia.org/w/index.php?oldid=42179992 (ko.wikipedia ""강은희"" revid 42179992, 소속 정당 table: 새누리당 2012~2017 정계 입문, 자유한국당 2017~2018, 무소속 2018~ 탈당) (accessed 2026-09-25T23:02:32-0400)",여성가족부,2016-01-13,강은희
R0388,도종환,더불어민주당,high,False,ok,"20th Assembly, 충북 청주시흥덕구, 지역구, seat 2016-05-30 to 2020-05-29 per NA open API seat record in na_members/na_member_spells_15_22.csv. His 19th seat was 비례대표, which is outside this row.",{},confirmed,"https://n.news.naver.com/mnews/article/001/0009334623 (연합뉴스 2017-06-14, ""검증대 오르는 김부겸·김영춘·도종환…두번째 '슈퍼 수요일'"", text: ""문화체육관광부장관에 지명된 더불어민주당 도종환 의원"") (accessed 2026-09-25T23:09:01-0400) ;; https://ko.wikipedia.org/w/index.php?oldid=42333661 (ko.wikipedia ""도종환"" revid 42333661, 소속 정당 table: 새정치민주연합 2014~2015, 더불어민주당 2015~현재 당명 변경) (accessed 2026-09-25T13:02:27-0400)",문화체육관광부,2017-06-16,도종환
R0389,김부겸,더불어민주당,high,False,ok,"20th Assembly, 대구 수성구갑, 지역구, seat 2016-05-30 to 2020-05-29 per NA open API seat record in na_members/na_member_spells_15_22.csv.",{},confirmed,"https://www.bigkinds.or.kr/news/detailView.do?docId=01501201.20170531020304002&returnCnt=1&sectionDiv=1000 (BigKinds, 경북매일신문 2017-05-31, ""김부겸 장관, 지방분권 정착시킬 소임 부여받았다"", text: ""행정자치부장관 후보자로 더불어민주당 김부겸 (대구 수성 갑)의원을 지명했다"") (accessed 2026-09-25T23:23:21-0400) ;; https://www.bigkinds.or.kr/news/detailView.do?docId=01100201.20170530110344002&returnCnt=1&sectionDiv=1000 (BigKinds, 국민일보 2017-05-30, ""김부겸 장관 후보자 대선 당시 '대구 격정 연설' 재조명 (영상)"", text: ""행정자치부장관 후보자에 지명된 김부겸 더불어민주당 의원"", original http://news.kmib.co.kr/article/view.asp?arcid=0011503730&code=61111111&cp=kd) (accessed 2026-09-25T23:23:23-0400) ;; https://ko.wikipedia.org/w/index.php?oldid=42432610 (ko.wikipedia ""김부겸"" revid 42432610, 소속 정당 table: 새정치민주연합 2014~2015, 더불어민주당 2015~현재 당명 변경) (accessed 2026-09-25T13:29:14-0400)",행정자치부,2017-06-16,김부겸
R0403,김부겸,더불어민주당,high,False,ok,"Same seat as R0389 (20th, 대구 수성구갑, 지역구, to 2020-05-29 per NA open API seat record in na_members/na_member_spells_15_22.csv).",{},confirmed,"https://www.bigkinds.or.kr/news/detailView.do?docId=01501201.20170531020304002&returnCnt=1&sectionDiv=1000 (BigKinds, 경북매일신문 2017-05-31, ""김부겸 장관, 지방분권 정착시킬 소임 부여받았다"", text: ""행정자치부장관 후보자로 더불어민주당 김부겸 (대구 수성 갑)의원을 지명했다"") (accessed 2026-09-25T23:23:21-0400) ;; https://ko.wikipedia.org/w/index.php?oldid=42432610 (ko.wikipedia ""김부겸"" revid 42432610, 소속 정당 table: 더불어민주당 2015~현재, no 탈당 entry) (accessed 2026-09-25T13:29:14-0400)",행정안전부,2017-07-26,김부겸
R0390,김영춘,더불어민주당,high,False,ok,"20th Assembly, 부산 부산진구갑, 지역구, seat 2016-05-30 to 2020-05-29 per NA open API seat record in na_members/na_member_spells_15_22.csv.",{},confirmed,"https://n.news.naver.com/mnews/article/081/0002829418 (서울신문 2017-06-15, ""김영춘 해양수산부 장관 후보 청문보고서 ‘무난히’ 채택"", text: ""해양수산부 장관 후보자로 지명된 김영춘 더불어민주당 의원"") (accessed 2026-09-25T23:09:31-0400) ;; https://ko.wikipedia.org/w/index.php?oldid=42481008 (ko.wikipedia ""김영춘 (1962년)"" revid 42481008, 소속 정당 table: 새정치민주연합 2014~2015, 더불어민주당 2015~2020 당명 변경, a 2020 탈당 and 복당 fall outside this row) (accessed 2026-09-25T13:43:36-0400)",해양수산부,2017-06-16,김영춘
R0392,김현미,더불어민주당,high,False,ok,"20th Assembly, 경기 고양시정, 지역구, seat 2016-05-30 to 2020-05-29 per NA open API seat record in na_members/na_member_spells_15_22.csv. She has no 21st-term spell, so dual_office_end 2020-05-29 is correct.",{},confirmed,"https://www.bigkinds.or.kr/news/detailView.do?docId=01100901.20170531230009001&returnCnt=1&sectionDiv=1000 (BigKinds, 중앙일보 2017-05-31, ""LTV·DTI 규제 완화부터 비판한 김현미"", text: ""국토교통부장관 후보자로 김현미 더불어민주당 의원을 포함한"", original https://www.joongang.co.kr/article/21623424) (accessed 2026-09-25T23:23:25-0400) ;; https://ko.wikipedia.org/w/index.php?oldid=42008958 (ko.wikipedia ""김현미 (정치인)"" revid 42008958, 소속 정당 table: 새정치민주연합 2014~2015, 더불어민주당 2015~현재 당명 변경) (accessed 2026-09-25T13:36:46-0400)",국토교통부,2017-06-21,김현미
R0405,김영주,더불어민주당,high,False,ok,"20th Assembly, 서울 영등포구갑, 지역구, seat 2016-05-30 to 2020-05-29 per NA open API seat record in na_members/na_member_spells_15_22.csv. Her 2024 move to 국민의힘 is outside this row.",{},confirmed,"https://www.bigkinds.or.kr/news/detailView.do?docId=04100058.20170815060101003&returnCnt=1&sectionDiv=1000 (BigKinds, 노컷뉴스 2017-08-15, ""선명성 강해진 노동부… '김영주표' 노동 개혁 드라이브"", text: ""노조 출신인 더불어민주당 김영주 의원이 고용노동부 장관에 임명되면서"") (accessed 2026-09-25T23:23:27-0400) ;; https://ko.wikipedia.org/w/index.php?oldid=42063234 (ko.wikipedia ""김영주 (1955년)"" revid 42063234, 소속 정당 table: 새정치민주연합 2014~2015, 더불어민주당 2015~2024 당명 변경, 무소속 2024 탈당, 국민의힘 2024~) (accessed 2026-09-25T13:55:55-0400)",고용노동부,2017-08-14,김영주
R0407,이개호,더불어민주당,high,False,ok,"20th Assembly, 전남 담양군함평군영광군장성군, 지역구, seat 2016-05-30 to 2020-05-29 per NA open API seat record in na_members/na_member_spells_15_22.csv. His first seat (19th term, entered_via by_election, seat from 2014-07-30) is outside this row.",{},confirmed,"https://n.news.naver.com/mnews/article/003/0008750334 (뉴시스 2018-08-10, ""文대통령, 오늘 이개호 신임 농림부 장관에 임명장 수여"", text: ""당시 이개호 더불어민주당 의원을 지명한 바 있다"") (accessed 2026-09-25T23:11:01-0400) ;; https://www.bigkinds.or.kr/news/detailView.do?docId=01601101.20180727212821001&returnCnt=1&sectionDiv=1000 (BigKinds, 전북일보 2018-07-27, ""농축식품부장관에 이개호 의원 지명 靑 ""쌀·AI 등 현안 해결 적임"""", text: ""농림축산식품부장관 후보자로 더불어민주당 이개호 의원을 지명했다"", original http://www.jjan.kr/news/articleView.html?idxno=2013028) (accessed 2026-09-25T23:23:29-0400) ;; https://ko.wikipedia.org/w/index.php?oldid=42323163 (ko.wikipedia ""이개호"" revid 42323163, 소속 정당 table: 새정치민주연합 2014~2015, 더불어민주당 2015~현재 당명 변경) (accessed 2026-09-25T13:27:44-0400)",농림축산식품부,2018-08-10,이개호
R0409,진선미,더불어민주당,high,False,ok,"20th Assembly, 서울 강동구갑, 지역구, seat 2016-05-30 to 2020-05-29 per NA open API seat record in na_members/na_member_spells_15_22.csv. Her 19th seat was 비례대표, which is outside this row.",{},confirmed,"https://www.bigkinds.or.kr/news/detailView.do?docId=02100801.20180830161519002&returnCnt=1&sectionDiv=1000 (BigKinds, 아시아경제 2018-08-30, ""[文정부 2기 개각] 진선미 ""장관 지명 어깨가 무겁다"""", text: ""여성가족부장관으로 내정된 진선미 더불어민주당 의원은"", original http:www.asiae.co.kr/news/view.htm?idxno=2018083016124447261) (accessed 2026-09-25T23:23:31-0400) ;; https://ko.wikipedia.org/w/index.php?oldid=42273316 (ko.wikipedia ""진선미"" revid 42273316, 소속 정당 table: 새정치민주연합 2014~2015, 더불어민주당 2015~현재 당명 변경) (accessed 2026-09-25T23:02:32-0400)",여성가족부,2018-09-21,진선미
R0412,유은혜,더불어민주당,high,False,ok,"20th Assembly, 경기 고양시병, 지역구, seat 2016-05-30 to 2020-05-29 per NA open API seat record in na_members/na_member_spells_15_22.csv. She has no 21st-term spell, so dual_office_end 2020-05-29 is correct.",{},confirmed,"https://www.bigkinds.or.kr/news/detailView.do?docId=01100701.20181002182000003&returnCnt=1&sectionDiv=1000 (BigKinds, 세계일보 2018-10-02, ""'유은혜·심재철' 靑·野 연일충돌…정국 ‘한파’"", text: ""문재인 대통령은 2일 더불어민주당 유은혜 의원을 사회부총리 겸 교육부 장관에 임명했다"", original http://www.segye.com/content/html/2018/10/02/20181002003787.html) (accessed 2026-09-25T23:23:33-0400) ;; https://www.bigkinds.or.kr/news/detailView.do?docId=02100101.20181002174928001&returnCnt=1&sectionDiv=1000 (BigKinds, 매일경제 2018-10-02, ""청문보고서 없이 교육수장 임명…교육현안 `첩첩산중`"", text: ""문재인 대통령이 2일 유은혜 더불어민주당 의원을 사회부총리 겸 교육부 장관에 임명했다"", original http://news.mk.co.kr/newsRead.php?year=2018&no=615436) (accessed 2026-09-25T23:23:35-0400) ;; https://ko.wikipedia.org/w/index.php?oldid=42354009 (ko.wikipedia ""유은혜"" revid 42354009, 소속 정당 table: 새정치민주연합 2014~2015, 더불어민주당 2015~2025 당명 변경, 무소속 2025~ 탈당) (accessed 2026-09-25T13:33:29-0400)",교육부,2018-10-02,유은혜
R0417,진영,더불어민주당,high,False,ok,"20th Assembly, 서울 용산구, 지역구, seat 2016-05-30 to 2020-05-29 per NA open API seat record in na_members/na_member_spells_15_22.csv. He has no 21st-term spell, so dual_office_end 2020-05-29 is correct. The same person was 새누리당 on his earlier dual row R0321.",{},confirmed,"https://n.news.naver.com/mnews/article/088/0000585877 (매일신문 2019-04-04, ""진영 청문보고서 '적격' '부적격' 모두 병기해 채택"", text: ""진영(더불어민주당 의원) 행안부 장관 후보자"") (accessed 2026-09-25T23:12:21-0400) ;; https://www.bigkinds.or.kr/news/detailView.do?docId=02100851.20190308152945001&returnCnt=1&sectionDiv=1000 (BigKinds, 아주경제 2019-03-08, ""진영 의원 행안부장관 내정...“자치분권‧지역균형 위해 최선”"", text: ""행정안전부 장관에 내정된 더불어민주당 진영 의원"", original http://www.ajunews.com/view/20190308152658575) (accessed 2026-09-25T23:23:37-0400) ;; https://n.news.naver.com/mnews/article/001/0008266638 (연합뉴스 2016-03-20, ""진영, 더민주 입당…""與, 특정인 지시로 움직이는 파당""(종합)"", text: ""새누리당 공천에서 배제된 뒤 탈당한 3선의 진영 의원은 20일"") (accessed 2026-09-25T23:06:54-0400) ;; https://ko.wikipedia.org/w/index.php?oldid=42273249 (ko.wikipedia ""진영 (정치인)"" revid 42273249, 소속 정당 table: 무소속 2016 탈당, 더불어민주당 2016~현재 입당) (accessed 2026-09-25T13:29:15-0400)",행정안전부,2019-04-06,진영
R0418,박영선,더불어민주당,high,False,ok,"20th Assembly, 서울 구로구을, 지역구, seat 2016-05-30 to 2020-05-29 per NA open API seat record in na_members/na_member_spells_15_22.csv. She has no 21st-term spell, so dual_office_end 2020-05-29 is correct.",{},confirmed,"https://www.bigkinds.or.kr/news/detailView.do?docId=04100608.20190328160714001&returnCnt=1&sectionDiv=1000 (BigKinds, 브레이크뉴스 2019-03-28, ""황교안 한국당 대표 '박지원·박영선 朴남매?' 주장에 '흔들'"", text: ""박지원 민주평화당 의원과 박영선 더불어민주당 의원"", original http://www.breaknews.com/sub_read.html?uid=643505) (accessed 2026-09-25T23:23:39-0400) ;; https://ko.wikipedia.org/w/index.php?oldid=42333616 (ko.wikipedia ""박영선 (정치인)"" revid 42333616, 소속 정당 table: 새정치민주연합 2014~2015, 더불어민주당 2015~현재 당명 변경) (accessed 2026-09-25T23:02:33-0400)",중소벤처기업부,2019-04-08,박영선
R0424,추미애,더불어민주당,high,False,ok,"20th Assembly, 서울 광진구을, 지역구, seat 2016-05-30 to 2020-05-29 per NA open API seat record in na_members/na_member_spells_15_22.csv. She has no 21st-term spell (her next seat is the 22nd term), so dual_office_end 2020-05-29 is correct.",{},confirmed,"https://www.bigkinds.or.kr/news/detailView.do?docId=01101101.20191206050229002&returnCnt=1&sectionDiv=1000 (BigKinds, 한국일보 2019-12-06, ""“조국 뒤 따를 것” 추미애 법무장관 지명에 날 세우는 보수야권"", text: ""법무부 장관 후보자로 지명된 추미애 더불어민주당 의원을 향해"") (accessed 2026-09-25T23:23:43-0400) ;; https://ko.wikipedia.org/w/index.php?oldid=42551858 (ko.wikipedia ""추미애"" revid 42551858, 소속 정당 table: 새정치민주연합 2014~2015, 더불어민주당 2015~현재 당명 변경) (accessed 2026-09-25T23:02:34-0400)",법무부,2020-01-02,추미애
R0425,정세균,더불어민주당,high,False,ok,"20th Assembly, 서울 종로구, 지역구, seat 2016-05-30 to 2020-05-29 per NA open API seat record in na_members/na_member_spells_15_22.csv. He has no 21st-term spell, so dual_office_end 2020-05-29 is correct.",{},confirmed,"https://www.bigkinds.or.kr/news/detailView.do?docId=01101101.20191218050309002&returnCnt=1&sectionDiv=1000 (BigKinds, 한국일보 2019-12-18, ""[포토뒷담화] 겉으로는 평온해도… 갈길 바쁜 두 ‘총리’"", text: ""문재인 대통령이 17일 더불어민주당 정세균 의원을 국무총리 후보자로 지명함에 따라"") (accessed 2026-09-25T23:23:47-0400) ;; https://n.news.naver.com/mnews/article/052/0001385520 (YTN 2020-01-07, ""정세균 총리 후보자 청문회 '삼권분립 훼손' 여부 두고 공방"", text: ""정세균, 민주당 당적을 갖고 있는 총리 후보가 지명된 것은"") (accessed 2026-09-25T23:05:04-0400) ;; https://n.news.naver.com/mnews/article/421/0003403851 (뉴스1 2018-06-01, ""정세균 전 의장, 민주당 복당…주말 지원유세 '출동'"", text: ""정세균 전 의장이 1일 더불어민주당에 복당했다"") (accessed 2026-09-25T23:04:58-0400) ;; https://ko.wikipedia.org/w/index.php?oldid=42400189 (ko.wikipedia ""정세균"" revid 42400189, 소속 정당 table: 더불어민주당 2015~2016, 무소속 2016~2018 탈당, 더불어민주당 2018~현재 복당) (accessed 2026-09-24T22:44:50-0400)",국무총리,2020-01-14,정세균
R0426,이인영,더불어민주당,high,False,ok,"21st Assembly, 서울 구로구갑, 지역구, seat 2020-05-30 to 2024-05-29 per NA open API seat record in na_members/na_member_spells_15_22.csv. The row ends 2022-05-09 at the presidential transition.",{},confirmed,"https://www.bigkinds.or.kr/news/detailView.do?docId=01620001.20200704232900001&returnCnt=1&sectionDiv=1000 (BigKinds, 광남일보 2020-07-04, ""박지원 국정원장·서훈 안보실장·이인영 통일장관 내정"", text: ""통일부 장관에 더불어민주당 이인영 의원을 각각 내정했다"", original http://www.gwangnam.co.kr/article.php?aid=1593801370360311004) (accessed 2026-09-25T23:23:49-0400) ;; https://n.news.naver.com/mnews/article/421/0004781570 (뉴스1 2020-07-28, ""이인영 장관, 올해도 '통일걷기' 행사 참여키로"", text: ""더불어민주당 이인영·조오섭·최종윤 의원이 공동 주최한다"") (accessed 2026-09-25T23:14:11-0400) ;; https://ko.wikipedia.org/w/index.php?oldid=42333658 (ko.wikipedia ""이인영 (정치인)"" revid 42333658, 소속 정당 table: 새정치민주연합 2014~2015, 더불어민주당 2015~현재 당명 변경) (accessed 2026-09-25T23:02:35-0400)",통일부,2020-07-27,이인영
R0429,전해철,더불어민주당,high,False,ok,"21st Assembly, 경기 안산시상록구갑, 지역구, seat 2020-05-30 to 2024-05-29 per NA open API seat record in na_members/na_member_spells_15_22.csv.",{},confirmed,"https://www.bigkinds.or.kr/news/detailView.do?docId=04100058.20201224205502001&returnCnt=1&sectionDiv=1000 (BigKinds, 노컷뉴스 2020-12-24, ""[칼럼]전해철 신임 행자부장관의 과제와 국민의 기대"", text: ""행정안전부장관에 3선의 민주당 전해철 의원이 24일 취임했다"") (accessed 2026-09-25T23:23:51-0400) ;; https://ko.wikipedia.org/w/index.php?oldid=42323481 (ko.wikipedia ""전해철"" revid 42323481, 소속 정당 table: 새정치민주연합 2014~2015, 더불어민주당 2015~현재 당명 변경) (accessed 2026-09-25T13:29:16-0400)",행정안전부,2020-12-24,전해철
R0432,한정애,더불어민주당,high,False,ok,"21st Assembly, 서울 강서구병, 지역구, seat 2020-05-30 to 2024-05-29 per NA open API seat record in na_members/na_member_spells_15_22.csv. Her 19th seat was 비례대표, which is outside this row.",{},confirmed,"https://www.bigkinds.or.kr/news/detailView.do?docId=04100078.20201231111314001&returnCnt=1&sectionDiv=1000 (BigKinds, 뉴스핌 2020-12-31, ""환경부 장관 후보로 지명된 한정애 더불어민주당 정책위의장"", text: ""환경부 장관 후보로 지명된 한정애 더불어민주당 정책위의장이"", original http://www.newspim.com/news/view/20201231000397) (accessed 2026-09-25T23:23:53-0400) ;; https://ko.wikipedia.org/w/index.php?oldid=42541204 (ko.wikipedia ""한정애"" revid 42541204, 소속 정당 table: 새정치민주연합 2014~2015, 더불어민주당 2015~현재 당명 변경) (accessed 2026-09-25T13:37:54-0400)",환경부,2021-01-22,한정애
R0433,박범계,더불어민주당,high,False,ok,"21st Assembly, 대전 서구을, 지역구, seat 2020-05-30 to 2024-05-29 per NA open API seat record in na_members/na_member_spells_15_22.csv.",{},confirmed,"https://n.news.naver.com/mnews/article/056/0010979135 (KBS 2021-01-27, ""문 대통령, 박범계 법무장관 임명…내일 임기 시작"", text: ""문재인 대통령이 더불어민주당 박범계 의원을 신임 법무부 장관으로 임명했습니다"") (accessed 2026-09-25T23:15:42-0400) ;; https://ko.wikipedia.org/w/index.php?oldid=42394533 (ko.wikipedia ""박범계"" revid 42394533, 소속 정당 table: 새정치민주연합 2014~2015, 더불어민주당 2015~현재 당명 변경) (accessed 2026-09-25T23:02:37-0400)",법무부,2021-01-28,박범계
R0434,권칠승,더불어민주당,high,False,ok,"21st Assembly, 경기 화성시병, 지역구, seat 2020-05-30 to 2024-05-29 per NA open API seat record in na_members/na_member_spells_15_22.csv.",{},confirmed,"https://www.bigkinds.or.kr/news/detailView.do?docId=02100311.20210120133456001&returnCnt=1&sectionDiv=1000 (BigKinds, 서울경제 2021-01-20, ""국민의힘 ""3개 부처 개각? 文 정부의 끝없는 회전문 인사"""", text: ""중소벤처기업부 장관 후보자에 권칠승 더불어민주당 의원을 내정했다"", original http://www.sedaily.com/NewsView/22HBWFGNO9) (accessed 2026-09-25T23:23:55-0400) ;; https://ko.wikipedia.org/w/index.php?oldid=42409767 (ko.wikipedia ""권칠승"" revid 42409767, 소속 정당 table: 새정치민주연합 2014~2015, 더불어민주당 2015~현재 당명 변경) (accessed 2026-09-25T23:02:38-0400)",중소벤처기업부,2021-02-05,권칠승
R0436,황희,더불어민주당,high,False,ok,"21st Assembly, 서울 양천구갑, 지역구, seat 2020-05-30 to 2024-05-29 per NA open API seat record in na_members/na_member_spells_15_22.csv.",{},confirmed,"https://www.bigkinds.or.kr/news/detailView.do?docId=02100851.20210120105508001&returnCnt=1&sectionDiv=1000 (BigKinds, 아주경제 2021-01-20, ""[프로필] '기획·소통력' 갖춘 황희 의원, 문체부 장관 후보 내정"", text: ""문화체육관광부 장관에 황희 더불어민주당 의원"", original http://www.ajunews.com/view/20210120103135968) (accessed 2026-09-25T23:23:57-0400) ;; https://ko.wikipedia.org/w/index.php?oldid=42409959 (ko.wikipedia ""황희 (1967년)"" revid 42409959, 소속 정당 table: 새정치민주연합 2014~2015, 더불어민주당 2015~현재 당명 변경) (accessed 2026-09-25T13:02:28-0400)",문화체육관광부,2021-02-11,황희
R0444,황희,더불어민주당,high,False,ok,"21st Assembly 지역구 seat held 2020-05-30 to 2024-05-29 per NA spells file (seat 서울 양천구갑), district and election type match. Holdover row from the 문재인 cabinet into the 윤석열 administration. The seat was kept throughout, no resignation on appointment. News on 2022-05-09 reports the resignation from the ministry was tendered but not yet accepted. 황희 held his farewell ceremony on 2022-05-09 (뉴시스, https://n.news.naver.com/mnews/article/003/0011172010, accessed 2026-09-25T13:12:31-0400), while the row keeps him in office until 2022-05-13 when 박보균 was appointed (관보 제20255호). That is a tenure question for the boundary checker, not a seat problem.",{},confirmed,"https://n.news.naver.com/mnews/article/001/0013166342 (accessed 2026-09-25T22:27:05-0400) 연합뉴스 2022-05-09, '민주당 소속 장관 7명은 9일 일괄적으로 장관직을 떠나기로 하고 사표를 제출했다', lists 전해철 황희 한정애 권칠승 ;; https://n.news.naver.com/mnews/article/421/0006080179 (accessed 2026-09-25T14:09:53-0400) 뉴스1 2022-05-09, '더불어민주당 현직 의원 및 의원 출신 장관 7명' ;; https://n.news.naver.com/mnews/article/021/0002513352 (accessed 2026-09-25T13:54:00-0400) 문화일보 2022-05-12, 정치인 장관들이 '야당이 된 더불어민주당으로 복귀' ;; https://ko.wikipedia.org/w/index.php?oldid=42409959 (accessed 2026-09-25T13:02:28-0400) ko.wikipedia '황희 (1967년)' party history table, 더불어민주당 2015~현재",문화체육관광부,2022-05-10,황희
R0447,한정애,더불어민주당,high,False,ok,"21st Assembly 지역구 seat held 2020-05-30 to 2024-05-29 per NA spells file (seat 서울 강서구병), district and election type match. Holdover row from the 문재인 cabinet into the 윤석열 administration. The seat was kept throughout, no resignation on appointment. News on 2022-05-09 reports the resignation from the ministry was tendered but not yet accepted. The row is a single day (2022-05-10), matching 한화진's appointment date of 2022-05-10 in 관보 제20255호.",{},confirmed,"https://n.news.naver.com/mnews/article/001/0013166342 (accessed 2026-09-25T22:27:05-0400) 연합뉴스 2022-05-09, '민주당 소속 장관 7명은 9일 일괄적으로 장관직을 떠나기로 하고 사표를 제출했다', lists 전해철 황희 한정애 권칠승 ;; https://n.news.naver.com/mnews/article/421/0006080179 (accessed 2026-09-25T14:09:53-0400) 뉴스1 2022-05-09, '더불어민주당 현직 의원 및 의원 출신 장관 7명' ;; https://ko.wikipedia.org/w/index.php?oldid=42541204 (accessed 2026-09-25T13:37:54-0400) ko.wikipedia '한정애' party history table, 더불어민주당 2015~현재",환경부,2022-05-10,한정애
R0449,추경호,국민의힘,high,True,ok,"21st Assembly 지역구 seat 대구 달성군 held 2020-05-30 to 2024-05-29 per NA spells file. Appointment date 2022-05-10 matches 관보 제20255호. The seat was kept for the whole row, no resignation on appointment. His later 22nd-term seat ended 2026-04-30 (resigned to run for other office), which is outside this row.",{},confirmed,"https://n.news.naver.com/mnews/article/016/0001988780 (accessed 2026-09-25T23:09:26-0400) 헤럴드경제 2022-05-10, '초대 경제부총리 겸 기획재정부 장관 후보자에 추경호 국민의힘 의원이 정해졌다' ;; https://n.news.naver.com/mnews/article/003/0011096895 (accessed 2026-09-25T23:07:22-0400) 뉴시스 2022-04-01, '추경호 국민의힘 의원' ;; https://n.news.naver.com/mnews/article/001/0011855800 (accessed 2026-09-25T23:01:54-0400) 연합뉴스 2020-09-02, '미래통합당이 2일 국민의 힘으로 당명을 교체했다' ;; https://gwanbo.go.kr/ezpdf/customLayout.jsp?contentId=I0000000000000001652949101222000&tocId=I0000000000000001652659816213000&isTocOrder=N (accessed 2026-09-25T22:10:41-0400) 관보 제20255호 (2022-05-23) ;; https://ko.wikipedia.org/w/index.php?oldid=42257036 (accessed 2026-09-24T22:43:49-0400) ko.wikipedia '추경호' party history table, 미래통합당 2020 then 국민의힘 2020~현재 (당명 변경)",기획재정부,2022-05-10,추경호
R0455,전해철,더불어민주당,high,False,ok,"21st Assembly 지역구 seat held 2020-05-30 to 2024-05-29 per NA spells file (seat 경기 안산시상록구갑), district and election type match. Holdover row from the 문재인 cabinet into the 윤석열 administration. The seat was kept throughout, no resignation on appointment. News on 2022-05-09 reports the resignation from the ministry was tendered but not yet accepted. Row end 2022-05-12 matches 이상민's appointment date in 관보 제20255호.",{},confirmed,"https://n.news.naver.com/mnews/article/001/0013166342 (accessed 2026-09-25T22:27:05-0400) 연합뉴스 2022-05-09, '민주당 소속 장관 7명은 9일 일괄적으로 장관직을 떠나기로 하고 사표를 제출했다', lists 전해철 황희 한정애 권칠승 ;; https://n.news.naver.com/mnews/article/421/0006080179 (accessed 2026-09-25T14:09:53-0400) 뉴스1 2022-05-09, '더불어민주당 현직 의원 및 의원 출신 장관 7명' ;; https://n.news.naver.com/mnews/article/021/0002513352 (accessed 2026-09-25T13:54:00-0400) 문화일보 2022-05-12, 정치인 장관들이 '야당이 된 더불어민주당으로 복귀' ;; https://ko.wikipedia.org/w/index.php?oldid=42323481 (accessed 2026-09-25T13:29:16-0400) ko.wikipedia '전해철' party history table, 더불어민주당 2015~현재",행정안전부,2022-05-10,전해철
R0464,권칠승,더불어민주당,high,False,ok,"21st Assembly 지역구 seat held 2020-05-30 to 2024-05-29 per NA spells file (seat 경기 화성시병), district and election type match. Holdover row from the 문재인 cabinet into the 윤석열 administration. The seat was kept throughout, no resignation on appointment. News on 2022-05-09 reports the resignation from the ministry was tendered but not yet accepted. Row end 2022-05-12 is one day before the successor 이영's gazette date (2022-05-13, 관보 제20255호), while the other holdover rows end on the successor's gazette date. News reports the President appointed 이영 on 2022-05-12. Flagged for the boundary checker.",{},confirmed,"https://n.news.naver.com/mnews/article/001/0013166342 (accessed 2026-09-25T22:27:05-0400) 연합뉴스 2022-05-09, '민주당 소속 장관 7명은 9일 일괄적으로 장관직을 떠나기로 하고 사표를 제출했다', lists 전해철 황희 한정애 권칠승 ;; https://n.news.naver.com/mnews/article/421/0006080179 (accessed 2026-09-25T14:09:53-0400) 뉴스1 2022-05-09, '더불어민주당 현직 의원 및 의원 출신 장관 7명' ;; https://n.news.naver.com/mnews/article/021/0002513352 (accessed 2026-09-25T13:54:00-0400) 문화일보 2022-05-12, 정치인 장관들이 '야당이 된 더불어민주당으로 복귀' ;; https://ko.wikipedia.org/w/index.php?oldid=42409767 (accessed 2026-09-25T23:02:38-0400) ko.wikipedia '권칠승' party history table, 더불어민주당 2015~현재",중소벤처기업부,2022-05-10,권칠승
R0465,박진,국민의힘,high,True,ok,"21st Assembly 지역구 seat 서울 강남구을 held 2020-05-30 to 2024-05-29 per NA spells file. Appointment date 2022-05-12 matches 관보 제20255호. The seat was kept for the whole row, no resignation on appointment.",{},confirmed,"https://n.news.naver.com/mnews/article/018/0005186383 (accessed 2026-09-25T13:34:38-0400) 이데일리 2022-04-10, '박진 국민의힘 의원은 외교부 장관으로' ;; https://n.news.naver.com/mnews/article/087/0000890530 (accessed 2026-09-25T13:34:37-0400) 강원일보 2022-04-10, '국민의힘 박진 의원은 외교부 장관으로' ;; https://n.news.naver.com/mnews/article/001/0011855800 (accessed 2026-09-25T23:01:54-0400) 연합뉴스 2020-09-02, '미래통합당이 2일 국민의 힘으로 당명을 교체했다' ;; https://gwanbo.go.kr/ezpdf/customLayout.jsp?contentId=I0000000000000001652949101222000&tocId=I0000000000000001652659816213000&isTocOrder=N (accessed 2026-09-25T22:10:41-0400) 관보 제20255호 (2022-05-23) ;; https://ko.wikipedia.org/w/index.php?oldid=42432373 (accessed 2026-09-25T13:16:40-0400) ko.wikipedia '박진 (정치인)' party history table, 미래통합당 2020 then 국민의힘 2020~현재",외교부,2022-05-12,박진
R0470,이영,국민의힘,high,True,ok,"21st Assembly PR seat (미래한국당 list rank 13) held 2020-05-30 to 2022-05-20 per NA spells file (end_status confirmed by Wikipedia list, seat table and NA 사직 bill). Seat resigned on appointment. The plenary approved the resignation on 2022-05-20 (연합뉴스, KBS). PR successor 노용호 (list rank 20) was confirmed by the NEC on 2022-05-23 (KBS, https://n.news.naver.com/mnews/article/056/0011270866, accessed 2026-09-25T23:01:35-0400). Dual interval 2022-05-13 to 2022-05-20 is consistent. The gazette gives the appointment date as 2022-05-13 while 연합뉴스 reports the President appointed her on 2022-05-12 (https://n.news.naver.com/mnews/article/001/0013175346, accessed 2026-09-25T13:12:14-0400). The row follows the gazette.",{},confirmed,"https://n.news.naver.com/mnews/article/001/0013193852 (accessed 2026-09-25T23:01:36-0400) 연합뉴스 2022-05-20, '국회는 20일 본회의에서 국민의힘 이영 의원의 사직 안건을 처리했다' ;; https://n.news.naver.com/mnews/article/654/0000010573 (accessed 2026-09-25T23:01:38-0400) 강원도민일보 2022-05-20, '중소벤처기업부 장관으로 임명된 이영(비례) 국회의원의 사직안을 의결했다' ;; https://n.news.naver.com/mnews/article/028/0002498922 (accessed 2026-09-25T23:02:01-0400) 한겨레 2020-05-28, '미래통합당과 위성정당인 미래한국당이 28일 합당을 선포했다', absorbed into 통합당 ;; https://n.news.naver.com/mnews/article/001/0011855800 (accessed 2026-09-25T23:01:54-0400) 연합뉴스 2020-09-02, '미래통합당이 2일 국민의 힘으로 당명을 교체했다' ;; https://gwanbo.go.kr/ezpdf/customLayout.jsp?contentId=I0000000000000001652949101222000&tocId=I0000000000000001652659816213000&isTocOrder=N (accessed 2026-09-25T22:10:41-0400) 관보 제20255호 (2022-05-23) ;; https://ko.wikipedia.org/w/index.php?oldid=42089079 (accessed 2026-09-25T23:19:18-0400) ko.wikipedia '이영 (1969년)' party history table, '제21대 국회의원(비례대표, 미래한국당→미래통합당→국민의힘)'",중소벤처기업부,2022-05-13,이영
R0471,권영세,국민의힘,high,True,ok,"21st Assembly 지역구 seat 서울 용산구 held 2020-05-30 to 2024-05-29 per NA spells file. Appointment date 2022-05-13 matches 관보 제20255호 and news (노컷뉴스, 동아일보 2022-05-13). The seat was kept for the whole row, no resignation on appointment.",{},confirmed,"https://n.news.naver.com/mnews/article/421/0006019908 (accessed 2026-09-25T23:09:40-0400) 뉴스1 2022-04-10, '통일부 장관으로는 4선 중진 권영세 국민의힘 의원과 김병연 서울대 교수가 검토되고 있다' ;; https://n.news.naver.com/mnews/article/016/0001988780 (accessed 2026-09-25T23:09:26-0400) 헤럴드경제 2022-05-10, '권영세 국민의힘 의원' (the article misnames his ministry as 외교부) ;; https://n.news.naver.com/mnews/article/001/0011855800 (accessed 2026-09-25T23:01:54-0400) 연합뉴스 2020-09-02, '미래통합당이 2일 국민의 힘으로 당명을 교체했다' ;; https://gwanbo.go.kr/ezpdf/customLayout.jsp?contentId=I0000000000000001652949101222000&tocId=I0000000000000001652659816213000&isTocOrder=N (accessed 2026-09-25T22:10:41-0400) 관보 제20255호 (2022-05-23) ;; https://ko.wikipedia.org/w/index.php?oldid=42538529 (accessed 2026-09-25T23:19:19-0400) ko.wikipedia '권영세 (1959년)' party history table, 미래통합당 2020 then 국민의힘 2020~현재",통일부,2022-05-13,권영세
R0482,신원식,국민의힘,high,True,ok,"21st Assembly PR seat (미래한국당 list rank 8) held 2020-05-30 to 2023-10-31 per NA spells file (end_status confirmed by Wikipedia list, seat table and NA 사직 bill). Seat resigned on appointment. The plenary approved the resignation on 2023-10-31 (뉴시스 2023-11-09, https://n.news.naver.com/mnews/article/003/0012199871, accessed 2026-09-25T23:10:23-0400). PR successor 우신구 (list rank 22) was decided by the NEC on 2023-11-02. Appointment on 2023-10-07 matches 연합뉴스 2023-10-07 (https://n.news.naver.com/mnews/article/001/0014245751, accessed 2026-09-25T23:10:11-0400). Dual interval 2023-10-07 to 2023-10-31 is consistent.",{},confirmed,"https://n.news.naver.com/mnews/article/023/0003787491 (accessed 2026-09-25T23:11:20-0400) 조선일보 2023-09-13, '국방부 장관 후보는 국민의힘 신원식 의원' ;; https://n.news.naver.com/mnews/article/021/0002602814 (accessed 2026-09-25T23:10:26-0400) 문화일보 2023-11-02, '국회의장이 10월 31일 신원식 국민의힘 비례대표 국회의원의 의원직 상실에 따른 궐원을 통보' ;; https://n.news.naver.com/mnews/article/028/0002498922 (accessed 2026-09-25T23:02:01-0400) 한겨레 2020-05-28, '미래통합당과 위성정당인 미래한국당이 28일 합당을 선포했다', absorbed into 통합당 ;; https://n.news.naver.com/mnews/article/001/0011855800 (accessed 2026-09-25T23:01:54-0400) 연합뉴스 2020-09-02, '미래통합당이 2일 국민의 힘으로 당명을 교체했다' ;; https://ko.wikipedia.org/w/index.php?oldid=41780115 (accessed 2026-09-25T13:00:46-0400) ko.wikipedia '신원식 (1958년)' party history table, 미래한국당 2020, 미래통합당 2020, 국민의힘 2020~2024, 무소속 2024~ (탈당)",국방부,2023-10-07,신원식
R0510,김민석,더불어민주당,high,False,ok,"22nd Assembly 지역구 seat 서울 영등포구을 held from 2024-05-30 and still sitting at the cutoff per NA spells file. Appointment date 2025-07-04 matches 관보 제21034호. At his hearing he said he had never considered resigning the seat (뉴시스 2025-06-24, https://n.news.naver.com/mnews/article/003/0013321254, accessed 2026-09-25T23:20:19-0400), and the seat stayed with him through the row end 2026-07-01.",{},confirmed,"https://n.news.naver.com/mnews/article/087/0001120888 (accessed 2026-09-25T23:13:33-0400) 강원일보 2025-06-04, '초대 국무총리로 민주당 김민석(61) 최고위원을 내정했다' ;; https://n.news.naver.com/mnews/article/001/0015430029 (accessed 2026-09-25T23:13:36-0400) 연합뉴스 2025-06-04, '민주당 김민석(61) 최고위원' ;; https://gwanbo.go.kr/ezpdf/customLayout.jsp?contentId=I0000000000000001752133745126000&tocId=I0000000000000001751845191656000&isTocOrder=N (accessed 2026-09-24T22:59:45-0400) 관보 제21034호 (2025-07-14), 김민석 국무총리에 임함 2025-07-04 ;; https://ko.wikipedia.org/w/index.php?oldid=42535343 (accessed 2026-09-25T23:19:21-0400) ko.wikipedia '김민석 (정치인)' party history table, 더불어민주당 2016~현재 (합당)",국무총리,2025-07-04,김민석
R0515,정성호,더불어민주당,high,False,ok,22nd Assembly 지역구 seat 경기 동두천시양주시연천군갑 held from 2024-05-30 and still sitting at the cutoff per NA spells file. Appointment date 2025-07-19 matches 관보 제21043호. No resignation of the seat on appointment.,{},confirmed,"https://n.news.naver.com/mnews/article/088/0000955935 (accessed 2026-09-25T23:13:48-0400) 매일신문 2025-06-28, '법무부 장관 후보자로 정성호 더불어민주당 의원이' ;; https://gwanbo.go.kr/ezpdf/customLayout.jsp?contentId=I0000000000000001753255535402000&tocId=I0000000000000001753058642620000&isTocOrder=N (accessed 2026-09-24T22:59:51-0400) 관보 제21043호 (2025-07-25) ;; https://ko.wikipedia.org/w/index.php?oldid=42510833 (accessed 2026-09-25T23:19:21-0400) ko.wikipedia '정성호 (1962년)' party history table, 더불어민주당 2015~현재",법무부,2025-07-19,정성호
R0516,윤호중,더불어민주당,high,False,ok,"22nd Assembly 지역구 seat 경기 구리시 held from 2024-05-30 and still sitting at the cutoff per NA spells file. Appointment date 2025-07-20 matches 관보 제21043호, although 뉴스1 reported the appointment on the evening of 2025-07-19. No resignation of the seat on appointment.",{},confirmed,"https://n.news.naver.com/mnews/article/421/0008379936 (accessed 2026-09-25T23:12:58-0400) 뉴스1 2025-07-19, '정부가 윤호중 더불어민주당 의원(5선)을 제5대 행정안전부 장관에 임명했다' ;; https://n.news.naver.com/mnews/article/088/0000955935 (accessed 2026-09-25T23:13:48-0400) 매일신문 2025-06-28, '행정안전부 장관 후보자로는 윤호중 민주당 의원' ;; https://gwanbo.go.kr/ezpdf/customLayout.jsp?contentId=I0000000000000001753255535402000&tocId=I0000000000000001753058642620000&isTocOrder=N (accessed 2026-09-24T22:59:51-0400) 관보 제21043호 (2025-07-25) ;; https://ko.wikipedia.org/w/index.php?oldid=42349622 (accessed 2026-09-25T13:29:17-0400) ko.wikipedia '윤호중' party history table, 더불어민주당 2015~현재",행정안전부,2025-07-20,윤호중
R0517,김성환,더불어민주당,high,False,ok,"22nd Assembly 지역구 seat 서울 노원구을 held from 2024-05-30 and still sitting at the cutoff per NA spells file (his 21st-term district was 노원구병 before redistricting, the row correctly uses the 22nd-term district). Appointment date 2025-07-22 matches 관보 제21047호. No resignation of the seat on appointment.",{},confirmed,"https://n.news.naver.com/mnews/article/056/0011974875 (accessed 2026-09-25T23:14:24-0400) KBS 2025-06-23, 11개 부처 장관 후보자 지명 (민주당 정동영 의원, 민주당 안규백 의원, 김성환 민주당 의원, 민주당 전재수 의원) ;; https://n.news.naver.com/mnews/article/025/0003449913 (accessed 2026-09-25T23:14:21-0400) 중앙일보 2025-06-23, '환경부 장관 후보자로는 김성환 민주당 의원이' ;; https://gwanbo.go.kr/ezpdf/customLayout.jsp?contentId=I0000000000000001753773886519000&tocId=I0000000000000001753420981908000&isTocOrder=N (accessed 2026-09-24T22:59:54-0400) 관보 제21047호 (2025-07-31) ;; https://ko.wikipedia.org/w/index.php?oldid=42454888 (accessed 2026-09-25T13:37:56-0400) ko.wikipedia '김성환 (1965년)' party history table, 더불어민주당 2015~현재",환경부,2025-07-22,김성환
R0520,전재수,더불어민주당,high,False,ok,"22nd Assembly 지역구 seat 부산 북구갑 held 2024-05-30 to 2026-04-30 per NA spells file (resigned to run for other office, Wikipedia gives 2026-04-29). Appointment date 2025-07-24 matches 관보 제21047호. The row ends 2025-12-11, before the seat ended, so the dual interval equals the whole row. District naming changed from 북구강서구갑 (21st) to 북구갑 (22nd) and the row correctly uses the 22nd-term name.",{},confirmed,"https://n.news.naver.com/mnews/article/056/0011974875 (accessed 2026-09-25T23:14:24-0400) KBS 2025-06-23, 11개 부처 장관 후보자 지명 (민주당 정동영 의원, 민주당 안규백 의원, 김성환 민주당 의원, 민주당 전재수 의원) ;; https://n.news.naver.com/mnews/article/025/0003449913 (accessed 2026-09-25T23:14:21-0400) 중앙일보 2025-06-23, '해양수산부 장관 후보자에는 전재수 민주당 의원을 지명했다' ;; https://gwanbo.go.kr/ezpdf/customLayout.jsp?contentId=I0000000000000001753773886519000&tocId=I0000000000000001753420981908000&isTocOrder=N (accessed 2026-09-24T22:59:54-0400) 관보 제21047호 (2025-07-31) ;; https://ko.wikipedia.org/w/index.php?oldid=42501005 (accessed 2026-09-25T13:43:38-0400) ko.wikipedia '전재수' party history table, 더불어민주당 2015~현재",해양수산부,2025-07-24,전재수
R0522,안규백,더불어민주당,high,False,ok,"22nd Assembly 지역구 seat 서울 동대문구갑 held from 2024-05-30 and still sitting at the cutoff per NA spells file. Appointment date 2025-07-25 matches 관보 제21047호. No resignation of the seat on appointment. The gazette prints the hanja as 安圭佰, while the NA record and Wikipedia give 安圭伯 (the value in the row), which looks like a gazette misprint.",{},confirmed,"https://n.news.naver.com/mnews/article/056/0011974875 (accessed 2026-09-25T23:14:24-0400) KBS 2025-06-23, 11개 부처 장관 후보자 지명 (민주당 정동영 의원, 민주당 안규백 의원, 김성환 민주당 의원, 민주당 전재수 의원) ;; https://n.news.naver.com/mnews/article/079/0004036699 (accessed 2026-09-25T23:14:50-0400) 노컷뉴스 2025-06-20, '더불어민주당 안규백 의원' ;; https://gwanbo.go.kr/ezpdf/customLayout.jsp?contentId=I0000000000000001753773886519000&tocId=I0000000000000001753420981908000&isTocOrder=N (accessed 2026-09-24T22:59:54-0400) 관보 제21047호 (2025-07-31) ;; https://ko.wikipedia.org/w/index.php?oldid=42534381 (accessed 2026-09-25T13:00:47-0400) ko.wikipedia '안규백' party history table, 더불어민주당 2015~현재",국방부,2025-07-25,안규백
R0523,정동영,더불어민주당,high,False,ok,22nd Assembly 지역구 seat 전북 전주시병 held from 2024-05-30 and still sitting at the cutoff per NA spells file. Appointment date 2025-07-25 matches 관보 제21047호. No resignation of the seat on appointment.,{},confirmed,"https://n.news.naver.com/mnews/article/056/0011974875 (accessed 2026-09-25T23:14:24-0400) KBS 2025-06-23, 11개 부처 장관 후보자 지명 (민주당 정동영 의원, 민주당 안규백 의원, 김성환 민주당 의원, 민주당 전재수 의원) ;; https://n.news.naver.com/mnews/article/079/0004036699 (accessed 2026-09-25T23:14:50-0400) 노컷뉴스 2025-06-20, '통일부 장관에 민주당 정동영 의원' ;; https://gwanbo.go.kr/ezpdf/customLayout.jsp?contentId=I0000000000000001753773886519000&tocId=I0000000000000001753420981908000&isTocOrder=N (accessed 2026-09-24T22:59:54-0400) 관보 제21047호 (2025-07-31) ;; https://ko.wikipedia.org/w/index.php?oldid=42432585 (accessed 2026-09-25T23:19:19-0400) ko.wikipedia '정동영' party history table, 무소속 2022 then 더불어민주당 2022~현재 (복당)",통일부,2025-07-25,정동영
R0526,김윤덕,더불어민주당,high,False,ok,22nd Assembly 지역구 seat 전북 전주시갑 held from 2024-05-30 and still sitting at the cutoff per NA spells file. Appointment date 2025-07-31 matches 관보 제21057호. No resignation of the seat on appointment.,{},confirmed,"https://n.news.naver.com/mnews/article/011/0004507974 (accessed 2026-09-25T23:15:59-0400) 서울경제 2025-07-11, '국토교통부 장관 후보자로 더불어민주당 김윤덕 의원을 지명했다' ;; https://n.news.naver.com/mnews/article/214/0001435706 (accessed 2026-09-25T23:15:51-0400) MBC 2025-07-11, '국토교통부 장관 후보자로 더불어민주당 김윤덕 의원을 지명' ;; https://gwanbo.go.kr/ezpdf/customLayout.jsp?contentId=I0000000000000001755046835835000&tocId=I0000000000000001754551533919000&isTocOrder=N (accessed 2026-09-24T22:59:57-0400) 관보 제21057호 (2025-08-14), 김윤덕 2025-07-31 ;; https://ko.wikipedia.org/w/index.php?oldid=42534621 (accessed 2026-09-25T13:36:49-0400) ko.wikipedia '김윤덕 (1966년)' party history table, 더불어민주당 2015~현재",국토교통부,2025-07-31,김윤덕
R0530,김성환,더불어민주당,high,False,ok,"22nd Assembly 지역구 seat 서울 노원구을 held from 2024-05-30 and still sitting at the cutoff per NA spells file. Row start 2025-10-01 is the ministry reorganization, not a new seat event.",{},confirmed,"https://n.news.naver.com/mnews/article/056/0011974875 (accessed 2026-09-25T23:14:24-0400) KBS 2025-06-23, 11개 부처 장관 후보자 지명 (민주당 정동영 의원, 민주당 안규백 의원, 김성환 민주당 의원, 민주당 전재수 의원) ;; https://ko.wikipedia.org/w/index.php?oldid=42454888 (accessed 2026-09-25T13:37:56-0400) ko.wikipedia '김성환 (1965년)' party history table, 더불어민주당 2015~현재 ;; https://n.news.naver.com/mnews/article/047/0002530066 (accessed 2026-09-25T23:02:14-0400) 오마이뉴스 2026-09-23, 민주당-조국혁신당 합당 still only under discussion, so 더불어민주당 unchanged through the cutoff",기후에너지환경부,2025-10-01,김성환
R0535,박홍근,더불어민주당,high,False,ok,"22nd Assembly 지역구 seat 서울 중랑구을 held from 2024-05-30 and still sitting at the cutoff per NA spells file. No resignation of the seat on appointment. News reports the appointment was approved on 2026-03-24, while the row starts 2026-03-25. The gazette index returned no 인사 items for 2026-03-24 to 2026-04-20, so the effective date could not be checked here.",{},confirmed,"https://n.news.naver.com/mnews/article/088/0001002533 (accessed 2026-09-25T23:16:41-0400) 매일신문 2026-03-24, '초대 기획예산처 장관 후보자로 지명된 더불어민주당 박홍근 의원' ;; https://n.news.naver.com/mnews/article/421/0008846667 (accessed 2026-09-24T22:45:43-0400) 뉴스1 2026-03-24, 이재명 대통령은 24일 박홍근 기획예산처 장관 임명안을 재가 ;; https://ko.wikipedia.org/w/index.php?oldid=42349627 (accessed 2026-09-25T13:11:25-0400) ko.wikipedia '박홍근 (정치인)' party history table, 더불어민주당 2015~현재 ;; https://n.news.naver.com/mnews/article/047/0002530066 (accessed 2026-09-25T23:02:14-0400) 오마이뉴스 2026-09-23, 민주당-조국혁신당 합당 still only under discussion, so 더불어민주당 unchanged through the cutoff",기획예산처,2026-03-25,박홍근
R0541,이소영,더불어민주당,high,False,ok,"22nd Assembly 지역구 seat 경기 의왕시과천시 held from 2024-05-30 and still sitting at the cutoff per NA spells file. Appointment approved on 2026-09-22 (뉴스1, 중앙일보), matching the row start. No resignation of the seat on appointment.",{},confirmed,"https://n.news.naver.com/mnews/article/025/0003553284 (accessed 2026-09-25T21:35:50-0400) 중앙일보 2026-09-22, '이 장관은 변호사 출신으로 더불어민주당 소속 현역 재선 의원이다' ;; https://n.news.naver.com/mnews/article/003/0014209541 (accessed 2026-09-25T21:35:46-0400) 뉴시스 2026-09-23, '이소영 더불어민주당 의원(41)을 지명했다' ;; https://ko.wikipedia.org/w/index.php?oldid=42539725 (accessed 2026-09-25T23:19:22-0400) ko.wikipedia '이소영 (1985년)' party history table, 더불어민주당 2020~현재",중소벤처기업부,2026-09-22,이소영
P20d60f1d-labor-1-g01,최명헌,민주정의당,high,False,ok,"12th term, 전국구 (민정당 list), seat 1985-04-11 to 1988-05-29. 중앙일보 1988-02-19 reports that he would keep the seat after entering the cabinet because little of the term remained. He was not a candidate in the 1988-04-26 election. 동아일보 1988-04-20 describes 구로을 as a race with no incumbent and names 崔百熙 as the 민정 candidate, and the NA member file has no 13th-term spell. The dual interval 1988-02-25 to 1988-05-29 and share 0.3333 are consistent. https://www.bigkinds.or.kr/news/detailView.do?docId=01100901.19880219004313001&returnCnt=1&sectionDiv=1000 (BigKinds, 중앙일보 1988-02-19, '최병열씨 의원직 사퇴', accessed 2026-09-27T22:50:46-0400). Text reads '입각한 최명헌·현홍주 의원은 임기만료가 얼마 남지 않아 그대로 의원직을 가질 예정이다' | https://newslibrary.naver.com/viewer/index.naver?articleId=1988042000209205001&editNo=2&printCount=1&publishDate=1988-04-20&officeId=00020&pageNo=5&printNo=20475&publishType=00020 (Naver News Library, 동아일보 1988-04-20 p.5, '총선 激戦地(격전지) (5) 西大門甲(서대문갑) 光州東(광주동) 九老乙(구노을)', accessed 2026-09-27T22:50:23-0400). Text reads '九老乙(구노을) 현역의원은 한명도 없이' and '民正(민정) 崔百熙(최백희)후보'",{},confirmed,"https://newslibrary.naver.com/viewer/index.naver?articleId=1988021900209201003&editNo=2&printCount=1&publishDate=1988-02-19&officeId=00020&pageNo=1&printNo=20424&publishType=00020 (Naver News Library, 동아일보 1988-02-19 p.1, '세政府(정부) 組閣(조각) 발표', accessed 2026-09-26T09:04:13-0400). Text reads '노동 崔明憲民正黨(최명헌민정당)의원(국회의장비서실장)' ;; https://newslibrary.naver.com/viewer/index.naver?articleId=1988030200239102005&editNo=1&printCount=1&publishDate=1988-03-02&officeId=00023&pageNo=2&printNo=20586&publishType=00010 (Naver News Library, 조선일보 1988-03-02 p.2, '野圈(야권)내부 반발세력에 촉각', accessed 2026-09-27T22:50:07-0400). Text reads '民正党(민정당)측은 入閣(입각)한 崔明憲(최명헌)노동장관과 李範俊(이범준)의원의사퇴서제출도 만류하고 있다'",노동부,1988-02-25,최명헌
Pb32a3cac-transport-1-g01,이범준,민주정의당,high,False,ok,"12th term, 지역구 강원 강릉시·양양·명주군, seat 1985-04-11 to 1988-05-29. He gave up running in the 1988 election after entering the cabinet (중앙일보 1988-03-17 lists 이범준 among five members who 출마를 포기), and the NA file has no 13th-term spell. Dual interval to 1988-05-29 and share 0.3333 are consistent. https://www.bigkinds.or.kr/news/detailView.do?docId=01100901.19880317011117001&returnCnt=1&sectionDiv=1000 (BigKinds, 중앙일보 1988-03-17, '민정중진 상당수 공천탈락', accessed 2026-09-27T22:50:48-0400). Text reads '채문식 대표위원, 권영우·홍성우·이병직·이범준 의원 등 5명이 출마를 포기'",{},confirmed,"https://newslibrary.naver.com/viewer/index.naver?articleId=1988021900209201003&editNo=2&printCount=1&publishDate=1988-02-19&officeId=00020&pageNo=1&printNo=20424&publishType=00020 (Naver News Library, 동아일보 1988-02-19 p.1, '세政府(정부) 組閣(조각) 발표', accessed 2026-09-26T09:04:13-0400). Text reads '교통 李範俊民正黨(이범준민정당)의원' ;; https://newslibrary.naver.com/viewer/index.naver?articleId=1988030200239102005&editNo=1&printCount=1&publishDate=1988-03-02&officeId=00023&pageNo=2&printNo=20586&publishType=00010 (Naver News Library, 조선일보 1988-03-02 p.2, '野圈(야권)내부 반발세력에 촉각', accessed 2026-09-27T22:50:07-0400). Text reads '民正党(민정당)측은 入閣(입각)한 崔明憲(최명헌)노동장관과 李範俊(이범준)의원의사퇴서제출도 만류하고 있다'",교통부,1988-02-25,이범준
P1fd41fbd-special-1-g01,이종찬,민주정의당,high,False,ok,"On 1988-05-03 he held the 12th-term seat 서울 종로·중구 (지역구, 1985-04-11 to 1988-05-29). He won 종로 in the 13th election (1988-04-26) and the 13th seat began 1988-05-30, so the seat was continuous through the row end 1988-12-05 and share 1.0 is right. The assembly_num_at_appt 12 and district 종로·중구 describe the seat held on the start date. https://newslibrary.naver.com/viewer/index.naver?articleId=1988042800209203001&editNo=2&printCount=1&publishDate=1988-04-28&officeId=00020&pageNo=3&printNo=20482&publishType=00020 (Naver News Library, 동아일보 1988-04-28 p.3, '4.26 總選(총선)이후 政局風向(정국풍향) (1) 「協商(협상)의 길」찾는 民正(민정)', accessed 2026-09-27T22:52:15-0400). Text reads '서울鍾路(종로)에서 野黨(야당)총채권한대행을 꺾고 3選(선)고지에 오른 李鍾賛(이종찬)의원'. Both 경향신문 and 중앙일보 report the appointment as made on the afternoon of 1988-05-02, one day before the row start 1988-05-03. This bears on the row date, not the party.",{},confirmed,"https://newslibrary.naver.com/viewer/index.naver?articleId=1988050300329201005&editNo=3&printCount=1&publishDate=1988-05-03&officeId=00032&pageNo=1&printNo=13106&publishType=00020 (Naver News Library, 경향신문 1988-05-03 p.1, '民正(민정) 핵심黨職(당직) 전면改編(개편)', accessed 2026-09-26T10:22:46-0400). Text reads '民正黨(민정당)총재인盧泰愚(노태우)대통령은 ... 정무제1장관에 李鍾賛前(이종찬전)원내총무' ;; https://newslibrary.naver.com/viewer/index.naver?articleId=1988050300239102006&editNo=1&printCount=1&publishDate=1988-05-03&officeId=00023&pageNo=2&printNo=20638&publishType=00010 (Naver News Library, 조선일보 1988-05-03 p.2, '与党(여당)온건파 기수‥‥協商(협상)경험 많아', accessed 2026-09-27T22:51:48-0400). Profile of 李鍾賛 정무1장관 reads '民正党內(민정당내)에서 自他(자타)가 공인하는 온건개혁派(파)의 기수'",정무장관(제1),1988-05-03,이종찬
P6da147cb-interior-1-g01,이춘구,민주정의당,high,False,ok,"12th term 지역구 충북 충주·제천시·중원·제원·단양 (1985-04-11 to 1988-05-29) on the start date, then the 13th-term seat for 제천 from 1988-05-30 (won 1988-04-26 as 민정당). The seat was continuous through 1988-12-05, share 1.0 is right. https://newslibrary.naver.com/viewer/index.naver?articleId=1988042700099205005&editNo=2&printCount=1&publishDate=1988-04-27&officeId=00009&pageNo=5&printNo=6814&publishType=00020 (Naver News Library, 매일경제 1988-04-27 p.5, '堤川(제천) 李春九(이춘구) 正(정)·53', accessed 2026-09-27T22:52:13-0400)",{},confirmed,"https://newslibrary.naver.com/viewer/index.naver?articleId=1988050700209201008&editNo=2&printCount=1&publishDate=1988-05-07&officeId=00020&pageNo=1&printNo=20489&publishType=00020 (Naver News Library, 동아일보 1988-05-07 p.1, '安企(안기)부장 裴命仁(배명인)씨 內務(내무)장관 李春九(이춘구)씨 市道(시도)지사 곧 대폭人事(인사)', accessed 2026-09-26T09:44:41-0400). Text reads '내무부장관 후임에는李春九(이춘구) 民正黨(민정당)전사무총장을각각 임명했다' ;; https://newslibrary.naver.com/viewer/index.naver?articleId=1988042700099205005&editNo=2&printCount=1&publishDate=1988-04-27&officeId=00009&pageNo=5&printNo=6814&publishType=00020 (Naver News Library, 매일경제 1988-04-27 p.5, '堤川(제천) 李春九(이춘구) 正(정)·53', accessed 2026-09-27T22:52:13-0400). 13th election winner entry reads '◇堤川李春九(제천이춘구) 正(정)·53'",내무부,1988-05-07,이춘구
Pd7ab5dd9-industry-1-g01,한승수,민주정의당,high,False,ok,"13th term, 지역구 강원 춘천시, seat 1988-05-30 to 1992-05-29 (NA API and Wikipedia list agree, regular term boundaries). Described as a sitting 민정당 member on the appointment date. The seat covers the whole row (to 1990-03-17), share 1.0 is right.",{},confirmed,"https://newslibrary.naver.com/viewer/index.naver?articleId=1988120500329201003&editNo=3&printCount=1&publishDate=1988-12-05&officeId=00032&pageNo=1&printNo=13292&publishType=00020 (Naver News Library, 경향신문 1988-12-05 p.1, '總理(총리)에 姜英勳(강영훈)씨', accessed 2026-09-26T09:22:02-0400). Text reads '▲상공 韓昇洙民正黨(한승수민정당)의원' and '盧(노)대통령은 신임姜(강)총리서리와 새각료들에게 임명장을 주었다' ;; https://newslibrary.naver.com/viewer/index.naver?articleId=1988120500099201006&editNo=1&printCount=1&publishDate=1988-12-05&officeId=00009&pageNo=1&printNo=7005&publishType=00020 (Naver News Library, 매일경제 1988-12-05 p.1, '總理(총리)서리 姜英勲(강영훈)씨', accessed 2026-09-26T09:23:37-0400). Text reads '상공에 韓昇洙(한승수)민정당의원'",상공부,1988-12-05,한승수
P0daf481c-interior-1-g01,이한동,민주정의당,high,False,ok,"13th term, 지역구 경기 연천·포천군, seat 1988-05-30 to 1992-05-29 (NA API and Wikipedia list agree). Sitting member on the date, seat covers the row to 1989-07-19, share 1.0 is right.",{},confirmed,"https://newslibrary.naver.com/viewer/index.naver?articleId=1988120500329201003&editNo=3&printCount=1&publishDate=1988-12-05&officeId=00032&pageNo=1&printNo=13292&publishType=00020 (Naver News Library, 경향신문 1988-12-05 p.1, '總理(총리)에 姜英勳(강영훈)씨', accessed 2026-09-26T09:22:02-0400). Text reads '▲내무李漢東(이한동) 民正黨(민정당)정책위의장' ;; https://newslibrary.naver.com/viewer/index.naver?articleId=1988120500209203004&editNo=2&printCount=1&publishDate=1988-12-05&officeId=00020&pageNo=3&printNo=20672&publishType=00020 (Naver News Library, 동아일보 1988-12-05 p.3, '「時局(시국)수습」未知數(미지수)…黨政(당정)협력陣容(진용)', accessed 2026-09-26T10:29:38-0400). Text reads '내무부장관에李漢東(이한동) 民正(민정)의원'",내무부,1988-12-05,이한동
Pf6c0290d-labor-1-g01,장영철,민주정의당,high,False,ok,"13th term, 지역구 경북 성주·칠곡군, seat 1988-05-30 to 1992-05-29. The 매일경제 profile of 1988-12-05 confirms the district. Seat covers the row to 1989-07-19, share 1.0 is right. https://newslibrary.naver.com/viewer/index.naver?articleId=1988120500099203007&editNo=1&printCount=1&publishDate=1988-12-05&officeId=00009&pageNo=3&printNo=7005&publishType=00020 (Naver News Library, 매일경제 1988-12-05 p.3, '張永喆(장영철) 노동 國會(국회)노동분과위 활동두각', accessed 2026-09-27T22:56:00-0400)",{},confirmed,"https://newslibrary.naver.com/viewer/index.naver?articleId=1988120500329201003&editNo=3&printCount=1&publishDate=1988-12-05&officeId=00032&pageNo=1&printNo=13292&publishType=00020 (Naver News Library, 경향신문 1988-12-05 p.1, '總理(총리)에 姜英勳(강영훈)씨', accessed 2026-09-26T09:22:02-0400). Text reads '▲노동 張永喆民正黨(장영철민정당)의원' ;; https://newslibrary.naver.com/viewer/index.naver?articleId=1988120500099203007&editNo=1&printCount=1&publishDate=1988-12-05&officeId=00009&pageNo=3&printNo=7005&publishType=00020 (Naver News Library, 매일경제 1988-12-05 p.3, '張永喆(장영철) 노동 國會(국회)노동분과위 활동두각', accessed 2026-09-27T22:56:00-0400). Profile reads '이번선거에서 출신지인 星州(성주)·漆谷(칠곡)에서 民正黨(민정당)공천을 얻어 당선되자'",노동부,1988-12-05,장영철
P103dea19-pm-1-g01,강영훈,민주정의당,high,False,issue,"13th term, 전국구 (민정당 list rank 4), seat from 1988-05-30. The end date is disputed. The NA API period ends 1988-12-22 and the NA bill record 011052 (국회의원(강영훈)사직의건) shows proposal and 원안가결 on 1988-12-22. Three news reports say the Speaker 김재순 accepted the resignation on 1988-12-20 (매일경제 and 중앙일보 of 1988-12-20, 조선일보 of 1988-12-21), and 경향신문 of 1988-12-20 says the 19th. The Wikipedia list gives 1988-12-20 and the Wikipedia seat table 1988-12-19. If the news date holds, dual_office_end would move from 1988-12-22 to 1988-12-20 (share about 0.021 instead of 0.0239). Not resolved here, so no correction is proposed. https://newslibrary.naver.com/viewer/index.naver?articleId=1988122000099201018&editNo=1&printCount=1&publishDate=1988-12-20&officeId=00009&pageNo=1&printNo=7018&publishType=00020 (Naver News Library, 매일경제 1988-12-20 p.1, '姜(강)총리·崔昌潤(최창윤)씨 사퇴 沈起燮(침기섭)·安瓚熙(안찬희)씨 승계', accessed 2026-09-27T22:53:52-0400). Text reads '金在淳(김재순)국회의장은 20일 姜英勳(강영훈)국무총리와 崔昌潤(최창윤)청와대정무수석비서관의 의원직사퇴서를 수리했다' | https://www.bigkinds.or.kr/news/detailView.do?docId=01100901.19881220060722002&returnCnt=1&sectionDiv=1000 (BigKinds, 중앙일보 1988-12-20, '심기섭·안찬희씨 민정의원직 승계', accessed 2026-09-27T22:53:58-0400). Text reads '강영훈 국무총리와 최창윤 대통령정무수석 비서관의 민정당 전국구의원직 사퇴서가 20일 수리됐다' | https://newslibrary.naver.com/viewer/index.naver?articleId=1988122100239102018&editNo=1&printCount=1&publishDate=1988-12-21&officeId=00023&pageNo=2&printNo=20838&publishType=00010 (Naver News Library, 조선일보 1988-12-21 p.2, '沈起燮(침기섭) 安瓚熙(안찬희)씨 승계 民正(민정) 전국구의원직', accessed 2026-09-27T22:53:55-0400). Text reads '20일 金在淳(김재순)국회의장에게 의원직 사퇴서를 제출,수리됐다' | https://newslibrary.naver.com/viewer/index.naver?articleId=1988122000329201015&editNo=3&printCount=1&publishDate=1988-12-20&officeId=00032&pageNo=1&printNo=13305&publishType=00020 (Naver News Library, 경향신문 1988-12-20 p.1, '沈起燮(침기섭)·安瓚熙(안찬희)씨 民正(민정)전국구 승계', accessed 2026-09-27T22:53:54-0400). Text reads '金在淳(김재순)국회의장은19일 ... 의원직사퇴서를 수리했다' | https://likms.assembly.go.kr/bill/bi/billDetailPage.do?billId=011052 (NA bill record as harvested in na_members/sources/na_bills/resignation_motions_12_14.csv, propose 1988-12-22, decided 1988-12-22 원안가결, accessed 2026-09-26T08:38:53-0400)",{},confirmed,"https://newslibrary.naver.com/viewer/index.naver?articleId=1988120500329201003&editNo=3&printCount=1&publishDate=1988-12-05&officeId=00032&pageNo=1&printNo=13292&publishType=00020 (Naver News Library, 경향신문 1988-12-05 p.1, '總理(총리)에 姜英勳(강영훈)씨', accessed 2026-09-26T09:22:02-0400). Text reads '盧(노)대통령은 이날 국무총리서리에 姜英勳民正黨(강영훈민정당)의원을 ... 임명하고' ;; https://newslibrary.naver.com/viewer/index.naver?articleId=1988120500099201006&editNo=1&printCount=1&publishDate=1988-12-05&officeId=00009&pageNo=1&printNo=7005&publishType=00020 (Naver News Library, 매일경제 1988-12-05 p.1, '總理(총리)서리 姜英勲(강영훈)씨', accessed 2026-09-26T09:23:37-0400). Text reads '盧泰愚(노태우)대통령은 5일 姜英勳(강영훈) 민정당의원을 국무총리서리에 기용하는등'",국무총리,1988-12-05,강영훈
P4ce219c9-special-1-g01,정종택,민주정의당,high,False,ok,"13th term, 지역구 충북 청주시갑, seat 1988-05-30 to 1992-05-29 (NA API and Wikipedia list agree, regular term boundaries). Sitting member on the date, seat covers the row to 1989-07-19, share 1.0 is right.",{},confirmed,"https://newslibrary.naver.com/viewer/index.naver?articleId=1988120500329201003&editNo=3&printCount=1&publishDate=1988-12-05&officeId=00032&pageNo=1&printNo=13292&publishType=00020 (Naver News Library, 경향신문 1988-12-05 p.1, '總理(총리)에 姜英勳(강영훈)씨', accessed 2026-09-26T09:22:02-0400). Text reads '▲정무1 鄭宗澤(정종택) 民正黨(민정당)의원' ;; https://newslibrary.naver.com/viewer/index.naver?articleId=1988120500099201006&editNo=1&printCount=1&publishDate=1988-12-05&officeId=00009&pageNo=1&printNo=7005&publishType=00020 (Naver News Library, 매일경제 1988-12-05 p.1, '總理(총리)서리 姜英勲(강영훈)씨', accessed 2026-09-26T09:23:37-0400). Text reads '정무1에鄭宗澤(정종택)민정당의원'",정무장관(제1),1988-12-05,정종택
P50e0e8b5-interior-1-g01,김태호,민주정의당,high,False,ok,"13th term, 지역구 경남 울산시중구, seat 1988-05-30 to 1992-05-29 (NA API and Wikipedia list agree, regular term boundaries). Sitting member on the date, seat covers the row to 1990-03-19, share 1.0 is right.",{},confirmed,"https://newslibrary.naver.com/viewer/index.naver?articleId=1989072000239101009&editNo=1&printCount=1&publishDate=1989-07-20&officeId=00023&pageNo=1&printNo=21014&publishType=00010 (Naver News Library, 조선일보 1989-07-20 p.1, '安企部長(안기부장)-6部(부)장관 경질', accessed 2026-09-26T10:03:02-0400). Text reads '내무부장관에 金泰鎬(김태호) 민정당의원을 기용하는등' and '이날 오전11시청와대에서 ... 임명장을 수여했으며' ;; https://newslibrary.naver.com/viewer/index.naver?articleId=1989071900099201003&editNo=1&printCount=1&publishDate=1989-07-19&officeId=00009&pageNo=1&printNo=7194&publishType=00020 (Naver News Library, 매일경제 1989-07-19 p.1, '6部長官(부장관) 경질', accessed 2026-09-26T09:44:46-0400). Text reads '내무부장관에 金泰鎬(김태호)의원'",내무부,1989-07-19,김태호
Pff7814e2-special-1-g01,박철언,민주정의당,high,False,ok,"13th term, 전국구 on the 민정당 list (rank 17 per NA file and 중앙일보), seat 1988-05-30 to 1992-05-29. 중앙일보 1988-04-12 reports his inclusion on the 민정당 전국구 list while keeping the Blue House post. Seat covers the row to 1990-04-18, share 1.0 is right. https://www.bigkinds.or.kr/news/detailView.do?docId=01100901.19880412013353001&returnCnt=1&sectionDiv=1000 (BigKinds, 중앙일보 1988-04-12, '민정 전국구후보 62명 발표', accessed 2026-09-27T22:58:22-0400). Text reads '박철언 청와대정책보좌관이 포함된 것인데 특히 박 보좌관은 청와대직책을 그대로 보유할 것으로 알려져'",{},confirmed,"https://newslibrary.naver.com/viewer/index.naver?articleId=1989072100239103001&editNo=1&printCount=1&publishDate=1989-07-21&officeId=00023&pageNo=3&printNo=21015&publishType=00010 (Naver News Library, 조선일보 1989-07-21 p.3, '核心(핵심)배제냐…아니냐…""朴哲彦(박철언) 파장""', accessed 2026-09-27T22:57:54-0400). Text reads '20일 오전 민정당사에서는 ... 확대당직자회의가열렸다' and '이자리에 첫 참석한 朴哲彥(박철언)정무제1장관은' and '重用說(중용설)을 펴는 측은 우선그가 전국구 初選(초선)인데다' ;; https://newslibrary.naver.com/viewer/index.naver?articleId=1989071900099201003&editNo=1&printCount=1&publishDate=1989-07-19&officeId=00009&pageNo=1&printNo=7194&publishType=00020 (Naver News Library, 매일경제 1989-07-19 p.1, '6部長官(부장관) 경질', accessed 2026-09-26T09:44:46-0400). Text reads '정무1장관에 朴哲彦(박철언) 대통령정책보좌관을 각각 임명했다'",정무장관(제1),1989-07-19,박철언
Pa9511bba-agriculture-1-g01,강보성,민주자유당,high,True,ok,"13th term, 지역구 제주 서귀포시·남제주군, elected 1988 under 통일민주당, seat 1988-05-30 to 1992-05-29 (NA API and Wikipedia list agree). Seat covers the row to 1990-09-19, share 1.0 is right.","{""mp_party_at_appt"": ""민주자유당""}",confirmed,"https://newslibrary.naver.com/viewer/index.naver?articleId=1990031800239101001&editNo=1&printCount=1&publishDate=1990-03-18&officeId=00023&pageNo=1&printNo=21219&publishType=00010 (Naver News Library, 조선일보 1990-03-18 p.1, '15部(부)장관 更迭(경질)', accessed 2026-09-26T09:31:16-0400). Text reads '농림수산부장관에 姜普性民自党(강보성민자당)의원이 임명됐다' ;; https://www.bigkinds.or.kr/news/detailView.do?docId=01101101.19900320000000301&returnCnt=1&sectionDiv=1000 (BigKinds, 한국일보 1990-03-20, '새 내각 간담회… “소신ㆍ책임” 일색', accessed 2026-09-26T09:24:23-0400). Text reads '「3ㆍ17」 개각으로 기용된 신임장관들은 19일 상오 노태우대통령으로부터 임명장을 받고'",농림수산부,1990-03-19,강보성
P482b2ddc-energy-1-g01,이희일,민주자유당,high,True,ok,"13th term, 전국구 (신민주공화당 list rank 4), seat 1988-05-30 to 1990-03-22. He handed his resignation to the Speaker 김재순 on 1990-03-21 (동아일보 1990-03-21, 한국일보 1990-03-22). The NA bill record 011507 (국회의원(이희일)사직의건) shows proposal 1990-03-21 and 원안가결 1990-03-22, which matches the NA API end date. The Wikipedia list date 1990-03-21 is the submission date. The NEC named 권오석 as successor on 1990-03-26. Dual interval 1990-03-19 to 1990-03-22 and share 0.0092 are consistent. https://newslibrary.naver.com/viewer/index.naver?articleId=1990032100209201015&editNo=2&printCount=1&publishDate=1990-03-21&officeId=00020&pageNo=1&printNo=21067&publishType=00020 (Naver News Library, 동아일보 1990-03-21 p.1, '李(이)동자 議員職(의원직) 사퇴 民自(민자) 權五錫(권오석)씨 승계', accessed 2026-09-27T23:02:59-0400). Text reads '李熺逸(이희일)동력자원부장관은21일 전국구의원직 사퇴서를 金在淳(김재순)국회의장에게 제출했다' | https://www.bigkinds.or.kr/news/detailView.do?docId=01101101.19900322000000108&returnCnt=1&sectionDiv=1000 (BigKinds, 한국일보 1990-03-22, '이희일씨 의원직 사퇴/구공화 권오석씨 승계', accessed 2026-09-27T23:03:02-0400). Text reads '민자당전국구의원인 이희일동력자원부장관은 21일 ... 의원직 사퇴서를 김재순 국회의장에게 제출했다. 구공화당 전국구 4번으로 당선된' | https://likms.assembly.go.kr/bill/bi/billDetailPage.do?billId=011507 (NA bill record as harvested in na_members/sources/na_bills/resignation_motions_12_14.csv, propose 1990-03-21, decided 1990-03-22 원안가결, accessed 2026-09-26T08:39:53-0400) | https://www.bigkinds.or.kr/news/detailView.do?docId=01100201.19900327000000209&returnCnt=1&sectionDiv=1000 (BigKinds, 국민일보 1990-03-27, '이희일의원 사퇴/권오석씨 승계', accessed 2026-09-27T23:03:14-0400). Text reads '중앙선관위는 26일 오후 전체위원회의를 열어 ... 이희일의원(민자)의 승계자로 구공화당 전국구 후보인 권오석씨를 결정했다'","{""mp_party_at_appt"": ""민주자유당""}",confirmed,"https://newslibrary.naver.com/viewer/index.naver?articleId=1990031800239101001&editNo=1&printCount=1&publishDate=1990-03-18&officeId=00023&pageNo=1&printNo=21219&publishType=00010 (Naver News Library, 조선일보 1990-03-18 p.1, '15部(부)장관 更迭(경질)', accessed 2026-09-26T09:31:16-0400). Text reads '동자부장관에 李熺逸民自党(이희일민자당)의원' ;; https://www.bigkinds.or.kr/news/detailView.do?docId=01101101.19900320000000301&returnCnt=1&sectionDiv=1000 (BigKinds, 한국일보 1990-03-20, '새 내각 간담회… “소신ㆍ책임” 일색', accessed 2026-09-26T09:24:23-0400). Text reads '「3ㆍ17」 개각으로 기용된 신임장관들은 19일 상오 노태우대통령으로부터 임명장을 받고'",동력자원부,1990-03-19,이희일
Pb17aab3b-epb-1-g01,이승윤,민주자유당,high,True,ok,"13th term, 지역구 인천 북구을, elected 1988 under 민주정의당, seat 1988-05-30 to 1992-05-29 (NA API and Wikipedia list agree). Seat covers the row to 1991-02-18, share 1.0 is right. 한국일보 1990-03-19 notes that he held a sitting district seat (현역지역구를 갖고 있다).","{""mp_party_at_appt"": ""민주자유당""}",confirmed,"https://newslibrary.naver.com/viewer/index.naver?articleId=1990031800239101001&editNo=1&printCount=1&publishDate=1990-03-18&officeId=00023&pageNo=1&printNo=21219&publishType=00010 (Naver News Library, 조선일보 1990-03-18 p.1, '15部(부)장관 更迭(경질)', accessed 2026-09-26T09:31:16-0400). Text reads '부총리겸 경제기획원장관에李承潤民自党(이승윤민자당)의원을 임명하는등' ;; https://www.bigkinds.or.kr/news/detailView.do?docId=01101101.19900320000000301&returnCnt=1&sectionDiv=1000 (BigKinds, 한국일보 1990-03-20, '새 내각 간담회… “소신ㆍ책임” 일색', accessed 2026-09-26T09:24:23-0400). Text reads '「3ㆍ17」 개각으로 기용된 신임장관들은 19일 상오 노태우대통령으로부터 임명장을 받고'",경제기획원,1990-03-19,이승윤
Pcbe555d5-health-1-g01,김정수,민주자유당,high,True,ok,"13th term, 지역구 부산 부산진구을, elected 1988 under 통일민주당, seat 1988-05-30 to 1992-05-29 (NA API and Wikipedia list agree). Seat covers the row to 1991-05-27, share 1.0 is right.","{""mp_party_at_appt"": ""민주자유당""}",confirmed,"https://newslibrary.naver.com/viewer/index.naver?articleId=1990031800239101001&editNo=1&printCount=1&publishDate=1990-03-18&officeId=00023&pageNo=1&printNo=21219&publishType=00010 (Naver News Library, 조선일보 1990-03-18 p.1, '15部(부)장관 更迭(경질)', accessed 2026-09-26T09:31:16-0400). Text reads '보사부장관에 金正秀民自党(김정수민자당)의원' ;; https://www.bigkinds.or.kr/news/detailView.do?docId=01101101.19900320000000301&returnCnt=1&sectionDiv=1000 (BigKinds, 한국일보 1990-03-20, '새 내각 간담회… “소신ㆍ책임” 일색', accessed 2026-09-26T09:24:23-0400). Text reads '「3ㆍ17」 개각으로 기용된 신임장관들은 19일 상오 노태우대통령으로부터 임명장을 받고'",보건사회부,1990-03-19,김정수
P2b0c5f76-sports-1-g01,정동성,민주자유당,high,True,ok,"13th term, 지역구 경기 여주군, elected 1988 under 민주정의당, seat 1988-05-30 to 1992-05-29 (NA API and Wikipedia list agree). Seat covers the row to 1990-12-26, share 1.0 is right.","{""mp_party_at_appt"": ""민주자유당""}",confirmed,"https://newslibrary.naver.com/viewer/index.naver?articleId=1990031800239101001&editNo=1&printCount=1&publishDate=1990-03-18&officeId=00023&pageNo=1&printNo=21219&publishType=00010 (Naver News Library, 조선일보 1990-03-18 p.1, '15部(부)장관 更迭(경질)', accessed 2026-09-26T09:31:16-0400). Text reads '체육부장관에 鄭東星民自党(정동성민자당)의원' ;; https://www.bigkinds.or.kr/news/detailView.do?docId=01101101.19900320000000301&returnCnt=1&sectionDiv=1000 (BigKinds, 한국일보 1990-03-20, '새 내각 간담회… “소신ㆍ책임” 일색', accessed 2026-09-26T09:24:23-0400). Text reads '「3ㆍ17」 개각으로 기용된 신임장관들은 19일 상오 노태우대통령으로부터 임명장을 받고'",체육부,1990-03-19,정동성
Pb4b6c11d-special-2-g01,김윤환,민주자유당,high,True,ok,"13th term, 지역구 경북 군위·선산군, elected 1988 under 민주정의당, seat 1988-05-30 to 1992-05-29 (NA API and Wikipedia list agree). Seat covers the row to 1990-10-13, share 1.0 is right.","{""mp_party_at_appt"": ""민주자유당""}",confirmed,"https://newslibrary.naver.com/viewer/index.naver?articleId=1990041800209201006&editNo=2&printCount=1&publishDate=1990-04-18&officeId=00020&pageNo=1&printNo=21092&publishType=00020 (Naver News Library, 동아일보 1990-04-18 p.1, '정무1장관 金潤煥(김윤환)씨 임명', accessed 2026-09-26T13:02:59-0400). Text reads '盧泰愚(노태우)대통령은 18일 朴哲彦(박철언)정무1장관후임에 金潤煥民自黨(김윤환민자당)의원을 임명했다' ;; https://newslibrary.naver.com/viewer/index.naver?articleId=1990041800329201007&editNo=3&printCount=1&publishDate=1990-04-18&officeId=00032&pageNo=1&printNo=13710&publishType=00020 (Naver News Library, 경향신문 1990-04-18 p.1, '政務(정무)1에 金潤煥(김윤환)씨 임명', accessed 2026-09-26T12:51:14-0400). Text reads '盧泰愚(노태우)대통령은 18일상오정무제1장관에 金潤煥(김윤환)의원(民自黨(민자당))을 임명했다'",정무장관(제1),1990-04-18,김윤환
Pec804e0e-special-1-g01,김동영,민주자유당,high,True,ok,"13th term, 지역구 경남 거창군, elected 1988 under 통일민주당, seat 1988-05-30 to 1991-08-19. He died in office on 1991-08-19 (서울신문 and 국민일보 of 1991-08-19/20), which matches the NA end date. The row ends on 1991-07-18, before his death, so the seat covers the whole row and share 1.0 is right. https://www.bigkinds.or.kr/news/detailView.do?docId=01100611.20160421053841317&returnCnt=1&sectionDiv=1000 (BigKinds, 서울신문 1991-08-20, '김동영 민자의원 별세/김영삼 대표의 측근 30여년', accessed 2026-09-27T23:04:13-0400). Text reads '김동영의원(민자·경남 거창)이 19일 상오 서울대병원에서 지병인 암으로 별세했다'","{""mp_party_at_appt"": ""민주자유당""}",confirmed,"https://newslibrary.naver.com/viewer/index.naver?articleId=1990101200329201007&editNo=3&printCount=1&publishDate=1990-10-12&officeId=00032&pageNo=1&printNo=13862&publishType=00020 (Naver News Library, 경향신문 1990-10-12 p.1, '民自(민자) 핵심黨職(당직)개편 단행', accessed 2026-09-27T23:03:57-0400). Text reads '盧(노)대통령은 또 원내총무로 기용된 金潤煥(김윤환) 정무장관후임에 民主系(민주계)인 金東英(김동영)총무를 임명했다' and the profile ends '▲民自黨(민자당)원내총무' ;; https://newslibrary.naver.com/viewer/index.naver?articleId=1990101300099202014&editNo=1&printCount=1&publishDate=1990-10-13&officeId=00009&pageNo=2&printNo=7596&publishType=00020 (Naver News Library, 매일경제 1990-10-13 p.2, '民自(민자) 신임당직자들에 盧(노)대통령 임명장 수여', accessed 2026-09-26T12:51:23-0400). Text reads '盧泰愚(노태우)대통령은 13일상오 청와대에서 ... 金東英(김동영)신임정무장관에게 임명장을 주었다'",정무장관(제1),1990-10-13,김동영
P68cb560d-labor-1-g01,최병렬,민주자유당,high,False,ok,"14th term, 전국구 (민자당 list rank 10), seat 1992-05-30 to 1994-11-02 (resigned on appointment as 서울시장, outside this row). He held no seat in the 13th term, so the dual interval starts at the 14th term start. He was replaced as 노동부장관 in the partial reshuffle announced on 1992-06-25, which the Blue House explained by his move to the Assembly. Dual interval 1992-05-30 to 1992-06-26 and share 0.0511 are consistent. https://www.bigkinds.or.kr/news/detailView.do?docId=01101101.19920626000000101&returnCnt=1&sectionDiv=1000 (BigKinds, 한국일보 1992-06-26, '5부처 장관 경질/서울시장·청와대 정치특보도', accessed 2026-09-26T09:43:17-0400). Text reads '전국구로 진출한 최병렬 노동부장관을 오는 29일의 국회개원에 맞춰 경질하는 것을 계기삼아'",{},confirmed,"https://newslibrary.naver.com/viewer/index.naver?articleId=1992030500209201001&editNo=2&printCount=1&publishDate=1992-03-05&officeId=00020&pageNo=1&printNo=21756&publishType=00020 (Naver News Library, 동아일보 1992-03-05 p.1, '民自(민자) 全國區(전국구)후보 54명발표', accessed 2026-09-27T23:05:11-0400). Text reads '民自黨(민자당)은 전국구후보 10번이내 상위권에 ... 李源祚(이원조)의원 崔秉烈(최병렬)노동장관순으로 확정했다' ;; https://www.bigkinds.or.kr/news/detailView.do?docId=01100901.19920624103736001&returnCnt=1&sectionDiv=1000 (BigKinds, 중앙일보 1992-06-24, '일부 각료 곧 경질/노동·환경처·보사 등 대상', accessed 2026-09-26T10:08:57-0400). Text reads '개각대상은 14대 전국구의원(민자)으로 진출한 최 노동장관과'",노동부,1990-12-27,최병렬
Pff7814e2-sports-1-g01,박철언,민주자유당,high,True,ok,"13th term, 전국구 (elected on the 민정당 list, rank 17), seat 1988-05-30 to 1992-05-29. He kept the seat after this appointment (국민일보 1990-12-28). Seat covers the row to 1991-12-20, share 1.0 is right.","{""mp_party_at_appt"": ""민주자유당""}",confirmed,"https://newslibrary.naver.com/viewer/index.naver?articleId=1990122800239103001&editNo=1&printCount=1&publishDate=1990-12-28&officeId=00023&pageNo=3&printNo=21500&publishType=00010 (Naver News Library, 조선일보 1990-12-28 p.3, '""청와대-內閣(내각) 호흡일치""執権(집권)후반 布石(포석)', accessed 2026-09-27T23:05:22-0400). Text reads '새 閣僚(각료)중 가장 눈길을 끄는 인사는 역시 8개월만에재입각한 朴哲彥(박철언)의원(民自(민자))' ;; https://www.bigkinds.or.kr/news/detailView.do?docId=01100201.19901228000000212&returnCnt=1&sectionDiv=1000 (BigKinds, 국민일보 1990-12-28, '박 체육 의원겸직 밝혀', accessed 2026-09-26T13:56:59-0400). Text reads '박철언 체육청소년부장관은 28일 민자당 전국구의 원직을 유지,사퇴하지 않고 장관과 의원직을 겸직하겠다고 밝혔다'",체육청소년부,1990-12-27,박철언
P28a037ad-epb-1-g01,최각규,민주자유당,high,True,ok,"13th term, 지역구 강원 강릉시, elected 1988 under 신민주공화당, seat 1988-05-30 to 1992-05-29. He did not run in the 14th election. 중앙일보 1992-02-18 describes 강릉 as open because the sitting member 최각규 부총리 gave up running, and 매일경제 1992-03-05 reports that he was left off the 민자당 PR list. With no 14th-term spell, the seat ends at the 13th term end while the row runs to 1993-02-24, so share 0.6323 is right. https://www.bigkinds.or.kr/news/detailView.do?docId=01100901.19920218082029001&returnCnt=1&sectionDiv=1000 (BigKinds, 중앙일보 1992-02-18, '강릉 5명 난립 “문중대결”(총선 열전현장:19)', accessed 2026-09-27T23:07:37-0400). Text reads '강원 강릉 현역의원 최각규 부총리의 출마포기에 따른 무주공산에서' | https://newslibrary.naver.com/viewer/index.naver?articleId=1992030500099202001&editNo=1&printCount=1&publishDate=1992-03-05&officeId=00009&pageNo=2&printNo=8046&publishType=00020 (Naver News Library, 매일경제 1992-03-05 p.2, '民自(민자) 全國區(전국구) 54명 발표', accessed 2026-09-27T23:06:08-0400). Text reads '그러나 共和系(공화계)인 崔玨圭(최각규)부총리와 崔載九(최재구)고문,民主系(민주계)의 金命潤(김명윤)고문은 제외됐다'","{""mp_party_at_appt"": ""민주자유당""}",confirmed,"https://newslibrary.naver.com/viewer/index.naver?articleId=1991021800329201001&editNo=3&printCount=1&publishDate=1991-02-18&officeId=00032&pageNo=1&printNo=13970&publishType=00020 (Naver News Library, 경향신문 1991-02-18 p.1, '부총리(企劃院(기획원))崔珏圭(최각규)씨내정', accessed 2026-09-26T21:42:11-0400). Text reads '李(이)경제기획원장관 겸 부총리의 후임에 崔珏圭民自黨(최각규민자당)정책위의장이 ... 내정된것으로 알려졌다' ;; https://newslibrary.naver.com/viewer/index.naver?articleId=1991021900099201011&editNo=1&printCount=1&publishDate=1991-02-19&officeId=00009&pageNo=1&printNo=7720&publishType=00020 (Naver News Library, 매일경제 1991-02-19 p.1, '盧(노)대통령 임명장 수여', accessed 2026-09-26T09:28:50-0400). Text reads '盧泰愚(노태우)대통령은 19일상오 신임 崔珏圭(최각규)부총리겸경제기획원장관 ... 에게 임명장을 수여했다'",경제기획원,1991-02-19,최각규
Pfe437f92-special-1-g01,최형우,민주자유당,high,True,ok,"13th term, 지역구 부산 동래구을, elected 1988 under 통일민주당, seat 1988-05-30 to 1992-05-29, then re-elected for the same district in 1992 under 민자당 (14th seat from 1992-05-30). The seat was continuous through the row end 1992-05-25, share 1.0 is right. https://www.bigkinds.or.kr/news/detailView.do?docId=01200101.19920325180412102&returnCnt=1&sectionDiv=1000 (BigKinds, 경기일보 1992-03-25, '全國 국회의원 당선자', accessed 2026-09-27T23:12:22-0400). Text reads '▲동래을 최형우(자)'","{""mp_party_at_appt"": ""민주자유당""}",confirmed,"https://newslibrary.naver.com/viewer/index.naver?articleId=1991071900239101007&editNo=1&printCount=1&publishDate=1991-07-19&officeId=00023&pageNo=1&printNo=21697&publishType=00010 (Naver News Library, 조선일보 1991-07-19 p.1, '정무1장관에 崔炯佑(최형우)의원', accessed 2026-09-26T12:51:40-0400). Text reads '국회동자위원장인 崔炯佑(최형우)의원(民自(민자))을임명했다' ;; https://newslibrary.naver.com/viewer/index.naver?articleId=1991071900209201013&editNo=2&printCount=1&publishDate=1991-07-19&officeId=00020&pageNo=1&printNo=21537&publishType=00020 (Naver News Library, 동아일보 1991-07-19 p.1, '政務(정무)1장관 崔炯佑(최형우)의원', accessed 2026-09-26T12:51:43-0400). Text reads '盧泰愚(노태우)대통령은 19일 崔炯佑(최형우)신임정무제1장관(民自(민자)·국회동자위원장)에게임명장을 주었다'",정무장관(제1),1991-07-19,최형우
Pfaa57b46-special-1-g01,김용채,민주자유당,high,True,ok,"On 1992-05-25 he held the 13th-term seat, 지역구 서울 노원구을, elected 1988 under 신민주공화당 (1988-05-30 to 1992-05-29). He had won the same district in the 14th election as 민자당, so a 14th-term seat followed from 1992-05-30. A recount in 임채정's election suit at the Supreme Court reversed the result before 1992-07-22, when he resigned as minister (the row end), and the Supreme Court voided his election on 1992-09-08 (서울신문 1992-09-09), which matches the NA end of the 14th spell. The seat therefore covered the whole row and share 1.0 is right. The fields describe the 13th-term seat held on the start date. https://newslibrary.naver.com/viewer/index.naver?articleId=1992072300289101008&editNo=5&printCount=1&publishDate=1992-07-23&officeId=00028&pageNo=1&printNo=1294&publishType=00010 (Naver News Library, 한겨레 1992-07-23 p.1, '정무1장관에 김종호씨', accessed 2026-09-26T12:52:00-0400). Text reads '14대 총선 노원을 재검표 결과 의원직을상실하게 돼 정무1장관직을 사임한 김용채씨' | https://www.bigkinds.or.kr/news/detailView.do?docId=01100611.20160421162402746&returnCnt=1&sectionDiv=1000 (BigKinds, 서울신문 1992-09-09, '김용채씨 당선 무효/대법원 어제 선고', accessed 2026-09-27T23:07:39-0400). Text reads '대법원특별2부 ... 8일 ... 당초 당선자인 민자당 김용채후보의 당선무효를 선고했다' | https://www.bigkinds.or.kr/news/detailView.do?docId=01101001.19920812000000205&returnCnt=1&sectionDiv=1000 (BigKinds, 한겨레 1992-08-12, '노원을 당선무효/내달 8일 선고', accessed 2026-09-27T23:22:31-0400). Text reads '대법원 특별2부(주심 최재호 대법관)는 11일 서울 노원을구 민주당 임채정 후보가 낸 당선무효 소송 결심공판을 열고 임 후보의 득표수가 애초 당선자였던 민자당 김용채 후보보다 1백72표 더 많은 것으로 확인된 재검표 결과를 받아들여'","{""mp_party_at_appt"": ""민주자유당""}",confirmed,"https://newslibrary.naver.com/viewer/index.naver?articleId=1992052400239101002&editNo=1&printCount=1&publishDate=1992-05-24&officeId=00023&pageNo=1&printNo=21998&publishType=00010 (Naver News Library, 조선일보 1992-05-24 p.1, '民自党(민자당)4役(역) 전원 교체', accessed 2026-09-27T23:07:29-0400). Text reads '民自党(민자당) 총재인 盧泰愚(노태우)대통령은 23일 오후 党(당)4役(역)전원을 교체하는 당직개편을 전격 단행 ... 정무1장관에는金鎔采(김용채)의원이 임명됐다' ;; https://newslibrary.naver.com/viewer/index.naver?articleId=1992052400239104010&editNo=1&printCount=1&publishDate=1992-05-24&officeId=00023&pageNo=4&printNo=21998&publishType=00010 (Naver News Library, 조선일보 1992-05-24 p.4, '共和系(공화계) YS 지지 그룹 선봉장', accessed 2026-09-27T23:07:31-0400). Profile reads '旧(구)공화당뿌리에서 커온5選(선)의원으로 民自(민자) 공화계내에서 YS지지의 선봉장역을 자임' ;; https://www.bigkinds.or.kr/news/detailView.do?docId=01100101.19920526000000210&returnCnt=1&sectionDiv=1000 (BigKinds, 경향신문 1992-05-26, '당 4역에 임명장/노 대통령', accessed 2026-09-26T10:25:49-0400). Text reads '노태우대통령은 25일 상오 청와대에서 민자당의 ... 김용채 정무1장관 등 신임 당4역에게 임명장을 수여했다'",정무장관(제1),1992-05-25,김용채
P1fe75e84-special-1-g01,김종호,민주자유당,high,False,ok,"14th term, 지역구 충북 괴산군, elected 1992 under 민자당, seat 1992-05-30 to 1996-05-29 (NA API and Wikipedia list agree). Seat covers the row to 1992-10-09, share 1.0 is right.",{},confirmed,"https://newslibrary.naver.com/viewer/index.naver?articleId=1992072300239101003&editNo=1&printCount=1&publishDate=1992-07-23&officeId=00023&pageNo=1&printNo=22058&publishType=00010 (Naver News Library, 조선일보 1992-07-23 p.1, '정무1장관 金宗鎬(김종호)씨', accessed 2026-09-26T12:52:01-0400). Text reads '盧泰愚(노태우)대통령은 22일 ... 金鎔采(김용채)정무1장관의 후임으로 民自党(민자당) 金宗鎬(김종호)의원을 임명했다' ;; https://newslibrary.naver.com/viewer/index.naver?articleId=1992072300329101003&editNo=15&printCount=1&publishDate=1992-07-23&officeId=00032&pageNo=1&printNo=14474&publishType=00010 (Naver News Library, 경향신문 1992-07-23 p.1, '政務(정무)1장관 金宗鎬(김종호)의원 임명', accessed 2026-09-27T23:07:33-0400). Text reads '金宗鎬民自黨(김종호민자당)의원〈사진〉을 임명했다' and the profile lists '▲民自黨(민자당)원내총무'",정무장관(제1),1992-07-24,김종호
P8b6160db-pm-1-g02,황인성,민주자유당,high,False,ok,"14th term, 지역구 전북 진안·무주·장수군, elected 1992 under 민자당, seat 1992-05-30 to 1996-05-29 (NA API and Wikipedia list agree). The 1993-02-24 경향신문 report on his plan to hold the seat together with the premiership agrees with the NA record of no resignation. Seat covers the row to 1993-12-16, share 1.0 is right.",{},confirmed,"https://newslibrary.naver.com/viewer/index.naver?articleId=1993022400329101001&editNo=15&printCount=1&publishDate=1993-02-24&officeId=00032&pageNo=1&printNo=14682&publishType=00010 (Naver News Library, 경향신문 1993-02-24 p.1, '民自(민자) 黨職(당직) 전면개편', accessed 2026-09-27T23:08:50-0400). Text reads '民自黨(민자당)총재인 金泳三(김영삼)차기대통령은 黃寅性(황인성)정책위의장의 총리내정과 ... 당직개편이 불가피해짐에따라' ;; https://newslibrary.naver.com/viewer/index.naver?articleId=1993022400329102004&editNo=15&printCount=1&publishDate=1993-02-24&officeId=00032&pageNo=2&printNo=14682&publishType=00010 (Naver News Library, 경향신문 1993-02-24 p.2, '黃(황)총리지명자 議員(의원)사퇴마땅 朴(박) 民主(민주)대변인', accessed 2026-09-27T23:08:52-0400). Text reads '黃寅性(황인성)총리지명자의의원직 겸직방침과 관련' ;; https://newslibrary.naver.com/viewer/index.naver?articleId=1993022600209202002&editNo=1&printCount=1&publishDate=1993-02-26&officeId=00020&pageNo=2&printNo=22097&publishType=00020 (Naver News Library, 동아일보 1993-02-26 p.2, '철저한 保安(보안)…새벽 通報(통보)도', accessed 2026-09-27T23:09:12-0400). Text reads '金(김)대통령은 25일오후2시 黃寅性(황인성)신임총리에게 임명장을 수여한뒤' ;; https://www.bigkinds.or.kr/news/detailView.do?docId=01100101.19930223000000301&returnCnt=1&sectionDiv=1000 (BigKinds, 경향신문 1993-02-23, '행정은 「실무」 사정은 「개혁」/새 총리·감사원장 인선성격', accessed 2026-09-27T23:22:05-0400). Text reads '22일 단행된 김영삼 차기대통령의 국무총리와 감사원장의 인선 내용은' ;; https://newslibrary.naver.com/viewer/index.naver?articleId=1993022600239101002&editNo=1&printCount=1&publishDate=1993-02-26&officeId=00023&pageNo=1&printNo=22269&publishType=00010 (Naver News Library, 조선일보 1993-02-26 p.1, '""다시 세계로 雄飛(웅비)하자""', accessed 2026-09-26T13:23:51-0400). Text reads '국회는 金(김)대통령 취임식직후 본회의를 열어 黃寅性(황인성)국무총리와 李會昌(이회창)감사원장 千慶松(천경송)대법관에 대한임명동의안을 각각 통과시켰다'",국무총리,1993-02-25,황인성
Pccb491bc-culture-1-g02,이민섭,민주자유당,high,False,ok,"14th term, 지역구 강원 춘천시·양구·인제군, elected 1992 under 민자당, seat 1992-05-30 onward (NA API and Wikipedia list agree). Sitting member on the appointment date, and the seat covers the row, so share 1.0 is right. The row ends 1993-03-05, when the office became 문화체육부장관 (next row).",{},confirmed,"https://newslibrary.naver.com/viewer/index.naver?articleId=1993022700289101001&editNo=5&printCount=1&publishDate=1993-02-27&officeId=00028&pageNo=1&printNo=1487&publishType=00010 (Naver News Library, 한겨레 1993-02-27 p.1, '부총리 이경식(기획원장 관)한완상(통일원장 관)', accessed 2026-09-26T09:12:18-0400). Cabinet list reads '△문화체육＝이민섭민자당 의원' ;; https://newslibrary.naver.com/viewer/index.naver?articleId=1993022600209202001&editNo=1&printCount=1&publishDate=1993-02-26&officeId=00020&pageNo=2&printNo=22097&publishType=00020 (Naver News Library, 동아일보 1993-02-26 p.2, '새政府(정부) 組閣(조각) 文民(문민)색채 비중「실험內閣(내각)」인상', accessed 2026-09-26T21:34:52-0400). Text reads '내무(李海龜(이해구))법무(朴熺太(박희태))문화체육(李敏燮(이민섭))노동(李仁濟(이인제))정무1장관(金德龍(김덕룡))이 모두 현民自黨(민자당)의원이다'",문화부,1993-02-26,이민섭
Pd26dc14a-interior-1-g02,이해구,민주자유당,high,False,ok,"14th term, 지역구 경기 안성군, elected 1992 under 민자당, seat 1992-05-30 onward (NA API and Wikipedia list agree). Sitting member on the appointment date, and the seat covers the row, so share 1.0 is right.",{},confirmed,"https://newslibrary.naver.com/viewer/index.naver?articleId=1993022700289101001&editNo=5&printCount=1&publishDate=1993-02-27&officeId=00028&pageNo=1&printNo=1487&publishType=00010 (Naver News Library, 한겨레 1993-02-27 p.1, '부총리 이경식(기획원장 관)한완상(통일원장 관)', accessed 2026-09-26T09:12:18-0400). Cabinet list reads '△내무＝이해구 민자당 의원' ;; https://newslibrary.naver.com/viewer/index.naver?articleId=1993022600209202001&editNo=1&printCount=1&publishDate=1993-02-26&officeId=00020&pageNo=2&printNo=22097&publishType=00020 (Naver News Library, 동아일보 1993-02-26 p.2, '새政府(정부) 組閣(조각) 文民(문민)색채 비중「실험內閣(내각)」인상', accessed 2026-09-26T21:34:52-0400). Text reads '내무(李海龜(이해구))법무(朴熺太(박희태))문화체육(李敏燮(이민섭))노동(李仁濟(이인제))정무1장관(金德龍(김덕룡))이 모두 현民自黨(민자당)의원이다'",내무부,1993-02-26,이해구
P9dd915ab-justice-1-g02,박희태,민주자유당,high,False,ok,"14th term, 지역구 경남 남해·하동군, elected 1992 under 민자당, seat 1992-05-30 onward (NA API and Wikipedia list agree). Sitting member on the appointment date, and the seat covers the row, so share 1.0 is right.",{},confirmed,"https://newslibrary.naver.com/viewer/index.naver?articleId=1993022700289101001&editNo=5&printCount=1&publishDate=1993-02-27&officeId=00028&pageNo=1&printNo=1487&publishType=00010 (Naver News Library, 한겨레 1993-02-27 p.1, '부총리 이경식(기획원장 관)한완상(통일원장 관)', accessed 2026-09-26T09:12:18-0400). Cabinet list reads '△법무＝박희태 민자당 대변인' ;; https://newslibrary.naver.com/viewer/index.naver?articleId=1993022600209202001&editNo=1&printCount=1&publishDate=1993-02-26&officeId=00020&pageNo=2&printNo=22097&publishType=00020 (Naver News Library, 동아일보 1993-02-26 p.2, '새政府(정부) 組閣(조각) 文民(문민)색채 비중「실험內閣(내각)」인상', accessed 2026-09-26T21:34:52-0400). Text reads '내무(李海龜(이해구))법무(朴熺太(박희태))문화체육(李敏燮(이민섭))노동(李仁濟(이인제))정무1장관(金德龍(김덕룡))이 모두 현民自黨(민자당)의원이다'",법무부,1993-02-26,박희태
P746faf46-labor-1-g02,이인제,민주자유당,high,False,ok,"14th term, 지역구 경기 안양시갑, elected 1992 under 민자당, seat 1992-05-30 onward (NA API and Wikipedia list agree). Sitting member on the appointment date, and the seat covers the row, so share 1.0 is right. The seat ended on 1995-06-07 when he resigned to run for 경기지사, after the row end, so it does not affect this row.",{},confirmed,"https://newslibrary.naver.com/viewer/index.naver?articleId=1993022700289101001&editNo=5&printCount=1&publishDate=1993-02-27&officeId=00028&pageNo=1&printNo=1487&publishType=00010 (Naver News Library, 한겨레 1993-02-27 p.1, '부총리 이경식(기획원장 관)한완상(통일원장 관)', accessed 2026-09-26T09:12:18-0400). Cabinet list reads '△노동＝이인제 민자당 의원' ;; https://newslibrary.naver.com/viewer/index.naver?articleId=1993022600209202001&editNo=1&printCount=1&publishDate=1993-02-26&officeId=00020&pageNo=2&printNo=22097&publishType=00020 (Naver News Library, 동아일보 1993-02-26 p.2, '새政府(정부) 組閣(조각) 文民(문민)색채 비중「실험內閣(내각)」인상', accessed 2026-09-26T21:34:52-0400). Text reads '내무(李海龜(이해구))법무(朴熺太(박희태))문화체육(李敏燮(이민섭))노동(李仁濟(이인제))정무1장관(金德龍(김덕룡))이 모두 현民自黨(민자당)의원이다'",노동부,1993-02-26,이인제
Pe15dc8b7-special-1-g02,김덕룡,민주자유당,high,False,ok,"14th term, 지역구 서울 서초구을, elected 1992 under 민자당, seat 1992-05-30 onward (NA API and Wikipedia list agree). Sitting member on the appointment date, and the seat covers the row, so share 1.0 is right.",{},confirmed,"https://newslibrary.naver.com/viewer/index.naver?articleId=1993022700289101001&editNo=5&printCount=1&publishDate=1993-02-27&officeId=00028&pageNo=1&printNo=1487&publishType=00010 (Naver News Library, 한겨레 1993-02-27 p.1, '부총리 이경식(기획원장 관)한완상(통일원장 관)', accessed 2026-09-26T09:12:18-0400). Cabinet list reads '△정무1＝김덕룡 민자당 의원' ;; https://newslibrary.naver.com/viewer/index.naver?articleId=1993022600209202001&editNo=1&printCount=1&publishDate=1993-02-26&officeId=00020&pageNo=2&printNo=22097&publishType=00020 (Naver News Library, 동아일보 1993-02-26 p.2, '새政府(정부) 組閣(조각) 文民(문민)색채 비중「실험內閣(내각)」인상', accessed 2026-09-26T21:34:52-0400). Text reads '내무(李海龜(이해구))법무(朴熺太(박희태))문화체육(李敏燮(이민섭))노동(李仁濟(이인제))정무1장관(金德龍(김덕룡))이 모두 현民自黨(민자당)의원이다'",정무장관(제1),1993-02-26,김덕룡
Pccb491bc-culture-2-g02,이민섭,민주자유당,high,False,ok,"14th term, 지역구 강원 춘천시·양구·인제군, elected 1992 under 민자당, seat 1992-05-30 to 1996-05-29. Seat covers the row to 1994-12-23, share 1.0 is right. In the 경향신문 interview he defends holding the district seat together with the ministry.",{},confirmed,"https://www.bigkinds.or.kr/news/detailView.do?docId=01100611.20160421224200497&returnCnt=1&sectionDiv=1000 (BigKinds, 서울신문 1993-03-16, '문화체육부장관 이민섭씨(인터뷰)', accessed 2026-09-27T23:10:23-0400). 서울신문 interview. Text reads '이장관은 춘천·양구·인제를 지역구로 하는 민자당 현역 4선의원' ;; https://newslibrary.naver.com/viewer/index.naver?articleId=1993022700289101001&editNo=5&printCount=1&publishDate=1993-02-27&officeId=00028&pageNo=1&printNo=1487&publishType=00010 (Naver News Library, 한겨레 1993-02-27 p.1, '부총리 이경식(기획원장 관)한완상(통일원장 관)', accessed 2026-09-26T09:12:18-0400). Appointment list of 1993-02-26 reads '△문화체육＝이민섭민자당 의원'",문화체육부,1993-03-06,이민섭
P370a901c-health-1-g02,서상목,민주자유당,high,False,ok,"14th term, 전국구 (민자당 list, rank 21), seat 1992-05-30 to 1996-05-29. He kept the PR seat as minister. Seat covers the row to 1994-12-22, share 1.0 is right. https://newslibrary.naver.com/viewer/index.naver?articleId=1992030600239101001&editNo=1&printCount=1&publishDate=1992-03-06&officeId=00023&pageNo=1&printNo=21921&publishType=00010 (Naver News Library, 조선일보 1992-03-06 p.1, '民自(민자) 전국구 54명 발표', accessed 2026-09-27T23:11:16-0400). Text reads '徐相穆(서상목)의원이 21번으로 각각 재공천됐다'",{},confirmed,"https://newslibrary.naver.com/viewer/index.naver?articleId=1993122200239101023&editNo=1&printCount=1&publishDate=1993-12-22&officeId=00023&pageNo=1&printNo=22553&publishType=00010 (Naver News Library, 조선일보 1993-12-22 p.1, '부총리 丁渽錫(정재석) (경제) ·李榮德(이영덕) (통일) 씨', accessed 2026-09-26T21:29:37-0400). Text reads '보건사회부장관에는 徐相穆(서상목)민자당정책실장' and '새 각료로는 현직의원3명을 포함,民自黨(민자당)에서5명이 입각했고' ;; https://newslibrary.naver.com/viewer/index.naver?articleId=1993122300239102007&editNo=1&printCount=1&publishDate=1993-12-23&officeId=00023&pageNo=2&printNo=22554&publishType=00010 (Naver News Library, 조선일보 1993-12-23 p.2, '李(이)총리""모두 實勢(실세)가 됩시다""', accessed 2026-09-26T13:32:33-0400). Text reads '「李會昌(이회창)내각」이 22일 오전 10시 ... 출범식을 가졌다.14명의 신임국무위원들이청와대에서 임명장을 받은뒤'",보건사회부,1993-12-22,서상목
Pfe437f92-interior-1-g02,최형우,민주자유당,high,False,ok,"14th term, 지역구 부산 동래구을, elected 1992 under 민자당, seat 1992-05-30 to 1996-05-29. Seat covers the row to 1994-12-24, share 1.0 is right.",{},confirmed,"https://newslibrary.naver.com/viewer/index.naver?articleId=1993122200239101023&editNo=1&printCount=1&publishDate=1993-12-22&officeId=00023&pageNo=1&printNo=22553&publishType=00010 (Naver News Library, 조선일보 1993-12-22 p.1, '부총리 丁渽錫(정재석) (경제) ·李榮德(이영덕) (통일) 씨', accessed 2026-09-26T21:29:37-0400). Text reads '내무장관에는崔炯佑(최형우) 民自黨(민자당)의원' ;; https://newslibrary.naver.com/viewer/index.naver?articleId=1993122300239102007&editNo=1&printCount=1&publishDate=1993-12-23&officeId=00023&pageNo=2&printNo=22554&publishType=00010 (Naver News Library, 조선일보 1993-12-23 p.2, '李(이)총리""모두 實勢(실세)가 됩시다""', accessed 2026-09-26T13:32:33-0400). Text reads '「李會昌(이회창)내각」이 22일 오전 10시 ... 출범식을 가졌다.14명의 신임국무위원들이청와대에서 임명장을 받은뒤'",내무부,1993-12-22,최형우
Pf194d258-special-1-g02,서청원,민주자유당,high,False,ok,"14th term, 지역구 서울 동작구갑, elected 1992 under 민자당, seat 1992-05-30 to 1996-05-29. Seat covers the row to 1994-12-24, share 1.0 is right.",{},confirmed,"https://newslibrary.naver.com/viewer/index.naver?articleId=1993122200239101023&editNo=1&printCount=1&publishDate=1993-12-22&officeId=00023&pageNo=1&printNo=22553&publishType=00010 (Naver News Library, 조선일보 1993-12-22 p.1, '부총리 丁渽錫(정재석) (경제) ·李榮德(이영덕) (통일) 씨', accessed 2026-09-26T21:29:37-0400). Text reads '정무1장관에는 徐淸源(서청원)민자당의원이' ;; https://newslibrary.naver.com/viewer/index.naver?articleId=1993122300239102007&editNo=1&printCount=1&publishDate=1993-12-23&officeId=00023&pageNo=2&printNo=22554&publishType=00010 (Naver News Library, 조선일보 1993-12-23 p.2, '李(이)총리""모두 實勢(실세)가 됩시다""', accessed 2026-09-26T13:32:33-0400). Text reads '「李會昌(이회창)내각」이 22일 오전 10시 ... 출범식을 가졌다.14명의 신임국무위원들이청와대에서 임명장을 받은뒤'",정무장관(제1),1993-12-22,서청원
P370a901c-health-2-g02,서상목,민주자유당,high,False,ok,"14th term, 전국구 (민자당 list rank 21), seat 1992-05-30 to 1996-05-29. Seat covers the row to 1995-05-15, share 1.0 is right.",{},confirmed,"https://newslibrary.naver.com/viewer/index.naver?articleId=1994122400329104004&editNo=20&printCount=1&publishDate=1994-12-24&officeId=00032&pageNo=4&printNo=15292&publishType=00010 (Naver News Library, 경향신문 1994-12-24 p.4, '「新(신)민주系(계)」3명 入閣(입각) 대약진', accessed 2026-09-26T09:49:33-0400). Text reads '민정계는 徐相穆(서상목)보건복지장관이 유임되고' and '의원겸직장관은 ... 유임된 徐相穆(서상목)보건복지부장관과 함께 4명을유지하고있다. 4명 모두민정계라는 것이 특징이다' ;; https://newslibrary.naver.com/viewer/index.naver?articleId=1994122400209101001&editNo=45&printCount=1&publishDate=1994-12-24&officeId=00020&pageNo=1&printNo=22721&publishType=00010 (Naver News Library, 동아일보 1994-12-24 p.1, '19部處(부처)장관 경질 大改閣(대개각)', accessed 2026-09-26T09:30:07-0400). Cabinet list reads '△보건복지 徐相穆(서상목)보사장관'",보건복지부,1994-12-23,서상목
Pa0825ae2-environment-1-g02,김중위,민주자유당,high,False,ok,"14th term, 지역구 서울 강동구을, elected 1992 under 민자당, seat 1992-05-30 to 1996-05-29. The 1992 winners list confirms 강동을. 중앙일보 1994-12-24 writes '서울강동갑', which is a misprint. Seat covers the row to 1995-12-20, share 1.0 is right. https://www.bigkinds.or.kr/news/detailView.do?docId=01200101.19920325180412102&returnCnt=1&sectionDiv=1000 (BigKinds, 경기일보 1992-03-25, '全國 국회의원 당선자', accessed 2026-09-27T23:12:22-0400). Text reads '▲강동갑 이부영(주) ▲강동을 김중위(자)'",{},confirmed,"https://newslibrary.naver.com/viewer/index.naver?articleId=1994122400209101001&editNo=45&printCount=1&publishDate=1994-12-24&officeId=00020&pageNo=1&printNo=22721&publishType=00010 (Naver News Library, 동아일보 1994-12-24 p.1, '19部處(부처)장관 경질 大改閣(대개각)', accessed 2026-09-26T09:30:07-0400). Text reads '△환경金重緯民自(김중위민자)의원' ;; https://newslibrary.naver.com/viewer/index.naver?articleId=1994122400239101001&editNo=1&printCount=1&publishDate=1994-12-24&officeId=00023&pageNo=1&printNo=22895&publishType=00010 (Naver News Library, 조선일보 1994-12-24 p.1, '부총리 洪在馨(홍재형) (경제) 金悳(김덕) (통일) 씨', accessed 2026-09-26T10:09:09-0400). Text reads '환경부장관에 金重緯(김중위)민자당의원' ;; https://www.bigkinds.or.kr/news/detailView.do?docId=01101101.19941225000000102&returnCnt=1&sectionDiv=1000 (BigKinds, 한국일보 1994-12-25, '“세계화가　새내각　임무”/국가 경쟁력　강화 등　강조', accessed 2026-09-26T09:34:35-0400). Text reads '김영삼대통령은　24일 ... 청와대에서　홍재형 경제부총리를　비롯한　신임각료와　청와대수석진에게　임명장을　수여한　뒤'",환경부,1994-12-24,김중위
P123b3473-interior-1-g02,김용태,민주자유당,high,False,ok,"14th term, 지역구 대구 북구, elected 1992 under 민자당, seat 1992-05-30 to 1996-05-29. The 1992 winners list confirms the district. Seat covers the row to 1995-12-21, share 1.0 is right. https://www.bigkinds.or.kr/news/detailView.do?docId=01200101.19920325180412102&returnCnt=1&sectionDiv=1000 (BigKinds, 경기일보 1992-03-25, '全國 국회의원 당선자', accessed 2026-09-27T23:12:22-0400). Text reads '▲북 김용태(자)' under 대구",{},confirmed,"https://newslibrary.naver.com/viewer/index.naver?articleId=1994122400209101001&editNo=45&printCount=1&publishDate=1994-12-24&officeId=00020&pageNo=1&printNo=22721&publishType=00010 (Naver News Library, 동아일보 1994-12-24 p.1, '19部處(부처)장관 경질 大改閣(대개각)', accessed 2026-09-26T09:30:07-0400). Text reads '△내무 金瑢泰民自(김용태민자)의원' ;; https://newslibrary.naver.com/viewer/index.naver?articleId=1994122400329104004&editNo=20&printCount=1&publishDate=1994-12-24&officeId=00032&pageNo=4&printNo=15292&publishType=00010 (Naver News Library, 경향신문 1994-12-24 p.4, '「新(신)민주系(계)」3명 入閣(입각) 대약진', accessed 2026-09-26T09:49:33-0400). Text reads '민정계는 ... 金瑢泰(김용태)내무장관 ... 새롭게 가세해' ;; https://www.bigkinds.or.kr/news/detailView.do?docId=01101101.19941225000000102&returnCnt=1&sectionDiv=1000 (BigKinds, 한국일보 1994-12-25, '“세계화가　새내각　임무”/국가 경쟁력　강화 등　강조', accessed 2026-09-26T09:34:35-0400). Text reads '김영삼대통령은　24일 ... 청와대에서　홍재형 경제부총리를　비롯한　신임각료와　청와대수석진에게　임명장을　수여한　뒤'",내무부,1994-12-24,김용태
Pb4b6c11d-special-3-g02,김윤환,민주자유당,high,False,ok,"14th term, 지역구 경북 군위·선산군, elected 1992 under 민자당, seat 1992-05-30 to 1996-05-29. The 1992 winners list confirms the district. Seat covers the row to 1995-07-04, share 1.0 is right. https://www.bigkinds.or.kr/news/detailView.do?docId=01200101.19920325180412102&returnCnt=1&sectionDiv=1000 (BigKinds, 경기일보 1992-03-25, '全國 국회의원 당선자', accessed 2026-09-27T23:12:22-0400). Text reads '▲군위 선산 김윤환(자)'",{},confirmed,"https://newslibrary.naver.com/viewer/index.naver?articleId=1994122400209101001&editNo=45&printCount=1&publishDate=1994-12-24&officeId=00020&pageNo=1&printNo=22721&publishType=00010 (Naver News Library, 동아일보 1994-12-24 p.1, '19部處(부처)장관 경질 大改閣(대개각)', accessed 2026-09-26T09:30:07-0400). Text reads '△정무1 金潤煥民自(김윤환민자)의원' ;; https://newslibrary.naver.com/viewer/index.naver?articleId=1994122400329104004&editNo=20&printCount=1&publishDate=1994-12-24&officeId=00032&pageNo=4&printNo=15292&publishType=00010 (Naver News Library, 경향신문 1994-12-24 p.4, '「新(신)민주系(계)」3명 入閣(입각) 대약진', accessed 2026-09-26T09:49:33-0400). Text reads '민주계가 맡고있었던 내무,정무1장관자리를 민정계의 TK(대구 경북)출신 의원들이 맡았다' and '金潤煥(김윤환)정무1장관' ;; https://www.bigkinds.or.kr/news/detailView.do?docId=01101101.19941225000000102&returnCnt=1&sectionDiv=1000 (BigKinds, 한국일보 1994-12-25, '“세계화가　새내각　임무”/국가 경쟁력　강화 등　강조', accessed 2026-09-26T09:34:35-0400). Text reads '김영삼대통령은　24일 ... 청와대에서　홍재형 경제부총리를　비롯한　신임각료와　청와대수석진에게　임명장을　수여한　뒤'",정무장관(제1),1994-12-24,김윤환
P6eb0a064-unification-1-g02,나웅배,민주자유당,high,False,ok,"14th term, 지역구 서울 영등포구을, elected 1992 under 민자당, seat 1992-05-30 to 1996-05-29. The 1992 winners list confirms the district. Seat covers the row to 1995-12-21, share 1.0 is right. https://www.bigkinds.or.kr/news/detailView.do?docId=01200101.19920325180412102&returnCnt=1&sectionDiv=1000 (BigKinds, 경기일보 1992-03-25, '全國 국회의원 당선자', accessed 2026-09-27T23:12:22-0400). Text reads '▲영등포을 나웅배(자)'",{},confirmed,"https://newslibrary.naver.com/viewer/index.naver?articleId=1995022200239101014&editNo=1&printCount=1&publishDate=1995-02-22&officeId=00023&pageNo=1&printNo=22950&publishType=00010 (Naver News Library, 조선일보 1995-02-22 p.1, '金悳(김덕)부총리 전격 해임', accessed 2026-09-27T23:14:02-0400). Text reads '羅(나)신임부총리는서울대교수 출신으로 ... 4選(선)의원으로,민자당 정책위의장과 국회외무통일위원장을지낸 경제정책통이다' ;; https://www.bigkinds.or.kr/news/detailView.do?docId=02100101.20160113040655795&returnCnt=1&sectionDiv=1000 (BigKinds, 매일경제 1995-02-22, '새 통일부총리 나웅배/그는 누구인가', accessed 2026-09-27T23:14:07-0400). 매일경제 profile. Text reads '나웅배 외무통일위원장(민자.영등포을)은 이번에 신임통일부총리로 결정됨에 따라' ;; https://www.bigkinds.or.kr/news/detailView.do?docId=01101101.19950223000000403&returnCnt=1&sectionDiv=1000 (BigKinds, 한국일보 1995-02-23, '사령탑 잦은경질/통일정책　불안하다/안보·경제보다　정치논리가　좌우', accessed 2026-09-26T09:28:46-0400). Text reads '나웅배 신임부총리는　22일　취임식에서'",통일원,1995-02-22,나웅배
Pa31f65d8-health-1-g02,이성호,민주자유당,high,False,ok,"14th term, 지역구 경기 미금·남양주시, elected 1992 under 민자당, seat 1992-05-30 to 1996-05-29 (NA API and Wikipedia list agree). 조선일보 1995-05-16 gives the same district. Seat covers the row to 1995-12-21, share 1.0 is right.",{},confirmed,"https://newslibrary.naver.com/viewer/index.naver?articleId=1995051600239101015&editNo=1&printCount=1&publishDate=1995-05-16&officeId=00023&pageNo=1&printNo=23029&publishType=00010 (Naver News Library, 조선일보 1995-05-16 p.1, '徐(서)복지장관 경질', accessed 2026-09-26T10:09:29-0400). Text reads '후임에 민자당 李聖浩(이성호)(이성호)국회의원(경기도 미금-남양주)을 임명했다' ;; https://newslibrary.naver.com/viewer/index.naver?articleId=1995051700209102011&editNo=45&printCount=1&publishDate=1995-05-17&officeId=00020&pageNo=2&printNo=22856&publishType=00010 (Naver News Library, 동아일보 1995-05-17 p.2, '신임 장관들에 임명장 金(김)대통령', accessed 2026-09-26T09:48:21-0400). Text reads '金泳三(김영삼)대통령은 16일 오전 청와대에서 신임 ... 李聖浩(이성호)보건복지부장관에게 임명장을 수여했다'",보건복지부,1995-05-16,이성호
Pd630a674-special-1-g02,김영구,민주자유당,high,False,ok,"14th term, 지역구 서울 동대문구을, elected 1992 under 민자당, seat 1992-05-30 to 1996-05-29 (NA API and Wikipedia list agree). Seat covers the row to 1995-12-21, share 1.0 is right.",{},confirmed,"https://newslibrary.naver.com/viewer/index.naver?articleId=1995070500239101003&editNo=1&printCount=1&publishDate=1995-07-05&officeId=00023&pageNo=1&printNo=23075&publishType=00010 (Naver News Library, 조선일보 1995-07-05 p.1, '民自(민자)총장 金潤煥(김윤환)씨', accessed 2026-09-27T23:15:49-0400). Text reads '민자당 총재인 金泳三(김영삼)대통령은 4일 ... 후임 정무1장관에민자당의 金榮龜(김영구)의원을 임명했다' ;; https://www.bigkinds.or.kr/news/detailView.do?docId=02100101.20160113053637661&returnCnt=1&sectionDiv=1000 (BigKinds, 매일경제 1995-07-05, '민자 사무총장 김윤환씨/정무1장관에 김영구씨', accessed 2026-09-26T10:27:19-0400). 매일경제. Text reads '김대통령는 또 후임 정무장관에 민자당 김영구의원을 임명했다' (sic) and '김대통령은 이날 오후 청와대에서 신임 사무총장과 정무장관에게 임명장을 수여했다'",정무장관(제1),1995-07-04,김영구
P6eb0a064-finance-1-g02,나웅배,신한국당,medium,True,ok,"14th term, 지역구 서울 영등포구을, elected 1992 under 민자당, seat 1992-05-30 to 1996-05-29. He declared before this appointment that he would not run in the 15th election (국민일보 1995-12-20, 서울신문 1995-12-29) and the NA file has no 15th-term spell, so the seat ended at the 14th term end while the row runs to 1996-08-09. Share 0.691 is right. https://www.bigkinds.or.kr/news/detailView.do?docId=01100201.19951220000000501&returnCnt=1&sectionDiv=1000 (BigKinds, 국민일보 1995-12-20, '12·20 개각 새얼굴', accessed 2026-09-26T21:59:53-0400). Text reads '지난번 신한국당 지구당위원장직을 내놓으며 15대 총선불출마를 선언'","{""mp_party_at_appt"": ""신한국당""}",confirmed,"https://newslibrary.naver.com/viewer/index.naver?articleId=1995123000329104005&editNo=30&printCount=1&publishDate=1995-12-30&officeId=00032&pageNo=4&printNo=15639&publishType=00010 (Naver News Library, 경향신문 1995-12-30 p.4, '신한국「不出馬(불출마) 도미노」확산 「무주공산」향해 누가 뛰나', accessed 2026-09-27T23:15:03-0400). Text reads '현재 신한국당의 지구당위원장중 공식으로 총선불출마를 선언한 인사는 10명이다. 서울에서는 羅雄培(나웅배)(영등포을)' ;; https://newslibrary.naver.com/viewer/index.naver?articleId=1995122100209101001&editNo=45&printCount=1&publishDate=1995-12-21&officeId=00020&pageNo=1&printNo=23060&publishType=00010 (Naver News Library, 동아일보 1995-12-21 p.1, '11개部(부)장관 경질', accessed 2026-09-26T09:37:39-0400). Text reads '11개部(부)장관 경질 부총리 羅雄培(나웅배)(경제)' and '金泳三(김영삼)대통령은 20일' ;; https://newslibrary.naver.com/viewer/index.naver?articleId=1995120700329101011&editNo=40&printCount=1&publishDate=1995-12-07&officeId=00032&pageNo=1&printNo=15618&publishType=00010 (Naver News Library, 경향신문 1995-12-07 p.1, '改閣(개각) 인선작업 착수', accessed 2026-09-27T23:00:55-0400). The 1995-12-06 renaming. Text reads '민자당은 이날 당무회의를 열고「신한국당」으로당명을 변경키로 의결'",재정경제원,1995-12-21,나웅배
Pe15dc8b7-special-2-g02,김덕룡,신한국당,high,True,ok,"On 1996-05-09 he held the 14th-term seat, 지역구 서울 서초구을 (elected 1992 under 민자당, 1992-05-30 to 1996-05-29). He won the same district in the 15th election under 신한국당, so a 15th-term seat followed from 1996-05-30 and the seat covered the whole row to 1996-12-20. Share 1.0 is right. The fields describe the 14th-term seat held on the start date. The 1992 winners list confirms 서초을. https://www.bigkinds.or.kr/news/detailView.do?docId=01200101.19920325180412102&returnCnt=1&sectionDiv=1000 (BigKinds, 경기일보 1992-03-25, '全國 국회의원 당선자', accessed 2026-09-27T23:12:22-0400). Text reads '▲서초을 김덕롱(자)', an OCR or typesetting variant of 김덕룡","{""mp_party_at_appt"": ""신한국당""}",confirmed,"https://newslibrary.naver.com/viewer/index.naver?articleId=1996050900209101005&editNo=45&printCount=1&publishDate=1996-05-09&officeId=00020&pageNo=1&printNo=23190&publishType=00010 (Naver News Library, 동아일보 1996-05-09 p.1, '정책의장 李相得(이상득) 원내총무 徐淸源(서청원)', accessed 2026-09-26T13:04:49-0400). Text reads '신한국당 사무총장에 姜三載(강삼재)현총장이 유임되고 ... 정무1장관에 金德龍(김덕룡)의원이 각각 임명됐다. 신한국당 총재인 金泳三(김영삼)대통령은 8일' ;; https://newslibrary.naver.com/viewer/index.naver?articleId=1996050900289101010&editNo=6&printCount=1&publishDate=1996-05-09&officeId=00028&pageNo=1&printNo=2555&publishType=00010 (Naver News Library, 한겨레 1996-05-09 p.1, '신한국 민주계중심 당직개편', accessed 2026-09-26T13:04:37-0400). 한겨레. Headline and lead '신한국 민주계중심 당직개편 ... 정무 1장관 김덕룡'",정무장관(제1),1996-05-09,김덕룡
Pd7ab5dd9-finance-1-g02,한승수,신한국당,high,False,ok,"15th term, 지역구 강원 춘천시갑, elected 1996 under 신한국당, seat 1996-05-30 to 2000-05-29 (NA API and Wikipedia list agree). Seat covers the row, share 1.0 is right.",{},confirmed,"https://newslibrary.naver.com/viewer/index.naver?articleId=1996080900209101001&editNo=45&printCount=1&publishDate=1996-08-09&officeId=00020&pageNo=1&printNo=23277&publishType=00010 (Naver News Library, 동아일보 1996-08-09 p.1, '경제부총리 韓昇洙(한승수)씨', accessed 2026-09-26T10:14:59-0400). Text reads '부총리겸 재정경제원장관에 신한국당 韓昇洙(한승수)의원을 임명하는 등' ;; https://www.bigkinds.or.kr/news/detailView.do?docId=01101101.19960810000000203&returnCnt=1&sectionDiv=1000 (BigKinds, 한국일보 1996-08-10, '김 대통령,신임각료 등에　임명장 수여', accessed 2026-09-26T10:16:13-0400). Text reads '김영삼 대통령은　9일　상오　청와대에서　한승수 경제부총리를　비롯,　강봉균 정보통신·이성호 보건복지·신상우 해양수산 ... 신임각료와 ... 각각　임명장을　주었다'",재정경제원,1996-08-09,한승수
Pa31f65d8-health-2-g02,이성호,신한국당,high,False,ok,"15th term, 지역구 경기 남양주시, elected 1996 under 신한국당, seat 1996-05-30 to 2000-05-29 (NA API and Wikipedia list agree). Seat covers the row, share 1.0 is right.",{},confirmed,"https://newslibrary.naver.com/viewer/index.naver?articleId=1996080900209101001&editNo=45&printCount=1&publishDate=1996-08-09&officeId=00020&pageNo=1&printNo=23277&publishType=00010 (Naver News Library, 동아일보 1996-08-09 p.1, '경제부총리 韓昇洙(한승수)씨', accessed 2026-09-26T10:14:59-0400). Text reads '보건복지부장관에 신한국당 李聖浩(이성호)의원을 기용했다' ;; https://www.bigkinds.or.kr/news/detailView.do?docId=01101101.19960810000000203&returnCnt=1&sectionDiv=1000 (BigKinds, 한국일보 1996-08-10, '김 대통령,신임각료 등에　임명장 수여', accessed 2026-09-26T10:16:13-0400). Text reads '김영삼 대통령은　9일　상오　청와대에서　한승수 경제부총리를　비롯,　강봉균 정보통신·이성호 보건복지·신상우 해양수산 ... 신임각료와 ... 각각　임명장을　주었다'",보건복지부,1996-08-09,이성호
P62be2a32-oceans-1-g02,신상우,신한국당,high,False,ok,"15th term, 지역구 부산 사상구을, elected 1996 under 신한국당, seat 1996-05-30 to 2000-05-29 (NA API and Wikipedia list agree). Seat covers the row, share 1.0 is right.",{},confirmed,"https://newslibrary.naver.com/viewer/index.naver?articleId=1996080900209101001&editNo=45&printCount=1&publishDate=1996-08-09&officeId=00020&pageNo=1&printNo=23277&publishType=00010 (Naver News Library, 동아일보 1996-08-09 p.1, '경제부총리 韓昇洙(한승수)씨', accessed 2026-09-26T10:14:59-0400). Text reads '초대 해양수산부장관에신한국당 辛相佑(신상우)의원을' ;; https://www.bigkinds.or.kr/news/detailView.do?docId=01101101.19960810000000203&returnCnt=1&sectionDiv=1000 (BigKinds, 한국일보 1996-08-10, '김 대통령,신임각료 등에　임명장 수여', accessed 2026-09-26T10:16:13-0400). Text reads '김영삼 대통령은　9일　상오　청와대에서　한승수 경제부총리를　비롯,　강봉균 정보통신·이성호 보건복지·신상우 해양수산 ... 신임각료와 ... 각각　임명장을　주었다'",해양수산부,1996-08-08,신상우
P73861b6b-health-1-g02,손학규,신한국당,high,False,ok,"15th term, 지역구 경기 광명시을, elected 1996 under 신한국당, seat 1996-05-30 to 1998-04-06 (resigned to run for 경기지사, after the row end). Seat covers the row to 1997-08-06, share 1.0 is right.",{},confirmed,"https://newslibrary.naver.com/viewer/index.naver?articleId=1996111400239101004&editNo=1&printCount=1&publishDate=1996-11-14&officeId=00023&pageNo=1&printNo=23541&publishType=00010 (Naver News Library, 조선일보 1996-11-14 p.1, '복지부장관 경질', accessed 2026-09-26T10:11:34-0400). Text reads '金泳三(김영삼)(김영삼)대통령은13일 李聖浩(이성호)(이성호)보건복지부장관의 사표를 수리하고 신한국당 孫鶴圭(손학규)(손학규)의원을 새 보건복지부 장관에 임명했다'",보건복지부,1996-11-13,손학규
Pb4213058-environment-1-g02,강현욱,신한국당,high,False,ok,"15th term, 지역구 전북 군산시을, elected 1996 under 신한국당 (한국일보 1996-04-12), seat 1996-05-30 to 2000-05-29. Seat covers the row to 1997-08-06, share 1.0 is right. https://www.bigkinds.or.kr/news/detailView.do?docId=01101101.19960412000003804&returnCnt=1&sectionDiv=1000 (BigKinds, 한국일보 1996-04-12, '4·11 드라마 화제의 당선자들', accessed 2026-09-27T23:19:16-0400). Text reads '국민회의의 텃밭인 호남지역에서 유일하게 신한국당소속 후보로 당선된 전북 군산을구 강현욱후보'",{},confirmed,"https://newslibrary.naver.com/viewer/index.naver?articleId=1996122100209103003&editNo=45&printCount=1&publishDate=1996-12-21&officeId=00020&pageNo=3&printNo=23402&publishType=00010 (Naver News Library, 동아일보 1996-12-21 p.3, '大選(대선) 앞두고 지역안배 신경', accessed 2026-09-26T13:47:19-0400). Text reads '이번 개각에서 기용된 신한국당인사는 丁時采(정시채)(정시채·전남)농림 姜賢旭(강현욱)(강현욱·전북)환경 金漢圭(김한규)(김한규·대구)총무처 辛卿植(신경식)(신경식·충북)정무1장관 등 4명이다'",환경부,1996-12-20,강현욱
P4cf665bc-special-1-g02,신경식,신한국당,high,False,ok,"15th term, 지역구 충북 청원군, elected 1996 under 신한국당, seat 1996-05-30 to 2000-05-29 (NA API and Wikipedia list agree). Seat covers the row to 1997-08-06, share 1.0 is right.",{},confirmed,"https://newslibrary.naver.com/viewer/index.naver?articleId=1996122100209103003&editNo=45&printCount=1&publishDate=1996-12-21&officeId=00020&pageNo=3&printNo=23402&publishType=00010 (Naver News Library, 동아일보 1996-12-21 p.3, '大選(대선) 앞두고 지역안배 신경', accessed 2026-09-26T13:47:19-0400). Text reads '辛卿植(신경식)(신경식·충북)정무1장관' among the four 신한국당 appointees",정무장관(제1),1996-12-20,신경식
Pda5cb7bb-interior-1-g02,서정화,신한국당,high,False,ok,"15th term, 지역구 서울 용산구, elected 1996 under 신한국당, seat 1996-05-30 to 2000-05-29 (NA API and Wikipedia list agree). Seat covers the short row to 1997-03-06, share 1.0 is right. 한국일보 1997-03-06 reports his resignation as minister on 1997-03-05. https://www.bigkinds.or.kr/news/detailView.do?docId=01101101.19970306000000102&returnCnt=1&sectionDiv=1000 (BigKinds, 한국일보 1997-03-06, '7부 장관 등 10명 경질/경제부총리 강경식씨/김 대통령', accessed 2026-09-26T09:36:27-0400). Text reads '김대통령은 일신상의 이유로 이날 사의를 표명한 서정화 내무장관을 교체' and '지난 2월13일 취임했던 서 전장관은 재임 21일만에 물러났다'",{},confirmed,"https://newslibrary.naver.com/viewer/index.naver?articleId=1997021400209101005&editNo=45&printCount=1&publishDate=1997-02-14&officeId=00020&pageNo=1&printNo=23452&publishType=00010 (Naver News Library, 동아일보 1997-02-14 p.1, '새내무 徐廷和(서정화)의원', accessed 2026-09-26T09:45:29-0400). Text reads '金佑錫(김우석)(김우석)내무부장관의 사표를 수리하고후임에 신한국당의 徐廷和(서정화)(서정화)의원을 임명했다'",내무부,1997-02-13,서정화
Pda27d5d1-finance-1-g02,강경식,신한국당,high,False,ok,"15th term, 지역구 부산 동래구을, elected 1996 under 신한국당, seat 1996-05-30 to 2000-05-29. He kept the seat after leaving the party on 1997-08-12 (서울경제 1997-08-13). Seat covers the row to 1997-11-19, share 1.0 is right. The NA file's party_at_seat_end_wiki value 무소속 reflects this exit. https://www.bigkinds.or.kr/news/detailView.do?docId=02100311.20160315210901513&returnCnt=1&sectionDiv=1000 (BigKinds, 서울경제 1997-08-13, '강 부총리 탈당/의원직은 보유', accessed 2026-09-27T23:20:40-0400). Text reads '강부총리는 연말 대선을 앞두고 내각의 중립성을 보여주기 위해 탈당했으나 의원직은 계속 보유하게 된다'",{},confirmed,"https://newslibrary.naver.com/viewer/index.naver?articleId=1997030600329101002&editNo=45&printCount=1&publishDate=1997-03-06&officeId=00032&pageNo=1&printNo=16041&publishType=00010 (Naver News Library, 경향신문 1997-03-06 p.1, '7개部處(부처) 장관 경질', accessed 2026-09-26T09:45:32-0400). Text reads '金泳三(김영삼)대통령은 5일 韓昇洙(한승수)부총리 겸 재정경제원장관을 경질하고 후임에신한국당 姜慶植(강경식)의원을 임명하는 등' ;; https://www.bigkinds.or.kr/news/detailView.do?docId=01601001.19970307150517014&returnCnt=1&sectionDiv=1000 (BigKinds, 전북도민일보 1997-03-07, '“한 목소리로 일해야만 국민의 신뢰를 얻는다” 金대통령', accessed 2026-09-26T13:40:06-0400). 전북도민일보. Text reads '김영삼 대통령은 6일 오전 청와대에서 강경식경제부총리와 강운태내무장관 등 7개부처 장 관을 포함한 신임장관급 인사 10명에게 임명장을 수여' ;; https://newslibrary.naver.com/viewer/index.naver?articleId=1997081300329104012&editNo=45&printCount=1&publishDate=1997-08-13&officeId=00032&pageNo=4&printNo=16186&publishType=00010 (Naver News Library, 경향신문 1997-08-13 p.4, '강경식부총리 신한국 탈당 ●'8.5개각'유임따라', accessed 2026-09-27T23:20:08-0400). The later exit. Text reads '신한국당 소속 국회의원인 강경식(姜慶植(강경식))경제부총리 겸 재경원장관이 12일신한국당 중앙당사를 방문, 강삼재(姜三載(강삼재))사무총장에게 탈'",재정경제원,1997-03-06,강경식
P362a6074-special-1-g02,홍사덕,무소속,high,False,ok,"15th term, 지역구 서울 강남구을, elected 1996 as 무소속, seat 1996-05-30 to 2000-05-29. He kept the seat while minister. Seat covers the row to 1998-02-24, share 1.0 is right.",{},confirmed,"https://newslibrary.naver.com/viewer/index.naver?articleId=1997080600329101004&editNo=45&printCount=1&publishDate=1997-08-06&officeId=00032&pageNo=1&printNo=16180&publishType=00010 (Naver News Library, 경향신문 1997-08-06 p.1, '11개부처 장관 경질', accessed 2026-09-26T10:17:05-0400). Text reads '이밖에 정무1장관에는 홍사덕(洪思德(홍사덕)·무소속)의원이 발탁돼 이채를 띠었으며' ;; https://newslibrary.naver.com/viewer/index.naver?articleId=1997080600289101002&editNo=6&printCount=1&publishDate=1997-08-06&officeId=00028&pageNo=1&printNo=2950&publishType=00010 (Naver News Library, 한겨레 1997-08-06 p.1, '장관11명 교체', accessed 2026-09-26T09:32:12-0400). 한겨레. Text reads '정무1장관에홍사덕 의원(무소속)을'",정무장관(제1),1997-08-06,홍사덕
