acting_id,person_id,name,name_hanja,acting_for_lineage,role,from,to,coverage,sources,inferred,notes,added_by
Hd2a62326,,none appointed (former 내무부장관 조해녕 and 총무처장관 심우영 on standby),,interior,"행정자치부 without an appointed minister or vice-minister after 법률 제5529호 took effect, no formal 직무대행 found",1998-02-28,1998-03-02,"incidental, not exhaustive","연합뉴스 1998-03-02 11:14:00 '새 정부조직 발효 사흘째, 국정마비 계속' https://n.news.naver.com/mnews/article/001/0004372544 (accessed 2026-09-24T22:45:17-0400), snapshot roster/sources/interior/news/naver_001_0004372544.html ;; 연합뉴스 1998-02-28 15:27:00 '새 정부조직법 발효(종합)' https://n.news.naver.com/mnews/article/001/0004298139 (accessed 2026-09-24T22:44:47-0400), snapshot roster/sources/interior/news/naver_001_0004298139.html ;; BigKinds news metadata: 세계일보 1998-03-03 '총리인준 지연속 행정표류 장기화' (news_id 01100701.19980303000000501); search '면직 장관 업무수행' 1998-02-28..1998-03-04, result list snapshot roster/sources/interior/news/bigkinds_E03_면직_장관_업무수행_1998-02-28_1998-03-04.json (accessed 2026-09-25T07:06:58-0400)",,,roster_builder
Hf6728201,,unknown (외무부 차관 of the outgoing government),,foreign,"차관 keeping 외교통상부 running during a vacancy, no 장관 직무대행 designation reported",1998-02-28,1998-03-03,"incidental, not exhaustive","연합뉴스 1998-02-28 15:27 '새 정부조직법 발효(종합)' https://n.news.naver.com/mnews/article/001/0004298139 (accessed 2026-09-24T22:44:47-0400, snapshot sources/foreign/news/naver_001_0004298139.html) quote: ""재경부 등 기관장이 자동면직되는 7개부에 대해선 현재의 차관이 행정편의상 차관역할을 하도록 지시했으며"" ;; BigKinds metadata: 경향신문 19980302 '총리인준 못해 장·차관 공석/직제 개편·정책 결정 손못대' news_id 01100101.19980302000000210 (search POST https://www.bigkinds.or.kr/api/news/search.do, accessed 2026-09-25T13:36:14-0400, snapshot sources/foreign/news/bigkinds_1998-02-28_cacc9202b7.json) snippet: ""재경부와 통일부, 외교통상부, 행정자치부, 과학기술부, 문화관광부, 산업자원부 등 신설 또는 통·폐합된 7개 부는 출범했으나 조직과 직원만 있을 뿐 장관과 차관이 없는 조직으로 이틀째 운용됐다""",,,roster_builder
H64754ac8,P0aed5072,강무현,,oceans,"해양수산부 차관 (in post during the vacancy after 오거돈's resignation, no saved report names him as 직무대행)",2006-03-22,2006-03-26,"incidental, not exhaustive","관보 제15826호 (published 2004-10-22): '강 무 현(姜 武 賢) 해양수산부 차관에 임함', item PDF https://gwanbo.go.kr/user/common/ofcttCntntDownload.do (snapshot roster/sources/oceans/gazette_vice/gazette_15826_00000000000000001319032585637000.pdf, accessed 2026-09-24T22:52:59-0400) ;; 전남일보 2006-03-22 ""광양항 마일리지 카드제 첫 도입 오늘 조인식…선사ㆍ화주 등에 인센티브"" (BigKinds metadata, news_id 01600801.20060322153709001, query '강무현 차관' 2006-03-21..2006-03-27, snapshot roster/sources/oceans/bigkinds/bk_6e7849e92e.json, accessed 2026-09-25T14:08:50-0400): 21일 해양수산부에 따르면 해양부 강무현 차관과 ... (차관 in office on 2006-03-21/22) ;; 파이낸셜뉴스 2006-03-22 ""수협銀 항만이용 마일리지 ‘KPS카드’ 출범"" (BigKinds metadata, news_id 02100501.20060322143911008, query '강무현 차관' 2006-03-21..2006-03-27, snapshot roster/sources/oceans/bigkinds/bk_6e7849e92e.json, accessed 2026-09-25T14:08:50-0400): 22일 ... 강무현 해양수산부 차관 ... 참석",,,roster_builder
He55c865d,,강성국,,justice,"법무부 차관 (appointed 2021-07-14, left at his 이임식 on 2022-05-13), sitting 차관 during the vacancy. The record is inferred, since no source naming him 장관 직무대행 on 2022-05-10..13 was found.",2022-05-10,2022-05-13,"incidental, not exhaustive","세계일보 2022-05-13 ""강성국 법무차관 “변화·혁신 노력 지속하면 국민 신망받을 수 있을 것”"" (BigKinds news_id 01100701.20220513155816001, metadata and snippet, snippet: '문재인정부의 마지막 법무차관인 강성국 ... 13일 ... 이임식', accessed 2026-09-25T21:56:17-0400; snapshot roster/sources/justice/verify/bigkinds/bk_act_2022b_ce64b0832c.json) [verifier] ;; 뉴스핌 2022-05-13 ""강성국 법무부 차관 이임…""법치와 인권, 국민 안전 수호"""" (BigKinds news_id 04100078.20220513150851001, metadata and snippet, snippet: '법무부는 13일 오후 3시 ... 강 차관 이임식', accessed 2026-09-25T21:56:17-0400; snapshot roster/sources/justice/verify/bigkinds/bk_act_2022b_ce64b0832c.json) [verifier] ;; 관보 제20051호 (2021-07-26) 인사발령, text '강성국(姜聲國) 법무부 차관에 임함 2021. 7. 14.', viewer https://gwanbo.go.kr/ezpdf/customLayout.jsp?contentId=I0000000000000001626938716277000&tocId=I0000000000000001626409649171000&isTocOrder=N (harvested item fetched 2026-09-25T13:01:03-0400; copy roster/sources/justice/verify/gazette/20210726_20051_I0000000000000001626409649171000.txt) [verifier]",True,,roster_builder
Hc25859eb,,강성천,,sme,중소벤처기업부 차관 장관 직무대행,2021-01-21,2021-02-04,"incidental, not exhaustive","이데일리 2021-01-20 17:27 https://n.news.naver.com/mnews/article/018/0004833858 (accessed 2026-09-25T13:37:30-0400, snapshot roster/sources/sme/news/naver_018_0004833858.html): ""중기부는 강성천 차관 직무대행 체제로 운영된다"" ;; 관보 제19727호 (2020-04-08) 인사발령(인사혁신처), text harvest/gazette_text/20200408_19727_00000000000000001586162770924000.txt; item PDF snapshot roster/sources/sme/gazette/gz_20200408_19727_00000000000000001586162770924000.pdf (accessed 2026-09-25T12:58:34-0400): 강성천(姜聲千) 중소벤처기업부 차관에 임함 2020.3.24. (date line printed after a page break) ;; [verifier] 한국경제 2021-01-20 news_id 02100601.20210120171721001 '이에 따라 중기부는 강성천 차관의 직무대행 체제로 운영된다' (BigKinds metadata (POST https://www.bigkinds.or.kr/api/news/search.do), snapshot roster/sources/sme/verify/bigkinds/bk_pys_exit_2021-01-19_2021-01-22.json).",,,roster_builder
Hbd44a7a9,,고기동,,interior,"행정안전부 차관, 장관 직무대행",2024-12-08,2025-06-20,"incidental, not exhaustive","BigKinds news metadata: 경인일보 2024-12-08 '윤석열 대통령, 이상민 장관 면직… ‘직무 배제’ 인사권 논란 [격랑 속 ‘탄핵 정국’]' (news_id 01200201.20241208210231001); search '이상민 사의 수용 면직' 2024-12-05..2024-12-09, result list snapshot roster/sources/interior/news/bigkinds_E39_이상민_사의_수용_면직_2024-12-05_2024-12-09.json (accessed 2026-09-25T13:08:38-0400) ;; BigKinds news metadata: 한국일보 2024-12-09 '16개월 만에 또다시 '수장 공백'... 행안부 ""업무 공백은 없을 것""' (news_id 01101101.20241209200134002); search '행정안전부 장관 직무대행 고기동' 2024-12-08..2024-12-10, result list snapshot roster/sources/interior/news/bigkinds_E39c_행정안전부_장관_직무대행_고기동_2024-12-08_2024-12-10.json (accessed 2026-09-25T13:08:54-0400) ;; BigKinds news metadata: 노컷뉴스 2024-12-09 '고기동 행안장관 대행 ""흔들림 없이 소임 다하자""' (news_id 04100058.20241209113245002); search '행정안전부 장관 직무대행 고기동' 2024-12-08..2024-12-10, result list snapshot roster/sources/interior/news/bigkinds_E39c_행정안전부_장관_직무대행_고기동_2024-12-08_2024-12-10.json (accessed 2026-09-25T13:08:54-0400) ;; BigKinds news metadata: 세계일보 2025-06-20 '고기동 행안차관 “멈추지 않는 행안부 되길…李정부서 난제 풀어갈 수 있을 것”' (news_id 01100701.20250620181645001); search '고기동 차관' 2025-06-01..2025-06-30, result list snapshot roster/sources/interior/news/bigkinds_X_고기동_차관_2025-06-01_2025-06-30.json (accessed 2026-09-25T13:21:13-0400) ;; inputs/minister_role_meetings.csv speaker '행정안전부장관직무대행 고기동' (2024-12-09..12-24) ;; 관보 제21023호 (2025-06-27) re-read by the verifier: ""김민재(金敏在) 행정안전부 차관에 임함 2025. 6. 21. (successor as 차관)""; viewer https://gwanbo.go.kr/ezpdf/customLayout.jsp?contentId=I0000000000000001750837367832000&tocId=I0000000000000001750641039891000&isTocOrder=N; text harvest/gazette_text/20250627_21023_I0000000000000001750641039891000.txt (fetched 2026-09-25T13:06:30-0400) [verifier]",,"He held his 차관 이임식 on 2025-06-20 (세계일보), recalling his period as 장관 직무대행.",roster_builder
Hba41ad1e,P003c660c,곽결호,,environment,"환경부 차관 (presumed 장관 직무대행). Vice minister in office during the vacancy. No source found that names him 장관 직무대행, so the role is presumed from his post.",2004-02-17,2004-02-17,"incidental, not exhaustive","오마이뉴스 2004-02-17 20:15:00 ""곽결호 환경부 차관, 장관으로 승진 임명"" https://n.news.naver.com/mnews/article/047/0000042767; snapshot roster/sources/environment/news/naver_047_0000042767.html (accessed 2026-09-25T13:17:28-0400). Gist: 총선출마를 위해 지난 15일 사표를 제출한 한명숙 환경부 장관 후임에 곽결호 환경부 차관(58)을 승진 임명 (2004-02-17). ;; YTN 2004-02-17 23:02:51 ""환경부 장관에 곽결호 현 차관 임명"" https://n.news.naver.com/mnews/article/052/0000027508; snapshot roster/sources/environment/news/naver_052_0000027508.html (accessed 2026-09-25T13:18:49-0400). Gist: 신임 환경부장관에 곽결호 현 차관을 임명 (2004-02-17).",,,roster_builder
He67bbe89,P66bbfffa,권오규,,finance,"부총리 겸 재정경제부장관, 국무총리 직무대행",2007-03-07,2007-04-02,"incidental, not exhaustive","BigKinds: 매일경제 2007-03-07 ""정부, 권오규 총리직대 체제 가동"" (news_id 02100101.20160119152908879), result snapshot sources/finance/news/bigkinds_2007-03-01_2007-04-10_ba7da735.json, accessed 2026-09-25T13:32:28-0400 ;; BigKinds: 강원도민일보 2007-03-08 ""권오규 부총리 총리직무 대행"" (news_id 01300101.20070308141849002), result snapshot sources/finance/news/bigkinds_2007-03-01_2007-04-10_ba7da735.json, accessed 2026-09-25T13:32:28-0400 ;; BigKinds: 중부매일 2007-04-04 ""5-설2"" (news_id 01400401.20070404151023001), result snapshot sources/finance/news/bigkinds_2007-04-01_2007-04-04_b5770df5.json, accessed 2026-09-25T13:28:51-0400",,한명숙 formally resigned on 2007-03-07. 한덕수 received the PM 임명장 on the morning of 2007-04-03.,roster_builder
H76b80926,P66bbfffa,권오규,,pm,"부총리 겸 재정경제부장관, 국무총리 직무대행",2007-03-07,2007-04-02,complete for PM vacancies and suspensions,"BigKinds metadata: 매일경제 2007-03-07 '정부, 권오규 총리직대 체제 가동' news_id 02100101.20160119152908879: 한명숙 총리가 공식 사임함에 따라 ... 권오규 ... 총리직무대행체제 (search '권오규 총리 직무대행' 2007-03-07..2007-03-09, accessed 2026-09-25T13:30:38-0400; snapshot roster/sources/pm/bigkinds/bigkinds_kok07a.json) ;; BigKinds metadata: 강원도민일보 2007-03-08 '권오규 부총리 총리직무 대행' news_id 01300101.20070308141849002: 정부는 7일 한명숙 총리의 공식사임으로 ... 권오규 ... 총리직무대행체제 (search '권오규 총리 직무대행' 2007-03-07..2007-03-09, accessed 2026-09-25T13:30:38-0400; snapshot roster/sources/pm/bigkinds/bigkinds_kok07a.json) ;; ko.wikipedia '대한민국 국무총리' (tier 4): 직무대행 rows in the 역대 국무총리 tables; https://ko.wikipedia.org/w/index.php?oldid=42269464 (accessed 2026-09-24T22:42:58-0400; snapshot roster/sources/pm/wiki_ko_대한민국_국무총리.json)",,,roster_builder
H694e3e60,,권창준,,labor,"고용노동부 차관, 장관 직무대행",2025-06-27,2025-07-21,"incidental, not exhaustive","관보 제21029호 (published 2025-07-07), 인사: '권창준(權昌俊) 고용노동부 차관에 임함 2025. 6. 27.' viewer https://gwanbo.go.kr/ezpdf/customLayout.jsp?contentId=I0000000000000001751590236245000&tocId=I0000000000000001751438936992000&isTocOrder=N (PDF accessed 2026-09-25T07:08:15-0400; snapshot roster/sources/labor/gazette/gz_20250707_21029_I0000000000000001751438936992000.pdf; text harvest/gazette_text/20250707_21029_I0000000000000001751438936992000.txt) ;; BigKinds metadata 서울신문 2025-06-27 '신임 고용노동차관 “노란봉투법과 정년연장, 차질 없이 추진”' news_id 01100611.20250627153536001 (search '권창준 고용노동부 차관' 2025-06-20..2025-07-05, https://www.bigkinds.or.kr/api/news/search.do, accessed 2026-09-25T21:35:43-0400; snapshot roster/sources/labor/bigkinds/bigkinds_24498d8841.json): '권창준 고용노동부 신임 차관은 27일' ;; BigKinds metadata 뉴스핌 2025-07-09 '권창준 고용부 장관 직무대행, 노동안전 종합대책 수립 범정부 1차 회의 주재' news_id 04100078.20250709084031001 (search '권창준 직무대행' 2025-06-26..2025-07-23, https://www.bigkinds.or.kr/api/news/search.do, accessed 2026-09-25T21:35:41-0400; snapshot roster/sources/labor/bigkinds/bigkinds_e5b01f4c5b.json): '권창준 고용노동부 장관 직무대행이 9일 오전 서울 종로구 정부서울청사에서 열린 노동안전 종합대책 수립 범정부 1차 회의를 주재하며' ;; BigKinds metadata 환경일보 2025-07-12 '범정부 협의체 1차 회의 개최' news_id 07100502.20250712195250001 (search '권창준 직무대행' 2025-06-26..2025-07-23, https://www.bigkinds.or.kr/api/news/search.do, accessed 2026-09-25T21:35:41-0400; snapshot roster/sources/labor/bigkinds/bigkinds_e5b01f4c5b.json): 2025-07-12 '고용노동부(장관 직무대행 차관 권창준)는' ;; 관보 제21047호 (published 2025-07-31), 인사: '김영훈(金榮訓) 국무위원에 임함 고용노동부장관에 보함 2025. 7. 22.' [end of the vacancy] viewer https://gwanbo.go.kr/ezpdf/customLayout.jsp?contentId=I0000000000000001753773886519000&tocId=I0000000000000001753420981908000&isTocOrder=N (PDF accessed 2026-09-24T22:59:54-0400; snapshot roster/sources/labor/gazette/gz_20250731_21047_I0000000000000001753420981908000.pdf; text harvest/gazette_text/20250731_21047_I0000000000000001753420981908000.txt)",,,roster_builder
Hb40d5275,,김각영,,justice,"법무부 차관 (appointed 2002-08-19), sitting 차관 during the vacancy. Named 검찰총장 on 2002-11-08. The record is inferred, since no source naming him 장관 직무대행 was found.",2002-11-06,2002-11-08,"incidental, not exhaustive","관보 제15180호 (2002-08-22) 인사발령, text '◉2002년 8 월19일자 ... 김 각 영(金 珏 泳) 법무부 차관에 임함', viewer https://gwanbo.go.kr/ezpdf/customLayout.jsp?contentId=00000000000000001319023801717000&tocId=00000000000000001319023813990000&isTocOrder=N (harvested item fetched 2026-09-24T22:50:32-0400; copy roster/sources/justice/verify/gazette/20020822_15180_00000000000000001319023813990000.txt) [verifier] ;; 인천일보 2002-11-10 ""법무 심상명 검찰총장 김각영씨"" (BigKinds news_id 01200401.20021110003111003, metadata and snippet, snippet: '새 검찰총장에 김각영(사시 12회) 법무차관을 내정 (2002-11-08)', accessed 2026-09-25T14:15:50-0400; snapshot roster/sources/justice/verify/bigkinds/bk_s8_ssm_start_314b6117f7.json) [verifier] ;; 관보 제15257호 (2002-11-23) 인사발령, text '박 종 렬(朴 淙 烈) 법무부차관에 임함 (successor as 차관, published 2002-11-23)', viewer https://gwanbo.go.kr/ezpdf/customLayout.jsp?contentId=00000000000000001319025170354000&tocId=00000000000000001319025188296000&isTocOrder=N (harvested item fetched 2026-09-24T22:55:27-0400; copy roster/sources/justice/verify/gazette/20021123_15257_00000000000000001319025188296000.txt) [verifier]",True,,roster_builder
H9d6cd1d5,,김광림,,finance,"재정경제부차관, de facto head during the vacancy (no formal 직무대행 designation found)",2005-03-08,2005-03-14,"incidental, not exhaustive","BigKinds: 국제신문 2005-03-10 ""＂벤처활성화 대책 계속 추진＂"" (news_id 01500401.20050310212936001), result snapshot sources/finance/news/bigkinds_2005-03-08_2005-03-14_810a94a0.json, accessed 2026-09-25T13:07:50-0400 ;; BigKinds: 전북일보 2005-03-10 ""코스닥시장 가격변동폭 28일부터 15%로 확대"" (news_id 01601101.20050310055112101), result snapshot sources/finance/news/bigkinds_2005-03-08_2005-03-14_810a94a0.json, accessed 2026-09-25T13:07:50-0400 ;; BigKinds: 이데일리 2005-03-09 """"李부총리, 지금도 업무챙겨..금융지표 우려""(7보)"" (news_id 04101008.20160311091956499), result snapshot sources/finance/news/bigkinds_2005-03-06_2005-03-09_2ae6654a.json, accessed 2026-09-25T13:04:01-0400",,After 이헌재's resignation was accepted (2005-03-07) 김광림 chaired the 간부회의 and briefed on policy continuity on 2005-03-09. 이데일리 of 03-09 also reports 이헌재 still handling matters while the resignation was processed.,roster_builder
Hf18a58ad,,김기룡,,special,"특임장관실 특임실장 (named as 직무대행 only by ko.wikipedia, while the press reports both 장관 and 차관 posts vacant)",2012-01-10,2012-02-23,"incidental, not exhaustive","ko.wikipedia '대한민국 특임장관실' https://ko.wikipedia.org/w/index.php?oldid=41112283 (accessed 2026-09-25T13:32:48-0400, snapshot roster/sources/special/wiki_대한민국_특임장관실.json) (rows 직무대행 김기룡 2012-01-10 ~ 2012-02-23 and 특임차관 직무대행 최유성 2012-01-10 ~ 2012-02-29, secondary) ;; BigKinds metadata record, 한국경제 2012-01-10 '특임장관실 '개점휴업'…장·차관 모두 공석' news_id 02100601.20160124010825073 (POST https://www.bigkinds.or.kr/api/news/search.do, query '김기룡 특임실장' 2012-01-05..2012-03-05, accessed 2026-09-25T13:53:53-0400, snapshot roster/sources/special/news/bk_a75f67e3_2012-01-05_2012-03-05.json) (김해진 특임차관이 ... 9일 사임, 장·차관이 모두 공석) ;; 관보 제17361호 (published 2010-10-14), 인사발령(행정안전부), '김 기 룡(金 起 龍) 별정직고위공무원에 임함 특임장관실 특임실장에 보함 2010.10.8', viewer https://gwanbo.go.kr/ezpdf/customLayout.jsp?contentId=00000000000000001319096038170000&tocId=00000000000000001319096055879000&isTocOrder=N (accessed 2026-09-25T06:54:56-0400, text harvest/gazette_text/20101014_17361_00000000000000001319096055879000.txt)",,Low confidence. No tier 1-3 source naming a 직무대행 for these 45 days was found.,roster_builder
Hd0995748,,김기웅,,unification,"통일부 차관, 장관 직무대행",2022-05-10,2022-05-12,"incidental, not exhaustive","연합뉴스 2022-05-10 11:39 ""통일부, 장관 취임 전 '차관 직무대행' 체제 전환"" (새로운 장관 임명 시까지 김 차관 직무대행 체제); https://n.news.naver.com/mnews/article/001/0013167425; snapshot sources/unification/news/naver_001_0013167425.html; accessed 2026-09-25T13:02:35-0400 ;; 아시아경제 2022-05-10 12:46 ""통일부, 김기웅 신임 차관 직무대행 체제로 운영""; https://n.news.naver.com/mnews/article/277/0005086679; snapshot sources/unification/news/naver_277_0005086679.html; accessed 2026-09-25T13:02:45-0400 ;; note: 김기웅 was appointed vice minister on 2022-05-10.",,,roster_builder
He97e4cc6,,김동수,,ict,정보통신부 차관 장관 업무 대행,2007-08-31,2007-09-03,"incidental, not exhaustive",BigKinds metadata 디지털타임스 2007-09-03 news_id 07101201.20070903160045001: 김동수 신임 정보통신부 차관이 31일 임명장을 받은 후 ... 최종 임명절차를 마칠 때까지 공석인 장관 업무도 대행 (snapshot roster/sources/ict/news/bk_1ca2bd9e_2007-09-01_2007-09-07.json),,,roster_builder
Hac02cee7,P36bc35f7,김민석,,labor,"고용노동부 차관, 장관 직무대행",2025-04-09,2025-06-26,"incidental, not exhaustive","관보 제20782호 (published 2024-07-01), 인사: '김민석(金珉奭) 고용노동부 차관에 임함 2024. 6. 24.' viewer https://gwanbo.go.kr/ezpdf/customLayout.jsp?contentId=I0000000000000001719479545782000&tocId=I0000000000000001719204431807000&isTocOrder=N (PDF accessed 2026-09-25T13:05:32-0400; snapshot roster/sources/labor/gazette/gz_20240701_20782_I0000000000000001719204431807000.pdf; text harvest/gazette_text/20240701_20782_I0000000000000001719204431807000.txt) ;; BigKinds metadata 환경일보 2025-04-15 '고용부-중기부 협업, 중소기업 인력난 해소' news_id 07100502.20250415175547001 (search '김민석 고용노동부 장관 직무대행' 2025-04-08..2025-04-20, https://www.bigkinds.or.kr/api/news/search.do, accessed 2026-09-25T21:35:47-0400; snapshot roster/sources/labor/bigkinds/bigkinds_a69e18bc6b.json): 2025-04-15 '고용노동부(장관 직무대행 김민석 차관)와 중소벤처기업부(장관 오영주)는 4월 15일(화)' ;; Naver News search result page '고용노동부 장관 직무대행 김민석 차관' 2025-04-09..2025-07-21 https://search.naver.com/search.naver?where=news&query=%EA%B3%A0%EC%9A%A9%EB%85%B8%EB%8F%99%EB%B6%80+%EC%9E%A5%EA%B4%80+%EC%A7%81%EB%AC%B4%EB%8C%80%ED%96%89+%EA%B9%80%EB%AF%BC%EC%84%9D+%EC%B0%A8%EA%B4%80&sm=tab_opt&sort=0&pd=3&ds=2025.04.09&de=2025.07.21&nso=so%3Ar%2Cp%3Afrom20250409to20250721&start=1 (accessed 2026-09-25T13:59:21-0400; snapshot roster/sources/labor/news_search/naver_search_8c818b3ad7.html): 2025-05-07 '김민석 고용노동부 차관(장관 직무대행)', 2025-05-12 '고용노동부(장관 직무대행 김민석 차관)는 지난 11일 ... APEC 고용노동장관회의' ;; 뉴스1 2025-06-25 11:43:55 '답변하는 김민석 직무대행' https://n.news.naver.com/mnews/article/421/0008331794 (accessed 2026-09-25T13:59:23-0400; snapshot roster/sources/labor/news/naver_421_0008331794.html): 2025-06-25 '김민석 고용노동부 장관 직무대행(차관)이 25일 ... 환경노동위원회 제1차 전체회의에서' ;; 관보 제21029호 (published 2025-07-07), 인사: '권창준(權昌俊) 고용노동부 차관에 임함 2025. 6. 27.' [his successor as 차관, which ends his acting period] viewer https://gwanbo.go.kr/ezpdf/customLayout.jsp?contentId=I0000000000000001751590236245000&tocId=I0000000000000001751438936992000&isTocOrder=N (PDF accessed 2026-09-25T07:08:15-0400; snapshot roster/sources/labor/gazette/gz_20250707_21029_I0000000000000001751438936992000.pdf; text harvest/gazette_text/20250707_21029_I0000000000000001751438936992000.txt)",,,roster_builder
H4d9145e7,,김민재,,interior,"행정안전부 차관, 장관 직무대행",2025-06-21,2025-07-19,"incidental, not exhaustive","BigKinds news metadata: 강원도민일보 2025-06-24 '국무조정실장에 윤창렬…도 출신 장관 배출 기대' (news_id 01300101.20250624000639006); search '윤호중 행정안전부 장관 후보자 지명' 2025-06-22..2025-06-24, result list snapshot roster/sources/interior/news/bigkinds_E40b_윤호중_행정안전부_장관_후보자_지명_2025-06-22_2025-06-24.json (accessed 2026-09-25T13:09:12-0400) ;; BigKinds news metadata: 중도일보 2025-07-18 '""서산·태안 폭우피해 긴급복구비 5억원 투입 지원, 특별재난지역 선포 검토""' (news_id 01400351.20250718220102001); search '김민재 직무대행' 2025-06-20..2025-07-20, result list snapshot roster/sources/interior/news/bigkinds_X_김민재_직무대행_2025-06-20_2025-07-20.json (accessed 2026-09-25T13:21:07-0400) ;; 관보 제21023호 (2025-06-27) re-read by the verifier: ""김민재(金敏在) 행정안전부 차관에 임함 2025. 6. 21.""; viewer https://gwanbo.go.kr/ezpdf/customLayout.jsp?contentId=I0000000000000001750837367832000&tocId=I0000000000000001750641039891000&isTocOrder=N; text harvest/gazette_text/20250627_21023_I0000000000000001750641039891000.txt (fetched 2026-09-25T13:06:30-0400) [verifier]",,"Appointed 차관 on 2025-06-20 and formally took office on 6-24 (강원도민일보 2025-06-24). He is reported as 행정안전부 장관 직무대행 on 2025-07-17 (중도일보 2025-07-18). The start could be 6-24. [verifier] The gazette dates his appointment as 차관 2025-06-21 (관보 제21023호), so the acting period starts 2025-06-21.",roster_builder
H5a18a96d,,김범석,,finance,"기획재정부 제1차관, 장관 직무대행",2025-05-02,2025-06-10,"incidental, not exhaustive","BigKinds: 환경일보 2025-06-02 ""기재부-GGGI, 글로벌 자발적 탄소시장 구축 협력"" (news_id 07100502.20250602120908004), result snapshot sources/finance/news/bigkinds_2025-05-02_2025-07-19_db10de8e.json, accessed 2026-09-25T13:16:06-0400 ;; BigKinds: 이투데이 2025-06-11 ""[단독] 李대통령 ""대·중소 상생협력 살펴보라""…기재부, 상생기금·기업 기술탈취 대책 검토"" (news_id 02100351.20250611144030001), result snapshot sources/finance/news/bigkinds_2025-05-02_2025-07-19_db10de8e.json, accessed 2026-09-25T13:16:06-0400 ;; BigKinds: 뉴스핌 2025-06-13 ""[세종25시] '고별의 시간' 맞이한 기재부 전 차관들의 작별 인사"" (news_id 04100078.20250613150448001), result snapshot sources/finance/news/bigkinds_2025-06-01_2025-06-15_2e6e7257.json, accessed 2026-09-25T13:16:36-0400 ;; 관보 제21014호 (published 2025-06-16) 인사발령(인사혁신처), snapshot sources/finance/gazette/gz_20250616_21014_I0000000000000001749596840710000.pdf (+.txt), viewer https://gwanbo.go.kr/ezpdf/customLayout.jsp?contentId=I0000000000000001749722862893000&tocId=I0000000000000001749596840710000&isTocOrder=N, accessed 2026-09-25T13:06:29-0400",,"From 최상목's resignation until his successor as 1차관 (이형일) was appointed on 2025-06-11 (gazette). The day 김범석 left was not found, so 'to' is the day before 이형일's appointment.",roster_builder
H03914c1e,,김석우,,justice,"법무부 차관, 장관 직무대행 during the impeachment suspension of 박성재",2024-12-12,2025-04-10,"incidental, not exhaustive","뉴스핌 2024-12-12 ""박성재 탄핵안 가결로 차관 대행체제...""법무 행정에 다소 무리"""" (BigKinds news_id 04100078.20241212163408001, metadata and snippet, accessed 2026-09-25T13:20:15-0400; snapshot sources/justice/news/bigkinds/bigkinds_park_sj_susp_30ffd01ee4.json) ;; 대전일보 2025-04-09 ""법무장관 대행 ""한덕수 재판관 지명, 행정부 수반으로서 임명한 것"""" (BigKinds news_id 01400201.20250409225633001, metadata and snippet, accessed 2026-09-25T13:20:19-0400; snapshot sources/justice/news/bigkinds/bigkinds_acting_2024b_965289341c.json) ;; inputs/minister_role_meetings.csv: minister_acting '법무부장관직무대행 김석우', 법제사법위원회 2024-12-17 and 2024-12-24 ;; 관보 제20845호 (2024-10-04) 인사발령, text '김석우(金錫佑) 법무부 차관에 임함 2024. 9. 23.', viewer https://gwanbo.go.kr/ezpdf/customLayout.jsp?contentId=I0000000000000001727682289304000&tocId=I0000000000000001727253598679000&isTocOrder=N (harvested item fetched 2026-09-25T07:05:38-0400; copy roster/sources/justice/verify/gazette/20241004_20845_I0000000000000001727253598679000.txt) [verifier]",,,roster_builder
Hba9ce0b1,,김석우,,justice,"법무부 차관, 장관 직무대행. End inferred as the day before 이진수's appointment as 차관 (2025-06-30). 김석우's own departure date was not found.",2025-06-05,2025-06-29,"incidental, not exhaustive","뉴스핌 2025-06-19 ""'김건희 특검' 민중기, 이틀째 기관 방문…""법무부·공수처에 협조 요청"""" (BigKinds news_id 04100078.20250619155928002, metadata and snippet, accessed 2026-09-25T13:20:25-0400; snapshot sources/justice/news/bigkinds/bigkinds_acting_2025b_2863405054.json) ;; 이투데이 2025-06-25 ""김석우 법무장관 직무대행 “자국 우선주의 확산…국제협력 시험대 올라”"" (BigKinds news_id 02100351.20250625180102001, metadata and snippet, accessed 2026-09-25T13:20:25-0400; snapshot sources/justice/news/bigkinds/bigkinds_acting_2025b_2863405054.json) ;; 노컷뉴스 2025-06-04 ""법무부, 박성재 장관 사표수리로 차관 대행 체제…후임 주목"" (BigKinds news_id 04100058.20250604231814001, metadata and snippet, snippet: '법무부는 두달여만에 다시 김석우 차관의 직무대행 체제로 전환', accessed 2026-09-25T21:45:11-0400; snapshot roster/sources/justice/verify/bigkinds/bk_s24_psj_end2_3e6e19dee3.json) [verifier] ;; 관보 제21029호 (2025-07-07) 인사발령, text '이진수(李鎭琇) 법무부 차관에 임함 2025. 6. 30.', viewer https://gwanbo.go.kr/ezpdf/customLayout.jsp?contentId=I0000000000000001751590236245000&tocId=I0000000000000001751438936992000&isTocOrder=N (harvested item fetched 2026-09-25T07:08:15-0400; copy roster/sources/justice/verify/gazette/20250707_21029_I0000000000000001751438936992000.txt) [verifier]",,,roster_builder
H181d43fe,,김선호,,defense,"국방부 차관 (appointed 2023-10-20, 관보 제20615호), 국방부장관 직무대행 from 김용현's 면직 until his own replacement as 차관 on 2025-06-27",2024-12-05,2025-06-27,"incidental, not exhaustive","뉴시스 2024-12-05 09:16:18 ""김용현 장관 사표 수리로 국회 국방위 불출석"" https://n.news.naver.com/mnews/article/003/0012942644 (snapshot roster/sources/defense/news/n_news_naver_com_mnews_article_003_0012942644.html, accessed 2026-09-24T22:47:45-0400) ;; 서울경제 2024-12-13 13:34:13 ""길어지는 국방장관 공석…최병혁 후보자 뒤늦게 발빼 [이현호 기자의 밀리터리!톡]"" https://n.news.naver.com/mnews/article/011/0004427416 (snapshot roster/sources/defense/news/n_news_naver_com_mnews_article_011_0004427416.html, accessed 2026-09-24T22:49:59-0400) ;; 파이낸셜뉴스 2024-12-07 ""김선호 국방장관 직무대리, 전군 주요지휘관회의 ""굳건한 대비태세 유지 만전"""" (BigKinds metadata, news_id 02100501.20241207200521001, snapshot roster/sources/defense/events/bigkinds_2024_acting.json, accessed 2026-09-25T13:23:01-0400) ;; 정책브리핑 korea.kr 2025-02-07 ""최상목 권한대행 합참 방문…""확고한 군사대비태세 확립"" 당부"" https://www.korea.kr/news/policyNewsView.do?newsId=148939352 (photo caption names '김선호 국방부장관 직무대행' on 2025-02-07) (snapshot roster/sources/defense/korea/korea_148939352.html, accessed 2026-09-25T13:09:32-0400) ;; 정책브리핑 korea.kr 2025-04-04 ""전군주요지휘관회의 ""작전·복무기강 강화, 대북군사대비태세 확립"""" https://www.korea.kr/news/policyNewsView.do?newsId=148941382 (names '김선호 국방부 장관 직무대행' in 2025-03/04) (snapshot roster/sources/defense/korea/korea_148941382.html, accessed 2026-09-25T13:09:29-0400) ;; kr-hearings-data v9 transcripts, inputs/minister_role_meetings.csv: speaker '국방부장관직무대행 김선호' in 6 meetings from 2024-12-05 to 2024-12-24 (상임위원회: 국방위원회 and 법제사법위원회) ;; 관보 제20615호 (published 2023-11-01, 인사발령(인사혁신처)): '김선호(金善鎬) 국방부 차관에 임함 2023. 10. 20.' Item PDF snapshot roster/sources/defense/verify/gazette_20615_I0000000000000001698382687433000.pdf (accessed 2026-09-25T07:05:15-0400), text also in harvest/gazette_text/20231101_20615_I0000000000000001698382687433000.txt ;; 관보 제21029호 (published 2025-07-07, 인사발령(인사혁신처)): '이두희(李斗熙) 국방부 차관에 임함 2025. 6. 27.' Item PDF snapshot roster/sources/defense/verify/gazette_21029_I0000000000000001751438936992000.pdf (accessed 2026-09-25T07:08:15-0400), viewer https://gwanbo.go.kr/ezpdf/customLayout.jsp?contentId=I0000000000000001751590236245000&tocId=I0000000000000001751438936992000&isTocOrder=N ;; 한겨레 2025-06-27 ""‘제2계엄 거부’ 김선호 차관…“군 본연 역할 위해 꼭 정치적 중립 지켜야 ”"" (BigKinds metadata, news_id 01101001.20250627165013002, snapshot roster/sources/defense/verify/bigkinds_kimsunho_leave.json, accessed 2026-09-25T14:10:36-0400). 김선호 차관이 27일 이임 ... 이임식 겸 이두희 신임 차관 취임식. ;; 서울신문 2025-06-27 ""계엄 이후 군 관리한 김선호 前차관 “비상계엄 막지 못해 사과”"" (BigKinds metadata, news_id 01100611.20250627142234001, snapshot roster/sources/defense/verify/bigkinds_kimsunho_leave.json, accessed 2026-09-25T14:10:36-0400) ;; 헤럴드경제 2025-06-29 ""김선호 전 국방대행의 ‘강단’…기억해야 할 5장면[신대원의 軍플릭스]"" (BigKinds metadata, news_id 02100701.20250629124105001, snapshot roster/sources/defense/verify/bigkinds_kimsunho_leave.json, accessed 2026-09-25T14:10:36-0400). '창군 이래 첫 국방장관 권한대행 204일만에 이임'.",,,roster_builder
Hdd033b06,,김성범,,oceans,"해양수산부 차관, 해양수산부장관 직무대행 (vacancy after 전재수's resignation)",2025-12-12,2026-03-24,"incidental, not exhaustive","관보 제21023호 (published 2025-06-27): '김성범(金晟範) 해양수산부 차관에 임함 2025. 6. 21.', item PDF https://gwanbo.go.kr/user/common/ofcttCntntDownload.do (snapshot roster/sources/oceans/gazette_vice/gazette_21023_I0000000000000001750641039891000.pdf, accessed 2026-09-25T13:06:30-0400) ;; 뉴스핌 2025-12-12 ""김성범 해수부 장관 직무대행 ""부산 이전·북극항로 개척 차질없이 진행"""" (BigKinds metadata, news_id 04100078.20251212150332001, query '김성범 차관 직무대행' 2025-12-11..2025-12-15, snapshot roster/sources/oceans/bigkinds/bk_dadd99514e.json, accessed 2026-09-25T14:12:39-0400): 김성범 해양수산부 차관 겸 장관 직무대행은 12일 ... ;; 헤럴드경제 2025-12-12 ""장관 사퇴 악재에도…해수차관 “부산 이전·북극항로 개척 힘 모을 것”"" (BigKinds metadata, news_id 02100701.20251212160426001, query '전재수 사의' 2025-12-09..2025-12-12, snapshot roster/sources/oceans/bigkinds/bk_9470bd17a1.json, accessed 2026-09-25T13:56:24-0400): 김성범 해양수산부 차관은 12일 '당면한 현안 ... 직원들과 함께 힘 모아 추진하겠다' ;; 환경일보 2026-03-17 ""해수부-노동부, 어업종사자 안전·보건 실태 합동 조사"" (BigKinds metadata, news_id 07100502.20260317135725001, query '해양수산부 장관 직무대행' 2025-12-11..2026-03-25, snapshot roster/sources/oceans/bigkinds/bk_82010ef865.json, accessed 2026-09-25T13:57:06-0400): 해양수산부(장관 직무대행 김성범) (2026-03-17) ;; 이투데이 2026-03-25 ""여수에서 띄우는 희망 찬가, 어업인의 땀방울이 일궈낸 수산업의 봄 [정책발언대]"" (BigKinds metadata, news_id 02100351.20260325060242001, query '해양수산부 장관 직무대행' 2025-12-11..2026-03-25, snapshot roster/sources/oceans/bigkinds/bk_82010ef865.json, accessed 2026-09-25T13:57:06-0400): 김성범 해양수산부 장관 직무대행 (byline, 2026-03-25) ;; 노컷뉴스 2026-04-28 ""해수부 김성범 차관 사임…제주 서귀포 보궐선거 출마"" (BigKinds metadata, news_id 04100058.20260428110054001, query '해양수산부 장관 사의' 2026-03-26..2026-09-24, snapshot roster/sources/oceans/bigkinds/bk_73e0f976e3.json, accessed 2026-09-25T13:58:31-0400): 해양수산부 부산 이전 이후 장관 업무를 대행하며 후속 작업 등을 이끈 김성범 차관이 ... 사임 (2026-04-28)",,,roster_builder
H2beb657b,,김세호,,land,건설교통부 차관 in office during the vacancy after 강동석's resignation (no source found that names him as 장관 직무대행 explicitly),2005-03-28,2005-04-05,"incidental, not exhaustive","이데일리 2005-04-05 ""감사원, 김세호 건교부 차관 조사"" (BigKinds metadata, news_id 04101008.20160311100601575, outlet link http://www.edaily.co.kr/news/read.asp?newsid=01331686576533168&gen=1, snapshot roster/sources/land/bigkinds/bk_9796ac9bce.json, accessed 2026-09-25T13:51:37-0400): 김세호 건설교통부 차관(前철도청장) (2005-04-05) ;; 노컷뉴스 2005-04-05 ""김세호 건교부차관 감사원 조사서 ""직접 관계없다""고 진술"" (BigKinds metadata, news_id 04100058.20050405104356004, snapshot roster/sources/land/bigkinds/bk_9796ac9bce.json, accessed 2026-09-25T13:51:37-0400): 5일 김세호 건설교통부 차관이 ... 감사원 조사 ;; 경인일보 2005-03-31 ""인천공항공사 사장선임 연기 직무대행 체제로..."" (BigKinds metadata, news_id 01200201.20050331034618101, snapshot roster/sources/land/bigkinds/bk_433882c0af.json, accessed 2026-09-25T13:59:13-0400): 건교부장관의 공석 (2005-03-31) ;; 광주매일신문 2005-04-05 ""신임 건교부장관 추병직씨"" (BigKinds metadata, news_id 01600201.20050405193022001, outlet link http://www.kjdaily.com/read.php3?aid=111262680038248001, snapshot roster/sources/land/bigkinds/bk_9796ac9bce.json, accessed 2026-09-25T13:51:37-0400): 노무현 대통령은 4일 공석중인 건설교통부장관에 추병직 ... 내정 ;; [verifier] 연합뉴스 2005-04-05 15:55:00 ""감사원, 김세호 건교차관 조사-1"" https://n.news.naver.com/mnews/article/001/0000964516 (snapshot roster/sources/land/verify/news/naver_001_0000964516.html, accessed 2026-09-25T21:56:28-0400): (서울=연합뉴스) 김화영 기자 = 철도청(현 한국철도공사)의 러시아 유전투자의혹을 감사 중인 감사원은 5일 지난해 철도청장을 지냈던 김세호(金世浩) 건설교통차관을 불러 조사를 벌였다.",,,roster_builder
H33c92262,,김시형,金時衡,energy,"동력자원부 차관, 장관 직무대리 after 진념's 의원면직 on 1993-02-26. 총무처 ruled that the 차관 would act until the 정부조직법 amendment took effect, and the ministry ran under the 차관 (차관체제). He is the 차관 in office in February 1993. No source names him as 직무대리, so the record is inferred. He was appointed 국무총리 행정조정실장 in the 차관급 인사 of 1993-03-04 and received that 임명장 on the afternoon of 03-04, so the record ends that day. No acting head is recorded for 1993-03-05, the ministry's last day.",1993-02-27,1993-03-04,"incidental, not exhaustive","매일경제 1993-02-27 p.2 '장관없는 部處(부처)로 남아' (Naver News Library article 1993022700099202016, OCR text, page image https://newslibrary.naver.com/viewer/index.naver?articleId=1993022700099202016&editNo=1&printCount=1&publishDate=1993-02-27&officeId=00009&pageNo=2&printNo=8346&publishType=00020), POST https://newslibrary.naver.com/api/article/detail/json articleId=1993022700099202016, snapshot roster/sources/energy/ext88/nl/nl_1993022700099202016.json (accessed 2026-09-26T09:21:02-0400). Quote: '총무처는 앞으로 폐지될 동자부 체육청소년부장관이 의원면직됨에 따라 정부조직법이공포돼 최종확정될 때까지 차관이 직무대리로업무를 수행하게 된다고유권해석.' ;; 동아일보 1993-02-27 p.23 '動資(동자)-體靑部(체청부) ""우리 앞날 어떻게 되나""""' (Naver News Library article 1993022700209223002, OCR text, page image https://newslibrary.naver.com/viewer/index.naver?articleId=1993022700209223002&editNo=1&printCount=1&publishDate=1993-02-27&officeId=00020&pageNo=23&printNo=22098&publishType=00020), POST https://newslibrary.naver.com/api/article/detail/json articleId=1993022700209223002, snapshot roster/sources/energy/ext88/nl/nl_1993022700209223002.json (accessed 2026-09-26T09:21:06-0400). Quote: '陳稔동자부장관과 李鎭三체청부장관이 26일 퇴임한후 새로 출범한 내각에서 장관이 임명되지않은 두 부처는 내달초 정부조직개편안이 국무회의에서 의결돼 상공자원부와문화체육부가 발족할 때까지 차관체제로 운영된다.' ;; 매일경제 1993-02-22 p.4 '人物(인물)' (Naver News Library article 1993022200099204004, OCR text, page image https://newslibrary.naver.com/viewer/index.naver?articleId=1993022200099204004&editNo=1&printCount=1&publishDate=1993-02-22&officeId=00009&pageNo=4&printNo=8341&publishType=00020), POST https://newslibrary.naver.com/api/article/detail/json articleId=1993022200099204004, snapshot roster/sources/energy/ext88/nl/nl_1993022200099204004.json (accessed 2026-09-26T09:57:24-0400). Quote: '金時衡 동자부차관은 20일' (차관 on 1993-02-20) ;; 동아일보 1993-03-04 p.1 '次官級(차관급)-市道知事(시도지사) 인사' (Naver News Library article 1993030400209201003, OCR text, page image https://newslibrary.naver.com/viewer/index.naver?articleId=1993030400209201003&editNo=1&printCount=1&publishDate=1993-03-04&officeId=00020&pageNo=1&printNo=22103&publishType=00020), POST https://newslibrary.naver.com/api/article/detail/json articleId=1993030400209201003, snapshot roster/sources/energy/ext88/nl/nl_1993030400209201003.json (accessed 2026-09-26T09:23:54-0400). Quote: '행정조정실장에 金時衡동자부차관' ;; 경향신문 1993-03-05 p.2 '신임次官級(차관급)에 임명장 金(김)대통령이 직접수여' (Naver News Library article 1993030500329102002, OCR text, page image https://newslibrary.naver.com/viewer/index.naver?articleId=1993030500329102002&editNo=12&printCount=1&publishDate=1993-03-05&officeId=00032&pageNo=2&printNo=14691&publishType=00010), POST https://newslibrary.naver.com/api/article/detail/json articleId=1993030500329102002, snapshot roster/sources/energy/ext88/nl/nl_1993030500329102002.json (accessed 2026-09-26T10:04:38-0400). Quote: '金泳三대통령은 4일 오후 청와대에서 이날 임명된 각부처 차관,외청장시도지사,감사위원을 비롯한 차관급에 대한 임명장을 수여했다.' ;; 한겨레 1993-03-05 p.14 '""낙동강 오리알 신세""' (Naver News Library article 1993030500289114008, OCR text, page image https://newslibrary.naver.com/viewer/index.naver?articleId=1993030500289114008&editNo=5&printCount=1&publishDate=1993-03-05&officeId=00028&pageNo=14&printNo=1492&publishType=00010), POST https://newslibrary.naver.com/api/article/detail/json articleId=1993030500289114008, snapshot roster/sources/energy/ext88/nl/nl_1993030500289114008.json (accessed 2026-09-26T10:04:59-0400). Quote: '부처가 없어진 동자부의 직원들은 김시형 차관이 국무총리실행정조정실장으로 영전되자' ;; BigKinds full text: 동아일보 1993-03-04 '金時衡행정조정실장' (news_id 01100401.19930304063328014, GET https://www.bigkinds.or.kr/news/detailView.do?docId=01100401.19930304063328014&returnCnt=1&sectionDiv=1000), snapshot roster/sources/energy/ext88/bk/bk_01100401.19930304063328014.json (accessed 2026-09-26T10:05:52-0400). Quote: '△동자부차관' ;; ko.wikipedia '대한민국 동력자원부' (secondary), https://ko.wikipedia.org/w/index.php?oldid=41783262 (revid 41783262), snapshot roster/sources/energy/ext88/wiki/wiki_동력자원부.json (accessed 2026-09-26T09:48:39-0400). 차관 table row '7대 김시형(金時衡) 1991년 5월 28일 ~ 1993년 3월 3일' (end one day earlier than the news)",True,,roster_builder
Hb177a873,,김영남,,oceans,"해양수산부 차관, 해양수산부장관 직무대행 (vacancy after 최낙정's dismissal)",2003-10-03,2003-10-13,"incidental, not exhaustive","관보 제15511호 (published 2003-10-04): '◉2003년 9 월29일자 김 영 남(金 英 南) 해양수산부차관에 임함', item PDF https://gwanbo.go.kr/user/common/ofcttCntntDownload.do (snapshot roster/sources/oceans/gazette_vice/gazette_15511_00000000000000001319028749754000.pdf, accessed 2026-09-25T06:38:41-0400) ;; 경향신문 2003-10-03 ""崔해임 전격해임 - 失言문책, 취임 14일만에"" (BigKinds metadata, news_id 01100101.20031003000000101, query '김영남 차관' 2003-10-03..2003-10-13, snapshot roster/sources/oceans/bigkinds/bk_5ca2231634.json, accessed 2026-09-25T14:08:41-0400): 윤태영 청와대 대변인은 ... '후임자가 정해질 때까지 김영남 차관이 업무를 대행할 것' ;; 한국경제 2003-10-03 ""최낙정 해양수산 전격경질.. 돌출발언 물의"" (BigKinds metadata, news_id 02100601.20160119063935935, query '김영남 차관' 2003-10-03..2003-10-13, snapshot roster/sources/oceans/bigkinds/bk_5ca2231634.json, accessed 2026-09-25T14:08:41-0400): 당분간 김영남 차관이 해수부 장관 직무를 대행한다 ;; 매일신문 2003-10-03 ""최낙정 해양수산부장관 전격 경질"" (BigKinds metadata, news_id 01500601.20031003112600007, query '김영남 차관' 2003-10-03..2003-10-13, snapshot roster/sources/oceans/bigkinds/bk_5ca2231634.json, accessed 2026-09-25T14:08:41-0400)",,,roster_builder
H12ee81fb,P49394967,김영석,,oceans,"해양수산부 차관, 해양수산부장관 직무대행 (vacancy after 이주영's resignation)",2014-12-24,2015-03-12,"incidental, not exhaustive","kr-hearings-data v9 transcripts, inputs/minister_role_meetings.csv: speaker '해양수산부장관직무대행 김영석' in 6 meetings from 2014-12-24 to 2015-03-02 (상임위원회) ;; 국제신문 2015-02-09 ""김영석 해수부 차관 ""항만 마리나 어항 재정투자 확대"""" (BigKinds metadata, news_id 01500401.2015020910016264431, query '해양수산부 장관 직무대행 김영석' 2014-12-23..2015-03-14, snapshot roster/sources/oceans/bigkinds/bk_504287750c.json, accessed 2026-09-25T13:45:09-0400): 김영석 해양수산부 장관 직무대행 차관 (2015-02-09)",,,roster_builder
H26546abb,P402a53a5,김영식,,education,"교육인적자원부 차관, 부총리 겸 교육인적자원부장관 직무대행 (vacancy after 이기준)",2005-01-10,2005-01-27,"incidental, not exhaustive",BigKinds 01100401.20060825063907044: 동아일보 2006-08-25 '교육수장 공백 18일째… 코드 찾는 중?' [BigKinds search '이종서 차관 대행' 2006-08-08..2006-09-19; snapshot roster/sources/education/news/bigkinds/bk_acting_2006_039739d68d.json; accessed 2026-09-25T13:23:47-0400] ;; BigKinds 01100701.20050127100005744: 세계일보 2005-01-27 '[현장메모]교육부 '맹탕브리핑'...왜?' [BigKinds search '교육부 차관 김영식' 2005-01-07..2005-01-28; snapshot roster/sources/education/news/bigkinds/bk_acting_2005_88083251b8.json; accessed 2026-09-25T13:08:16-0400] ;; 교육부 역대 장·차관 소개 https://www.moe.go.kr/mnstrHistory.do: 차관 46대 김영식 2004-07-20 ~ 2006-02-01 [snapshot roster/sources/education/official/moe_mnstrHistory.html; accessed 2026-09-24T22:44:04-0400],,,roster_builder
H4012b489,,김오수,,justice,"법무부 차관, 장관 직무대행",2019-10-15,2020-01-01,"incidental, not exhaustive","뉴스핌 2019-10-14 ""조국 사임에 법무부 짊어진 김오수 차관..검찰-법무부 갈등 최고조에 직무대행 '중책'"" (BigKinds news_id 04100078.20191014155913001, metadata and snippet, accessed 2026-09-25T13:23:27-0400; snapshot sources/justice/news/bigkinds/bigkinds_acting_2019_bac04fb96d.json) ;; 전라일보 2019-10-16 ""문 대통령, 법무 차관·검찰국장에 “흔들림 없는 검찰개혁” 지시"" (BigKinds news_id 01600901.20191016193215003, metadata and snippet, accessed 2026-09-25T13:23:27-0400; snapshot sources/justice/news/bigkinds/bigkinds_acting_2019_bac04fb96d.json) ;; inputs/minister_role_meetings.csv: minister_acting '법무부장관직무대행 김오수', 법제사법위원회 2019-10-15 to 2019-11-29 ;; 관보 제19286호 (2018-06-29) 인사발령, text '김오수 법무부 차관에 임함 2018.6.22.', viewer https://gwanbo.go.kr/ezpdf/customLayout.jsp?contentId=00000000000000001530150498323000&tocId=00000000000000001530150509119000&isTocOrder=N (harvested item fetched 2026-09-25T12:56:51-0400; copy roster/sources/justice/verify/gazette/20180629_19286_00000000000000001530150509119000.txt) [verifier]",,,roster_builder
H3ba90d19,,김용덕,,land,"건설교통부 차관, 장관 대행 during the vacancy after 추병직's resignation (news reports a 차관 대행체제, and he left the 차관 post on 2006-11-27)",2006-11-15,2006-11-27,"incidental, not exhaustive","매일경제 2006-11-15 ""[정치]추 건교 사표수리..차관 대행체제"" (BigKinds metadata, news_id 02100101.20160119142737936, snapshot roster/sources/land/bigkinds/bk_c9e4383d93.json, accessed 2026-09-25T13:47:48-0400): 추 건교 사표수리..차관 대행체제 (2006-11-15) ;; 영남일보 2006-11-16 ""秋 건교 사표수리...한달간 대행체제"" (BigKinds metadata, news_id 01500801.20061116154327001, snapshot roster/sources/land/bigkinds/bk_9d5b0b3365.json, accessed 2026-09-25T13:35:19-0400): 秋 건교 사표수리…한달간 대행체제 ;; 이데일리 2006-11-27 ""이춘희 신임 건교차관은 누구인가?"" (BigKinds metadata, news_id 04101008.20160312094251700, outlet link http://www.edaily.co.kr/news/newsread.asp?newsid=01564566580049984&DirCode=0010101, snapshot roster/sources/land/bigkinds/bk_29cb2d3717.json, accessed 2026-09-25T14:00:44-0400): 이춘희 ... 김용덕 차관 후임으로 건설교통부 차관에 임명됐다. 김 차관은 청와대 경제보좌관으로 자리를 옮겼다 (2006-11-27) ;; [verifier] 연합뉴스 2006-11-15 17:46:35 ""秋건교 사표수리..차관대행체제(종합)"" https://n.news.naver.com/mnews/article/001/0001468491 (snapshot roster/sources/land/verify/news/naver_001_0001468491.html, accessed 2026-09-25T21:56:48-0400): 후임 인선은 노 대통령이 아시아ㆍ태평양경제협력체(APEC) 정상회의 참석을 위한 베트남 방문과 캄보디아 국빈방문을 마치고 귀국하는 오는 22일 이후 단행할 방침이어서, 건교부는 새 장관 후보자의 국회 인사청문 절차가 마칠 때까지 한달 가량 차관 대행체제로 운영된다.",,,roster_builder
Hc04e6f0c,,김재섭,,foreign,"외교통상부 차관, answered for the ministry during the one-day vacancy between 윤영관's resignation (2004-01-15) and 반기문's appointment (2004-01-17). No formal 직무대행 designation found",2004-01-16,2004-01-16,"incidental, not exhaustive","경향신문 2004-01-15 16:18 '윤영관 외교장관의 ‘뼈있는 이임사’' https://n.news.naver.com/mnews/article/032/0000049225 (accessed 2026-09-24T22:53:03-0400, snapshot sources/foreign/news/naver_032_0000049225.html) quote: ""윤영관 외교부장관은 15일 사표가 수리된 뒤"" ;; BigKinds metadata: 한국경제 20040117 '""中ㆍ日엔 굴종, 美에만 자주외교냐"" ‥ 국회 통외통위' news_id 02100601.20160119092840282 (search POST https://www.bigkinds.or.kr/api/news/search.do, accessed 2026-09-25T13:52:35-0400, snapshot sources/foreign/news/bigkinds_2004-01-15_b2637a9392.json) snippet: ""국회 통일외교통상위원회는 16일 김재섭 외교통상부 차관을 출석시킨 가운데 전체회의를 열어"" ;; BigKinds metadata: 국민일보 20040117 '독도우표 韓―日분쟁 격화' news_id 01100201.20040117000000105 (search POST https://www.bigkinds.or.kr/api/news/search.do, accessed 2026-09-25T13:52:35-0400, snapshot sources/foreign/news/bigkinds_2004-01-15_b2637a9392.json) snippet: ""김재섭 외교부 차관을 만나"" ;; 관보 제15602호 (2004-01-24) 인사: ""⊙2004년 1 월17일자 반 기 문(潘 基 文) 국무위원에 임함 외교통상부장관에 보함"" | harvest/gazette_text/20040124_15602_00000000000000001319029879613000.txt | viewer https://gwanbo.go.kr/ezpdf/customLayout.jsp?contentId=00000000000000001319029870041000&tocId=00000000000000001319029879613000&isTocOrder=N (accessed 2026-09-24T22:47:19-0400)",,,roster_builder
Hf08a448c,,김정호,,agriculture,"농림부 차관, acting head during the vacancy after 김영진's resignation was accepted on the morning of 2003-07-18 until 허상만 was appointed on 2003-07-24 (직무대행 by 정부조직법 제7조, not explicitly labelled 직무대행 in the sources found)",2003-07-19,2003-07-23,"incidental, not exhaustive","관보 제15340호 (published 2003-03-07), harvest/gazette_text/20030307_15340_00000000000000001319026570332000.txt: '◉2003년 3 월 3 일자 ... 김 정 호(金 正 鎬) 농림부차관에 임함'. viewer https://gwanbo.go.kr/ezpdf/customLayout.jsp?contentId=00000000000000001319026557356000&tocId=00000000000000001319026570332000&isTocOrder=N (accessed 2026-09-24T22:44:36-0400) ;; 파이낸셜뉴스 2003-07-20 17:30 '농림부장관 21일 발표', https://n.news.naver.com/mnews/article/014/0000077492, snapshot roster/sources/agriculture/naver_014_0000077492.html (accessed 2026-09-25T13:15:36-0400). Quote: '청와대는 특히 김정호 농림부 차관이 대구 출신인 점 등을 감안' ;; 연합뉴스 2003-07-24 16:15 '국회 농해수산위', https://n.news.naver.com/mnews/article/001/0000418861, snapshot roster/sources/agriculture/naver_001_0000418861.html (accessed 2026-09-25T13:16:01-0400). Quote: '24일 오후 국회 농해수위 전체회의에 참석한 ... 김정호농림부 차관' ;; [verifier] BigKinds metadata: 전북도민일보 2003-07-25 '새만금공사 빨리 끝내라' (news_id 01601001.20030725063535001). Quote: '국회 농림해양수산위는 24일 김정호 농림차관을 출석시킨 가운데 전체회의를 열고'. Search '김정호 차관' 2003-07-18..2003-07-25, snapshot roster/sources/agriculture/verify/bigkinds/bk_kjh_acting_2003-07-18_2003-07-25_705e79cf.json (accessed 2026-09-25T21:56:45-0400) ;; [verifier] BigKinds metadata: 한국일보 2003-07-18 '농림부, 휴일 근무… 차관은 辭意 접어' (news_id 01101101.20030718000000302). Quote: '김 차관은 그러나 주변의 만류로 사퇴 의사를 접고 간부회의를 주재하는 등'. Search '김정호 차관' 2003-07-18..2003-07-25, snapshot roster/sources/agriculture/verify/bigkinds/bk_kjh_acting_2003-07-18_2003-07-25_705e79cf.json (accessed 2026-09-25T21:56:45-0400)",,,roster_builder
H4bbe29e7,,김종,,culture,"문화체육관광부 제2차관, 장관 직무대행",2014-07-17,2014-07-24,"incidental, not exhaustive","BigKinds metadata record: 아시아투데이 2014-07-24 '보다 정확한 공연예술 박스오피스 현황 발표된다' (search '김종 직무대행' via https://www.bigkinds.or.kr/api/news/search.do, accessed 2026-09-25T13:25:09-0400; snapshot roster/sources/culture/bigkinds_김종_직무대행_2014-07-17_2014-07-26.json) [summary: 문화체육관광부(장관 직무대행 김종)] ;; BigKinds metadata record: 프레시안 2014-07-18 '새 문체부장관 지명 임박…김정기 한양대 교수 유력' (search '유진룡 면직' via https://www.bigkinds.or.kr/api/news/search.do, accessed 2026-09-25T13:08:14-0400; snapshot roster/sources/culture/bigkinds_유진룡_면직_2014-07-15_2014-07-18.json) [summary: 조현채 1차관도 ... 사표를 제출해 문체부는 장관과 1차관이 공석 ... 김종 2차관이 장관..] ;; 연합뉴스 2014-07-17 09:01 '朴대통령, 서남수 교육·유진룡 문화에 면직 통보' https://n.news.naver.com/mnews/article/001/0007018127 (accessed 2026-09-25T13:11:29-0400; snapshot roster/sources/culture/naver_001_0007018127.html) [summary: 연합뉴스 2014-07-17: 문체부 당분간 차관 대행 체제]",,End inferred from 김희범's appointment as 제1차관 (reported 2014-07-25).,roster_builder
H9beed7ad,Pcba1c942,김종민,,culture,"문화체육부 차관, ran 문화관광부 business while the minister's post was vacant (instructed to act in his vice-ministerial role, no 결재 authority, no formal 직무대행 designation found)",1998-02-28,1998-03-02,"incidental, not exhaustive","BigKinds metadata record: 매일신문 1998-02-24 '한국선수단 나가노 영관안고 개선' (search '문화체육부 차관' via https://www.bigkinds.or.kr/api/news/search.do, accessed 2026-09-25T13:09:30-0400; snapshot roster/sources/culture/bigkinds_문화체육부_차관_1998-02-20_1998-03-05.json) [summary: 김종민 문화체육부 차관] ;; 연합뉴스 1998-02-28 15:27 '새 정부조직법 발효(종합)' https://n.news.naver.com/mnews/article/001/0004298139 (accessed 2026-09-24T22:44:47-0400; snapshot roster/sources/culture/naver_yna_19980228_govorg_law_effective.html) [summary: 청와대: 기관장이 자동면직되는 7개부 ... 현재의 차관이 행정편의상 차관역할] ;; 연합뉴스 1998-02-28 15:30 '<새 정부조직법 발효와 공직사회 파장>-1' https://n.news.naver.com/mnews/article/001/0004300892 (accessed 2026-09-24T22:44:48-0400; snapshot roster/sources/culture/naver_yna_19980228_govorg_law_effect_civilservice.html) [summary: 차관들이 ... 부처를 관장하겠지만 ... 결재 도장은 찍지 못하기 때문]",,"De facto caretaker, not a formal 직무대행. 경향신문 1998-03-02 (BigKinds 01100101.19980302000000210) reports that the seven renamed ministries, 문화관광부 among them, ran with neither 장관 nor 차관, since 법률 제5529호 부칙 제3조② also excluded the 정무직 vice ministers from the staff transfer. 연합뉴스 (1998-02-28) says the sitting vice ministers kept the ministries running without 결재 authority.",roster_builder
H3eead784,,김주현,,justice,"법무부 차관, 장관 직무대행",2015-06-19,2015-07-08,"incidental, not exhaustive","국민일보 2015-07-08 00:05:04 ""“총리, 이게 대한민국입니까?” 서영교 의원 후덜덜 영상… 페북지기 초이스"" https://n.news.naver.com/mnews/article/005/0000793416 (Naver News, accessed 2026-09-25T13:16:12-0400; snapshot sources/justice/news/naver_005_0000793416.html) ;; 이데일리 2015-07-08 08:01:04 ""서영교 의원 ""대통령.."" '정권 질타' 영상 폭발적 반응"" https://n.news.naver.com/mnews/article/018/0003296243 (Naver News, accessed 2026-09-25T13:16:24-0400; snapshot sources/justice/news/naver_018_0003296243.html) ;; inputs/minister_role_meetings.csv: minister_acting '법무부장관직무대행 김주현', 법제사법위원회 2015-07-03 and 2015-07-08 ;; 관보 제18455호 (2015-02-24) 인사발령, text '김주현(金周賢) 법무부 차관에 임함 2015. 2. 11.', viewer https://gwanbo.go.kr/ezpdf/customLayout.jsp?contentId=00000000000000001424651321495000&tocId=00000000000000001424651362496000&isTocOrder=N (harvested item fetched 2026-09-25T07:06:54-0400; copy roster/sources/justice/verify/gazette/20150224_18455_00000000000000001424651362496000.txt) [verifier]",,,roster_builder
Haaf1e67a,,김태수,金泰洙,agriculture,"농림수산부 차관, the sitting 차관 during the one-day vacancy between 김양배's dismissal on 1994-04-04 and 최인기's 임명장 on 1994-04-06. The record is inferred, since no source naming him 장관 직무대행 was found.",1994-04-05,1994-04-05,"incidental, not exhaustive","매일경제 1994-01-13 p.31 '農産物(농산물)값 폭등땐 자동 수입' (Naver News Library article 1994011300099131003, OCR text, page image https://newslibrary.naver.com/viewer/index.naver?articleId=1994011300099131003&editNo=15&printCount=1&publishDate=1994-01-13&officeId=00009&pageNo=31&printNo=8643&publishType=00010), snapshot roster/sources/agriculture/ext88/nl/nl_1994011300099131003.json (accessed 2026-09-26T09:45:04-0400). Quote: '金泰洙(김태수)농림수산부차관 주재로' ;; BigKinds full text: 경인일보 1994-03-23 '농촌지도자 중앙회 함영기회장 취임' (news_id 01200201.19940323150517120, GET https://www.bigkinds.or.kr/news/detailView.do?docId=01200201.19940323150517120&returnCnt=1&sectionDiv=1000), snapshot roster/sources/agriculture/ext88/bk/bk_01200201.19940323150517120.json (accessed 2026-09-26T09:44:59-0400). Quote: '김태수농림수산부차관' ;; 동아일보 1994-04-13 p.25 '사람 사람 사람들' (Naver News Library article 1994041300209125001, OCR text, page image https://newslibrary.naver.com/viewer/index.naver?articleId=1994041300209125001&editNo=45&printCount=1&publishDate=1994-04-13&officeId=00020&pageNo=25&printNo=22483&publishType=00010), snapshot roster/sources/agriculture/ext88/nl/nl_1994041300209125001.json (accessed 2026-09-26T09:45:14-0400). Quote: '金泰洙(김태수)농림수산부차관은12일'",True,,roster_builder
H570a938e,,김해진,,special,"특임차관, 특임장관 직무대행 (장관 공석)",2011-09-20,2012-01-09,"incidental, not exhaustive","연합뉴스 2011-10-06 22:29:48 '낙동강 살리기 현장방문한 특임장관 직무대행' https://n.news.naver.com/mnews/article/001/0005304072 (accessed 2026-09-25T13:41:04-0400, snapshot roster/sources/special/news/naver_001_0005304072.html) (6일 ... 김해진 특임장관 직무대행) ;; BigKinds metadata record, 머니투데이 2012-01-04 '[사진]민주노총 위원장 만난 김해진 특임장관 직무대행' news_id 02100201.20120104181225002 (POST https://www.bigkinds.or.kr/api/news/search.do, query '특임장관 직무대행' 2011-09-16..2012-03-01, accessed 2026-09-25T13:54:31-0400, snapshot roster/sources/special/news/bk_183b9ef1_2011-09-16_2012-03-01.json) (4일 ... 김해진 특임장관 직무대행) ;; 헤럴드경제 2012-01-09 11:31:02 '장·차관 없는 사상 초유의 특임장관실' https://n.news.naver.com/mnews/article/016/0000407292 (accessed 2026-09-25T13:52:53-0400, snapshot roster/sources/special/news/naver_016_0000407292.html) (9일 오전 10시 김해진 특임차관 이임식 ... 이재오 전 특임장관의 사퇴로 비어 있는 장관직에 대한 직무대리를 그동안 맡아왔다, 5일 사표 제출) ;; 서울경제 2012-01-09 16:48:02 '[기자의 눈] 개점휴업 특임장관실' https://n.news.naver.com/mnews/article/011/0002209573 (accessed 2026-09-25T13:52:52-0400, snapshot roster/sources/special/news/naver_011_0002209573.html) (3개월간 장관 대행을 해온 김해진 차관이 (9일) 이임식) ;; inputs/minister_role_meetings.csv has '특임장관직무대행 김해진' (role minister_acting) in 국회운영위원회 meetings 41044 (2011-10-10, 국정감사), 41150 (2011-11-02) and 41180 (2011-11-08) ;; 관보 제17324호 (published 2010-08-19), 인사발령(행정안전부), '김 해 진(金 海 鎭) 특임차관에 임함 2010.8.16', viewer https://gwanbo.go.kr/ezpdf/customLayout.jsp?contentId=00000000000000001319095268522000&tocId=00000000000000001319095289143000&isTocOrder=N (accessed 2026-09-25T06:54:43-0400, text harvest/gazette_text/20100819_17324_00000000000000001319095289143000.txt)",,From the day after 이재오's last day. He left on 2012-01-09 to run in the 2012-04-11 general election.,roster_builder
Hdb4d4bf9,P20f9894d,김현수,,agriculture,"농림축산식품부 차관 장관 직무대행, during the vacancy after 김영록 left on 2018-03-15 to run for 전남지사 until 이개호 was appointed on 2018-08-10 (end of the acting period inferred from that appointment)",2018-03-16,2018-08-09,"incidental, not exhaustive","BigKinds metadata: 헤럴드경제 2018-04-04 '김현수 농식품부 차관 ""김포 구제역 추가 확산방지 총력""' ('장관 직무대행 중인 김현수 농림축산식품부 차관은 4일'); 파이낸셜뉴스 2018-04-23 '농업 현안 쌓이는데.. 농식품부, 장관 인선 지연에 어수선' ('차관 대행 정책수행에 한계'); search snapshot roster/sources/agriculture/bigkinds_2018-03-15_2018-08-10_d452e42329.json (accessed 2026-09-24T22:52:44-0400) ;; 관보 제19324호 (published 2018-08-23), 인사 item toc_seq 00000000000000001534834134858000, text: '이개호(李介昊) 국무위원에 임함 농림축산식품부장관에 보함 2018.8.10.'. harvest/gazette_text/20180823_19324_00000000000000001534834134858000.txt and roster/sources/agriculture/gazette_19324_00000000000000001534834134858000.pdf; viewer https://gwanbo.go.kr/ezpdf/customLayout.jsp?contentId=00000000000000001534834129998000&tocId=00000000000000001534834134858000&isTocOrder=N (accessed 2026-09-24T22:52:52-0400) ;; inputs/minister_role_meetings.csv (kr-hearings-data v9), role minister_acting, speaker '농림축산식품부장관직무대리 김현수' in 농림축산식품해양수산위원회 상임위원회 meetings 48137 (2018-05-16) and 48202 (2018-07-24) ;; [verifier] BigKinds metadata: 광주매일신문 2018-03-28 'aT, 농식품 청년해외개척단 3-4기 발대식' (news_id 01600201.20180328004101002). Quote: '농림축산식품부(농식품부, 장관 직무대행 김현수)'. Search '김현수 직무대행' 2018-03-16..2018-08-10, snapshot roster/sources/agriculture/verify/bigkinds/bk_khs_acting_2018-03-16_2018-08-10_b8f4ec97.json (accessed 2026-09-25T21:56:59-0400)",,,roster_builder
H72595e24,,김희범,,culture,"문화체육관광부 제1차관, 장관 직무대행",2014-07-25,2014-08-19,"incidental, not exhaustive","노컷뉴스 2014-07-25 15:46 '김희범 문체부 제1차관 프로필' https://n.news.naver.com/mnews/article/079/0002621713 (accessed 2026-09-25T13:19:25-0400; snapshot roster/sources/culture/naver_079_0002621713.html) [summary: 노컷뉴스 2014-07-25: 김희범 제1차관 임명] ;; 연합뉴스 2014-08-04 09:55 '문체부, 지역 현장서 R&D수요 의견 수렴' https://n.news.naver.com/mnews/article/001/0007049850 (accessed 2026-09-25T13:17:38-0400; snapshot roster/sources/culture/naver_001_0007049850.html) [summary: 연합뉴스 2014-08-04: 문화체육관광부(장관 직무대행 김희범)] ;; kr-hearings-data v9 transcript row (minister_role_meetings.csv: speaker '문화체육관광부장관직무대행 김희범', 교육문화체육관광위원회, 2014-08-08 and 2014-08-19; file _rebuild/inputs/minister_role_meetings.csv or nominee_hearing_meetings.csv) ;; 관보 제18318호 (published 2014-07-31), 인사발령(안전행정부) toc_seq 00000000000000001406680855407000, '김희 범(金熙範 ) 문화체 관광부 제1차관에 임함 육 2014. 7. 25.' (literal text layer of the item PDF, which scatters the characters of the printed line naming 김희범 (金熙範) as 문화체육관광부 제1차관 as of 2014. 7. 25.; text saved at roster/sources/culture/verify/gazette_18318_00000000000000001406680855407000.pdf.txt), https://gwanbo.go.kr/ezpdf/customLayout.jsp?contentId=00000000000000001406680788265000&tocId=00000000000000001406680855407000&isTocOrder=N (accessed 2026-09-24T22:58:28-0400; snapshot roster/sources/culture/verify/gazette_18318_00000000000000001406680855407000.pdf)",,"Start is the 관보 date of his appointment as 제1차관 (관보 제18318호, 2014-07-31: '김희 범(金熙範 ) 문화체 관광부 제1차관에 임함 육 2014. 7. 25.' (literal text layer of the item PDF, which scatters the characters of the printed line naming 김희범 (金熙範) as 문화체육관광부 제1차관 as of 2014. 7. 25.; text saved at roster/sources/culture/verify/gazette_18318_00000000000000001406680855407000.pdf.txt)), the same day it was reported. End is the day before the appointment of 김종덕 (2014-08-20).",roster_builder
Hb3926619,,김희옥,,justice,"법무부 차관, 장관 직무대행",2006-07-26,2006-08-29,"incidental, not exhaustive","뉴시스 2006-07-27 11:51:00 ""중기청,법무부,한국전력과 싱글PPM 품질혁신 업무협약 체결"" https://n.news.naver.com/mnews/article/003/0000140321 (Naver News, accessed 2026-09-25T13:00:52-0400; snapshot sources/justice/news/naver_003_0000140321.html) ;; 디지털타임스 2006-07-28 11:05:00 ""상의-법무부-중기청-한전 `싱글PPM 품질혁신` MOU"" https://n.news.naver.com/mnews/article/029/0000143819 (Naver News, accessed 2026-09-25T13:01:04-0400; snapshot sources/justice/news/naver_029_0000143819.html) ;; MBC 2006-07-25 06:00:00 ""[단신] 천정배 법무장관 사표 오늘수리"" https://n.news.naver.com/mnews/article/214/0000012068 (Naver News, accessed 2026-09-25T13:00:16-0400; snapshot sources/justice/news/naver_214_0000012068.html) ;; 관보 제16085호 (2005-09-14) 인사발령, text '김 희 옥(金 熙 玉) 법무부 차관에 임함 (2005-09-08)', viewer https://gwanbo.go.kr/ezpdf/customLayout.jsp?contentId=00000000000000001319035871373000&tocId=00000000000000001319035884708000&isTocOrder=N (harvested item fetched 2026-09-25T06:42:55-0400; copy roster/sources/justice/verify/gazette/20050914_16085_00000000000000001319035884708000.txt) [verifier]",,,roster_builder
H0f088274,,나승일,,education,"교육부 차관, 교육부장관 직무대리 (vacancy after 서남수's 면직 on 2014-07-17, until 황우여's appointment on 2014-08-08)",2014-07-18,2014-08-08,"incidental, not exhaustive","[verifier] BigKinds 01100101.20140718100000071: 경향신문 2014-07-18 '교육부도 차관 대행체제…현안 장기 표류 조짐': '서남수 장관이 이임식을 가진 17일 교육부에는 술렁임이 이어졌다' [BigKinds search '교육부 차관 대행' 2014-07-17..2014-08-08; snapshot roster/sources/education/verify/bigkinds/nsi_acting_a961771d76.json; accessed 2026-09-25T22:05:04-0400] ;; [verifier] BigKinds 01101001.2014080710014932785: 한겨레 2014-08-07 '교육부 차관, 자사고 교장들 비공개로 만나': '장관 직무대행 중인 나 차관은' [BigKinds search '나승일 차관' 2014-07-17..2014-08-08; snapshot roster/sources/education/verify/bigkinds/nsi_acting2_e84067764f.json; accessed 2026-09-25T22:09:58-0400] ;; kr-hearings-data v9 meeting 44288 (2014-08-08, 교육문화체육관광위원회, 상임위원회) [_rebuild/inputs/minister_role_meetings.csv or nominee_hearing_meetings.csv] ;; 교육부 역대 장·차관 소개 https://www.moe.go.kr/mnstrHistory.do: 차관 56대 나승일 2013-03-23 ~ 2014-08-26 [snapshot roster/sources/education/official/moe_mnstrHistory.html; accessed 2026-09-24T22:44:04-0400]",,,roster_builder
H7f027338,,나종민,,culture,"문화체육관광부 제1차관, 장관 직무대행",2017-06-07,2017-06-15,"incidental, not exhaustive","관보 제19036호 (published 2017-06-23), '나종민(羅棕珉) 문화체육관광부 제1차관에 임함 2017.6.7.' (harvest/gazette_text/20170623_19036_00000000000000001498090378815000.txt, viewer https://gwanbo.go.kr/ezpdf/customLayout.jsp?contentId=00000000000000001498090307130000&tocId=00000000000000001498090378815000&isTocOrder=N, fetched 2026-09-24T22:59:22-0400) ;; 뉴시스 2017-06-12 11:43 '나종민 문체부차관 ""민간 위주 블랙리스트 조사위 구성"" 주문' https://n.news.naver.com/mnews/article/003/0008006236 (accessed 2026-09-25T21:57:46-0400; snapshot roster/sources/culture/verify/news/naver_003_0008006236.html) [summary: 나 차관은 현재 문화체육관광부 장관 직무대행도 맡고 있다] ;; 정책브리핑 2017-06-15 08:55 '지역문화 자치를 실현할 차세대 문화활동가 양성' https://n.news.naver.com/mnews/article/298/0000221750 (accessed 2026-09-25T21:57:53-0400; snapshot roster/sources/culture/verify/news/naver_298_0000221750.html) [summary: 문화체육관광부(장관 직무대행 제1차관 나종민, 이하 문체부)는] ;; 뉴스1 2017-06-16 09:23 https://n.news.naver.com/mnews/article/421/0002789420 (accessed 2026-09-25T21:57:49-0400; snapshot roster/sources/culture/verify/news/naver_421_0002789420.html) [summary: 문화체육관광부(장관 직무대행 제1차관 나종민)는 16일] (press release of the day 도종환 was appointed)",,"Added by the verifier. Start is the 관보 date of his appointment as 제1차관 (announced 2017-06-06, first day at the ministry 06-08 per 국민일보 2017-06-08). End is the day before the appointment of 도종환 (2017-06-16). The acting period of 송수근 ends 2017-06-06.",roster_builder
H6077ed39,,노민기,,labor,"노동부 차관, 장관 직무대행 체제",2008-02-05,2008-02-28,"incidental, not exhaustive","문화일보 2008-02-12 14:00:00 '김만복 前 원장 내주초 검찰에 불려갈 듯' https://n.news.naver.com/mnews/article/021/0001939469 (accessed 2026-09-25T12:56:29-0400; snapshot roster/sources/labor/news/naver_021_0001939469.html): 2008-02-12 '기획예산처와 노동부 등 일부부처의 장관들은 이미 총선출마를 위해 사퇴해 대행체제' / '이상수 노동부 장관도 ... 이미 사퇴한 상태' ;; BigKinds metadata 아시아경제 2008-02-04 '노민기 노동부차관, 위문품 전달' news_id 02100801.20080204023540001 (search '노민기 차관' 2008-02-01..2008-02-29, https://www.bigkinds.or.kr/api/news/search.do, accessed 2026-09-25T13:57:11-0400; snapshot roster/sources/labor/bigkinds/bigkinds_222496b61b.json): '노민기 노동부차관은 오는 5일 ... 광명성애병원을 방문' ;; BigKinds metadata 파이낸셜뉴스 2008-02-29 '신임 노동차관에 정종수 정책홍보관리본부장' news_id 02100501.20160206221918967 (search '정종수 차관' 2008-02-01..2008-02-29, https://www.bigkinds.or.kr/api/news/search.do, accessed 2026-09-25T13:50:44-0400; snapshot roster/sources/labor/bigkinds/bigkinds_663b15a92e.json): '노동부는 29일 노민기 차관 후임으로 정종수 정책홍보관리본부장(54)을 임명했다고 밝혔다' (BigKinds date 2008-02-29) ;; 관보 제16703호 (published 2008-03-06), 인사: '정 종 수(鄭 鍾 秀) 노동부 차관에 임함' [section ⊙2008년 3월 1일자, so 노민기 remained 차관 through the vacancy] viewer https://gwanbo.go.kr/ezpdf/customLayout.jsp?contentId=00000000000000001319081945303000&tocId=00000000000000001319081960066000&isTocOrder=N (PDF accessed 2026-09-24T22:54:23-0400; snapshot roster/sources/labor/gazette/gz_20080306_16703_00000000000000001319081960066000.pdf; text harvest/gazette_text/20080306_16703_00000000000000001319081960066000.txt) ;; [verifier] 머니투데이 2008-02-04 12:03:48 '이상수 노동, 퇴임식서 '李정부' 노동관 비판' https://n.news.naver.com/mnews/article/008/0001941664 (accessed 2026-09-25T22:20:27-0400; snapshot roster/sources/labor/verify/news/naver_008_0001941664.html): '이상수 노동부 장관이 4일 퇴임하면서'",,,roster_builder
H8f92372f,,노용석,,sme,중소벤처기업부 제1차관 장관 직무대행,2026-07-01,2026-09-22,"incidental, not exhaustive","SBS Biz 2026-07-30 15:48 https://n.news.naver.com/mnews/article/374/0000524670 (accessed 2026-09-25T13:35:52-0400, snapshot roster/sources/sme/news/naver_374_0000524670.html): ""한성숙 전 장관이 지난 1일 국무총리로 자리를 옮긴 뒤, 중기부는 노용석 제1차관 직무대행 체제로 운영되고 있습니다"" ;; 뉴스1 2026-07-21 06:20 https://n.news.naver.com/mnews/article/421/0009069384 (accessed 2026-09-25T13:35:56-0400, snapshot roster/sources/sme/news/naver_421_0009069384.html): ""중기부는 한성숙 국무총리가 지난 1일 취임한 이후 노용석 제1차관이 장관 직무대행을 맡아 부처를 이끌고 있다"" ;; 뉴시스 2026-08-02 06:01 https://n.news.naver.com/mnews/article/003/0014102727 (accessed 2026-09-25T13:35:50-0400, snapshot roster/sources/sme/news/naver_003_0014102727.html): ""중소벤처기업부 장관 직무대행인 노용석 1차관이"" ;; 관보 제21118호 (2025-11-17) 인사발령(인사혁신처), text harvest/gazette_text/20251117_21118_I0000000000000001762749369638000.txt; item PDF snapshot roster/sources/sme/gazette/gz_20251117_21118_I0000000000000001762749369638000.pdf (accessed 2026-09-25T12:59:27-0400): 노용석(盧勇錫) 중소벤처기업부 제1차관에 임함 2025. 10. 1.",,,roster_builder
H90c746cc,P907afc91,노준형,,ict,"정보통신부 차관 and minister-designate, 장관 직무 대행 under the arrangement announced by the Blue House on 2006-03-02",2006-03-22,2006-03-27,"incidental, not exhaustive","BigKinds metadata 환경일보 2006-03-22 news_id 07100502.20060322001612004: 20일 ... 정보통신부를 방문하여 노준형 차관을 예방 (snapshot roster/sources/ict/news/bk_b91c85ab_2006-03-21_2006-03-28.json) ;; BigKinds metadata 서울경제 2006-03-28 news_id 02100311.20160317230251370: 노무현 대통령은 오전 청와대에서 신임 노준형 정보통신부 장관과 유영환 정보통신부 차관에게 임명장을 수여 (snapshot roster/sources/ict/news/bk_b91c85ab_2006-03-21_2006-03-28.json) ;; 머니투데이 2006-03-02 16:18 '행자부장관 이용섭·정통부장관 노준형(상보)' https://n.news.naver.com/mnews/article/008/0000635861 (accessed 2026-09-25T14:05:14-0400, snapshot roster/sources/ict/verify/naver_008_0000635861.html) quote '지방선거에 출마하는 장관의 경우 ... 후임 내정자와 인수인계 절차를 마친 후에 사임토록 했으며 그 이후에는 장관을 정식으로 임명할 때까지 차관이 장관직을 대행토록 했다' [verifier]",,,roster_builder
He1e8bcf3,,문창진,,health,보건복지부 차관 (no minister for 보건복지가족부),2008-02-29,2008-02-29,"incidental, not exhaustive",보건복지부 역대차관(제1차관) list https://www.mohw.go.kr/pastProfile.es?mid=a10606040000&menuType=4&searchType=&keyword=&pageNum=2 (accessed 2026-09-25T13:13:19-0400): 31대 문창진 文昌珍 보건복지부 2007-06-21 ~ 2008-02-29; snapshot roster/sources/health/mohw_pastvice1_p*.html,,Inferred from the vice-minister list only. No report naming a 장관 직무대행 for 2008-02-29 was found.,roster_builder
H5b997d09,,박석환,,foreign,"외교통상부 장관 직무대리 in one committee meeting while 김성환 was minister, not a vacancy",2012-02-06,2012-02-06,"incidental, not exhaustive","inputs/minister_role_meetings.csv row role minister_acting, person 박석환, affiliation 외교통상부, 상임위원회, 2012-02-06",,,roster_builder
Hc0f9c146,,박성득,,ict,정보통신부 차관 장관 직무대행,1998-02-26,1998-03-02,"incidental, not exhaustive","연합뉴스 1998-02-26 10:03 https://n.news.naver.com/mnews/article/001/0004299352: 25일 金대통령의 취임과 함께 康장관이 청와대 정책수석 임명장을 받았기 때문에 장관직을 사직한 상태, 朴成得차관이 장관 직무를 대행 (accessed 2026-09-25T07:05:39-0400, snapshot roster/sources/ict/news/naver_001_0004299352.html)",,,roster_builder
Hec53959a,,반장식,,budget,"기획예산처 차관, 장관 직무대행 (장관 공석, 대행체제)",2008-02-05,2008-02-28,"incidental, not exhaustive","연합뉴스 2008-02-24 06:50:34 ""<새 정부, '원격조정'으로 스타트>"" | https://n.news.naver.com/mnews/article/001/0001972274 | accessed 2026-09-25T13:03:31-0400 | snapshot roster/sources/budget/news/naver_001_0001972274.html (장병완 전 장관이 이미 사직, 반장식 차관이 업무) ;; 경향신문 2008-02-24 18:18:02 ""李정부 출범하지만, 새 경제장관 내정자 청사밖서 ‘임시업무’"" | https://n.news.naver.com/mnews/article/032/0001942107 | accessed 2026-09-25T13:03:44-0400 | snapshot roster/sources/budget/news/naver_032_0001942107.html ;; 문화일보 2008-02-12 14:00:00 ""김만복 前 원장 내주초 검찰에 불려갈 듯"" | https://n.news.naver.com/mnews/article/021/0001939469 | accessed 2026-09-25T12:56:29-0400 | snapshot roster/sources/budget/news/naver_021_0001939469.html (2008-02-12, 기획예산처는 장관 사퇴로 대행체제) ;; 관보 제16492호 (published 2007-04-26), 인사 item toc_seq 00000000000000001319076952479000 | 반장식 기획예산처 차관 임명 ⊙2007년 4 월20일자 | viewer https://gwanbo.go.kr/ezpdf/customLayout.jsp?contentId=00000000000000001319076938475000&tocId=00000000000000001319076952479000&isTocOrder=N | PDF accessed 2026-09-25T06:46:49-0400 | snapshot roster/sources/budget/gazette/gazette_16492_20070426_00000000000000001319076952479000.pdf ;; 매일신문 2008-02-12 11:57:00 사설 (비어 있는 장관직 ... 장병완 기획예산처 장관 ... 내각을 떠났다) | https://n.news.naver.com/mnews/article/088/0000088205 | accessed 2026-09-25T12:56:30-0400 | snapshot roster/sources/budget/verify/naver_088_0000088205.html",,,roster_builder
H776743db,Pce9f8e33,변재진,,health,보건복지부 차관 장관 직무대행,2007-05-23,2007-06-17,"incidental, not exhaustive","한국경제 2007-05-23 10:27:39 ""후임 복지부장관 변재진 차관 유력"" https://n.news.naver.com/mnews/article/015/0000965130 (original http://www.hankyung.com/news/app/newsview.php?aid=2007052217271; accessed 2026-09-25T13:04:19-0400; snapshot roster/sources/health/news_015_0000965130.html) ;; BigKinds metadata: 부산일보 2007-05-22 ""보건복지부 장관에 변재진씨 기용 유력"" news_id 01500701.20160411150702726 (POST https://www.bigkinds.or.kr/api/news/search.do, query '유시민 장관 이임식' 2007-05-21..2007-05-25, accessed 2026-09-25T13:06:28-0400; snapshot roster/sources/health/bigkinds_2007_yoo_exit_b.json) ;; 보건복지부 역대차관(제1차관) list https://www.mohw.go.kr/pastProfile.es?mid=a10606040000&menuType=4&searchType=&keyword=&pageNum=2 (accessed 2026-09-25T13:13:19-0400): 30대 변재진 卞在進 보건복지부 2006-02-17 ~ 2007-06-17; snapshot roster/sources/health/mohw_pastvice1_p*.html",,,roster_builder
H6de0e683,Ped069995,서남수,,education,"교육인적자원부 차관, 장관 직무대행 (vacancy after 김신일)",2008-02-06,2008-02-28,"incidental, not exhaustive",BigKinds 01101001.20080223100008049: 한겨레 2008-02-23 '교육부 “로스쿨 총정원 증원 힘들다”' [BigKinds search '서남수 차관' 2008-02-05..2008-02-29; snapshot roster/sources/education/news/bigkinds/bk_acting_2008_c263189a03.json; accessed 2026-09-25T13:08:32-0400] ;; BigKinds 01100611.20160423091004592: 서울신문 2008-02-23 '‘법무대학원’ 존속시킬 듯' [BigKinds search '서남수 차관' 2008-02-05..2008-02-29; snapshot roster/sources/education/news/bigkinds/bk_acting_2008_c263189a03.json; accessed 2026-09-25T13:08:32-0400] ;; 교육부 역대 장·차관 소개 https://www.moe.go.kr/mnstrHistory.do: 차관 49대 서남수 2007-06-21 ~ 2008-02-28 [snapshot roster/sources/education/official/moe_mnstrHistory.html; accessed 2026-09-24T22:44:04-0400],,,roster_builder
H5b3ff1a2,,서호,,unification,"통일부 차관, 장관 직무대행",2020-06-19,2020-07-26,"incidental, not exhaustive","헤럴드경제 2020-06-19 11:09 ""문대통령, 김연철 장관 사표 수리…만찬 갖고 사의 표명 입장 경청"" (서호 차관, 대행 맡을 듯); https://n.news.naver.com/mnews/article/016/0001688600; snapshot sources/unification/news/naver_016_0001688600.html; accessed 2026-09-25T13:01:33-0400 ;; 뉴스1 2020-06-28 18:47 ""통일부총리 부활론 띄운 與…장관 하마평엔 임종석·이인영(종합)"" (장관 직무대행을 맡고 있는 서호 차관); https://n.news.naver.com/mnews/article/421/0004721996; snapshot sources/unification/news/naver_421_0004721996.html; accessed 2026-09-25T13:01:43-0400 ;; note: From the 2020-06-19 10:40 면직 of 김연철.",,,roster_builder
Hd7994815,,손재학,,oceans,"해양수산부 차관, heading the re-created ministry until the first minister was appointed (no minister or 차관 was in post on 2013-03-23, the day 법률 제11690호 took effect, he was appointed 차관 on 03-24)",2013-03-24,2013-04-16,"incidental, not exhaustive","관보 제17983호 (published 2013-03-28): '손재학(孫在學) 해양수산부 차관에 임함 2013. 3. 24.', item PDF https://gwanbo.go.kr/user/common/ofcttCntntDownload.do (snapshot roster/sources/oceans/gazette_vice/gazette_17983_00000000000000001364357833254000.pdf, accessed 2026-09-24T22:56:28-0400) ;; 경향신문 2013-04-15 ""[경향포토]장관님이 안 계셔서"" (BigKinds metadata, news_id 01100101.2013041510010814235, query '해양수산부 차관 손재학' 2013-03-20..2013-04-18, snapshot roster/sources/oceans/bigkinds/bk_e3096a4783.json, accessed 2026-09-25T13:43:00-0400): [경향포토] 장관님이 안 계셔서 ... 손재학 해양수산부 차관 (2013-04-15) ;; 한국일보 2013-04-12 ""기재부 ""누가 누굴 민다"" 물밑 각축전… 해수부, 인사 끝난 과장들이 대리 결재"" (BigKinds metadata, news_id 01101101.20130412100000013, query '해양수산부 차관 손재학' 2013-03-20..2013-04-18, snapshot roster/sources/oceans/bigkinds/bk_e3096a4783.json, accessed 2026-09-25T13:43:00-0400): 해수부, 인사 끝난 과장들이 대리 결재 (2013-04-12) ;; 내일신문 2013-04-05 ""해수부 긴급회의 ""해양사고 줄여라"""" (BigKinds metadata, news_id 01100301.20130405132609001, query '손재학 차관' 2013-03-24..2013-04-05, snapshot roster/sources/oceans/bigkinds/bk_93345e9aba.json, accessed 2026-09-25T14:08:56-0400): 해양수산부는 4일 ... 긴급 대책회의 ... 손재학 차관이 주재 ;; 환경일보 2013-04-01 ""“시화호 해파리 유생 박멸 작전 개시”"" (BigKinds metadata, news_id 07100502.20160328201216703, query '손재학 차관' 2013-03-24..2013-04-05, snapshot roster/sources/oceans/bigkinds/bk_93345e9aba.json, accessed 2026-09-25T14:08:56-0400): 해양수산부(차관 손재학) (2013-04-01) ;; 정부조직법 법률 제11690호 (전부개정, effective 2013-03-23), 제26조, 제43조, re-creates 해양수산부 (offices.json OF054, source GOA_11690 https://www.law.go.kr/LSW/lsInfoP.do?lsiSeq=136556&efYd=20130323)",,,roster_builder
Hbc945c3b,,손재학,,oceans,"해양수산부 차관, 해양수산부장관 직무대행 (vacancy after 윤진숙's dismissal)",2014-02-07,2014-03-04,"incidental, not exhaustive","kr-hearings-data v9 transcripts, inputs/minister_role_meetings.csv: speaker '해양수산부장관직무대행 손재학' in 2 meetings, 2014-02-21 and 2014-02-24 (상임위원회) ;; 머니투데이 2014-02-16 ""손재학 해수부장관직대, 부산 기름유출사고 현장 점검"" (BigKinds metadata, news_id 02100201.20140216105242002, query '해수부 장관 직무대행' 2014-02-06..2014-03-05, snapshot roster/sources/oceans/bigkinds/bk_57278fdb66.json, accessed 2026-09-25T13:59:59-0400): 해수부 장관 직무대행 중인 손 차관 (2014-02-16)",,,roster_builder
H14706b5f,,송수근,,culture,"문화체육관광부 제1차관, 장관 직무대행",2017-01-21,2017-06-06,"incidental, not exhaustive","뉴시스 2017-01-23 15:51 ''블랙리스트 총괄 의혹' 송수근 장관대행 ""총괄한 적 없어""' https://n.news.naver.com/mnews/article/003/0007730784 (accessed 2026-09-25T13:19:45-0400; snapshot roster/sources/culture/naver_003_0007730784.html) [summary: 뉴시스 2017-01-23: 송수근 문화체육관광부 제1차관 겸 장관 직무대행] ;; JTBC 2017-01-23 08:03 ''블랙리스트 사과' 나선 문체부…장관 대행마저 논란' https://n.news.naver.com/mnews/article/437/0000145272 (accessed 2026-09-25T13:19:58-0400; snapshot roster/sources/culture/naver_437_0000145272.html) [summary: JTBC 2017-01-23: 현직 장관이 구속된 상황에서 장관 직무대행을 맡고 있는 송수근 차관] ;; BigKinds metadata record: 헤럴드경제 2017-06-05 '한콘진, K-스토리 통해 한·중 문화교류 해빙 나선다' (search '장관 직무대행 송수근' via https://www.bigkinds.or.kr/api/news/search.do, accessed 2026-09-25T13:25:03-0400; snapshot roster/sources/culture/bigkinds_장관_직무대행_송수근_2017-05-10_2017-06-16.json) [summary: 문화체육관광부(장관 직무대행 송수근)] ;; kr-hearings-data v9 transcript row (minister_role_meetings.csv: speaker '문화체육관광부장관직무대행 송수근', 2017-02-14 .. 2017-03-23; file _rebuild/inputs/minister_role_meetings.csv or nominee_hearing_meetings.csv) ;; 관보 제18923호 (published 2017-01-06), '송수근(宋秀根) 문화체육관광부 제1차관에 임함 2016.12.30.' (harvest/gazette_text/20170106_18923_00000000000000001483569749118000.txt) ;; 관보 제19036호 (published 2017-06-23), '나종민(羅棕珉) 문화체육관광부 제1차관에 임함 2017.6.7.' (harvest/gazette_text/20170623_19036_00000000000000001498090378815000.txt, viewer https://gwanbo.go.kr/ezpdf/customLayout.jsp?contentId=00000000000000001498090307130000&tocId=00000000000000001498090378815000&isTocOrder=N, fetched 2026-09-24T22:59:22-0400) [successor as 제1차관, ends his acting period]",,"Start is the day the resignation of 조윤선 was accepted. He had been 제1차관 since 2016-12-30 (관보 제18923호, '송수근(宋秀根) 문화체육관광부 제1차관에 임함 2016.12.30.'). Still acting on 2017-06-05 (헤럴드경제). End inferred from the appointment of 나종민 as 제1차관 as of 2017-06-07 (관보 제19036호), announced 2017-06-06.",roster_builder
H39a11478,,송영대,,unification,"통일원 차관, 장관 직무대행 (between 이홍구's move to 국무총리 and 김덕's appointment)",1994-12-17,1994-12-23,"incidental, not exhaustive","통일부 열린장관실 역대장관 https://unikorea.go.kr/web/minister/contents/introduce_pastminister/, entry '송영대차관 장관직무대행 ('94.12.17∼12.23 )' (tier 2, accessed 2026-09-24T22:34:21-0400, snapshot roster/sources/unification/ext88/unikorea_pastminister.html) ;; 매일경제 1994-12-16 p.13 ""시멘트·SOC사업에""의욕"""" (Naver News Library article 1994121600099113001, search result title and snippet, quote '宋榮大(송영대)통일원차관도 15일' (차관 before the vacancy), viewer https://newslibrary.naver.com/viewer/index.naver?articleId=1994121600099113001&editNo=15&printCount=1&publishDate=1994-12-16&officeId=00009&pageNo=13&printNo=8958&publishType=00010, accessed 2026-09-26T09:09:28-0400, snapshot roster/sources/unification/ext88/nl/nls_t1994_12b_03c96b2a_p1.json) ;; 조선일보 1994-12-25 p.3 ""차관급 人事 대폭이냐 소폭이냐""긴장"""" (Naver News Library article 1994122500239103001, search result title and snippet, quote '현 宋榮大(송영대)차관의 경질설과 유임설이 팽팽' (still 차관 after the vacancy), viewer https://newslibrary.naver.com/viewer/index.naver?articleId=1994122500239103001&editNo=1&printCount=1&publishDate=1994-12-25&officeId=00023&pageNo=3&printNo=22896&publishType=00010, accessed 2026-09-26T09:09:28-0400, snapshot roster/sources/unification/ext88/nl/nls_t1994_12b_03c96b2a_p1.json) ;; ko.wikipedia '김덕' revid 40497460 infobox '차관2 = [[송영대]] 통일원 차관' (secondary), https://ko.wikipedia.org/w/index.php?oldid=40497460, accessed 2026-09-26T09:38:30-0400, snapshot roster/sources/unification/ext88/wiki/wiki_김덕.json",,"The ministry page starts the acting period on 1994-12-17, the day 이홍구 left in the afternoon, so it overlaps the last day of his spell. Only the ministry page names 송영대 as acting. The news sources show he was 차관 before and after the vacancy.",roster_builder
Hb0adc231,,송재성,,health,보건복지부 차관 장관 직무대행,2006-01-02,2006-02-09,"incidental, not exhaustive","보건복지부 역대차관(제1차관) list https://www.mohw.go.kr/pastProfile.es?mid=a10606040000&menuType=4&searchType=&keyword=&pageNum=2 (accessed 2026-09-25T13:13:19-0400): 29대 송재성 宋在聖 보건복지부 2004-07-20 ~ 2006-02-16; snapshot roster/sources/health/mohw_pastvice1_p*.html ;; 연합뉴스 2006-01-02 09:48:00 ""오늘 4개 부처 개각"" https://n.news.naver.com/mnews/article/001/0001187230 (original n/a; accessed 2026-09-24T22:50:49-0400; snapshot roster/sources/health/news_001_0001187230.html) ;; BigKinds metadata: 이데일리 2006-01-01 ""노대통령, 김근태 복지·정동영 통일 사표 수리"" news_id 04101008.20160311193633113 (POST https://www.bigkinds.or.kr/api/news/search.do, query '복지부 차관 장관 대행' 2006-01-01..2006-01-10, accessed 2026-09-25T13:02:13-0400; snapshot roster/sources/health/bigkinds_2006_acting.json)",,청와대 said that from 2006-01-02 the 차관 would act for the minister. 2005-12-31 and 2006-01-01 were a weekend and holiday.,roster_builder
Hf44722d5,,신각수,,foreign,"외교통상부 제1차관, 장관 직무대행 (de facto from 2010-09-06, formally after the resignation was accepted on 2010-09-08)",2010-09-06,2010-10-08,"incidental, not exhaustive","연합뉴스 2010-09-06 10:58 '<유명환 ""후회스럽다.공직자 덕목 중요"">(종합)' https://n.news.naver.com/mnews/article/001/0004641446 (accessed 2026-09-24T22:55:54-0400, snapshot sources/foreign/news/naver_001_0004641446.html) quote: ""외교통상부는 후임 장관이 공식 임명될 때까지 신각수 외교부 제1차관이 장관 직무대행을 맡는 체제로 운영될 것으로 알려졌다"" ;; 연합뉴스 2010-09-09 14:49 '외교부, 임재홍 기획조정실장 보직대기(종합2보)' https://n.news.naver.com/mnews/article/001/0004648700 (accessed 2026-09-24T22:55:06-0400, snapshot sources/foreign/news/naver_001_0004648700.html) quote: ""어제 사표가 수리된 뒤 신각수 제1차관이 장관 직무대행을 맡게 된 것"" ;; 뉴시스 2010-10-08 10:26 '협력서에 서명하는 신각수 장관 직무대행과 피터스 장관' https://n.news.naver.com/mnews/article/003/0003473331 (accessed 2026-09-25T13:39:28-0400, snapshot sources/foreign/news/naver_003_0003473331.html) quote: ""신각수 외교통상부 장관 직무대행(오른쪽)과 피터스 남아공 에너지부 장관이 협력서에 서명을 하고 있다"" ;; inputs/minister_role_meetings.csv rows role minister_acting, person 신각수, 외교통상부, 2010-09-07..2010-10-04 (4 meetings) ;; inputs/minister_role_meetings.csv rows role minister_acting, speaker 외교통상부장관직무대행 신각수, 외교통상통일위원회 (상임위원회) 2010-09-07 meeting_id 39757, 2010-09-10 meeting_id 39839, 2010-10-04 meeting_id 39846, and 국정감사 2010-10-04 meeting_id 39927 ;; 매일경제 2010-09-09 15:16 '외교부, 임재홍 기획조정실장 보직대기 조치' https://n.news.naver.com/mnews/article/009/0002319193 (accessed 2026-09-24T22:55:35-0400, snapshot roster/sources/foreign/verify/naver_009_0002319193.html) quote: ""어제 사표가 수리된 뒤 신각수 제1차관이 장관 직무대행을 맡게 된 것""",,,roster_builder
Hd8c50246,,신영숙,,gender,여성가족부 차관 (장관 직무대행),2024-02-22,2025-09-09,"incidental, not exhaustive","관보 제20658호 (published 2024-01-03), 인사발령(인사혁신처): '신영숙(申英淑) 여성가족부 차관에 임함 2023. 12. 28.' viewer https://gwanbo.go.kr/ezpdf/customLayout.jsp?contentId=I0000000000000001703826218245000&tocId=I0000000000000001703649466012000&isTocOrder=N (accessed 2026-09-24T22:54:32-0400; harvest/gazette_text/20240103_20658_I0000000000000001703649466012000.txt; snapshot roster/sources/gender/gazette/gazette_20240103_20658_I0000000000000001703649466012000.pdf) ;; BigKinds metadata: 데일리안 2024-02-23 '부처 폐지 준비하고 있는 여성가족부…실·국장에 타부처 출신 임명' news_id 04100158.20240223015947001 (search '김현숙 장관 사표 수리' 2024-02-19..2024-02-23, accessed 2026-09-25T14:11:57-0400; snapshot roster/sources/gender/bigkinds/bk_1ad362b131.json) (데일리안 2024-02-23: 김현숙 장관 퇴임 후 신영숙 차관 대행 체제) ;; BigKinds metadata: 뉴스핌 2025-09-10 '신영숙 여가차관 ""직무대행 매일 두려운 도전의 나날…고마움 기억할 것""' news_id 04100078.20250910121423001 (search '신영숙 차관 직무대행' 2025-06-04..2025-09-10, accessed 2026-09-25T14:14:01-0400; snapshot roster/sources/gender/bigkinds/bk_ac4174dfee.json) (뉴스핌 2025-09-10: 1년 7개월의 장관 직무대행을 마무리한 신영숙 여성가족부 차관 ... 10일 ... 이임식) ;; 뉴시스 2024-02-21 14:45:10 '여가부 장관 사표 5개월 만에 수리…총선 앞두고 갑자기 왜?' https://n.news.naver.com/mnews/article/003/0012384738 (accessed 2026-09-25T21:44:24-0400; snapshot roster/sources/gender/news/naver_003_0012384738.html) (뉴시스 2024-02-21: 새 장관 임명 없이 신영숙 차관 직무대행 체제 운영) ;; 뉴스1 2025-09-10 11:22:25 '신영숙 여성가족부 차관 이임식' https://n.news.naver.com/mnews/article/421/0008477271 (accessed 2026-09-25T21:45:04-0400; snapshot roster/sources/gender/news/naver_421_0008477271.html) (뉴스1 2025-09-10: 신영숙 여성가족부 차관 이임식) ;; BigKinds metadata: 조선일보 2025-09-04 '李 정부 여가부와 尹 정부 차관의 기이한 동거' news_id 01100801.20250904005446003 (search '신영숙 차관 직무대행' 2025-06-04..2025-09-10, accessed 2026-09-25T14:14:01-0400; snapshot roster/sources/gender/bigkinds/bk_ac4174dfee.json) (조선일보 2025-09-04: 여성가족부는 현재 신영숙 차관의 '장관 직무대행' 체제) ;; kr-hearings-data v9 inputs/minister_role_meetings.csv (valid hearing types only, summarised by roster/scripts/gender_05_transcripts.py): role minister_acting, 신영숙, 여성가족부, 9 meetings 2024-02-23..2024-11-21 ;; 뉴스1 2024-02-20 18:19:24 '윤 대통령, 김현숙 여가부 장관 22일자로 면직…차관 대행 체제로' https://n.news.naver.com/mnews/article/421/0007363334 (accessed 2026-09-25T22:27:15-0400; snapshot roster/sources/gender/verify/news/naver_421_0007363334.html) (뉴스1 2024-02-20: 윤 대통령, 김현숙 여가부 장관 22일자로 면직…차관 대행 체제로)",,,roster_builder
H5085b9c2,,심우정,,justice,"법무부 차관 (named 2024-01-18, gazette appointment date 2024-01-19), 장관 직무대행",2024-01-19,2024-02-19,"incidental, not exhaustive","조선일보 2024-01-19 ""신임 법무차관에 심우정"" (BigKinds news_id 01100801.20240119041657001, metadata and snippet, accessed 2026-09-25T13:27:52-0400; snapshot sources/justice/news/bigkinds/bigkinds_vice_2024c_da5ed30b7c.json) ;; 헤럴드경제 2024-01-19 ""심우정 신임 법무차관 “장관 부재 상황이지만 국정과제 제대로 수행해야”"" (BigKinds news_id 02100701.20240119212949001, metadata and snippet, accessed 2026-09-25T13:27:52-0400; snapshot sources/justice/news/bigkinds/bigkinds_vice_2024c_da5ed30b7c.json) ;; 이데일리 2024-02-13 ""[포토]국무회의 들어서는 심우정 법무부 장관 직무대행"" (BigKinds news_id 04101008.20240213105259007, metadata and snippet, accessed 2026-09-25T13:18:19-0400; snapshot sources/justice/news/bigkinds/bigkinds_acting_2023_fad70c22a1.json) ;; inputs/minister_role_meetings.csv: minister_acting '법무부장관직무대행 심우정', 법제사법위원회 2024-01-24 ;; 관보 제20674호 (2024-01-24) 인사발령, text '심우정(沈雨廷) 법무부 차관에 임함 2024. 1. 19.', viewer https://gwanbo.go.kr/ezpdf/customLayout.jsp?contentId=I0000000000000001705907510264000&tocId=I0000000000000001705560600721000&isTocOrder=N (harvested item fetched 2026-09-25T07:05:40-0400; copy roster/sources/justice/verify/gazette/20240124_20674_I0000000000000001705560600721000.txt) [verifier]",,,roster_builder
Hf7794fdc,Pf135b108,안병엽,,ict,"정보통신부 차관 (vacancy, no explicit 직무대행 report found)",1998-12-19,1998-12-20,"incidental, not exhaustive",BigKinds metadata 문화일보 1998-12-22 news_id 01100501.19981222000001206: 정보통신부 安炳燁(안병엽) 차관 (snapshot roster/sources/ict/news/bk_ca28854d_1998-12-18_1998-12-22.json),,,roster_builder
Hb33b32c6,Pf135b108,안병엽,,ict,"정보통신부 차관 and minister-designate (vacancy over the weekend, no explicit 직무대행 report found)",2000-02-12,2000-02-13,"incidental, not exhaustive","한국경제 2000-02-12 12:43 https://n.news.naver.com/mnews/article/015/0000226440: 정통부장관에는 안병엽 정통부 차관을 승진 임명 (Blue House announcement of 2000-02-12) (accessed 2026-09-25T07:07:29-0400, snapshot roster/sources/ict/news/naver_015_0000226440.html)",,,roster_builder
H96daf2a9,,원진식,元珍植,general_affairs,"총무처 차관 (appointed 1994-11-03, replaced by 윤웅규 in 1995-12), sitting 차관 during the vacancy. The record is inferred, since no source naming him 장관 직무대행 was found.",1995-08-05,1995-08-06,"incidental, not exhaustive","서울신문 1994-11-04 ""총무처차관 원진식씨"" (BigKinds full text, news_id 01100611.20160422170840075, https://www.bigkinds.or.kr/news/detailView.do?docId=01100611.20160422170840075&returnCnt=1&sectionDiv=1000, accessed 2026-09-26T09:46:25-0400; snapshot roster/sources/general_affairs/ext88/articles/bk_01100611.20160422170840075.json), text: '정부는 3일 공석중인 총무처차관에 원진식 총무처기획관리실장을 승진,임명했다.' ;; 한겨레 1994-11-04 ""총무처차관 원진식씨"" (BigKinds full text, news_id 01101001.19941104000000206, https://www.bigkinds.or.kr/news/detailView.do?docId=01101001.19941104000000206&returnCnt=1&sectionDiv=1000, accessed 2026-09-26T09:46:43-0400; snapshot roster/sources/general_affairs/ext88/articles/bk_01101001.19941104000000206.json), text: '정부는 3일 공석중인 총무처 차관에 원진식 총무처 기획관리실장을 승진·임명했다.' ;; 경향신문 1995-12-23 p.6 """"官街(관가)에도 세대교체 바람부나"""" (Naver News Library OCR text, article 1995122300329106003, viewer https://newslibrary.naver.com/viewer/index.naver?articleId=1995122300329106003&editNo=40&printCount=1&publishDate=1995-12-23&officeId=00032&pageNo=6&printNo=15633&publishType=00010, accessed 2026-09-26T09:35:25-0400; snapshot roster/sources/general_affairs/ext88/articles/nl_1995122300329106003.json), text: '元珍植(원진식)총무처차관' (still 차관 in 1995-12) ;; 한겨레 1995-12-24 p.5 ""차관급인사 각 부처 표정"" (Naver News Library OCR text, article 1995122400289105004, viewer https://newslibrary.naver.com/viewer/index.naver?articleId=1995122400289105004&editNo=5&printCount=1&publishDate=1995-12-24&officeId=00028&pageNo=5&printNo=2434&publishType=00010, accessed 2026-09-26T09:35:28-0400; snapshot roster/sources/general_affairs/ext88/articles/nl_1995122400289105004.json), text: '총무처는 지난해 11월 임명된원진식 차관이 윤웅규 차관으로 바뀌자' (replaced in 1995-12) ;; 세계일보 1995-08-06 ""공석 총무처장관 7일께 후임 임명"" (BigKinds full text, news_id 01100701.19950806000000208, https://www.bigkinds.or.kr/news/detailView.do?docId=01100701.19950806000000208&returnCnt=1&sectionDiv=1000, accessed 2026-09-26T09:42:11-0400; snapshot roster/sources/general_affairs/ext88/articles/bk_01100701.19950806000000208.json), text: '김영삼 대통령은 서석재 전장관의 사퇴로 공석중인 총무처장관에' (vacancy on 1995-08-06)",True,,roster_builder
Hcdafba2e,P762c28d6,유명환,,foreign,"외교통상부 장관 직무대리 in 국정감사 meetings while 반기문 (UN Secretary-General elect) was still minister, not a vacancy",2006-10-27,2006-11-01,"incidental, not exhaustive","inputs/minister_role_meetings.csv rows role minister_acting, person 유명환, affiliation 외교통상부, 국정감사, 2006-10-27 and 2006-11-01",,,roster_builder
H56a9c75f,P762c28d6,유명환,,foreign,"외교통상부 제1차관, 장관 직무대행 (vacancy after 반기문's resignation)",2006-11-11,2006-11-30,"incidental, not exhaustive","이데일리 2006-11-17 20:34 '한-베트남 정상 ""포괄적 협력관계, 더 발전시키자""' https://n.news.naver.com/mnews/article/018/0000432731 (accessed 2026-09-25T13:07:58-0400, snapshot sources/foreign/news/naver_018_0000432731.html) quote: ""유명환 외교통상부장관 직무대행과 보 홍 푹 베트남 기획투자부 장관이"" ;; 연합뉴스 2006-11-30 11:01 '제4차 한ㆍ중동 협력포럼' https://n.news.naver.com/mnews/article/001/0001481949 (accessed 2026-09-25T13:07:23-0400, snapshot sources/foreign/news/naver_001_0001481949.html) quote: ""유명환 외교통상부 장관 직무대행이 환영사를 하고 있다"" ;; 연합뉴스 2006-11-07 11:37 '유명환 차관과 번스 차관, 버시바우 대사' https://n.news.naver.com/mnews/article/001/0001460397 (accessed 2026-09-25T13:47:01-0400, snapshot sources/foreign/news/naver_001_0001460397.html) quote: ""유명환 외교부 제1차관이 한.미 차관급 전략대화를 위해 7일 오전""",,,roster_builder
Hc162b9cc,P67e9c0ab,유영환,,ict,"정보통신부 차관 and minister-designate (vacancy, no explicit 직무대행 report found)",2007-08-28,2007-08-30,"incidental, not exhaustive",BigKinds metadata 디지털타임스 2007-09-03 news_id 07101201.20070903165245001: 지난 8일 유영환 정통부 전 차관이 장관으로 내정된 이후 31일 김동수 ... 차관에 임명 (snapshot roster/sources/ict/news/bk_1ca2bd9e_2007-09-01_2007-09-07.json),,,roster_builder
H7531a148,P1de41da0,유일호,,finance,"부총리 겸 기획재정부장관, 국무총리 직무대행",2017-05-11,2017-05-30,"incidental, not exhaustive","BigKinds: 중부일보 2017-05-12 ""문재인 대통령, 황교안·박승춘 사표 수리… 김수남 총장도 사의"" (news_id 01400501.20170512184420001), result snapshot sources/finance/news/bigkinds_2017-05-10_2017-06-10_54d2eea8.json, accessed 2026-09-25T13:24:41-0400 ;; BigKinds: 이데일리 2017-05-11 ""黃총리 오늘 이임식..당분간 유일호 부총리가 직무대행(상보)"" (news_id 04101008.20170511130657001), result snapshot sources/finance/news/bigkinds_2017-05-10_2017-06-02_b5b5fa03.json, accessed 2026-09-25T13:33:00-0400 ;; 의안정보시스템 2006874 국무총리(이낙연) 임명동의안(대통령), https://likms.assembly.go.kr/bill/bi/billDetailPage.do?billId=PRC_L1T7G0Q5W1E2J1L7N2L7F0G0P8T2X1 (rendered text sources/finance/likms/PRC_L1T7G0Q5W1E2J1L7N2L7F0G0P8T2X1.txt, accessed 2026-09-24T22:50:59-0400)",,"황교안's resignation was accepted 2017-05-11. The 이낙연 consent motion passed the plenary on 2017-05-31 (likms). 청와대 asked him, as acting PM, to exercise the PM's power to recommend 국무위원 for the new cabinet (매일경제 2017-05-17, same snapshot).",roster_builder
Ha852231d,P1de41da0,유일호,,pm,"부총리 겸 기획재정부장관, 국무총리 직무대행",2017-05-11,2017-05-30,complete for PM vacancies and suspensions,"BigKinds metadata: 대전일보 2017-05-11 '황교안 사표 수리… 유일호 부총리가 직무 대행' news_id 01400201.20170511175146001: 황교안 사표 수리… 유일호 부총리가 직무 대행 (search '유일호 총리 직무대행' 2017-05-11..2017-05-12, accessed 2026-09-25T13:30:42-0400; snapshot roster/sources/pm/bigkinds/bigkinds_yih17a.json) ;; BigKinds metadata: 내일신문 2017-05-11 '문 대통령, 황교안 총리·박승춘 보훈처장 사표 수리' news_id 01100301.20170511145329001: 유일호 경제부총리가 총리대행을 수행 (search '유일호 총리 직무대행' 2017-05-11..2017-05-12, accessed 2026-09-25T13:30:42-0400; snapshot roster/sources/pm/bigkinds/bigkinds_yih17a.json) ;; ko.wikipedia '대한민국 국무총리' (tier 4): 직무대행 rows in the 역대 국무총리 tables; https://ko.wikipedia.org/w/index.php?oldid=42269464 (accessed 2026-09-24T22:42:58-0400; snapshot roster/sources/pm/wiki_ko_대한민국_국무총리.json)",,,roster_builder
Hedecee82,,윤성원,,land,"국토교통부 제1차관, 국토교통부장관 직무대행 (vacancy after 변창흠's resignation)",2021-04-16,2021-05-13,"incidental, not exhaustive","머니투데이 2021-04-16 ""文대통령, 정세균·변창흠 '사표 수리'...홍남기·윤성원 대행"" (BigKinds metadata, news_id 02100201.20210416152800001, outlet link http://news.moneytoday.co.kr/view/mtview.php?no=2021041615095033510&type=2, snapshot roster/sources/land/bigkinds/bk_22d2c2dd17.json, accessed 2026-09-25T13:53:17-0400): 文대통령, 정세균·변창흠 '사표 수리'…홍남기·윤성원 대행 (16일) ;; 광남일보 2021-05-10 ""한국형 철도 무선급전기술이 국제표준으로 제정된다"" (BigKinds metadata, news_id 01620001.20210510064349001, outlet link http://www.gwangnam.co.kr/article.php?aid=1620619865385714015, snapshot roster/sources/land/bigkinds/bk_734ef0b046.json, accessed 2026-09-25T13:38:19-0400): 국토교통부(장관 직무대행 윤성원)는 5월 7일 ... ;; kr-hearings-data v9 transcripts, inputs/minister_role_meetings.csv: speaker '국토교통부장관직무대행 윤성원' (role minister_acting), meeting 050989, 2021-04-27, 상임위원회 국토교통위원회 ;; [verifier] 뉴스1 2021-04-16 15:02:41 ""정세균·변창흠 '사표 수리'…당분간 홍남기·윤성원 대행(종합2보)"" https://n.news.naver.com/mnews/article/421/0005293943 (snapshot roster/sources/land/verify/news/naver_421_0005293943.html, accessed 2026-09-25T07:09:23-0400): 앞서 변창흠 국토부 장관은 LH 사태에 책임을 지고 사의를 표명했다.",,,roster_builder
H61177866,Pf613aa52,윤증현,,finance,"기획재정부장관, 국무총리 직무대행 (first in the 국무위원 order, no 부총리 existed)",2010-08-11,2010-09-30,"incidental, not exhaustive","BigKinds: 서울경제 2010-08-09 ""尹재정, 11일부터 총리 직무대행"" (news_id 02100311.20160316105308661), result snapshot sources/finance/news/bigkinds_2010-07-25_2010-10-05_6b61a2e4.json, accessed 2026-09-25T13:32:36-0400 ;; BigKinds: 뉴스핌 2010-08-10 ""윤증현 장관, 내일부터 총리직무 대행 - 재정부"" (news_id 04100078.20160223201250136), result snapshot sources/finance/news/bigkinds_2010-07-25_2010-10-05_6b61a2e4.json, accessed 2026-09-25T13:32:36-0400 ;; BigKinds: 동아일보 2010-10-02 ""김황식 총리 인준안 통과"" (news_id 01100401.20101002033255074), result snapshot sources/finance/news/bigkinds_2010-09-30_2010-10-02_4c918f22.json, accessed 2026-09-25T13:31:52-0400",,"From 정운찬's 이임식 (2010-08-11) until 김황식 received the 임명장 on 2010-10-01, including the period after 김태호's nomination collapsed.",roster_builder
H6df400b2,Pf613aa52,윤증현,,pm,"기획재정부장관, 국무총리 직무대행 (no deputy PM existed 2008-2013)",2010-08-11,2010-09-30,complete for PM vacancies and suspensions,"BigKinds metadata: 뉴스핌 2010-08-10 '윤증현 장관, 내일부터 총리직무 대행 - 재정부' news_id 04100078.20160223201250136: 오는 11일 정운찬 국무총리의 이임식 이후부터 ... 총리 직무대행 (search '윤증현 총리 직무대행' 2010-08-10..2010-08-13, accessed 2026-09-25T13:30:40-0400; snapshot roster/sources/pm/bigkinds/bigkinds_yjh10a.json) ;; ko.wikipedia '대한민국 국무총리' (tier 4): 직무대행 rows in the 역대 국무총리 tables; https://ko.wikipedia.org/w/index.php?oldid=42269464 (accessed 2026-09-24T22:42:58-0400; snapshot roster/sources/pm/wiki_ko_대한민국_국무총리.json)",,,roster_builder
H1c232ffd,P92e72523,이규용,,environment,"환경부 차관 (presumed 장관 직무대행). Vice minister in office during the vacancy. No source found that names him 장관 직무대행, so the role is presumed from his post.",2006-03-22,2006-04-06,"incidental, not exhaustive","BigKinds metadata: 환경일보 2006-03-23 ""세계 물의 날 '물과 문화'"" (news_id 07100502.20060323001630002); search snapshot roster/sources/environment/bigkinds/bk_04744637aa.json (accessed 2026-09-25T22:01:05-0400). Gist of snippet: 22일 ... 세계 물의 날 기념식 ... 한덕수 총리직무대행(경제부총리), 이규용 환경부차관. ;; BigKinds metadata: EBN 2006-03-29 ""에쓰-오일, 대기오염감축협약 현판식"" (news_id 04100958.20060329113045001); search snapshot roster/sources/environment/bigkinds/bk_9b51a6bd50.json (accessed 2026-09-25T14:07:09-0400). Gist of snippet: 에쓰-오일은 29일 이규용 환경부 차관 ... 이 참석한 가운데 현판식. ;; kr-hearings-data hearing_speaker_roles_summary.csv (inputs/): vice_minister 이규용, 환경부, 2006-02-14..2007-06-29, 국정감사·상임위원회",,,roster_builder
Hdaa9b1a1,P92e72523,이규용,,environment,"환경부 차관 and 장관 후보자 (presumed 장관 직무대행). Vice minister in office during the vacancy. No source found that names him 장관 직무대행, so the role is presumed from his post.",2007-09-05,2007-09-20,"incidental, not exhaustive","BigKinds metadata: 서울신문 2007-09-19 ""靑 도덕성 이중잣대 논란"" (news_id 01100611.20160423003951814); search snapshot roster/sources/environment/bigkinds/bk_15071c4b94.json (accessed 2026-09-25T14:07:35-0400). Gist of snippet: 청와대가 이규용 환경부 차관이 3차례나 위장 전입한 것을 알고도 지난 4일 후임 장관으로 내정 (2007-09-19). ;; BigKinds metadata: 동아일보 2007-09-05 ""올해 입각 장관 8명 모두 관료 출신…신임 환경 이규용 차관"" (news_id 01100401.20070905064640017); search snapshot roster/sources/environment/bigkinds/bk_6002f1e759.json (accessed 2026-09-25T21:36:52-0400). Gist of snippet: 4일 이치범 장관의 사표 제출로 공석이 된 환경부 장관에 이규용 환경부 차관을 내정. ;; BigKinds metadata: 프레시안 2007-09-20 ""환경부 차관에 김수현 사회정책비서관 내정"" (news_id 04104008.20070920010340001); search snapshot roster/sources/environment/bigkinds/bk_959b3a7b04.json (accessed 2026-09-25T13:47:43-0400). Gist of snippet: 이규용 전 차관의 장관 발탁으로 공석 중인 환경부 차관 자리에 김수현 ... 내정 (2007-09-20).",,,roster_builder
H4a1b4499,,이금로,,justice,"법무부 차관, 장관 직무대행",2017-05-22,2017-07-18,"incidental, not exhaustive","중부일보 2017-05-22 ""문재인 대통령, 법무차관 이금로·대검차장 봉욱·법무비서관 김형연 임명"" (BigKinds news_id 01400501.20170522175344001, metadata and snippet, accessed 2026-09-25T13:35:05-0400; snapshot sources/justice/news/bigkinds/bigkinds_lgm_vice_f9c7dc515c.json) ;; 중부매일 2017-05-22 """"특권·반칙없고 법 앞에 평등해야"""" (BigKinds news_id 01400401.20170522211603002, metadata and snippet, accessed 2026-09-25T13:35:05-0400; snapshot sources/justice/news/bigkinds/bigkinds_lgm_vice_f9c7dc515c.json) ;; 연합뉴스 2017-07-03 10:09:33 ""개회사 하는 이금로 법무부 장관 직무대행"" https://n.news.naver.com/mnews/article/001/0009379197 (Naver News, accessed 2026-09-25T13:17:36-0400; snapshot sources/justice/news/naver_001_0009379197.html) ;; 머니투데이 2017-07-04 ""'장관 공백'에도 속도내는 검찰총장 인선…오늘 지명할까"" (BigKinds news_id 02100201.20170704083643001, metadata and snippet, accessed 2026-09-25T13:23:07-0400; snapshot sources/justice/news/bigkinds/bigkinds_acting_2017b_32ae6d6dce.json) ;; 관보 제19019호 (2017-05-30) 인사발령, text '이금로(李今魯) 법무부 차관에 임함 2017.5.22.', viewer https://gwanbo.go.kr/ezpdf/customLayout.jsp?contentId=00000000000000001495782543290000&tocId=00000000000000001495782611788000&isTocOrder=N (harvested item fetched 2026-09-25T07:05:05-0400; copy roster/sources/justice/verify/gazette/20170530_19019_00000000000000001495782611788000.txt) [verifier]",,,roster_builder
H7ec52f27,,이기일,,health,보건복지부 장관 직무대행 (printed in NA minutes: 보건복지부장관직무대리 | 보건복지부장관직무대행),2022-07-27,2022-09-22,"incidental, not exhaustive","NA minutes via kr-hearings v10 full build, minister_acting_candidates_v10full.csv (2 dates, 18 turns, sources xml). from/to are the first and last observed speech dates inside the vacancy 2022-05-26..2022-10-04, not appointment dates.",,,transcript_observation
H3f9f3e7a,,이노공,,justice,"법무부 차관 (appointed 2022-05-13), 장관 직무대행. Documented as 직무대행 on 2022-05-17.",2022-05-13,2022-05-16,"incidental, not exhaustive","한국일보 2022-05-17 """"공무원 특정 후보에 줄서지 마라""... 정부, 대국민담화"" (BigKinds news_id 01101101.20220517133608001, metadata and snippet, accessed 2026-09-25T13:17:47-0400; snapshot sources/justice/news/bigkinds/bigkinds_acting_2022_88c523d998.json) ;; 경남일보 2022-05-17 ""정부, 6·1 지방선거 대국민 담화문 발표"" (BigKinds news_id 01500101.20220517025801001, metadata and snippet, accessed 2026-09-25T13:17:47-0400; snapshot sources/justice/news/bigkinds/bigkinds_acting_2022_88c523d998.json) ;; 관보 제20255호 (2022-05-23) 인사발령, text '이노공(李魯公) 법무부 차관에 임함 2022. 5. 13.', viewer https://gwanbo.go.kr/ezpdf/customLayout.jsp?contentId=I0000000000000001652949101222000&tocId=I0000000000000001652659816213000&isTocOrder=N (harvested item fetched 2026-09-24T22:33:40-0400; copy roster/sources/justice/verify/gazette/20220523_20255_I0000000000000001652659816213000.txt) [verifier] ;; 서울신문 2022-05-17 ""6·1 지방선거운동 D-2…정부 “위법 선거운동 철저히 단속”"" (BigKinds news_id 01100611.20220517141208001, metadata and snippet, snippet: '이노공 법무부 차관(장관 직무대행) 명의로 발표한 담화문 (2022-05-17)', accessed 2026-09-25T21:56:31-0400; snapshot roster/sources/justice/verify/bigkinds/bk_act_2022c_83d5bc1e42.json) [verifier]",,,roster_builder
H1db18a97,,이노공,,justice,"법무부 차관, 장관 직무대행",2023-12-22,2024-01-18,"incidental, not exhaustive","세계일보 2024-01-01 ""법무장관 직무대행·검찰총장, 신년사 키워드는 ‘공정선거’"" (BigKinds news_id 01100701.20240101144935001, metadata and snippet, accessed 2026-09-25T13:20:43-0400; snapshot sources/justice/news/bigkinds/bigkinds_acting_2023b_ee4a151d39.json) ;; 뉴스핌 2024-01-05 ""국민의례하는 이노공 법무부 장관 직무대행"" (BigKinds news_id 04100078.20240105095441002, metadata and snippet, accessed 2026-09-25T13:20:43-0400; snapshot sources/justice/news/bigkinds/bigkinds_acting_2023b_ee4a151d39.json) ;; 동아일보 2024-01-19 ""이노공 법무차관 사임… 후임에 심우정 대검 차장"" (BigKinds news_id 01100401.20240119030238001, metadata and snippet, accessed 2026-09-25T13:27:52-0400; snapshot sources/justice/news/bigkinds/bigkinds_vice_2024c_da5ed30b7c.json) ;; inputs/minister_role_meetings.csv: minister_acting '법무부장관직무대행 이노공', 법제사법위원회 2023-12-27",,,roster_builder
H84c60197,,이두희,,defense,"국방부 차관 (appointed 2025-06-27, 관보 제21029호), 국방부장관 직무대행 from his appointment as 차관 until 안규백's appointment",2025-06-27,2025-07-25,"incidental, not exhaustive","관보 제21029호 (published 2025-07-07, 인사발령(인사혁신처)): '이두희(李斗熙) 국방부 차관에 임함 2025. 6. 27.' Item PDF snapshot roster/sources/defense/verify/gazette_21029_I0000000000000001751438936992000.pdf (accessed 2026-09-25T07:08:15-0400), viewer https://gwanbo.go.kr/ezpdf/customLayout.jsp?contentId=I0000000000000001751590236245000&tocId=I0000000000000001751438936992000&isTocOrder=N ;; 헤럴드경제 2025-06-26 ""이두희, 중장까지 1차 진급…취임 동시에 장관 직무대행 수행"" (BigKinds metadata, news_id 02100701.20250626165310001, snapshot roster/sources/defense/verify/bigkinds_kimsunho_leave.json, accessed 2026-09-25T14:10:36-0400). '취임 동시에 장관 직무대행 수행'. ;; 뉴스핌 2025-06-26 ""이두희 국방부 차관 27일 오전 10시 취임식…안규백 문민 국방장관 후보자 첫 출근"" (BigKinds metadata, news_id 04100078.20250626174916001, snapshot roster/sources/defense/verify/bigkinds_kimsunho_leave.json, accessed 2026-09-25T14:10:36-0400). 27일 오전 10시 46대 국방부 차관으로 취임. ;; 한국일보 2025-06-29 ""국방장관 후보자, 신임 차관 달려간 제2연평해전 승전 기념식"" (BigKinds metadata, news_id 01101101.20250629120054001, snapshot roster/sources/defense/verify/bigkinds_acting_lee.json, accessed 2026-09-25T14:10:48-0400). 국방장관 직무대행 자격으로 참석한 이두희 신임 차관 (29일). ;; YTN 2025-07-18 ""국방부 ""비상계엄 불법명령 거부한 장병 포상 예정"""" (BigKinds metadata, news_id 08100401.20250718135805003, snapshot roster/sources/defense/verify/bigkinds_acting_lee.json, accessed 2026-09-25T14:10:48-0400). '이두희 장관 직무대행 지시로' (18일). ;; 헤럴드경제 2025-07-25 ""64년 만에 ‘문민국방’ 시대 개막…직무대행체계 정상화"" (BigKinds metadata, news_id 02100701.20250725152542001, snapshot roster/sources/defense/events/bigkinds_2025_acting_end.json, accessed 2026-09-25T13:24:49-0400) ;; 관보 제21047호 (published 2025-07-31, 인사발령(인사혁신처)): the vacancy ended with 안규백's appointment dated 2025-07-25. Item PDF snapshot roster/sources/defense/gazette/gazette_21047_I0000000000000001753420981908000.pdf, viewer https://gwanbo.go.kr/ezpdf/customLayout.jsp?contentId=I0000000000000001753773886519000&tocId=I0000000000000001753420981908000&isTocOrder=N (accessed 2026-09-24T22:59:54-0400)",,,roster_builder
H50a404c7,,이병욱,,environment,"환경부 차관 (presumed 장관 직무대행). Vice minister in office during the vacancy. No source found that names him 장관 직무대행, so the role is presumed from his post.",2008-03-01,2008-03-10,"incidental, not exhaustive","BigKinds metadata: 환경일보 2008-03-04 ""환경 전문 '쌍두마차' 달린다"" (news_id 07100502.20080304001129003); search snapshot roster/sources/environment/bigkinds/bk_51506fd3e7.json (accessed 2026-09-25T13:44:22-0400). Gist of snippet: 지난달 29일에는 환경부차관에 이병욱 세종대 교수를 임명. ;; BigKinds metadata: 전자신문 2008-03-03 ""한승수 총리 기상청 방문"" (news_id 07100501.20080303172628001); search snapshot roster/sources/environment/bigkinds/bk_8c7f08d1e8.json (accessed 2026-09-25T13:48:06-0400). Gist of snippet: 한 총리는 (2일) 조중표 국무총리실장, 이병욱 환경부 차관이 배석한 가운데 ... 보고. ;; kr-hearings-data hearing_speaker_roles_summary.csv (inputs/): vice_minister 이병욱, 환경부, 2008-09-17..2009-12-22 ;; [verifier] BigKinds metadata: 매일신문 2008-03-01 ""차관급 인사 25명중 지역출신은 4명"" (news_id 01500601.20080301092104001), search '이병욱 차관' 2008-02-28..2008-03-11, snapshot roster/sources/environment/verify/bigkinds/bk_act08_3516ae04.json (accessed 2026-09-25T22:37:45-0400). Quote: '29일 단행된 25명의 차관급 인사에서 대구경북 출신은 권종락(59) 외교통상부 1차관과 홍양호(53) 통일부 차관, 이병욱(52) 환경부 차관, 권도엽(55) 국토해양부 1차관 등 4명에 불과했다.' ;; [verifier] BigKinds metadata: 동아일보 2008-03-01 ""이병욱 환경 차관"" (news_id 01100401.20080301064311040), search '이병욱 차관' 2008-02-28..2008-03-11, snapshot roster/sources/environment/verify/bigkinds/bk_act08_3516ae04.json (accessed 2026-09-25T22:37:45-0400). Quote: '이병욱 환경 차관.'",,,roster_builder
H0bab41c5,,이복실,,gender,여성가족부 차관 (장관 직무대행),2014-06-14,2014-07-15,"incidental, not exhaustive","kr-hearings-data v9 inputs/minister_role_meetings.csv (valid hearing types only, summarised by roster/scripts/gender_05_transcripts.py): role minister_acting, 이복실, 여성가족부, 2 meetings 2014-07-11..2014-07-15 ;; 연합뉴스 2014-07-11 13:49:26 '업무 보고하는 이복실 여성가족부 차관' https://n.news.naver.com/mnews/article/001/0007008678 (accessed 2026-09-25T21:43:30-0400; snapshot roster/sources/gender/news/naver_001_0007008678.html) (연합뉴스 2014-07-11: 업무 보고하는 이복실 여성가족부 차관) ;; 관보 제17975호 (published 2013-03-20), 인사발령(행정안전부): '이복실(李馥實) 여성가족부 차관에 임함 2013. 3. 14.' (harvest/gazette_text/20130320_17975_00000000000000001363654252753000.txt, fetched 2026-09-24T22:58:02-0400), she was 차관 when the post fell vacant",,,roster_builder
Hfee622da,,이봉조,,unification,"통일부 차관, 장관 직무대행",2006-01-02,2006-02-09,"incidental, not exhaustive","한국경제TV 2006-01-01 11:51 ""노 대통령, 정동영 김근태 장관 사표 수리"" (2일부터 통일부, 보건복지부는 차관이 장관을 대행하는 체제); https://n.news.naver.com/mnews/article/004/0000055039; snapshot sources/unification/news/naver_004_0000055039.html; accessed 2026-09-24T22:50:14-0400 ;; 이데일리 2006-01-30 16:07 ""내일 차관급 인사 대거 단행"" (현재 장관 직무대행을 하고 있는 보건복지부와 통일부; 통일부 이봉조 차관); https://n.news.naver.com/mnews/article/018/0000351731; snapshot sources/unification/news/naver_018_0000351731.html; accessed 2026-09-24T22:51:04-0400 ;; note: The vice minister's name comes from the 2006-01-30 report listing 통일부 이봉조 차관; no report names him as acting minister in one sentence. ;; [verifier] BigKinds metadata: 노컷뉴스 2006-02-09 '통일차관,복지차관 교체' (news_id 04100058.20060209220407002) '청와대는 이봉조 통일부 차관과 송재성 복지부 차관을 교체 ... 그동안 장관을 대행해왔던 두 차관'; snapshot sources/unification/verify/bigkinds/bk_acting_이봉조_2006-01-02_2006-02-10_7aebc51522.json; accessed 2026-09-25T22:14:33-0400",,,roster_builder
Hbe03abbd,,이봉화,,health,보건복지가족부 차관 (no minister appointed),2008-03-01,2008-03-12,"incidental, not exhaustive","보건복지부 역대차관(제1차관) list https://www.mohw.go.kr/pastProfile.es?mid=a10606040000&menuType=4&searchType=&keyword=&pageNum=2 (accessed 2026-09-25T13:13:19-0400): 32대 이봉화 李鳳和 보건복지가족부 2008-03-01 ~ 2008-10-21; snapshot roster/sources/health/mohw_pastvice1_p*.html ;; 관보 제16703호 (published 2008-03-06), 인사발령 item toc_seq 00000000000000001319081960066000, https://gwanbo.go.kr/ezpdf/customLayout.jsp?contentId=00000000000000001319081945303000&tocId=00000000000000001319081960066000&isTocOrder=N (fetched 2026-09-24T22:54:23-0400); text harvest/gazette_text/20080306_16703_00000000000000001319081960066000.txt; 이봉화 보건복지가족부 차관에 임함 under '⊙2008년 3월 1일자'",,Inferred from the vice-minister appointment. No report explicitly naming her 장관 직무대행 was found.,roster_builder
H64f66693,,이상경,,land,국토교통부 제1차관 in office during the one-day vacancy after 박상우's 면직 (no source found that names him as 장관 직무대행 explicitly),2025-07-29,2025-07-30,"incidental, not exhaustive","YTN 2025-07-30 ""국토부, 도로 등 국토교통 전 분야 폭염 대응 특별점검"" (BigKinds metadata, news_id 08100401.20250730182208001, outlet link https://www.ytn.co.kr/_ln/0102_202507301821036856, snapshot roster/sources/land/bigkinds/bk_6e81d4f565.json, accessed 2026-09-25T13:52:49-0400): 이상경 1차관 (2025-07-30) ;; 파이낸셜뉴스 2025-07-30 ""국토부 ""국토교통 전 분야 폭염 대응 총력 점검"""" (BigKinds metadata, news_id 02100501.20250730163522001, outlet link http://www.fnnews.com/news/202507301629180625, snapshot roster/sources/land/bigkinds/bk_6e81d4f565.json, accessed 2026-09-25T13:52:49-0400): 이상경 1차관을 비롯한 ... (2025-07-30) ;; 한국경제 2025-07-14 ""드디어 장·차관 인선...""공급 확대·유연한 규제 기대"""" (BigKinds metadata, news_id 02100601.20250714171446002, outlet link https://www.hankyung.com/article/2025071474501, snapshot roster/sources/land/bigkinds/bk_57258a4a8b.json, accessed 2026-09-25T13:55:34-0400): 이상경·강희업 차관이 임명된 데 이어 (2025-07-14)",,,roster_builder
Heca62bf4,,이상목,,science,"미래창조과학부 제1차관, highest official while no minister was appointed (de facto 장관 직무대행)",2013-03-24,2013-04-16,"incidental, not exhaustive","관보 제17983호 (published 2013-03-28) 인사: 이상목(李相睦) 미래창조과학부 제1차관에 임함 2013. 3. 24.; text harvest/gazette_text/20130328_17983_00000000000000001364357833254000.txt; viewer https://gwanbo.go.kr/ezpdf/customLayout.jsp?contentId=00000000000000001364357799299000&tocId=00000000000000001364357833254000&isTocOrder=N (accessed 2026-09-24T22:56:28-0400) ;; BigKinds metadata: 대전일보 2013-04-16 ""미래부 차관, 과학벨트 땅값 떠넘기려 왔었나"" (query '이상목 1차관 장관', accessed 2026-09-25T13:13:11-0400; snapshot roster/sources/science/news/bigkinds_이상목_1차관_장관_2013-03-25_2013-04-16.json) (최문기 후보자 not yet in office, 이상목 is the ministry's 최고위 공직자) ;; [디지털타임스] 2013-04-08 19:51:09 ""미래부 ""장관명의 인사 절차 문제없다"""" https://n.news.naver.com/mnews/article/029/0002159525 (accessed 2026-09-25T13:11:53-0400; snapshot roster/sources/science/news/naver_029_0002159525.html) (장관 공백, 직무대리규정 lets the 부기관장 act)",,,roster_builder
H44b5e43e,,이성기,,labor,"고용노동부 차관, 장관 직무대행",2017-07-25,2017-08-13,"incidental, not exhaustive","문화일보 2017-07-25 14:11:43 '“추경, 일자리창출 효과 실증하라”…‘진짜 文내각’에 첫당부' https://n.news.naver.com/mnews/article/021/0002321973 (accessed 2026-09-25T13:16:02-0400; snapshot roster/sources/labor/news/naver_021_0002321973.html): 2017-07-25 '이기권 전 고용노동부 장관은 후임자가 임명되지 않았지만 전날 퇴임' ;; BigKinds metadata 머니투데이 2017-08-04 '일자리委 8일 2차 회의 개최…일자리 중심 국정운영 방안 발표' news_id 02100201.20170804233236003 (search '고용노동부 장관 직무대행' 2017-07-25..2017-08-14, https://www.bigkinds.or.kr/api/news/search.do, accessed 2026-09-25T13:41:56-0400; snapshot roster/sources/labor/bigkinds/bigkinds_599b93cf1b.json): 2017-08-04 '공석인 고용노동부와 중소벤처기업부 장관을 제외하고' ;; BigKinds metadata 환경일보 2017-08-14 '산·학·정 연대로 사회적경제 인재 육성' news_id 07100502.20170814131059001 (search '이성기 차관' 2017-07-25..2017-08-14, https://www.bigkinds.or.kr/api/news/search.do, accessed 2026-09-25T13:52:17-0400; snapshot roster/sources/labor/bigkinds/bigkinds_a2a3b4d164.json): '이성기 고용노동부 차관과 김혜숙 이화여자대학교 총장 ... 8월10일' ;; 관보 제19036호 (published 2017-06-23), 인사: '이성기(李性基) 고용노동부 차관에 임함 2017.6.12.' viewer https://gwanbo.go.kr/ezpdf/customLayout.jsp?contentId=00000000000000001498090307130000&tocId=00000000000000001498090378815000&isTocOrder=N (PDF accessed 2026-09-24T22:59:22-0400; snapshot roster/sources/labor/gazette/gz_20170623_19036_00000000000000001498090378815000.pdf; text harvest/gazette_text/20170623_19036_00000000000000001498090378815000.txt)",,,roster_builder
H47f3ac6f,Pa31f65d8,이성호,,safety,"국민안전처 차관, 장관 직무대행",2014-11-19,2014-12-04,"incidental, not exhaustive","정책브리핑 2014-11-27 14:32:03 '국민안전처「연말연시 100일 특별재난안전대책」추진' https://n.news.naver.com/mnews/article/298/0000146528 (accessed 2026-09-25T07:06:46-0400; snapshot roster/sources/safety/news/naver_298_0000146528.html) ('국민안전처 장관 직무대행 이성호 차관 주재') ;; 뉴시스 2014-11-27 11:32:20 '안전처 '연말연시 100일 특별재난안전대책' 추진' https://n.news.naver.com/mnews/article/003/0006221129 (accessed 2026-09-25T07:06:43-0400; snapshot roster/sources/safety/news/naver_003_0006221129.html) ;; 연합뉴스 2014-11-19 10:20:01 '정총리 ""국민안전처·인사혁신처는 공공혁신 양대축""' https://n.news.naver.com/mnews/article/001/0007255353 (accessed 2026-09-25T13:02:10-0400; snapshot roster/sources/safety/news/naver_001_0007255353.html) (19일 출범식, 이성호 국민안전처 차관) ;; 연합뉴스 2014-11-20 15:49:23 '갓 출범 국민안전처 첫 업무보고…호된 '신고식'' https://n.news.naver.com/mnews/article/001/0007258641 (accessed 2026-09-25T13:02:30-0400; snapshot roster/sources/safety/news/naver_001_0007258641.html) (20일 국회 특위 업무보고, 이성호 안전처 차관) ;; inputs/hearing_speaker_roles_summary.csv: 이성호 vice_minister, 국민안전처, 상임위원회, first 2014-11-25 ;; 연합뉴스 2014-11-18 10:54:32 '<프로필> 이성호 국민안전처 차관' https://n.news.naver.com/mnews/article/001/0007253216 (accessed 2026-09-25T13:43:05-0400; snapshot roster/sources/safety/verify/news/naver_001_0007253216.html) (photo caption '국민안전처 차관에 내정된 이성호 행정안전부 제2차관') ;; 뉴스1 2014-11-18 12:28:02 '초대 국민안전처 장관 박인용… 장·차관급 11명 인사(종합)' https://n.news.naver.com/mnews/article/421/0001121796 (accessed 2026-09-25T13:43:04-0400; snapshot roster/sources/safety/verify/news/naver_421_0001121796.html) ('안전처 차관과 중앙소방본부장 및 해양경비안전본부장 ... 이성호 ... 각각 내정 또는 임명됐다') ;; BigKinds metadata, query '이성호 국민안전처 차관 임명' 2014-11-17..2014-11-21 (accessed 2026-09-25T21:40:09-0400; snapshot roster/sources/safety/verify/v2_bigkinds_이성호_국민안전처_차관_임명_2014-11-17_2014-11-21.json): 강원도민일보 2014-11-19 '국민안전처장관 박인용씨 내정', snippet '또 국민안전처 차관에 이성호(60) 전 안전행정부 제2차관을, 인사혁신처장에 이근면(62) 삼성광통신 경영고문을 각각 임명했다.' ;; BigKinds metadata, query '이성호 차관 직무대행' 2014-11-18..2014-12-06 (accessed 2026-09-25T21:40:07-0400; snapshot roster/sources/safety/verify/v2_bigkinds_이성호_차관_직무대행_2014-11-18_2014-12-06.json): 헤럴드경제 2014-11-27 '국민안전처, ‘연말연시 100일 특별재난안전대책’ 추진', snippet '국민안전처는 27일 정부서울청사에서 국민안전처 장관 직무대행 이성호 차관 주재로' ;; 관보 제18312호 (published 2014-07-23) '이성호(李聖浩) 안전행정부 제2차관에 임함 2014.7.16.', harvest/gazette_text/20140723_18312_*.txt (identity and hanja of the acting head)",,"The acting 'from' date (2014-11-19) is the office's establishment date. 이성호's own legal appointment date as 차관 is not confirmed. The 2014-11 gazette 인사 items do not contain it (verifier grep of harvest/gazette_text for 2014-2015 found no notice), outlets on 2014-11-18/19 use both 내정자 and 차관, and he received his 임명장 with 박인용 on 2014-12-05 (헤럴드경제 2014-12-05 18:24). He is called 차관 at the NA special committee on 2014-11-20 and 장관 직무대행 in the government's own release of 2014-11-27. Round-2 verifier. Hanja 李聖浩 from 관보 제18312호 (appointed 안전행정부 제2차관 2014-07-16). 강원도민일보 2014-11-19 reports him as 임명 on 2014-11-18 while calling 박인용 내정. The legal date of his 차관 appointment is still not in the gazette corpus. His successor as 차관, 류희인(柳熙寅), was appointed 2017-06-07 (관보 제19036호), so the office never lacked a 차관 who could act.",roster_builder
Hedd989f9,,이영찬,,health,보건복지부 차관 장관 직무대행,2013-10-01,2013-12-01,"incidental, not exhaustive","정책브리핑 2013-11-19 20:05:02 ""아동학대 조기발견, 신고의무자가 앞장서고 모두가 함께!"" https://n.news.naver.com/mnews/article/298/0000119711 (original http://www.korea.kr/policy/pressReleaseView.do?newsId=155928501; accessed 2026-09-25T13:09:56-0400; snapshot roster/sources/health/news_298_0000119711.html) ;; 뉴시스 2013-10-24 06:01:08 ""[오늘의 주요 일정]산업(10월24일 목요일)"" https://n.news.naver.com/mnews/article/003/0005454504 (original http://www.newsis.com/ar_detail/view.html?ar_id=NISX20131023_0012456848&cID=18009&pID=18000; accessed 2026-09-25T13:10:46-0400; snapshot roster/sources/health/news_003_0005454504.html) ;; 보건복지부 역대차관(제1차관) list https://www.mohw.go.kr/pastProfile.es?mid=a10606040000&menuType=4&searchType=&keyword=&pageNum=1 (accessed 2026-09-25T13:13:16-0400): 36대 이영찬 李永燦 보건복지부 2013-03-13 ~ 2014-07-24; snapshot roster/sources/health/mohw_pastvice1_p*.html ;; kr-hearings-data v9 inputs/minister_role_meetings.csv (valid hearing types only): role minister_acting, 이영찬, 보건복지부, 6 meetings 2013-10-07..2013-11-28",,Start is the day after 진영's exit. Reports of 이영찬 as 장관 직무대행 run from 2013-10-24 to 2013-11-19.,roster_builder
H0d37cf3a,,이인식,,gender,여성부 차관 (장관 직무대행),2008-03-01,2008-03-12,"incidental, not exhaustive","관보 제16703호 (published 2008-03-06), 인사발령(행정안전부): '⊙2008년 3월 1일자 ... 이 인 식(李 仁 植) 여성부 차관에 임함' viewer https://gwanbo.go.kr/ezpdf/customLayout.jsp?contentId=00000000000000001319081945303000&tocId=00000000000000001319081960066000&isTocOrder=N (accessed 2026-09-24T22:54:23-0400; harvest/gazette_text/20080306_16703_00000000000000001319081960066000.txt; snapshot roster/sources/gender/gazette/gazette_20080306_16703_00000000000000001319081960066000.pdf) ;; 한겨레 2008-03-02 23:29:00 '이명박 정부 4개부처 장관없이 ‘기형적 출범’' https://n.news.naver.com/mnews/article/028/0001941805 (accessed 2026-09-24T22:53:02-0400; snapshot roster/sources/gender/news/naver_028_0001941805.html) (한겨레 2008-03-02: 장관 후보자가 공석인 통일부·환경부와, 인사청문회가 남은 여성부 ... 네 부처는 당분간 차관 대행체제) ;; 연합뉴스 2008-02-29 17:37:23 '<프로필> 이인식 여성부 차관' https://n.news.naver.com/mnews/article/001/0001981816 (accessed 2026-09-25T21:32:10-0400; snapshot roster/sources/gender/news/naver_001_0001981816.html) (연합뉴스 2008-02-29: <프로필> 이인식 여성부 차관) ;; 연합뉴스 2008-02-29 17:43:49 '이인식 여성부 차관' https://n.news.naver.com/mnews/article/001/0001981834 (accessed 2026-09-25T21:44:29-0400; snapshot roster/sources/gender/news/naver_001_0001981834.html) (연합뉴스 2008-02-29 17:43: 29일 여성부 차관에 임명된 이인식 (the gazette dates the appointment 2008-03-01))",,,roster_builder
Hec34d4d0,,이종서,,education,"교육인적자원부 차관, 부총리 겸 교육인적자원부장관 직무대행 (vacancy after 김병준)",2006-08-08,2006-09-19,"incidental, not exhaustive","BigKinds 01100401.20060825063907044: 동아일보 2006-08-25 '교육수장 공백 18일째… 코드 찾는 중?' [BigKinds search '이종서 차관 대행' 2006-08-08..2006-09-19; snapshot roster/sources/education/news/bigkinds/bk_acting_2006_039739d68d.json; accessed 2026-09-25T13:23:47-0400] ;; BigKinds 01100501.20060909100002648: 문화일보 2006-09-09 '""국사과목 독립교과 추진"" 이종서 교육차관 밝혀' [BigKinds search '교육부 이종서 차관' 2006-08-07..2006-09-20; snapshot roster/sources/education/news/bigkinds/bk_acting_2006_0e669e7b9c.json; accessed 2026-09-25T13:08:22-0400] ;; 교육부 역대 장·차관 소개 https://www.moe.go.kr/mnstrHistory.do: 차관 48대 이종서 2006-03-22 ~ 2007-06-20 [snapshot roster/sources/education/official/moe_mnstrHistory.html; accessed 2026-09-24T22:44:04-0400]",,,roster_builder
He242096a,Pe32653c3,이주호,,pm,"부총리 겸 교육부장관, 국무총리 직무대행 (also 대통령 권한대행 until 2025-06-04 06:21)",2025-05-02,2025-07-03,complete for PM vacancies and suspensions,"파이낸셜뉴스 2025-05-01 23:59 '2일부터 이주호 권한대행 체제로': 2일부터 이주호 권한대행 체제; https://www.fnnews.com/news/202505012332538482 (accessed 2026-09-25T06:52:09-0400; snapshot _rebuild/inventory_sources/web/news/fnnews_20250501_leejuho_acting.html, copy roster/sources/pm/offices_refs/fnnews_20250501_leejuho_acting.html) [via offices.json] ;; 경향신문 2025-05-01 23:19 '한덕수, 2일 0시 사직 발효 직전 최상목 사표 수리하고 이주호 만나'; https://www.khan.co.kr/article/202505012319001 (accessed 2026-09-25T06:52:07-0400; snapshot _rebuild/inventory_sources/web/news/khan_20250501_han_resign_choi_accepted.html, copy roster/sources/pm/offices_refs/khan_20250501_han_resign_choi_accepted.html) [via offices.json] ;; 조선비즈 2025-06-04 16:32:07 '이주호, 이재명 대통령에게 국무위원 일괄 사표 전달': 이주호 국무총리 직무대행 부총리 겸 교육부 장관이 4일 이재명 대통령에게 국무위원 일괄 사표를 전달; https://n.news.naver.com/mnews/article/366/0001082840 (accessed 2026-09-25T07:09:51-0400; snapshot roster/sources/pm/news/naver_366_0001082840.html) ;; BigKinds metadata: 전북도민일보 2025-07-02 '한국장학재단, 2025학년도 2학기 학자금대출 시작' news_id 01601001.20250702143531001: 교육부(국무총리 직무대행 부총리 겸 교육부장관 이주호)와 한국장학재단(이사장 배병일)은 2025학년도 2학기 학자금대출 신청을 2일부터 접수 (search '이주호 국무총리 직무대행' 2025-06-04..2025-07-04, accessed 2026-09-25T13:30:47-0400; snapshot roster/sources/pm/bigkinds/bigkinds_ljh25b.json) ;; BigKinds metadata: 머니투데이 2025-07-03 '우원식 ""총리 대행 체제 정상화해야 ""…김민석 동의안 직권 상정' news_id 02100201.20250703143821001: 우원식 '총리 대행 체제 정상화해야' (2025-07-03) (search '김민석 청문보고서' 2025-07-03..2025-07-03, accessed 2026-09-25T13:39:33-0400; snapshot roster/sources/pm/bigkinds/bigkinds_kms25r4.json) ;; ko.wikipedia '대한민국 국무총리' (tier 4): 직무대행 rows in the 역대 국무총리 tables; https://ko.wikipedia.org/w/index.php?oldid=42269464 (accessed 2026-09-24T22:42:58-0400; snapshot roster/sources/pm/wiki_ko_대한민국_국무총리.json) ;; [verifier] BigKinds metadata: 헤럴드경제 2025-07-01 '李대통령, 방통위원 추가 요구한 이진숙에…“부결확률 높은데 대안 가져오라”' news_id 02100701.20250701153509001: 이주호 국무총리 직무대행 부총리 겸 교육부 장관이 1일 열린 (search '이주호 총리 직무대행' 2025-06-04..2025-07-04, accessed 2026-09-25T21:55:24-0400; snapshot roster/sources/pm/verify/bigkinds/bk_ljh25_acting_end.json)",,,roster_builder
H1109ce14,,이진수,,justice,"법무부 차관 (named 2025-06-29, appointed and took office 2025-06-30), 장관 직무대행",2025-06-30,2025-07-18,"incidental, not exhaustive","경향신문 2025-07-01 ""‘심우정의 참모’였던 이재명 정부 법무차관 이진수···국회 첫 출석에서 ‘말조심’"" (BigKinds news_id 01100101.20250701190314001, metadata and snippet, accessed 2026-09-25T13:27:54-0400; snapshot sources/justice/news/bigkinds/bigkinds_vice_2025b_ebfe3f1a8c.json) ;; YTN 2025-07-01 ""이진수 법무차관 국회 데뷔전...대통령 재판중지 공방"" (BigKinds news_id 08100401.20250701225404001, metadata and snippet, accessed 2026-09-25T13:27:54-0400; snapshot sources/justice/news/bigkinds/bigkinds_vice_2025b_ebfe3f1a8c.json) ;; 관보 제21029호 (2025-07-07) 인사발령, text '이진수(李鎭琇) 법무부 차관에 임함 2025. 6. 30.', viewer https://gwanbo.go.kr/ezpdf/customLayout.jsp?contentId=I0000000000000001751590236245000&tocId=I0000000000000001751438936992000&isTocOrder=N (harvested item fetched 2026-09-25T07:08:15-0400; copy roster/sources/justice/verify/gazette/20250707_21029_I0000000000000001751438936992000.txt) [verifier] ;; 조선일보 2025-06-30 ""이진수 법무부차관 취임... “검찰 개혁 공감대 형성하도록 최대한 노력할 것”"" (BigKinds news_id 01100801.20250630114946001, metadata and snippet, snippet: '이진수 신임 법무부 차관이 30일 취임', accessed 2026-09-25T21:56:43-0400; snapshot roster/sources/justice/verify/bigkinds/bk_act_2025a_4ea2420a92.json) [verifier] ;; 조선일보 2025-07-01 ""이진수 법무차관 “수사와 기소 분리 방향 공감해”"" (BigKinds news_id 01100801.20250701170751001, metadata and snippet, snippet: '이 차관은 지난 30일 취임한 뒤 현재 공석인 법무부 장관의 직무대행을 겸하고', accessed 2026-09-25T21:56:57-0400; snapshot roster/sources/justice/verify/bigkinds/bk_act_2025b_65a646bbf1.json) [verifier]",,,roster_builder
Hdcee1028,,이진수,,justice,"법무부 차관, 장관 직무대행 (news and ko.wikipedia date the start of the acting arrangement to the acceptance day 2026-08-24)",2026-08-25,,"incidental, not exhaustive","연합뉴스 2026-08-24T17:42:06+09:00 ""검찰청 폐지 한달 앞 과제 산적한데…법무·검찰수장 동시 임시체제 | 연합뉴스"" https://www.yna.co.kr/view/AKR20260824148300004 (accessed 2026-09-24T22:43:51-0400; snapshot sources/justice/news/yna_AKR20260824148300004.html) ;; 연합뉴스 2026-09-09T16:05:44+09:00 ""법무장관 대행 ""김승원 檢보고서 유출은 범죄…수사로 밝혀야"" | 연합뉴스"" https://www.yna.co.kr/view/AKR20260909134200004 (accessed 2026-09-24T22:44:00-0400; snapshot sources/justice/news/yna_AKR20260909134200004.html) ;; ko.wikipedia '대한민국 법무부 장관' https://ko.wikipedia.org/w/index.php?oldid=42390799 (accessed 2026-09-24T22:33:21-0400; snapshot sources/justice/wiki_대한민국_법무부_장관.json)",,,roster_builder
Hfe0f664f,,이창재,,justice,"법무부 차관, 장관 직무대행 (transcripts label 직무대리)",2016-11-29,2017-05-21,"incidental, not exhaustive","세계일보 2017-07-14 10:32:08 ""장관 빈자리 228일째… 법무부, 새 수장 맞을까"" https://n.news.naver.com/mnews/article/022/0003191805 (Naver News, accessed 2026-09-25T13:17:26-0400; snapshot sources/justice/news/naver_022_0003191805.html) ;; 뉴시스 2017-05-22 10:47:09 ""손 흔드는 이창재 법무부장관 직무대행"" https://n.news.naver.com/mnews/article/003/0007967970 (Naver News, accessed 2026-09-25T13:16:36-0400; snapshot sources/justice/news/naver_003_0007967970.html) ;; YTN 2017-05-22 ""이창재 前 법무차관·김주현 前 대검차장 오늘 퇴임식"" (BigKinds news_id 08100401.20170522000402001, metadata and snippet, accessed 2026-09-25T13:23:17-0400; snapshot sources/justice/news/bigkinds/bigkinds_acting_2017c_a0155ffe6c.json) ;; inputs/minister_role_meetings.csv: minister_acting '법무부장관직무대리 이창재', 법제사법위원회 2017-02-15 to 2017-02-28",,,roster_builder
He38387ee,P2c83d1c8,이채필,,labor,"고용노동부 차관, 장관 직무대행",2010-07-17,2010-08-30,"incidental, not exhaustive","BigKinds metadata 아주경제 2010-07-26 '고용부장관 입각 하마평에 누구' news_id 02100851.20100726193649001 (search '이채필 차관' 2010-07-16..2010-08-30, https://www.bigkinds.or.kr/api/news/search.do, accessed 2026-09-25T13:51:53-0400; snapshot roster/sources/labor/bigkinds/bigkinds_b93573e3c6.json): 2010-07-26 '공석중인 고용노동부 장관에 누가 오를 것인지' ;; BigKinds metadata 아주경제 2010-07-26 '경제팀 일보 종합' news_id 02100851.20100726193428002 (search '이채필 차관' 2010-07-16..2010-08-30, https://www.bigkinds.or.kr/api/news/search.do, accessed 2026-09-25T13:51:53-0400; snapshot roster/sources/labor/bigkinds/bigkinds_b93573e3c6.json): 2010-07-26 '고용부는 ... 이채필 차관의 전격 기용 가능성' ;; 고용노동부 역대장관 약력 https://www.moel.go.kr/cyber/intro/hist/view.do?seq=50 (accessed 2026-09-25T13:33:42-0400; snapshot roster/sources/labor/moel/hist_view_50.html): 이채필 주요경력 '10. 7.~11. 5. 초대 고용노동부 차관 10. 3.~10. 7. 제18대 노동부 차관' ;; 관보 제17223호 (published 2010-03-26), 인사: '이 채 필(李 埰 弼) 노동부 차관에 임함' [section ⊙2010년 3월 23일자] viewer https://gwanbo.go.kr/ezpdf/customLayout.jsp?contentId=00000000000000001319093112420000&tocId=00000000000000001319093138267000&isTocOrder=N (PDF accessed 2026-09-25T06:53:42-0400; snapshot roster/sources/labor/gazette/gz_20100326_17223_00000000000000001319093138267000.pdf; text harvest/gazette_text/20100326_17223_00000000000000001319093138267000.txt) ;; inputs/minister_role_meetings.csv role minister_acting: speaker '고용노동부장관직무대행 이채필' in 환경노동위원회 meetings 39658 (2010-07-19, 171 speeches), 39708 (2010-08-24, 138 speeches) and 39707 (2010-08-30, 1 speech)",,,roster_builder
Hc4b8a503,,이천수,,education,"교육부 차관 (37대, 1993-03-04 ~ 1995-12-25 per the MOE list), the sitting 차관 during the vacancy after 김숙희's dismissal. Inferred, no source naming him 장관 직무대행 was found.",1995-05-13,1995-05-15,"incidental, not exhaustive","교육부 역대 장·차관 소개 https://www.moe.go.kr/mnstrHistory.do: '37대 이천수 1993-03-04 ~ 1995-12-25' (tier 2; the page prints the predecessor's 퇴임 as the day before the successor's 취임; accessed 2026-09-24T22:44:04-0400; snapshot roster/sources/education/ext88/moe_mnstrHistory.html) ;; 조선일보 1995-05-13 p.31 """"長官이 못할말""청와대격노"" (Naver News Library article 1995051300239131005, OCR text: '金장관은 이임식후 종합청사 현관에서 李千洙차관 등 간부들의 배웅을 받았으나'; https://newslibrary.naver.com/viewer/index.naver?articleId=1995051300239131005; accessed 2026-09-26T09:48:30-0400; snapshot roster/sources/education/ext88/articles/nl_1995051300239131005.json) ;; 조선일보 1995-05-15 p.2 ""후임 교육부장관 빠르면 오늘임명"" (Naver News Library article 1995051500239102006, OCR text: '교육개혁위간사인 李千洙현교육차관등이 거론되고 있다'; https://newslibrary.naver.com/viewer/index.naver?articleId=1995051500239102006; accessed 2026-09-26T09:48:29-0400; snapshot roster/sources/education/ext88/articles/nl_1995051500239102006.json) ;; BigKinds 01100901.19950516191934001: 중앙일보 1995-05-16 ""어제 스승의날 국민훈장등 5천3백38명 포상"" (full text: '15일 교총회관 강당에서 이천수(李千洙)교육부차관과 윤형원(尹亨遠)교총회장 등 8백여명이 참석한 가운데 기념식을 가졌다'; accessed 2026-09-26T09:52:43-0400; snapshot roster/sources/education/ext88/articles/bk_01100901.19950516191934001.json) ;; [verifier] 조선일보 1995-05-14 p.19 ""「공선련」스승기리는 사은의 밤"" (Naver News Library article 1995051400239119023, OCR text: '金泳三대통령도 李千洙교육부차관이 대독한 치사를 통해 이들의 노고를치하했다.'; https://newslibrary.naver.com/viewer/index.naver?articleId=1995051400239119023; accessed 2026-09-26T13:52:17-0400; snapshot roster/sources/education/ext88_verify/articles/nl_1995051400239119023.json) (event of 1995-05-13, the 차관 standing in for the office) ;; [verifier] BigKinds 01200201.19950515150517106: 경인일보 1995-05-15 ""공석 교육부장관 후임 오늘 중 임명"" (full text: '공석중인 교육 장관을 가급적 빠른 시일내 임명한다는 방침'; accessed 2026-09-26T13:52:34-0400; snapshot roster/sources/education/ext88_verify/articles/bk_01200201.19950515150517106.json) (the post described as vacant on 1995-05-15) ;; [verifier] 한겨레 1995-05-16 p.1 ""교육 박영식 보건복지 이성호씨"" (Naver News Library article 1995051600289101006, OCR text: '김영삼 대통령은 15일 김숙희 장관의 해임으로 자리가 빈 교육부 장관에박영식 전 연세대 총장을 임명했다.'; https://newslibrary.naver.com/viewer/index.naver?articleId=1995051600289101006; accessed 2026-09-26T10:09:38-0400; snapshot roster/sources/education/ext88_verify/articles/nl_1995051600289101006.json)",True,,roster_builder
Ha4c49e0c,,이춘희,,land,"건설교통부 차관, 장관 대행 during the vacancy after 추병직's resignation (차관 from 2006-11-27)",2006-11-27,2006-12-10,"incidental, not exhaustive","이데일리 2006-11-27 ""건교부차관에 이춘희...경제보좌관에 김용덕(1보)"" (BigKinds metadata, news_id 04101008.20160312094245288, outlet link http://www.edaily.co.kr/news/newsread.asp?newsid=01512086580049984&DirCode=0010101, snapshot roster/sources/land/bigkinds/bk_29cb2d3717.json, accessed 2026-09-25T14:00:44-0400): 건설교통부 차관 이춘희 (2006-11-27) ;; 동아일보 2006-11-28 ""차관급 4명 인사"" (BigKinds metadata, news_id 01100401.20061128064118063, outlet link https://www.donga.com/news/article/all/20061128/8378266/1, snapshot roster/sources/land/bigkinds/bk_8b869c2985.json, accessed 2026-09-25T13:51:57-0400): 노무현 대통령은 27일 ... 후임 건교부 차관에 이춘희 행정중심복합도시 건설청장을 ... 임명 ;; 영남일보 2006-11-16 ""秋 건교 사표수리...한달간 대행체제"" (BigKinds metadata, news_id 01500801.20061116154327001, snapshot roster/sources/land/bigkinds/bk_9d5b0b3365.json, accessed 2026-09-25T13:35:19-0400): 한달간 대행체제 ;; [verifier] 파이낸셜뉴스 2006-11-27 15:36:00 ""건교차관 이춘희, 경제보좌관 김용덕…외교장관 1일 임명 강행"" https://n.news.naver.com/mnews/article/014/0000261995 (snapshot roster/sources/land/verify/news/naver_014_0000261995.html, accessed 2026-09-25T21:56:42-0400): 노무현 대통령은 27일 건설교통부 차관에 이춘희 행정중심복합도시건설청장(51),행정중심복합도시건설청장에 남인희 건교부 기반시설본부장(54), 국방부 차관에 김영룡 국방부 혁신기획본부장(56)을 각각 내정했다고 윤태영 청와대 대변인이 밝혔다.",,,roster_builder
H7701af90,,이춘희,,land,"건설교통부 차관 in office during the vacancy after 이용섭 left to run in the 2008 general election, until the ministry was abolished (no source found that names him as 장관 직무대행 explicitly)",2008-02-01,2008-02-28,"incidental, not exhaustive","강원도민일보 2008-01-31 ""춘천·홍천, 건교부에 조양IC 양방향 설치 건의"" (BigKinds metadata, news_id 01300101.20080131160627002, snapshot roster/sources/land/bigkinds/bk_cc7f569af0.json, accessed 2026-09-25T14:00:25-0400): 이춘희 건교부 차관과 면담 (2008-01-30) ;; 아시아경제 2008-02-13 ""코레일, 세계철도학술대회 성공기원 전진대회"" (BigKinds metadata, news_id 02100801.20080213213609001, outlet link http:www.asiae.co.kr/news/view.htm?idxno=2008021308532915714, snapshot roster/sources/land/bigkinds/bk_26dbda9936.json, accessed 2026-09-25T14:00:05-0400): 이춘희 건교부차관 (2008-02-13) ;; 아시아경제 2008-02-18 """"토지거래 허가구역 연장은 과학비즈니스벨트 때문"""" (BigKinds metadata, news_id 02100801.20080218224055001, outlet link http:www.asiae.co.kr/news/view.htm?idxno=2008021808070121736, snapshot roster/sources/land/bigkinds/bk_26dbda9936.json, accessed 2026-09-25T14:00:05-0400): 이춘희 건교부 차관이 ... 밝혀 (2008-02-18) ;; [verifier] 뉴시스 2008-02-12 12:15:00 ""질의에 답하는 이춘희 차관"" https://n.news.naver.com/mnews/article/003/0001957826 (snapshot roster/sources/land/verify/news/naver_003_0001957826.html, accessed 2026-09-25T21:57:13-0400): 질의에 답하는 이춘희 차관 【서울=뉴시스】 12일 오전 국회 건설교통위원회에서 국토기본법 일부개정법률안 등 관련 법안 심의를 하고 있는 가운데 이춘희 건설교통부 차관이 의원들의 질의에 답하고 있다.",,,roster_builder
Hc4c494b5,,이해봉,,sports,"체육청소년부 차관, 장관 직무대리 after 이진삼's 의원면직 until the ministry was merged into 문화체육부. The person is inferred. 총무처 ruled that the 차관 would act, and 이해봉 had been 차관 since 1992-04-20 and was still 차관 in January and February 1993. No source naming him as 직무대리 was found.",1993-02-27,1993-03-05,"incidental, not exhaustive","매일경제 1993-02-27 p.2 ""장관없는 部處(부처)로 남아"" (Naver News Library article 1993022700099202016, OCR text: '총무처는 앞으로 폐지될 동자부 체육청소년부장관이 의원면직됨에 따라 정부조직법이공포돼 최종확정될 때까지 차관이 직무대리로업무를 수행하게 된다고유권해석'; POST https://newslibrary.naver.com/api/article/detail/json articleId=1993022700099202016; accessed 2026-09-26T09:21:02-0400; snapshot roster/sources/sports/ext88/articles/nl_1993022700099202016.json) ;; 동아일보 1993-02-27 p.23 ""動資(동자)-體靑部(체청부) ""우리 앞날 어떻게 되나"""""" (Naver News Library article 1993022700209223002, OCR text: '내달초 정부조직개편안이 국무회의에서 의결돼 상공자원부와문화체육부가 발족할 때까지 차관체제로 운영된다'; POST https://newslibrary.naver.com/api/article/detail/json articleId=1993022700209223002; accessed 2026-09-26T09:21:06-0400; snapshot roster/sources/sports/ext88/articles/nl_1993022700209223002.json) ;; 동아일보 1993-02-07 p.3 """"시대착오적 발상""걱정속 술렁"" (Naver News Library article 1993020700209103006, OCR text: '李海鳳(이해봉)차관' (차관 on 1993-02-06); POST https://newslibrary.naver.com/api/article/detail/json articleId=1993020700209103006; accessed 2026-09-26T09:31:49-0400; snapshot roster/sources/sports/ext88/articles/nl_1993020700209103006.json) ;; 매일경제 1993-03-09 p.12 ""문화체육부 출범 기대半(반)…우려半(반)…"" (Naver News Library article 1993030900099212001, OCR text: '문화체육부는 93년 3월6일자로 정부조직법(법률제4541호)개정과 문화체육부직제(대통령령 제13869호)가 확정·공포됨에 따라 기존의 문화부와체육청소년부가 통합되어새로 발족하게 된 것' (end of the vacancy); POST https://newslibrary.naver.com/api/article/detail/json articleId=1993030900099212001; accessed 2026-09-26T09:31:57-0400; snapshot roster/sources/sports/ext88/articles/nl_1993030900099212001.json) ;; ko.wikipedia '대한민국 체육청소년부' https://ko.wikipedia.org/w/index.php?oldid=39111479 (revid 39111479), row '체육청소년부 차관 7대 이해봉(李海鳳) 1991년 12월 20일 ~ 1993년 2월 25일 (secondary, end date conflicts with the 차관체제 reports)' (secondary; accessed 2026-09-26T09:03:56-0400; snapshot roster/sources/sports/ext88/wiki/wiki_대한민국_체육청소년부.json) ;; [verifier 2026-09-26] 동아일보 1992-04-21 p.2 '次官(차관)·知事級(지사급) 11명 人事(인사)' (Naver News Library article 1992042100209202001, OCR text via POST https://newslibrary.naver.com/api/article/detail/json articleId=1992042100209202001, page image https://newslibrary.naver.com/viewer/index.naver?articleId=1992042100209202001, accessed 2026-09-26T14:08:27-0400, snapshot roster/sources/sports/ext88_verify/nl/nl_1992042100209202001.json) [quote: '체육청소년부차관에 李海鳳大邱시장을 전보했으며'] [summary: 이해봉 became 체육청소년부 차관 on 20 Apr 1992 (not on 1991-12-20 as ko.wikipedia gives)] ;; [verifier 2026-09-26] 한겨레 1992-04-21 p.1 '차관급 11명 인사단행' (Naver News Library article 1992042100289101002, OCR text via POST https://newslibrary.naver.com/api/article/detail/json articleId=1992042100289101002, page image https://newslibrary.naver.com/viewer/index.naver?articleId=1992042100289101002, accessed 2026-09-26T21:21:41-0400, snapshot roster/sources/sports/ext88_verify/nl/nl_1992042100289101002.json) [quote: '체육청소년부차관에는 이해봉 대구직할시장'] [summary: same appointment, 한겨레 of 21 Apr 1992] ;; [verifier 2026-09-26] Naver News Library search '李海鳳' 1993-01-01..1993-03-31 (POST https://newslibrary.naver.com/api/search/article/json, accessed 2026-09-26T21:23:07-0400, snapshot roster/sources/sports/ext88_verify/nl/search/nls_acting_李海鳳_1993-01-01_1993-03-31_p1.json), hits 경향신문 1993-01-14 p.19 (1993011400329119012) and 조선일보 1993-01-14 p.27 (1993011400239127011) [summary: 이해봉 still 체육청소년부 차관 in January 1993, snippets only]. Searches for '체육청소년부 차관', '체청부 차관' and '직무대리' over 1993-02-25..1993-03-08 found no story naming the acting head (same listing file, script roster/scripts/sports_ext88_verify_09_acting_search.py).",True,,roster_builder
He2b65646,P0be1e55e,이헌재,,finance,"재정경제부장관, 국무총리 직무대행 (정부조직법 제22조)",2000-05-19,2000-05-22,"incidental, not exhaustive","BigKinds: 매일경제 2000-05-20 ""박태준총리 사퇴, 후임 내주 임명...이재경장관 직무대행"" (news_id 02100101.20160115162603747), result snapshot sources/finance/news/bigkinds_2000-05-17_2000-05-25_437fc129.json, accessed 2026-09-25T13:37:00-0400 ;; BigKinds: 문화일보 2000-05-20 ""李憲宰 장관-총리대행 '1인2역'"" (news_id 01100501.20000520000000304), result snapshot sources/finance/news/bigkinds_2000-05-17_2000-05-25_437fc129.json, accessed 2026-09-25T13:37:00-0400 ;; BigKinds: 인천일보 2000-05-24 ""공동정부 공조 원칙 거듭 강조"" (news_id 01200401.20000524003348006), result snapshot sources/finance/news/bigkinds_2000-05-22_2000-05-24_3ca980d4.json, accessed 2026-09-25T13:38:20-0400",,박태준's resignation was accepted on 2000-05-19 and the acting arrangement started formally on 05-20 (문화일보). Ends with the appointment of 국무총리서리 이한동 (PM lineage has the exact date).,roster_builder
Hb0d4dc87,P0be1e55e,이헌재,,finance,"부총리 겸 재정경제부장관, 국무총리 직무대행",2004-05-25,2004-06-29,"incidental, not exhaustive","BigKinds: 세계일보 2004-05-26 ""총리 직대만 2번째 이헌재부총리 기연..DJ정부서 나흘간 맡아"" (news_id 01100701.20040526000000501), result snapshot sources/finance/news/bigkinds_2004-05-24_2004-05-27_d4173d86.json, accessed 2026-09-25T13:27:20-0400 ;; BigKinds: 중도일보 2004-07-01 ""‘한국정치는 50대 전성시대’"" (news_id 01400351.20040701090203016), result snapshot sources/finance/news/bigkinds_2004-06-29_2004-07-01_e9da6165.json, accessed 2026-09-25T13:27:32-0400",,From the acceptance of 고건's resignation to the day before 이해찬 received the 임명장 (2004-06-30).,roster_builder
H5c128597,P0be1e55e,이헌재,,pm,"재정경제부장관, 국무총리 직무대행 (정부조직법 제22조)",2000-05-19,2000-05-22,complete for PM vacancies and suspensions,"BigKinds metadata: 국민일보 2000-05-20 '총회 직무대행 체제…이헌재 재경부장관 직무대행' news_id 01100201.20000520000000210: 이헌재 재경부장관이 직무를 대행 (search '이헌재 총리 직무대행' 2000-05-19..2000-05-23, accessed 2026-09-25T13:03:53-0400; snapshot roster/sources/pm/bigkinds/bigkinds_lhj00a.json) ;; BigKinds metadata: 세계일보 2000-05-20 '故진의종 前총리 사위 이헌재 총리직무대행' news_id 01100701.20000520000000404: 이헌재 총리직무대행 (search '박태준 총리 사표 수리' 2000-05-19..2000-05-20, accessed 2026-09-25T13:03:07-0400; snapshot roster/sources/pm/bigkinds/bigkinds_ptj00e.json) ;; 국민일보 2000-05-19 18:06:00 '박태준총리 사표 수리': 그때까지는 정부조직법에 따라 이헌재 재정경제부 장관이 총리직을 대행; https://n.news.naver.com/mnews/article/005/0000001930 (accessed 2026-09-24T22:55:04-0400; snapshot roster/sources/pm/news/naver_005_0000001930.html) ;; ko.wikipedia '대한민국 국무총리' (tier 4): 직무대행 rows in the 역대 국무총리 tables; https://ko.wikipedia.org/w/index.php?oldid=42269464 (accessed 2026-09-24T22:42:58-0400; snapshot roster/sources/pm/wiki_ko_대한민국_국무총리.json)",,,roster_builder
H944eff58,P0be1e55e,이헌재,,pm,"부총리 겸 재정경제부장관, 국무총리 직무대행",2004-05-25,2004-06-29,complete for PM vacancies and suspensions,"프레시안 2004-05-25 11:02:00 '盧, 고건 사표 수리. 이헌재 부총리가 총리대행': 고 총리의 사표가 수리됨에 따라 당분간 이헌재 경제부총리가 총리를 대행한다; https://n.news.naver.com/mnews/article/002/0000010912 (accessed 2026-09-25T07:08:10-0400; snapshot roster/sources/pm/news/naver_002_0000010912.html) ;; ko.wikipedia '대한민국 국무총리' (tier 4): 직무대행 rows in the 역대 국무총리 tables; https://ko.wikipedia.org/w/index.php?oldid=42269464 (accessed 2026-09-24T22:42:58-0400; snapshot roster/sources/pm/wiki_ko_대한민국_국무총리.json)",,,roster_builder
H1a9352f3,P16409f43,이형일,,finance,"기획재정부 제1차관, 장관 직무대행",2025-06-11,2025-07-18,"incidental, not exhaustive","관보 제21014호 (published 2025-06-16) 인사발령(인사혁신처), snapshot sources/finance/gazette/gz_20250616_21014_I0000000000000001749596840710000.pdf (+.txt), viewer https://gwanbo.go.kr/ezpdf/customLayout.jsp?contentId=I0000000000000001749722862893000&tocId=I0000000000000001749596840710000&isTocOrder=N, accessed 2026-09-25T13:06:29-0400 ;; BigKinds: 뉴스핌 2025-07-15 ""이형일 기획재정부 장관 직무대행, 'MSCI 선진국 지수 편입추진 전담반 회의' 주재"" (news_id 04100078.20250715170908001), result snapshot sources/finance/news/bigkinds_2025-06-01_2025-07-19_d9381db5.json, accessed 2026-09-25T13:16:22-0400 ;; BigKinds: 세계일보 2025-07-18 ""기재1차관 “새로운 통상전략을 마련해 적극 추진할 것”"" (news_id 01100701.20250718163824001), result snapshot sources/finance/news/bigkinds_2025-06-01_2025-07-19_d9381db5.json, accessed 2026-09-25T13:16:22-0400",,1차관 from 2025-06-11 (관보 제21014호). Described as 장관 직무대행 through 2025-07-18. The gazette dates 구윤철's appointment 2025-07-19.,roster_builder
H4e7ed6eb,,임기근,,budget,"기획예산처 차관, 장관 직무대행 (신설 부처 장관 미임명)",2026-01-02,2026-03-24,"incidental, not exhaustive","관보 제21200호 (published 2026-03-19), 인사 item toc_seq I0000000000000001773621122411000 | per-person line reads '임기근(林岐根) 기획예산처 차관에 임함 2026. 1. 2.' | viewer https://gwanbo.go.kr/ezpdf/customLayout.jsp?contentId=I0000000000000001773744076284000&tocId=I0000000000000001773621122411000&isTocOrder=N | PDF accessed 2026-09-25T07:06:37-0400 | snapshot roster/sources/budget/gazette/gazette_21200_20260319_I0000000000000001773621122411000.pdf ;; 뉴스1 2026-01-08 15:00:00 ""임기근 기획처 장관대행 ""李정부 국정철학, 내년 예산안에 반영"""" | https://n.news.naver.com/mnews/article/421/0008703684 | accessed 2026-09-25T13:06:15-0400 | snapshot roster/sources/budget/news/naver_421_0008703684.html (2026-01-08 임기근 기획예산처 장관 직무대행) ;; 연합뉴스 2026-03-24 14:22:46 ""임기근 ""내년 예산, 적극 재정으로 국정 성과 본격 증명"""" | https://n.news.naver.com/mnews/article/001/0015978447 | accessed 2026-09-25T13:04:46-0400 | snapshot roster/sources/budget/news/naver_001_0015978447.html (2026-03-24 임기근 기획예산처 장관 직무대행 차관) ;; MBN 2026-03-24 20:01:16 (기획예산처도 지난 1월 2일 공식 출범한 지 81일 만에 대행 체제에서 벗어나게 됐다) | https://n.news.naver.com/mnews/article/057/0001941368 | accessed 2026-09-25T14:05:19-0400 | snapshot roster/sources/budget/verify/naver_057_0001941368.html ;; 뉴시스 2026-02-21 10:52:33 (1월2일 신설된 기획처는 현재까지 50일째 임기근 장관 직무대행 차관 체제) | https://n.news.naver.com/mnews/article/003/0013779539 | accessed 2026-09-25T14:05:04-0400 | snapshot roster/sources/budget/verify/naver_003_0013779539.html",,,roster_builder
H0bf69b09,P3819f37e,임인택,林寅澤,industry,"상공부 차관, the sitting 차관 on the vacant day between 한승수's 퇴임식 (1990-03-17) and 박필수's 임명장 (1990-03-19). No source names him as 직무대행, so the record is inferred. He stayed 차관 after the 3·17 개각 and was named 교통부장관 on 1990-12-27.",1990-03-18,1990-03-18,"incidental, not exhaustive","조선일보 1990-03-18 p.7 '경제부처 차관-庁長級 후속人事 촉각' (Naver News Library article 1990031800239107012, OCR text, page image https://newslibrary.naver.com/viewer/index.naver?articleId=1990031800239107012&editNo=1&printCount=1&publishDate=1990-03-18&officeId=00023&pageNo=7&printNo=21219&publishType=00010), POST https://newslibrary.naver.com/api/article/detail/json articleId=1990031800239107012, snapshot roster/sources/industry/ext88/newslib/nl_1990031800239107012.json (accessed 2026-09-26T13:00:04-0400). Quote: '林寅澤상공부차관과 張相鉉동자부차관등의 유임여부가 관심거리라고' ;; 매일경제 1990-03-19 p.1 '차관급 곧人事…일부內定 공정거래委長 李炯九 企劃院차관 李鎭卨 建設部차관 崔洙秉' (Naver News Library article 1990031900099201004, OCR text, page image https://newslibrary.naver.com/viewer/index.naver?articleId=1990031900099201004&editNo=1&printCount=1&publishDate=1990-03-19&officeId=00009&pageNo=1&printNo=7398&publishType=00020), POST https://newslibrary.naver.com/api/article/detail/json articleId=1990031900099201004, snapshot roster/sources/industry/ext88/newslib/nl_1990031900099201004.json (accessed 2026-09-26T13:00:12-0400). Quote: '상공부차관은 林寅澤차관이 동자부장관 물망에 올랐던만큼 자리이동이없을것으로 예상된다.' ;; 경향신문 1990-04-20 p.1 '靑瓦臺 南北교류대책 京元·京義線 복원키로' (Naver News Library article 1990042000329201001, OCR text, page image https://newslibrary.naver.com/viewer/index.naver?articleId=1990042000329201001&editNo=3&printCount=1&publishDate=1990-04-20&officeId=00032&pageNo=1&printNo=13712&publishType=00020), POST https://newslibrary.naver.com/api/article/detail/json articleId=1990042000329201001, snapshot roster/sources/industry/ext88/newslib/nl_1990042000329201001.json (accessed 2026-09-26T13:00:19-0400). Quote: '林寅澤상공부차관은 남북교역 활성화대책을각각 보고했다.' ;; 매일경제 1990-12-27 p.1 '총리에 盧在鳳씨' (Naver News Library article 1990122700099201001, OCR text, page image https://newslibrary.naver.com/viewer/index.naver?articleId=1990122700099201001&editNo=1&printCount=1&publishDate=1990-12-27&officeId=00009&pageNo=1&printNo=7670&publishType=00020), POST https://newslibrary.naver.com/api/article/detail/json articleId=1990122700099201001, snapshot roster/sources/industry/ext88/newslib/nl_1990122700099201001.json (accessed 2026-09-26T09:08:13-0400). Quote: '교통부장관에는 林寅澤상공부차관'",True,,roster_builder
H5543bf7e,P52959a37,장병완,,budget,"기획예산처 차관, 장관 직무대행 (장관 공석)",2006-07-04,2006-07-20,"incidental, not exhaustive","연합뉴스 2006-07-03 15:37:00 ""경제부총리 권오규, 교육부총리 김병준(종합)"" | https://n.news.naver.com/mnews/article/001/0001346568 | accessed 2026-09-24T22:51:25-0400 | snapshot roster/sources/budget/news/naver_001_0001346568.html (예산처는 후임 장관이 임명될 때까지 차관 대행체제로 운영) ;; 동아일보 2006-07-05 03:55:00 ""盧대통령 “속이 아프다”…개각비판 관련 심경 토로"" | https://n.news.naver.com/mnews/article/020/0000357283 | accessed 2026-09-25T13:10:35-0400 | snapshot roster/sources/budget/news/naver_020_0000357283.html (4일 국무회의에 장관 대행으로 참석) ;; 관보 제15919호 (published 2005-02-14), 인사 item toc_seq 00000000000000001319033801492000 | 장병완 기획예산처 차관 임명 ⊙2005년 2 월 7 일자 | viewer https://gwanbo.go.kr/ezpdf/customLayout.jsp?contentId=00000000000000001319033795184000&tocId=00000000000000001319033801492000&isTocOrder=N | PDF accessed 2026-09-24T22:52:44-0400 | snapshot roster/sources/budget/gazette/gazette_15919_20050214_00000000000000001319033801492000.pdf",,,roster_builder
H61c004fb,,장상윤,,education,"교육부 차관, 교육부장관 직무대행 (vacancy after 유은혜)",2022-05-10,2022-07-03,"incidental, not exhaustive","BigKinds 02100201.20220510163906001: 머니투데이 2022-05-10 ''부총리 부재' 교육부 이끌게 된 장상윤 차관 ""규제 과감히 풀어야""' [BigKinds search '장상윤 차관 직무대행' 2022-05-10..2022-07-05; snapshot roster/sources/education/news/bigkinds/bk_acting_2022a_9f4b3dfa0a.json; accessed 2026-09-25T13:11:11-0400] ;; kr-hearings-data v9 meeting 51916 (2022-05-17, 교육위원회, 상임위원회) [_rebuild/inputs/minister_role_meetings.csv or nominee_hearing_meetings.csv] ;; 교육부 역대 장·차관 소개 https://www.moe.go.kr/mnstrHistory.do: 차관 63대 장상윤 2022-05-10 ~ 2023-12-03 [snapshot roster/sources/education/official/moe_mnstrHistory.html; accessed 2026-09-24T22:44:04-0400]",,,roster_builder
H3b308863,,장상윤,,education,"교육부 차관, 교육부장관 직무대행 (vacancy after 박순애)",2022-08-09,2022-11-06,"incidental, not exhaustive","kr-hearings-data v9 meeting 52026 (2022-08-09, 교육위원회, 상임위원회) [_rebuild/inputs/minister_role_meetings.csv or nominee_hearing_meetings.csv] ;; kr-hearings-data v9 meeting 52219 (2022-10-04, 교육위원회, 국정감사) [_rebuild/inputs/minister_role_meetings.csv or nominee_hearing_meetings.csv] ;; kr-hearings-data v9 meeting 52302 (2022-10-21, 교육위원회, 국정감사) [_rebuild/inputs/minister_role_meetings.csv or nominee_hearing_meetings.csv] ;; BigKinds 01400801.20220809102029001: 금강일보 2022-08-09 ''공교육 믿음' 못 준 정부…국민들은 여전히 불안하다' [BigKinds search '박순애 사퇴' 2022-08-08..2022-08-09; snapshot roster/sources/education/news/bigkinds/bk_psa_end_be49f1850d.json; accessed 2026-09-25T13:16:18-0400]",,,roster_builder
H652ca7e8,,장석준,,health,보건복지부 차관 (no minister for one day),2001-03-22,2001-03-22,"incidental, not exhaustive","보건복지부 역대차관(제1차관) list https://www.mohw.go.kr/pastProfile.es?mid=a10606040000&menuType=4&searchType=&keyword=&pageNum=2 (builder snapshot roster/sources/health/mohw_pastvice1_p2.html, accessed 2026-09-25T13:13:19-0400): '25대 장석준 張錫準 보건복지부 재임기간 2000.08.11 ~ 2001.04.02' ;; BigKinds metadata: 문화일보 2001-03-22 ""金복지 ""통합의보 재분리안해"""" news_id 01100501.20010322000000107 (POST https://www.bigkinds.or.kr/api/news/search.do, query '최선정' 2001-03-20..2001-03-24, accessed 2026-09-25T14:03:50-0400; snapshot roster/sources/health/verify/bigkinds_b06_choi_sj_exit.json): '국제의원연맹(IPU) 한·영 의원회의 참석차 영국을 방문하던 도중 입각 통보를 받은 직후' ;; BigKinds metadata: 동아일보 2001-03-23 ""김대통령 ＂보험재정 해결 획기적 대책 마련하라＂"" news_id 01100401.20010323050046048 (POST https://www.bigkinds.or.kr/api/news/search.do, query '김원길 임명장' 2001-03-21..2001-03-24, accessed 2026-09-25T14:05:18-0400; snapshot roster/sources/health/verify/bigkinds_b21_2001_kwg_imm.json): '김대통령은 청와대에서 김원길(金元吉)신임 보건복지부장관에게 임명장을 수여하면서'",,"Added by the verifier. 최선정's resignation was accepted and his 이임식 held on 2001-03-21, and 김원길, named the same day while abroad (IPU meeting in the UK), received the 임명장 on 2001-03-23, the gazette date. The vice minister in office on 2001-03-22 was 장석준. No report naming him 장관 직무대행 was found, so the entry is inferred from the vice-minister list, like the builder's 문창진 and 이봉화 entries.",roster_builder
H3886f650,Pd10db61c,정재석,丁渽錫,epb,"부총리 겸 경제기획원장관, 국무총리 직무대행 (정부조직법 제22조 as amended by 법률 제4268호, first in the acting order)",1994-04-22,1994-04-29,"incidental, not exhaustive","중앙일보 1994-04-24 ""정 부총리 총리대행/내정자 국회동의때까지"" (BigKinds news_id 01100901.19940424215134001, full text: '서리로 임명하는 것이 관례나 김영삼대통령은 이미 국회가 개원돼있고 25일 국회 본회의가 열릴 예정으로 있어 이 총리내정자에게 서리임명을 별도로 하지 않았다.', https://www.bigkinds.or.kr/news/detailView.do?docId=01100901.19940424215134001&returnCnt=1&sectionDiv=1000, accessed 2026-09-26T09:53:11-0400; snapshot roster/sources/pm/ext88/bigkinds/art_01100901.19940424215134001.json) ;; 한겨레 1994-04-24 p.2 """"사회발전 5년후퇴""아쉬움"" (Naver News Library article 1994042400289102011, OCR text: '◇…이영덕 총리내정자는 총리 임명은 물론 총리서리로서도임명을 받지 않았기 때문에 정부조직법상 서열에 따라 정재석부총리가 총리 권한대행에 해당한다는 것이 총리실쪽의 해석이었다.', viewer https://newslibrary.naver.com/viewer/index.naver?articleId=1994042400289102011&editNo=6&printCount=1&publishDate=1994-04-24&officeId=00028&pageNo=2&printNo=1878&publishType=00010, accessed 2026-09-26T09:45:59-0400; snapshot roster/sources/pm/ext88/newslib/art_1994042400289102011.json) ;; 국민일보 1994-04-27 ""이영덕 총리인가 부총리인가/통일원에 출근 총리실 업무보고 받아"" (BigKinds news_id 01100201.19940427000000209, full text: '영덕총리내정자는 누구로부터도 「총리」라고 불려지지 않는다.형식적으로는 아직도 통일부총리이며,수석부총리인 정재석경제기획원장관이 총리권한대행이다.', https://www.bigkinds.or.kr/news/detailView.do?docId=01100201.19940427000000209&returnCnt=1&sectionDiv=1000, accessed 2026-09-26T09:53:19-0400; snapshot roster/sources/pm/ext88/bigkinds/art_01100201.19940427000000209.json) ;; 경향신문 1994-04-26 p.2 ""작별의 악수"" (Naver News Library article 1994042600329102005, OCR text: '작별의 악수 李會昌前총리가 25일 오후정부종합청사 대회의실에서이임식을 마친뒤 총리대행을 하고 있는 丁渽錫경제부총리와 인사를 나누고 있다.', viewer https://newslibrary.naver.com/viewer/index.naver?articleId=1994042600329102005&editNo=15&printCount=1&publishDate=1994-04-26&officeId=00032&pageNo=2&printNo=15067&publishType=00010, accessed 2026-09-26T09:53:20-0400; snapshot roster/sources/pm/ext88/newslib/art_1994042600329102005.json) ;; ko.wikipedia '대한민국 국무총리' (tier 4, secondary) row '직무대행 | 정재석(丁渽錫) | 1994년 4월 22일~1994년 4월 29일 | 전북 장수 | 서울대'; https://ko.wikipedia.org/w/index.php?oldid=42269464 (accessed 2026-09-24T22:42:58-0400; snapshot roster/sources/pm/ext88/wiki/wiki_ko_대한민국_국무총리.json) ;; [verifier] 부산일보 1994-04-26 ""李 前 총리 이임식 이모저모"" (BigKinds news_id 01500701.20160409054559115, full text: '따라서 현재는 국무총리 유고상태로 간주되는데 이때에는 국무위원 서열순위에 따라 丁渽? 부총리겸 경제기획원장관이 국무총리 직무를 대행하도록 돼 있다' (typed text, one character lost), https://www.bigkinds.or.kr/news/detailView.do?docId=01500701.20160409054559115&returnCnt=1&sectionDiv=1000, accessed 2026-09-26T13:33:50-0400; snapshot roster/sources/epb/ext88/verify/bk/bk_01500701.20160409054559115.json) ;; [verifier] 경향신문 1994-04-23 ""이회창총리 전격 사임/후임 이영덕씨 내정"" (BigKinds news_id 01100101.19940423000000101, full text: '『이국무총리가 오후 5시 김대통령에게 사표를제출했으며 김대통령은 이를 즉각 수리했다』고 말했다' (22일, start), https://www.bigkinds.or.kr/news/detailView.do?docId=01100101.19940423000000101&returnCnt=1&sectionDiv=1000, accessed 2026-09-26T13:19:40-0400; snapshot roster/sources/epb/ext88/verify/bk/bk_01100101.19940423000000101.json) ;; [verifier] 서울신문 1994-04-23 ""총리 문책 경질/후임에 이영덕부총리"" (BigKinds news_id 01100611.20160422105350045, full text: '『이회창총리는 오늘 하오5시 사표를 제출했으며 김대통령은 이를 즉각수리했다』고 덧붙였다' (start), https://www.bigkinds.or.kr/news/detailView.do?docId=01100611.20160422105350045&returnCnt=1&sectionDiv=1000, accessed 2026-09-26T09:52:53-0400; snapshot roster/sources/epb/ext88/verify/bk/bk_01100611.20160422105350045.json) ;; [verifier] 경향신문 1994-05-01 ""「개혁」 다지되 보다 유연하게/제3기내각 맞은 청와대 구상"" (BigKinds news_id 01100101.19940501000000301, full text: '김대통령은 이날 오전 8시30분 신임 이영덕총리에게 임명장을 수여한뒤' (30일, the acting period ends the day before), https://www.bigkinds.or.kr/news/detailView.do?docId=01100101.19940501000000301&returnCnt=1&sectionDiv=1000, accessed 2026-09-26T13:10:22-0400; snapshot roster/sources/epb/ext88/verify/bk/bk_01100101.19940501000000301.json) ;; [verifier] 서울신문 1994-05-01 ""총리실­통일원/“새시작” 다짐… 안정 되찾아"" (BigKinds news_id 01100611.20160422110934826, full text: '상오8시30분 김영삼대통령으로부터 임명장을 받고 총리실로 돌아온 이총리는' (end), https://www.bigkinds.or.kr/news/detailView.do?docId=01100611.20160422110934826&returnCnt=1&sectionDiv=1000, accessed 2026-09-26T13:11:04-0400; snapshot roster/sources/epb/ext88/verify/bk/bk_01100611.20160422110934826.json)",False,"From 이회창's resignation at 17:00 on 1994-04-22 until 이영덕 received his 임명장 on the morning of 1994-04-30. The press calls the role 총리 권한대행 or 총리대행. Added to this lineage by the verifier, since the main roster also lists the economic deputy PM's acting-PM periods in that minister's own lineage (finance.verified.json acting). Dates as in pm.ext88.json, re-verified with 경향신문 and 서울신문 (start) and 경향신문 and 서울신문 (end). 부산일보 1994-04-26 also reports that 정재석 chaired the 국무회의 of 04-25 as acting PM.",verifier
H1aa36ef6,Pd10db61c,정재석,丁渽錫,pm,"부총리 겸 경제기획원장관, 국무총리 직무대행 (정부조직법 제22조 as amended by 법률 제4268호, first in the acting order)",1994-04-22,1994-04-29,complete for PM vacancies and suspensions,"중앙일보 1994-04-24 ""정 부총리 총리대행/내정자 국회동의때까지"" (BigKinds news_id 01100901.19940424215134001, full text: '서리로 임명하는 것이 관례나 김영삼대통령은 이미 국회가 개원돼있고 25일 국회 본회의가 열릴 예정으로 있어 이 총리내정자에게 서리임명을 별도로 하지 않았다.', https://www.bigkinds.or.kr/news/detailView.do?docId=01100901.19940424215134001&returnCnt=1&sectionDiv=1000, accessed 2026-09-26T09:53:11-0400; snapshot roster/sources/pm/ext88/bigkinds/art_01100901.19940424215134001.json) ;; 한겨레 1994-04-24 p.2 """"사회발전 5년후퇴""아쉬움"" (Naver News Library article 1994042400289102011, OCR text: '◇…이영덕 총리내정자는 총리 임명은 물론 총리서리로서도임명을 받지 않았기 때문에 정부조직법상 서열에 따라 정재석부총리가 총리 권한대행에 해당한다는 것이 총리실쪽의 해석이었다.', viewer https://newslibrary.naver.com/viewer/index.naver?articleId=1994042400289102011&editNo=6&printCount=1&publishDate=1994-04-24&officeId=00028&pageNo=2&printNo=1878&publishType=00010, accessed 2026-09-26T09:45:59-0400; snapshot roster/sources/pm/ext88/newslib/art_1994042400289102011.json) ;; 국민일보 1994-04-27 ""이영덕 총리인가 부총리인가/통일원에 출근 총리실 업무보고 받아"" (BigKinds news_id 01100201.19940427000000209, full text: '영덕총리내정자는 누구로부터도 「총리」라고 불려지지 않는다.형식적으로는 아직도 통일부총리이며,수석부총리인 정재석경제기획원장관이 총리권한대행이다.', https://www.bigkinds.or.kr/news/detailView.do?docId=01100201.19940427000000209&returnCnt=1&sectionDiv=1000, accessed 2026-09-26T09:53:19-0400; snapshot roster/sources/pm/ext88/bigkinds/art_01100201.19940427000000209.json) ;; 경향신문 1994-04-26 p.2 ""작별의 악수"" (Naver News Library article 1994042600329102005, OCR text: '작별의 악수 李會昌前총리가 25일 오후정부종합청사 대회의실에서이임식을 마친뒤 총리대행을 하고 있는 丁渽錫경제부총리와 인사를 나누고 있다.', viewer https://newslibrary.naver.com/viewer/index.naver?articleId=1994042600329102005&editNo=15&printCount=1&publishDate=1994-04-26&officeId=00032&pageNo=2&printNo=15067&publishType=00010, accessed 2026-09-26T09:53:20-0400; snapshot roster/sources/pm/ext88/newslib/art_1994042600329102005.json) ;; ko.wikipedia '대한민국 국무총리' (tier 4, secondary) row '직무대행 | 정재석(丁渽錫) | 1994년 4월 22일~1994년 4월 29일 | 전북 장수 | 서울대'; https://ko.wikipedia.org/w/index.php?oldid=42269464 (accessed 2026-09-24T22:42:58-0400; snapshot roster/sources/pm/ext88/wiki/wiki_ko_대한민국_국무총리.json) ;; [verifier] 서울신문 1994-04-27 ""수장없는 내각… 일손 안잡힌다/총리 공석 1주일… 겉도는 국정"" (BigKinds news_id 01100611.20160422110020159, full text: '정재석경제부총리는 그저 국무회의를 대신 주재하는 정도의 대행역할을 하고 있다.', https://www.bigkinds.or.kr/news/detailView.do?docId=01100611.20160422110020159&returnCnt=1&sectionDiv=1000, accessed 2026-09-26T13:59:09-0400; snapshot roster/sources/pm/ext88_verify/bigkinds/art_01100611.20160422110020159.json)",False,From 이회창's resignation at 17:00 on 1994-04-22 until 이영덕 received his 임명장 on the morning of 1994-04-30. The press calls the role 총리 권한대행 or 총리대행.,roster_builder
H357549c6,,정창섭,,interior,"행정안전부 제1차관, 장관 직무대행 (exercised the minister's authority during the vacancy)",2009-02-13,2009-02-19,"incidental, not exhaustive","BigKinds news metadata: MBC 2009-02-16 '경찰위원회, 강희락 청장 내정자 임명 동의' (news_id 08100201.20090216150000281); search '정창섭 차관' 2009-02-12..2009-02-21, result list snapshot roster/sources/interior/verify/bigkinds/bk_A09_정창섭_차관_2009-02-12_2009-02-21.json (accessed 2026-09-25T22:02:04-0400) (""행정 안전부 정창섭 1차관이 행정 안전부 장관 명의로 청와대에 강 내정자를 임명하도록 제청하고"") [verifier] ;; BigKinds news metadata: 세계일보 2009-02-17 '강희락 경찰청장 임명 제청' (news_id 01100701.20090217100000725); search '정창섭 차관' 2009-02-12..2009-02-21, result list snapshot roster/sources/interior/verify/bigkinds/bk_A09_정창섭_차관_2009-02-12_2009-02-21.json (accessed 2026-09-25T22:02:04-0400) (""행정안전부 정창섭 1차관이 행안부장관 명의로 청와대에 강 내정자의 임명을 제청하고"") [verifier] ;; BigKinds news metadata: 노컷뉴스 2009-02-16 ''다음은 누구?'' (news_id 04100058.20090216110017001); search '정창섭 차관' 2009-02-12..2009-02-21, result list snapshot roster/sources/interior/verify/bigkinds/bk_A09_정창섭_차관_2009-02-12_2009-02-21.json (accessed 2026-09-25T22:02:04-0400) (""한승수 국무총리, 유명환 외교통상부 장관, 정창섭 행정안전부 제1차관, 현인택 통일부 장관이 굳은 표정으로 국무위원석에 자리하고 있다"") [verifier] ;; 관보 제16926호 (2009-01-28) re-read by the verifier: ""정 창 섭(鄭 昌 燮) 행정안전부 제1차관에 임함""; viewer https://gwanbo.go.kr/ezpdf/customLayout.jsp?contentId=00000000000000001319105985056000&tocId=00000000000000001319106004991000&isTocOrder=N; text harvest/gazette_text/20090128_16926_00000000000000001319106004991000.txt (fetched 2026-09-25T06:50:22-0400) [verifier] (under the section header ⊙2009년 1월 20일자 per verify/gazette_vice_ministers.json)",,"Dates are the vacancy bounds (원세훈 left 2009-02-12, 이달곤 appointed 2009-02-20). The sources show him acting on 2009-02-13 and 02-16.",roster_builder
H47d02b71,,정창섭,,interior,"행정안전부 제1차관, 장관 직무대행",2010-03-06,2010-04-14,"incidental, not exhaustive","서울신문 2010-03-23 03:42:01 '새달 20개기관 시간제근무 시범실시' https://n.news.naver.com/mnews/article/081/0002069787 (accessed 2026-09-25T13:20:03-0400), snapshot roster/sources/interior/news/naver_081_0002069787.html ;; inputs/minister_role_meetings.csv speaker '행정안전부장관직무대행 정창섭', 행정안전위원회 meeting 39437 (2010-04-14)",,Dates are the vacancy bounds. The sources confirm him as acting on 2010-03-23 and 2010-04-14.,roster_builder
Hbe451709,Pec525413,조규홍,,health,보건복지부 제1차관 장관 직무대행,2022-05-26,2022-10-04,"incidental, not exhaustive","연합뉴스 2022-09-01 15:33:10 ""국민연금공단 이사장에 금융전문가 김태현 임명…공석 4개월여만(종합2보)"" https://n.news.naver.com/mnews/article/001/0013413363 (original https://www.yna.co.kr/view/AKR20220901087352530?input=1195m; accessed 2026-09-24T22:57:48-0400; snapshot roster/sources/health/news_001_0013413363.html) ;; 매일경제 2022-09-01 00:07:01 ""[기자24시] 복지부장관 공석 100일째"" https://n.news.naver.com/mnews/article/009/0005011854 (original http://news.mk.co.kr/newsRead.php?no=772928&year=2022; accessed 2026-09-24T22:57:47-0400; snapshot roster/sources/health/news_009_0005011854.html) ;; BigKinds metadata: 아시아경제 2022-09-07 ""尹대통령, 보건복지부 장관 후보에 조규홍 1차관 지명"" news_id 02100801.20220907160125001 (POST https://www.bigkinds.or.kr/api/news/search.do, query '조규홍 보건복지부 장관 후보자' 2022-09-02..2022-09-08, accessed 2026-09-25T13:17:53-0400; snapshot roster/sources/health/bigkinds_nom_cho2_oldest.json) ;; 보건복지부 역대차관(제1차관) list https://www.mohw.go.kr/pastProfile.es?mid=a10606040000&menuType=4&searchType=&keyword=&pageNum=1 (accessed 2026-09-25T13:13:16-0400): 42대 조규홍 曺圭鴻 보건복지부 2022-05-10 ~ 2022-10-04; snapshot roster/sources/health/mohw_pastvice1_p*.html ;; kr-hearings-data v9 inputs/minister_role_meetings.csv (valid hearing types only): role minister_acting, 조규홍, 보건복지부, 1 meeting 2022-08-30",,,roster_builder
Hf97d8c55,P2bb77d23,최경환,,finance,"부총리 겸 기획재정부장관, 국무총리 직무대행",2015-04-27,2015-06-17,"incidental, not exhaustive","BigKinds: YTN 2015-04-28 ""'총리 대행' 최경환 부총리, 공직기강 강조"" (news_id 08100401.20150428113537001), result snapshot sources/finance/news/bigkinds_2015-04-26_2015-04-29_f7c48508.json, accessed 2026-09-25T13:34:13-0400 ;; BigKinds: 노컷뉴스 2015-06-18 ""황 총리, 취임도 전에 '메르스' 행보…무기한 비상근무"" (news_id 04100058.20150618164811013), result snapshot sources/finance/news/bigkinds_2015-04-20_2015-06-20_f5b818e9.json, accessed 2026-09-25T13:32:48-0400 ;; 의안정보시스템 1915276 국무총리(황교안) 임명동의안(대통령), https://likms.assembly.go.kr/bill/bi/billDetailPage.do?billId=PRC_Z1G5G0E5B2J6R1H7Y5M4Z0D0W3R9R8 (rendered text sources/finance/likms/PRC_Z1G5G0E5B2J6R1H7Y5M4Z0D0W3R9R8.txt, accessed 2026-09-24T22:50:46-0400)",,Reports of 2015-04-26/27 expected 이완구's resignation to be accepted on the 27th or 28th and YTN of 2015-04-28 already calls 최경환 '총리 대행'. The exact acceptance date was not confirmed here (the PM lineage uses 2015-04-27). 황교안's consent passed 2015-06-18 and he took office that day.,roster_builder
H5c770c41,P2bb77d23,최경환,,pm,"부총리 겸 기획재정부장관, 국무총리 직무대행",2015-04-27,2015-06-17,complete for PM vacancies and suspensions,"연합뉴스 2015-04-27 17:28:56 '朴대통령, 귀국 당일 이총리 사표 전격 수리(종합)': 새 총리 취임까지 '최경환 총리대행체제'; https://n.news.naver.com/mnews/article/001/0007556828 (accessed 2026-09-25T07:09:03-0400; snapshot roster/sources/pm/news/naver_001_0007556828.html) ;; ko.wikipedia '대한민국 국무총리' (tier 4): 직무대행 rows in the 역대 국무총리 tables; https://ko.wikipedia.org/w/index.php?oldid=42269464 (accessed 2026-09-24T22:42:58-0400; snapshot roster/sources/pm/wiki_ko_대한민국_국무총리.json)",,,roster_builder
H0b80b343,Pf3370437,최상목,,finance,"부총리 겸 기획재정부장관, 대통령 권한대행 and 국무총리 직무대행 (while remaining minister)",2024-12-27,2025-03-24,"incidental, not exhaustive","offices.json presidential_transitions.acting_presidents (최상목 2024-12-27 17:19 .. 2025-03-24, sources YNA_20241227, MBC_20241227, CC_2024HN9, KHAN_20250324)",,Began when the impeachment resolution against acting president 한덕수 was delivered (2024-12-27 17:19). Ended when the 헌법재판소 dismissed the PM impeachment (2024헌나9) on 2025-03-24.,roster_builder
H52ff1114,Pf3370437,최상목,,pm,"부총리 겸 기획재정부장관, 대통령 권한대행 and 국무총리 직무대행 while PM 한덕수 was suspended",2024-12-27,2025-03-24,complete for PM vacancies and suspensions,"연합뉴스 2024-12-27 18:13 '한총리 직무정지·최상목 대행체제(종합)' (오후 5시 19분 직무정지) (Naver copy): 한총리 직무정지·최상목 대행체제; https://n.news.naver.com/mnews/article/001/0015129344 (accessed 2026-09-25T06:43:12-0400; snapshot _rebuild/inventory_sources/web/news/naver_yna_20241227_han_suspended_choi_acting.html, copy roster/sources/pm/offices_refs/naver_yna_20241227_han_suspended_choi_acting.html) [via offices.json] ;; MBC 2024-12-27 '한덕수 국무총리 탄핵소추안 가결‥최상목이 대통령 권한대행'; https://imnews.imbc.com/news/2024/politics/article/6671379_36431.html (accessed 2026-09-25T06:52:05-0400; snapshot _rebuild/inventory_sources/web/news/mbc_20241227_han_impeached_choi_acting.html, copy roster/sources/pm/offices_refs/mbc_20241227_han_impeached_choi_acting.html) [via offices.json] ;; 경향신문 2025-03-24 '헌재, 한덕수 국무총리 탄핵 기각…87일 만에 직무복귀'; https://www.khan.co.kr/article/202503241002001 (accessed 2026-09-25T06:52:06-0400; snapshot _rebuild/inventory_sources/web/news/khan_20250324_han_reinstated.html, copy roster/sources/pm/offices_refs/khan_20250324_han_reinstated.html) [via offices.json] ;; ko.wikipedia '대한민국 국무총리' (tier 4): 직무대행 rows in the 역대 국무총리 tables; https://ko.wikipedia.org/w/index.php?oldid=42269464 (accessed 2026-09-24T22:42:58-0400; snapshot roster/sources/pm/wiki_ko_대한민국_국무총리.json)",,,roster_builder
H222fb547,P9f28fe45,최선정,,health,보건복지부 차관 (장관 직무대행 체제),1998-04-29,1998-04-30,"incidental, not exhaustive","보건복지부 역대차관(제1차관) list https://www.mohw.go.kr/pastProfile.es?mid=a10606040000&menuType=4&searchType=&keyword=&pageNum=3 (accessed 2026-09-25T13:13:21-0400): 23대 최선정 崔善政 보건복지부 1998-03-09 ~ 1999-05-25; snapshot roster/sources/health/mohw_pastvice1_p*.html ;; BigKinds metadata: 세계일보 1998-04-28 ""朱 복지장관 경질/투기의혹 문책/당분간 차관대행 체제로"" news_id 01100701.19980428000000103 (POST https://www.bigkinds.or.kr/api/news/search.do, query '주양자 사표' 1998-04-25..1998-05-02, accessed 2026-09-25T13:01:17-0400; snapshot roster/sources/health/bigkinds_1998_ju_exit.json)",,세계일보 1998-04-28 reported '당분간 차관대행 체제로'. The vice minister in office was 최선정 (MOHW vice list).,roster_builder
Hb32dcded,,최수규,,sme,중소벤처기업부 차관 장관 직무대행 (no minister since the ministry's creation),2017-07-27,2017-11-21,"incidental, not exhaustive","관보 제19067호 (2017-08-07) 인사발령(인사혁신처), text harvest/gazette_text/20170807_19067_00000000000000001501739464273000.txt; item PDF snapshot roster/sources/sme/gazette/gz_20170807_19067_00000000000000001501739464273000.pdf (accessed 2026-09-24T22:58:43-0400): 최수규(崔壽圭) 중소벤처기업부 차관에 임함 (letter-spaced in the text) 2017.7.27. ;; 뉴시스 2017-07-26 17:38 https://n.news.naver.com/mnews/article/003/0008090079 (accessed 2026-09-25T13:48:21-0400, snapshot roster/sources/sme/news/naver_003_0008090079.html): ""정부는 26일 중소벤처기업부 차관에 최수규 중소기업중앙회 상근부회장을 임명했다"" ;; inputs/minister_role_meetings.csv: 10 minister_acting rows for 최수규 (중소벤처기업부, 상임위원회 and 국정감사) dated 2017-08-22..2017-11-20 ;; [verifier] 프레시안 and 매일신문 2017-11-21 via BigKinds (see verification changes): 홍종학 appointed on the morning of 2017-11-21.",,,roster_builder
H4a8c5050,,최승부,崔勝夫,labor,"노동부 차관, the sitting 차관 on the one vacant day between 이형구 (resignation accepted on the afternoon of 1995-05-23) and 진념 (임명장 1995-05-25). 정부조직법 법률 제4831호 (1994-12-23) 제6조② provides that the 차관 acts for the head of the agency when the head has a 사고. No source naming him 장관 직무대행 was found, so the record is inferred.",1995-05-24,1995-05-24,"incidental, not exhaustive","동아일보 1995-05-25 p.5 ""노동부직원들""침통한 이임식"""" (Naver News Library article 1995052500209105008, OCR text: '노동부는 24일 오전8시50분 과천 정부종합청사 노동부대회의실에서 崔勝夫차관등 직원 2백50여명이 참석한 가운데 침통한 분위기속에 李전장관이임식을 거행', viewer https://newslibrary.naver.com/viewer/index.naver?articleId=1995052500209105008&editNo=45&printCount=1&publishDate=1995-05-25&officeId=00020&pageNo=5&printNo=22863&publishType=00010, accessed 2026-09-26T13:03:23-0400; snapshot roster/sources/labor/ext88/news/nl/nl_1995052500209105008.json) [farewell ceremony held the morning after the resignation was accepted, as former minister] ;; 세계일보 1995-05-24 ""분규정국에 악영향 우려/장관 사표제출 노동부 표정"" (BigKinds news_id 01100701.19950524000003003, full text via https://www.bigkinds.or.kr/news/detailView.do?docId=01100701.19950524000003003&returnCnt=1&sectionDiv=1000, quote: '국무회의에는 최차관을 대신 참석토록 하고', accessed 2026-09-26T12:57:52-0400; snapshot roster/sources/labor/ext88/news/bk/bk_01100701.19950524000003003.json) [1995-05-23, the day of the resignation] ;; 서울신문 1995-05-31 ""공공부문 노사교섭지침 마련/지원협가동… 분규 적극 대처"" (BigKinds news_id 01100611.20160423033856976, full text via https://www.bigkinds.or.kr/news/detailView.do?docId=01100611.20160423033856976&returnCnt=1&sectionDiv=1000, quote: '(위원장 최승부 노동부차관)', accessed 2026-09-26T12:58:14-0400; snapshot roster/sources/labor/ext88/news/bk/bk_01100611.20160423033856976.json) [still 차관 on 1995-05-31] ;; 국민일보 1995-05-24 ""새 노동장관에 진념씨/“노사안정 위해 중량급 발탁”"" (BigKinds news_id 01100201.19950524000000103, full text via https://www.bigkinds.or.kr/news/detailView.do?docId=01100201.19950524000000103&returnCnt=1&sectionDiv=1000, quote: '이 총리에게 노동행정의 공백이 없도록 하라고 지시했다', accessed 2026-09-26T10:10:29-0400; snapshot roster/sources/labor/ext88/news/bk/bk_01100201.19950524000000103.json) ;; 정부조직법 법률 제4831호 (1994-12-23 공포·시행) 제6조② '차관 또는 차장은 그 기관의 장을 보좌하여 소관사무를 처리하고 소속공무원을 지휘ㆍ감독하며, 그 기관의 장이 사고가 있을 때에는 그 직무를 대행한다.' https://www.law.go.kr/DRF/lawService.do?OC=test&target=eflaw&type=JSON&MST=5923&efYd=19941223 (accessed 2026-09-24T22:44:17-0400; snapshot inventory_sources/1988/law_go_kr/govorg/text_19941223_5923.json, text copy text_19941223_5923.txt line 31)",True,,roster_builder
Hf888129d,,최은옥,,education,"교육부 차관, 장관 직무대행 (vacancy after 이주호)",2025-07-30,2025-09-11,"incidental, not exhaustive","관보 제21043호 (2025-07-25) 인사발령: 최은옥(崔銀玉) 교육부 차관에 임함 2025. 7. 14.; viewer https://gwanbo.go.kr/ezpdf/customLayout.jsp?contentId=I0000000000000001753255535402000&tocId=I0000000000000001753058642620000&isTocOrder=N; corpus harvest/gazette_text/20250725_21043_I0000000000000001753058642620000.txt; PDF snapshot roster/sources/education/gazette/gazette_21043_I0000000000000001753058642620000.pdf (accessed 2026-09-24T22:59:51-0400) ;; BigKinds 04100058.20250720214812001: 노컷뉴스 2025-07-20 '교육부, 이진숙 지명 철회에 '당혹감'…의대생 복귀 등 현안 산적' [BigKinds search '교육부 차관 임명' 2025-07-10..2025-07-20; snapshot roster/sources/education/news/bigkinds/bk_vm_2025_b8faa04541.json; accessed 2026-09-25T13:31:16-0400]",,,roster_builder
H8643c79c,P52ec9275,최인기,崔仁基,interior,"내무부차관, named in the 차관급 인사 of the afternoon of 1991-02-18 and still 차관 on 1991-03-12 and 1991-04-30, so the sitting 차관 during the one-day vacancy between 안응모's 사표 수리 (evening of 1991-04-27) and 이상연's 임명장 (1991-04-29). The record is inferred, since no source naming him 장관 직무대행 was found.",1991-04-28,1991-04-28,"incidental, not exhaustive","매일경제 1991-02-19 p.1 ""水西(수서)문책 부분改閣(개각)부총리(기획원)에 崔珏圭(최각규)씨"" (Naver News Library article 1991021900099201004, OCR text: '盧대통령은 또 일부장관경질에 따른 차관급 후속인사도 단행,기획원차관에陳稔재무차관,내무차관에崔仁基전남지사', viewer https://newslibrary.naver.com/viewer/index.naver?articleId=1991021900099201004&editNo=1&printCount=1&publishDate=1991-02-19&officeId=00009&pageNo=1&printNo=7720&publishType=00020, accessed 2026-09-26T12:50:03-0400; snapshot roster/sources/interior/ext88/vice1991/nl_1991021900099201004.json) ;; 조선일보 1991-02-19 p.1 ""부총리 (기획원) 에 崔珏圭(최각규)씨"" (Naver News Library article 1991021900239101002, OCR text: '정부는 이날 개각과 함께실시된 차관급 인사에서 경제기획원차관에 陳稔재무부차관,내무부차관에 崔仁基전남지사', viewer https://newslibrary.naver.com/viewer/index.naver?articleId=1991021900239101002&editNo=1&printCount=1&publishDate=1991-02-19&officeId=00023&pageNo=1&printNo=21549&publishType=00010, accessed 2026-09-26T12:50:01-0400; snapshot roster/sources/interior/ext88/vice1991/nl_1991021900239101002.json) ;; 중부매일 1991-02-19 ""次官級 후속인사"" (BigKinds news_id 01400401.19910219172143104, full text: '내무차관에 崔仁基 전남지사, 재무차관에 李秀烋 관세청장, 건설차관에 李相龍 전 강원지사, 관세청장에 金基仁 관세청차장, 서울시부시장에 白相承 서울시 상수도사업본부장, 全南지사에 白亨祚 경찰대학장을 각각 임명·발령했다.', accessed 2026-09-26T12:50:09-0400; snapshot roster/sources/interior/ext88/vice1991/bk_01400401.19910219172143104.json) ;; 중앙일보 1991-03-12 ""사회·교양"" (BigKinds news_id 01100901.19910312012024001, full text: '정세욱 명지대 교수·김해동 서울대교수·최인기 내무부차관', accessed 2026-09-26T12:50:19-0400; snapshot roster/sources/interior/ext88/vice1991/bk_01100901.19910312012024001.json) ;; 조선일보 1991-05-01 p.1 ""◇姜慶大(강경대)군 사건이 연일 추궁된 30일오후의 국..."" (Naver News Library article 1991050100239101010, OCR text: '30일오후의 국회內務委 開議직전 미리 회의장에출석해있던 李相淵내무장관이 崔仁基차관 (왼쪽)과 함께', viewer https://newslibrary.naver.com/viewer/index.naver?articleId=1991050100239101010&editNo=1&printCount=1&publishDate=1991-05-01&officeId=00023&pageNo=1&printNo=21619&publishType=00010, accessed 2026-09-26T12:50:06-0400; snapshot roster/sources/interior/ext88/vice1991/nl_1991050100239101010.json) ;; [verifier] 전북일보 1991-05-01 '""기만적 政府대응이 朴양 焚身도 초래?' (BigKinds news_id 01601101.19910501150517113, text via https://www.bigkinds.or.kr/news/detailView.do?docId=01601101.19910501150517113&returnCnt=1&sectionDiv=1000, accessed 2026-09-26T21:26:17-0400, snapshot roster/sources/interior/ext88_verify/articles/bk_01601101.19910501150517113.json) [quote: '◇이상연 내무장관(가운데)과 최인기 내무차관(왼쪽) 이종국 치안본부장이 30일 하오'] [summary: 최인기 was 내무차관 on 30 Apr 1991, two days after the vacancy] ;; [verifier] 서울신문 1993-02-27 '철저한 보안 “TV보고서야 알았다”/조각 발표날 각부처·정가 표정' (BigKinds news_id 01100611.20160421220544125, text via https://www.bigkinds.or.kr/news/detailView.do?docId=01100611.20160421220544125&returnCnt=1&sectionDiv=1000, accessed 2026-09-26T09:53:05-0400, snapshot roster/sources/interior/ext88_verify/articles/bk_01100611.20160421220544125.json) [quote: '최인기차관이 새내각팀에 포함되지 않은 것이 못내 아쉬운 표정'] [summary: 최인기 still 내무차관 in Feb 1993]",True,,roster_builder
H7475a0a9,Pd9b55d41,추경호,,finance,"부총리 겸 기획재정부장관, 국무총리 직무대행",2022-05-12,2022-05-20,"incidental, not exhaustive","BigKinds: 경향신문 2022-05-12 ""김부겸 국무총리 오늘 퇴임, 추경호 부총리가 직무대행···‘장관 임명’ 강행하나?"" (news_id 01100101.20220512074952001), result snapshot sources/finance/news/bigkinds_2022-05-10_2022-05-23_7d916cf8.json, accessed 2026-09-25T13:33:49-0400 ;; BigKinds: 아시아투데이 2022-05-20 ""[포토] 답변하는 추경호 총리 직무대행"" (news_id 01100751.20220520104933003), result snapshot sources/finance/news/bigkinds_2022-05-10_2022-05-23_7d916cf8.json, accessed 2026-09-25T13:33:49-0400 ;; 의안정보시스템 2115540 국무총리(한덕수) 임명동의안(대통령), https://likms.assembly.go.kr/bill/bi/billDetailPage.do?billId=PRC_U2Y2R0R5F1T0F1A9B0P9Y1L9A6L4C2 (rendered text sources/finance/likms/PRC_U2Y2R0R5F1T0F1A9B0P9Y1L9A6L4C2.txt, accessed 2026-09-24T22:51:40-0400)",,김부겸 left on 2022-05-12. The 한덕수 consent motion passed on 2022-05-20 (likms). The PM appointment date belongs to the PM lineage.,roster_builder
Hd2973ae7,Pd9b55d41,추경호,,pm,"부총리 겸 기획재정부장관, 국무총리 직무대행",2022-05-12,2022-05-20,complete for PM vacancies and suspensions,"BigKinds metadata: 한국일보 2022-05-12 '당분간 '추경호 총리대행' 체제… 각료 제청·국무회의 주재한다' news_id 01101101.20220512182126001: 김부겸 총리가 12일 0시를 기해 임기를 마치면서 당분간 추경호 ... 총리 직무를 대행 (search '추경호 총리 직무대행' 2022-05-11..2022-05-13, accessed 2026-09-25T13:30:44-0400; snapshot roster/sources/pm/bigkinds/bigkinds_chk22a.json) ;; 연합뉴스 2022-05-11 20:38:10 ''첫 국무회의' 3명을 더 확보하라…尹대통령, 임명 강행하나': 김부겸 국무총리도 이날 밤 12시를 기해 사임; https://n.news.naver.com/mnews/article/001/0013172584 (accessed 2026-09-25T07:09:33-0400; snapshot roster/sources/pm/news/naver_001_0013172584.html) ;; ko.wikipedia '대한민국 국무총리' (tier 4): 직무대행 rows in the 역대 국무총리 tables; https://ko.wikipedia.org/w/index.php?oldid=42269464 (accessed 2026-09-24T22:42:58-0400; snapshot roster/sources/pm/wiki_ko_대한민국_국무총리.json)",,,roster_builder
Had9f0d19,P56eccc43,한덕수,,finance,"부총리 겸 재정경제부장관, 국무총리 직무대행",2006-03-16,2006-04-19,"incidental, not exhaustive","BigKinds: 세계일보 2006-03-16 ""한덕수 직대체제 어떻게"" (news_id 01100701.20060316100002029), result snapshot sources/finance/news/bigkinds_2006-03-15_2006-03-16_dd3f17ec.json, accessed 2026-09-25T13:29:28-0400 ;; BigKinds: 서울경제 2006-04-19 ""한덕수 부총리, 다시 경제에 전념"" (news_id 02100311.20160317233646911), result snapshot sources/finance/news/bigkinds_2006-03-14_2006-04-20_0c980ad7.json, accessed 2026-09-25T13:26:03-0400 ;; BigKinds: 국제신문 2006-04-21 ""한 총리 ＂지친이들 감싸는 민생총리 되겠다＂"" (news_id 01500401.20060421141303001), result snapshot sources/finance/news/bigkinds_2006-04-19_2006-04-21_585b3509.json, accessed 2026-09-25T13:28:33-0400 ;; [verifier] Naver News: 연합뉴스 2006-03-16 16:15:00 ""<한 총리대행 ""국정 차질없도록 할 것"">"" https://n.news.naver.com/mnews/article/001/0001246918 (snapshot roster/sources/finance/verify/naver_001_0001246918.html, accessed 2026-09-25T21:50:35-0400): ""부 중앙청사로 출근, 기자들의 각오를 묻는 질문에 이 같이 답하고, 총리 집무실이 아닌 평소 중앙청사 회의때 사용해왔던 부총리 별도 집무실에서 직무대행으로서 첫날 업무를 시작했다.""",,"이해찬's resignation was accepted on 2006-03-15. A 2006-04-19 report says the acting period ran 'from the 16th of last month', so the start may be 2006-03-16 (the PM lineage uses 03-16). 한명숙 received the 임명장 on 2006-04-20. [verifier] from corrected to 2006-03-16 (first day of acting duty per 연합뉴스 2006-03-16).",roster_builder
Hc11b4406,P56eccc43,한덕수,,pm,"부총리 겸 재정경제부장관, 국무총리 직무대행",2006-03-16,2006-04-19,complete for PM vacancies and suspensions,"BigKinds metadata: 서울신문 2006-03-17 '총리대행은 ‘반쪽’?' news_id 01100611.20160421070817238: 한덕수 부총리 겸 재정경제부 장관이 16일 '국무총리 직무대행' (search '한덕수 총리 직무대행' 2006-03-15..2006-03-17, accessed 2026-09-25T13:30:36-0400; snapshot roster/sources/pm/bigkinds/bigkinds_hds06a.json) ;; BigKinds metadata: 경향신문 2006-03-17 '韓총리대행 세종로.과천 '두집 살림', 헌정사상 4번째...최소한의 권한행사 그칠듯' news_id 01100101.20060317100008860: 16일 ... 국무총리 직무대행으로서 업무를 시작 (search '한덕수 총리 직무대행' 2006-03-15..2006-03-17, accessed 2026-09-25T13:30:36-0400; snapshot roster/sources/pm/bigkinds/bigkinds_hds06a.json) ;; ko.wikipedia '대한민국 국무총리' (tier 4): 직무대행 rows in the 역대 국무총리 tables; https://ko.wikipedia.org/w/index.php?oldid=42269464 (accessed 2026-09-24T22:42:58-0400; snapshot roster/sources/pm/wiki_ko_대한민국_국무총리.json)",,,roster_builder
H5bb10577,,한창섭,,interior,"행정안전부 차관, 장관 직무대행 during the minister's impeachment suspension",2023-02-08,2023-07-25,"incidental, not exhaustive","BigKinds news metadata: 아시아투데이 2023-02-08 '사상 첫 국무위원 탄핵 '정국 급랭'…국힘 ""반헌법적 폭거, 의회주의 파괴""' (news_id 01100751.20230208170743001); search '이상민 탄핵소추 의결서 권한 정지' 2023-02-08..2023-02-10, result list snapshot roster/sources/interior/news/bigkinds_E38c_이상민_탄핵소추_의결서_권한_정지_2023-02-08_2023-02-10.json (accessed 2026-09-25T13:08:28-0400) ;; inputs/minister_role_meetings.csv speaker '행정안전부장관직무대행 한창섭', 행정안전위원회 meetings 52708..53029 (2023-02-16..06-22)",,,roster_builder
Hd81e98e0,P094730bb,홍남기,,finance,"부총리 겸 기획재정부장관, 국무총리 직무대행",2021-04-17,2021-05-13,"incidental, not exhaustive","BigKinds: 강원도민일보 2021-04-16 ""홍남기(춘천) 경제부총리 17일부터 총리 직무대행"" (news_id 01300101.20210416163951001), result snapshot sources/finance/news/bigkinds_2021-04-15_2021-04-18_935d99ea.json, accessed 2026-09-25T13:49:34-0400 ;; BigKinds: SBS 2021-05-15 ""김부겸 총리 업무 시작…""부동산 정책, 더 실망 않도록"""" (news_id 08100301.20210515073036001), result snapshot sources/finance/news/bigkinds_2021-05-13_2021-05-15_4f755f0d.json, accessed 2026-09-25T13:50:24-0400 ;; [verifier] Naver News: 이데일리 2021-04-16 16:19:40 ""文대통령, 정세균·변창흠 사표 수리…홍남기·윤성원 대행"" https://n.news.naver.com/mnews/article/018/0004903835 (snapshot roster/sources/finance/verify/naver_018_0004903835.html, accessed 2026-09-25T21:49:54-0400): ""발령일자는 내일인데, 아마 내일부터 직무대행체제로 들어간다”고 설명했다.""",,"강원도민일보 of 2021-04-16 says the acting role starts on the 17th, after 정세균's resignation. 김부겸 received the 임명장 on 2021-05-14. The PM lineage partial gives 2021-04-16 as the start. [verifier] 이데일리 2021-04-16 quotes the government saying the 발령일자 is the next day and the acting arrangement starts then, which supports 04-17. The PM lineage ends 정세균 on 2021-04-16 and starts the acting period on 04-16, a cross-lineage difference of one day left for the PM lineage to resolve.",roster_builder
Hecbc47a6,P094730bb,홍남기,,pm,"부총리 겸 기획재정부장관, 국무총리 직무대행",2021-04-16,2021-05-13,complete for PM vacancies and suspensions,뉴스1 2021-04-16 15:02:41 '정세균·변창흠 '사표 수리'…당분간 홍남기·윤성원 대행(종합2보)': 김 후보자가 ... 임명되기 전까지 홍남기 부총리 겸 기획재정부 장관이 국무총리 직무대행; https://n.news.naver.com/mnews/article/421/0005293943 (accessed 2026-09-25T07:09:23-0400; snapshot roster/sources/pm/news/naver_421_0005293943.html) ;; 이데일리 2021-04-17 10:00:15 '총리 직무대행 홍남기…방역·경제 두 마리 토끼 잡을까': 홍남기 경제부총리 겸 기획재정부 장관이 총리 직무 대행; https://n.news.naver.com/mnews/article/018/0004904297 (accessed 2026-09-25T07:09:25-0400; snapshot roster/sources/pm/news/naver_018_0004904297.html) ;; ko.wikipedia '대한민국 국무총리' (tier 4): 직무대행 rows in the 역대 국무총리 tables; https://ko.wikipedia.org/w/index.php?oldid=42269464 (accessed 2026-09-24T22:42:58-0400; snapshot roster/sources/pm/wiki_ko_대한민국_국무총리.json),,,roster_builder
Hbfdf6352,,홍양호,,unification,"통일부 차관, 장관 직무대행 (차관 대행체제)",2008-03-01,2008-03-10,"incidental, not exhaustive","파이낸셜뉴스 2008-02-29 18:51 ""기획재정부 차관 최중경·배국환씨"" (2008-02-29 통일부 차관에 홍양호); https://n.news.naver.com/mnews/article/014/0001948307; snapshot sources/unification/news/naver_014_0001948307.html; accessed 2026-09-24T22:54:12-0400 ;; 한겨레 2008-03-02 23:29 ""이명박 정부 4개부처 장관없이 ‘기형적 출범’"" (통일부 ... 차관 대행체제); https://n.news.naver.com/mnews/article/028/0001941805; snapshot sources/unification/news/naver_028_0001941805.html; accessed 2026-09-24T22:53:02-0400 ;; 뉴시스 2008-03-02 17:51 ""통일부, 새 단장으로 분주"" (지난달 임명된 홍양호 차관을 중심으로); https://n.news.naver.com/mnews/article/003/0001985718; snapshot sources/unification/news/naver_003_0001985718.html; accessed 2026-09-24T22:54:04-0400 ;; note: 홍양호 was appointed vice minister on 2008-02-29, the day 이재정 left. Before that, 이관세 차관 handled business while 이재정 was still minister.",,,roster_builder
