alias_string,canonical_ministry,lineage,valid_from,valid_to,alias_type,note,source,person_id,spell_id
農林部次官,농림부,agriculture,1998-02-25,2008-02-28,title_form,"Hanja form of 농림부차관. Vice minister title. Not a cabinet office, kr-hearings should not link it to spells.","kr-hearings-data v10 ministry_name_variants.csv (role vice_minister, 1464 turns, 2000-07-07..2003-12-30, terms 16, sources xml); offices.json OF016 (법률 제5153호; sources GOA_5153, GOA_5529, GOA_8852)",,
農林部長官,농림부,agriculture,1998-02-25,2008-02-28,hanja,Hanja form of 농림부장관.,"kr-hearings-data v10 ministry_name_variants.csv (role minister, 5003 turns, 2000-06-22..2004-03-09, terms 16, sources xml); offices.json OF016 (법률 제5153호; sources GOA_5153, GOA_5529, GOA_8852)",,
농림부,농림부,agriculture,1998-02-25,2008-02-28,official,Official name. OF016 행정각부 (장관은 국무위원으로 보한다).,"offices.json OF016 (법률 제5153호; sources GOA_5153, GOA_5529, GOA_8852)",,
농림부장관,농림부,agriculture,1998-02-25,2008-02-28,official,Official head title. OF016 행정각부 (장관은 국무위원으로 보한다).,"offices.json OF016 (법률 제5153호; sources GOA_5153, GOA_5529, GOA_8852) | kr-hearings-data v10 ministry_name_variants.csv (role minister, 13122 turns, 2000-06-22..2008-02-14, terms 16,17, sources xlsx,xml); offices.json OF016 (법률 제5153호; sources GOA_5153, GOA_5529, GOA_8852)",,
농림부장관후보자,농림부,agriculture,1998-02-25,2008-02-28,title_form,"Nominee title. Links to nominations.csv, not to spells.","kr-hearings-data v10 ministry_name_variants.csv (role minister_nominee, 851 turns, 2007-08-29..2008-02-27, terms 17, sources xlsx); offices.json OF016 (법률 제5153호; sources GOA_5153, GOA_5529, GOA_8852)",,
농림부차관,농림부,agriculture,1998-02-25,2008-02-28,title_form,"Vice minister title. Not a cabinet office, kr-hearings should not link it to spells.","kr-hearings-data v10 ministry_name_variants.csv (role vice_minister, 2311 turns, 2000-07-07..2008-02-26, terms 16,17, sources xlsx,xml); offices.json OF016 (법률 제5153호; sources GOA_5153, GOA_5529, GOA_8852)",,
해농림부장관,농림부,agriculture,1998-02-25,2008-02-28,typo,농림부 with a stray leading 해.,"kr-hearings-data v10 ministry_name_variants.csv (role minister, 1 turns, 2007-06-15..2007-06-15, terms 17, sources xlsx); offices.json OF016 (법률 제5153호; sources GOA_5153, GOA_5529, GOA_8852)",,
농린수산식품부,농림수산식품부,agriculture,2008-02-29,2013-03-22,typo,Garbled ministry name that kr-hearings wrote into ministry_normalized for the position string(s) 농린수산식품부제1차관.,"kr-hearings-data v10 ministry_name_variants.csv (ministry_normalized '농린수산식품부'); offices.json OF038 (법률 제8852호 (전부개정); sources GOA_8852, GOA_11690)",,
농린수산식품부제1차관,농림수산식품부,agriculture,2008-02-29,2013-03-22,title_form,"Vice minister, 농림 misspelled as 농린. Vice minister title. Not a cabinet office, kr-hearings should not link it to spells. Kr-hearings ministry_normalized is '농린수산식품부'.","kr-hearings-data v10 ministry_name_variants.csv (role vice_minister, 1 turns, 2011-08-22..2011-08-22, terms 18, sources hwp); offices.json OF038 (법률 제8852호 (전부개정); sources GOA_8852, GOA_11690)",,
농림부,농림수산식품부,agriculture,2008-02-29,2013-03-22,ambiguous_short,"Short form of 농림수산식품부. 농림부 is the official name until 2008-02-28. Later it is a loose reference to the agriculture ministry of the day. The same string also denotes OF016, OF051 in other periods, resolve by date.","kr-hearings-data v9 all_speeches speech_text: 3666 occurrences of '농림부' in the legal period of 농림수산식품부 (OF038); first example 2008-04-29 meeting 36993 speaker '이영호 위원': ""것은 대단히 위험한 발상이다라는 것을 경고하지 않을 수 없고 그 차제로 제가 질문을 하나 하겠습니다. 우리 농림부장관님께서 이번에 농림수산식품부가 되어 가지고 지금 초대장관이 되셨단 말이에요. 그런데 지금 1차관의 "" (scan rule and counts in interface/work/short_form_attestation.json); offices.json OF038 (법률 제8852호 (전부개정); sources GOA_8852, GOA_11690)",,
농림부장관,농림수산식품부,agriculture,2008-02-29,2013-03-22,ambiguous_short,"Short form of 농림수산식품부. 농림부 is the official name until 2008-02-28. Later it is a loose reference to the agriculture ministry of the day. The same string also denotes OF016, OF051 in other periods, resolve by date.","kr-hearings-data v9 all_speeches speech_text: 3666 occurrences of '농림부' in the legal period of 농림수산식품부 (OF038); first example 2008-04-29 meeting 36993 speaker '이영호 위원': ""것은 대단히 위험한 발상이다라는 것을 경고하지 않을 수 없고 그 차제로 제가 질문을 하나 하겠습니다. 우리 농림부장관님께서 이번에 농림수산식품부가 되어 가지고 지금 초대장관이 되셨단 말이에요. 그런데 지금 1차관의 "" (scan rule and counts in interface/work/short_form_attestation.json); offices.json OF038 (법률 제8852호 (전부개정); sources GOA_8852, GOA_11690)",,
농림수산식푸부,농림수산식품부,agriculture,2008-02-29,2013-03-22,typo,Garbled ministry name that kr-hearings wrote into ministry_normalized for the position string(s) 농림수산식푸부제2차관.,"kr-hearings-data v10 ministry_name_variants.csv (ministry_normalized '농림수산식푸부'); offices.json OF038 (법률 제8852호 (전부개정); sources GOA_8852, GOA_11690)",,
농림수산식푸부제2차관,농림수산식품부,agriculture,2008-02-29,2013-03-22,title_form,"Vice minister, 식품 misspelled as 식푸. Vice minister title. Not a cabinet office, kr-hearings should not link it to spells. Kr-hearings ministry_normalized is '농림수산식푸부'.","kr-hearings-data v10 ministry_name_variants.csv (role vice_minister, 1 turns, 2011-06-20..2011-06-20, terms 18, sources hwp); offices.json OF038 (법률 제8852호 (전부개정); sources GOA_8852, GOA_11690)",,
농림수산식품부,농림수산식품부,agriculture,2008-02-29,2013-03-22,official,Official name. OF038 행정각부 (장관은 국무위원으로 보한다).,"offices.json OF038 (법률 제8852호 (전부개정); sources GOA_8852, GOA_11690)",,
농림수산식품부장관,농림수산식품부,agriculture,2008-02-29,2013-03-22,official,Official head title. OF038 행정각부 (장관은 국무위원으로 보한다).,"offices.json OF038 (법률 제8852호 (전부개정); sources GOA_8852, GOA_11690) | kr-hearings-data v10 ministry_name_variants.csv (role minister, 33136 turns, 2008-04-29..2013-03-19, terms 17,18,19, sources hwp,xlsx,xml); offices.json OF038 (법률 제8852호 (전부개정); sources GOA_8852, GOA_11690)",,
농림수산식품부장관제1차관,농림수산식품부,agriculture,2008-02-29,2013-03-22,title_form,"Vice minister, stray 장관 inside the title. Vice minister title. Not a cabinet office, kr-hearings should not link it to spells.","kr-hearings-data v10 ministry_name_variants.csv (role vice_minister, 4 turns, 2009-02-12..2009-02-12, terms 18, sources hwp); offices.json OF038 (법률 제8852호 (전부개정); sources GOA_8852, GOA_11690)",,
농림수산식품부장관후보자,농림수산식품부,agriculture,2008-02-29,2013-03-22,title_form,"Nominee title. Links to nominations.csv, not to spells.","kr-hearings-data v10 ministry_name_variants.csv (role minister_nominee, 3465 turns, 2010-08-23..2013-03-06, terms 18,19, sources hwp,xlsx); offices.json OF038 (법률 제8852호 (전부개정); sources GOA_8852, GOA_11690)",,
농림수산식품부제1차관,농림수산식품부,agriculture,2008-02-29,2013-03-22,title_form,"Vice minister title. Not a cabinet office, kr-hearings should not link it to spells.","kr-hearings-data v10 ministry_name_variants.csv (role vice_minister, 7036 turns, 2008-09-03..2012-11-13, terms 18,19, sources hwp,xlsx); offices.json OF038 (법률 제8852호 (전부개정); sources GOA_8852, GOA_11690)",,
농림수산식품부제1차관민승규,농림수산식품부,agriculture,2008-02-29,2013-03-22,title_form,"Vice minister, person name 민승규 fused to the title. Vice minister title. Not a cabinet office, kr-hearings should not link it to spells.","kr-hearings-data v10 ministry_name_variants.csv (role vice_minister, 1 turns, 2009-11-16..2009-11-16, terms 18, sources hwp); offices.json OF038 (법률 제8852호 (전부개정); sources GOA_8852, GOA_11690)",,
농림수산식품부제2차관,농림수산식품부,agriculture,2008-02-29,2013-03-22,title_form,"Vice minister title. Not a cabinet office, kr-hearings should not link it to spells.","kr-hearings-data v10 ministry_name_variants.csv (role vice_minister, 6629 turns, 2008-04-29..2012-11-13, terms 17,18,19, sources hwp,xlsx); offices.json OF038 (법률 제8852호 (전부개정); sources GOA_8852, GOA_11690)",,
농림수산식품부제장관,농림수산식품부,agriculture,2008-02-29,2013-03-22,typo,Stray 제 before 장관.,"kr-hearings-data v10 ministry_name_variants.csv (role minister, 2 turns, 2011-06-23..2011-06-23, terms 18, sources hwp,xlsx); offices.json OF038 (법률 제8852호 (전부개정); sources GOA_8852, GOA_11690)",,
농림수산식품부차관,농림수산식품부,agriculture,2008-02-29,2013-03-22,title_form,"Vice minister title. Not a cabinet office, kr-hearings should not link it to spells. Observed outside every valid period of this canonical ministry on 2013-06-17.","kr-hearings-data v10 ministry_name_variants.csv (role vice_minister, 8 turns, 2008-11-21..2013-06-17, terms 18,19, sources hwp,xlsx); offices.json OF038 (법률 제8852호 (전부개정); sources GOA_8852, GOA_11690)",,
농림수산식품붑장관,농림수산식품부,agriculture,2008-02-29,2013-03-22,typo,농림수산식품부 misspelled with 붑 (kr-hearings left ministry_normalized blank).,"kr-hearings-data v10 ministry_name_variants.csv (role minister, 1 turns, 2008-10-24..2008-10-24, terms 18, sources hwp); offices.json OF038 (법률 제8852호 (전부개정); sources GOA_8852, GOA_11690)",,
농림수산식품장관,농림수산식품부,agriculture,2008-02-29,2013-03-22,typo,농림수산식품부 with 부 dropped.,"kr-hearings-data v10 ministry_name_variants.csv (role minister, 4 turns, 2009-10-20..2011-01-07, terms 18, sources hwp,xlsx); offices.json OF038 (법률 제8852호 (전부개정); sources GOA_8852, GOA_11690)",,
농식품부,농림수산식품부,agriculture,2008-02-29,2013-03-22,ambiguous_short,"Short form of 농림수산식품부. The same string also denotes OF051 in other periods, resolve by date.","kr-hearings-data v9 all_speeches speech_text: 2607 occurrences of '농식품부' in the legal period of 농림수산식품부 (OF038); first example 2008-04-29 meeting 36993 speaker '농림수산식품부기획조정실장 김재수': ""으로 어제 실시한 원산지합동단속반 발대식 개최 성과도 간단히 보고 올리겠습니다. 어제 농협중앙회 대강당에서 농식품부, 농관원, 식약청, 서울시 소속 특별사법경찰, 농협 및 생산자단체 명예감시원 등 1000여 명이 모"" (scan rule and counts in interface/work/short_form_attestation.json); offices.json OF038 (법률 제8852호 (전부개정); sources GOA_8852, GOA_11690)",,
농식품부장관,농림수산식품부,agriculture,2008-02-29,2013-03-22,ambiguous_short,"Short form of 농림수산식품부. The same string also denotes OF051 in other periods, resolve by date.","kr-hearings-data v9 all_speeches speech_text: 2607 occurrences of '농식품부' in the legal period of 농림수산식품부 (OF038); first example 2008-04-29 meeting 36993 speaker '농림수산식품부기획조정실장 김재수': ""으로 어제 실시한 원산지합동단속반 발대식 개최 성과도 간단히 보고 올리겠습니다. 어제 농협중앙회 대강당에서 농식품부, 농관원, 식약청, 서울시 소속 특별사법경찰, 농협 및 생산자단체 명예감시원 등 1000여 명이 모"" (scan rule and counts in interface/work/short_form_attestation.json); offices.json OF038 (법률 제8852호 (전부개정); sources GOA_8852, GOA_11690)",,
농림부,농림축산식품부,agriculture,2013-03-23,2026-09-24,ambiguous_short,"Short form of 농림축산식품부. 농림부 is the official name until 2008-02-28. Later it is a loose reference to the agriculture ministry of the day. The same string also denotes OF016, OF038 in other periods, resolve by date.","kr-hearings-data v9 all_speeches speech_text: 8142 occurrences of '농림부' in the legal period of 농림축산식품부 (OF051); first example 2013-04-10 meeting 42640 speaker '김세연 위원': ""이 국민생활을 다 관장할 수 있도록 부처 조직이 설계돼 있기 때문에 아마 걸리지 않는 부처가 없을 겁니다. 농림부, 국방부부터 또 산업 현장을 다루는 산자부나 또 미래부…… (발언시간 초과로 마이크 중단) 마무리하겠"" (scan rule and counts in interface/work/short_form_attestation.json); offices.json OF051 (법률 제11690호 (전부개정); sources GOA_11690, GOA_21065_b)",,
농림부장관,농림축산식품부,agriculture,2013-03-23,2026-09-24,ambiguous_short,"Short form of 농림축산식품부. 농림부 is the official name until 2008-02-28. Later it is a loose reference to the agriculture ministry of the day. The same string also denotes OF016, OF038 in other periods, resolve by date.","kr-hearings-data v9 all_speeches speech_text: 8142 occurrences of '농림부' in the legal period of 농림축산식품부 (OF051); first example 2013-04-10 meeting 42640 speaker '김세연 위원': ""이 국민생활을 다 관장할 수 있도록 부처 조직이 설계돼 있기 때문에 아마 걸리지 않는 부처가 없을 겁니다. 농림부, 국방부부터 또 산업 현장을 다루는 산자부나 또 미래부…… (발언시간 초과로 마이크 중단) 마무리하겠"" (scan rule and counts in interface/work/short_form_attestation.json); offices.json OF051 (법률 제11690호 (전부개정); sources GOA_11690, GOA_21065_b)",,
농림축삭식품부장관,농림축산식품부,agriculture,2013-03-23,2026-09-24,typo,농림축산식품부 misspelled as 농림축삭식품부.,"kr-hearings-data v10 ministry_name_variants.csv (role minister, 1 turns, 2017-02-14..2017-02-14, terms 20, sources xlsx); offices.json OF051 (법률 제11690호 (전부개정); sources GOA_11690, GOA_21065_b)",,
농림축산식품부,농림축산식품부,agriculture,2013-03-23,2026-09-24,official,Official name. OF051 행정각부 (장관은 국무위원으로 보한다).,"offices.json OF051 (법률 제11690호 (전부개정); sources GOA_11690, GOA_21065_b)",,
농림축산식품부장관,농림축산식품부,agriculture,2013-03-23,2026-09-24,official,Official head title. OF051 행정각부 (장관은 국무위원으로 보한다).,"offices.json OF051 (법률 제11690호 (전부개정); sources GOA_11690, GOA_21065_b) | kr-hearings-data v10 ministry_name_variants.csv (role minister, 25946 turns, 2013-04-08..2026-09-11, terms 19,20,21,22, sources xlsx,xml); offices.json OF051 (법률 제11690호 (전부개정); sources GOA_11690, GOA_21065_b)",,
농림축산식품부장관직무대리,농림축산식품부,agriculture,2013-03-23,2026-09-24,acting_form,"Acting head. kr-hearings never links acting heads to spells, normalization only.","kr-hearings-data v10 ministry_name_variants.csv (role minister_acting, 141 turns, 2018-05-16..2018-07-24, terms 20, sources xlsx); offices.json OF051 (법률 제11690호 (전부개정); sources GOA_11690, GOA_21065_b)",,
농림축산식품부장관후보자,농림축산식품부,agriculture,2013-03-23,2026-09-24,title_form,"Nominee title. Links to nominations.csv, not to spells.","kr-hearings-data v10 ministry_name_variants.csv (role minister_nominee, 3279 turns, 2016-09-01..2023-12-18, terms 20,21, sources xlsx); offices.json OF051 (법률 제11690호 (전부개정); sources GOA_11690, GOA_21065_b)",,
농림축산식품부차관,농림축산식품부,agriculture,2013-03-23,2026-09-24,title_form,"Vice minister title. Not a cabinet office, kr-hearings should not link it to spells.","kr-hearings-data v10 ministry_name_variants.csv (role vice_minister, 2393 turns, 2013-04-24..2024-12-26, terms 19,20,21,22, sources xlsx,xml); offices.json OF051 (법률 제11690호 (전부개정); sources GOA_11690, GOA_21065_b)",,
농림축신식품부장관,농림축산식품부,agriculture,2013-03-23,2026-09-24,typo,농림축산식품부 misspelled as 농림축신식품부.,"kr-hearings-data v10 ministry_name_variants.csv (role minister, 2 turns, 2017-07-05..2017-07-05, terms 20, sources xlsx); offices.json OF051 (법률 제11690호 (전부개정); sources GOA_11690, GOA_21065_b)",,
농식품부,농림축산식품부,agriculture,2013-03-23,2026-09-24,ambiguous_short,"Short form of 농림축산식품부. The same string also denotes OF038 in other periods, resolve by date.","kr-hearings-data v9 all_speeches speech_text: 6948 occurrences of '농식품부' in the legal period of 농림축산식품부 (OF051); first example 2014-11-07 meeting 44514 speaker '염동열 위원': ""나름대로 미래창조부라든가 농식품부하고 연결해서 지금 하고 있습니다마는 문화체육관광부에서도 관심 가져 주시고요. 여기에 대한 여러 가지, 디자"" (scan rule and counts in interface/work/short_form_attestation.json); offices.json OF051 (법률 제11690호 (전부개정); sources GOA_11690, GOA_21065_b)",,
농식품부장관,농림축산식품부,agriculture,2013-03-23,2026-09-24,ambiguous_short,"Short form of 농림축산식품부. The same string also denotes OF038 in other periods, resolve by date.","kr-hearings-data v9 all_speeches speech_text: 6948 occurrences of '농식품부' in the legal period of 농림축산식품부 (OF051); first example 2014-11-07 meeting 44514 speaker '염동열 위원': ""나름대로 미래창조부라든가 농식품부하고 연결해서 지금 하고 있습니다마는 문화체육관광부에서도 관심 가져 주시고요. 여기에 대한 여러 가지, 디자"" (scan rule and counts in interface/work/short_form_attestation.json); offices.json OF051 (법률 제11690호 (전부개정); sources GOA_11690, GOA_21065_b)",,
企劃豫算處次官,기획예산처,budget,1999-05-24,2008-02-28,title_form,"Hanja form of 기획예산처차관. Vice minister title. Not a cabinet office, kr-hearings should not link it to spells.","kr-hearings-data v10 ministry_name_variants.csv (role vice_minister, 350 turns, 2000-11-29..2004-03-09, terms 16, sources xml); offices.json OF030 (법률 제5982호; sources GOA_5982, GOA_8852)",,
企劃豫算處次官,기획예산처,budget,2026-01-02,2026-09-24,title_form,"Hanja form of 기획예산처차관. Vice minister title. Not a cabinet office, kr-hearings should not link it to spells.","kr-hearings-data v10 ministry_name_variants.csv (role vice_minister, 350 turns, 2000-11-29..2004-03-09, terms 16, sources xml); offices.json OF065 (법률 제21065호; sources GOA_21065_b)",,
企劃豫算處長官,기획예산처,budget,1999-05-24,2008-02-28,hanja,Hanja form of 기획예산처장관.,"kr-hearings-data v10 ministry_name_variants.csv (role minister, 5014 turns, 2000-06-23..2004-07-07, terms 16,17, sources xml); offices.json OF030 (법률 제5982호; sources GOA_5982, GOA_8852)",,
企劃豫算處長官,기획예산처,budget,2026-01-02,2026-09-24,hanja,Hanja form of 기획예산처장관.,"kr-hearings-data v10 ministry_name_variants.csv (role minister, 5014 turns, 2000-06-23..2004-07-07, terms 16,17, sources xml); offices.json OF065 (법률 제21065호; sources GOA_21065_b)",,
企劃豫處長官,기획예산처,budget,1999-05-24,2008-02-28,typo,"Hanja, 企劃豫算處 with 算 dropped (kr-hearings normalized it to 기획예처). Irregular string, rows limited to the period(s) in which kr-hearings observed it (the canonical ministry has other periods).","kr-hearings-data v10 ministry_name_variants.csv (role minister, 1 turns, 2003-09-19..2003-09-19, terms 16, sources xml); offices.json OF030 (법률 제5982호; sources GOA_5982, GOA_8852)",,
기획예산처,기획예산처,budget,1999-05-24,2008-02-28,official,"Official name. OF030 처 (국무총리 소속, 장관은 국무위원으로 보한다).","offices.json OF030 (법률 제5982호; sources GOA_5982, GOA_8852)",,
기획예산처,기획예산처,budget,2026-01-02,2026-09-24,official,"Official name. OF065 처 (국무총리 소속, 장관은 국무위원으로 보한다).",offices.json OF065 (법률 제21065호; sources GOA_21065_b),,
기획예산처장관,기획예산처,budget,1999-05-24,2008-02-28,official,"Official head title. OF030 처 (국무총리 소속, 장관은 국무위원으로 보한다).","offices.json OF030 (법률 제5982호; sources GOA_5982, GOA_8852) | kr-hearings-data v10 ministry_name_variants.csv (role minister, 8254 turns, 2000-06-23..2026-09-11, terms 16,17,22, sources xlsx,xml); offices.json OF030 (법률 제5982호; sources GOA_5982, GOA_8852)",,
기획예산처장관,기획예산처,budget,2026-01-02,2026-09-24,official,"Official head title. OF065 처 (국무총리 소속, 장관은 국무위원으로 보한다).","offices.json OF065 (법률 제21065호; sources GOA_21065_b) | kr-hearings-data v10 ministry_name_variants.csv (role minister, 8254 turns, 2000-06-23..2026-09-11, terms 16,17,22, sources xlsx,xml); offices.json OF065 (법률 제21065호; sources GOA_21065_b)",,
기획예산처장관후보자,기획예산처,budget,1999-05-24,2008-02-28,title_form,"Nominee title. Links to nominations.csv, not to spells.","kr-hearings-data v10 ministry_name_variants.csv (role minister_nominee, 357 turns, 2006-07-19..2006-07-19, terms 17, sources xlsx); offices.json OF030 (법률 제5982호; sources GOA_5982, GOA_8852)",,
기획예산처장관후보자,기획예산처,budget,2025-12-28,2026-01-01,title_form,"Nominee title before the office took legal effect on 2026-01-02 (N0583 이혜훈 nominated 2025-12-28, hearing 2026-01-23;2026-01-24). Links to nominations.csv, not to spells.",nominations.csv N0583 (build sha256 cefbc92eeca056d8); offices.json OF065 (법률 제21065호; sources GOA_21065_b),,
기획예산처장관후보자,기획예산처,budget,2026-01-02,2026-09-24,title_form,"Nominee title. Links to nominations.csv, not to spells.","kr-hearings-data v10 ministry_name_variants.csv (role minister_nominee, 357 turns, 2006-07-19..2006-07-19, terms 17, sources xlsx); offices.json OF065 (법률 제21065호; sources GOA_21065_b)",,
기획예산처차관,기획예산처,budget,1999-05-24,2008-02-28,title_form,"Vice minister title. Not a cabinet office, kr-hearings should not link it to spells.","kr-hearings-data v10 ministry_name_variants.csv (role vice_minister, 1262 turns, 2001-08-22..2007-11-14, terms 16,17, sources xlsx,xml); offices.json OF030 (법률 제5982호; sources GOA_5982, GOA_8852)",,
기획예산처차관,기획예산처,budget,2026-01-02,2026-09-24,title_form,"Vice minister title. Not a cabinet office, kr-hearings should not link it to spells.","kr-hearings-data v10 ministry_name_variants.csv (role vice_minister, 1262 turns, 2001-08-22..2007-11-14, terms 16,17, sources xlsx,xml); offices.json OF065 (법률 제21065호; sources GOA_21065_b)",,
기획예처,기획예산처,budget,1999-05-24,2008-02-28,typo,Garbled ministry name that kr-hearings wrote into ministry_normalized for the position string(s) 企劃豫處長官.,"kr-hearings-data v10 ministry_name_variants.csv (ministry_normalized '기획예처'); offices.json OF030 (법률 제5982호; sources GOA_5982, GOA_8852)",,
예산처,기획예산처,budget,1999-05-24,2008-02-28,ambiguous_short,"Short form of 기획예산처. The same string also denotes OF065 in other periods, resolve by date.","kr-hearings-data v9 all_speeches speech_text: 2920 occurrences of '예산처' in the legal period of 기획예산처 (OF030); first example 2000-06-21 meeting 28525 speaker '도종이 위원': ""해국제공항에 관련된 IC예산이 올 추경에는 반영될 가능성이 없고 내년 예산에 313억을 반영시킨다고 하는데 예산처에서는 이것은 합의가 됩니까? 왜냐하면 이것이 합의가 안 되면 결과적으로 부산에서 2,000억 들여서 "" (scan rule and counts in interface/work/short_form_attestation.json); offices.json OF030 (법률 제5982호; sources GOA_5982, GOA_8852)",,
예산처,기획예산처,budget,2026-01-02,2026-09-24,ambiguous_short,"Short form of 기획예산처. The same string also denotes OF030 in other periods, resolve by date.","kr-hearings-data v9 all_speeches speech_text: 185 occurrences of '예산처' in the legal period of 기획예산처 (OF065); first example 2026-08-25 meeting v10xml:57190 speaker '인사혁신처차장 김성훈': ""습니다. 이게 27년부터 29년까지 3개년 연속사업이고요. 일단 내년도에 다행히 지적해 주신 덕분에 저희가 예산처하고 협의를 통해서 충분하지는 않지만 일단 내년도에 예산을 조금 확보를 했습니다. 그래서 시작을 할 거"" (scan rule and counts in interface/work/short_form_attestation.json); offices.json OF065 (법률 제21065호; sources GOA_21065_b)",,
예산처장관,기획예산처,budget,1999-05-24,2008-02-28,ambiguous_short,"Short form of 기획예산처. The same string also denotes OF065 in other periods, resolve by date.","kr-hearings-data v9 all_speeches speech_text: 2920 occurrences of '예산처' in the legal period of 기획예산처 (OF030); first example 2000-06-21 meeting 28525 speaker '도종이 위원': ""해국제공항에 관련된 IC예산이 올 추경에는 반영될 가능성이 없고 내년 예산에 313억을 반영시킨다고 하는데 예산처에서는 이것은 합의가 됩니까? 왜냐하면 이것이 합의가 안 되면 결과적으로 부산에서 2,000억 들여서 "" (scan rule and counts in interface/work/short_form_attestation.json); offices.json OF030 (법률 제5982호; sources GOA_5982, GOA_8852)",,
예산처장관,기획예산처,budget,2026-01-02,2026-09-24,ambiguous_short,"Short form of 기획예산처. The same string also denotes OF030 in other periods, resolve by date.","kr-hearings-data v9 all_speeches speech_text: 185 occurrences of '예산처' in the legal period of 기획예산처 (OF065); first example 2026-08-25 meeting v10xml:57190 speaker '인사혁신처차장 김성훈': ""습니다. 이게 27년부터 29년까지 3개년 연속사업이고요. 일단 내년도에 다행히 지적해 주신 덕분에 저희가 예산처하고 협의를 통해서 충분하지는 않지만 일단 내년도에 예산을 조금 확보를 했습니다. 그래서 시작을 할 거"" (scan rule and counts in interface/work/short_form_attestation.json); offices.json OF065 (법률 제21065호; sources GOA_21065_b)",,
공보처,공보처,public_info,1998-02-25,1998-02-27,official,"Official name. OF006 처 (국무총리 소속). Offices.json has no lineage_key. Lineage follows the roster. offices_1988.json lists '공보처 -> public_info' in ministry_to_lineage_overrides (offices_json_conflicts: offices.json gives no lineage_key), build_panel.py applies it, and every 공보처 spell in build/out/spells.csv (sha256 c4a6bef303e97528) has lineage public_info. With lineage culture the row joined the holder of another office on 1998-02-25..1998-02-27. Changed by the alias check (round 2).","offices.json OF006 (법률 제5153호; sources GOA_5153, GOA_5529) | offices_1988.json ministry_to_lineage_overrides; build/out/spells.csv | Alias check round 2, 2026-09-26 (interface/alias_check.md)",,
공보처장관,공보처,public_info,1998-02-25,1998-02-27,official,"Official head title. OF006 처 (국무총리 소속). Offices.json has no lineage_key. Lineage follows the roster. offices_1988.json lists '공보처 -> public_info' in ministry_to_lineage_overrides (offices_json_conflicts: offices.json gives no lineage_key), build_panel.py applies it, and every 공보처 spell in build/out/spells.csv (sha256 c4a6bef303e97528) has lineage public_info. With lineage culture the row joined the holder of another office on 1998-02-25..1998-02-27. Changed by the alias check (round 2).","offices.json OF006 (법률 제5153호; sources GOA_5153, GOA_5529) | offices_1988.json ministry_to_lineage_overrides; build/out/spells.csv | Alias check round 2, 2026-09-26 (interface/alias_check.md)",,
文化觀光部次官,문화관광부,culture,1998-02-28,2008-02-28,title_form,"Hanja form of 문화관광부차관. Vice minister title. Not a cabinet office, kr-hearings should not link it to spells.","kr-hearings-data v10 ministry_name_variants.csv (role vice_minister, 1200 turns, 2000-06-22..2004-03-09, terms 16, sources xml); offices.json OF028 (법률 제5529호 (전부개정); sources GOA_5529, GOA_8852)",,
文化觀光部長官,문화관광부,culture,1998-02-28,2008-02-28,hanja,Hanja form of 문화관광부장관.,"kr-hearings-data v10 ministry_name_variants.csv (role minister, 4429 turns, 2000-06-21..2004-03-02, terms 16, sources xml); offices.json OF028 (법률 제5529호 (전부개정); sources GOA_5529, GOA_8852)",,
문광부,문화관광부,culture,1998-02-28,2008-02-28,short,Short form of 문화관광부.,"kr-hearings-data v9 all_speeches speech_text: 7214 occurrences of '문광부' in the legal period of 문화관광부 (OF028); first example 2002-07-25 meeting 30136 speaker '안경률 위원': ""다고 얘기했는데 현재 부산시와 토공이 구체적으로 논의하고 있다고 생각합니다만 동부산 권역의 관광단지를 지금 문광부와 부산시가 지정해서 그 지역개발을 추진하려고 계획을 세우고 있습니다. 그런데 이런 큰 관광단지 같은 "" (scan rule and counts in interface/work/short_form_attestation.json); offices.json OF028 (법률 제5529호 (전부개정); sources GOA_5529, GOA_8852)",,
문광부장관,문화관광부,culture,1998-02-28,2008-02-28,short,Short form of 문화관광부.,"kr-hearings-data v9 all_speeches speech_text: 7214 occurrences of '문광부' in the legal period of 문화관광부 (OF028); first example 2002-07-25 meeting 30136 speaker '안경률 위원': ""다고 얘기했는데 현재 부산시와 토공이 구체적으로 논의하고 있다고 생각합니다만 동부산 권역의 관광단지를 지금 문광부와 부산시가 지정해서 그 지역개발을 추진하려고 계획을 세우고 있습니다. 그런데 이런 큰 관광단지 같은 "" (scan rule and counts in interface/work/short_form_attestation.json); offices.json OF028 (법률 제5529호 (전부개정); sources GOA_5529, GOA_8852)",,
문화관광부,문화관광부,culture,1998-02-28,2008-02-28,official,Official name. OF028 행정각부 (장관은 국무위원으로 보한다).,"offices.json OF028 (법률 제5529호 (전부개정); sources GOA_5529, GOA_8852)",,
문화관광부장관,문화관광부,culture,1998-02-28,2008-02-28,official,Official head title. OF028 행정각부 (장관은 국무위원으로 보한다).,"offices.json OF028 (법률 제5529호 (전부개정); sources GOA_5529, GOA_8852) | kr-hearings-data v10 ministry_name_variants.csv (role minister, 13886 turns, 2000-06-21..2008-02-11, terms 16,17, sources xlsx,xml); offices.json OF028 (법률 제5529호 (전부개정); sources GOA_5529, GOA_8852)",,
문화관광부장관후보자,문화관광부,culture,1998-02-28,2008-02-28,title_form,"Nominee title. Links to nominations.csv, not to spells.","kr-hearings-data v10 ministry_name_variants.csv (role minister_nominee, 2105 turns, 2006-03-23..2008-02-27, terms 17, sources xlsx,xml); offices.json OF028 (법률 제5529호 (전부개정); sources GOA_5529, GOA_8852)",,
문화관광부차관,문화관광부,culture,1998-02-28,2008-02-28,title_form,"Vice minister title. Not a cabinet office, kr-hearings should not link it to spells.","kr-hearings-data v10 ministry_name_variants.csv (role vice_minister, 3762 turns, 2000-06-22..2008-02-26, terms 16,17, sources xlsx,xml); offices.json OF028 (법률 제5529호 (전부개정); sources GOA_5529, GOA_8852)",,
문화관부장관,문화관광부,culture,1998-02-28,2008-02-28,typo,문화관광부 with 광 dropped.,"kr-hearings-data v10 ministry_name_variants.csv (role minister, 1 turns, 2006-11-01..2006-11-01, terms 17, sources xlsx); offices.json OF028 (법률 제5529호 (전부개정); sources GOA_5529, GOA_8852)",,
문화부,문화관광부,culture,1998-02-28,2008-02-28,ambiguous_short,"Short form of 문화관광부. 문화부 is a loose short form of the culture ministry of the day. The same string also denotes OF037 in other periods, resolve by date.","kr-hearings-data v9 all_speeches speech_text: 1809 occurrences of '문화부' in the legal period of 문화관광부 (OF028); first example 2001-09-06 meeting 29702 speaker '정보통신부장관 양승택': ""정보통신부에서 어떤 노력을 했는지 그리고 향후 대책을 물으셨습니다. 지난 5월부터 재경부 주관으로 산자부, 문화부 등 관계부처와 국장급 실무자……"" (scan rule and counts in interface/work/short_form_attestation.json); offices.json OF028 (법률 제5529호 (전부개정); sources GOA_5529, GOA_8852)",,
문화부장관,문화관광부,culture,1998-02-28,2008-02-28,ambiguous_short,"Short form of 문화관광부. 문화부 is a loose short form of the culture ministry of the day. The same string also denotes OF037 in other periods, resolve by date.","kr-hearings-data v9 all_speeches speech_text: 1809 occurrences of '문화부' in the legal period of 문화관광부 (OF028); first example 2001-09-06 meeting 29702 speaker '정보통신부장관 양승택': ""정보통신부에서 어떤 노력을 했는지 그리고 향후 대책을 물으셨습니다. 지난 5월부터 재경부 주관으로 산자부, 문화부 등 관계부처와 국장급 실무자……"" (scan rule and counts in interface/work/short_form_attestation.json); offices.json OF028 (법률 제5529호 (전부개정); sources GOA_5529, GOA_8852)",,
문환관광부장관후보자,문화관광부,culture,1998-02-28,2008-02-28,typo,"Nominee title, 문화관광부 misspelled as 문환관광부. Nominee title. Links to nominations.csv, not to spells.","kr-hearings-data v10 ministry_name_variants.csv (role minister_nominee, 1 turns, 2007-05-04..2007-05-04, terms 17, sources xlsx); offices.json OF028 (법률 제5529호 (전부개정); sources GOA_5529, GOA_8852)",,
문체부,문화체육관광부,culture,2008-02-29,2026-09-24,short,Short form of 문화체육관광부.,"kr-hearings-data v9 all_speeches speech_text: 21422 occurrences of '문체부' in the legal period of 문화체육관광부 (OF037); first example 2008-04-29 meeting 36996 speaker '김희선 위원': ""되어 있습니다. 그러니까 어느 쪽에서든 간에 이것은 합리적으로 된 거거든요. 청장님께서, 제가 이따 오후에 문체부 장관님하고 얘기할 거거든요. 지금까지 고 국장이 애써 온 것이 있습니다. 그것대로 진행해 주시기를 부"" (scan rule and counts in interface/work/short_form_attestation.json); offices.json OF037 (법률 제8852호 (전부개정); sources GOA_8852, GOA_11690, GOA_21065_b)",,
문체부장관,문화체육관광부,culture,2008-02-29,2026-09-24,short,Short form of 문화체육관광부.,"kr-hearings-data v9 all_speeches speech_text: 21422 occurrences of '문체부' in the legal period of 문화체육관광부 (OF037); first example 2008-04-29 meeting 36996 speaker '김희선 위원': ""되어 있습니다. 그러니까 어느 쪽에서든 간에 이것은 합리적으로 된 거거든요. 청장님께서, 제가 이따 오후에 문체부 장관님하고 얘기할 거거든요. 지금까지 고 국장이 애써 온 것이 있습니다. 그것대로 진행해 주시기를 부"" (scan rule and counts in interface/work/short_form_attestation.json); offices.json OF037 (법률 제8852호 (전부개정); sources GOA_8852, GOA_11690, GOA_21065_b)",,
문화관광체육부제1차관,문화체육관광부,culture,2008-02-29,2026-09-24,title_form,"Vice minister, 문화체육관광부 with its parts reordered. Vice minister title. Not a cabinet office, kr-hearings should not link it to spells.","kr-hearings-data v10 ministry_name_variants.csv (role vice_minister, 8 turns, 2010-12-03..2010-12-03, terms 18, sources hwp,xlsx); offices.json OF037 (법률 제8852호 (전부개정); sources GOA_8852, GOA_11690, GOA_21065_b)",,
문화부,문화체육관광부,culture,2008-02-29,2026-09-24,ambiguous_short,"Short form of 문화체육관광부. 문화부 is a loose short form of the culture ministry of the day. The same string also denotes OF028 in other periods, resolve by date.","kr-hearings-data v9 all_speeches speech_text: 8130 occurrences of '문화부' in the legal period of 문화체육관광부 (OF037); first example 2008-04-29 meeting 36996 speaker '위원장 조배숙': ""문화부1차관은 이석하셔도 좋습니다."" (scan rule and counts in interface/work/short_form_attestation.json); offices.json OF037 (법률 제8852호 (전부개정); sources GOA_8852, GOA_11690, GOA_21065_b)",,
문화부장관,문화체육관광부,culture,2008-02-29,2026-09-24,ambiguous_short,"Short form of 문화체육관광부. 문화부 is a loose short form of the culture ministry of the day. The same string also denotes OF028 in other periods, resolve by date.","kr-hearings-data v9 all_speeches speech_text: 8130 occurrences of '문화부' in the legal period of 문화체육관광부 (OF037); first example 2008-04-29 meeting 36996 speaker '위원장 조배숙': ""문화부1차관은 이석하셔도 좋습니다."" (scan rule and counts in interface/work/short_form_attestation.json); offices.json OF037 (법률 제8852호 (전부개정); sources GOA_8852, GOA_11690, GOA_21065_b)",,
문화체육관광부,문화체육관광부,culture,2008-02-29,2026-09-24,official,Official name. OF037 행정각부 (장관은 국무위원으로 보한다).,"offices.json OF037 (법률 제8852호 (전부개정); sources GOA_8852, GOA_11690, GOA_21065_b)",,
문화체육관광부장관,문화체육관광부,culture,2008-02-29,2026-09-24,official,Official head title. OF037 행정각부 (장관은 국무위원으로 보한다).,"offices.json OF037 (법률 제8852호 (전부개정); sources GOA_8852, GOA_11690, GOA_21065_b) | kr-hearings-data v10 ministry_name_variants.csv (role minister, 53555 turns, 2008-04-29..2026-09-14, terms 17,18,19,20,21,22, sources hwp,xlsx,xml); offices.json OF037 (법률 제8852호 (전부개정); sources GOA_8852, GOA_11690, GOA_21065_b)",,
문화체육관광부장관직무대행,문화체육관광부,culture,2008-02-29,2026-09-24,acting_form,"Acting head. kr-hearings never links acting heads to spells, normalization only.","kr-hearings-data v10 ministry_name_variants.csv (role minister_acting, 559 turns, 2014-08-08..2017-03-23, terms 19,20, sources xlsx); offices.json OF037 (법률 제8852호 (전부개정); sources GOA_8852, GOA_11690, GOA_21065_b)",,
문화체육관광부장관후보자,문화체육관광부,culture,2008-02-29,2026-09-24,title_form,"Nominee title. Links to nominations.csv, not to spells.","kr-hearings-data v10 ministry_name_variants.csv (role minister_nominee, 9455 turns, 2010-08-24..2023-10-05, terms 18,19,20,21, sources hwp,xlsx); offices.json OF037 (법률 제8852호 (전부개정); sources GOA_8852, GOA_11690, GOA_21065_b)",,
문화체육관광부제1차관,문화체육관광부,culture,2008-02-29,2026-09-24,title_form,"Vice minister title. Not a cabinet office, kr-hearings should not link it to spells.","kr-hearings-data v10 ministry_name_variants.csv (role vice_minister, 6051 turns, 2008-04-29..2024-11-18, terms 17,18,19,20,21,22, sources hwp,xlsx,xml); offices.json OF037 (법률 제8852호 (전부개정); sources GOA_8852, GOA_11690, GOA_21065_b)",,
문화체육관광부제2차관,문화체육관광부,culture,2008-02-29,2026-09-24,title_form,"Vice minister title. Not a cabinet office, kr-hearings should not link it to spells.","kr-hearings-data v10 ministry_name_variants.csv (role vice_minister, 5253 turns, 2008-04-29..2024-11-18, terms 17,18,19,20,21,22, sources hwp,xlsx,xml); offices.json OF037 (법률 제8852호 (전부개정); sources GOA_8852, GOA_11690, GOA_21065_b)",,
문화체육광부장관,문화체육관광부,culture,2008-02-29,2026-09-24,typo,문화체육관광부 with 관 dropped.,"kr-hearings-data v10 ministry_name_variants.csv (role minister, 1 turns, 2015-02-09..2015-02-09, terms 19, sources xlsx); offices.json OF037 (법률 제8852호 (전부개정); sources GOA_8852, GOA_11690, GOA_21065_b)",,
문화체육부제1차관,문화체육관광부,culture,2008-02-29,2026-09-24,title_form,"Vice minister, the pre-1998 name 문화체육부 used for 문화체육관광부 on 2012-07-26. Vice minister title. Not a cabinet office, kr-hearings should not link it to spells.","kr-hearings-data v10 ministry_name_variants.csv (role vice_minister, 1 turns, 2012-07-26..2012-07-26, terms 19, sources xlsx); offices.json OF037 (법률 제8852호 (전부개정); sources GOA_8852, GOA_11690, GOA_21065_b)",,
문화체육부,문화체육부,culture,1998-02-25,1998-02-27,official,Official name. OF011 행정각부 (장관은 국무위원으로 보한다).,"offices.json OF011 (법률 제5153호; sources GOA_5153, GOA_5529)",,
문화체육부장관,문화체육부,culture,1998-02-25,1998-02-27,official,Official head title. OF011 행정각부 (장관은 국무위원으로 보한다).,"offices.json OF011 (법률 제5153호; sources GOA_5153, GOA_5529)",,
國防部次官,국방부,defense,1998-02-25,2026-09-24,title_form,"Hanja form of 국방부차관. Vice minister title. Not a cabinet office, kr-hearings should not link it to spells.","kr-hearings-data v10 ministry_name_variants.csv (role vice_minister, 809 turns, 2000-07-10..2004-02-11, terms 16, sources xml); offices.json OF014 (법률 제5153호; sources GOA_5153, GOA_5529, GOA_8852, GOA_11690, GOA_21065_b)",,
國防部長官,국방부,defense,1998-02-25,2026-09-24,hanja,Hanja form of 국방부장관.,"kr-hearings-data v10 ministry_name_variants.csv (role minister, 5085 turns, 2000-06-22..2004-05-19, terms 16, sources xml); offices.json OF014 (법률 제5153호; sources GOA_5153, GOA_5529, GOA_8852, GOA_11690, GOA_21065_b)",,
국방부,국방부,defense,1998-02-25,2026-09-24,official,Official name. OF014 행정각부 (장관은 국무위원으로 보한다).,"offices.json OF014 (법률 제5153호; sources GOA_5153, GOA_5529, GOA_8852, GOA_11690, GOA_21065_b)",,
국방부장관,국방부,defense,1998-02-25,2026-09-24,official,Official head title. OF014 행정각부 (장관은 국무위원으로 보한다).,"offices.json OF014 (법률 제5153호; sources GOA_5153, GOA_5529, GOA_8852, GOA_11690, GOA_21065_b) | kr-hearings-data v10 ministry_name_variants.csv (role minister, 106413 turns, 2000-06-22..2026-09-16, terms 16,17,18,19,20,21,22, sources hwp,xlsx,xml); offices.json OF014 (법률 제5153호; sources GOA_5153, GOA_5529, GOA_8852, GOA_11690, GOA_21065_b)",,
국방부장관조영길,국방부,defense,1998-02-25,2026-09-24,title_form,Person name 조영길 fused to the title.,"kr-hearings-data v10 ministry_name_variants.csv (role minister, 2 turns, 2004-07-24..2004-07-24, terms 17, sources xml); offices.json OF014 (법률 제5153호; sources GOA_5153, GOA_5529, GOA_8852, GOA_11690, GOA_21065_b)",,
국방부장관직무대리,국방부,defense,1998-02-25,2026-09-24,acting_form,"Acting head. kr-hearings never links acting heads to spells, normalization only.","kr-hearings-data v10 ministry_name_variants.csv (role minister_acting, 200 turns, 2024-09-10..2026-09-10, terms 22, sources xml); offices.json OF014 (법률 제5153호; sources GOA_5153, GOA_5529, GOA_8852, GOA_11690, GOA_21065_b)",,
국방부장관직무대행,국방부,defense,1998-02-25,2026-09-24,acting_form,"Acting head. kr-hearings never links acting heads to spells, normalization only.","kr-hearings-data v10 ministry_name_variants.csv (role minister_acting, 693 turns, 2024-12-05..2025-04-14, terms 22, sources xlsx,xml); offices.json OF014 (법률 제5153호; sources GOA_5153, GOA_5529, GOA_8852, GOA_11690, GOA_21065_b)",,
국방부장관후보자,국방부,defense,1998-02-25,2026-09-24,title_form,"Nominee title. Links to nominations.csv, not to spells.","kr-hearings-data v10 ministry_name_variants.csv (role minister_nominee, 9202 turns, 2006-11-16..2026-09-16, terms 17,18,19,20,21,22, sources hwp,xlsx,xml); offices.json OF014 (법률 제5153호; sources GOA_5153, GOA_5529, GOA_8852, GOA_11690, GOA_21065_b)",,
국방부차관,국방부,defense,1998-02-25,2026-09-24,title_form,"Vice minister title. Not a cabinet office, kr-hearings should not link it to spells.","kr-hearings-data v10 ministry_name_variants.csv (role vice_minister, 10987 turns, 2000-12-08..2024-11-07, terms 16,17,18,19,20,21,22, sources hwp,xlsx,xml); offices.json OF014 (법률 제5153호; sources GOA_5153, GOA_5529, GOA_8852, GOA_11690, GOA_21065_b)",,
국방장관후보자,국방부,defense,1998-02-25,2026-09-24,short,"Nominee title with the short form 국방장관. Nominee title. Links to nominations.csv, not to spells.","kr-hearings-data v10 ministry_name_variants.csv (role minister_nominee, 1 turns, 2014-06-29..2014-06-29, terms 19, sources xlsx); offices.json OF014 (법률 제5153호; sources GOA_5153, GOA_5529, GOA_8852, GOA_11690, GOA_21065_b)",,
교과부,교육과학기술부,education,2008-02-29,2013-03-22,short,Short form of 교육과학기술부.,"kr-hearings-data v9 all_speeches speech_text: 12409 occurrences of '교과부' in the legal period of 교육과학기술부 (OF035); first example 2008-05-09 meeting 37039 speaker '류근찬 위원': ""아니, 그러니까 이 자료를 갖고 계시면 보라고요. 이 자료 없습니까? 이거 교과부에서 나온 자료인데…… 이게 보면 이렇게 되어 있어요. 월별 실행계획을 보면 솔직히 기가 막힙니다. ‘4월～"" (scan rule and counts in interface/work/short_form_attestation.json); offices.json OF035 (법률 제8852호 (전부개정); sources GOA_8852, GOA_11690)",,
교과부장관,교육과학기술부,education,2008-02-29,2013-03-22,short,Short form of 교육과학기술부.,"kr-hearings-data v9 all_speeches speech_text: 12409 occurrences of '교과부' in the legal period of 교육과학기술부 (OF035); first example 2008-05-09 meeting 37039 speaker '류근찬 위원': ""아니, 그러니까 이 자료를 갖고 계시면 보라고요. 이 자료 없습니까? 이거 교과부에서 나온 자료인데…… 이게 보면 이렇게 되어 있어요. 월별 실행계획을 보면 솔직히 기가 막힙니다. ‘4월～"" (scan rule and counts in interface/work/short_form_attestation.json); offices.json OF035 (법률 제8852호 (전부개정); sources GOA_8852, GOA_11690)",,
교육과술부장관,교육과학기술부,education,2008-02-29,2013-03-22,typo,교육과학기술부 with 학기 dropped.,"kr-hearings-data v10 ministry_name_variants.csv (role minister, 2 turns, 2011-09-19..2011-09-19, terms 18, sources hwp,xlsx); offices.json OF035 (법률 제8852호 (전부개정); sources GOA_8852, GOA_11690)",,
교육과학기술기술부장관,교육과학기술부,education,2008-02-29,2013-03-22,typo,교육과학기술부 with 기술 doubled.,"kr-hearings-data v10 ministry_name_variants.csv (role minister, 1 turns, 2012-07-12..2012-07-12, terms 19, sources xlsx); offices.json OF035 (법률 제8852호 (전부개정); sources GOA_8852, GOA_11690)",,
교육과학기술부,교육과학기술부,education,2008-02-29,2013-03-22,official,Official name. OF035 행정각부 (장관은 국무위원으로 보한다).,"offices.json OF035 (법률 제8852호 (전부개정); sources GOA_8852, GOA_11690)",,
교육과학기술부장관,교육과학기술부,education,2008-02-29,2013-03-22,official,Official head title. OF035 행정각부 (장관은 국무위원으로 보한다).,"offices.json OF035 (법률 제8852호 (전부개정); sources GOA_8852, GOA_11690) | kr-hearings-data v10 ministry_name_variants.csv (role minister, 37937 turns, 2008-05-02..2013-03-19, terms 17,18,19, sources hwp,xlsx,xml); offices.json OF035 (법률 제8852호 (전부개정); sources GOA_8852, GOA_11690)",,
교육과학기술부장관후보자,교육과학기술부,education,2008-02-29,2013-03-22,title_form,"Nominee title. Links to nominations.csv, not to spells.","kr-hearings-data v10 ministry_name_variants.csv (role minister_nominee, 2141 turns, 2010-08-23..2013-02-28, terms 18,19, sources hwp,xlsx); offices.json OF035 (법률 제8852호 (전부개정); sources GOA_8852, GOA_11690)",,
교육과학기술부제1차관,교육과학기술부,education,2008-02-29,2013-03-22,title_form,"Vice minister title. Not a cabinet office, kr-hearings should not link it to spells.","kr-hearings-data v10 ministry_name_variants.csv (role vice_minister, 4988 turns, 2008-05-02..2013-03-19, terms 17,18,19, sources hwp,xlsx,xml); offices.json OF035 (법률 제8852호 (전부개정); sources GOA_8852, GOA_11690)",,
교육과학기술부제2차관,교육과학기술부,education,2008-02-29,2013-03-22,title_form,"Vice minister title. Not a cabinet office, kr-hearings should not link it to spells.","kr-hearings-data v10 ministry_name_variants.csv (role vice_minister, 3868 turns, 2008-05-09..2013-02-05, terms 17,18,19, sources hwp,xlsx,xml); offices.json OF035 (법률 제8852호 (전부개정); sources GOA_8852, GOA_11690)",,
교육기술과학부,교육과학기술부,education,2008-02-29,2013-03-22,typo,Garbled ministry name that kr-hearings wrote into ministry_normalized for the position string(s) 교육기술과학부장관.,"kr-hearings-data v10 ministry_name_variants.csv (ministry_normalized '교육기술과학부'); offices.json OF035 (법률 제8852호 (전부개정); sources GOA_8852, GOA_11690)",,
교육기술과학부장관,교육과학기술부,education,2008-02-29,2013-03-22,typo,교육과학기술부 with 과학 and 기술 swapped. Kr-hearings ministry_normalized is '교육기술과학부'.,"kr-hearings-data v10 ministry_name_variants.csv (role minister, 1 turns, 2009-09-24..2009-09-24, terms 18, sources hwp); offices.json OF035 (법률 제8852호 (전부개정); sources GOA_8852, GOA_11690)",,
교육기술부장관,교육과학기술부,education,2008-02-29,2013-03-22,typo,교육과학기술부 with 과학 dropped.,"kr-hearings-data v10 ministry_name_variants.csv (role minister, 2 turns, 2009-02-24..2009-02-24, terms 18, sources hwp,xlsx); offices.json OF035 (법률 제8852호 (전부개정); sources GOA_8852, GOA_11690)",,
교육부,교육과학기술부,education,2008-02-29,2013-03-22,ambiguous_short,"Short form of 교육과학기술부. 교육부 is an official name in 1998-2001 and from 2013. In between it is a loose reference to the ministry of the day. The same string also denotes OF015, OF031, OF048 in other periods, resolve by date.","kr-hearings-data v9 all_speeches speech_text: 4586 occurrences of '교육부' in the legal period of 교육과학기술부 (OF035); first example 2008-05-09 meeting 37039 speaker '김영선 위원': "" 있어서 그 위험성이나 시도성이나 또 예측 불가능성 등 독특한 분야가 있기 때문에 충분한 논의와 대책 없이 교육부와 과기부가 합친 것에 대해서 심각한 우려를 금하지 않을 수 없습니다. 그런데 마침 나와 있는 법률들이"" (scan rule and counts in interface/work/short_form_attestation.json); offices.json OF035 (법률 제8852호 (전부개정); sources GOA_8852, GOA_11690)",,
교육부장관,교육과학기술부,education,2008-02-29,2013-03-22,ambiguous_short,"Short form of 교육과학기술부. 교육부 is an official name in 1998-2001 and from 2013. In between it is a loose reference to the ministry of the day. The same string also denotes OF015, OF031, OF048 in other periods, resolve by date.","kr-hearings-data v9 all_speeches speech_text: 4586 occurrences of '교육부' in the legal period of 교육과학기술부 (OF035); first example 2008-05-09 meeting 37039 speaker '김영선 위원': "" 있어서 그 위험성이나 시도성이나 또 예측 불가능성 등 독특한 분야가 있기 때문에 충분한 논의와 대책 없이 교육부와 과기부가 합친 것에 대해서 심각한 우려를 금하지 않을 수 없습니다. 그런데 마침 나와 있는 법률들이"" (scan rule and counts in interface/work/short_form_attestation.json); offices.json OF035 (법률 제8852호 (전부개정); sources GOA_8852, GOA_11690)",,
○敎育部次官,교육부,education,1998-02-25,2001-01-28,title_form,"Hanja form of 교육부차관. Raw form of '敎育部次官' (normalization strips markers and spaces and applies NFKC). Vice minister title. Not a cabinet office, kr-hearings should not link it to spells.","kr-hearings-data v10 ministry_name_variants.csv (role vice_minister, 1 turns, 2000-06-23..2000-06-23, terms 16, sources xml); offices.json OF015 (법률 제5153호; sources GOA_5153, GOA_5529, GOA_6400)",,
○敎育部次官,교육부,education,2013-03-23,2026-09-24,title_form,"Hanja form of 교육부차관. Raw form of '敎育部次官' (normalization strips markers and spaces and applies NFKC). Vice minister title. Not a cabinet office, kr-hearings should not link it to spells.","kr-hearings-data v10 ministry_name_variants.csv (role vice_minister, 1 turns, 2000-06-23..2000-06-23, terms 16, sources xml); offices.json OF048 (법률 제11690호 (전부개정); sources GOA_11690, GOA_12844, GOA_21065_a, GOA_21065_b)",,
敎育部次官,교육부,education,1998-02-25,2001-01-28,title_form,"Hanja form of 교육부차관. Vice minister title. Not a cabinet office, kr-hearings should not link it to spells.","kr-hearings-data v10 ministry_name_variants.csv (role vice_minister, 356 turns, 2000-06-23..2000-12-21, terms 16, sources xml); offices.json OF015 (법률 제5153호; sources GOA_5153, GOA_5529, GOA_6400) | kr-hearings-data v10 ministry_name_variants.csv (role vice_minister, 1 turns, 2000-06-23..2000-06-23, terms 16, sources xml); offices.json OF015 (법률 제5153호; sources GOA_5153, GOA_5529, GOA_6400)",,
敎育部次官,교육부,education,2013-03-23,2026-09-24,title_form,"Hanja form of 교육부차관. Vice minister title. Not a cabinet office, kr-hearings should not link it to spells.","kr-hearings-data v10 ministry_name_variants.csv (role vice_minister, 356 turns, 2000-06-23..2000-12-21, terms 16, sources xml); offices.json OF048 (법률 제11690호 (전부개정); sources GOA_11690, GOA_12844, GOA_21065_a, GOA_21065_b) | kr-hearings-data v10 ministry_name_variants.csv (role vice_minister, 1 turns, 2000-06-23..2000-06-23, terms 16, sources xml); offices.json OF048 (법률 제11690호 (전부개정); sources GOA_11690, GOA_12844, GOA_21065_a, GOA_21065_b)",,
敎育部長官,교육부,education,1998-02-25,2001-01-28,hanja,Hanja form of 교육부장관.,"kr-hearings-data v10 ministry_name_variants.csv (role minister, 735 turns, 2000-06-22..2000-12-22, terms 16, sources xml); offices.json OF015 (법률 제5153호; sources GOA_5153, GOA_5529, GOA_6400)",,
敎育部長官,교육부,education,2013-03-23,2026-09-24,hanja,Hanja form of 교육부장관.,"kr-hearings-data v10 ministry_name_variants.csv (role minister, 735 turns, 2000-06-22..2000-12-22, terms 16, sources xml); offices.json OF048 (법률 제11690호 (전부개정); sources GOA_11690, GOA_12844, GOA_21065_a, GOA_21065_b)",,
교육부,교육부,education,1998-02-25,2001-01-28,official,Official name. OF015 행정각부 (장관은 국무위원으로 보한다).,"offices.json OF015 (법률 제5153호; sources GOA_5153, GOA_5529, GOA_6400)",,
교육부,교육부,education,2013-03-23,2026-09-24,official,Official name. OF048 행정각부 (장관은 국무위원으로 보한다).,"offices.json OF048 (법률 제11690호 (전부개정); sources GOA_11690, GOA_12844, GOA_21065_a, GOA_21065_b)",,
교육부장관,교육부,education,1998-02-25,2001-01-28,official,Official head title. OF015 행정각부 (장관은 국무위원으로 보한다).,"offices.json OF015 (법률 제5153호; sources GOA_5153, GOA_5529, GOA_6400) | kr-hearings-data v10 ministry_name_variants.csv (role minister, 7265 turns, 2000-06-22..2026-09-14, terms 16,19,22, sources xlsx,xml); offices.json OF015 (법률 제5153호; sources GOA_5153, GOA_5529, GOA_6400)",,
교육부장관,교육부,education,2013-03-23,2026-09-24,official,Official head title. OF048 행정각부 (장관은 국무위원으로 보한다).,"offices.json OF048 (법률 제11690호 (전부개정); sources GOA_11690, GOA_12844, GOA_21065_a, GOA_21065_b) | kr-hearings-data v10 ministry_name_variants.csv (role minister, 7265 turns, 2000-06-22..2026-09-14, terms 16,19,22, sources xlsx,xml); offices.json OF048 (법률 제11690호 (전부개정); sources GOA_11690, GOA_12844, GOA_21065_a, GOA_21065_b)",,
교육부장관직무대리,교육부,education,1998-02-25,2001-01-28,acting_form,"Acting head. kr-hearings never links acting heads to spells, normalization only.","kr-hearings-data v10 ministry_name_variants.csv (role minister_acting, 157 turns, 2014-08-08..2014-08-08, terms 19, sources xlsx); offices.json OF015 (법률 제5153호; sources GOA_5153, GOA_5529, GOA_6400)",,
교육부장관직무대리,교육부,education,2013-03-23,2026-09-24,acting_form,"Acting head. kr-hearings never links acting heads to spells, normalization only.","kr-hearings-data v10 ministry_name_variants.csv (role minister_acting, 157 turns, 2014-08-08..2014-08-08, terms 19, sources xlsx); offices.json OF048 (법률 제11690호 (전부개정); sources GOA_11690, GOA_12844, GOA_21065_a, GOA_21065_b)",,
교육부장관직무대행,교육부,education,1998-02-25,2001-01-28,acting_form,"Acting head. kr-hearings never links acting heads to spells, normalization only.","kr-hearings-data v10 ministry_name_variants.csv (role minister_acting, 2096 turns, 2022-05-17..2022-10-21, terms 21, sources xlsx); offices.json OF015 (법률 제5153호; sources GOA_5153, GOA_5529, GOA_6400)",,
교육부장관직무대행,교육부,education,2013-03-23,2026-09-24,acting_form,"Acting head. kr-hearings never links acting heads to spells, normalization only.","kr-hearings-data v10 ministry_name_variants.csv (role minister_acting, 2096 turns, 2022-05-17..2022-10-21, terms 21, sources xlsx); offices.json OF048 (법률 제11690호 (전부개정); sources GOA_11690, GOA_12844, GOA_21065_a, GOA_21065_b)",,
교육부장관후보자,교육부,education,1998-02-25,2001-01-28,title_form,"Nominee title. Links to nominations.csv, not to spells.","kr-hearings-data v10 ministry_name_variants.csv (role minister_nominee, 1608 turns, 2014-07-09..2014-08-07, terms 19, sources xlsx); offices.json OF015 (법률 제5153호; sources GOA_5153, GOA_5529, GOA_6400)",,
교육부장관후보자,교육부,education,2013-03-23,2026-09-24,title_form,"Nominee title. Links to nominations.csv, not to spells.","kr-hearings-data v10 ministry_name_variants.csv (role minister_nominee, 1608 turns, 2014-07-09..2014-08-07, terms 19, sources xlsx); offices.json OF048 (법률 제11690호 (전부개정); sources GOA_11690, GOA_12844, GOA_21065_a, GOA_21065_b)",,
교육부차관,교육부,education,1998-02-25,2001-01-28,title_form,"Vice minister title. Not a cabinet office, kr-hearings should not link it to spells.","kr-hearings-data v10 ministry_name_variants.csv (role vice_minister, 2845 turns, 2000-06-23..2024-12-18, terms 16,19,20,21,22, sources xlsx,xml); offices.json OF015 (법률 제5153호; sources GOA_5153, GOA_5529, GOA_6400)",,
교육부차관,교육부,education,2013-03-23,2026-09-24,title_form,"Vice minister title. Not a cabinet office, kr-hearings should not link it to spells.","kr-hearings-data v10 ministry_name_variants.csv (role vice_minister, 2845 turns, 2000-06-23..2024-12-18, terms 16,19,20,21,22, sources xlsx,xml); offices.json OF048 (법률 제11690호 (전부개정); sources GOA_11690, GOA_12844, GOA_21065_a, GOA_21065_b)",,
교육부차관직무대리,교육부,education,1998-02-25,2001-01-28,title_form,"Vice minister title. Not a cabinet office, kr-hearings should not link it to spells.","kr-hearings-data v10 ministry_name_variants.csv (role vice_minister, 12 turns, 2023-12-07..2023-12-07, terms 21, sources xlsx); offices.json OF015 (법률 제5153호; sources GOA_5153, GOA_5529, GOA_6400)",,
교육부차관직무대리,교육부,education,2013-03-23,2026-09-24,title_form,"Vice minister title. Not a cabinet office, kr-hearings should not link it to spells.","kr-hearings-data v10 ministry_name_variants.csv (role vice_minister, 12 turns, 2023-12-07..2023-12-07, terms 21, sources xlsx); offices.json OF048 (법률 제11690호 (전부개정); sources GOA_11690, GOA_12844, GOA_21065_a, GOA_21065_b)",,
교육부총리,교육부,education,2014-11-19,2025-09-30,ambiguous_short,"Short form of 교육부 (deputy PM title). The same string also denotes OF031 in other periods, resolve by date. Deputy PM period (부총리 겸 교육부장관).","kr-hearings-data v9 all_speeches speech_text: 629 occurrences of '교육부총리' in the legal period of 교육부 (OF048); first example 2014-12-03 meeting 44721 speaker '김태년 위원': ""겠어요? 교육ㆍ복지, 교육을 강화하고 복지를 확대하고 문화를 신장시키고, 좀 힘을 가지고 이런 일을 하라고 교육부총리로 승격시켜 놓은 것 아니겠습니까? 그런데 재정이 뒷받침돼야 되잖아요? 그러면 최소한 기재부를 상대"" (scan rule and counts in interface/work/short_form_attestation.json); offices.json OF048 (법률 제11690호 (전부개정); sources GOA_11690, GOA_12844, GOA_21065_a, GOA_21065_b)",,
부총리 겸 교육부장관,교육부,education,2014-11-19,2025-09-30,deputy_pm_prefix,Official deputy PM title. OF048 행정각부 (장관은 국무위원으로 보한다).,"offices.json OF048 (법률 제11690호 (전부개정); sources GOA_11690, GOA_12844, GOA_21065_a, GOA_21065_b)",,
부총리겸교육부장관,교육부,education,2014-11-19,2025-09-30,deputy_pm_prefix,Deputy PM title without spaces. OF048 행정각부 (장관은 국무위원으로 보한다). Deputy PM title. Deputy PM period (부총리 겸 교육부장관).,"offices.json OF048 (법률 제11690호 (전부개정); sources GOA_11690, GOA_12844, GOA_21065_a, GOA_21065_b) | kr-hearings-data v10 ministry_name_variants.csv (role minister, 24782 turns, 2014-12-03..2025-09-18, terms 19,20,21,22, sources xlsx,xml); offices.json OF048 (법률 제11690호 (전부개정); sources GOA_11690, GOA_12844, GOA_21065_a, GOA_21065_b)",,
부총리겸교육부장관후보자,교육부,education,2014-11-19,2025-09-30,deputy_pm_prefix,"Deputy PM nominee title. Nominee title. Links to nominations.csv, not to spells. Deputy PM period (부총리 겸 교육부장관).","kr-hearings-data v10 ministry_name_variants.csv (role minister_nominee, 3922 turns, 2016-01-07..2022-10-28, terms 19,20,21, sources xlsx,xml); offices.json OF048 (법률 제11690호 (전부개정); sources GOA_11690, GOA_12844, GOA_21065_a, GOA_21065_b)",,
사회부총리,교육부,education,2014-11-19,2025-09-30,short,Short form of 교육부 (deputy PM title). Deputy PM period (부총리 겸 교육부장관).,"kr-hearings-data v9 all_speeches speech_text: 794 occurrences of '사회부총리' in the legal period of 교육부 (OF048); first example 2014-12-05 meeting 44706 speaker '배재정 위원': ""그래도 사회부총리는 계셔야 되지 않겠습니까?"" (scan rule and counts in interface/work/short_form_attestation.json); offices.json OF048 (법률 제11690호 (전부개정); sources GOA_11690, GOA_12844, GOA_21065_a, GOA_21065_b)",,
副總理兼敎育人的資源部次官,교육인적자원부,education,2001-01-29,2008-02-28,title_form,"Vice minister, hanja, the minister's 副總理兼 prefix carried onto the vice minister title. Vice minister title. Not a cabinet office, kr-hearings should not link it to spells.","kr-hearings-data v10 ministry_name_variants.csv (role vice_minister, 1 turns, 2003-11-04..2003-11-04, terms 16, sources xml); offices.json OF031 (법률 제6400호; sources GOA_6400, GOA_8852)",,
副總理兼敎育人的資源部長官,교육인적자원부,education,2001-01-29,2008-02-28,hanja,"Hanja form of 부총리겸교육인적자원부장관, deputy PM title. Deputy PM period (부총리 겸 교육인적자원부장관).","kr-hearings-data v10 ministry_name_variants.csv (role minister, 4475 turns, 2001-02-05..2004-02-19, terms 16, sources xml); offices.json OF031 (법률 제6400호; sources GOA_6400, GOA_8852)",,
副總理兼敎育人的資源部長관,교육인적자원부,education,2001-01-29,2008-02-28,hanja,Hanja deputy PM title ending in hangul 관 (mixed script). Deputy PM period (부총리 겸 교육인적자원부장관).,"kr-hearings-data v10 ministry_name_variants.csv (role minister, 1 turns, 2002-02-15..2002-02-15, terms 16, sources xml); offices.json OF031 (법률 제6400호; sources GOA_6400, GOA_8852)",,
副總理兼敎育人的資源長官,교육인적자원부,education,2001-01-29,2008-02-28,typo,Hanja deputy PM title with 部 dropped. Speaker 韓完相 on 2001-09-10 (v10 xml conf 24857 turn 115). Deputy PM period (부총리 겸 교육인적자원부장관).,"kr-hearings-data v10 ministry_name_variants.csv (role minister, 1 turns, 2001-09-10..2001-09-10, terms 16, sources xml); offices.json OF031 (법률 제6400호; sources GOA_6400, GOA_8852)",,
副總理謙敎育人的資源部長官,교육인적자원부,education,2001-01-29,2008-02-28,typo,"Hanja deputy PM title, 兼 written as 謙. Deputy PM period (부총리 겸 교육인적자원부장관).","kr-hearings-data v10 ministry_name_variants.csv (role minister, 1 turns, 2001-09-05..2001-09-05, terms 16, sources xml); offices.json OF031 (법률 제6400호; sources GOA_6400, GOA_8852)",,
敎育人的資源部次官,교육인적자원부,education,2001-01-29,2008-02-28,title_form,"Hanja form of 교육인적자원부차관. Vice minister title. Not a cabinet office, kr-hearings should not link it to spells.","kr-hearings-data v10 ministry_name_variants.csv (role vice_minister, 1121 turns, 2001-02-19..2004-02-16, terms 16, sources xml); offices.json OF031 (법률 제6400호; sources GOA_6400, GOA_8852)",,
敎育人的資部次官,교육인적자원부,education,2001-01-29,2008-02-28,title_form,"Vice minister, hanja with 源 dropped. Vice minister title. Not a cabinet office, kr-hearings should not link it to spells.","kr-hearings-data v10 ministry_name_variants.csv (role vice_minister, 1 turns, 2001-03-06..2001-03-06, terms 16, sources xml); offices.json OF031 (법률 제6400호; sources GOA_6400, GOA_8852)",,
교육부,교육인적자원부,education,2001-01-29,2008-02-28,ambiguous_short,"Short form of 교육인적자원부. 교육부 is an official name in 1998-2001 and from 2013. In between it is a loose reference to the ministry of the day. The same string also denotes OF015, OF035, OF048 in other periods, resolve by date.","kr-hearings-data v9 all_speeches speech_text: 17515 occurrences of '교육부' in the legal period of 교육인적자원부 (OF031); first example 2001-06-25 meeting 29258 speaker '도종이 위원': ""자격시험을 현재는 주고 있습니다. 그러나 이 제도를 적어도 학력이, 앞으로 9년 후이기 때문에 1년 정도는 교육부하고의 어떤 대안을, 적어도 이 학생들이 국제 WTO의 어떤 자격을 이수할 수 있는 교육적 행정도 뒷받"" (scan rule and counts in interface/work/short_form_attestation.json); offices.json OF031 (법률 제6400호; sources GOA_6400, GOA_8852)",,
교육부장관,교육인적자원부,education,2001-01-29,2008-02-28,ambiguous_short,"Short form of 교육인적자원부. 교육부 is an official name in 1998-2001 and from 2013. In between it is a loose reference to the ministry of the day. The same string also denotes OF015, OF035, OF048 in other periods, resolve by date.","kr-hearings-data v9 all_speeches speech_text: 17515 occurrences of '교육부' in the legal period of 교육인적자원부 (OF031); first example 2001-06-25 meeting 29258 speaker '도종이 위원': ""자격시험을 현재는 주고 있습니다. 그러나 이 제도를 적어도 학력이, 앞으로 9년 후이기 때문에 1년 정도는 교육부하고의 어떤 대안을, 적어도 이 학생들이 국제 WTO의 어떤 자격을 이수할 수 있는 교육적 행정도 뒷받"" (scan rule and counts in interface/work/short_form_attestation.json); offices.json OF031 (법률 제6400호; sources GOA_6400, GOA_8852)",,
교육부총리,교육인적자원부,education,2001-01-29,2008-02-28,ambiguous_short,"Short form of 교육인적자원부 (deputy PM title). The same string also denotes OF048 in other periods, resolve by date. Deputy PM period (부총리 겸 교육인적자원부장관).","kr-hearings-data v9 all_speeches speech_text: 1664 occurrences of '교육부총리' in the legal period of 교육인적자원부 (OF031); first example 2003-12-16 meeting 31710 speaker '진술인 이중흔': ""이공계 분야를 포함한 각 부처의 인적자원 관련 정책들을 범부처적인 차원에서 총괄ㆍ조정하도록 하고 있습니다. 교육부총리를 의장으로 하고 인적자원 관련 14개 부처 장관들이 참여하는 인적자원개발회의를 설치하여 우리나라 "" (scan rule and counts in interface/work/short_form_attestation.json); offices.json OF031 (법률 제6400호; sources GOA_6400, GOA_8852)",,
교육인적자원부,교육인적자원부,education,2001-01-29,2008-02-28,official,Official name. OF031 행정각부 (장관은 국무위원으로 보한다).,"offices.json OF031 (법률 제6400호; sources GOA_6400, GOA_8852)",,
교육인적자원부장관,교육인적자원부,education,2001-01-29,2008-02-28,official,Official head title. OF031 행정각부 (장관은 국무위원으로 보한다).,"offices.json OF031 (법률 제6400호; sources GOA_6400, GOA_8852) | kr-hearings-data v10 ministry_name_variants.csv (role minister, 1 turns, 2006-10-13..2006-10-13, terms 17, sources xlsx); offices.json OF031 (법률 제6400호; sources GOA_6400, GOA_8852)",,
교육인적자원부제2차관,교육인적자원부,education,2001-01-29,2008-02-28,title_form,"Vice minister title. Not a cabinet office, kr-hearings should not link it to spells. Observed outside every valid period of this canonical ministry on 2011-08-24.","kr-hearings-data v10 ministry_name_variants.csv (role vice_minister, 3 turns, 2011-08-24..2011-08-24, terms 18, sources hwp); offices.json OF031 (법률 제6400호; sources GOA_6400, GOA_8852)",,
교육인적자원부차관,교육인적자원부,education,2001-01-29,2008-02-28,title_form,"Vice minister title. Not a cabinet office, kr-hearings should not link it to spells.","kr-hearings-data v10 ministry_name_variants.csv (role vice_minister, 3624 turns, 2001-02-19..2008-02-26, terms 16,17, sources xlsx,xml); offices.json OF031 (법률 제6400호; sources GOA_6400, GOA_8852)",,
부총리 겸 교육인적자원부장관,교육인적자원부,education,2001-01-29,2008-02-28,deputy_pm_prefix,Official deputy PM title. OF031 행정각부 (장관은 국무위원으로 보한다).,"offices.json OF031 (법률 제6400호; sources GOA_6400, GOA_8852)",,
부총리겸교육인적자부장관,교육인적자원부,education,2001-01-29,2008-02-28,typo,"Deputy PM title, 교육인적자원부 with 원 dropped. Deputy PM period (부총리 겸 교육인적자원부장관).","kr-hearings-data v10 ministry_name_variants.csv (role minister, 1 turns, 2006-06-22..2006-06-22, terms 17, sources xlsx); offices.json OF031 (법률 제6400호; sources GOA_6400, GOA_8852)",,
부총리겸교육인적자원부,교육인적자원부,education,2001-01-29,2008-02-28,typo,Deputy PM title with 장관 dropped. Deputy PM period (부총리 겸 교육인적자원부장관).,"kr-hearings-data v10 ministry_name_variants.csv (role minister, 2 turns, 2007-10-09..2007-10-09, terms 17, sources xlsx); offices.json OF031 (법률 제6400호; sources GOA_6400, GOA_8852)",,
부총리겸교육인적자원부장관,교육인적자원부,education,2001-01-29,2008-02-28,deputy_pm_prefix,Deputy PM title without spaces. OF031 행정각부 (장관은 국무위원으로 보한다). Deputy PM title. Deputy PM period (부총리 겸 교육인적자원부장관).,"offices.json OF031 (법률 제6400호; sources GOA_6400, GOA_8852) | kr-hearings-data v10 ministry_name_variants.csv (role minister, 16424 turns, 2001-02-19..2008-01-30, terms 16,17, sources xlsx,xml); offices.json OF031 (법률 제6400호; sources GOA_6400, GOA_8852)",,
부총리겸교육인적자원부장관안병영,교육인적자원부,education,2001-01-29,2008-02-28,deputy_pm_prefix,Deputy PM title with the person name 안병영 fused to it. Deputy PM period (부총리 겸 교육인적자원부장관).,"kr-hearings-data v10 ministry_name_variants.csv (role minister, 1 turns, 2004-11-12..2004-11-12, terms 17, sources xml); offices.json OF031 (법률 제6400호; sources GOA_6400, GOA_8852)",,
부총리겸교육인적자원부장관후보자,교육인적자원부,education,2001-01-29,2008-02-28,deputy_pm_prefix,"Deputy PM nominee title. Nominee title. Links to nominations.csv, not to spells. Deputy PM period (부총리 겸 교육인적자원부장관).","kr-hearings-data v10 ministry_name_variants.csv (role minister_nominee, 1340 turns, 2006-07-18..2008-02-27, terms 17, sources xlsx); offices.json OF031 (법률 제6400호; sources GOA_6400, GOA_8852)",,
부총리겸교육인적자원부차관,교육인적자원부,education,2001-01-29,2008-02-28,title_form,"Vice minister, the minister's 부총리겸 prefix carried onto the vice minister title. Vice minister title. Not a cabinet office, kr-hearings should not link it to spells.","kr-hearings-data v10 ministry_name_variants.csv (role vice_minister, 1 turns, 2003-11-04..2003-11-04, terms 16, sources xlsx); offices.json OF031 (법률 제6400호; sources GOA_6400, GOA_8852)",,
부총리겸교육적인자원부장관후보자,교육인적자원부,education,2001-01-29,2008-02-28,typo,"Deputy PM nominee title, 인적 written 적인. Nominee title. Links to nominations.csv, not to spells. Deputy PM period (부총리 겸 교육인적자원부장관).","kr-hearings-data v10 ministry_name_variants.csv (role minister_nominee, 2 turns, 2008-02-27..2008-02-27, terms 17, sources xlsx); offices.json OF031 (법률 제6400호; sources GOA_6400, GOA_8852)",,
기후부,기후에너지환경부,environment,2025-10-01,2026-09-24,short,Short form of 기후에너지환경부.,"kr-hearings-data v9 all_speeches speech_text: 1032 occurrences of '기후부' in the legal period of 기후에너지환경부 (OF062); first example 2026-08-20 meeting v10xml:57174 speaker '대도시권광역교통위원회상임위원 박지홍': ""대광위 상임위원입니다. 지금 이게 기후부 보조금이 있고 또 저희 저상버스 보조금이 있고 이렇게 하다 보니까 지자체에서 매칭을 하면서 조금 부서별로 "" (scan rule and counts in interface/work/short_form_attestation.json); offices.json OF062 (법률 제21065호; sources GOA_21065_a, GOA_21065_b)",,
기후부장관,기후에너지환경부,environment,2025-10-01,2026-09-24,short,Short form of 기후에너지환경부.,"kr-hearings-data v9 all_speeches speech_text: 1032 occurrences of '기후부' in the legal period of 기후에너지환경부 (OF062); first example 2026-08-20 meeting v10xml:57174 speaker '대도시권광역교통위원회상임위원 박지홍': ""대광위 상임위원입니다. 지금 이게 기후부 보조금이 있고 또 저희 저상버스 보조금이 있고 이렇게 하다 보니까 지자체에서 매칭을 하면서 조금 부서별로 "" (scan rule and counts in interface/work/short_form_attestation.json); offices.json OF062 (법률 제21065호; sources GOA_21065_a, GOA_21065_b)",,
기후에너지부,기후에너지환경부,environment,2025-10-01,2026-09-24,short,Short form of 기후에너지환경부.,"kr-hearings-data v9 all_speeches speech_text: 222 occurrences of '기후에너지부' in the legal period of 기후에너지환경부 (OF062); first example 2026-08-25 meeting v10xml:57180 speaker '소위원장 김형동': ""됐던 것 같은데, 또 더 위에 올라가면 경북 신도청은 허허벌판입니다. 그런 데는 에너지원도 다양하게 하고, 기후에너지부가 할 수 있는 게 실험을 넘어서 진짜 실용적으로 할 수 있는 게 많을 것 같은데 이게 51%, "" (scan rule and counts in interface/work/short_form_attestation.json); offices.json OF062 (법률 제21065호; sources GOA_21065_a, GOA_21065_b)",,
기후에너지부장관,기후에너지환경부,environment,2025-10-01,2026-09-24,short,Short form of 기후에너지환경부.,"kr-hearings-data v9 all_speeches speech_text: 222 occurrences of '기후에너지부' in the legal period of 기후에너지환경부 (OF062); first example 2026-08-25 meeting v10xml:57180 speaker '소위원장 김형동': ""됐던 것 같은데, 또 더 위에 올라가면 경북 신도청은 허허벌판입니다. 그런 데는 에너지원도 다양하게 하고, 기후에너지부가 할 수 있는 게 실험을 넘어서 진짜 실용적으로 할 수 있는 게 많을 것 같은데 이게 51%, "" (scan rule and counts in interface/work/short_form_attestation.json); offices.json OF062 (법률 제21065호; sources GOA_21065_a, GOA_21065_b)",,
기후에너지환경부,기후에너지환경부,environment,2025-10-01,2026-09-24,official,Official name. OF062 행정각부 (장관은 국무위원으로 보한다).,"offices.json OF062 (법률 제21065호; sources GOA_21065_a, GOA_21065_b)",,
기후에너지환경부장관,기후에너지환경부,environment,2025-10-01,2026-09-24,official,Official head title. OF062 행정각부 (장관은 국무위원으로 보한다).,"offices.json OF062 (법률 제21065호; sources GOA_21065_a, GOA_21065_b) | kr-hearings-data v10 ministry_name_variants.csv (role minister, 135 turns, 2026-02-10..2026-09-14, terms 22, sources xml); offices.json OF062 (법률 제21065호; sources GOA_21065_a, GOA_21065_b)",,
환경부,기후에너지환경부,environment,2025-10-01,2026-09-24,ambiguous_short,"Short form of 기후에너지환경부. 환경부 is the official name until 2025-09-30. Later it is a loose reference to 기후에너지환경부. The same string also denotes OF018 in other periods, resolve by date.","kr-hearings-data v9 all_speeches speech_text: 745 occurrences of '환경부' in the legal period of 기후에너지환경부 (OF062); first example 2026-08-25 meeting v10xml:57180 speaker '박해철 위원': ""제가 환경부로부터 받은 자료에 따르면 내년 말이 준공이고 이미 자산취득한 부분들이 작년 말일 자로 자산취득돼 가지고 그"" (scan rule and counts in interface/work/short_form_attestation.json); offices.json OF062 (법률 제21065호; sources GOA_21065_a, GOA_21065_b)",,
환경부장관,기후에너지환경부,environment,2025-10-01,2026-09-24,ambiguous_short,"Short form of 기후에너지환경부. 환경부 is the official name until 2025-09-30. Later it is a loose reference to 기후에너지환경부. The same string also denotes OF018 in other periods, resolve by date.","kr-hearings-data v9 all_speeches speech_text: 745 occurrences of '환경부' in the legal period of 기후에너지환경부 (OF062); first example 2026-08-25 meeting v10xml:57180 speaker '박해철 위원': ""제가 환경부로부터 받은 자료에 따르면 내년 말이 준공이고 이미 자산취득한 부분들이 작년 말일 자로 자산취득돼 가지고 그"" (scan rule and counts in interface/work/short_form_attestation.json); offices.json OF062 (법률 제21065호; sources GOA_21065_a, GOA_21065_b)",,
環境部次官,환경부,environment,1998-02-25,2025-09-30,title_form,"Hanja form of 환경부차관. Vice minister title. Not a cabinet office, kr-hearings should not link it to spells.","kr-hearings-data v10 ministry_name_variants.csv (role vice_minister, 748 turns, 2000-10-16..2003-12-08, terms 16, sources xml); offices.json OF018 (법률 제5153호; sources GOA_5153, GOA_5529, GOA_8852, GOA_11690, GOA_21065_a)",,
環境部長官,환경부,environment,1998-02-25,2025-09-30,hanja,Hanja form of 환경부장관.,"kr-hearings-data v10 ministry_name_variants.csv (role minister, 6412 turns, 2000-06-21..2004-02-19, terms 16, sources xml); offices.json OF018 (법률 제5153호; sources GOA_5153, GOA_5529, GOA_8852, GOA_11690, GOA_21065_a)",,
환경부,환경부,environment,1998-02-25,2025-09-30,official,Official name. OF018 행정각부 (장관은 국무위원으로 보한다).,"offices.json OF018 (법률 제5153호; sources GOA_5153, GOA_5529, GOA_8852, GOA_11690, GOA_21065_a)",,
환경부장관,환경부,environment,1998-02-25,2025-09-30,official,Official head title. OF018 행정각부 (장관은 국무위원으로 보한다).,"offices.json OF018 (법률 제5153호; sources GOA_5153, GOA_5529, GOA_8852, GOA_11690, GOA_21065_a) | kr-hearings-data v10 ministry_name_variants.csv (role minister, 54955 turns, 2000-06-21..2025-09-18, terms 16,17,18,19,20,21,22, sources hwp,xlsx,xml); offices.json OF018 (법률 제5153호; sources GOA_5153, GOA_5529, GOA_8852, GOA_11690, GOA_21065_a)",,
환경부장관직무대리,환경부,environment,1998-02-25,2025-09-30,acting_form,"Acting head. kr-hearings never links acting heads to spells, normalization only.","kr-hearings-data v10 ministry_name_variants.csv (role minister_acting, 10 turns, 2017-03-29..2017-03-29, terms 20, sources xlsx); offices.json OF018 (법률 제5153호; sources GOA_5153, GOA_5529, GOA_8852, GOA_11690, GOA_21065_a)",,
환경부장관후보자,환경부,environment,1998-02-25,2025-09-30,title_form,"Nominee title. Links to nominations.csv, not to spells.","kr-hearings-data v10 ministry_name_variants.csv (role minister_nominee, 5983 turns, 2006-04-05..2024-07-22, terms 17,18,19,20,21,22, sources hwp,xlsx,xml); offices.json OF018 (법률 제5153호; sources GOA_5153, GOA_5529, GOA_8852, GOA_11690, GOA_21065_a)",,
환경부차관,환경부,environment,1998-02-25,2025-09-30,title_form,"Vice minister title. Not a cabinet office, kr-hearings should not link it to spells.","kr-hearings-data v10 ministry_name_variants.csv (role vice_minister, 9344 turns, 2000-10-16..2024-11-21, terms 16,17,18,19,20,21,22, sources hwp,xlsx,xml); offices.json OF018 (법률 제5153호; sources GOA_5153, GOA_5529, GOA_8852, GOA_11690, GOA_21065_a)",,
경제부총리,기획재정부,finance,2013-03-23,2026-01-01,ambiguous_short,"Short form of 기획재정부 (deputy PM title). The same string also denotes OF023, OF064 in other periods, resolve by date. Deputy PM period (부총리 겸 기획재정부장관).","kr-hearings-data v9 all_speeches speech_text: 2967 occurrences of '경제부총리' in the legal period of 기획재정부 (OF034); first example 2013-12-05 meeting 43639 speaker '윤관석 위원': ""거기에 박근혜 대통령, 송영길 인천시장 그리고 현오석 경제부총리, 윤병세 외교부장관 또 국제적인 인사들까지 총출동을 했던 중요한 행사였습니다. 인천과 수도권에 이런 GCF"" (scan rule and counts in interface/work/short_form_attestation.json); offices.json OF034 (법률 제8852호 (전부개정); sources GOA_8852, GOA_11690, GOA_21065_b)",,
기재부,기획재정부,finance,2008-02-29,2026-01-01,short,Short form of 기획재정부.,"kr-hearings-data v9 all_speeches speech_text: 62656 occurrences of '기재부' in the legal period of 기획재정부 (OF034); first example 2008-05-14 meeting 37035 speaker '공정거래위원장 백용호': ""말씀드리겠습니다. 최근에 정부조직 개편에 따라서 과거 기재부가 했던 소비자 정책에 대한 업무가 공정거래위원회로 전부 다 이양이 됐습니다. 그래서 소비자 정책의 가장 중"" (scan rule and counts in interface/work/short_form_attestation.json); offices.json OF034 (법률 제8852호 (전부개정); sources GOA_8852, GOA_11690, GOA_21065_b)",,
기재부장관,기획재정부,finance,2008-02-29,2026-01-01,short,Short form of 기획재정부.,"kr-hearings-data v9 all_speeches speech_text: 62656 occurrences of '기재부' in the legal period of 기획재정부 (OF034); first example 2008-05-14 meeting 37035 speaker '공정거래위원장 백용호': ""말씀드리겠습니다. 최근에 정부조직 개편에 따라서 과거 기재부가 했던 소비자 정책에 대한 업무가 공정거래위원회로 전부 다 이양이 됐습니다. 그래서 소비자 정책의 가장 중"" (scan rule and counts in interface/work/short_form_attestation.json); offices.json OF034 (법률 제8852호 (전부개정); sources GOA_8852, GOA_11690, GOA_21065_b)",,
기회재정부제1차관,기획재정부,finance,2008-02-29,2026-01-01,title_form,"Vice minister, 기획 misspelled as 기회 (kr-hearings left ministry_normalized blank). Vice minister title. Not a cabinet office, kr-hearings should not link it to spells.","kr-hearings-data v10 ministry_name_variants.csv (role vice_minister, 1 turns, 2011-03-09..2011-03-09, terms 18, sources hwp); offices.json OF034 (법률 제8852호 (전부개정); sources GOA_8852, GOA_11690, GOA_21065_b)",,
기획개정부,기획재정부,finance,2008-02-29,2026-01-01,typo,Garbled ministry name that kr-hearings wrote into ministry_normalized for the position string(s) 기획개정부제1차관.,"kr-hearings-data v10 ministry_name_variants.csv (ministry_normalized '기획개정부'); offices.json OF034 (법률 제8852호 (전부개정); sources GOA_8852, GOA_11690, GOA_21065_b)",,
기획개정부제1차관,기획재정부,finance,2008-02-29,2026-01-01,title_form,"Vice minister, 재정 misspelled as 개정. Vice minister title. Not a cabinet office, kr-hearings should not link it to spells. Kr-hearings ministry_normalized is '기획개정부'.","kr-hearings-data v10 ministry_name_variants.csv (role vice_minister, 1 turns, 2011-06-20..2011-06-20, terms 18, sources hwp); offices.json OF034 (법률 제8852호 (전부개정); sources GOA_8852, GOA_11690, GOA_21065_b)",,
기획재정부,기획재정부,finance,2008-02-29,2026-01-01,official,Official name. OF034 행정각부 (장관은 국무위원으로 보한다).,"offices.json OF034 (법률 제8852호 (전부개정); sources GOA_8852, GOA_11690, GOA_21065_b)",,
기획재정부 제2차관,기획재정부,finance,2008-02-29,2026-01-01,title_form,"Raw form of '기획재정부제2차관' (normalization strips markers and spaces and applies NFKC). Vice minister title. Not a cabinet office, kr-hearings should not link it to spells.","kr-hearings-data v10 ministry_name_variants.csv (role vice_minister, 1 turns, 2008-12-06..2008-12-06, terms 18, sources hwp); offices.json OF034 (법률 제8852호 (전부개정); sources GOA_8852, GOA_11690, GOA_21065_b)",,
기획재정부2차관,기획재정부,finance,2008-02-29,2026-01-01,title_form,"Vice minister, 제 dropped. Vice minister title. Not a cabinet office, kr-hearings should not link it to spells.","kr-hearings-data v10 ministry_name_variants.csv (role vice_minister, 4 turns, 2011-09-21..2011-09-21, terms 18, sources hwp,xlsx); offices.json OF034 (법률 제8852호 (전부개정); sources GOA_8852, GOA_11690, GOA_21065_b)",,
기획재정부장관,기획재정부,finance,2008-02-29,2026-01-01,official,Official head title. OF034 행정각부 (장관은 국무위원으로 보한다).,"offices.json OF034 (법률 제8852호 (전부개정); sources GOA_8852, GOA_11690, GOA_21065_b) | kr-hearings-data v10 ministry_name_variants.csv (role minister, 35737 turns, 2008-05-09..2013-02-20, terms 17,18,19, sources hwp,xlsx,xml); offices.json OF034 (법률 제8852호 (전부개정); sources GOA_8852, GOA_11690, GOA_21065_b)",,
기획재정부장관직무대리,기획재정부,finance,2008-02-29,2026-01-01,acting_form,"Acting head. kr-hearings never links acting heads to spells, normalization only.","kr-hearings-data v10 ministry_name_variants.csv (role minister_acting, 153 turns, 2023-09-07..2025-04-03, terms 21,22, sources xml); offices.json OF034 (법률 제8852호 (전부개정); sources GOA_8852, GOA_11690, GOA_21065_b)",,
기획재정부장관직무대행,기획재정부,finance,2008-02-29,2026-01-01,acting_form,"Acting head. kr-hearings never links acting heads to spells, normalization only.","kr-hearings-data v10 ministry_name_variants.csv (role minister_acting, 1 turns, 2025-07-04..2025-07-04, terms 22, sources xml); offices.json OF034 (법률 제8852호 (전부개정); sources GOA_8852, GOA_11690, GOA_21065_b)",,
기획재정부장관후보자,기획재정부,finance,2008-02-29,2026-01-01,title_form,"Nominee title. Links to nominations.csv, not to spells.","kr-hearings-data v10 ministry_name_variants.csv (role minister_nominee, 3464 turns, 2009-02-06..2013-03-14, terms 18,19, sources hwp,xlsx); offices.json OF034 (법률 제8852호 (전부개정); sources GOA_8852, GOA_11690, GOA_21065_b)",,
기획재정부제1차관,기획재정부,finance,2008-02-29,2026-01-01,title_form,"Vice minister title. Not a cabinet office, kr-hearings should not link it to spells.","kr-hearings-data v10 ministry_name_variants.csv (role vice_minister, 11741 turns, 2008-05-15..2024-12-17, terms 17,18,19,20,21,22, sources hwp,xlsx,xml); offices.json OF034 (법률 제8852호 (전부개정); sources GOA_8852, GOA_11690, GOA_21065_b)",,
기획재정부제2차관,기획재정부,finance,2008-02-29,2026-01-01,title_form,"Vice minister title. Not a cabinet office, kr-hearings should not link it to spells.","kr-hearings-data v10 ministry_name_variants.csv (role vice_minister, 11913 turns, 2008-07-24..2025-09-16, terms 18,19,20,21,22, sources hwp,xlsx,xml); offices.json OF034 (법률 제8852호 (전부개정); sources GOA_8852, GOA_11690, GOA_21065_b) | kr-hearings-data v10 ministry_name_variants.csv (role vice_minister, 1 turns, 2008-12-06..2008-12-06, terms 18, sources hwp); offices.json OF034 (법률 제8852호 (전부개정); sources GOA_8852, GOA_11690, GOA_21065_b)",,
기획재정부제제1차관,기획재정부,finance,2008-02-29,2026-01-01,title_form,"Vice minister, 제 doubled. Vice minister title. Not a cabinet office, kr-hearings should not link it to spells.","kr-hearings-data v10 ministry_name_variants.csv (role vice_minister, 1 turns, 2011-06-20..2011-06-20, terms 18, sources hwp); offices.json OF034 (법률 제8852호 (전부개정); sources GOA_8852, GOA_11690, GOA_21065_b)",,
부총리 겸 기획재정부장관,기획재정부,finance,2013-03-23,2026-01-01,deputy_pm_prefix,Official deputy PM title. OF034 행정각부 (장관은 국무위원으로 보한다).,"offices.json OF034 (법률 제8852호 (전부개정); sources GOA_8852, GOA_11690, GOA_21065_b)",,
부총리겸기획재정부장관,기획재정부,finance,2013-03-23,2026-01-01,deputy_pm_prefix,Deputy PM title without spaces. OF034 행정각부 (장관은 국무위원으로 보한다). Deputy PM title. Deputy PM period (부총리 겸 기획재정부장관).,"offices.json OF034 (법률 제8852호 (전부개정); sources GOA_8852, GOA_11690, GOA_21065_b) | kr-hearings-data v10 ministry_name_variants.csv (role minister, 44239 turns, 2013-04-11..2025-12-02, terms 19,20,21,22, sources xlsx,xml); offices.json OF034 (법률 제8852호 (전부개정); sources GOA_8852, GOA_11690, GOA_21065_b)",,
부총리겸기획재정부장관후보자,기획재정부,finance,2013-03-23,2026-01-01,deputy_pm_prefix,"Deputy PM nominee title. Nominee title. Links to nominations.csv, not to spells. Deputy PM period (부총리 겸 기획재정부장관).","kr-hearings-data v10 ministry_name_variants.csv (role minister_nominee, 3951 turns, 2014-07-08..2023-12-19, terms 19,20,21, sources xlsx); offices.json OF034 (법률 제8852호 (전부개정); sources GOA_8852, GOA_11690, GOA_21065_b)",,
副總理兼經濟企劃院長官,재정경제부,finance,2001-01-29,2008-02-28,ambiguous_short,"Hanja deputy PM title with the defunct name 經濟企劃院 (경제기획원). Speaker 陳稔, then 부총리 겸 재정경제부장관, on 2001-09-03 (v10 xml conf 24676 turn 60). 경제기획원 itself predates offices.json and has no row until a 1988-1998 office inventory is merged. Irregular string, rows limited to the period(s) in which kr-hearings observed it (the canonical ministry has other periods). Deputy PM period (부총리 겸 재정경제부장관). Alias check round 2. 副總理兼經濟企劃院長官 is the correctly written title 부총리 겸 경제기획원장관 of the office that preceded 재정경제원 and 재정경제부 (경제기획원, 1961 to 1994-12-22, offices_1988.json OFA02, lineage epb), used here for the sitting 부총리 겸 재정경제부장관. That is an official name used loosely for a successor (README, ambiguous_short), not a misspelling. The 1988-1998 merge will add the OFA02 row.","kr-hearings-data v10 ministry_name_variants.csv (role minister, 1 turns, 2001-09-03..2001-09-03, terms 16, sources xml); offices.json OF023 (법률 제5529호 (전부개정); sources GOA_5529, GOA_6400, GOA_8852) | Alias check round 2, 2026-09-26 (interface/alias_check.md)",,
副總理兼財政經濟部長官,재정경제부,finance,2001-01-29,2008-02-28,hanja,"Hanja form of 부총리겸재정경제부장관, deputy PM title. Deputy PM period (부총리 겸 재정경제부장관).","kr-hearings-data v10 ministry_name_variants.csv (role minister, 5672 turns, 2001-02-05..2004-02-26, terms 16, sources xml); offices.json OF023 (법률 제5529호 (전부개정); sources GOA_5529, GOA_6400, GOA_8852)",,
副總理兼財政經濟部長官,재정경제부,finance,2026-01-02,2026-09-24,hanja,"Hanja form of 부총리겸재정경제부장관, deputy PM title. Deputy PM period (부총리 겸 재정경제부장관).","kr-hearings-data v10 ministry_name_variants.csv (role minister, 5672 turns, 2001-02-05..2004-02-26, terms 16, sources xml); offices.json OF064 (법률 제21065호; sources GOA_21065_b)",,
副總理謙財政經濟部長官,재정경제부,finance,2001-01-29,2008-02-28,typo,"Hanja deputy PM title, 兼 written as 謙. Irregular string, rows limited to the period(s) in which kr-hearings observed it (the canonical ministry has other periods). Deputy PM period (부총리 겸 재정경제부장관).","kr-hearings-data v10 ministry_name_variants.csv (role minister, 9 turns, 2001-02-14..2001-02-14, terms 16, sources xml); offices.json OF023 (법률 제5529호 (전부개정); sources GOA_5529, GOA_6400, GOA_8852)",,
總理兼財政經濟部長官,재정경제부,finance,2001-01-29,2008-02-28,typo,"Hanja deputy PM title with 副 dropped. Speaker 田允喆 on 2002-07-25 (v10 xml conf 26068 turn 178). Kr-hearings ministry_normalized is '총리겸재정경제부'. Irregular string, rows limited to the period(s) in which kr-hearings observed it (the canonical ministry has other periods). Deputy PM period (부총리 겸 재정경제부장관).","kr-hearings-data v10 ministry_name_variants.csv (role minister, 1 turns, 2002-07-25..2002-07-25, terms 16, sources xml); offices.json OF023 (법률 제5529호 (전부개정); sources GOA_5529, GOA_6400, GOA_8852)",,
財政經濟次官,재정경제부,finance,1998-02-28,2008-02-28,title_form,"Vice minister, hanja with 部 dropped. Vice minister title. Not a cabinet office, kr-hearings should not link it to spells. Irregular string, rows limited to the period(s) in which kr-hearings observed it (the canonical ministry has other periods).","kr-hearings-data v10 ministry_name_variants.csv (role vice_minister, 1 turns, 2001-11-05..2001-11-05, terms 16, sources xml); offices.json OF023 (법률 제5529호 (전부개정); sources GOA_5529, GOA_6400, GOA_8852)",,
財政經濟部次官,재정경제부,finance,1998-02-28,2008-02-28,title_form,"Hanja form of 재정경제부차관. Vice minister title. Not a cabinet office, kr-hearings should not link it to spells.","kr-hearings-data v10 ministry_name_variants.csv (role vice_minister, 4568 turns, 2000-07-10..2004-02-26, terms 16, sources xml); offices.json OF023 (법률 제5529호 (전부개정); sources GOA_5529, GOA_6400, GOA_8852)",,
財政經濟部次官,재정경제부,finance,2026-01-02,2026-09-24,title_form,"Hanja form of 재정경제부차관. Vice minister title. Not a cabinet office, kr-hearings should not link it to spells.","kr-hearings-data v10 ministry_name_variants.csv (role vice_minister, 4568 turns, 2000-07-10..2004-02-26, terms 16, sources xml); offices.json OF064 (법률 제21065호; sources GOA_21065_b)",,
財政經濟部稅制室次官,재정경제부,finance,1998-02-28,2008-02-28,title_form,"Vice minister, hanja with 稅制室 fused into the title. Vice minister title. Not a cabinet office, kr-hearings should not link it to spells. Irregular string, rows limited to the period(s) in which kr-hearings observed it (the canonical ministry has other periods).","kr-hearings-data v10 ministry_name_variants.csv (role vice_minister, 1 turns, 2002-02-15..2002-02-15, terms 16, sources xml); offices.json OF023 (법률 제5529호 (전부개정); sources GOA_5529, GOA_6400, GOA_8852)",,
財政經濟部長官,재정경제부,finance,1998-02-28,2008-02-28,hanja,Hanja form of 재정경제부장관.,"kr-hearings-data v10 ministry_name_variants.csv (role minister, 1491 turns, 2000-06-20..2001-02-14, terms 16, sources xml); offices.json OF023 (법률 제5529호 (전부개정); sources GOA_5529, GOA_6400, GOA_8852)",,
財政經濟部長官,재정경제부,finance,2026-01-02,2026-09-24,hanja,Hanja form of 재정경제부장관.,"kr-hearings-data v10 ministry_name_variants.csv (role minister, 1491 turns, 2000-06-20..2001-02-14, terms 16, sources xml); offices.json OF064 (법률 제21065호; sources GOA_21065_b)",,
財政經濟部차관,재정경제부,finance,1998-02-28,2008-02-28,title_form,"Hanja form of 재정경제부차관. Vice minister title. Not a cabinet office, kr-hearings should not link it to spells.","kr-hearings-data v10 ministry_name_variants.csv (role vice_minister, 1 turns, 2001-02-22..2001-02-22, terms 16, sources xml); offices.json OF023 (법률 제5529호 (전부개정); sources GOA_5529, GOA_6400, GOA_8852)",,
財政經濟部차관,재정경제부,finance,2026-01-02,2026-09-24,title_form,"Hanja form of 재정경제부차관. Vice minister title. Not a cabinet office, kr-hearings should not link it to spells.","kr-hearings-data v10 ministry_name_variants.csv (role vice_minister, 1 turns, 2001-02-22..2001-02-22, terms 16, sources xml); offices.json OF064 (법률 제21065호; sources GOA_21065_b)",,
財經部次官,재정경제부,finance,1998-02-28,2008-02-28,title_form,"Vice minister, hanja short form 財經部. Vice minister title. Not a cabinet office, kr-hearings should not link it to spells. Irregular string, rows limited to the period(s) in which kr-hearings observed it (the canonical ministry has other periods).","kr-hearings-data v10 ministry_name_variants.csv (role vice_minister, 1 turns, 2003-07-15..2003-07-15, terms 16, sources xml); offices.json OF023 (법률 제5529호 (전부개정); sources GOA_5529, GOA_6400, GOA_8852)",,
경제부총리,재정경제부,finance,2001-01-29,2008-02-28,ambiguous_short,"Short form of 재정경제부 (deputy PM title). The same string also denotes OF034, OF064 in other periods, resolve by date. Deputy PM period (부총리 겸 재정경제부장관).","kr-hearings-data v9 all_speeches speech_text: 1418 occurrences of '경제부총리' in the legal period of 재정경제부 (OF023); first example 2001-02-08 meeting 28654 speaker '위원장 김영일': ""임지고 국민들의 걱정을 덜어줄 수 있는 시원한 대책을 강구하는 모습이 안 보여서 우리가 안타깝게 생각하는데 경제부총리 제도도 생겼으니까 경제부총리가 주관해서 이 문제를 해결하든지 안 그러면 국무총리가 직접 주관해서 "" (scan rule and counts in interface/work/short_form_attestation.json); offices.json OF023 (법률 제5529호 (전부개정); sources GOA_5529, GOA_6400, GOA_8852)",,
경제부총리,재정경제부,finance,2026-01-02,2026-09-24,ambiguous_short,"Short form of 재정경제부 (deputy PM title). The same string also denotes OF023, OF034 in other periods, resolve by date. Deputy PM period (부총리 겸 재정경제부장관).","kr-hearings-data v9 all_speeches speech_text: 125 occurrences of '경제부총리' in the legal period of 재정경제부 (OF064); first example 2026-08-26 meeting v10xml:57186 speaker '배준영 위원': ""인천 중구강화군옹진군 국회의원 배준영 위원입니다. 구윤철 경제부총리님, 제가 오늘은 국민을 대신해서 쓴소리를 좀 드리겠습니다."" (scan rule and counts in interface/work/short_form_attestation.json); offices.json OF064 (법률 제21065호; sources GOA_21065_b)",,
부총리 겸 재정경제부장관,재정경제부,finance,2001-01-29,2008-02-28,deputy_pm_prefix,Official deputy PM title. OF023 행정각부 (장관은 국무위원으로 보한다).,"offices.json OF023 (법률 제5529호 (전부개정); sources GOA_5529, GOA_6400, GOA_8852)",,
부총리 겸 재정경제부장관,재정경제부,finance,2026-01-02,2026-09-24,deputy_pm_prefix,Official deputy PM title. OF064 행정각부 (장관은 국무위원으로 보한다).,offices.json OF064 (법률 제21065호; sources GOA_21065_b),,
부총리겸재정경재부장관,재정경제부,finance,2001-01-29,2008-02-28,typo,"Deputy PM title, 재정경제부 misspelled as 재정경재부. Irregular string, rows limited to the period(s) in which kr-hearings observed it (the canonical ministry has other periods). Deputy PM period (부총리 겸 재정경제부장관).","kr-hearings-data v10 ministry_name_variants.csv (role minister, 1 turns, 2007-11-22..2007-11-22, terms 17, sources xlsx); offices.json OF023 (법률 제5529호 (전부개정); sources GOA_5529, GOA_6400, GOA_8852)",,
부총리겸재정경제부장관,재정경제부,finance,2001-01-29,2008-02-28,deputy_pm_prefix,Deputy PM title without spaces. OF023 행정각부 (장관은 국무위원으로 보한다). Deputy PM title. Deputy PM period (부총리 겸 재정경제부장관).,"offices.json OF023 (법률 제5529호 (전부개정); sources GOA_5529, GOA_6400, GOA_8852) | kr-hearings-data v10 ministry_name_variants.csv (role minister, 19492 turns, 2001-02-08..2026-09-11, terms 16,17,22, sources xlsx,xml); offices.json OF023 (법률 제5529호 (전부개정); sources GOA_5529, GOA_6400, GOA_8852)",,
부총리겸재정경제부장관,재정경제부,finance,2026-01-02,2026-09-24,deputy_pm_prefix,Deputy PM title without spaces. OF064 행정각부 (장관은 국무위원으로 보한다). Deputy PM title. Deputy PM period (부총리 겸 재정경제부장관).,"offices.json OF064 (법률 제21065호; sources GOA_21065_b) | kr-hearings-data v10 ministry_name_variants.csv (role minister, 19492 turns, 2001-02-08..2026-09-11, terms 16,17,22, sources xlsx,xml); offices.json OF064 (법률 제21065호; sources GOA_21065_b)",,
부총리겸재정경제부장관한덕수,재정경제부,finance,2001-01-29,2008-02-28,deputy_pm_prefix,"Deputy PM title with the person name 한덕수 fused to it. Irregular string, rows limited to the period(s) in which kr-hearings observed it (the canonical ministry has other periods). Deputy PM period (부총리 겸 재정경제부장관).","kr-hearings-data v10 ministry_name_variants.csv (role minister, 1 turns, 2005-10-27..2005-10-27, terms 17, sources xml); offices.json OF023 (법률 제5529호 (전부개정); sources GOA_5529, GOA_6400, GOA_8852)",,
부총리겸재정경제부장관후보자,재정경제부,finance,2001-01-29,2008-02-28,deputy_pm_prefix,"Deputy PM nominee title. Nominee title. Links to nominations.csv, not to spells. Deputy PM period (부총리 겸 재정경제부장관).","kr-hearings-data v10 ministry_name_variants.csv (role minister_nominee, 981 turns, 2006-07-12..2008-02-27, terms 17, sources xlsx); offices.json OF023 (법률 제5529호 (전부개정); sources GOA_5529, GOA_6400, GOA_8852)",,
부총리겸재정경제부장관후보자,재정경제부,finance,2026-01-02,2026-09-24,deputy_pm_prefix,"Deputy PM nominee title. Nominee title. Links to nominations.csv, not to spells. Deputy PM period (부총리 겸 재정경제부장관).","kr-hearings-data v10 ministry_name_variants.csv (role minister_nominee, 981 turns, 2006-07-12..2008-02-27, terms 17, sources xlsx); offices.json OF064 (법률 제21065호; sources GOA_21065_b)",,
부홍리겸재정경제부장관,재정경제부,finance,2001-01-29,2008-02-28,typo,"Deputy PM title, 부총리 misspelled as 부홍리. Irregular string, rows limited to the period(s) in which kr-hearings observed it (the canonical ministry has other periods). Deputy PM period (부총리 겸 재정경제부장관).","kr-hearings-data v10 ministry_name_variants.csv (role minister, 2 turns, 2004-11-17..2004-11-17, terms 17, sources xlsx,xml); offices.json OF023 (법률 제5529호 (전부개정); sources GOA_5529, GOA_6400, GOA_8852)",,
재경경제부,재정경제부,finance,1998-02-28,2008-02-28,typo,Garbled ministry name that kr-hearings wrote into ministry_normalized for the position string(s) 재경경제부차관.,"kr-hearings-data v10 ministry_name_variants.csv (ministry_normalized '재경경제부'); offices.json OF023 (법률 제5529호 (전부개정); sources GOA_5529, GOA_6400, GOA_8852)",,
재경경제부제1차관,재정경제부,finance,1998-02-28,2008-02-28,title_form,"Vice minister, 재정경제부 misspelled as 재경경제부. Vice minister title. Not a cabinet office, kr-hearings should not link it to spells. Irregular string, rows limited to the period(s) in which kr-hearings observed it (the canonical ministry has other periods).","kr-hearings-data v10 ministry_name_variants.csv (role vice_minister, 7 turns, 2006-10-30..2006-10-30, terms 17, sources xlsx); offices.json OF023 (법률 제5529호 (전부개정); sources GOA_5529, GOA_6400, GOA_8852)",,
재경경제부차관,재정경제부,finance,1998-02-28,2008-02-28,title_form,"Vice minister, 재정경제부 misspelled as 재경경제부. Vice minister title. Not a cabinet office, kr-hearings should not link it to spells. Kr-hearings ministry_normalized is '재경경제부'. Irregular string, rows limited to the period(s) in which kr-hearings observed it (the canonical ministry has other periods).","kr-hearings-data v10 ministry_name_variants.csv (role vice_minister, 2 turns, 2004-09-08..2004-12-01, terms 17, sources xml); offices.json OF023 (법률 제5529호 (전부개정); sources GOA_5529, GOA_6400, GOA_8852)",,
재경부,재정경제부,finance,1998-02-28,2008-02-28,ambiguous_short,"Short form of 재정경제부. The same string also denotes OF064 in other periods, resolve by date.","kr-hearings-data v9 all_speeches speech_text: 17687 occurrences of '재경부' in the legal period of 재정경제부 (OF023); first example 2000-06-21 meeting 28525 speaker '조한천 위원': ""야 할 것입니다. 또한 도로 항만 등 여타 시설과 관련된 계획도 마련해야 할 것입니다. 이를 위해 건교부는 재경부 등 유관부처와 협의해서 관련분야의 법 제정에 적극 기여해야 할 것으로 판단됩니다. 장관은 본위원의 이"" (scan rule and counts in interface/work/short_form_attestation.json); offices.json OF023 (법률 제5529호 (전부개정); sources GOA_5529, GOA_6400, GOA_8852)",,
재경부,재정경제부,finance,2026-01-02,2026-09-24,ambiguous_short,"Short form of 재정경제부. The same string also denotes OF023 in other periods, resolve by date.","kr-hearings-data v9 all_speeches speech_text: 650 occurrences of '재경부' in the legal period of 재정경제부 (OF064); first example 2026-08-26 meeting v10xml:57188 speaker '오기형 의원': ""은 공공기관운영위원회의 기능 및 역할을 강화하기 위하여 재정경제부장관 소속으로 공공기관운영위원회를 설치하고 재경부장관과 민간위원을 공동위원장으로 하여 상임위원 1인을 두도록 하는 한편, 민간위원의 수를 11인에서 1"" (scan rule and counts in interface/work/short_form_attestation.json); offices.json OF064 (법률 제21065호; sources GOA_21065_b)",,
재경부장관,재정경제부,finance,1998-02-28,2008-02-28,ambiguous_short,"Short form of 재정경제부. The same string also denotes OF064 in other periods, resolve by date.","kr-hearings-data v9 all_speeches speech_text: 17687 occurrences of '재경부' in the legal period of 재정경제부 (OF023); first example 2000-06-21 meeting 28525 speaker '조한천 위원': ""야 할 것입니다. 또한 도로 항만 등 여타 시설과 관련된 계획도 마련해야 할 것입니다. 이를 위해 건교부는 재경부 등 유관부처와 협의해서 관련분야의 법 제정에 적극 기여해야 할 것으로 판단됩니다. 장관은 본위원의 이"" (scan rule and counts in interface/work/short_form_attestation.json); offices.json OF023 (법률 제5529호 (전부개정); sources GOA_5529, GOA_6400, GOA_8852)",,
재경부장관,재정경제부,finance,2026-01-02,2026-09-24,ambiguous_short,"Short form of 재정경제부. The same string also denotes OF023 in other periods, resolve by date.","kr-hearings-data v9 all_speeches speech_text: 650 occurrences of '재경부' in the legal period of 재정경제부 (OF064); first example 2026-08-26 meeting v10xml:57188 speaker '오기형 의원': ""은 공공기관운영위원회의 기능 및 역할을 강화하기 위하여 재정경제부장관 소속으로 공공기관운영위원회를 설치하고 재경부장관과 민간위원을 공동위원장으로 하여 상임위원 1인을 두도록 하는 한편, 민간위원의 수를 11인에서 1"" (scan rule and counts in interface/work/short_form_attestation.json); offices.json OF064 (법률 제21065호; sources GOA_21065_b)",,
재경부차관,재정경제부,finance,1998-02-28,2008-02-28,title_form,"Vice minister, short form 재경부. Vice minister title. Not a cabinet office, kr-hearings should not link it to spells. Irregular string, rows limited to the period(s) in which kr-hearings observed it (the canonical ministry has other periods).","kr-hearings-data v10 ministry_name_variants.csv (role vice_minister, 2 turns, 2004-12-29..2004-12-29, terms 17, sources xlsx,xml); offices.json OF023 (법률 제5529호 (전부개정); sources GOA_5529, GOA_6400, GOA_8852)",,
재정경재부차관,재정경제부,finance,1998-02-28,2008-02-28,title_form,"Vice minister, 재정경제부 misspelled as 재정경재부. Vice minister title. Not a cabinet office, kr-hearings should not link it to spells. Irregular string, rows limited to the period(s) in which kr-hearings observed it (the canonical ministry has other periods).","kr-hearings-data v10 ministry_name_variants.csv (role vice_minister, 1 turns, 2004-12-04..2004-12-04, terms 17, sources xml); offices.json OF023 (법률 제5529호 (전부개정); sources GOA_5529, GOA_6400, GOA_8852)",,
재정경제부,재정경제부,finance,1998-02-28,2008-02-28,official,Official name. OF023 행정각부 (장관은 국무위원으로 보한다).,"offices.json OF023 (법률 제5529호 (전부개정); sources GOA_5529, GOA_6400, GOA_8852)",,
재정경제부,재정경제부,finance,2026-01-02,2026-09-24,official,Official name. OF064 행정각부 (장관은 국무위원으로 보한다).,offices.json OF064 (법률 제21065호; sources GOA_21065_b),,
재정경제부2차관,재정경제부,finance,1998-02-28,2008-02-28,title_form,"Vice minister, 제 dropped. Vice minister title. Not a cabinet office, kr-hearings should not link it to spells. Irregular string, rows limited to the period(s) in which kr-hearings observed it (the canonical ministry has other periods).","kr-hearings-data v10 ministry_name_variants.csv (role vice_minister, 3 turns, 2005-09-05..2005-09-05, terms 17, sources xml); offices.json OF023 (법률 제5529호 (전부개정); sources GOA_5529, GOA_6400, GOA_8852)",,
재정경제부장관,재정경제부,finance,1998-02-28,2008-02-28,official,Official head title. OF023 행정각부 (장관은 국무위원으로 보한다).,"offices.json OF023 (법률 제5529호 (전부개정); sources GOA_5529, GOA_6400, GOA_8852) | kr-hearings-data v10 ministry_name_variants.csv (role minister, 908 turns, 2000-06-20..2005-02-23, terms 16,17, sources xlsx,xml); offices.json OF023 (법률 제5529호 (전부개정); sources GOA_5529, GOA_6400, GOA_8852)",,
재정경제부장관,재정경제부,finance,2026-01-02,2026-09-24,official,Official head title. OF064 행정각부 (장관은 국무위원으로 보한다).,"offices.json OF064 (법률 제21065호; sources GOA_21065_b) | kr-hearings-data v10 ministry_name_variants.csv (role minister, 908 turns, 2000-06-20..2005-02-23, terms 16,17, sources xlsx,xml); offices.json OF064 (법률 제21065호; sources GOA_21065_b)",,
재정경제부제1차관,재정경제부,finance,1998-02-28,2008-02-28,title_form,"Vice minister title. Not a cabinet office, kr-hearings should not link it to spells.","kr-hearings-data v10 ministry_name_variants.csv (role vice_minister, 1248 turns, 2005-08-25..2026-03-16, terms 17,22, sources xlsx,xml); offices.json OF023 (법률 제5529호 (전부개정); sources GOA_5529, GOA_6400, GOA_8852)",,
재정경제부제1차관,재정경제부,finance,2026-01-02,2026-09-24,title_form,"Vice minister title. Not a cabinet office, kr-hearings should not link it to spells.","kr-hearings-data v10 ministry_name_variants.csv (role vice_minister, 1248 turns, 2005-08-25..2026-03-16, terms 17,22, sources xlsx,xml); offices.json OF064 (법률 제21065호; sources GOA_21065_b)",,
재정경제부제2차관,재정경제부,finance,1998-02-28,2008-02-28,title_form,"Vice minister title. Not a cabinet office, kr-hearings should not link it to spells. Observed outside every valid period of this canonical ministry on 2008-09-29, 2008-11-11.","kr-hearings-data v10 ministry_name_variants.csv (role vice_minister, 696 turns, 2005-08-18..2008-11-11, terms 17,18, sources hwp,xlsx,xml); offices.json OF023 (법률 제5529호 (전부개정); sources GOA_5529, GOA_6400, GOA_8852)",,
재정경제부제2차관,재정경제부,finance,2026-01-02,2026-09-24,title_form,"Vice minister title. Not a cabinet office, kr-hearings should not link it to spells. Observed outside every valid period of this canonical ministry on 2008-09-29, 2008-11-11.","kr-hearings-data v10 ministry_name_variants.csv (role vice_minister, 696 turns, 2005-08-18..2008-11-11, terms 17,18, sources hwp,xlsx,xml); offices.json OF064 (법률 제21065호; sources GOA_21065_b)",,
재정경제부차관,재정경제부,finance,1998-02-28,2008-02-28,title_form,"Vice minister title. Not a cabinet office, kr-hearings should not link it to spells.","kr-hearings-data v10 ministry_name_variants.csv (role vice_minister, 4044 turns, 2000-07-10..2005-06-28, terms 16,17, sources xlsx,xml); offices.json OF023 (법률 제5529호 (전부개정); sources GOA_5529, GOA_6400, GOA_8852)",,
재정경제부차관,재정경제부,finance,2026-01-02,2026-09-24,title_form,"Vice minister title. Not a cabinet office, kr-hearings should not link it to spells.","kr-hearings-data v10 ministry_name_variants.csv (role vice_minister, 4044 turns, 2000-07-10..2005-06-28, terms 16,17, sources xlsx,xml); offices.json OF064 (법률 제21065호; sources GOA_21065_b)",,
재정경제차관,재정경제부,finance,1998-02-28,2008-02-28,title_form,"Vice minister, 부 dropped. Vice minister title. Not a cabinet office, kr-hearings should not link it to spells. Irregular string, rows limited to the period(s) in which kr-hearings observed it (the canonical ministry has other periods).","kr-hearings-data v10 ministry_name_variants.csv (role vice_minister, 1 turns, 2001-11-05..2001-11-05, terms 16, sources xlsx); offices.json OF023 (법률 제5529호 (전부개정); sources GOA_5529, GOA_6400, GOA_8852)",,
재졍경제부,재정경제부,finance,1998-02-28,2008-02-28,typo,Garbled ministry name that kr-hearings wrote into ministry_normalized for the position string(s) 재졍경제부제2차관.,"kr-hearings-data v10 ministry_name_variants.csv (ministry_normalized '재졍경제부'); offices.json OF023 (법률 제5529호 (전부개정); sources GOA_5529, GOA_6400, GOA_8852)",,
재졍경제부제2차관,재정경제부,finance,1998-02-28,2008-02-28,title_form,"Vice minister, 재정경제부 misspelled as 재졍경제부. Vice minister title. Not a cabinet office, kr-hearings should not link it to spells. Kr-hearings ministry_normalized is '재졍경제부'. Irregular string, rows limited to the period(s) in which kr-hearings observed it (the canonical ministry has other periods).","kr-hearings-data v10 ministry_name_variants.csv (role vice_minister, 1 turns, 2006-11-29..2006-11-29, terms 17, sources xlsx); offices.json OF023 (법률 제5529호 (전부개정); sources GOA_5529, GOA_6400, GOA_8852)",,
총리겸재정경제부,재정경제부,finance,2001-01-29,2008-02-28,typo,Garbled ministry name that kr-hearings wrote into ministry_normalized for the position string(s) 總理兼財政經濟部長官. Deputy PM period (부총리 겸 재정경제부장관).,"kr-hearings-data v10 ministry_name_variants.csv (ministry_normalized '총리겸재정경제부'); offices.json OF023 (법률 제5529호 (전부개정); sources GOA_5529, GOA_6400, GOA_8852)",,
부총리 겸 재정경제원장관,재정경제원,finance,1998-02-25,1998-02-27,deputy_pm_prefix,Official deputy PM title. OF002 원 (국무총리 소속).,"offices.json OF002 (법률 제5153호; sources GOA_5153, GOA_5529)",,
부총리겸재정경제원장관,재정경제원,finance,1998-02-25,1998-02-27,deputy_pm_prefix,Deputy PM title without spaces. OF002 원 (국무총리 소속).,"offices.json OF002 (법률 제5153호; sources GOA_5153, GOA_5529)",,
재정경제원,재정경제원,finance,1998-02-25,1998-02-27,official,Official name. OF002 원 (국무총리 소속).,"offices.json OF002 (법률 제5153호; sources GOA_5153, GOA_5529)",,
재정경제원장관,재정경제원,finance,1998-02-25,1998-02-27,official,Official head title. OF002 원 (국무총리 소속).,"offices.json OF002 (법률 제5153호; sources GOA_5153, GOA_5529)",,
외교부,외교부,foreign,2013-03-23,2026-09-24,official,Official name. OF049 행정각부 (장관은 국무위원으로 보한다).,"offices.json OF049 (법률 제11690호 (전부개정); sources GOA_11690, GOA_21065_b)",,
외교부장관,외교부,foreign,2013-03-23,2026-09-24,official,Official head title. OF049 행정각부 (장관은 국무위원으로 보한다). Official head title. Observed outside every valid period of this canonical ministry on 2010-11-02.,"offices.json OF049 (법률 제11690호 (전부개정); sources GOA_11690, GOA_21065_b) | kr-hearings-data v10 ministry_name_variants.csv (role minister, 24976 turns, 2010-11-02..2026-09-10, terms 18,19,20,21,22, sources hwp,xlsx,xml); offices.json OF049 (법률 제11690호 (전부개정); sources GOA_11690, GOA_21065_b)",,
외교부장관직무대리,외교부,foreign,2013-03-23,2026-09-24,acting_form,"Acting head. kr-hearings never links acting heads to spells, normalization only.","kr-hearings-data v10 ministry_name_variants.csv (role minister_acting, 307 turns, 2021-06-22..2026-09-10, terms 21,22, sources xml); offices.json OF049 (법률 제11690호 (전부개정); sources GOA_11690, GOA_21065_b)",,
외교부장관후보자,외교부,foreign,2013-03-23,2026-09-24,title_form,"Nominee title. Links to nominations.csv, not to spells.","kr-hearings-data v10 ministry_name_variants.csv (role minister_nominee, 2073 turns, 2017-06-07..2024-01-08, terms 20,21, sources xlsx); offices.json OF049 (법률 제11690호 (전부개정); sources GOA_11690, GOA_21065_b)",,
외교부제1차관,외교부,foreign,2013-03-23,2026-09-24,title_form,"Vice minister title. Not a cabinet office, kr-hearings should not link it to spells.","kr-hearings-data v10 ministry_name_variants.csv (role vice_minister, 3909 turns, 2013-04-24..2024-11-27, terms 19,20,21,22, sources xlsx,xml); offices.json OF049 (법률 제11690호 (전부개정); sources GOA_11690, GOA_21065_b)",,
외교부제2차관,외교부,foreign,2013-03-23,2026-09-24,title_form,"Vice minister title. Not a cabinet office, kr-hearings should not link it to spells.","kr-hearings-data v10 ministry_name_variants.csv (role vice_minister, 1592 turns, 2013-06-11..2024-12-16, terms 19,20,21,22, sources xlsx,xml); offices.json OF049 (법률 제11690호 (전부개정); sources GOA_11690, GOA_21065_b)",,
外交通商部次官,외교통상부,foreign,1998-02-28,2013-03-22,title_form,"Hanja form of 외교통상부차관. Vice minister title. Not a cabinet office, kr-hearings should not link it to spells.","kr-hearings-data v10 ministry_name_variants.csv (role vice_minister, 1223 turns, 2000-10-17..2004-03-02, terms 16, sources xml); offices.json OF025 (법률 제5529호 (전부개정); sources GOA_5529, GOA_8852, GOA_11690)",,
外交通商部長官,외교통상부,foreign,1998-02-28,2013-03-22,hanja,Hanja form of 외교통상부장관.,"kr-hearings-data v10 ministry_name_variants.csv (role minister, 4127 turns, 2000-06-21..2004-02-17, terms 16, sources xml); offices.json OF025 (법률 제5529호 (전부개정); sources GOA_5529, GOA_8852, GOA_11690)",,
通商外交部長官,외교통상부,foreign,1998-02-28,2013-03-22,typo,"Hanja, 外交通商部 with 外交 and 通商 swapped.","kr-hearings-data v10 ministry_name_variants.csv (role minister, 1 turns, 2000-11-30..2000-11-30, terms 16, sources xml); offices.json OF025 (법률 제5529호 (전부개정); sources GOA_5529, GOA_8852, GOA_11690)",,
외교부,외교통상부,foreign,1998-02-28,2013-03-22,ambiguous_short,"Short form of 외교통상부. 외교부 is the official name from 2013-03-23. Before that it is a loose reference to 외교통상부. The same string also denotes OF049 in other periods, resolve by date.","kr-hearings-data v9 all_speeches speech_text: 21172 occurrences of '외교부' in the legal period of 외교통상부 (OF025); first example 2001-11-05 meeting 29425 speaker '송광호 위원': ""아니, 외교부하고 중국하고 싸우는 것처럼 받았다, 안 받았다 그래요?"" (scan rule and counts in interface/work/short_form_attestation.json); offices.json OF025 (법률 제5529호 (전부개정); sources GOA_5529, GOA_8852, GOA_11690)",,
외교부장관,외교통상부,foreign,1998-02-28,2013-03-22,ambiguous_short,"Short form of 외교통상부. 외교부 is the official name from 2013-03-23. Before that it is a loose reference to 외교통상부. The same string also denotes OF049 in other periods, resolve by date.","kr-hearings-data v9 all_speeches speech_text: 21172 occurrences of '외교부' in the legal period of 외교통상부 (OF025); first example 2001-11-05 meeting 29425 speaker '송광호 위원': ""아니, 외교부하고 중국하고 싸우는 것처럼 받았다, 안 받았다 그래요?"" (scan rule and counts in interface/work/short_form_attestation.json); offices.json OF025 (법률 제5529호 (전부개정); sources GOA_5529, GOA_8852, GOA_11690)",,
외교통상부,외교통상부,foreign,1998-02-28,2013-03-22,official,Official name. OF025 행정각부 (장관은 국무위원으로 보한다).,"offices.json OF025 (법률 제5529호 (전부개정); sources GOA_5529, GOA_8852, GOA_11690)",,
외교통상부장관,외교통상부,foreign,1998-02-28,2013-03-22,official,Official head title. OF025 행정각부 (장관은 국무위원으로 보한다).,"offices.json OF025 (법률 제5529호 (전부개정); sources GOA_5529, GOA_8852, GOA_11690) | kr-hearings-data v10 ministry_name_variants.csv (role minister, 40820 turns, 2000-06-21..2013-03-22, terms 16,17,18,19, sources hwp,xlsx,xml); offices.json OF025 (법률 제5529호 (전부개정); sources GOA_5529, GOA_8852, GOA_11690)",,
외교통상부장관직무대리,외교통상부,foreign,1998-02-28,2013-03-22,acting_form,"Acting head. kr-hearings never links acting heads to spells, normalization only.","kr-hearings-data v10 ministry_name_variants.csv (role minister_acting, 790 turns, 2006-10-27..2012-02-06, terms 17,18, sources hwp,xlsx); offices.json OF025 (법률 제5529호 (전부개정); sources GOA_5529, GOA_8852, GOA_11690)",,
외교통상부장관직무대행,외교통상부,foreign,1998-02-28,2013-03-22,acting_form,"Acting head. kr-hearings never links acting heads to spells, normalization only.","kr-hearings-data v10 ministry_name_variants.csv (role minister_acting, 1604 turns, 2010-09-07..2010-10-04, terms 18, sources hwp,xlsx); offices.json OF025 (법률 제5529호 (전부개정); sources GOA_5529, GOA_8852, GOA_11690)",,
외교통상부장관후보자,외교통상부,foreign,1998-02-28,2013-03-22,title_form,"Nominee title. Links to nominations.csv, not to spells.","kr-hearings-data v10 ministry_name_variants.csv (role minister_nominee, 2850 turns, 2006-11-16..2013-02-28, terms 17,18,19, sources hwp,xlsx); offices.json OF025 (법률 제5529호 (전부개정); sources GOA_5529, GOA_8852, GOA_11690)",,
외교통상부제1차관,외교통상부,foreign,1998-02-28,2013-03-22,title_form,"Vice minister title. Not a cabinet office, kr-hearings should not link it to spells.","kr-hearings-data v10 ministry_name_variants.csv (role vice_minister, 5314 turns, 2005-08-24..2013-02-13, terms 17,18,19, sources hwp,xlsx,xml); offices.json OF025 (법률 제5529호 (전부개정); sources GOA_5529, GOA_8852, GOA_11690)",,
외교통상부제2차관,외교통상부,foreign,1998-02-28,2013-03-22,title_form,"Vice minister title. Not a cabinet office, kr-hearings should not link it to spells.","kr-hearings-data v10 ministry_name_variants.csv (role vice_minister, 4621 turns, 2005-08-23..2013-03-11, terms 17,18,19, sources hwp,xlsx,xml); offices.json OF025 (법률 제5529호 (전부개정); sources GOA_5529, GOA_8852, GOA_11690)",,
외교통상부제차관,외교통상부,foreign,1998-02-28,2013-03-22,title_form,"Vice minister, the number after 제 dropped. Vice minister title. Not a cabinet office, kr-hearings should not link it to spells.","kr-hearings-data v10 ministry_name_variants.csv (role vice_minister, 1 turns, 2010-09-28..2010-09-28, terms 18, sources hwp); offices.json OF025 (법률 제5529호 (전부개정); sources GOA_5529, GOA_8852, GOA_11690)",,
외교통상부차관,외교통상부,foreign,1998-02-28,2013-03-22,title_form,"Vice minister title. Not a cabinet office, kr-hearings should not link it to spells.","kr-hearings-data v10 ministry_name_variants.csv (role vice_minister, 3056 turns, 2000-10-17..2005-06-07, terms 16,17, sources xlsx,xml); offices.json OF025 (법률 제5529호 (전부개정); sources GOA_5529, GOA_8852, GOA_11690)",,
외교통상부차관최영진,외교통상부,foreign,1998-02-28,2013-03-22,title_form,"Vice minister, person name 최영진 fused to the title. Vice minister title. Not a cabinet office, kr-hearings should not link it to spells.","kr-hearings-data v10 ministry_name_variants.csv (role vice_minister, 1 turns, 2004-10-05..2004-10-05, terms 17, sources xml); offices.json OF025 (법률 제5529호 (전부개정); sources GOA_5529, GOA_8852, GOA_11690)",,
외통부,외교통상부,foreign,1998-02-28,2013-03-22,short,Short form of 외교통상부.,"kr-hearings-data v9 all_speeches speech_text: 2157 occurrences of '외통부' in the legal period of 외교통상부 (OF025); first example 2003-11-11 meeting 31569 speaker '정보통신부장관 진대제': "" 대해서는 저희들도 조사를 해 봤습니다. 외국인지분소유제한제도의 개선을 위해서 4월과 7월 두 차례에 걸쳐 외통부, 공정위, 산자부 등 관계 부처의 의견을 수렴해 본 적이 있습니다. 외국인에 대한 공익성 심사가 내국"" (scan rule and counts in interface/work/short_form_attestation.json); offices.json OF025 (법률 제5529호 (전부개정); sources GOA_5529, GOA_8852, GOA_11690)",,
외통부장관,외교통상부,foreign,1998-02-28,2013-03-22,short,Short form of 외교통상부.,"kr-hearings-data v9 all_speeches speech_text: 2157 occurrences of '외통부' in the legal period of 외교통상부 (OF025); first example 2003-11-11 meeting 31569 speaker '정보통신부장관 진대제': "" 대해서는 저희들도 조사를 해 봤습니다. 외국인지분소유제한제도의 개선을 위해서 4월과 7월 두 차례에 걸쳐 외통부, 공정위, 산자부 등 관계 부처의 의견을 수렴해 본 적이 있습니다. 외국인에 대한 공익성 심사가 내국"" (scan rule and counts in interface/work/short_form_attestation.json); offices.json OF025 (법률 제5529호 (전부개정); sources GOA_5529, GOA_8852, GOA_11690)",,
통상외교부장관,외교통상부,foreign,1998-02-28,2013-03-22,typo,외교통상부 with 외교 and 통상 swapped.,"kr-hearings-data v10 ministry_name_variants.csv (role minister, 1 turns, 2000-11-30..2000-11-30, terms 16, sources xlsx); offices.json OF025 (법률 제5529호 (전부개정); sources GOA_5529, GOA_8852, GOA_11690)",,
외무부,외무부,foreign,1998-02-25,1998-02-27,official,Official name. OF009 행정각부 (장관은 국무위원으로 보한다).,"offices.json OF009 (법률 제5153호; sources GOA_5153, GOA_5529)",,
외무부장관,외무부,foreign,1998-02-25,1998-02-27,official,Official head title. OF009 행정각부 (장관은 국무위원으로 보한다).,"offices.json OF009 (법률 제5153호; sources GOA_5153, GOA_5529)",,
성평등가족부,성평등가족부,gender,2025-10-01,2026-09-24,official,Official name. OF063 행정각부 (장관은 국무위원으로 보한다).,"offices.json OF063 (법률 제21065호; sources GOA_21065_a, GOA_21065_b)",,
성평등가족부장관,성평등가족부,gender,2025-10-01,2026-09-24,official,Official head title. OF063 행정각부 (장관은 국무위원으로 보한다).,"offices.json OF063 (법률 제21065호; sources GOA_21065_a, GOA_21065_b)",,
성평등부,성평등가족부,gender,2025-10-01,2026-09-24,short,Short form of 성평등가족부.,"kr-hearings-data v9 all_speeches speech_text: 83 occurrences of '성평등부' in the legal period of 성평등가족부 (OF063); first example 2026-08-31 meeting v10xml:57193 speaker '성평등가족부장관 원민경': ""위원님, 지금 스토킹·교제폭력 관련해서는 사실 법무부, 경찰청, 성평등부가 과거 어느 때보다 더 협업을 잘 이루어 내려고 노력하고 있습니다. 그래서 과거 성평등부가 갖고 있던 교제"" (scan rule and counts in interface/work/short_form_attestation.json); offices.json OF063 (법률 제21065호; sources GOA_21065_a, GOA_21065_b)",,
성평등부장관,성평등가족부,gender,2025-10-01,2026-09-24,short,Short form of 성평등가족부.,"kr-hearings-data v9 all_speeches speech_text: 83 occurrences of '성평등부' in the legal period of 성평등가족부 (OF063); first example 2026-08-31 meeting v10xml:57193 speaker '성평등가족부장관 원민경': ""위원님, 지금 스토킹·교제폭력 관련해서는 사실 법무부, 경찰청, 성평등부가 과거 어느 때보다 더 협업을 잘 이루어 내려고 노력하고 있습니다. 그래서 과거 성평등부가 갖고 있던 교제"" (scan rule and counts in interface/work/short_form_attestation.json); offices.json OF063 (법률 제21065호; sources GOA_21065_a, GOA_21065_b)",,
여가부,성평등가족부,gender,2025-10-01,2026-09-24,ambiguous_short,"Short form of 성평등가족부. The same string also denotes OF033, OF045 in other periods, resolve by date.","kr-hearings-data v9 all_speeches speech_text: 109 occurrences of '여가부' in the legal period of 성평등가족부 (OF063); first example 2026-08-31 meeting v10xml:57193 speaker '전진숙 위원': ""우개선을 사회복지시설 인건비 기준에서 100% 달성을 2028년까지 목표로 진행을 하고 있습니다. 맞지요? 여가부장관 답하시기 바랍니다."" (scan rule and counts in interface/work/short_form_attestation.json); offices.json OF063 (법률 제21065호; sources GOA_21065_a, GOA_21065_b)",,
여가부장관,성평등가족부,gender,2025-10-01,2026-09-24,ambiguous_short,"Short form of 성평등가족부. The same string also denotes OF033, OF045 in other periods, resolve by date.","kr-hearings-data v9 all_speeches speech_text: 109 occurrences of '여가부' in the legal period of 성평등가족부 (OF063); first example 2026-08-31 meeting v10xml:57193 speaker '전진숙 위원': ""우개선을 사회복지시설 인건비 기준에서 100% 달성을 2028년까지 목표로 진행을 하고 있습니다. 맞지요? 여가부장관 답하시기 바랍니다."" (scan rule and counts in interface/work/short_form_attestation.json); offices.json OF063 (법률 제21065호; sources GOA_21065_a, GOA_21065_b)",,
0여성가족부,여성가족부,gender,2010-03-19,2025-09-30,typo,Garbled ministry name that kr-hearings wrote into ministry_normalized for the position string(s) 0여성가족부장관후보자.,"kr-hearings-data v10 ministry_name_variants.csv (ministry_normalized '0여성가족부'); offices.json OF045 (법률 제9932호; sources GOA_9932, GOA_11690, GOA_21065_a)",,
0여성가족부장관후보자,여성가족부,gender,2005-06-23,2008-02-28,title_form,"Raw form of '여성가족부장관후보자' (normalization strips markers and spaces and applies NFKC). Nominee title. Links to nominations.csv, not to spells. Kr-hearings ministry_normalized is '0여성가족부'.","kr-hearings-data v10 ministry_name_variants.csv (role minister_nominee, 1 turns, 2011-09-14..2011-09-14, terms 18, sources hwp); offices.json OF033 (법률 제7413호; sources GOA_7413, DEC_18873, GOA_8852)",,
0여성가족부장관후보자,여성가족부,gender,2010-03-19,2025-09-30,title_form,"Raw form of '여성가족부장관후보자' (normalization strips markers and spaces and applies NFKC). Nominee title. Links to nominations.csv, not to spells. Kr-hearings ministry_normalized is '0여성가족부'.","kr-hearings-data v10 ministry_name_variants.csv (role minister_nominee, 1 turns, 2011-09-14..2011-09-14, terms 18, sources hwp); offices.json OF045 (법률 제9932호; sources GOA_9932, GOA_11690, GOA_21065_a)",,
여가부,여성가족부,gender,2005-06-23,2008-02-28,ambiguous_short,"Short form of 여성가족부. The same string also denotes OF045, OF063 in other periods, resolve by date.","kr-hearings-data v9 all_speeches speech_text: 175 occurrences of '여가부' in the legal period of 여성가족부 (OF033); first example 2006-11-20 meeting 35120 speaker '정봉주 위원': ""그리고 이 문제가 기본보조금 지급과 연동되어서 여가부하고 계속 충돌이 되는데 저는 이렇게 하면 좋을 것 같아요. 사실 제가 여성위원회하고 연석 당정회의에도 참여"" (scan rule and counts in interface/work/short_form_attestation.json); offices.json OF033 (법률 제7413호; sources GOA_7413, DEC_18873, GOA_8852)",,
여가부,여성가족부,gender,2010-03-19,2025-09-30,ambiguous_short,"Short form of 여성가족부. The same string also denotes OF033, OF063 in other periods, resolve by date.","kr-hearings-data v9 all_speeches speech_text: 10979 occurrences of '여가부' in the legal period of 여성가족부 (OF045); first example 2012-01-12 meeting 41585 speaker '교육과학기술부장관 이주호': ""고 시도별로 ‘117 학교폭력신고센터’를 설치하는 방안을 추진하고 있습니다. 그리고 교과부의 Wee 센터나 여가부의 시스넷을 학교폭력 원스톱 지원센터로 지정하여 학생 상담을 실시하고 조치 방안을 마련한 후 교육청 또"" (scan rule and counts in interface/work/short_form_attestation.json); offices.json OF045 (법률 제9932호; sources GOA_9932, GOA_11690, GOA_21065_a)",,
여가부장관,여성가족부,gender,2005-06-23,2008-02-28,ambiguous_short,"Short form of 여성가족부. The same string also denotes OF045, OF063 in other periods, resolve by date.","kr-hearings-data v9 all_speeches speech_text: 175 occurrences of '여가부' in the legal period of 여성가족부 (OF033); first example 2006-11-20 meeting 35120 speaker '정봉주 위원': ""그리고 이 문제가 기본보조금 지급과 연동되어서 여가부하고 계속 충돌이 되는데 저는 이렇게 하면 좋을 것 같아요. 사실 제가 여성위원회하고 연석 당정회의에도 참여"" (scan rule and counts in interface/work/short_form_attestation.json); offices.json OF033 (법률 제7413호; sources GOA_7413, DEC_18873, GOA_8852)",,
여가부장관,여성가족부,gender,2010-03-19,2025-09-30,ambiguous_short,"Short form of 여성가족부. The same string also denotes OF033, OF063 in other periods, resolve by date.","kr-hearings-data v9 all_speeches speech_text: 10979 occurrences of '여가부' in the legal period of 여성가족부 (OF045); first example 2012-01-12 meeting 41585 speaker '교육과학기술부장관 이주호': ""고 시도별로 ‘117 학교폭력신고센터’를 설치하는 방안을 추진하고 있습니다. 그리고 교과부의 Wee 센터나 여가부의 시스넷을 학교폭력 원스톱 지원센터로 지정하여 학생 상담을 실시하고 조치 방안을 마련한 후 교육청 또"" (scan rule and counts in interface/work/short_form_attestation.json); offices.json OF045 (법률 제9932호; sources GOA_9932, GOA_11690, GOA_21065_a)",,
여성가족부,여성가족부,gender,2005-06-23,2008-02-28,official,Official name. OF033 행정각부 (장관은 국무위원으로 보한다).,"offices.json OF033 (법률 제7413호; sources GOA_7413, DEC_18873, GOA_8852)",,
여성가족부,여성가족부,gender,2010-03-19,2025-09-30,official,Official name. OF045 행정각부 (장관은 국무위원으로 보한다).,"offices.json OF045 (법률 제9932호; sources GOA_9932, GOA_11690, GOA_21065_a)",,
여성가족부 장관,여성가족부,gender,2005-06-23,2008-02-28,official,Official head title. Raw form of '여성가족부장관' (normalization strips markers and spaces and applies NFKC).,"kr-hearings-data v10 ministry_name_variants.csv (role minister, 2 turns, 2011-04-04..2011-04-04, terms 18, sources hwp,xlsx); offices.json OF033 (법률 제7413호; sources GOA_7413, DEC_18873, GOA_8852)",,
여성가족부 장관,여성가족부,gender,2010-03-19,2025-09-30,official,Official head title. Raw form of '여성가족부장관' (normalization strips markers and spaces and applies NFKC).,"kr-hearings-data v10 ministry_name_variants.csv (role minister, 2 turns, 2011-04-04..2011-04-04, terms 18, sources hwp,xlsx); offices.json OF045 (법률 제9932호; sources GOA_9932, GOA_11690, GOA_21065_a)",,
여성가족부장관,여성가족부,gender,2005-06-23,2008-02-28,official,Official head title. OF033 행정각부 (장관은 국무위원으로 보한다).,"offices.json OF033 (법률 제7413호; sources GOA_7413, DEC_18873, GOA_8852) | kr-hearings-data v10 ministry_name_variants.csv (role minister, 26543 turns, 2005-06-28..2025-09-11, terms 17,18,19,20,21,22, sources hwp,xlsx,xml); offices.json OF033 (법률 제7413호; sources GOA_7413, DEC_18873, GOA_8852) | kr-hearings-data v10 ministry_name_variants.csv (role minister, 2 turns, 2011-04-04..2011-04-04, terms 18, sources hwp,xlsx); offices.json OF033 (법률 제7413호; sources GOA_7413, DEC_18873, GOA_8852)",,
여성가족부장관,여성가족부,gender,2010-03-19,2025-09-30,official,Official head title. OF045 행정각부 (장관은 국무위원으로 보한다).,"offices.json OF045 (법률 제9932호; sources GOA_9932, GOA_11690, GOA_21065_a) | kr-hearings-data v10 ministry_name_variants.csv (role minister, 26543 turns, 2005-06-28..2025-09-11, terms 17,18,19,20,21,22, sources hwp,xlsx,xml); offices.json OF045 (법률 제9932호; sources GOA_9932, GOA_11690, GOA_21065_a) | kr-hearings-data v10 ministry_name_variants.csv (role minister, 2 turns, 2011-04-04..2011-04-04, terms 18, sources hwp,xlsx); offices.json OF045 (법률 제9932호; sources GOA_9932, GOA_11690, GOA_21065_a)",,
여성가족부장관직무대행,여성가족부,gender,2005-06-23,2008-02-28,acting_form,"Acting head. kr-hearings never links acting heads to spells, normalization only.","kr-hearings-data v10 ministry_name_variants.csv (role minister_acting, 1054 turns, 2014-07-11..2025-04-16, terms 19,21,22, sources xlsx,xml); offices.json OF033 (법률 제7413호; sources GOA_7413, DEC_18873, GOA_8852)",,
여성가족부장관직무대행,여성가족부,gender,2010-03-19,2025-09-30,acting_form,"Acting head. kr-hearings never links acting heads to spells, normalization only.","kr-hearings-data v10 ministry_name_variants.csv (role minister_acting, 1054 turns, 2014-07-11..2025-04-16, terms 19,21,22, sources xlsx,xml); offices.json OF045 (법률 제9932호; sources GOA_9932, GOA_11690, GOA_21065_a)",,
여성가족부장관후보자,여성가족부,gender,2005-06-23,2008-02-28,title_form,"Nominee title. Links to nominations.csv, not to spells. Nominee title. Links to nominations.csv, not to spells. Kr-hearings ministry_normalized is '0여성가족부'.","kr-hearings-data v10 ministry_name_variants.csv (role minister_nominee, 6133 turns, 2011-09-14..2023-10-05, terms 18,19,20,21, sources hwp,xlsx); offices.json OF033 (법률 제7413호; sources GOA_7413, DEC_18873, GOA_8852) | kr-hearings-data v10 ministry_name_variants.csv (role minister_nominee, 1 turns, 2011-09-14..2011-09-14, terms 18, sources hwp); offices.json OF033 (법률 제7413호; sources GOA_7413, DEC_18873, GOA_8852)",,
여성가족부장관후보자,여성가족부,gender,2010-03-19,2025-09-30,title_form,"Nominee title. Links to nominations.csv, not to spells. Nominee title. Links to nominations.csv, not to spells. Kr-hearings ministry_normalized is '0여성가족부'.","kr-hearings-data v10 ministry_name_variants.csv (role minister_nominee, 6133 turns, 2011-09-14..2023-10-05, terms 18,19,20,21, sources hwp,xlsx); offices.json OF045 (법률 제9932호; sources GOA_9932, GOA_11690, GOA_21065_a) | kr-hearings-data v10 ministry_name_variants.csv (role minister_nominee, 1 turns, 2011-09-14..2011-09-14, terms 18, sources hwp); offices.json OF045 (법률 제9932호; sources GOA_9932, GOA_11690, GOA_21065_a)",,
여성가족부차관,여성가족부,gender,2005-06-23,2008-02-28,title_form,"Vice minister title. Not a cabinet office, kr-hearings should not link it to spells.","kr-hearings-data v10 ministry_name_variants.csv (role vice_minister, 2573 turns, 2005-06-28..2024-02-29, terms 17,18,19,20,21, sources hwp,xlsx,xml); offices.json OF033 (법률 제7413호; sources GOA_7413, DEC_18873, GOA_8852)",,
여성가족부차관,여성가족부,gender,2010-03-19,2025-09-30,title_form,"Vice minister title. Not a cabinet office, kr-hearings should not link it to spells.","kr-hearings-data v10 ministry_name_variants.csv (role vice_minister, 2573 turns, 2005-06-28..2024-02-29, terms 17,18,19,20,21, sources hwp,xlsx,xml); offices.json OF045 (법률 제9932호; sources GOA_9932, GOA_11690, GOA_21065_a)",,
여성가족주장관,여성가족부,gender,2010-03-19,2025-09-30,typo,"여성가족부 misspelled as 여성가족주. Irregular string, rows limited to the period(s) in which kr-hearings observed it (the canonical ministry has other periods).","kr-hearings-data v10 ministry_name_variants.csv (role minister, 1 turns, 2012-10-26..2012-10-26, terms 19, sources xlsx); offices.json OF045 (법률 제9932호; sources GOA_9932, GOA_11690, GOA_21065_a)",,
여성부,여성가족부,gender,2005-06-23,2008-02-28,ambiguous_short,"Short form of 여성가족부. 여성부 is an official name in 2001-2005 and 2008-2010. In the other periods it is a loose reference to 여성가족부. The same string also denotes OF032, OF041, OF045, OF063 in other periods, resolve by date.","kr-hearings-data v9 all_speeches speech_text: 1194 occurrences of '여성부' in the legal period of 여성가족부 (OF033); first example 2007-04-12 meeting 35853 speaker '건설교통부주거복지본부장 서종대': ""당초에 그런 개념이었습니다만 추후에 여성부에서 보육시설이 턱없이 부족하기 때문에 그 용도를 보육시설 쪽으로만 제한하는 것이 좋겠다는 의견이 있어서 그"" (scan rule and counts in interface/work/short_form_attestation.json); offices.json OF033 (법률 제7413호; sources GOA_7413, DEC_18873, GOA_8852)",,
여성부,여성가족부,gender,2010-03-19,2025-09-30,ambiguous_short,"Short form of 여성가족부. 여성부 is an official name in 2001-2005 and 2008-2010. In the other periods it is a loose reference to 여성가족부. The same string also denotes OF032, OF033, OF041, OF063 in other periods, resolve by date.","kr-hearings-data v9 all_speeches speech_text: 1397 occurrences of '여성부' in the legal period of 여성가족부 (OF045); first example 2010-07-06 meeting 39657 speaker '교육과학기술부장관 안병만': ""많이 거론해 주셔서 저희가 적극적으로 관계 부처와 협의를 하고 있습니다. 예를 들어서 행안부라든지 복지부, 여성부 또 법무부, 기재부 같이 해서 지금 예산도 확보해 나가고 예비비를 써서라도 우리가 할 수 있는 일을 "" (scan rule and counts in interface/work/short_form_attestation.json); offices.json OF045 (법률 제9932호; sources GOA_9932, GOA_11690, GOA_21065_a)",,
여성부가족부장관,여성가족부,gender,2005-06-23,2008-02-28,typo,"여성가족부 garbled as 여성부가족부. Irregular string, rows limited to the period(s) in which kr-hearings observed it (the canonical ministry has other periods).","kr-hearings-data v10 ministry_name_variants.csv (role minister, 2 turns, 2005-08-22..2005-08-22, terms 17, sources xlsx,xml); offices.json OF033 (법률 제7413호; sources GOA_7413, DEC_18873, GOA_8852)",,
여성부가족장관,여성가족부,gender,2005-06-23,2008-02-28,typo,"여성가족부 garbled as 여성부가족. Irregular string, rows limited to the period(s) in which kr-hearings observed it (the canonical ministry has other periods).","kr-hearings-data v10 ministry_name_variants.csv (role minister, 2 turns, 2005-11-09..2005-11-09, terms 17, sources xlsx,xml); offices.json OF033 (법률 제7413호; sources GOA_7413, DEC_18873, GOA_8852)",,
여성부장관,여성가족부,gender,2005-06-23,2008-02-28,ambiguous_short,"Short form of 여성가족부. 여성부 is an official name in 2001-2005 and 2008-2010. In the other periods it is a loose reference to 여성가족부. The same string also denotes OF032, OF041, OF045, OF063 in other periods, resolve by date.","kr-hearings-data v9 all_speeches speech_text: 1194 occurrences of '여성부' in the legal period of 여성가족부 (OF033); first example 2007-04-12 meeting 35853 speaker '건설교통부주거복지본부장 서종대': ""당초에 그런 개념이었습니다만 추후에 여성부에서 보육시설이 턱없이 부족하기 때문에 그 용도를 보육시설 쪽으로만 제한하는 것이 좋겠다는 의견이 있어서 그"" (scan rule and counts in interface/work/short_form_attestation.json); offices.json OF033 (법률 제7413호; sources GOA_7413, DEC_18873, GOA_8852)",,
여성부장관,여성가족부,gender,2010-03-19,2025-09-30,ambiguous_short,"Short form of 여성가족부. 여성부 is an official name in 2001-2005 and 2008-2010. In the other periods it is a loose reference to 여성가족부. The same string also denotes OF032, OF033, OF041, OF063 in other periods, resolve by date.","kr-hearings-data v9 all_speeches speech_text: 1397 occurrences of '여성부' in the legal period of 여성가족부 (OF045); first example 2010-07-06 meeting 39657 speaker '교육과학기술부장관 안병만': ""많이 거론해 주셔서 저희가 적극적으로 관계 부처와 협의를 하고 있습니다. 예를 들어서 행안부라든지 복지부, 여성부 또 법무부, 기재부 같이 해서 지금 예산도 확보해 나가고 예비비를 써서라도 우리가 할 수 있는 일을 "" (scan rule and counts in interface/work/short_form_attestation.json); offices.json OF045 (법률 제9932호; sources GOA_9932, GOA_11690, GOA_21065_a)",,
女性部次官,여성부,gender,2001-01-29,2005-06-22,title_form,"Hanja form of 여성부차관. Vice minister title. Not a cabinet office, kr-hearings should not link it to spells.","kr-hearings-data v10 ministry_name_variants.csv (role vice_minister, 65 turns, 2002-10-23..2003-12-23, terms 16, sources xml); offices.json OF032 (법률 제6400호; sources GOA_6400, GOA_7413) | kr-hearings-data v10 ministry_name_variants.csv (role vice_minister, 10 turns, 2001-08-29..2003-12-23, terms 16, sources xml); offices.json OF032 (법률 제6400호; sources GOA_6400, GOA_7413)",,
女性部次官,여성부,gender,2008-02-29,2010-03-18,title_form,"Hanja form of 여성부차관. Vice minister title. Not a cabinet office, kr-hearings should not link it to spells.","kr-hearings-data v10 ministry_name_variants.csv (role vice_minister, 65 turns, 2002-10-23..2003-12-23, terms 16, sources xml); offices.json OF041 (법률 제8852호 (전부개정); sources GOA_8852, GOA_9932) | kr-hearings-data v10 ministry_name_variants.csv (role vice_minister, 10 turns, 2001-08-29..2003-12-23, terms 16, sources xml); offices.json OF041 (법률 제8852호 (전부개정); sources GOA_8852, GOA_9932)",,
女性部長官,여성부,gender,2001-01-29,2005-06-22,hanja,Hanja form of 여성부장관.,"kr-hearings-data v10 ministry_name_variants.csv (role minister, 1454 turns, 2001-04-25..2003-12-29, terms 16, sources xml); offices.json OF032 (법률 제6400호; sources GOA_6400, GOA_7413) | kr-hearings-data v10 ministry_name_variants.csv (role minister, 261 turns, 2001-02-05..2002-07-19, terms 16, sources xml); offices.json OF032 (법률 제6400호; sources GOA_6400, GOA_7413)",,
女性部長官,여성부,gender,2008-02-29,2010-03-18,hanja,Hanja form of 여성부장관.,"kr-hearings-data v10 ministry_name_variants.csv (role minister, 1454 turns, 2001-04-25..2003-12-29, terms 16, sources xml); offices.json OF041 (법률 제8852호 (전부개정); sources GOA_8852, GOA_9932) | kr-hearings-data v10 ministry_name_variants.csv (role minister, 261 turns, 2001-02-05..2002-07-19, terms 16, sources xml); offices.json OF041 (법률 제8852호 (전부개정); sources GOA_8852, GOA_9932)",,
여성부,여성부,gender,2001-01-29,2005-06-22,official,Official name. OF032 행정각부 (장관은 국무위원으로 보한다).,"offices.json OF032 (법률 제6400호; sources GOA_6400, GOA_7413)",,
여성부,여성부,gender,2008-02-29,2010-03-18,official,Official name. OF041 행정각부 (장관은 국무위원으로 보한다).,"offices.json OF041 (법률 제8852호 (전부개정); sources GOA_8852, GOA_9932)",,
여성부장관,여성부,gender,2001-01-29,2005-06-22,official,Official head title. OF032 행정각부 (장관은 국무위원으로 보한다).,"offices.json OF032 (법률 제6400호; sources GOA_6400, GOA_7413) | kr-hearings-data v10 ministry_name_variants.csv (role minister, 9050 turns, 2001-08-29..2010-02-10, terms 16,17,18, sources hwp,xlsx,xml); offices.json OF032 (법률 제6400호; sources GOA_6400, GOA_7413)",,
여성부장관,여성부,gender,2008-02-29,2010-03-18,official,Official head title. OF041 행정각부 (장관은 국무위원으로 보한다).,"offices.json OF041 (법률 제8852호 (전부개정); sources GOA_8852, GOA_9932) | kr-hearings-data v10 ministry_name_variants.csv (role minister, 9050 turns, 2001-08-29..2010-02-10, terms 16,17,18, sources hwp,xlsx,xml); offices.json OF041 (법률 제8852호 (전부개정); sources GOA_8852, GOA_9932)",,
여성부장관후보자,여성부,gender,2001-01-29,2005-06-22,title_form,"Nominee title. Links to nominations.csv, not to spells.","kr-hearings-data v10 ministry_name_variants.csv (role minister_nominee, 1424 turns, 2008-03-12..2009-09-18, terms 17,18, sources hwp,xlsx); offices.json OF032 (법률 제6400호; sources GOA_6400, GOA_7413)",,
여성부장관후보자,여성부,gender,2008-02-27,2008-02-28,title_form,"Nominee title before the office took legal effect on 2008-02-29 (N0362 변도윤 nominated 2008-02-27, hearing 2008-03-12). Links to nominations.csv, not to spells.","nominations.csv N0362 (build sha256 cefbc92eeca056d8); offices.json OF041 (법률 제8852호 (전부개정); sources GOA_8852, GOA_9932)",,
여성부장관후보자,여성부,gender,2008-02-29,2010-03-18,title_form,"Nominee title. Links to nominations.csv, not to spells.","kr-hearings-data v10 ministry_name_variants.csv (role minister_nominee, 1424 turns, 2008-03-12..2009-09-18, terms 17,18, sources hwp,xlsx); offices.json OF041 (법률 제8852호 (전부개정); sources GOA_8852, GOA_9932)",,
여성부차관,여성부,gender,2001-01-29,2005-06-22,title_form,"Vice minister title. Not a cabinet office, kr-hearings should not link it to spells.","kr-hearings-data v10 ministry_name_variants.csv (role vice_minister, 1259 turns, 2001-08-29..2009-12-07, terms 16,17,18, sources hwp,xlsx,xml); offices.json OF032 (법률 제6400호; sources GOA_6400, GOA_7413)",,
여성부차관,여성부,gender,2008-02-29,2010-03-18,title_form,"Vice minister title. Not a cabinet office, kr-hearings should not link it to spells.","kr-hearings-data v10 ministry_name_variants.csv (role vice_minister, 1259 turns, 2001-08-29..2009-12-07, terms 16,17,18, sources hwp,xlsx,xml); offices.json OF041 (법률 제8852호 (전부개정); sources GOA_8852, GOA_9932)",,
女性部次官,여성부,gender,2001-01-29,2005-06-22,title_form,"Hanja form of 여성부차관. Raw form of '女性部次官' (normalization strips markers and spaces and applies NFKC). The raw string uses CJK compatibility ideographs (U+F981). Vice minister title. Not a cabinet office, kr-hearings should not link it to spells.","kr-hearings-data v10 ministry_name_variants.csv (role vice_minister, 65 turns, 2002-10-23..2003-12-23, terms 16, sources xml); offices.json OF032 (법률 제6400호; sources GOA_6400, GOA_7413)",,
女性部次官,여성부,gender,2008-02-29,2010-03-18,title_form,"Hanja form of 여성부차관. Raw form of '女性部次官' (normalization strips markers and spaces and applies NFKC). The raw string uses CJK compatibility ideographs (U+F981). Vice minister title. Not a cabinet office, kr-hearings should not link it to spells.","kr-hearings-data v10 ministry_name_variants.csv (role vice_minister, 65 turns, 2002-10-23..2003-12-23, terms 16, sources xml); offices.json OF041 (법률 제8852호 (전부개정); sources GOA_8852, GOA_9932)",,
女性部長官,여성부,gender,2001-01-29,2005-06-22,hanja,Hanja form of 여성부장관. Raw form of '女性部長官' (normalization strips markers and spaces and applies NFKC). The raw string uses CJK compatibility ideographs (U+F981).,"kr-hearings-data v10 ministry_name_variants.csv (role minister, 1454 turns, 2001-04-25..2003-12-29, terms 16, sources xml); offices.json OF032 (법률 제6400호; sources GOA_6400, GOA_7413)",,
女性部長官,여성부,gender,2008-02-29,2010-03-18,hanja,Hanja form of 여성부장관. Raw form of '女性部長官' (normalization strips markers and spaces and applies NFKC). The raw string uses CJK compatibility ideographs (U+F981).,"kr-hearings-data v10 ministry_name_variants.csv (role minister, 1454 turns, 2001-04-25..2003-12-29, terms 16, sources xml); offices.json OF041 (법률 제8852호 (전부개정); sources GOA_8852, GOA_9932)",,
보건가족부,보건복지가족부,health,2008-02-29,2010-03-18,typo,Garbled ministry name that kr-hearings wrote into ministry_normalized for the position string(s) 보건가족부차관.,"kr-hearings-data v10 ministry_name_variants.csv (ministry_normalized '보건가족부'); offices.json OF040 (법률 제8852호 (전부개정); sources GOA_8852, GOA_9932)",,
보건가족부차관,보건복지가족부,health,2008-02-29,2010-03-18,title_form,"Vice minister, 복지 dropped. Seen on 2010-04-16, after the office became 보건복지부, so a 보건복지부 row is also given. Vice minister title. Not a cabinet office, kr-hearings should not link it to spells. Kr-hearings ministry_normalized is '보건가족부'.","kr-hearings-data v10 ministry_name_variants.csv (role vice_minister, 1 turns, 2010-04-16..2010-04-16, terms 18, sources hwp); offices.json OF040 (법률 제8852호 (전부개정); sources GOA_8852, GOA_9932)",,
보건복지가족부,보건복지가족부,health,2008-02-29,2010-03-18,official,Official name. OF040 행정각부 (장관은 국무위원으로 보한다).,"offices.json OF040 (법률 제8852호 (전부개정); sources GOA_8852, GOA_9932)",,
보건복지가족부장관,보건복지가족부,health,2008-02-29,2010-03-18,official,Official head title. OF040 행정각부 (장관은 국무위원으로 보한다).,"offices.json OF040 (법률 제8852호 (전부개정); sources GOA_8852, GOA_9932) | kr-hearings-data v10 ministry_name_variants.csv (role minister, 12389 turns, 2008-05-09..2010-02-24, terms 17,18, sources hwp,xlsx,xml); offices.json OF040 (법률 제8852호 (전부개정); sources GOA_8852, GOA_9932)",,
보건복지가족부차관,보건복지가족부,health,2008-02-29,2010-03-18,title_form,"Vice minister title. Not a cabinet office, kr-hearings should not link it to spells.","kr-hearings-data v10 ministry_name_variants.csv (role vice_minister, 3269 turns, 2008-05-15..2010-02-25, terms 17,18, sources hwp,xlsx); offices.json OF040 (법률 제8852호 (전부개정); sources GOA_8852, GOA_9932)",,
보건복지부가족부장관,보건복지가족부,health,2008-02-29,2010-03-18,typo,"보건복지가족부 written 보건복지부가족부. kr-hearings normalized it to 보건복지부, but all its dates (2008-05-15, 2009-03-03) fall in the 보건복지가족부 period.","kr-hearings-data v10 ministry_name_variants.csv (role minister, 3 turns, 2008-05-15..2009-03-03, terms 17,18, sources hwp,xlsx); offices.json OF040 (법률 제8852호 (전부개정); sources GOA_8852, GOA_9932)",,
복지복지가족부,보건복지가족부,health,2008-02-29,2010-03-18,typo,Garbled ministry name that kr-hearings wrote into ministry_normalized for the position string(s) 복지복지가족부차관.,"kr-hearings-data v10 ministry_name_variants.csv (ministry_normalized '복지복지가족부'); offices.json OF040 (법률 제8852호 (전부개정); sources GOA_8852, GOA_9932)",,
복지복지가족부차관,보건복지가족부,health,2008-02-29,2010-03-18,title_form,"Vice minister, 보건복지가족부 misspelled as 복지복지가족부. Vice minister title. Not a cabinet office, kr-hearings should not link it to spells. Kr-hearings ministry_normalized is '복지복지가족부'.","kr-hearings-data v10 ministry_name_variants.csv (role vice_minister, 1 turns, 2008-08-04..2008-08-04, terms 18, sources hwp); offices.json OF040 (법률 제8852호 (전부개정); sources GOA_8852, GOA_9932)",,
복지부,보건복지가족부,health,2008-02-29,2010-03-18,ambiguous_short,"Short form of 보건복지가족부. The same string also denotes OF019, OF044 in other periods, resolve by date.","kr-hearings-data v9 all_speeches speech_text: 2205 occurrences of '복지부' in the legal period of 보건복지가족부 (OF040); first example 2008-05-15 meeting 37030 speaker '법무부장관 김경한': ""다마는 또 다른 부처와 전부 저희들이 회의를 여러 번 열어서, 학교를 맡고 있는 교육부나 또는 여성부나 사회복지부나 이런 부처와 협의해서 가정과 학교와 사회에서 어떻게 하면 이것을 막을 수 있느냐 하는 제도 강구를 "" (scan rule and counts in interface/work/short_form_attestation.json); offices.json OF040 (법률 제8852호 (전부개정); sources GOA_8852, GOA_9932)",,
복지부장관,보건복지가족부,health,2008-02-29,2010-03-18,ambiguous_short,"Short form of 보건복지가족부. The same string also denotes OF019, OF044 in other periods, resolve by date.","kr-hearings-data v9 all_speeches speech_text: 2205 occurrences of '복지부' in the legal period of 보건복지가족부 (OF040); first example 2008-05-15 meeting 37030 speaker '법무부장관 김경한': ""다마는 또 다른 부처와 전부 저희들이 회의를 여러 번 열어서, 학교를 맡고 있는 교육부나 또는 여성부나 사회복지부나 이런 부처와 협의해서 가정과 학교와 사회에서 어떻게 하면 이것을 막을 수 있느냐 하는 제도 강구를 "" (scan rule and counts in interface/work/short_form_attestation.json); offices.json OF040 (법률 제8852호 (전부개정); sources GOA_8852, GOA_9932)",,
保健福祉部保健福祉部長官,보건복지부,health,1998-02-25,2008-02-28,typo,"Hanja, ministry name written twice. Irregular string, rows limited to the period(s) in which kr-hearings observed it (the canonical ministry has other periods).","kr-hearings-data v10 ministry_name_variants.csv (role minister, 1 turns, 2003-09-22..2003-09-22, terms 16, sources xml); offices.json OF019 (법률 제5153호; sources GOA_5153, GOA_5529, GOA_8852)",,
保健福祉部次官,보건복지부,health,1998-02-25,2008-02-28,title_form,"Hanja form of 보건복지부차관. Vice minister title. Not a cabinet office, kr-hearings should not link it to spells.","kr-hearings-data v10 ministry_name_variants.csv (role vice_minister, 1062 turns, 2000-06-23..2004-02-04, terms 16, sources xml); offices.json OF019 (법률 제5153호; sources GOA_5153, GOA_5529, GOA_8852)",,
保健福祉部次官,보건복지부,health,2010-03-19,2026-09-24,title_form,"Hanja form of 보건복지부차관. Vice minister title. Not a cabinet office, kr-hearings should not link it to spells.","kr-hearings-data v10 ministry_name_variants.csv (role vice_minister, 1062 turns, 2000-06-23..2004-02-04, terms 16, sources xml); offices.json OF044 (법률 제9932호; sources GOA_9932, GOA_11690, GOA_21065_b)",,
保健福祉部長官,보건복지부,health,1998-02-25,2008-02-28,hanja,Hanja form of 보건복지부장관.,"kr-hearings-data v10 ministry_name_variants.csv (role minister, 10026 turns, 2000-06-20..2004-02-19, terms 16, sources xml); offices.json OF019 (법률 제5153호; sources GOA_5153, GOA_5529, GOA_8852)",,
保健福祉部長官,보건복지부,health,2010-03-19,2026-09-24,hanja,Hanja form of 보건복지부장관.,"kr-hearings-data v10 ministry_name_variants.csv (role minister, 10026 turns, 2000-06-20..2004-02-19, terms 16, sources xml); offices.json OF044 (법률 제9932호; sources GOA_9932, GOA_11690, GOA_21065_b)",,
보건가족부,보건복지부,health,2010-03-19,2026-09-24,typo,Garbled ministry name that kr-hearings wrote into ministry_normalized for the position string(s) 보건가족부차관.,"kr-hearings-data v10 ministry_name_variants.csv (ministry_normalized '보건가족부'); offices.json OF044 (법률 제9932호; sources GOA_9932, GOA_11690, GOA_21065_b)",,
보건가족부차관,보건복지부,health,2010-03-19,2026-09-24,title_form,"Vice minister, garbled name seen on 2010-04-16 when the office was 보건복지부. Vice minister title. Not a cabinet office, kr-hearings should not link it to spells. Kr-hearings ministry_normalized is '보건가족부'.","kr-hearings-data v10 ministry_name_variants.csv (role vice_minister, 1 turns, 2010-04-16..2010-04-16, terms 18, sources hwp); offices.json OF044 (법률 제9932호; sources GOA_9932, GOA_11690, GOA_21065_b)",,
보건복지부,보건복지부,health,1998-02-25,2008-02-28,official,Official name. OF019 행정각부 (장관은 국무위원으로 보한다).,"offices.json OF019 (법률 제5153호; sources GOA_5153, GOA_5529, GOA_8852)",,
보건복지부,보건복지부,health,2010-03-19,2026-09-24,official,Official name. OF044 행정각부 (장관은 국무위원으로 보한다).,"offices.json OF044 (법률 제9932호; sources GOA_9932, GOA_11690, GOA_21065_b)",,
보건복지부보건복지부장관,보건복지부,health,1998-02-25,2008-02-28,typo,"Ministry name written twice. Irregular string, rows limited to the period(s) in which kr-hearings observed it (the canonical ministry has other periods).","kr-hearings-data v10 ministry_name_variants.csv (role minister, 1 turns, 2003-09-22..2003-09-22, terms 16, sources xlsx); offices.json OF019 (법률 제5153호; sources GOA_5153, GOA_5529, GOA_8852)",,
보건복지부보장관,보건복지부,health,1998-02-25,2008-02-28,typo,"Stray 보 before 장관. Irregular string, rows limited to the period(s) in which kr-hearings observed it (the canonical ministry has other periods).","kr-hearings-data v10 ministry_name_variants.csv (role minister, 1 turns, 2005-06-17..2005-06-17, terms 17, sources xlsx); offices.json OF019 (법률 제5153호; sources GOA_5153, GOA_5529, GOA_8852)",,
보건복지부장관,보건복지부,health,1998-02-25,2008-02-28,official,"Official head title. OF019 행정각부 (장관은 국무위원으로 보한다). Official head title. Observed outside every valid period of this canonical ministry on 2008-11-12, 2008-11-21.","offices.json OF019 (법률 제5153호; sources GOA_5153, GOA_5529, GOA_8852) | kr-hearings-data v10 ministry_name_variants.csv (role minister, 73196 turns, 2000-06-20..2026-09-14, terms 16,17,18,19,20,21,22, sources hwp,xlsx,xml); offices.json OF019 (법률 제5153호; sources GOA_5153, GOA_5529, GOA_8852)",,
보건복지부장관,보건복지부,health,2010-03-19,2026-09-24,official,"Official head title. OF044 행정각부 (장관은 국무위원으로 보한다). Official head title. Observed outside every valid period of this canonical ministry on 2008-11-12, 2008-11-21.","offices.json OF044 (법률 제9932호; sources GOA_9932, GOA_11690, GOA_21065_b) | kr-hearings-data v10 ministry_name_variants.csv (role minister, 73196 turns, 2000-06-20..2026-09-14, terms 16,17,18,19,20,21,22, sources hwp,xlsx,xml); offices.json OF044 (법률 제9932호; sources GOA_9932, GOA_11690, GOA_21065_b)",,
보건복지부장관직무대리,보건복지부,health,1998-02-25,2008-02-28,acting_form,"Acting head. kr-hearings never links acting heads to spells, normalization only.","kr-hearings-data v10 ministry_name_variants.csv (role minister_acting, 23 turns, 2021-02-08..2022-07-27, terms 21, sources xml); offices.json OF019 (법률 제5153호; sources GOA_5153, GOA_5529, GOA_8852)",,
보건복지부장관직무대리,보건복지부,health,2010-03-19,2026-09-24,acting_form,"Acting head. kr-hearings never links acting heads to spells, normalization only.","kr-hearings-data v10 ministry_name_variants.csv (role minister_acting, 23 turns, 2021-02-08..2022-07-27, terms 21, sources xml); offices.json OF044 (법률 제9932호; sources GOA_9932, GOA_11690, GOA_21065_b)",,
보건복지부장관직무대행,보건복지부,health,1998-02-25,2008-02-28,acting_form,"Acting head. kr-hearings never links acting heads to spells, normalization only.","kr-hearings-data v10 ministry_name_variants.csv (role minister_acting, 2584 turns, 2013-10-01..2022-09-22, terms 19,21, sources xlsx,xml); offices.json OF019 (법률 제5153호; sources GOA_5153, GOA_5529, GOA_8852)",,
보건복지부장관직무대행,보건복지부,health,2010-03-19,2026-09-24,acting_form,"Acting head. kr-hearings never links acting heads to spells, normalization only.","kr-hearings-data v10 ministry_name_variants.csv (role minister_acting, 2584 turns, 2013-10-01..2022-09-22, terms 19,21, sources xlsx,xml); offices.json OF044 (법률 제9932호; sources GOA_9932, GOA_11690, GOA_21065_b)",,
보건복지부장관후보자,보건복지부,health,1998-02-25,2008-02-28,title_form,"Nominee title. Links to nominations.csv, not to spells.","kr-hearings-data v10 ministry_name_variants.csv (role minister_nominee, 9136 turns, 2006-02-07..2022-09-27, terms 17,18,19,20,21, sources hwp,xlsx,xml); offices.json OF019 (법률 제5153호; sources GOA_5153, GOA_5529, GOA_8852)",,
보건복지부장관후보자,보건복지부,health,2010-03-19,2026-09-24,title_form,"Nominee title. Links to nominations.csv, not to spells.","kr-hearings-data v10 ministry_name_variants.csv (role minister_nominee, 9136 turns, 2006-02-07..2022-09-27, terms 17,18,19,20,21, sources hwp,xlsx,xml); offices.json OF044 (법률 제9932호; sources GOA_9932, GOA_11690, GOA_21065_b)",,
보건복지부제1차관,보건복지부,health,1998-02-25,2008-02-28,title_form,"Vice minister title. Not a cabinet office, kr-hearings should not link it to spells.","kr-hearings-data v10 ministry_name_variants.csv (role vice_minister, 909 turns, 2020-09-17..2024-12-05, terms 21,22, sources xlsx); offices.json OF019 (법률 제5153호; sources GOA_5153, GOA_5529, GOA_8852)",,
보건복지부제1차관,보건복지부,health,2010-03-19,2026-09-24,title_form,"Vice minister title. Not a cabinet office, kr-hearings should not link it to spells.","kr-hearings-data v10 ministry_name_variants.csv (role vice_minister, 909 turns, 2020-09-17..2024-12-05, terms 21,22, sources xlsx); offices.json OF044 (법률 제9932호; sources GOA_9932, GOA_11690, GOA_21065_b)",,
보건복지부제1차관직무대리,보건복지부,health,1998-02-25,2008-02-28,title_form,"Vice minister title. Not a cabinet office, kr-hearings should not link it to spells.","kr-hearings-data v10 ministry_name_variants.csv (role vice_minister, 3 turns, 2022-10-05..2022-10-06, terms 21, sources xlsx); offices.json OF019 (법률 제5153호; sources GOA_5153, GOA_5529, GOA_8852)",,
보건복지부제1차관직무대리,보건복지부,health,2010-03-19,2026-09-24,title_form,"Vice minister title. Not a cabinet office, kr-hearings should not link it to spells.","kr-hearings-data v10 ministry_name_variants.csv (role vice_minister, 3 turns, 2022-10-05..2022-10-06, terms 21, sources xlsx); offices.json OF044 (법률 제9932호; sources GOA_9932, GOA_11690, GOA_21065_b)",,
보건복지부제2차관,보건복지부,health,1998-02-25,2008-02-28,title_form,"Vice minister title. Not a cabinet office, kr-hearings should not link it to spells.","kr-hearings-data v10 ministry_name_variants.csv (role vice_minister, 654 turns, 2020-09-17..2024-12-05, terms 21,22, sources xlsx,xml); offices.json OF019 (법률 제5153호; sources GOA_5153, GOA_5529, GOA_8852)",,
보건복지부제2차관,보건복지부,health,2010-03-19,2026-09-24,title_form,"Vice minister title. Not a cabinet office, kr-hearings should not link it to spells.","kr-hearings-data v10 ministry_name_variants.csv (role vice_minister, 654 turns, 2020-09-17..2024-12-05, terms 21,22, sources xlsx,xml); offices.json OF044 (법률 제9932호; sources GOA_9932, GOA_11690, GOA_21065_b)",,
보건복지부차관,보건복지부,health,1998-02-25,2008-02-28,title_form,"Vice minister title. Not a cabinet office, kr-hearings should not link it to spells. Observed outside every valid period of this canonical ministry on 2009-11-24, 2009-12-15.","kr-hearings-data v10 ministry_name_variants.csv (role vice_minister, 9979 turns, 2000-06-23..2020-08-26, terms 16,17,18,19,20,21, sources hwp,xlsx,xml); offices.json OF019 (법률 제5153호; sources GOA_5153, GOA_5529, GOA_8852)",,
보건복지부차관,보건복지부,health,2010-03-19,2026-09-24,title_form,"Vice minister title. Not a cabinet office, kr-hearings should not link it to spells. Observed outside every valid period of this canonical ministry on 2009-11-24, 2009-12-15.","kr-hearings-data v10 ministry_name_variants.csv (role vice_minister, 9979 turns, 2000-06-23..2020-08-26, terms 16,17,18,19,20,21, sources hwp,xlsx,xml); offices.json OF044 (법률 제9932호; sources GOA_9932, GOA_11690, GOA_21065_b)",,
복건복지부차관,보건복지부,health,1998-02-25,2008-02-28,title_form,"Vice minister, 보건 misspelled as 복건. Vice minister title. Not a cabinet office, kr-hearings should not link it to spells. Irregular string, rows limited to the period(s) in which kr-hearings observed it (the canonical ministry has other periods).","kr-hearings-data v10 ministry_name_variants.csv (role vice_minister, 1 turns, 2005-09-12..2005-09-12, terms 17, sources xml); offices.json OF019 (법률 제5153호; sources GOA_5153, GOA_5529, GOA_8852)",,
복지부,보건복지부,health,1998-02-25,2008-02-28,ambiguous_short,"Short form of 보건복지부. The same string also denotes OF040, OF044 in other periods, resolve by date.","kr-hearings-data v9 all_speeches speech_text: 8759 occurrences of '복지부' in the legal period of 보건복지부 (OF019); first example 2001-10-29 meeting 29422 speaker '건설교통부장관 임인택': ""증가만으로써 보험료를 인상한다는 것은 문제가 있다는 위원님의 의견에 공감합니다. 이 문제에 대해서는 저희가 복지부와 긴밀히 협의해 보완하도록……"" (scan rule and counts in interface/work/short_form_attestation.json); offices.json OF019 (법률 제5153호; sources GOA_5153, GOA_5529, GOA_8852)",,
복지부,보건복지부,health,2010-03-19,2026-09-24,ambiguous_short,"Short form of 보건복지부. The same string also denotes OF019, OF040 in other periods, resolve by date.","kr-hearings-data v9 all_speeches speech_text: 27445 occurrences of '복지부' in the legal period of 보건복지부 (OF044); first example 2010-04-16 meeting 39526 speaker '교육과학기술부제1차관 이주호': "". 바로 그런 취지 때문에 고용대책위원회에 인력 및 교육 TF팀이 구성되어 있고 그 TF팀에 지금 노동부, 복지부 죽 다 들어와 있습니다. 그래서 말씀 주신 대로 지난 정부의 인력정책 그런 차원에서 크게 지금 하고 "" (scan rule and counts in interface/work/short_form_attestation.json); offices.json OF044 (법률 제9932호; sources GOA_9932, GOA_11690, GOA_21065_b)",,
복지부장관,보건복지부,health,1998-02-25,2008-02-28,ambiguous_short,"Short form of 보건복지부. The same string also denotes OF040, OF044 in other periods, resolve by date.","kr-hearings-data v9 all_speeches speech_text: 8759 occurrences of '복지부' in the legal period of 보건복지부 (OF019); first example 2001-10-29 meeting 29422 speaker '건설교통부장관 임인택': ""증가만으로써 보험료를 인상한다는 것은 문제가 있다는 위원님의 의견에 공감합니다. 이 문제에 대해서는 저희가 복지부와 긴밀히 협의해 보완하도록……"" (scan rule and counts in interface/work/short_form_attestation.json); offices.json OF019 (법률 제5153호; sources GOA_5153, GOA_5529, GOA_8852)",,
복지부장관,보건복지부,health,2010-03-19,2026-09-24,ambiguous_short,"Short form of 보건복지부. The same string also denotes OF019, OF040 in other periods, resolve by date.","kr-hearings-data v9 all_speeches speech_text: 27445 occurrences of '복지부' in the legal period of 보건복지부 (OF044); first example 2010-04-16 meeting 39526 speaker '교육과학기술부제1차관 이주호': "". 바로 그런 취지 때문에 고용대책위원회에 인력 및 교육 TF팀이 구성되어 있고 그 TF팀에 지금 노동부, 복지부 죽 다 들어와 있습니다. 그래서 말씀 주신 대로 지난 정부의 인력정책 그런 차원에서 크게 지금 하고 "" (scan rule and counts in interface/work/short_form_attestation.json); offices.json OF044 (법률 제9932호; sources GOA_9932, GOA_11690, GOA_21065_b)",,
情報通信部情長官,정보통신부,ict,1998-02-25,2008-02-28,typo,"Hanja, stray 情 before 長官.","kr-hearings-data v10 ministry_name_variants.csv (role minister, 1 turns, 2003-09-18..2003-09-18, terms 16, sources xml); offices.json OF017 (법률 제5153호; sources GOA_5153, GOA_5529, GOA_8852)",,
情報通信部次官,정보통신부,ict,1998-02-25,2008-02-28,title_form,"Hanja form of 정보통신부차관. Vice minister title. Not a cabinet office, kr-hearings should not link it to spells.","kr-hearings-data v10 ministry_name_variants.csv (role vice_minister, 576 turns, 2000-11-28..2004-02-11, terms 16, sources xml); offices.json OF017 (법률 제5153호; sources GOA_5153, GOA_5529, GOA_8852)",,
情報通信部長官,정보통신부,ict,1998-02-25,2008-02-28,hanja,Hanja form of 정보통신부장관.,"kr-hearings-data v10 ministry_name_variants.csv (role minister, 4422 turns, 2000-06-26..2004-02-11, terms 16, sources xml); offices.json OF017 (법률 제5153호; sources GOA_5153, GOA_5529, GOA_8852)",,
정보통신부,정보통신부,ict,1998-02-25,2008-02-28,official,Official name. OF017 행정각부 (장관은 국무위원으로 보한다).,"offices.json OF017 (법률 제5153호; sources GOA_5153, GOA_5529, GOA_8852)",,
정보통신부장관,정보통신부,ict,1998-02-25,2008-02-28,official,Official head title. OF017 행정각부 (장관은 국무위원으로 보한다).,"offices.json OF017 (법률 제5153호; sources GOA_5153, GOA_5529, GOA_8852) | kr-hearings-data v10 ministry_name_variants.csv (role minister, 18440 turns, 2000-06-26..2008-02-04, terms 16,17, sources xlsx,xml); offices.json OF017 (법률 제5153호; sources GOA_5153, GOA_5529, GOA_8852)",,
정보통신부장관후보자,정보통신부,ict,1998-02-25,2008-02-28,title_form,"Nominee title. Links to nominations.csv, not to spells.","kr-hearings-data v10 ministry_name_variants.csv (role minister_nominee, 1193 turns, 2006-03-22..2007-08-30, terms 17, sources xlsx,xml); offices.json OF017 (법률 제5153호; sources GOA_5153, GOA_5529, GOA_8852)",,
정보통신부차관,정보통신부,ict,1998-02-25,2008-02-28,title_form,"Vice minister title. Not a cabinet office, kr-hearings should not link it to spells.","kr-hearings-data v10 ministry_name_variants.csv (role vice_minister, 1888 turns, 2001-09-11..2008-02-26, terms 16,17, sources xlsx,xml); offices.json OF017 (법률 제5153호; sources GOA_5153, GOA_5529, GOA_8852)",,
정통부,정보통신부,ict,1998-02-25,2008-02-28,short,Short form of 정보통신부.,"kr-hearings-data v9 all_speeches speech_text: 10539 occurrences of '정통부' in the legal period of 정보통신부 (OF017); first example 2001-09-03 meeting 29416 speaker '윤한도 위원': ""용하기 위해서 전국에 20개만 세워도 되는 GPS 상시관측소를 정보공유시스템도 마련하지 아니한 채 행자부와 정통부 등 7개 기관이 71개를 세워 가지고 75억원의 예산을 낭비한 것이 또 감사에 지적되었습니다. 또한 "" (scan rule and counts in interface/work/short_form_attestation.json); offices.json OF017 (법률 제5153호; sources GOA_5153, GOA_5529, GOA_8852)",,
정통부장관,정보통신부,ict,1998-02-25,2008-02-28,short,Short form 정통부. Short form of 정보통신부.,"kr-hearings-data v10 ministry_name_variants.csv (role minister, 4 turns, 2004-10-07..2006-04-17, terms 17, sources xlsx,xml); offices.json OF017 (법률 제5153호; sources GOA_5153, GOA_5529, GOA_8852) | kr-hearings-data v9 all_speeches speech_text: 10539 occurrences of '정통부' in the legal period of 정보통신부 (OF017); first example 2001-09-03 meeting 29416 speaker '윤한도 위원': ""용하기 위해서 전국에 20개만 세워도 되는 GPS 상시관측소를 정보공유시스템도 마련하지 아니한 채 행자부와 정통부 등 7개 기관이 71개를 세워 가지고 75억원의 예산을 낭비한 것이 또 감사에 지적되었습니다. 또한 "" (scan rule and counts in interface/work/short_form_attestation.json); offices.json OF017 (법률 제5153호; sources GOA_5153, GOA_5529, GOA_8852)",,
産業資源部次官,산업자원부,industry,1998-02-28,2008-02-28,title_form,"Hanja form of 산업자원부차관. Vice minister title. Not a cabinet office, kr-hearings should not link it to spells.","kr-hearings-data v10 ministry_name_variants.csv (role vice_minister, 1079 turns, 2000-10-13..2003-12-23, terms 16, sources xml); offices.json OF029 (법률 제5529호 (전부개정); sources GOA_5529, GOA_8852)",,
産業資源部長官,산업자원부,industry,1998-02-28,2008-02-28,hanja,Hanja form of 산업자원부장관.,"kr-hearings-data v10 ministry_name_variants.csv (role minister, 4727 turns, 2000-06-21..2004-02-26, terms 16, sources xml); offices.json OF029 (법률 제5529호 (전부개정); sources GOA_5529, GOA_8852)",,
산업자원부,산업자원부,industry,1998-02-28,2008-02-28,official,Official name. OF029 행정각부 (장관은 국무위원으로 보한다).,"offices.json OF029 (법률 제5529호 (전부개정); sources GOA_5529, GOA_8852)",,
산업자원부장관,산업자원부,industry,1998-02-28,2008-02-28,official,Official head title. OF029 행정각부 (장관은 국무위원으로 보한다). Official head title. Observed outside every valid period of this canonical ministry on 2014-02-14.,"offices.json OF029 (법률 제5529호 (전부개정); sources GOA_5529, GOA_8852) | kr-hearings-data v10 ministry_name_variants.csv (role minister, 15914 turns, 2000-06-21..2014-02-14, terms 16,17,19, sources xlsx,xml); offices.json OF029 (법률 제5529호 (전부개정); sources GOA_5529, GOA_8852)",,
산업자원부장관후보자,산업자원부,industry,1998-02-28,2008-02-28,title_form,"Nominee title. Links to nominations.csv, not to spells.","kr-hearings-data v10 ministry_name_variants.csv (role minister_nominee, 1352 turns, 2006-02-08..2008-02-27, terms 17, sources xlsx,xml); offices.json OF029 (법률 제5529호 (전부개정); sources GOA_5529, GOA_8852)",,
산업자원부제1차관,산업자원부,industry,1998-02-28,2008-02-28,title_form,"Vice minister title. Not a cabinet office, kr-hearings should not link it to spells.","kr-hearings-data v10 ministry_name_variants.csv (role vice_minister, 353 turns, 2005-08-26..2008-02-26, terms 17, sources xlsx,xml); offices.json OF029 (법률 제5529호 (전부개정); sources GOA_5529, GOA_8852)",,
산업자원부제2차관,산업자원부,industry,1998-02-28,2008-02-28,title_form,"Vice minister title. Not a cabinet office, kr-hearings should not link it to spells.","kr-hearings-data v10 ministry_name_variants.csv (role vice_minister, 654 turns, 2005-08-22..2008-02-26, terms 17, sources xlsx,xml); offices.json OF029 (법률 제5529호 (전부개정); sources GOA_5529, GOA_8852)",,
산업자원부차관,산업자원부,industry,1998-02-28,2008-02-28,title_form,"Vice minister title. Not a cabinet office, kr-hearings should not link it to spells.","kr-hearings-data v10 ministry_name_variants.csv (role vice_minister, 754 turns, 2000-10-13..2005-05-24, terms 16,17, sources xlsx,xml); offices.json OF029 (법률 제5529호 (전부개정); sources GOA_5529, GOA_8852)",,
산업지원부장관,산업자원부,industry,1998-02-28,2008-02-28,typo,산업자원부 misspelled as 산업지원부.,"kr-hearings-data v10 ministry_name_variants.csv (role minister, 4 turns, 2005-11-07..2005-11-07, terms 17, sources xlsx,xml); offices.json OF029 (법률 제5529호 (전부개정); sources GOA_5529, GOA_8852)",,
산자부,산업자원부,industry,1998-02-28,2008-02-28,short,Short form of 산업자원부.,"kr-hearings-data v9 all_speeches speech_text: 16544 occurrences of '산자부' in the legal period of 산업자원부 (OF029); first example 2000-12-04 meeting 28611 speaker '안상수 위원': ""저도 이 법의 공동발의자 중에 한 사람이고 산자부장관과 같이 토론도 한 적이 있는데 지금 이 부분에 관해서 건설교통부에서는 대형유통업체의 셔틀버스운행 제한은"" (scan rule and counts in interface/work/short_form_attestation.json); offices.json OF029 (법률 제5529호 (전부개정); sources GOA_5529, GOA_8852)",,
산자부장관,산업자원부,industry,1998-02-28,2008-02-28,short,Short form of 산업자원부.,"kr-hearings-data v9 all_speeches speech_text: 16544 occurrences of '산자부' in the legal period of 산업자원부 (OF029); first example 2000-12-04 meeting 28611 speaker '안상수 위원': ""저도 이 법의 공동발의자 중에 한 사람이고 산자부장관과 같이 토론도 한 적이 있는데 지금 이 부분에 관해서 건설교통부에서는 대형유통업체의 셔틀버스운행 제한은"" (scan rule and counts in interface/work/short_form_attestation.json); offices.json OF029 (법률 제5529호 (전부개정); sources GOA_5529, GOA_8852)",,
산업부,산업통상부,industry,2025-10-01,2026-09-24,ambiguous_short,"Short form of 산업통상부. The same string also denotes OF052 in other periods, resolve by date.","kr-hearings-data v9 all_speeches speech_text: 2071 occurrences of '산업부' in the legal period of 산업통상부 (OF061); first example 2026-08-25 meeting v10xml:57180 speaker '기후에너지환경부제1차관 금한승': ""위원님, 사실 탄소중립 환경정보센터 이것하고 지금 국토부, 산업부, 저희 기후부가 하는 유사한 형태의 이런 정보센터가 있습니다. 이게 약간 부처 간 칸막이도 있고 해 가지고"" (scan rule and counts in interface/work/short_form_attestation.json); offices.json OF061 (법률 제21065호; sources GOA_21065_a, GOA_21065_b)",,
산업부장관,산업통상부,industry,2025-10-01,2026-09-24,ambiguous_short,"Short form of 산업통상부. The same string also denotes OF052 in other periods, resolve by date.","kr-hearings-data v9 all_speeches speech_text: 2071 occurrences of '산업부' in the legal period of 산업통상부 (OF061); first example 2026-08-25 meeting v10xml:57180 speaker '기후에너지환경부제1차관 금한승': ""위원님, 사실 탄소중립 환경정보센터 이것하고 지금 국토부, 산업부, 저희 기후부가 하는 유사한 형태의 이런 정보센터가 있습니다. 이게 약간 부처 간 칸막이도 있고 해 가지고"" (scan rule and counts in interface/work/short_form_attestation.json); offices.json OF061 (법률 제21065호; sources GOA_21065_a, GOA_21065_b)",,
산업통상부,산업통상부,industry,2025-10-01,2026-09-24,official,Official name. OF061 행정각부 (장관은 국무위원으로 보한다).,"offices.json OF061 (법률 제21065호; sources GOA_21065_a, GOA_21065_b)",,
산업통상부장관,산업통상부,industry,2025-10-01,2026-09-24,official,Official head title. OF061 행정각부 (장관은 국무위원으로 보한다).,"offices.json OF061 (법률 제21065호; sources GOA_21065_a, GOA_21065_b) | kr-hearings-data v10 ministry_name_variants.csv (role minister, 250 turns, 2026-02-10..2026-08-26, terms 22, sources xml); offices.json OF061 (법률 제21065호; sources GOA_21065_a, GOA_21065_b)",,
산업통상부장관직무대리,산업통상부,industry,2025-10-01,2026-09-24,acting_form,"Acting head. kr-hearings never links acting heads to spells, normalization only.","kr-hearings-data v10 ministry_name_variants.csv (role minister_acting, 25 turns, 2026-09-11..2026-09-11, terms 22, sources xml); offices.json OF061 (법률 제21065호; sources GOA_21065_a, GOA_21065_b)",,
산업통상부차관,산업통상부,industry,2025-10-01,2026-09-24,title_form,"Vice minister title. Not a cabinet office, kr-hearings should not link it to spells.","kr-hearings-data v10 ministry_name_variants.csv (role vice_minister, 7 turns, 2026-03-09..2026-03-09, terms 22, sources xml); offices.json OF061 (법률 제21065호; sources GOA_21065_a, GOA_21065_b)",,
산업부,산업통상자원부,industry,2013-03-23,2025-09-30,ambiguous_short,"Short form of 산업통상자원부. The same string also denotes OF061 in other periods, resolve by date.","kr-hearings-data v9 all_speeches speech_text: 21720 occurrences of '산업부' in the legal period of 산업통상자원부 (OF052); first example 2013-12-09 meeting 43668 speaker '박홍근 위원': ""그런데 제가 오늘도 보도자료를 냈습니다마는 우선 방금 이야기한 전기요금 개편 과정에서 그동안 교육부가 산업부하고 여러 가지 협의를 했고 또 촉구를 한 것은 알고 있습니다. 그런데 저는 노력이 아직도 부족하다고 생각합"" (scan rule and counts in interface/work/short_form_attestation.json); offices.json OF052 (법률 제11690호 (전부개정); sources GOA_11690, GOA_21065_a)",,
산업부장관,산업통상자원부,industry,2013-03-23,2025-09-30,ambiguous_short,"Short form of 산업통상자원부. The same string also denotes OF061 in other periods, resolve by date.","kr-hearings-data v9 all_speeches speech_text: 21720 occurrences of '산업부' in the legal period of 산업통상자원부 (OF052); first example 2013-12-09 meeting 43668 speaker '박홍근 위원': ""그런데 제가 오늘도 보도자료를 냈습니다마는 우선 방금 이야기한 전기요금 개편 과정에서 그동안 교육부가 산업부하고 여러 가지 협의를 했고 또 촉구를 한 것은 알고 있습니다. 그런데 저는 노력이 아직도 부족하다고 생각합"" (scan rule and counts in interface/work/short_form_attestation.json); offices.json OF052 (법률 제11690호 (전부개정); sources GOA_11690, GOA_21065_a)",,
산업자원통상부장관,산업통상자원부,industry,2013-03-23,2025-09-30,typo,산업통상자원부 with 통상 and 자원 swapped.,"kr-hearings-data v10 ministry_name_variants.csv (role minister, 1 turns, 2016-06-23..2016-06-23, terms 20, sources xlsx); offices.json OF052 (법률 제11690호 (전부개정); sources GOA_11690, GOA_21065_a)",,
산업통상자원부,산업통상자원부,industry,2013-03-23,2025-09-30,official,Official name. OF052 행정각부 (장관은 국무위원으로 보한다).,"offices.json OF052 (법률 제11690호 (전부개정); sources GOA_11690, GOA_21065_a)",,
산업통상자원부 제1차관,산업통상자원부,industry,2013-03-23,2025-09-30,title_form,"Raw form of '산업통상자원부제1차관' (normalization strips markers and spaces and applies NFKC). Vice minister title. Not a cabinet office, kr-hearings should not link it to spells.","kr-hearings-data v10 ministry_name_variants.csv (role vice_minister, 6 turns, 2013-04-08..2013-04-08, terms 19, sources xlsx); offices.json OF052 (법률 제11690호 (전부개정); sources GOA_11690, GOA_21065_a)",,
산업통상자원부장관,산업통상자원부,industry,2013-03-23,2025-09-30,official,Official head title. OF052 행정각부 (장관은 국무위원으로 보한다).,"offices.json OF052 (법률 제11690호 (전부개정); sources GOA_11690, GOA_21065_a) | kr-hearings-data v10 ministry_name_variants.csv (role minister, 34201 turns, 2013-04-08..2025-09-17, terms 19,20,21,22, sources xlsx,xml); offices.json OF052 (법률 제11690호 (전부개정); sources GOA_11690, GOA_21065_a)",,
산업통상자원부장관직무대리,산업통상자원부,industry,2013-03-23,2025-09-30,acting_form,"Acting head. kr-hearings never links acting heads to spells, normalization only.","kr-hearings-data v10 ministry_name_variants.csv (role minister_acting, 29 turns, 2020-09-16..2022-09-21, terms 21, sources xml); offices.json OF052 (법률 제11690호 (전부개정); sources GOA_11690, GOA_21065_a)",,
산업통상자원부장관후보자,산업통상자원부,industry,2013-03-23,2025-09-30,title_form,"Nominee title. Links to nominations.csv, not to spells.","kr-hearings-data v10 ministry_name_variants.csv (role minister_nominee, 4181 turns, 2016-01-06..2024-01-03, terms 19,20,21, sources xlsx); offices.json OF052 (법률 제11690호 (전부개정); sources GOA_11690, GOA_21065_a)",,
산업통상자원부제1차관,산업통상자원부,industry,2013-03-23,2025-09-30,title_form,"Vice minister title. Not a cabinet office, kr-hearings should not link it to spells.","kr-hearings-data v10 ministry_name_variants.csv (role vice_minister, 1116 turns, 2013-04-08..2024-12-19, terms 19,20,21,22, sources xlsx,xml); offices.json OF052 (법률 제11690호 (전부개정); sources GOA_11690, GOA_21065_a) | kr-hearings-data v10 ministry_name_variants.csv (role vice_minister, 6 turns, 2013-04-08..2013-04-08, terms 19, sources xlsx); offices.json OF052 (법률 제11690호 (전부개정); sources GOA_11690, GOA_21065_a)",,
산업통상자원부제2차관,산업통상자원부,industry,2013-03-23,2025-09-30,title_form,"Vice minister title. Not a cabinet office, kr-hearings should not link it to spells.","kr-hearings-data v10 ministry_name_variants.csv (role vice_minister, 1944 turns, 2013-04-08..2024-12-19, terms 19,20,21,22, sources xlsx,xml); offices.json OF052 (법률 제11690호 (전부개정); sources GOA_11690, GOA_21065_a)",,
산업통상자원부차관,산업통상자원부,industry,2013-03-23,2025-09-30,title_form,"Vice minister title. Not a cabinet office, kr-hearings should not link it to spells.","kr-hearings-data v10 ministry_name_variants.csv (role vice_minister, 990 turns, 2017-07-26..2021-06-28, terms 20,21, sources xlsx,xml); offices.json OF052 (법률 제11690호 (전부개정); sources GOA_11690, GOA_21065_a)",,
지경부,지식경제부,industry,2008-02-29,2013-03-22,short,Short form of 지식경제부.,"kr-hearings-data v9 all_speeches speech_text: 8548 occurrences of '지경부' in the legal period of 지식경제부 (OF039); first example 2008-05-21 meeting 37032 speaker '조순형 위원': ""가 나와 있어요. 일시도 나와 있고 행사 내용은 업무보고 및 토론회, 180명, 참석 대상은 국토부 행안부 지경부, 지경부는 또 뭐예요? 지경부는 무슨 부예요? 지식경제부? 그것을 지경부라고 그럽니까?"" (scan rule and counts in interface/work/short_form_attestation.json); offices.json OF039 (법률 제8852호 (전부개정); sources GOA_8852, GOA_11690)",,
지경부장관,지식경제부,industry,2008-02-29,2013-03-22,short,Short form of 지식경제부.,"kr-hearings-data v9 all_speeches speech_text: 8548 occurrences of '지경부' in the legal period of 지식경제부 (OF039); first example 2008-05-21 meeting 37032 speaker '조순형 위원': ""가 나와 있어요. 일시도 나와 있고 행사 내용은 업무보고 및 토론회, 180명, 참석 대상은 국토부 행안부 지경부, 지경부는 또 뭐예요? 지경부는 무슨 부예요? 지식경제부? 그것을 지경부라고 그럽니까?"" (scan rule and counts in interface/work/short_form_attestation.json); offices.json OF039 (법률 제8852호 (전부개정); sources GOA_8852, GOA_11690)",,
지시경제부,지식경제부,industry,2008-02-29,2013-03-22,typo,Garbled ministry name that kr-hearings wrote into ministry_normalized for the position string(s) 지시경제부제2차관.,"kr-hearings-data v10 ministry_name_variants.csv (ministry_normalized '지시경제부'); offices.json OF039 (법률 제8852호 (전부개정); sources GOA_8852, GOA_11690)",,
지시경제부제2차관,지식경제부,industry,2008-02-29,2013-03-22,title_form,"Vice minister, 지식 misspelled as 지시. Vice minister title. Not a cabinet office, kr-hearings should not link it to spells. Kr-hearings ministry_normalized is '지시경제부'.","kr-hearings-data v10 ministry_name_variants.csv (role vice_minister, 1 turns, 2009-11-30..2009-11-30, terms 18, sources hwp); offices.json OF039 (법률 제8852호 (전부개정); sources GOA_8852, GOA_11690)",,
지식경제부,지식경제부,industry,2008-02-29,2013-03-22,official,Official name. OF039 행정각부 (장관은 국무위원으로 보한다).,"offices.json OF039 (법률 제8852호 (전부개정); sources GOA_8852, GOA_11690)",,
지식경제부장관,지식경제부,industry,2008-02-29,2013-03-22,official,Official head title. OF039 행정각부 (장관은 국무위원으로 보한다).,"offices.json OF039 (법률 제8852호 (전부개정); sources GOA_8852, GOA_11690) | kr-hearings-data v10 ministry_name_variants.csv (role minister, 25113 turns, 2008-05-06..2013-03-22, terms 17,18,19, sources hwp,xlsx,xml); offices.json OF039 (법률 제8852호 (전부개정); sources GOA_8852, GOA_11690)",,
지식경제부장관후보자,지식경제부,industry,2008-02-29,2013-03-22,title_form,"Nominee title. Links to nominations.csv, not to spells.","kr-hearings-data v10 ministry_name_variants.csv (role minister_nominee, 5120 turns, 2009-09-15..2013-03-07, terms 18,19, sources hwp,xlsx); offices.json OF039 (법률 제8852호 (전부개정); sources GOA_8852, GOA_11690)",,
지식경제부제1차관,지식경제부,industry,2008-02-29,2013-03-22,title_form,"Vice minister title. Not a cabinet office, kr-hearings should not link it to spells.","kr-hearings-data v10 ministry_name_variants.csv (role vice_minister, 10807 turns, 2008-05-21..2013-03-19, terms 17,18,19, sources hwp,xlsx,xml); offices.json OF039 (법률 제8852호 (전부개정); sources GOA_8852, GOA_11690)",,
지식경제부제2차관,지식경제부,industry,2008-02-29,2013-03-22,title_form,"Vice minister title. Not a cabinet office, kr-hearings should not link it to spells.","kr-hearings-data v10 ministry_name_variants.csv (role vice_minister, 6260 turns, 2008-07-23..2012-11-22, terms 18,19, sources hwp,xlsx); offices.json OF039 (법률 제8852호 (전부개정); sources GOA_8852, GOA_11690)",,
지식경제부차관제1차관,지식경제부,industry,2008-02-29,2013-03-22,title_form,"Vice minister, 차관 doubled. Vice minister title. Not a cabinet office, kr-hearings should not link it to spells.","kr-hearings-data v10 ministry_name_variants.csv (role vice_minister, 2 turns, 2011-12-21..2011-12-21, terms 18, sources hwp); offices.json OF039 (법률 제8852호 (전부개정); sources GOA_8852, GOA_11690)",,
통상산업부,통상산업부,industry,1998-02-25,1998-02-27,official,Official name. OF012 행정각부 (장관은 국무위원으로 보한다).,"offices.json OF012 (법률 제5153호; sources GOA_5153, GOA_5529)",,
통상산업부장관,통상산업부,industry,1998-02-25,1998-02-27,official,Official head title. OF012 행정각부 (장관은 국무위원으로 보한다).,"offices.json OF012 (법률 제5153호; sources GOA_5153, GOA_5529)",,
내무부,내무부,interior,1998-02-25,1998-02-27,official,Official name. OF010 행정각부 (장관은 국무위원으로 보한다).,"offices.json OF010 (법률 제5153호; sources GOA_5153, GOA_5529)",,
내무부장관,내무부,interior,1998-02-25,1998-02-27,official,Official head title. OF010 행정각부 (장관은 국무위원으로 보한다).,"offices.json OF010 (법률 제5153호; sources GOA_5153, GOA_5529)",,
안전행전부장관,안전행정부,interior,2013-03-23,2014-11-18,typo,안전행정부 misspelled as 안전행전부.,"kr-hearings-data v10 ministry_name_variants.csv (role minister, 3 turns, 2014-11-14..2014-11-14, terms 19, sources xlsx); offices.json OF050 (법률 제11690호 (전부개정); sources GOA_11690, GOA_12844)",,
안전행정부,안전행정부,interior,2013-03-23,2014-11-18,official,Official name. OF050 행정각부 (장관은 국무위원으로 보한다).,"offices.json OF050 (법률 제11690호 (전부개정); sources GOA_11690, GOA_12844)",,
안전행정부장관,안전행정부,interior,2013-03-23,2014-11-18,official,Official head title. OF050 행정각부 (장관은 국무위원으로 보한다).,"offices.json OF050 (법률 제11690호 (전부개정); sources GOA_11690, GOA_12844) | kr-hearings-data v10 ministry_name_variants.csv (role minister, 4339 turns, 2013-04-11..2014-11-14, terms 19, sources xlsx,xml); offices.json OF050 (법률 제11690호 (전부개정); sources GOA_11690, GOA_12844)",,
안전행정부장관후보자,안전행정부,interior,2013-03-23,2014-11-18,title_form,"Nominee title. Links to nominations.csv, not to spells.","kr-hearings-data v10 ministry_name_variants.csv (role minister_nominee, 1323 turns, 2014-03-24..2014-07-08, terms 19, sources xlsx); offices.json OF050 (법률 제11690호 (전부개정); sources GOA_11690, GOA_12844)",,
안전행정부제1차관,안전행정부,interior,2013-03-23,2014-11-18,title_form,"Vice minister title. Not a cabinet office, kr-hearings should not link it to spells.","kr-hearings-data v10 ministry_name_variants.csv (role vice_minister, 324 turns, 2013-05-06..2014-07-15, terms 19, sources xlsx,xml); offices.json OF050 (법률 제11690호 (전부개정); sources GOA_11690, GOA_12844)",,
안전행정부제2차관,안전행정부,interior,2013-03-23,2014-11-18,title_form,"Vice minister title. Not a cabinet office, kr-hearings should not link it to spells.","kr-hearings-data v10 ministry_name_variants.csv (role vice_minister, 567 turns, 2013-04-25..2014-10-27, terms 19, sources xlsx,xml); offices.json OF050 (법률 제11690호 (전부개정); sources GOA_11690, GOA_12844)",,
안정행정부장관후보자,안전행정부,interior,2013-03-23,2014-11-18,typo,"Nominee title, 안전행정부 misspelled as 안정행정부. Nominee title. Links to nominations.csv, not to spells.","kr-hearings-data v10 ministry_name_variants.csv (role minister_nominee, 6 turns, 2014-07-08..2014-07-08, terms 19, sources xlsx); offices.json OF050 (법률 제11690호 (전부개정); sources GOA_11690, GOA_12844)",,
안행부,안전행정부,interior,2013-03-23,2014-11-18,short,Short form of 안전행정부.,"kr-hearings-data v9 all_speeches speech_text: 3217 occurrences of '안행부' in the legal period of 안전행정부 (OF050); first example 2013-04-08 meeting 42618 speaker '유기홍 위원': ""지금 안행부는 연말에나 이것 하겠다고 하는데 그렇게 되면 이분들은 1년 동안 월급이 깎인 상태로 되는데 이것 빨리 해결"" (scan rule and counts in interface/work/short_form_attestation.json); offices.json OF050 (법률 제11690호 (전부개정); sources GOA_11690, GOA_12844)",,
안행부장관,안전행정부,interior,2013-03-23,2014-11-18,short,Short form of 안전행정부.,"kr-hearings-data v9 all_speeches speech_text: 3217 occurrences of '안행부' in the legal period of 안전행정부 (OF050); first example 2013-04-08 meeting 42618 speaker '유기홍 위원': ""지금 안행부는 연말에나 이것 하겠다고 하는데 그렇게 되면 이분들은 1년 동안 월급이 깎인 상태로 되는데 이것 빨리 해결"" (scan rule and counts in interface/work/short_form_attestation.json); offices.json OF050 (법률 제11690호 (전부개정); sources GOA_11690, GOA_12844)",,
총무처,총무처,general_affairs,1998-02-25,1998-02-27,official,"Official name. OF004 처 (국무총리 소속). Lineage follows the roster. offices_1988.json lists '총무처 -> general_affairs' in ministry_to_lineage_overrides (offices_json_conflicts: offices.json gives interior), build_panel.py applies it, and every 총무처 spell in build/out/spells.csv (sha256 c4a6bef303e97528) has lineage general_affairs. With lineage interior the row joined the holder of another office on 1998-02-25..1998-02-27. Changed by the alias check (round 2).","offices.json OF004 (법률 제5153호; sources GOA_5153, GOA_5529) | offices_1988.json ministry_to_lineage_overrides; build/out/spells.csv | Alias check round 2, 2026-09-26 (interface/alias_check.md)",,
총무처장관,총무처,general_affairs,1998-02-25,1998-02-27,official,"Official head title. OF004 처 (국무총리 소속). Lineage follows the roster. offices_1988.json lists '총무처 -> general_affairs' in ministry_to_lineage_overrides (offices_json_conflicts: offices.json gives interior), build_panel.py applies it, and every 총무처 spell in build/out/spells.csv (sha256 c4a6bef303e97528) has lineage general_affairs. With lineage interior the row joined the holder of another office on 1998-02-25..1998-02-27. Changed by the alias check (round 2).","offices.json OF004 (법률 제5153호; sources GOA_5153, GOA_5529) | offices_1988.json ministry_to_lineage_overrides; build/out/spells.csv | Alias check round 2, 2026-09-26 (interface/alias_check.md)",,
정안전부,행정안전부,interior,2008-02-29,2013-03-22,typo,Garbled ministry name that kr-hearings wrote into ministry_normalized for the position string(s) 정안전부장관.,"kr-hearings-data v10 ministry_name_variants.csv (ministry_normalized '정안전부'); offices.json OF036 (법률 제8852호 (전부개정); sources GOA_8852, GOA_11690)",,
정안전부장관,행정안전부,interior,2008-02-29,2013-03-22,typo,"행정안전부 with its first syllable dropped. Kr-hearings ministry_normalized is '정안전부'. Irregular string, rows limited to the period(s) in which kr-hearings observed it (the canonical ministry has other periods).","kr-hearings-data v10 ministry_name_variants.csv (role minister, 1 turns, 2011-10-25..2011-10-25, terms 18, sources hwp); offices.json OF036 (법률 제8852호 (전부개정); sources GOA_8852, GOA_11690)",,
행안부,행정안전부,interior,2008-02-29,2013-03-22,ambiguous_short,"Short form of 행정안전부. The same string also denotes OF057 in other periods, resolve by date.","kr-hearings-data v9 all_speeches speech_text: 8987 occurrences of '행안부' in the legal period of 행정안전부 (OF036); first example 2008-05-06 meeting 37012 speaker '변재일 위원': ""그런데 주민등록번호 문제가 행안부하고 계속 말썽이 됐던 것이 사실 주민등록번호를 행안부가 가지고 있는데 그 주민등록번호를 좀더 가공해 가지고"" (scan rule and counts in interface/work/short_form_attestation.json); offices.json OF036 (법률 제8852호 (전부개정); sources GOA_8852, GOA_11690)",,
행안부,행정안전부,interior,2017-07-26,2026-09-24,ambiguous_short,"Short form of 행정안전부. The same string also denotes OF036 in other periods, resolve by date.","kr-hearings-data v9 all_speeches speech_text: 18634 occurrences of '행안부' in the legal period of 행정안전부 (OF057); first example 2017-11-07 meeting 47625 speaker '신용현 위원': "" 중앙정부에서 주는 것은 문제가 있다라고 다시 지적을 했습니다. 그래서 이것은 사실 저희 생각에는, 저희가 행안부랑 얘기할 때도 보면 ‘시행령을 개정할 때 잘못 알고 개정을 했다’, 그래서 그것을 인정한 바거든요. "" (scan rule and counts in interface/work/short_form_attestation.json); offices.json OF057 (법률 제14839호; sources GOA_14839, GOA_21065_b)",,
행안부장관,행정안전부,interior,2008-02-29,2013-03-22,ambiguous_short,"Short form of 행정안전부. The same string also denotes OF057 in other periods, resolve by date.","kr-hearings-data v9 all_speeches speech_text: 8987 occurrences of '행안부' in the legal period of 행정안전부 (OF036); first example 2008-05-06 meeting 37012 speaker '변재일 위원': ""그런데 주민등록번호 문제가 행안부하고 계속 말썽이 됐던 것이 사실 주민등록번호를 행안부가 가지고 있는데 그 주민등록번호를 좀더 가공해 가지고"" (scan rule and counts in interface/work/short_form_attestation.json); offices.json OF036 (법률 제8852호 (전부개정); sources GOA_8852, GOA_11690)",,
행안부장관,행정안전부,interior,2017-07-26,2026-09-24,ambiguous_short,"Short form of 행정안전부. The same string also denotes OF036 in other periods, resolve by date.","kr-hearings-data v9 all_speeches speech_text: 18634 occurrences of '행안부' in the legal period of 행정안전부 (OF057); first example 2017-11-07 meeting 47625 speaker '신용현 위원': "" 중앙정부에서 주는 것은 문제가 있다라고 다시 지적을 했습니다. 그래서 이것은 사실 저희 생각에는, 저희가 행안부랑 얘기할 때도 보면 ‘시행령을 개정할 때 잘못 알고 개정을 했다’, 그래서 그것을 인정한 바거든요. "" (scan rule and counts in interface/work/short_form_attestation.json); offices.json OF057 (법률 제14839호; sources GOA_14839, GOA_21065_b)",,
행전안전부제1차관,행정안전부,interior,2008-02-29,2013-03-22,title_form,"Vice minister, 행정안전부 misspelled as 행전안전부. Vice minister title. Not a cabinet office, kr-hearings should not link it to spells. Irregular string, rows limited to the period(s) in which kr-hearings observed it (the canonical ministry has other periods).","kr-hearings-data v10 ministry_name_variants.csv (role vice_minister, 61 turns, 2008-09-24..2011-08-29, terms 18, sources hwp,xlsx); offices.json OF036 (법률 제8852호 (전부개정); sources GOA_8852, GOA_11690)",,
행정안전부,행정안전부,interior,2008-02-29,2013-03-22,official,Official name. OF036 행정각부 (장관은 국무위원으로 보한다).,"offices.json OF036 (법률 제8852호 (전부개정); sources GOA_8852, GOA_11690)",,
행정안전부,행정안전부,interior,2017-07-26,2026-09-24,official,Official name. OF057 행정각부 (장관은 국무위원으로 보한다).,"offices.json OF057 (법률 제14839호; sources GOA_14839, GOA_21065_b)",,
행정안전부장관,행정안전부,interior,2008-02-29,2013-03-22,official,Official head title. OF036 행정각부 (장관은 국무위원으로 보한다). Official head title. Observed outside every valid period of this canonical ministry on 2014-07-24.,"offices.json OF036 (법률 제8852호 (전부개정); sources GOA_8852, GOA_11690) | kr-hearings-data v10 ministry_name_variants.csv (role minister, 39451 turns, 2008-04-29..2026-09-14, terms 17,18,19,20,21,22, sources hwp,xlsx,xml); offices.json OF036 (법률 제8852호 (전부개정); sources GOA_8852, GOA_11690)",,
행정안전부장관,행정안전부,interior,2017-07-26,2026-09-24,official,Official head title. OF057 행정각부 (장관은 국무위원으로 보한다). Official head title. Observed outside every valid period of this canonical ministry on 2014-07-24.,"offices.json OF057 (법률 제14839호; sources GOA_14839, GOA_21065_b) | kr-hearings-data v10 ministry_name_variants.csv (role minister, 39451 turns, 2008-04-29..2026-09-14, terms 17,18,19,20,21,22, sources hwp,xlsx,xml); offices.json OF057 (법률 제14839호; sources GOA_14839, GOA_21065_b)",,
행정안전부장관직무대리,행정안전부,interior,2008-02-29,2013-03-22,acting_form,"Acting head. kr-hearings never links acting heads to spells, normalization only.","kr-hearings-data v10 ministry_name_variants.csv (role minister_acting, 46 turns, 2020-07-24..2026-04-13, terms 21,22, sources xml); offices.json OF036 (법률 제8852호 (전부개정); sources GOA_8852, GOA_11690)",,
행정안전부장관직무대리,행정안전부,interior,2017-07-26,2026-09-24,acting_form,"Acting head. kr-hearings never links acting heads to spells, normalization only.","kr-hearings-data v10 ministry_name_variants.csv (role minister_acting, 46 turns, 2020-07-24..2026-04-13, terms 21,22, sources xml); offices.json OF057 (법률 제14839호; sources GOA_14839, GOA_21065_b)",,
행정안전부장관직무대행,행정안전부,interior,2008-02-29,2013-03-22,acting_form,"Acting head. kr-hearings never links acting heads to spells, normalization only.","kr-hearings-data v10 ministry_name_variants.csv (role minister_acting, 808 turns, 2010-04-14..2025-04-16, terms 18,21,22, sources hwp,xlsx,xml); offices.json OF036 (법률 제8852호 (전부개정); sources GOA_8852, GOA_11690)",,
행정안전부장관직무대행,행정안전부,interior,2017-07-26,2026-09-24,acting_form,"Acting head. kr-hearings never links acting heads to spells, normalization only.","kr-hearings-data v10 ministry_name_variants.csv (role minister_acting, 808 turns, 2010-04-14..2025-04-16, terms 18,21,22, sources hwp,xlsx,xml); offices.json OF057 (법률 제14839호; sources GOA_14839, GOA_21065_b)",,
행정안전부장관후보자,행정안전부,interior,2008-02-29,2013-03-22,title_form,"Nominee title. Links to nominations.csv, not to spells.","kr-hearings-data v10 ministry_name_variants.csv (role minister_nominee, 4358 turns, 2009-02-19..2022-05-03, terms 18,19,20,21, sources hwp,xlsx); offices.json OF036 (법률 제8852호 (전부개정); sources GOA_8852, GOA_11690)",,
행정안전부장관후보자,행정안전부,interior,2017-07-26,2026-09-24,title_form,"Nominee title. Links to nominations.csv, not to spells.","kr-hearings-data v10 ministry_name_variants.csv (role minister_nominee, 4358 turns, 2009-02-19..2022-05-03, terms 18,19,20,21, sources hwp,xlsx); offices.json OF057 (법률 제14839호; sources GOA_14839, GOA_21065_b)",,
행정안전부제1차관,행정안전부,interior,2008-02-29,2013-03-22,title_form,"Vice minister title. Not a cabinet office, kr-hearings should not link it to spells.","kr-hearings-data v10 ministry_name_variants.csv (role vice_minister, 4217 turns, 2008-04-29..2012-11-22, terms 17,18,19, sources hwp,xlsx); offices.json OF036 (법률 제8852호 (전부개정); sources GOA_8852, GOA_11690)",,
행정안전부제1차관,행정안전부,interior,2017-07-26,2026-09-24,title_form,"Vice minister title. Not a cabinet office, kr-hearings should not link it to spells.","kr-hearings-data v10 ministry_name_variants.csv (role vice_minister, 4217 turns, 2008-04-29..2012-11-22, terms 17,18,19, sources hwp,xlsx); offices.json OF057 (법률 제14839호; sources GOA_14839, GOA_21065_b)",,
행정안전부제2차관,행정안전부,interior,2008-02-29,2013-03-22,title_form,"Vice minister title. Not a cabinet office, kr-hearings should not link it to spells.","kr-hearings-data v10 ministry_name_variants.csv (role vice_minister, 6169 turns, 2008-07-29..2013-02-27, terms 18,19, sources hwp,xlsx); offices.json OF036 (법률 제8852호 (전부개정); sources GOA_8852, GOA_11690)",,
행정안전부제2차관,행정안전부,interior,2017-07-26,2026-09-24,title_form,"Vice minister title. Not a cabinet office, kr-hearings should not link it to spells.","kr-hearings-data v10 ministry_name_variants.csv (role vice_minister, 6169 turns, 2008-07-29..2013-02-27, terms 18,19, sources hwp,xlsx); offices.json OF057 (법률 제14839호; sources GOA_14839, GOA_21065_b)",,
행정안전부차관,행정안전부,interior,2008-02-29,2013-03-22,title_form,"Vice minister title. Not a cabinet office, kr-hearings should not link it to spells.","kr-hearings-data v10 ministry_name_variants.csv (role vice_minister, 1465 turns, 2017-08-23..2026-03-21, terms 20,21,22, sources xlsx,xml); offices.json OF036 (법률 제8852호 (전부개정); sources GOA_8852, GOA_11690)",,
행정안전부차관,행정안전부,interior,2017-07-26,2026-09-24,title_form,"Vice minister title. Not a cabinet office, kr-hearings should not link it to spells.","kr-hearings-data v10 ministry_name_variants.csv (role vice_minister, 1465 turns, 2017-08-23..2026-03-21, terms 20,21,22, sources xlsx,xml); offices.json OF057 (법률 제14839호; sources GOA_14839, GOA_21065_b)",,
행정안전부차관직무대리,행정안전부,interior,2008-02-29,2013-03-22,title_form,"Vice minister title. Not a cabinet office, kr-hearings should not link it to spells.","kr-hearings-data v10 ministry_name_variants.csv (role vice_minister, 26 turns, 2025-04-03..2025-04-03, terms 22, sources xml); offices.json OF036 (법률 제8852호 (전부개정); sources GOA_8852, GOA_11690)",,
행정안전부차관직무대리,행정안전부,interior,2017-07-26,2026-09-24,title_form,"Vice minister title. Not a cabinet office, kr-hearings should not link it to spells.","kr-hearings-data v10 ministry_name_variants.csv (role vice_minister, 26 turns, 2025-04-03..2025-04-03, terms 22, sources xml); offices.json OF057 (법률 제14839호; sources GOA_14839, GOA_21065_b)",,
행정안정부,행정안전부,interior,2008-02-29,2013-03-22,typo,"Garbled ministry name that kr-hearings wrote into ministry_normalized for the position string(s) 행정안정부장관, 행정안정부제2차관.","kr-hearings-data v10 ministry_name_variants.csv (ministry_normalized '행정안정부'); offices.json OF036 (법률 제8852호 (전부개정); sources GOA_8852, GOA_11690)",,
행정안정부장관,행정안전부,interior,2008-02-29,2013-03-22,typo,"행정안전부 misspelled as 행정안정부. Kr-hearings ministry_normalized is '행정안정부'. Irregular string, rows limited to the period(s) in which kr-hearings observed it (the canonical ministry has other periods).","kr-hearings-data v10 ministry_name_variants.csv (role minister, 1 turns, 2009-12-10..2009-12-10, terms 18, sources hwp); offices.json OF036 (법률 제8852호 (전부개정); sources GOA_8852, GOA_11690)",,
행정안정부제2차관,행정안전부,interior,2008-02-29,2013-03-22,title_form,"Vice minister, 행정안전부 misspelled as 행정안정부. Vice minister title. Not a cabinet office, kr-hearings should not link it to spells. Kr-hearings ministry_normalized is '행정안정부'. Irregular string, rows limited to the period(s) in which kr-hearings observed it (the canonical ministry has other periods).","kr-hearings-data v10 ministry_name_variants.csv (role vice_minister, 6 turns, 2009-07-14..2010-01-27, terms 18, sources hwp); offices.json OF036 (법률 제8852호 (전부개정); sources GOA_8852, GOA_11690)",,
◯行政自治部次官,행정자치부,interior,1998-02-28,2008-02-28,title_form,"Hanja form of 행정자치부차관. Raw form of '行政自治部次官' (normalization strips markers and spaces and applies NFKC). Vice minister title. Not a cabinet office, kr-hearings should not link it to spells.","kr-hearings-data v10 ministry_name_variants.csv (role vice_minister, 1 turns, 2003-12-09..2003-12-09, terms 16, sources xml); offices.json OF026 (법률 제5529호 (전부개정); sources GOA_5529, GOA_8852)",,
◯行政自治部次官,행정자치부,interior,2014-11-19,2017-07-25,title_form,"Hanja form of 행정자치부차관. Raw form of '行政自治部次官' (normalization strips markers and spaces and applies NFKC). Vice minister title. Not a cabinet office, kr-hearings should not link it to spells.","kr-hearings-data v10 ministry_name_variants.csv (role vice_minister, 1 turns, 2003-12-09..2003-12-09, terms 16, sources xml); offices.json OF055 (법률 제12844호; sources GOA_12844, GOA_14839)",,
行政自治部借款,행정자치부,interior,1998-02-28,2008-02-28,title_form,"Vice minister, hanja 次官 written as the homophone 借款. Vice minister title. Not a cabinet office, kr-hearings should not link it to spells. Irregular string, rows limited to the period(s) in which kr-hearings observed it (the canonical ministry has other periods).","kr-hearings-data v10 ministry_name_variants.csv (role vice_minister, 1 turns, 2003-02-19..2003-02-19, terms 16, sources xml); offices.json OF026 (법률 제5529호 (전부개정); sources GOA_5529, GOA_8852)",,
行政自治部次官,행정자치부,interior,1998-02-28,2008-02-28,title_form,"Hanja form of 행정자치부차관. Vice minister title. Not a cabinet office, kr-hearings should not link it to spells.","kr-hearings-data v10 ministry_name_variants.csv (role vice_minister, 1830 turns, 2000-07-21..2004-02-04, terms 16, sources xml); offices.json OF026 (법률 제5529호 (전부개정); sources GOA_5529, GOA_8852) | kr-hearings-data v10 ministry_name_variants.csv (role vice_minister, 1 turns, 2003-12-09..2003-12-09, terms 16, sources xml); offices.json OF026 (법률 제5529호 (전부개정); sources GOA_5529, GOA_8852)",,
行政自治部次官,행정자치부,interior,2014-11-19,2017-07-25,title_form,"Hanja form of 행정자치부차관. Vice minister title. Not a cabinet office, kr-hearings should not link it to spells.","kr-hearings-data v10 ministry_name_variants.csv (role vice_minister, 1830 turns, 2000-07-21..2004-02-04, terms 16, sources xml); offices.json OF055 (법률 제12844호; sources GOA_12844, GOA_14839) | kr-hearings-data v10 ministry_name_variants.csv (role vice_minister, 1 turns, 2003-12-09..2003-12-09, terms 16, sources xml); offices.json OF055 (법률 제12844호; sources GOA_12844, GOA_14839)",,
行政自治部長官,행정자치부,interior,1998-02-28,2008-02-28,hanja,Hanja form of 행정자치부장관.,"kr-hearings-data v10 ministry_name_variants.csv (role minister, 5831 turns, 2000-06-21..2004-03-09, terms 16, sources xml); offices.json OF026 (법률 제5529호 (전부개정); sources GOA_5529, GOA_8852)",,
行政自治部長官,행정자치부,interior,2014-11-19,2017-07-25,hanja,Hanja form of 행정자치부장관.,"kr-hearings-data v10 ministry_name_variants.csv (role minister, 5831 turns, 2000-06-21..2004-03-09, terms 16, sources xml); offices.json OF055 (법률 제12844호; sources GOA_12844, GOA_14839)",,
行長自治部長官,행정자치부,interior,1998-02-28,2008-02-28,typo,"Hanja, 行政自治部 misspelled with 長 for 政. Irregular string, rows limited to the period(s) in which kr-hearings observed it (the canonical ministry has other periods).","kr-hearings-data v10 ministry_name_variants.csv (role minister, 6 turns, 2001-06-14..2001-06-14, terms 16, sources xml); offices.json OF026 (법률 제5529호 (전부개정); sources GOA_5529, GOA_8852)",,
행자부,행정자치부,interior,1998-02-28,2008-02-28,ambiguous_short,"Short form of 행정자치부. The same string also denotes OF055 in other periods, resolve by date.","kr-hearings-data v9 all_speeches speech_text: 13529 occurrences of '행자부' in the legal period of 행정자치부 (OF026); first example 2000-06-21 meeting 28525 speaker '김덕배 위원': ""고 생각합니다. 마지막으로 최근에 남북통일이 가시화되면서 작년 15대 국회말에 통과된 접경지역지원법이 지금 행자부에서 시행령을 준비하고 있는 것으로 알고 있습니다. 건교부에서는 접경지역지원법에 따른 SOC 및 통일기"" (scan rule and counts in interface/work/short_form_attestation.json); offices.json OF026 (법률 제5529호 (전부개정); sources GOA_5529, GOA_8852)",,
행자부,행정자치부,interior,2014-11-19,2017-07-25,ambiguous_short,"Short form of 행정자치부. The same string also denotes OF026 in other periods, resolve by date.","kr-hearings-data v9 all_speeches speech_text: 2417 occurrences of '행자부' in the legal period of 행정자치부 (OF055); first example 2015-02-09 meeting 44887 speaker '문화체육관광부장관 김종덕': ""에 약속드린 대로 곧바로 징계조치를, 징계위를 했습니다. 징계위를 해서 중앙징계위원회에 중징계위를 했고…… 행자부에서 중앙징계위원회가 열리는 것이 한 달에 한 번씩 열리는데 2월에 새로운 위원들이, 징계위원들이 바뀌"" (scan rule and counts in interface/work/short_form_attestation.json); offices.json OF055 (법률 제12844호; sources GOA_12844, GOA_14839)",,
행자부장관,행정자치부,interior,1998-02-28,2008-02-28,ambiguous_short,"Short form of 행정자치부. The same string also denotes OF055 in other periods, resolve by date.","kr-hearings-data v9 all_speeches speech_text: 13529 occurrences of '행자부' in the legal period of 행정자치부 (OF026); first example 2000-06-21 meeting 28525 speaker '김덕배 위원': ""고 생각합니다. 마지막으로 최근에 남북통일이 가시화되면서 작년 15대 국회말에 통과된 접경지역지원법이 지금 행자부에서 시행령을 준비하고 있는 것으로 알고 있습니다. 건교부에서는 접경지역지원법에 따른 SOC 및 통일기"" (scan rule and counts in interface/work/short_form_attestation.json); offices.json OF026 (법률 제5529호 (전부개정); sources GOA_5529, GOA_8852)",,
행자부장관,행정자치부,interior,2014-11-19,2017-07-25,ambiguous_short,"Short form of 행정자치부. The same string also denotes OF026 in other periods, resolve by date.","kr-hearings-data v9 all_speeches speech_text: 2417 occurrences of '행자부' in the legal period of 행정자치부 (OF055); first example 2015-02-09 meeting 44887 speaker '문화체육관광부장관 김종덕': ""에 약속드린 대로 곧바로 징계조치를, 징계위를 했습니다. 징계위를 해서 중앙징계위원회에 중징계위를 했고…… 행자부에서 중앙징계위원회가 열리는 것이 한 달에 한 번씩 열리는데 2월에 새로운 위원들이, 징계위원들이 바뀌"" (scan rule and counts in interface/work/short_form_attestation.json); offices.json OF055 (법률 제12844호; sources GOA_12844, GOA_14839)",,
행장자치부장관,행정자치부,interior,1998-02-28,2008-02-28,typo,"행정자치부 misspelled as 행장자치부. Irregular string, rows limited to the period(s) in which kr-hearings observed it (the canonical ministry has other periods).","kr-hearings-data v10 ministry_name_variants.csv (role minister, 6 turns, 2001-06-14..2001-06-14, terms 16, sources xlsx); offices.json OF026 (법률 제5529호 (전부개정); sources GOA_5529, GOA_8852)",,
행정자차부,행정자치부,interior,1998-02-28,2008-02-28,typo,Garbled ministry name that kr-hearings wrote into ministry_normalized for the position string(s) 행정자차부제1차관.,"kr-hearings-data v10 ministry_name_variants.csv (ministry_normalized '행정자차부'); offices.json OF026 (법률 제5529호 (전부개정); sources GOA_5529, GOA_8852)",,
행정자차부제1차관,행정자치부,interior,1998-02-28,2008-02-28,title_form,"Vice minister, 행정자치부 misspelled as 행정자차부. Vice minister title. Not a cabinet office, kr-hearings should not link it to spells. Kr-hearings ministry_normalized is '행정자차부'. Irregular string, rows limited to the period(s) in which kr-hearings observed it (the canonical ministry has other periods).","kr-hearings-data v10 ministry_name_variants.csv (role vice_minister, 1 turns, 2006-02-21..2006-02-21, terms 17, sources xml); offices.json OF026 (법률 제5529호 (전부개정); sources GOA_5529, GOA_8852)",,
행정자치부,행정자치부,interior,1998-02-28,2008-02-28,official,Official name. OF026 행정각부 (장관은 국무위원으로 보한다).,"offices.json OF026 (법률 제5529호 (전부개정); sources GOA_5529, GOA_8852)",,
행정자치부,행정자치부,interior,2014-11-19,2017-07-25,official,Official name. OF055 행정각부 (장관은 국무위원으로 보한다).,"offices.json OF055 (법률 제12844호; sources GOA_12844, GOA_14839)",,
행정자치부장관,행정자치부,interior,1998-02-28,2008-02-28,official,Official head title. OF026 행정각부 (장관은 국무위원으로 보한다).,"offices.json OF026 (법률 제5529호 (전부개정); sources GOA_5529, GOA_8852) | kr-hearings-data v10 ministry_name_variants.csv (role minister, 20311 turns, 2000-06-21..2017-07-20, terms 16,17,19,20, sources xlsx,xml); offices.json OF026 (법률 제5529호 (전부개정); sources GOA_5529, GOA_8852)",,
행정자치부장관,행정자치부,interior,2014-11-19,2017-07-25,official,Official head title. OF055 행정각부 (장관은 국무위원으로 보한다).,"offices.json OF055 (법률 제12844호; sources GOA_12844, GOA_14839) | kr-hearings-data v10 ministry_name_variants.csv (role minister, 20311 turns, 2000-06-21..2017-07-20, terms 16,17,19,20, sources xlsx,xml); offices.json OF055 (법률 제12844호; sources GOA_12844, GOA_14839)",,
행정자치부장관후보자,행정자치부,interior,1998-02-28,2008-02-28,title_form,"Nominee title. Links to nominations.csv, not to spells.","kr-hearings-data v10 ministry_name_variants.csv (role minister_nominee, 2044 turns, 2006-03-21..2017-06-14, terms 17,19,20, sources xlsx,xml); offices.json OF026 (법률 제5529호 (전부개정); sources GOA_5529, GOA_8852)",,
행정자치부장관후보자,행정자치부,interior,2014-11-19,2017-07-25,title_form,"Nominee title. Links to nominations.csv, not to spells.","kr-hearings-data v10 ministry_name_variants.csv (role minister_nominee, 2044 turns, 2006-03-21..2017-06-14, terms 17,19,20, sources xlsx,xml); offices.json OF055 (법률 제12844호; sources GOA_12844, GOA_14839)",,
행정자치부제1차관,행정자치부,interior,1998-02-28,2008-02-28,title_form,"Vice minister title. Not a cabinet office, kr-hearings should not link it to spells. Observed outside every valid period of this canonical ministry on 2010-09-28.","kr-hearings-data v10 ministry_name_variants.csv (role vice_minister, 675 turns, 2005-08-16..2010-09-28, terms 17,18, sources hwp,xlsx,xml); offices.json OF026 (법률 제5529호 (전부개정); sources GOA_5529, GOA_8852)",,
행정자치부제1차관,행정자치부,interior,2014-11-19,2017-07-25,title_form,"Vice minister title. Not a cabinet office, kr-hearings should not link it to spells. Observed outside every valid period of this canonical ministry on 2010-09-28.","kr-hearings-data v10 ministry_name_variants.csv (role vice_minister, 675 turns, 2005-08-16..2010-09-28, terms 17,18, sources hwp,xlsx,xml); offices.json OF055 (법률 제12844호; sources GOA_12844, GOA_14839)",,
행정자치부제2차관,행정자치부,interior,1998-02-28,2008-02-28,title_form,"Vice minister title. Not a cabinet office, kr-hearings should not link it to spells. Observed outside every valid period of this canonical ministry on 2009-09-23.","kr-hearings-data v10 ministry_name_variants.csv (role vice_minister, 600 turns, 2005-08-16..2009-09-23, terms 17,18, sources hwp,xlsx,xml); offices.json OF026 (법률 제5529호 (전부개정); sources GOA_5529, GOA_8852)",,
행정자치부제2차관,행정자치부,interior,2014-11-19,2017-07-25,title_form,"Vice minister title. Not a cabinet office, kr-hearings should not link it to spells. Observed outside every valid period of this canonical ministry on 2009-09-23.","kr-hearings-data v10 ministry_name_variants.csv (role vice_minister, 600 turns, 2005-08-16..2009-09-23, terms 17,18, sources hwp,xlsx,xml); offices.json OF055 (법률 제12844호; sources GOA_12844, GOA_14839)",,
행정자치부차관,행정자치부,interior,1998-02-28,2008-02-28,title_form,"Vice minister title. Not a cabinet office, kr-hearings should not link it to spells.","kr-hearings-data v10 ministry_name_variants.csv (role vice_minister, 2923 turns, 2000-10-16..2017-07-20, terms 16,17,19,20, sources xlsx,xml); offices.json OF026 (법률 제5529호 (전부개정); sources GOA_5529, GOA_8852)",,
행정자치부차관,행정자치부,interior,2014-11-19,2017-07-25,title_form,"Vice minister title. Not a cabinet office, kr-hearings should not link it to spells.","kr-hearings-data v10 ministry_name_variants.csv (role vice_minister, 2923 turns, 2000-10-16..2017-07-20, terms 16,17,19,20, sources xlsx,xml); offices.json OF055 (법률 제12844호; sources GOA_12844, GOA_14839)",,
法務部次官,법무부,justice,1998-02-25,2026-09-24,title_form,"Hanja form of 법무부차관. Vice minister title. Not a cabinet office, kr-hearings should not link it to spells.","kr-hearings-data v10 ministry_name_variants.csv (role vice_minister, 372 turns, 2000-11-28..2004-01-16, terms 16, sources xml); offices.json OF013 (법률 제5153호; sources GOA_5153, GOA_5529, GOA_8852, GOA_11690, GOA_21065_b)",,
法務部長官,법무부,justice,1998-02-25,2026-09-24,hanja,Hanja form of 법무부장관.,"kr-hearings-data v10 ministry_name_variants.csv (role minister, 7403 turns, 2000-06-21..2004-03-02, terms 16, sources xml); offices.json OF013 (법률 제5153호; sources GOA_5153, GOA_5529, GOA_8852, GOA_11690, GOA_21065_b)",,
범무부장관후보자,법무부,justice,1998-02-25,2026-09-24,typo,"Nominee title, 법무부 misspelled as 범무부. Nominee title. Links to nominations.csv, not to spells.","kr-hearings-data v10 ministry_name_variants.csv (role minister_nominee, 1 turns, 2006-08-25..2006-08-25, terms 17, sources xlsx); offices.json OF013 (법률 제5153호; sources GOA_5153, GOA_5529, GOA_8852, GOA_11690, GOA_21065_b)",,
법무무장관,법무부,justice,1998-02-25,2026-09-24,typo,법무부 misspelled as 법무무.,"kr-hearings-data v10 ministry_name_variants.csv (role minister, 5 turns, 2008-09-17..2014-04-10, terms 18,19, sources hwp,xlsx,xml); offices.json OF013 (법률 제5153호; sources GOA_5153, GOA_5529, GOA_8852, GOA_11690, GOA_21065_b)",,
법무부,법무부,justice,1998-02-25,2026-09-24,official,Official name. OF013 행정각부 (장관은 국무위원으로 보한다).,"offices.json OF013 (법률 제5153호; sources GOA_5153, GOA_5529, GOA_8852, GOA_11690, GOA_21065_b)",,
법무부장관,법무부,justice,1998-02-25,2026-09-24,official,Official head title. OF013 행정각부 (장관은 국무위원으로 보한다).,"offices.json OF013 (법률 제5153호; sources GOA_5153, GOA_5529, GOA_8852, GOA_11690, GOA_21065_b) | kr-hearings-data v10 ministry_name_variants.csv (role minister, 69592 turns, 2000-06-21..2026-04-13, terms 16,17,18,19,20,21,22, sources hwp,xlsx,xml); offices.json OF013 (법률 제5153호; sources GOA_5153, GOA_5529, GOA_8852, GOA_11690, GOA_21065_b)",,
법무부장관직무대리,법무부,justice,1998-02-25,2026-09-24,acting_form,"Acting head. kr-hearings never links acting heads to spells, normalization only.","kr-hearings-data v10 ministry_name_variants.csv (role minister_acting, 399 turns, 2016-12-21..2024-07-25, terms 20,21,22, sources xlsx,xml); offices.json OF013 (법률 제5153호; sources GOA_5153, GOA_5529, GOA_8852, GOA_11690, GOA_21065_b)",,
법무부장관직무대행,법무부,justice,1998-02-25,2026-09-24,acting_form,"Acting head. kr-hearings never links acting heads to spells, normalization only.","kr-hearings-data v10 ministry_name_variants.csv (role minister_acting, 2500 turns, 2015-06-23..2026-09-14, terms 19,20,21,22, sources xlsx,xml); offices.json OF013 (법률 제5153호; sources GOA_5153, GOA_5529, GOA_8852, GOA_11690, GOA_21065_b)",,
법무부장관후보자,법무부,justice,1998-02-25,2026-09-24,title_form,"Nominee title. Links to nominations.csv, not to spells.","kr-hearings-data v10 ministry_name_variants.csv (role minister_nominee, 8118 turns, 2006-08-25..2024-02-15, terms 17,18,19,20,21, sources hwp,xlsx); offices.json OF013 (법률 제5153호; sources GOA_5153, GOA_5529, GOA_8852, GOA_11690, GOA_21065_b)",,
법무부차관,법무부,justice,1998-02-25,2026-09-24,title_form,"Vice minister title. Not a cabinet office, kr-hearings should not link it to spells.","kr-hearings-data v10 ministry_name_variants.csv (role vice_minister, 8079 turns, 2000-12-14..2026-03-20, terms 16,17,18,19,20,21,22, sources hwp,xlsx,xml); offices.json OF013 (법률 제5153호; sources GOA_5153, GOA_5529, GOA_8852, GOA_11690, GOA_21065_b)",,
법부무장관,법무부,justice,1998-02-25,2026-09-24,typo,법무부 misspelled as 법부무.,"kr-hearings-data v10 ministry_name_variants.csv (role minister, 97 turns, 2013-12-09..2013-12-09, terms 19, sources xlsx); offices.json OF013 (법률 제5153호; sources GOA_5153, GOA_5529, GOA_8852, GOA_11690, GOA_21065_b)",,
법부무차관,법무부,justice,1998-02-25,2026-09-24,title_form,"Vice minister, 법무부 misspelled as 법부무. Vice minister title. Not a cabinet office, kr-hearings should not link it to spells.","kr-hearings-data v10 ministry_name_variants.csv (role vice_minister, 1 turns, 2010-12-02..2010-12-02, terms 18, sources hwp); offices.json OF013 (법률 제5153호; sources GOA_5153, GOA_5529, GOA_8852, GOA_11690, GOA_21065_b)",,
고용노동부,고용노동부,labor,2010-07-05,2026-09-24,official,Official name. OF046 행정각부 (장관은 국무위원으로 보한다).,"offices.json OF046 (법률 제10339호; sources GOA_10339, GOA_11690, GOA_21065_b)",,
고용노동부장관,고용노동부,labor,2010-07-05,2026-09-24,official,Official head title. OF046 행정각부 (장관은 국무위원으로 보한다).,"offices.json OF046 (법률 제10339호; sources GOA_10339, GOA_11690, GOA_21065_b) | kr-hearings-data v10 ministry_name_variants.csv (role minister, 27794 turns, 2010-09-01..2026-09-14, terms 18,19,20,21,22, sources hwp,xlsx,xml); offices.json OF046 (법률 제10339호; sources GOA_10339, GOA_11690, GOA_21065_b)",,
고용노동부장관직무대리,고용노동부,labor,2010-07-05,2026-09-24,acting_form,"Acting head. kr-hearings never links acting heads to spells, normalization only.","kr-hearings-data v10 ministry_name_variants.csv (role minister_acting, 6 turns, 2016-12-07..2016-12-07, terms 20, sources xlsx); offices.json OF046 (법률 제10339호; sources GOA_10339, GOA_11690, GOA_21065_b)",,
고용노동부장관직무대행,고용노동부,labor,2010-07-05,2026-09-24,acting_form,"Acting head. kr-hearings never links acting heads to spells, normalization only.","kr-hearings-data v10 ministry_name_variants.csv (role minister_acting, 697 turns, 2010-07-19..2025-04-16, terms 18,22, sources hwp,xlsx,xml); offices.json OF046 (법률 제10339호; sources GOA_10339, GOA_11690, GOA_21065_b)",,
고용노동부장관후보자,고용노동부,labor,2010-07-05,2026-09-24,title_form,"Nominee title. Links to nominations.csv, not to spells.","kr-hearings-data v10 ministry_name_variants.csv (role minister_nominee, 6080 turns, 2010-08-20..2024-08-26, terms 18,19,20,21,22, sources hwp,xlsx); offices.json OF046 (법률 제10339호; sources GOA_10339, GOA_11690, GOA_21065_b)",,
고용노동부차관,고용노동부,labor,2010-07-05,2026-09-24,title_form,"Vice minister title. Not a cabinet office, kr-hearings should not link it to spells.","kr-hearings-data v10 ministry_name_variants.csv (role vice_minister, 4819 turns, 2010-08-26..2026-08-26, terms 18,19,20,21,22, sources hwp,xlsx,xml); offices.json OF046 (법률 제10339호; sources GOA_10339, GOA_11690, GOA_21065_b)",,
고용부,고용노동부,labor,2010-07-05,2026-09-24,short,Short form of 고용노동부.,"kr-hearings-data v9 all_speeches speech_text: 3849 occurrences of '고용부' in the legal period of 고용노동부 (OF046); first example 2010-11-08 meeting 39963 speaker '기획재정부장관 윤증현': ""강 위원님 지적하신 대로 이쪽 전문성만 보면 고용부로 이관하는 것이 문제가 있는 측면도 있습니다. 그러나 고용 전체적인 측면을 가지고 운영해야 할 필요성이 있"" (scan rule and counts in interface/work/short_form_attestation.json); offices.json OF046 (법률 제10339호; sources GOA_10339, GOA_11690, GOA_21065_b)",,
고용부장관,고용노동부,labor,2010-07-05,2026-09-24,short,Short form of 고용노동부.,"kr-hearings-data v9 all_speeches speech_text: 3849 occurrences of '고용부' in the legal period of 고용노동부 (OF046); first example 2010-11-08 meeting 39963 speaker '기획재정부장관 윤증현': ""강 위원님 지적하신 대로 이쪽 전문성만 보면 고용부로 이관하는 것이 문제가 있는 측면도 있습니다. 그러나 고용 전체적인 측면을 가지고 운영해야 할 필요성이 있"" (scan rule and counts in interface/work/short_form_attestation.json); offices.json OF046 (법률 제10339호; sources GOA_10339, GOA_11690, GOA_21065_b)",,
노동부,고용노동부,labor,2010-07-05,2026-09-24,ambiguous_short,"Short form of 고용노동부. 노동부 is the official name until 2010-07-04. Later it is a loose reference to 고용노동부. The same string also denotes OF020 in other periods, resolve by date.","kr-hearings-data v9 all_speeches speech_text: 12486 occurrences of '노동부' in the legal period of 고용노동부 (OF046); first example 2010-08-23 meeting 39686 speaker '이상민 위원': ""금 이 ‘평준화를 넘어서 다양화’라는 책자에 제가 보니까 과기부를 폐지하고 교육부와 통합해야 된다 나아가서 노동부와 해야 된다 이런 주장을 한 것이 그대로 나와 있어요. 인정하시지요?"" (scan rule and counts in interface/work/short_form_attestation.json); offices.json OF046 (법률 제10339호; sources GOA_10339, GOA_11690, GOA_21065_b)",,
노동부장관,고용노동부,labor,2010-07-05,2026-09-24,ambiguous_short,"Short form of 고용노동부. 노동부 is the official name until 2010-07-04. Later it is a loose reference to 고용노동부. The same string also denotes OF020 in other periods, resolve by date.","kr-hearings-data v9 all_speeches speech_text: 12486 occurrences of '노동부' in the legal period of 고용노동부 (OF046); first example 2010-08-23 meeting 39686 speaker '이상민 위원': ""금 이 ‘평준화를 넘어서 다양화’라는 책자에 제가 보니까 과기부를 폐지하고 교육부와 통합해야 된다 나아가서 노동부와 해야 된다 이런 주장을 한 것이 그대로 나와 있어요. 인정하시지요?"" (scan rule and counts in interface/work/short_form_attestation.json); offices.json OF046 (법률 제10339호; sources GOA_10339, GOA_11690, GOA_21065_b)",,
勞動部壯觀,노동부,labor,1998-02-25,2010-07-04,typo,"Hanja, 長官 written as the homophone 壯觀.","kr-hearings-data v10 ministry_name_variants.csv (role minister, 2 turns, 2002-09-17..2002-09-17, terms 16, sources xml); offices.json OF020 (법률 제5153호; sources GOA_5153, GOA_5529, GOA_8852, GOA_10339)",,
勞動部次官,노동부,labor,1998-02-25,2010-07-04,title_form,"Hanja form of 노동부차관. Vice minister title. Not a cabinet office, kr-hearings should not link it to spells.","kr-hearings-data v10 ministry_name_variants.csv (role vice_minister, 972 turns, 2000-07-07..2003-11-24, terms 16, sources xml); offices.json OF020 (법률 제5153호; sources GOA_5153, GOA_5529, GOA_8852, GOA_10339) | kr-hearings-data v10 ministry_name_variants.csv (role vice_minister, 94 turns, 2000-11-07..2003-12-17, terms 16, sources xml); offices.json OF020 (법률 제5153호; sources GOA_5153, GOA_5529, GOA_8852, GOA_10339)",,
勞動部長官,노동부,labor,1998-02-25,2010-07-04,hanja,Hanja form of 노동부장관.,"kr-hearings-data v10 ministry_name_variants.csv (role minister, 5022 turns, 2000-06-23..2004-02-19, terms 16, sources xml); offices.json OF020 (법률 제5153호; sources GOA_5153, GOA_5529, GOA_8852, GOA_10339) | kr-hearings-data v10 ministry_name_variants.csv (role minister, 2361 turns, 2000-06-23..2003-08-13, terms 16, sources xml); offices.json OF020 (법률 제5153호; sources GOA_5153, GOA_5529, GOA_8852, GOA_10339)",,
노동부,노동부,labor,1998-02-25,2010-07-04,official,Official name. OF020 행정각부 (장관은 국무위원으로 보한다).,"offices.json OF020 (법률 제5153호; sources GOA_5153, GOA_5529, GOA_8852, GOA_10339)",,
노동부장관,노동부,labor,1998-02-25,2010-07-04,official,Official head title. OF020 행정각부 (장관은 국무위원으로 보한다).,"offices.json OF020 (법률 제5153호; sources GOA_5153, GOA_5529, GOA_8852, GOA_10339) | kr-hearings-data v10 ministry_name_variants.csv (role minister, 24711 turns, 2000-06-23..2010-06-22, terms 16,17,18, sources hwp,xlsx,xml); offices.json OF020 (법률 제5153호; sources GOA_5153, GOA_5529, GOA_8852, GOA_10339)",,
노동부장관후보자,노동부,labor,1998-02-25,2010-07-04,title_form,"Nominee title. Links to nominations.csv, not to spells.","kr-hearings-data v10 ministry_name_variants.csv (role minister_nominee, 1769 turns, 2006-02-08..2009-09-22, terms 17,18, sources hwp,xlsx,xml); offices.json OF020 (법률 제5153호; sources GOA_5153, GOA_5529, GOA_8852, GOA_10339)",,
노동부차관,노동부,labor,1998-02-25,2010-07-04,title_form,"Vice minister title. Not a cabinet office, kr-hearings should not link it to spells. Observed outside every valid period of this canonical ministry on 2010-11-25, 2011-08-23.","kr-hearings-data v10 ministry_name_variants.csv (role vice_minister, 4973 turns, 2000-07-07..2011-08-23, terms 16,17,18, sources hwp,xlsx,xml); offices.json OF020 (법률 제5153호; sources GOA_5153, GOA_5529, GOA_8852, GOA_10339)",,
勞動部壯觀,노동부,labor,1998-02-25,2010-07-04,typo,"Hanja, 長官 written as the homophone 壯觀. Raw form of '勞動部壯觀' (normalization strips markers and spaces and applies NFKC). The raw string uses CJK compatibility ideographs (U+F92F).","kr-hearings-data v10 ministry_name_variants.csv (role minister, 2 turns, 2002-09-17..2002-09-17, terms 16, sources xml); offices.json OF020 (법률 제5153호; sources GOA_5153, GOA_5529, GOA_8852, GOA_10339)",,
勞動部次官,노동부,labor,1998-02-25,2010-07-04,title_form,"Hanja form of 노동부차관. Raw form of '勞動部次官' (normalization strips markers and spaces and applies NFKC). The raw string uses CJK compatibility ideographs (U+F92F). Vice minister title. Not a cabinet office, kr-hearings should not link it to spells.","kr-hearings-data v10 ministry_name_variants.csv (role vice_minister, 94 turns, 2000-11-07..2003-12-17, terms 16, sources xml); offices.json OF020 (법률 제5153호; sources GOA_5153, GOA_5529, GOA_8852, GOA_10339)",,
勞動部長官,노동부,labor,1998-02-25,2010-07-04,hanja,Hanja form of 노동부장관. Raw form of '勞動部長官' (normalization strips markers and spaces and applies NFKC). The raw string uses CJK compatibility ideographs (U+F92F).,"kr-hearings-data v10 ministry_name_variants.csv (role minister, 5022 turns, 2000-06-23..2004-02-19, terms 16, sources xml); offices.json OF020 (법률 제5153호; sources GOA_5153, GOA_5529, GOA_8852, GOA_10339)",,
建設交通部次官,건설교통부,land,1998-02-25,2008-02-28,title_form,"Hanja form of 건설교통부차관. Vice minister title. Not a cabinet office, kr-hearings should not link it to spells.","kr-hearings-data v10 ministry_name_variants.csv (role vice_minister, 1529 turns, 2000-10-16..2004-02-18, terms 16, sources xml); offices.json OF021 (법률 제5153호; sources GOA_5153, GOA_5529, GOA_8852)",,
建設交通部長官,건설교통부,land,1998-02-25,2008-02-28,hanja,Hanja form of 건설교통부장관.,"kr-hearings-data v10 ministry_name_variants.csv (role minister, 5296 turns, 2000-06-21..2004-03-09, terms 16, sources xml); offices.json OF021 (법률 제5153호; sources GOA_5153, GOA_5529, GOA_8852)",,
건교부,건설교통부,land,1998-02-25,2008-02-28,short,Short form of 건설교통부.,"kr-hearings-data v9 all_speeches speech_text: 19212 occurrences of '건교부' in the legal period of 건설교통부 (OF021); first example 2000-06-21 meeting 28525 speaker '이재창 위원': ""내주었으면 좋겠습니다. 지금 느닷없이 또 수도권 집중방지라고 하는 정책을 대통령께서 한 말씀하시니까 갑자기 건교부에서 여기에 맞추어서 여러 가지 정책을 지금 강조하고 있는데 이 수도권 인구집중 방지에 대해서는 그 연"" (scan rule and counts in interface/work/short_form_attestation.json); offices.json OF021 (법률 제5153호; sources GOA_5153, GOA_5529, GOA_8852)",,
건교부장관,건설교통부,land,1998-02-25,2008-02-28,short,Short form of 건설교통부.,"kr-hearings-data v9 all_speeches speech_text: 19212 occurrences of '건교부' in the legal period of 건설교통부 (OF021); first example 2000-06-21 meeting 28525 speaker '이재창 위원': ""내주었으면 좋겠습니다. 지금 느닷없이 또 수도권 집중방지라고 하는 정책을 대통령께서 한 말씀하시니까 갑자기 건교부에서 여기에 맞추어서 여러 가지 정책을 지금 강조하고 있는데 이 수도권 인구집중 방지에 대해서는 그 연"" (scan rule and counts in interface/work/short_form_attestation.json); offices.json OF021 (법률 제5153호; sources GOA_5153, GOA_5529, GOA_8852)",,
건설교통부,건설교통부,land,1998-02-25,2008-02-28,official,Official name. OF021 행정각부 (장관은 국무위원으로 보한다).,"offices.json OF021 (법률 제5153호; sources GOA_5153, GOA_5529, GOA_8852)",,
건설교통부장관,건설교통부,land,1998-02-25,2008-02-28,official,Official head title. OF021 행정각부 (장관은 국무위원으로 보한다). Official head title. Observed outside every valid period of this canonical ministry on 2008-09-17.,"offices.json OF021 (법률 제5153호; sources GOA_5153, GOA_5529, GOA_8852) | kr-hearings-data v10 ministry_name_variants.csv (role minister, 20545 turns, 2000-06-21..2008-09-17, terms 16,17,18, sources hwp,xlsx,xml); offices.json OF021 (법률 제5153호; sources GOA_5153, GOA_5529, GOA_8852)",,
건설교통부장관후보자,건설교통부,land,1998-02-25,2008-02-28,title_form,"Nominee title. Links to nominations.csv, not to spells.","kr-hearings-data v10 ministry_name_variants.csv (role minister_nominee, 941 turns, 2006-12-06..2008-02-28, terms 17, sources xlsx); offices.json OF021 (법률 제5153호; sources GOA_5153, GOA_5529, GOA_8852)",,
건설교통부제2차관,건설교통부,land,1998-02-25,2008-02-28,title_form,"Vice minister title. Not a cabinet office, kr-hearings should not link it to spells. Observed outside every valid period of this canonical ministry on 2009-02-26.","kr-hearings-data v10 ministry_name_variants.csv (role vice_minister, 1 turns, 2009-02-26..2009-02-26, terms 18, sources hwp); offices.json OF021 (법률 제5153호; sources GOA_5153, GOA_5529, GOA_8852)",,
건설교통부차관,건설교통부,land,1998-02-25,2008-02-28,title_form,"Vice minister title. Not a cabinet office, kr-hearings should not link it to spells.","kr-hearings-data v10 ministry_name_variants.csv (role vice_minister, 2963 turns, 2000-10-16..2008-02-26, terms 16,17, sources xlsx,xml); offices.json OF021 (법률 제5153호; sources GOA_5153, GOA_5529, GOA_8852)",,
건설부,건설교통부,land,1998-02-25,2008-02-28,ambiguous_short,"Short form of 건설교통부. 건설부 is also used for an earlier ministry that is not in offices.json (for example 송광호 위원 on 2000-06-21 recalls the 건설부장관 at the time the 충주호 dam was built), so some uses are historical references. Alias check. 건설부 is also the official name of the ministry that became 건설교통부 on 1994-12-23 (offices_1988.json OFA30, 1988-02-25 to 1994-12-22, lineage land), so the string is an official name used loosely for its successor and the type is ambiguous_short. In a random sample of 25 of the 497 hits in 1998-02-28..2008-02-28 (work/alias_check_samples.json), 14 refer to the sitting 건설교통부, 8 to the pre-1994 건설부, 2 are the word 건설부터 and 1 is a foreign ministry, so the attestation count is inflated but the loose use is confirmed. Rows for OFA30 come with the 1988-1998 office merge.","kr-hearings-data v9 all_speeches speech_text: 497 occurrences of '건설부' in the legal period of 건설교통부 (OF021); first example 2000-06-21 meeting 28525 speaker '송광호 위원': ""든 국장이 이야기하든 누가 이야기하든······ 이 문제를 왜 말씀드리느냐 하면 충주호 건설할 적에, 그때 건설부장관도 지금 다 생존해 계시고 충청북도 도백도 다 생존해 계십니다. 그 당시에 신단양으로 이주할 적에 "" (scan rule and counts in interface/work/short_form_attestation.json); offices.json OF021 (법률 제5153호; sources GOA_5153, GOA_5529, GOA_8852) | Alias check 2026-09-26 (interface/alias_check.md), sample in interface/work/alias_check_samples.json",,
건설부장관,건설교통부,land,1998-02-25,2008-02-28,ambiguous_short,"Short form of 건설교통부. 건설부 is also used for an earlier ministry that is not in offices.json (for example 송광호 위원 on 2000-06-21 recalls the 건설부장관 at the time the 충주호 dam was built), so some uses are historical references. Alias check. 건설부 is also the official name of the ministry that became 건설교통부 on 1994-12-23 (offices_1988.json OFA30, 1988-02-25 to 1994-12-22, lineage land), so the string is an official name used loosely for its successor and the type is ambiguous_short. In a random sample of 25 of the 497 hits in 1998-02-28..2008-02-28 (work/alias_check_samples.json), 14 refer to the sitting 건설교통부, 8 to the pre-1994 건설부, 2 are the word 건설부터 and 1 is a foreign ministry, so the attestation count is inflated but the loose use is confirmed. Rows for OFA30 come with the 1988-1998 office merge.","kr-hearings-data v9 all_speeches speech_text: 497 occurrences of '건설부' in the legal period of 건설교통부 (OF021); first example 2000-06-21 meeting 28525 speaker '송광호 위원': ""든 국장이 이야기하든 누가 이야기하든······ 이 문제를 왜 말씀드리느냐 하면 충주호 건설할 적에, 그때 건설부장관도 지금 다 생존해 계시고 충청북도 도백도 다 생존해 계십니다. 그 당시에 신단양으로 이주할 적에 "" (scan rule and counts in interface/work/short_form_attestation.json); offices.json OF021 (법률 제5153호; sources GOA_5153, GOA_5529, GOA_8852) | Alias check 2026-09-26 (interface/alias_check.md), sample in interface/work/alias_check_samples.json",,
국토교통부,국토교통부,land,2013-03-23,2026-09-24,official,Official name. OF053 행정각부 (장관은 국무위원으로 보한다).,"offices.json OF053 (법률 제11690호 (전부개정); sources GOA_11690, GOA_21065_b)",,
국토교통부2차관,국토교통부,land,2013-03-23,2026-09-24,title_form,"Vice minister, 제 dropped. Vice minister title. Not a cabinet office, kr-hearings should not link it to spells.","kr-hearings-data v10 ministry_name_variants.csv (role vice_minister, 1 turns, 2018-10-10..2018-10-10, terms 20, sources xlsx); offices.json OF053 (법률 제11690호 (전부개정); sources GOA_11690, GOA_21065_b)",,
국토교통부장관,국토교통부,land,2013-03-23,2026-09-24,official,Official head title. OF053 행정각부 (장관은 국무위원으로 보한다).,"offices.json OF053 (법률 제11690호 (전부개정); sources GOA_11690, GOA_21065_b) | kr-hearings-data v10 ministry_name_variants.csv (role minister, 36487 turns, 2013-04-11..2026-09-11, terms 19,20,21,22, sources xlsx,xml); offices.json OF053 (법률 제11690호 (전부개정); sources GOA_11690, GOA_21065_b)",,
국토교통부장관직무대행,국토교통부,land,2013-03-23,2026-09-24,acting_form,"Acting head. kr-hearings never links acting heads to spells, normalization only.","kr-hearings-data v10 ministry_name_variants.csv (role minister_acting, 73 turns, 2021-04-27..2021-04-27, terms 21, sources xlsx); offices.json OF053 (법률 제11690호 (전부개정); sources GOA_11690, GOA_21065_b)",,
국토교통부장관후보자,국토교통부,land,2013-03-23,2026-09-24,title_form,"Nominee title. Links to nominations.csv, not to spells.","kr-hearings-data v10 ministry_name_variants.csv (role minister_nominee, 5533 turns, 2015-03-09..2023-12-20, terms 19,20,21, sources xlsx); offices.json OF053 (법률 제11690호 (전부개정); sources GOA_11690, GOA_21065_b)",,
국토교통부제1차관,국토교통부,land,2013-03-23,2026-09-24,title_form,"Vice minister title. Not a cabinet office, kr-hearings should not link it to spells.","kr-hearings-data v10 ministry_name_variants.csv (role vice_minister, 2091 turns, 2013-04-24..2024-12-23, terms 19,20,21,22, sources xlsx,xml); offices.json OF053 (법률 제11690호 (전부개정); sources GOA_11690, GOA_21065_b)",,
국토교통부제2차관,국토교통부,land,2013-03-23,2026-09-24,title_form,"Vice minister title. Not a cabinet office, kr-hearings should not link it to spells.","kr-hearings-data v10 ministry_name_variants.csv (role vice_minister, 2087 turns, 2013-04-15..2024-11-18, terms 19,20,21,22, sources xlsx,xml); offices.json OF053 (법률 제11690호 (전부개정); sources GOA_11690, GOA_21065_b)",,
국토부,국토교통부,land,2013-03-23,2026-09-24,ambiguous_short,"Short form of 국토교통부. The same string also denotes OF042 in other periods, resolve by date.","kr-hearings-data v9 all_speeches speech_text: 40136 occurrences of '국토부' in the legal period of 국토교통부 (OF053); first example 2013-04-08 meeting 42618 speaker '교육부장관 서남수': ""기간에 이자를 면제하여 학자금대출의 수혜 대상도 더 확대하고 채무 부담을 낮춰 나가겠습니다. 36쪽입니다. 국토부 등 관계부처, 지자체와의 협력을 통해 캠퍼스 내외에 다양한 방식의 기숙사를 건립해 나가겠습니다. 금년"" (scan rule and counts in interface/work/short_form_attestation.json); offices.json OF053 (법률 제11690호 (전부개정); sources GOA_11690, GOA_21065_b)",,
국토부장관,국토교통부,land,2013-03-23,2026-09-24,ambiguous_short,"Short form of 국토교통부. The same string also denotes OF042 in other periods, resolve by date.","kr-hearings-data v9 all_speeches speech_text: 40136 occurrences of '국토부' in the legal period of 국토교통부 (OF053); first example 2013-04-08 meeting 42618 speaker '교육부장관 서남수': ""기간에 이자를 면제하여 학자금대출의 수혜 대상도 더 확대하고 채무 부담을 낮춰 나가겠습니다. 36쪽입니다. 국토부 등 관계부처, 지자체와의 협력을 통해 캠퍼스 내외에 다양한 방식의 기숙사를 건립해 나가겠습니다. 금년"" (scan rule and counts in interface/work/short_form_attestation.json); offices.json OF053 (법률 제11690호 (전부개정); sources GOA_11690, GOA_21065_b)",,
국토부,국토해양부,land,2008-02-29,2013-03-22,ambiguous_short,"Short form of 국토해양부. The same string also denotes OF053 in other periods, resolve by date.","kr-hearings-data v9 all_speeches speech_text: 7033 occurrences of '국토부' in the legal period of 국토해양부 (OF042); first example 2008-05-21 meeting 37032 speaker '조순형 위원': ""에는 행사 개요가 나와 있어요. 일시도 나와 있고 행사 내용은 업무보고 및 토론회, 180명, 참석 대상은 국토부 행안부 지경부, 지경부는 또 뭐예요? 지경부는 무슨 부예요? 지식경제부? 그것을 지경부라고 그럽니까?"" (scan rule and counts in interface/work/short_form_attestation.json); offices.json OF042 (법률 제8852호 (전부개정); sources GOA_8852, GOA_11690)",,
국토부장관,국토해양부,land,2008-02-29,2013-03-22,ambiguous_short,"Short form of 국토해양부. The same string also denotes OF053 in other periods, resolve by date.","kr-hearings-data v9 all_speeches speech_text: 7033 occurrences of '국토부' in the legal period of 국토해양부 (OF042); first example 2008-05-21 meeting 37032 speaker '조순형 위원': ""에는 행사 개요가 나와 있어요. 일시도 나와 있고 행사 내용은 업무보고 및 토론회, 180명, 참석 대상은 국토부 행안부 지경부, 지경부는 또 뭐예요? 지경부는 무슨 부예요? 지식경제부? 그것을 지경부라고 그럽니까?"" (scan rule and counts in interface/work/short_form_attestation.json); offices.json OF042 (법률 제8852호 (전부개정); sources GOA_8852, GOA_11690)",,
국토해양부,국토해양부,land,2008-02-29,2013-03-22,official,Official name. OF042 행정각부 (장관은 국무위원으로 보한다).,"offices.json OF042 (법률 제8852호 (전부개정); sources GOA_8852, GOA_11690)",,
국토해양부1차관,국토해양부,land,2008-02-29,2013-03-22,title_form,"Vice minister, 제 dropped. Vice minister title. Not a cabinet office, kr-hearings should not link it to spells.","kr-hearings-data v10 ministry_name_variants.csv (role vice_minister, 3 turns, 2009-04-01..2010-09-29, terms 18, sources hwp); offices.json OF042 (법률 제8852호 (전부개정); sources GOA_8852, GOA_11690)",,
국토해양부국제1차관,국토해양부,land,2008-02-29,2013-03-22,title_form,"Vice minister, stray 국. Vice minister title. Not a cabinet office, kr-hearings should not link it to spells.","kr-hearings-data v10 ministry_name_variants.csv (role vice_minister, 1 turns, 2009-11-24..2009-11-24, terms 18, sources hwp); offices.json OF042 (법률 제8852호 (전부개정); sources GOA_8852, GOA_11690)",,
국토해양부장관,국토해양부,land,2008-02-29,2013-03-22,official,Official head title. OF042 행정각부 (장관은 국무위원으로 보한다).,"offices.json OF042 (법률 제8852호 (전부개정); sources GOA_8852, GOA_11690) | kr-hearings-data v10 ministry_name_variants.csv (role minister, 32011 turns, 2008-04-28..2013-03-19, terms 17,18,19, sources hwp,xlsx,xml); offices.json OF042 (법률 제8852호 (전부개정); sources GOA_8852, GOA_11690)",,
국토해양부장관후보자,국토해양부,land,2008-02-29,2013-03-22,title_form,"Nominee title. Links to nominations.csv, not to spells.","kr-hearings-data v10 ministry_name_variants.csv (role minister_nominee, 2229 turns, 2011-05-26..2013-03-06, terms 18,19, sources hwp,xlsx); offices.json OF042 (법률 제8852호 (전부개정); sources GOA_8852, GOA_11690)",,
국토해양부제1차관,국토해양부,land,2008-02-29,2013-03-22,title_form,"Vice minister title. Not a cabinet office, kr-hearings should not link it to spells. Observed outside every valid period of this canonical ministry on 2013-06-17.","kr-hearings-data v10 ministry_name_variants.csv (role vice_minister, 9102 turns, 2008-05-21..2013-06-17, terms 17,18,19, sources hwp,xlsx,xml); offices.json OF042 (법률 제8852호 (전부개정); sources GOA_8852, GOA_11690)",,
국토해양부제2차관,국토해양부,land,2008-02-29,2013-03-22,title_form,"Vice minister title. Not a cabinet office, kr-hearings should not link it to spells. Observed outside every valid period of this canonical ministry on 2013-06-17.","kr-hearings-data v10 ministry_name_variants.csv (role vice_minister, 4253 turns, 2008-09-02..2013-06-17, terms 18,19, sources hwp,xlsx); offices.json OF042 (법률 제8852호 (전부개정); sources GOA_8852, GOA_11690)",,
국토해양부차관,국토해양부,land,2008-02-29,2013-03-22,title_form,"Vice minister title. Not a cabinet office, kr-hearings should not link it to spells.","kr-hearings-data v10 ministry_name_variants.csv (role vice_minister, 5 turns, 2009-04-28..2009-04-28, terms 18, sources hwp); offices.json OF042 (법률 제8852호 (전부개정); sources GOA_8852, GOA_11690)",,
국토해양부차관제1차관,국토해양부,land,2008-02-29,2013-03-22,title_form,"Vice minister, 차관 doubled. Vice minister title. Not a cabinet office, kr-hearings should not link it to spells.","kr-hearings-data v10 ministry_name_variants.csv (role vice_minister, 1 turns, 2008-09-18..2008-09-18, terms 18, sources hwp); offices.json OF042 (법률 제8852호 (전부개정); sources GOA_8852, GOA_11690)",,
국토해양위원회제1차관,국토해양부,land,2008-02-29,2013-03-22,title_form,"Vice minister, committee name 국토해양위원회 written for the ministry (kr-hearings left ministry_normalized blank). Vice minister title. Not a cabinet office, kr-hearings should not link it to spells.","kr-hearings-data v10 ministry_name_variants.csv (role vice_minister, 9 turns, 2010-09-30..2010-09-30, terms 18, sources hwp); offices.json OF042 (법률 제8852호 (전부개정); sources GOA_8852, GOA_11690)",,
국토해양위원회제2차관,국토해양부,land,2008-02-29,2013-03-22,title_form,"Vice minister, committee name 국토해양위원회 written for the ministry (kr-hearings left ministry_normalized blank). Vice minister title. Not a cabinet office, kr-hearings should not link it to spells.","kr-hearings-data v10 ministry_name_variants.csv (role vice_minister, 1 turns, 2011-11-09..2011-11-09, terms 18, sources hwp); offices.json OF042 (법률 제8852호 (전부개정); sources GOA_8852, GOA_11690)",,
국토해양주제1차관,국토해양부,land,2008-02-29,2013-03-22,title_form,"Vice minister, 국토해양부 misspelled as 국토해양주 (kr-hearings left ministry_normalized blank). Vice minister title. Not a cabinet office, kr-hearings should not link it to spells.","kr-hearings-data v10 ministry_name_variants.csv (role vice_minister, 1 turns, 2009-04-21..2009-04-21, terms 18, sources hwp); offices.json OF042 (법률 제8852호 (전부개정); sources GOA_8852, GOA_11690)",,
海洋水産部次官,해양수산부,oceans,1998-02-25,2008-02-28,title_form,"Hanja form of 해양수산부차관. Vice minister title. Not a cabinet office, kr-hearings should not link it to spells.","kr-hearings-data v10 ministry_name_variants.csv (role vice_minister, 1250 turns, 2000-06-28..2003-12-23, terms 16, sources xml); offices.json OF022 (법률 제5153호; sources GOA_5153, GOA_5529, GOA_8852)",,
海洋水産部次官,해양수산부,oceans,2013-03-23,2026-09-24,title_form,"Hanja form of 해양수산부차관. Vice minister title. Not a cabinet office, kr-hearings should not link it to spells.","kr-hearings-data v10 ministry_name_variants.csv (role vice_minister, 1250 turns, 2000-06-28..2003-12-23, terms 16, sources xml); offices.json OF054 (법률 제11690호 (전부개정); sources GOA_11690, GOA_21065_b)",,
海洋水産部長官,해양수산부,oceans,1998-02-25,2008-02-28,hanja,Hanja form of 해양수산부장관.,"kr-hearings-data v10 ministry_name_variants.csv (role minister, 2413 turns, 2000-06-28..2003-12-19, terms 16, sources xml); offices.json OF022 (법률 제5153호; sources GOA_5153, GOA_5529, GOA_8852)",,
海洋水産部長官,해양수산부,oceans,2013-03-23,2026-09-24,hanja,Hanja form of 해양수산부장관.,"kr-hearings-data v10 ministry_name_variants.csv (role minister, 2413 turns, 2000-06-28..2003-12-19, terms 16, sources xml); offices.json OF054 (법률 제11690호 (전부개정); sources GOA_11690, GOA_21065_b)",,
海洋水産長官,해양수산부,oceans,1998-02-25,2008-02-28,typo,"Hanja, 海洋水産部 with 部 dropped. Irregular string, rows limited to the period(s) in which kr-hearings observed it (the canonical ministry has other periods).","kr-hearings-data v10 ministry_name_variants.csv (role minister, 1 turns, 2001-09-11..2001-09-11, terms 16, sources xml); offices.json OF022 (법률 제5153호; sources GOA_5153, GOA_5529, GOA_8852)",,
해수부,해양수산부,oceans,1998-02-25,2008-02-28,ambiguous_short,"Short form of 해양수산부. The same string also denotes OF054 in other periods, resolve by date.","kr-hearings-data v9 all_speeches speech_text: 6475 occurrences of '해수부' in the legal period of 해양수산부 (OF022); first example 2001-02-19 meeting 28692 speaker '건설교통부기획관리실장 추병직': ""02년까지 친환경적인 이용ㆍ보전ㆍ개발방안을 마련하고 있으며 앞으로 시화호 및 나머지 부분에 대해서는 안산시ㆍ해수부ㆍ농림부 등이 제시하는 각종 개발방안과 환경단체의 의견을 수렴하여 활용방안을 결정하겠습니다. 이상 보고"" (scan rule and counts in interface/work/short_form_attestation.json); offices.json OF022 (법률 제5153호; sources GOA_5153, GOA_5529, GOA_8852)",,
해수부,해양수산부,oceans,2013-03-23,2026-09-24,ambiguous_short,"Short form of 해양수산부. The same string also denotes OF022 in other periods, resolve by date.","kr-hearings-data v9 all_speeches speech_text: 15336 occurrences of '해수부' in the legal period of 해양수산부 (OF054); first example 2014-05-01 meeting 44083 speaker '배재정 위원': ""그것은 벌써 밤 한참 뒤고요. 교육부 직원 아무도 안 계셨어요. 안행부 직원도 1명 없었고요. 해수부도 없었고, 해경은 물론입니다. 학교와 학부모 모두가 아이들 생사가 어떻게 되는지도 모르는 채 막연하게 기다"" (scan rule and counts in interface/work/short_form_attestation.json); offices.json OF054 (법률 제11690호 (전부개정); sources GOA_11690, GOA_21065_b)",,
해수부장관,해양수산부,oceans,1998-02-25,2008-02-28,ambiguous_short,"Short form 해수부. Irregular string, rows limited to the period(s) in which kr-hearings observed it (the canonical ministry has other periods). Short form of 해양수산부. The same string also denotes OF054 in other periods, resolve by date.","kr-hearings-data v10 ministry_name_variants.csv (role minister, 2 turns, 2005-04-22..2005-04-22, terms 17, sources xlsx,xml); offices.json OF022 (법률 제5153호; sources GOA_5153, GOA_5529, GOA_8852) | kr-hearings-data v9 all_speeches speech_text: 6475 occurrences of '해수부' in the legal period of 해양수산부 (OF022); first example 2001-02-19 meeting 28692 speaker '건설교통부기획관리실장 추병직': ""02년까지 친환경적인 이용ㆍ보전ㆍ개발방안을 마련하고 있으며 앞으로 시화호 및 나머지 부분에 대해서는 안산시ㆍ해수부ㆍ농림부 등이 제시하는 각종 개발방안과 환경단체의 의견을 수렴하여 활용방안을 결정하겠습니다. 이상 보고"" (scan rule and counts in interface/work/short_form_attestation.json); offices.json OF022 (법률 제5153호; sources GOA_5153, GOA_5529, GOA_8852)",,
해수부장관,해양수산부,oceans,2013-03-23,2026-09-24,ambiguous_short,"Short form of 해양수산부. The same string also denotes OF022 in other periods, resolve by date.","kr-hearings-data v9 all_speeches speech_text: 15336 occurrences of '해수부' in the legal period of 해양수산부 (OF054); first example 2014-05-01 meeting 44083 speaker '배재정 위원': ""그것은 벌써 밤 한참 뒤고요. 교육부 직원 아무도 안 계셨어요. 안행부 직원도 1명 없었고요. 해수부도 없었고, 해경은 물론입니다. 학교와 학부모 모두가 아이들 생사가 어떻게 되는지도 모르는 채 막연하게 기다"" (scan rule and counts in interface/work/short_form_attestation.json); offices.json OF054 (법률 제11690호 (전부개정); sources GOA_11690, GOA_21065_b)",,
해앙수산부장관,해양수산부,oceans,1998-02-25,2008-02-28,typo,"해양수산부 misspelled as 해앙수산부. Irregular string, rows limited to the period(s) in which kr-hearings observed it (the canonical ministry has other periods).","kr-hearings-data v10 ministry_name_variants.csv (role minister, 2 turns, 2006-11-01..2006-11-27, terms 17, sources xlsx); offices.json OF022 (법률 제5153호; sources GOA_5153, GOA_5529, GOA_8852)",,
해양수산부,해양수산부,oceans,1998-02-25,2008-02-28,official,Official name. OF022 행정각부 (장관은 국무위원으로 보한다).,"offices.json OF022 (법률 제5153호; sources GOA_5153, GOA_5529, GOA_8852)",,
해양수산부,해양수산부,oceans,2013-03-23,2026-09-24,official,Official name. OF054 행정각부 (장관은 국무위원으로 보한다).,"offices.json OF054 (법률 제11690호 (전부개정); sources GOA_11690, GOA_21065_b)",,
해양수산부장관,해양수산부,oceans,1998-02-25,2008-02-28,official,Official head title. OF022 행정각부 (장관은 국무위원으로 보한다).,"offices.json OF022 (법률 제5153호; sources GOA_5153, GOA_5529, GOA_8852) | kr-hearings-data v10 ministry_name_variants.csv (role minister, 30949 turns, 2000-06-28..2026-08-26, terms 16,17,19,20,21,22, sources xlsx,xml); offices.json OF022 (법률 제5153호; sources GOA_5153, GOA_5529, GOA_8852)",,
해양수산부장관,해양수산부,oceans,2013-03-23,2026-09-24,official,Official head title. OF054 행정각부 (장관은 국무위원으로 보한다).,"offices.json OF054 (법률 제11690호 (전부개정); sources GOA_11690, GOA_21065_b) | kr-hearings-data v10 ministry_name_variants.csv (role minister, 30949 turns, 2000-06-28..2026-08-26, terms 16,17,19,20,21,22, sources xlsx,xml); offices.json OF054 (법률 제11690호 (전부개정); sources GOA_11690, GOA_21065_b)",,
해양수산부장관직무대행,해양수산부,oceans,1998-02-25,2008-02-28,acting_form,"Acting head. kr-hearings never links acting heads to spells, normalization only.","kr-hearings-data v10 ministry_name_variants.csv (role minister_acting, 363 turns, 2014-02-11..2015-03-02, terms 19, sources xlsx,xml); offices.json OF022 (법률 제5153호; sources GOA_5153, GOA_5529, GOA_8852)",,
해양수산부장관직무대행,해양수산부,oceans,2013-03-23,2026-09-24,acting_form,"Acting head. kr-hearings never links acting heads to spells, normalization only.","kr-hearings-data v10 ministry_name_variants.csv (role minister_acting, 363 turns, 2014-02-11..2015-03-02, terms 19, sources xlsx,xml); offices.json OF054 (법률 제11690호 (전부개정); sources GOA_11690, GOA_21065_b)",,
해양수산부장관후보자,해양수산부,oceans,1998-02-25,2008-02-28,title_form,"Nominee title. Links to nominations.csv, not to spells.","kr-hearings-data v10 ministry_name_variants.csv (role minister_nominee, 5881 turns, 2006-03-23..2023-12-19, terms 17,19,20,21, sources xlsx,xml); offices.json OF022 (법률 제5153호; sources GOA_5153, GOA_5529, GOA_8852)",,
해양수산부장관후보자,해양수산부,oceans,2013-02-17,2013-03-22,title_form,"Nominee title before the office took legal effect on 2013-03-23 (N0420 윤진숙 nominated 2013-02-17, hearing 2013-04-02). Links to nominations.csv, not to spells.","nominations.csv N0420 (build sha256 cefbc92eeca056d8); offices.json OF054 (법률 제11690호 (전부개정); sources GOA_11690, GOA_21065_b)",,
해양수산부장관후보자,해양수산부,oceans,2013-03-23,2026-09-24,title_form,"Nominee title. Links to nominations.csv, not to spells.","kr-hearings-data v10 ministry_name_variants.csv (role minister_nominee, 5881 turns, 2006-03-23..2023-12-19, terms 17,19,20,21, sources xlsx,xml); offices.json OF054 (법률 제11690호 (전부개정); sources GOA_11690, GOA_21065_b)",,
해양수산부차관,해양수산부,oceans,1998-02-25,2008-02-28,title_form,"Vice minister title. Not a cabinet office, kr-hearings should not link it to spells.","kr-hearings-data v10 ministry_name_variants.csv (role vice_minister, 3538 turns, 2000-06-28..2024-11-21, terms 16,17,19,20,21,22, sources xlsx,xml); offices.json OF022 (법률 제5153호; sources GOA_5153, GOA_5529, GOA_8852)",,
해양수산부차관,해양수산부,oceans,2013-03-23,2026-09-24,title_form,"Vice minister title. Not a cabinet office, kr-hearings should not link it to spells.","kr-hearings-data v10 ministry_name_variants.csv (role vice_minister, 3538 turns, 2000-06-28..2024-11-21, terms 16,17,19,20,21,22, sources xlsx,xml); offices.json OF054 (법률 제11690호 (전부개정); sources GOA_11690, GOA_21065_b)",,
해양수산수장관,해양수산부,oceans,1998-02-25,2008-02-28,typo,"해양수산부 misspelled as 해양수산수 (kr-hearings left ministry_normalized blank). Irregular string, rows limited to the period(s) in which kr-hearings observed it (the canonical ministry has other periods).","kr-hearings-data v10 ministry_name_variants.csv (role minister, 1 turns, 2005-08-23..2005-08-23, terms 17, sources xml); offices.json OF022 (법률 제5153호; sources GOA_5153, GOA_5529, GOA_8852)",,
委員,,out_of_scope,1988-02-25,2026-09-24,title_form,"Legislator label (委員), not a ministry. Seen for 朴炳潤 (2001-02-16) and 李元昌 (2003-06-17). Dates span the extended window because the string is not tied to an office.","kr-hearings-data v10 ministry_name_variants.csv (role minister, 2 turns, 2001-02-16..2003-06-17, terms 16, sources xml)",,
小委員長,,out_of_scope,1988-02-25,2026-09-24,title_form,"Subcommittee chair label (小委員長), not a ministry. Seen for 曺雄奎 on 2002-10-22. Dates span the extended window because the string is not tied to an office.","kr-hearings-data v10 ministry_name_variants.csv (role vice_minister, 1 turns, 2002-10-22..2002-10-22, terms 16, sources xml)",,
崔炳國,,out_of_scope,1988-02-25,2026-09-24,typo,"Not an office. The position field holds the person name 崔炳國 and the name field holds '委員◯法務部長官' (2003-12-11), so the label was split the wrong way or two labels were fused. 崔炳國 was a National Assembly member in term(s) 16, 17, 18 per na_members_15_22.csv. kr-hearings should re-segment the turn rather than map this string. Dates span the extended window because the string is not tied to an office.","kr-hearings-data v10 ministry_name_variants.csv (role minister, 1 turns, 2003-12-11..2003-12-11, terms 16, sources xml)",,
朴相千,,out_of_scope,1988-02-25,2026-09-24,typo,"Not an office. The position field holds the person name 朴相千 and the name field holds '委員○農林部次官' (2003-12-26), so the label was split the wrong way or two labels were fused. 朴相千 was a National Assembly member in term(s) 15, 16, 18 per na_members_15_22.csv. kr-hearings should re-segment the turn rather than map this string. Dates span the extended window because the string is not tied to an office.","kr-hearings-data v10 ministry_name_variants.csv (role vice_minister, 1 turns, 2003-12-26..2003-12-26, terms 16, sources xml)",,
朴鍾根,,out_of_scope,1988-02-25,2026-09-24,typo,"Not an office. The position field holds the person name 朴鍾根 and the name field holds '委員◯建設交通部次官' (2002-07-26), so the label was split the wrong way or two labels were fused. 朴鍾根 was a National Assembly member in term(s) 15, 16, 17, 18 per na_members_15_22.csv. kr-hearings should re-segment the turn rather than map this string. Dates span the extended window because the string is not tied to an office.","kr-hearings-data v10 ministry_name_variants.csv (role vice_minister, 1 turns, 2002-07-26..2002-07-26, terms 16, sources xml)",,
李富榮,,out_of_scope,1988-02-25,2026-09-24,typo,"Not an office. The position field holds the person name 李富榮 and the name field holds '委員○外交通商部長官' (2002-10-01), so the label was split the wrong way or two labels were fused. 李富榮 is not in na_members_15_22.csv under this spelling. kr-hearings should re-segment the turn rather than map this string. Dates span the extended window because the string is not tied to an office.","kr-hearings-data v10 ministry_name_variants.csv (role minister, 1 turns, 2002-10-01..2002-10-01, terms 16, sources xml)",,
李敬在,,out_of_scope,1988-02-25,2026-09-24,typo,"Not an office. The position field holds the person name 李敬在 and the name field holds '委員◯建設交通部次官' (2003-07-10), so the label was split the wrong way or two labels were fused. 李敬在 is not in na_members_15_22.csv under this spelling. kr-hearings should re-segment the turn rather than map this string. Dates span the extended window because the string is not tied to an office.","kr-hearings-data v10 ministry_name_variants.csv (role vice_minister, 1 turns, 2003-07-10..2003-07-10, terms 16, sources xml)",,
李源炯,,out_of_scope,1988-02-25,2026-09-24,typo,"Not an office. The position field holds the person name 李源炯 and the name field holds '委員○保健福祉部次官' (2002-04-15), so the label was split the wrong way or two labels were fused. 李源炯 is not in na_members_15_22.csv under this spelling. kr-hearings should re-segment the turn rather than map this string. Dates span the extended window because the string is not tied to an office.","kr-hearings-data v10 ministry_name_variants.csv (role vice_minister, 1 turns, 2002-04-15..2002-04-15, terms 16, sources xml)",,
沈在哲,,out_of_scope,1988-02-25,2026-09-24,typo,"Not an office. The position field holds the person name 沈在哲 and the name field holds '委員◯保健福祉部長官 / 委員◯行政自治部長官' (2002-10-28, 2002-10-30), so the label was split the wrong way or two labels were fused. 沈在哲 is not in na_members_15_22.csv under this spelling. kr-hearings should re-segment the turn rather than map this string. Dates span the extended window because the string is not tied to an office.","kr-hearings-data v10 ministry_name_variants.csv (role minister, 2 turns, 2002-10-28..2002-10-30, terms 16, sources xml)",,
趙在煥,,out_of_scope,1988-02-25,2026-09-24,typo,"Not an office. The position field holds the person name 趙在煥 and the name field holds '委員◯文化觀光部長官' (2003-07-09), so the label was split the wrong way or two labels were fused. 趙在煥 was a National Assembly member in term(s) 16 per na_members_15_22.csv. kr-hearings should re-segment the turn rather than map this string. Dates span the extended window because the string is not tied to an office.","kr-hearings-data v10 ministry_name_variants.csv (role minister, 1 turns, 2003-07-09..2003-07-09, terms 16, sources xml)",,
金在原,,out_of_scope,1988-02-25,2026-09-24,typo,"Not an office. The position field holds the person name 金在原 and the name field holds '委員◯재정경제부차관' (2004-09-16), so the label was split the wrong way or two labels were fused. 金在原 was a National Assembly member in term(s) 17, 19, 20 per na_members_15_22.csv. kr-hearings should re-segment the turn rather than map this string. Dates span the extended window because the string is not tied to an office.","kr-hearings-data v10 ministry_name_variants.csv (role vice_minister, 1 turns, 2004-09-16..2004-09-16, terms 17, sources xml)",,
金映宣,,out_of_scope,1988-02-25,2026-09-24,typo,"Not an office. The position field holds the person name 金映宣 and the name field holds '委員◯부총리겸과학기술부장관' (2005-06-15), so the label was split the wrong way or two labels were fused. 金映宣 was a National Assembly member in term(s) 15, 16, 17, 18, 21 per na_members_15_22.csv. kr-hearings should re-segment the turn rather than map this string. Dates span the extended window because the string is not tied to an office.","kr-hearings-data v10 ministry_name_variants.csv (role minister, 1 turns, 2005-06-15..2005-06-15, terms 17, sources xml)",,
강기갑,,out_of_scope,1988-02-25,2026-09-24,typo,"Not an office. The position field holds the person name 강기갑 and the name field holds '위원◯해양수산부차관' (2005-04-21), so the label was split the wrong way or two labels were fused. 강기갑 was a National Assembly member in term(s) 17, 18 per na_members_15_22.csv. kr-hearings should re-segment the turn rather than map this string. Dates span the extended window because the string is not tied to an office.","kr-hearings-data v10 ministry_name_variants.csv (role vice_minister, 1 turns, 2005-04-21..2005-04-21, terms 17, sources xml)",,
강봉균,,out_of_scope,1988-02-25,2026-09-24,typo,"Not an office. The position field holds the person name 강봉균 and the name field holds '위원◯부총리겸재정경제부장관' (2005-06-15), so the label was split the wrong way or two labels were fused. 강봉균 was a National Assembly member in term(s) 16, 17, 18 per na_members_15_22.csv. kr-hearings should re-segment the turn rather than map this string. Dates span the extended window because the string is not tied to an office.","kr-hearings-data v10 ministry_name_variants.csv (role minister, 1 turns, 2005-06-15..2005-06-15, terms 17, sources xml)",,
김교흥,,out_of_scope,1988-02-25,2026-09-24,typo,"Not an office. The position field holds the person name 김교흥 and the name field holds '위원◯산업자원부제1차관' (2005-11-17), so the label was split the wrong way or two labels were fused. 김교흥 was a National Assembly member in term(s) 17, 21, 22 per na_members_15_22.csv. kr-hearings should re-segment the turn rather than map this string. Dates span the extended window because the string is not tied to an office.","kr-hearings-data v10 ministry_name_variants.csv (role vice_minister, 1 turns, 2005-11-17..2005-11-17, terms 17, sources xml)",,
김병호,,out_of_scope,1988-02-25,2026-09-24,typo,"Not an office. The position field holds the person name 김병호 and the name field holds '위원◯건설교통부장관' (2004-10-05, 2004-11-22), so the label was split the wrong way or two labels were fused. 김병호 was a National Assembly member in term(s) 16, 17 per na_members_15_22.csv. kr-hearings should re-segment the turn rather than map this string. Dates span the extended window because the string is not tied to an office.","kr-hearings-data v10 ministry_name_variants.csv (role minister, 3 turns, 2004-10-05..2004-11-22, terms 17, sources xml)",,
김선미,,out_of_scope,1988-02-25,2026-09-24,typo,"Not an office. The position field holds the person name 김선미 and the name field holds '위원◯보건복지부차관' (2006-08-23), so the label was split the wrong way or two labels were fused. 김선미 was a National Assembly member in term(s) 17 per na_members_15_22.csv. kr-hearings should re-segment the turn rather than map this string. Dates span the extended window because the string is not tied to an office.","kr-hearings-data v10 ministry_name_variants.csv (role vice_minister, 1 turns, 2006-08-23..2006-08-23, terms 17, sources xml)",,
김영숙,,out_of_scope,1988-02-25,2026-09-24,typo,"Not an office. The position field holds the person name 김영숙 and the name field holds '위원○교육인적자원부차관 / 위원○부총리겸교육인적자원부장관' (2005-02-22, 2005-02-28), so the label was split the wrong way or two labels were fused. 김영숙 was a National Assembly member in term(s) 17 per na_members_15_22.csv. kr-hearings should re-segment the turn rather than map this string. Dates span the extended window because the string is not tied to an office.","kr-hearings-data v10 ministry_name_variants.csv (role minister/vice_minister, 2 turns, 2005-02-22..2005-02-28, terms 17, sources xml)",,
박세환,,out_of_scope,1988-02-25,2026-09-24,typo,"Not an office. The position field holds the person name 박세환 and the name field holds '위원◯국방부장관' (2005-06-13), so the label was split the wrong way or two labels were fused. 박세환 was a National Assembly member in term(s) 15, 16, 17 per na_members_15_22.csv. kr-hearings should re-segment the turn rather than map this string. Dates span the extended window because the string is not tied to an office.","kr-hearings-data v10 ministry_name_variants.csv (role minister, 1 turns, 2005-06-13..2005-06-13, terms 17, sources xml)",,
박승환,,out_of_scope,1988-02-25,2026-09-24,typo,"Not an office. The position field holds the person name 박승환 and the name field holds '의원◯건설교통부차관' (2008-02-01), so the label was split the wrong way or two labels were fused. 박승환 was a National Assembly member in term(s) 17 per na_members_15_22.csv. kr-hearings should re-segment the turn rather than map this string. Dates span the extended window because the string is not tied to an office.","kr-hearings-data v10 ministry_name_variants.csv (role vice_minister, 1 turns, 2008-02-01..2008-02-01, terms 17, sources xml)",,
박완주,,out_of_scope,1988-02-25,2026-09-24,typo,"Not an office. The position field holds the person name 박완주 and the name field holds '위원◯해양수산부장관' (2016-06-28), so the label was split the wrong way or two labels were fused. 박완주 was a National Assembly member in term(s) 19, 20, 21 per na_members_15_22.csv. kr-hearings should re-segment the turn rather than map this string. Dates span the extended window because the string is not tied to an office.","kr-hearings-data v10 ministry_name_variants.csv (role minister, 1 turns, 2016-06-28..2016-06-28, terms 20, sources xml)",,
박형준,,out_of_scope,1988-02-25,2026-09-24,typo,"Not an office. The position field holds the person name 박형준 and the name field holds '의원◯국무총리' (2004-07-14), so the label was split the wrong way or two labels were fused. 박형준 was a National Assembly member in term(s) 17 per na_members_15_22.csv. kr-hearings should re-segment the turn rather than map this string. Dates span the extended window because the string is not tied to an office.","kr-hearings-data v10 ministry_name_variants.csv (role prime_minister, 1 turns, 2004-07-14..2004-07-14, terms 17, sources xml)",,
수석전문위원,,out_of_scope,1988-02-25,2026-09-24,title_form,"Committee staff label (수석전문위원). The v10 turn label 수석전문위원 장기태◯보건복지부차관 송재성 (2004-12-01, conf 28264 turn 495) fuses two speakers, the second being the 보건복지부 vice minister. Dates span the extended window because the string is not tied to an office.","kr-hearings-data v10 ministry_name_variants.csv (role vice_minister, 1 turns, 2004-12-01..2004-12-01, terms 17, sources xml)",,
신국환,,out_of_scope,1988-02-25,2026-09-24,typo,"Not an office. The position field holds the person name 신국환 and the name field holds '위원◯재정경제부제2차관' (2005-08-18), so the label was split the wrong way or two labels were fused. 신국환 was a National Assembly member in term(s) 17 per na_members_15_22.csv. kr-hearings should re-segment the turn rather than map this string. Dates span the extended window because the string is not tied to an office.","kr-hearings-data v10 ministry_name_variants.csv (role vice_minister, 1 turns, 2005-08-18..2005-08-18, terms 17, sources xml)",,
심재엽,,out_of_scope,1988-02-25,2026-09-24,typo,"Not an office. The position field holds the person name 심재엽 and the name field holds '위원◯정보통신부장관' (2005-10-10), so the label was split the wrong way or two labels were fused. 심재엽 was a National Assembly member in term(s) 17 per na_members_15_22.csv. kr-hearings should re-segment the turn rather than map this string. Dates span the extended window because the string is not tied to an office.","kr-hearings-data v10 ministry_name_variants.csv (role minister, 1 turns, 2005-10-10..2005-10-10, terms 17, sources xml)",,
안홍준,,out_of_scope,1988-02-25,2026-09-24,typo,"Not an office. The position field holds the person name 안홍준 and the name field holds '위원◯건설교통부장관' (2005-06-28), so the label was split the wrong way or two labels were fused. 안홍준 was a National Assembly member in term(s) 17, 18, 19 per na_members_15_22.csv. kr-hearings should re-segment the turn rather than map this string. Dates span the extended window because the string is not tied to an office.","kr-hearings-data v10 ministry_name_variants.csv (role minister, 1 turns, 2005-06-28..2005-06-28, terms 17, sources xml)",,
유정복,,out_of_scope,1988-02-25,2026-09-24,typo,"Not an office. The position field holds the person name 유정복 and the name field holds '위원◯행정자치부제1차관' (2005-08-16), so the label was split the wrong way or two labels were fused. 유정복 was a National Assembly member in term(s) 17, 18, 19 per na_members_15_22.csv. kr-hearings should re-segment the turn rather than map this string. Dates span the extended window because the string is not tied to an office.","kr-hearings-data v10 ministry_name_variants.csv (role vice_minister, 1 turns, 2005-08-16..2005-08-16, terms 17, sources xml)",,
윤건영,,out_of_scope,1988-02-25,2026-09-24,typo,"Not an office. The position field holds the person name 윤건영 and the name field holds '위원◯재정경제부제2차관' (2005-08-18), so the label was split the wrong way or two labels were fused. 윤건영 was a National Assembly member in term(s) 17, 21, 22 per na_members_15_22.csv. kr-hearings should re-segment the turn rather than map this string. Dates span the extended window because the string is not tied to an office.","kr-hearings-data v10 ministry_name_variants.csv (role vice_minister, 1 turns, 2005-08-18..2005-08-18, terms 17, sources xml)",,
이규택,,out_of_scope,1988-02-25,2026-09-24,typo,"Not an office. The position field holds the person name 이규택 and the name field holds '위원◯산업자원부장관' (2005-09-22), so the label was split the wrong way or two labels were fused. 이규택 was a National Assembly member in term(s) 15, 16, 17 per na_members_15_22.csv. kr-hearings should re-segment the turn rather than map this string. Dates span the extended window because the string is not tied to an office.","kr-hearings-data v10 ministry_name_variants.csv (role minister, 1 turns, 2005-09-22..2005-09-22, terms 17, sources xml)",,
이낙연,,out_of_scope,1988-02-25,2026-09-24,typo,"Not an office. The position field holds the person name 이낙연 and the name field holds '위원◯건설교통부장관' (2005-09-22), so the label was split the wrong way or two labels were fused. 이낙연 was a National Assembly member in term(s) 16, 17, 18, 19, 21 per na_members_15_22.csv. kr-hearings should re-segment the turn rather than map this string. Dates span the extended window because the string is not tied to an office.","kr-hearings-data v10 ministry_name_variants.csv (role minister, 1 turns, 2005-09-22..2005-09-22, terms 17, sources xml)",,
이목희,,out_of_scope,1988-02-25,2026-09-24,typo,"Not an office. The position field holds the person name 이목희 and the name field holds '위원◯환경부장관' (2005-10-10), so the label was split the wrong way or two labels were fused. 이목희 was a National Assembly member in term(s) 17, 19 per na_members_15_22.csv. kr-hearings should re-segment the turn rather than map this string. Dates span the extended window because the string is not tied to an office.","kr-hearings-data v10 ministry_name_variants.csv (role minister, 1 turns, 2005-10-10..2005-10-10, terms 17, sources xml)",,
이범관,,out_of_scope,1988-02-25,2026-09-24,typo,"Not an office. The position field holds the person name 이범관 and the name field holds '차관' (2009-07-06), so the label was split the wrong way or two labels were fused. 이범관 was a National Assembly member in term(s) 18 per na_members_15_22.csv. kr-hearings should re-segment the turn rather than map this string. Dates span the extended window because the string is not tied to an office.","kr-hearings-data v10 ministry_name_variants.csv (role vice_minister, 1 turns, 2009-07-06..2009-07-06, terms 18, sources hwp)",,
이은영,,out_of_scope,1988-02-25,2026-09-24,typo,"Not an office. The position field holds the person name 이은영 and the name field holds '위원◯국방부장관' (2004-12-28), so the label was split the wrong way or two labels were fused. 이은영 was a National Assembly member in term(s) 17 per na_members_15_22.csv. kr-hearings should re-segment the turn rather than map this string. Dates span the extended window because the string is not tied to an office.","kr-hearings-data v10 ministry_name_variants.csv (role minister, 1 turns, 2004-12-28..2004-12-28, terms 17, sources xml)",,
이인제,,out_of_scope,1988-02-25,2026-09-24,typo,"Not an office. The position field holds the person name 이인제 and the name field holds '위원◯노동부장관' (2004-11-18), so the label was split the wrong way or two labels were fused. 이인제 was a National Assembly member in term(s) 16, 17, 18, 19 per na_members_15_22.csv. kr-hearings should re-segment the turn rather than map this string. Dates span the extended window because the string is not tied to an office.","kr-hearings-data v10 ministry_name_variants.csv (role minister, 1 turns, 2004-11-18..2004-11-18, terms 17, sources xml)",,
이호웅,,out_of_scope,1988-02-25,2026-09-24,typo,"Not an office. The position field holds the person name 이호웅 and the name field holds '위원◯건설교통부장관' (2004-09-13), so the label was split the wrong way or two labels were fused. 이호웅 was a National Assembly member in term(s) 16, 17 per na_members_15_22.csv. kr-hearings should re-segment the turn rather than map this string. Dates span the extended window because the string is not tied to an office.","kr-hearings-data v10 ministry_name_variants.csv (role minister, 1 turns, 2004-09-13..2004-09-13, terms 17, sources xml)",,
임종인,,out_of_scope,1988-02-25,2026-09-24,typo,"Not an office. The position field holds the person name 임종인 and the name field holds '위원◯국방부장관' (2005-11-01, 2005-11-04), so the label was split the wrong way or two labels were fused. 임종인 was a National Assembly member in term(s) 17 per na_members_15_22.csv. kr-hearings should re-segment the turn rather than map this string. Dates span the extended window because the string is not tied to an office.","kr-hearings-data v10 ministry_name_variants.csv (role minister, 2 turns, 2005-11-01..2005-11-04, terms 17, sources xml)",,
임해규,,out_of_scope,1988-02-25,2026-09-24,typo,"Not an office. The position field holds the person name 임해규 and the name field holds '의원◯행정자치부장관' (2007-06-13), so the label was split the wrong way or two labels were fused. 임해규 was a National Assembly member in term(s) 17, 18 per na_members_15_22.csv. kr-hearings should re-segment the turn rather than map this string. Dates span the extended window because the string is not tied to an office.","kr-hearings-data v10 ministry_name_variants.csv (role minister, 4 turns, 2007-06-13..2007-06-13, terms 17, sources xml)",,
전재희,,out_of_scope,1988-02-25,2026-09-24,typo,"Not an office. The position field holds the person name 전재희 and the name field holds '위원◯재정경제부차관' (2004-09-15), so the label was split the wrong way or two labels were fused. 전재희 was a National Assembly member in term(s) 16, 17, 18 per na_members_15_22.csv. kr-hearings should re-segment the turn rather than map this string. Dates span the extended window because the string is not tied to an office.","kr-hearings-data v10 ministry_name_variants.csv (role vice_minister, 1 turns, 2004-09-15..2004-09-15, terms 17, sources xml)",,
정덕구,,out_of_scope,1988-02-25,2026-09-24,typo,"Not an office. The position field holds the person name 정덕구 and the name field holds '위원◯재정경제부제2차관' (2005-11-15), so the label was split the wrong way or two labels were fused. 정덕구 was a National Assembly member in term(s) 17 per na_members_15_22.csv. kr-hearings should re-segment the turn rather than map this string. Dates span the extended window because the string is not tied to an office.","kr-hearings-data v10 ministry_name_variants.csv (role vice_minister, 1 turns, 2005-11-15..2005-11-15, terms 17, sources xml)",,
金映宣,,out_of_scope,1988-02-25,2026-09-24,typo,"Not an office. The position field holds the person name 金映宣 and the name field holds '委員◯부총리겸과학기술부장관' (2005-06-15), so the label was split the wrong way or two labels were fused. 金映宣 was a National Assembly member in term(s) 15, 16, 17, 18, 21 per na_members_15_22.csv. kr-hearings should re-segment the turn rather than map this string. Raw form of '金映宣' (normalization strips markers and spaces and applies NFKC). The raw string uses CJK compatibility ideographs (U+F90A). Dates span the extended window because the string is not tied to an office.","kr-hearings-data v10 ministry_name_variants.csv (role minister, 1 turns, 2005-06-15..2005-06-15, terms 17, sources xml)",,
沈在哲,,out_of_scope,1988-02-25,2026-09-24,typo,"Not an office. The position field holds the person name 沈在哲 and the name field holds '委員◯保健福祉部長官 / 委員◯行政自治部長官' (2002-10-28, 2002-10-30), so the label was split the wrong way or two labels were fused. 沈在哲 is not in na_members_15_22.csv under this spelling. kr-hearings should re-segment the turn rather than map this string. Raw form of '沈在哲' (normalization strips markers and spaces and applies NFKC). The raw string uses CJK compatibility ideographs (U+F972). Dates span the extended window because the string is not tied to an office.","kr-hearings-data v10 ministry_name_variants.csv (role minister, 2 turns, 2002-10-28..2002-10-30, terms 16, sources xml)",,
李富榮,,out_of_scope,1988-02-25,2026-09-24,typo,"Not an office. The position field holds the person name 李富榮 and the name field holds '委員○外交通商部長官' (2002-10-01), so the label was split the wrong way or two labels were fused. 李富榮 is not in na_members_15_22.csv under this spelling. kr-hearings should re-segment the turn rather than map this string. Raw form of '李富榮' (normalization strips markers and spaces and applies NFKC). The raw string uses CJK compatibility ideographs (U+F9E1). Dates span the extended window because the string is not tied to an office.","kr-hearings-data v10 ministry_name_variants.csv (role minister, 1 turns, 2002-10-01..2002-10-01, terms 16, sources xml)",,
李敬在,,out_of_scope,1988-02-25,2026-09-24,typo,"Not an office. The position field holds the person name 李敬在 and the name field holds '委員◯建設交通部次官' (2003-07-10), so the label was split the wrong way or two labels were fused. 李敬在 is not in na_members_15_22.csv under this spelling. kr-hearings should re-segment the turn rather than map this string. Raw form of '李敬在' (normalization strips markers and spaces and applies NFKC). The raw string uses CJK compatibility ideographs (U+F9E1). Dates span the extended window because the string is not tied to an office.","kr-hearings-data v10 ministry_name_variants.csv (role vice_minister, 1 turns, 2003-07-10..2003-07-10, terms 16, sources xml)",,
李源炯,,out_of_scope,1988-02-25,2026-09-24,typo,"Not an office. The position field holds the person name 李源炯 and the name field holds '委員○保健福祉部次官' (2002-04-15), so the label was split the wrong way or two labels were fused. 李源炯 is not in na_members_15_22.csv under this spelling. kr-hearings should re-segment the turn rather than map this string. Raw form of '李源炯' (normalization strips markers and spaces and applies NFKC). The raw string uses CJK compatibility ideographs (U+F9E1). Dates span the extended window because the string is not tied to an office.","kr-hearings-data v10 ministry_name_variants.csv (role vice_minister, 1 turns, 2002-04-15..2002-04-15, terms 16, sources xml)",,
국가보훈처,국가보훈처,out_of_scope,1998-02-25,2023-06-04,official,"Official name. OF068 처 (국무총리 소속). Head is not 국무위원 (offices.json in_scope false, lineage_key veterans).","offices.json OF068 (법률 제5153호; sources GOA_5153, GOA_5529, GOA_7186, GOA_8852, GOA_11690, GOA_14839, GOA_19228)",,
국가보훈처장,국가보훈처,out_of_scope,1998-02-25,2023-06-04,title_form,"Head title of an office outside scope. OF068 처 (국무총리 소속). Head is not 국무위원 (offices.json in_scope false, lineage_key veterans).","offices.json OF068 (법률 제5153호; sources GOA_5153, GOA_5529, GOA_7186, GOA_8852, GOA_11690, GOA_14839, GOA_19228)",,
국정홍보처,국정홍보처,out_of_scope,1999-05-24,2008-02-28,official,"Official name. OF075 처 (국무총리 소속). Head is not 국무위원 (offices.json in_scope false, lineage_key None).","offices.json OF075 (법률 제5982호; sources GOA_5982, GOA_8852)",,
국정홍보처장,국정홍보처,out_of_scope,1999-05-24,2008-02-28,title_form,"Head title of an office outside scope. OF075 처 (국무총리 소속). Head is not 국무위원 (offices.json in_scope false, lineage_key None).","offices.json OF075 (법률 제5982호; sources GOA_5982, GOA_8852)",,
금융위원회,금융위원회,out_of_scope,2008-02-29,2026-09-24,official,"Official name. OF073 국무총리 소속 위원회. Head is not 국무위원 (offices.json in_scope false, lineage_key None).","offices.json OF073 (법률 제8863호; sources FSC_8863, FSC_21065)",,
금융위원회위원장,금융위원회,out_of_scope,2008-02-29,2026-09-24,title_form,"Head title of an office outside scope. OF073 국무총리 소속 위원회. Head is not 국무위원 (offices.json in_scope false, lineage_key None).","offices.json OF073 (법률 제8863호; sources FSC_8863, FSC_21065)",,
기획예산위원회,기획예산위원회,out_of_scope,1998-02-28,1999-05-23,official,"Official name. OF066 대통령 소속 위원회. Head is not 국무위원 (offices.json in_scope false, lineage_key budget).","offices.json OF066 (법률 제5529호 (전부개정); sources GOA_5529, GOA_5982)",,
기획예산위원회위원장,기획예산위원회,out_of_scope,1998-02-28,1999-05-23,title_form,"Head title of an office outside scope. OF066 대통령 소속 위원회. Head is not 국무위원 (offices.json in_scope false, lineage_key budget).","offices.json OF066 (법률 제5529호 (전부개정); sources GOA_5529, GOA_5982)",,
방송미디어통신위원회,방송미디어통신위원회,out_of_scope,2025-10-01,2026-09-24,official,"Official name. OF072 대통령 소속 합의제 행정기관. Head is not 국무위원 (offices.json in_scope false, lineage_key None).",offices.json OF072 (법률 제21066호 (제정); sources KMCC_21066),,
방송미디어통신위원회위원장,방송미디어통신위원회,out_of_scope,2025-10-01,2026-09-24,title_form,"Head title of an office outside scope. OF072 대통령 소속 합의제 행정기관. Head is not 국무위원 (offices.json in_scope false, lineage_key None).",offices.json OF072 (법률 제21066호 (제정); sources KMCC_21066),,
방송통신위원회,방송통신위원회,out_of_scope,2008-02-29,2025-09-30,official,"Official name. OF071 대통령 소속 합의제 행정기관. Head is not 국무위원 (offices.json in_scope false, lineage_key None).","offices.json OF071 (법률 제8867호 (제정); sources KCC_8867, KCC_21066)",,
방송통신위원회위원장,방송통신위원회,out_of_scope,2008-02-29,2025-09-30,title_form,"Head title of an office outside scope. OF071 대통령 소속 합의제 행정기관. Head is not 국무위원 (offices.json in_scope false, lineage_key None).","offices.json OF071 (법률 제8867호 (제정); sources KCC_8867, KCC_21066)",,
여성특별위원회,여성특별위원회,out_of_scope,1998-02-28,2001-01-28,official,"Official name. OF074 대통령 소속 위원회. Head is not 국무위원 (offices.json in_scope false, lineage_key gender).","offices.json OF074 (법률 제5529호 (전부개정); sources GOA_5529, GOA_6400)",,
여성특별위원회위원장,여성특별위원회,out_of_scope,1998-02-28,2001-01-28,title_form,"Head title of an office outside scope. OF074 대통령 소속 위원회. Head is not 국무위원 (offices.json in_scope false, lineage_key gender).","offices.json OF074 (법률 제5529호 (전부개정); sources GOA_5529, GOA_6400)",,
예산청,예산청,out_of_scope,1998-02-28,1999-05-23,official,"Official name. OF067 청 (재정경제부장관 소속). Head is not 국무위원 (offices.json in_scope false, lineage_key budget).","offices.json OF067 (법률 제5529호 (전부개정); sources GOA_5529, GOA_5982)",,
예산청장,예산청,out_of_scope,1998-02-28,1999-05-23,title_form,"Head title of an office outside scope. OF067 청 (재정경제부장관 소속). Head is not 국무위원 (offices.json in_scope false, lineage_key budget).","offices.json OF067 (법률 제5529호 (전부개정); sources GOA_5529, GOA_5982)",,
인사혁신처,인사혁신처,out_of_scope,2014-11-19,2026-09-24,official,"Official name. OF070 처 (국무총리 소속). Head is not 국무위원 (offices.json in_scope false, lineage_key None).","offices.json OF070 (법률 제12844호; sources GOA_12844, GOA_21065_b)",,
인사혁신처장,인사혁신처,out_of_scope,2014-11-19,2026-09-24,title_form,"Head title of an office outside scope. OF070 처 (국무총리 소속). Head is not 국무위원 (offices.json in_scope false, lineage_key None).","offices.json OF070 (법률 제12844호; sources GOA_12844, GOA_21065_b)",,
중소기업청,중소기업청,out_of_scope,1998-02-25,2017-07-25,official,"Official name. OF069 청 (통상산업부·산업자원부·지식경제부·산업통상자원부장관 소속). Head is not 국무위원 (offices.json in_scope false, lineage_key sme).","offices.json OF069 (법률 제5153호; sources GOA_5153, GOA_5529, GOA_8852, GOA_11690, GOA_14839)",,
중소기업청장,중소기업청,out_of_scope,1998-02-25,2017-07-25,title_form,"Head title of an office outside scope. OF069 청 (통상산업부·산업자원부·지식경제부·산업통상자원부장관 소속). Head is not 국무위원 (offices.json in_scope false, lineage_key sme).","offices.json OF069 (법률 제5153호; sources GOA_5153, GOA_5529, GOA_8852, GOA_11690, GOA_14839)",,
國務總理,국무총리,pm,1998-02-25,2026-09-24,hanja,Hanja form of 국무총리.,"kr-hearings-data v10 ministry_name_variants.csv (role prime_minister, 5927 turns, 2000-07-05..2004-07-05, terms 16,17, sources xml); offices.json OF001 (헌법 제10호 (전부개정); sources CONST)",,
국모총리,국무총리,pm,1998-02-25,2026-09-24,typo,국무총리 misspelled as 국모총리.,"kr-hearings-data v10 ministry_name_variants.csv (role prime_minister, 1 turns, 2012-07-23..2012-07-23, terms 19, sources xml); offices.json OF001 (헌법 제10호 (전부개정); sources CONST)",,
국무총리,국무총리,pm,1998-02-25,2026-09-24,official,Official head title. OF001 국무총리. Official title.,"offices.json OF001 (헌법 제10호 (전부개정); sources CONST) | kr-hearings-data v10 ministry_name_variants.csv (role prime_minister, 66673 turns, 2004-07-09..2026-09-14, terms 17,18,19,20,21,22, sources hwp,xlsx,xml); offices.json OF001 (헌법 제10호 (전부개정); sources CONST)",,
국무총리서리,국무총리,pm,1998-02-25,2026-09-24,title_form,"PM appointed before Assembly consent (서리). In scope as a PM spell, 2 such spells in spells.csv.","spells.csv office_title 국무총리서리 (S0276, S0277) in build sha256 c4a6bef303e97528",,
국무총리직무대행,국무총리,pm,1998-02-25,2026-09-24,acting_form,"Acting PM (normally a deputy PM). Not a spell. Acting head. kr-hearings never links acting heads to spells, normalization only.","kr-hearings-data v10 ministry_name_variants.csv (role prime_minister, 1838 turns, 2004-06-24..2025-02-13, terms 17,21,22, sources xml); offices.json OF001 (헌법 제10호 (전부개정); sources CONST)",,
국무총식,국무총리,pm,1998-02-25,2026-09-24,typo,국무총리 misspelled as 국무총식.,"kr-hearings-data v10 ministry_name_variants.csv (role prime_minister, 1 turns, 2012-07-18..2012-07-18, terms 19, sources xml); offices.json OF001 (헌법 제10호 (전부개정); sources CONST)",,
대통령권한대행국무총리,국무총리,pm,1998-02-25,2026-09-24,title_form,"The sitting PM while serving as acting president. Links to the PM spell, not an acting head.","kr-hearings-data v10 ministry_name_variants.csv (role prime_minister, 1 turns, 2025-04-24..2025-04-24, terms 22, sources xml); offices.json OF001 (헌법 제10호 (전부개정); sources CONST)",,
국민안전처,국민안전처,safety,2014-11-19,2017-07-25,official,"Official name. OF056 처 (국무총리 소속, 장관은 국무위원으로 보한다). Offices.json has no lineage_key, lineage safety taken from spells.csv.","offices.json OF056 (법률 제12844호; sources GOA_12844, GOA_14839)",,
국민안전처장관,국민안전처,safety,2014-11-19,2017-07-25,official,"Official head title. OF056 처 (국무총리 소속, 장관은 국무위원으로 보한다). Offices.json has no lineage_key, lineage safety taken from spells.csv. Official head title. Offices.json has no lineage_key, lineage safety taken from spells.csv.","offices.json OF056 (법률 제12844호; sources GOA_12844, GOA_14839) | kr-hearings-data v10 ministry_name_variants.csv (role minister, 3192 turns, 2014-12-09..2017-03-24, terms 19,20, sources xlsx,xml); offices.json OF056 (법률 제12844호; sources GOA_12844, GOA_14839)",,
국민안전처장관후보자,국민안전처,safety,2014-11-18,2014-11-18,title_form,"Nominee title before the office took legal effect on 2014-11-19 (N0439 박인용 nominated 2014-11-18, hearing 2014-12-04). Links to nominations.csv, not to spells.","nominations.csv N0439 (build sha256 cefbc92eeca056d8); offices.json OF056 (법률 제12844호; sources GOA_12844, GOA_14839)",,
국민안전처장관후보자,국민안전처,safety,2014-11-19,2017-07-25,title_form,"Nominee title. Links to nominations.csv, not to spells. Offices.json has no lineage_key, lineage safety taken from spells.csv.","kr-hearings-data v10 ministry_name_variants.csv (role minister_nominee, 683 turns, 2014-12-04..2014-12-04, terms 19, sources xlsx); offices.json OF056 (법률 제12844호; sources GOA_12844, GOA_14839)",,
국민안전처차관,국민안전처,safety,2014-11-19,2017-07-25,title_form,"Vice minister title. Not a cabinet office, kr-hearings should not link it to spells. Offices.json has no lineage_key, lineage safety taken from spells.csv.","kr-hearings-data v10 ministry_name_variants.csv (role vice_minister, 78 turns, 2014-11-25..2017-07-04, terms 19,20, sources xlsx,xml); offices.json OF056 (법률 제12844호; sources GOA_12844, GOA_14839)",,
안전처,국민안전처,safety,2014-11-19,2017-07-25,short,"Short form of 국민안전처. Offices.json has no lineage_key, lineage safety taken from spells.csv.","kr-hearings-data v9 all_speeches speech_text: 1282 occurrences of '안전처' in the legal period of 국민안전처 (OF056); first example 2015-02-10 meeting 44891 speaker '윤관석 위원': ""서 국제경기대회 지원법에 이것을 총괄하는 것들을―컨트롤타워지요―넣는 것을 법률 개정안으로 냈는데 정부에서도 안전처를 만들기는 했습니다마는 아직 충분하게 정리되어 있지 않은 상태이기 때문에, 또 국제경기대회가 갖고 있"" (scan rule and counts in interface/work/short_form_attestation.json); offices.json OF056 (법률 제12844호; sources GOA_12844, GOA_14839)",,
안전처장관,국민안전처,safety,2014-11-19,2017-07-25,short,"Short form of 국민안전처. Offices.json has no lineage_key, lineage safety taken from spells.csv.","kr-hearings-data v9 all_speeches speech_text: 1282 occurrences of '안전처' in the legal period of 국민안전처 (OF056); first example 2015-02-10 meeting 44891 speaker '윤관석 위원': ""서 국제경기대회 지원법에 이것을 총괄하는 것들을―컨트롤타워지요―넣는 것을 법률 개정안으로 냈는데 정부에서도 안전처를 만들기는 했습니다마는 아직 충분하게 정리되어 있지 않은 상태이기 때문에, 또 국제경기대회가 갖고 있"" (scan rule and counts in interface/work/short_form_attestation.json); offices.json OF056 (법률 제12844호; sources GOA_12844, GOA_14839)",,
科學技術部次官,과학기술부,science,1998-02-28,2008-02-28,title_form,"Hanja form of 과학기술부차관. Vice minister title. Not a cabinet office, kr-hearings should not link it to spells.","kr-hearings-data v10 ministry_name_variants.csv (role vice_minister, 533 turns, 2000-06-22..2004-02-11, terms 16, sources xml); offices.json OF027 (법률 제5529호 (전부개정); sources GOA_5529, GOA_7217, GOA_8852, DEC_18561)",,
科學技術部長官,과학기술부,science,1998-02-28,2008-02-28,hanja,Hanja form of 과학기술부장관.,"kr-hearings-data v10 ministry_name_variants.csv (role minister, 2597 turns, 2000-06-22..2004-02-26, terms 16, sources xml); offices.json OF027 (법률 제5529호 (전부개정); sources GOA_5529, GOA_7217, GOA_8852, DEC_18561)",,
과기부,과학기술부,science,1998-02-28,2008-02-28,ambiguous_short,"Short form of 과학기술부. The same string also denotes OF058 in other periods, resolve by date.","kr-hearings-data v9 all_speeches speech_text: 8596 occurrences of '과기부' in the legal period of 과학기술부 (OF027); first example 2001-06-21 meeting 29257 speaker '김광원 위원': ""과기부 쪽에서 조사를 혹시 안 했습니까?"" (scan rule and counts in interface/work/short_form_attestation.json); offices.json OF027 (법률 제5529호 (전부개정); sources GOA_5529, GOA_7217, GOA_8852, DEC_18561)",,
과기부장관,과학기술부,science,1998-02-28,2008-02-28,ambiguous_short,"Short form of 과학기술부. The same string also denotes OF058 in other periods, resolve by date.","kr-hearings-data v9 all_speeches speech_text: 8596 occurrences of '과기부' in the legal period of 과학기술부 (OF027); first example 2001-06-21 meeting 29257 speaker '김광원 위원': ""과기부 쪽에서 조사를 혹시 안 했습니까?"" (scan rule and counts in interface/work/short_form_attestation.json); offices.json OF027 (법률 제5529호 (전부개정); sources GOA_5529, GOA_7217, GOA_8852, DEC_18561)",,
과기부총리,과학기술부,science,2004-10-18,2008-02-28,ambiguous_short,"Short form of 과학기술부 (deputy PM title). The same string also denotes OF058 in other periods, resolve by date. Deputy PM period (부총리 겸 과학기술부장관).","kr-hearings-data v9 all_speeches speech_text: 163 occurrences of '과기부총리' in the legal period of 과학기술부 (OF027); first example 2005-02-28 meeting 32965 speaker '홍창선 위원': ""까 이런 생각이 듭니다. 그다음에 위원회, 그것은 전에도 다른 분들이 의견 주신 것이 위원장을 대통령 대신 과기부총리가 하도록 했는데 위원은 원자력위원처럼 과기부장관이 제청을 해서 대통령이 위촉하면 상징성도 있지 않"" (scan rule and counts in interface/work/short_form_attestation.json); offices.json OF027 (법률 제5529호 (전부개정); sources GOA_5529, GOA_7217, GOA_8852, DEC_18561)",,
과기처,과학기술부,science,1998-02-28,2008-02-28,ambiguous_short,"Short form of 과학기술부. 과기처 abbreviates 과학기술처, the office before 1998-02-28 (OF005). Later uses are legacy references to 과학기술부. Alias check. 과기처 abbreviates 과학기술처 (OF005), so the string names OF005 up to 1998-02-27 and is used loosely for OF027 afterwards, and the type is ambiguous_short. In a random sample of 25 of the 56 hits in 1998-02-28..2008-02-28 (work/alias_check_samples.json), 10 refer to the sitting 과학기술부, 12 to the pre-1998 과학기술처 and 3 are unclear. The same string also denotes OF005 in 1998-02-25..1998-02-27, resolve by date.","kr-hearings-data v9 all_speeches speech_text: 56 occurrences of '과기처' in the legal period of 과학기술부 (OF027); first example 2002-10-21 meeting 30516 speaker '이연숙 위원': ""이해할 소지가 있습니다. 정부재정이지만 수익자부담원칙처럼 사업성격을 분석하여 외교통상부, 재경부, 산자부, 과기처, 건설교통부 등과 비용을 분담하는 방안에 대하여 연구가 부족한 것 같습니다. 물론 국방부 혼자서 해결"" (scan rule and counts in interface/work/short_form_attestation.json); offices.json OF027 (법률 제5529호 (전부개정); sources GOA_5529, GOA_7217, GOA_8852, DEC_18561) | Alias check 2026-09-26 (interface/alias_check.md), sample in interface/work/alias_check_samples.json",,
과기처장관,과학기술부,science,1998-02-28,2008-02-28,ambiguous_short,"Short form of 과학기술부. 과기처 abbreviates 과학기술처, the office before 1998-02-28 (OF005). Later uses are legacy references to 과학기술부. Alias check. 과기처 abbreviates 과학기술처 (OF005), so the string names OF005 up to 1998-02-27 and is used loosely for OF027 afterwards, and the type is ambiguous_short. In a random sample of 25 of the 56 hits in 1998-02-28..2008-02-28 (work/alias_check_samples.json), 10 refer to the sitting 과학기술부, 12 to the pre-1998 과학기술처 and 3 are unclear. The same string also denotes OF005 in 1998-02-25..1998-02-27, resolve by date.","kr-hearings-data v9 all_speeches speech_text: 56 occurrences of '과기처' in the legal period of 과학기술부 (OF027); first example 2002-10-21 meeting 30516 speaker '이연숙 위원': ""이해할 소지가 있습니다. 정부재정이지만 수익자부담원칙처럼 사업성격을 분석하여 외교통상부, 재경부, 산자부, 과기처, 건설교통부 등과 비용을 분담하는 방안에 대하여 연구가 부족한 것 같습니다. 물론 국방부 혼자서 해결"" (scan rule and counts in interface/work/short_form_attestation.json); offices.json OF027 (법률 제5529호 (전부개정); sources GOA_5529, GOA_7217, GOA_8852, DEC_18561) | Alias check 2026-09-26 (interface/alias_check.md), sample in interface/work/alias_check_samples.json",,
과학기술부,과학기술부,science,1998-02-28,2008-02-28,official,Official name. OF027 행정각부 (장관은 국무위원으로 보한다).,"offices.json OF027 (법률 제5529호 (전부개정); sources GOA_5529, GOA_7217, GOA_8852, DEC_18561)",,
과학기술부장관,과학기술부,science,1998-02-28,2008-02-28,official,Official head title. OF027 행정각부 (장관은 국무위원으로 보한다).,"offices.json OF027 (법률 제5529호 (전부개정); sources GOA_5529, GOA_7217, GOA_8852, DEC_18561) | kr-hearings-data v10 ministry_name_variants.csv (role minister, 3448 turns, 2000-06-22..2004-10-04, terms 16,17, sources xlsx,xml); offices.json OF027 (법률 제5529호 (전부개정); sources GOA_5529, GOA_7217, GOA_8852, DEC_18561)",,
과학기술부장관오명,과학기술부,science,1998-02-28,2008-02-28,title_form,Person name 오명 fused to the title.,"kr-hearings-data v10 ministry_name_variants.csv (role minister, 1 turns, 2004-08-24..2004-08-24, terms 17, sources xml); offices.json OF027 (법률 제5529호 (전부개정); sources GOA_5529, GOA_7217, GOA_8852, DEC_18561)",,
과학기술부차관,과학기술부,science,1998-02-28,2008-02-28,title_form,"Vice minister title. Not a cabinet office, kr-hearings should not link it to spells.","kr-hearings-data v10 ministry_name_variants.csv (role vice_minister, 2488 turns, 2000-06-22..2008-02-26, terms 16,17, sources xlsx,xml); offices.json OF027 (법률 제5529호 (전부개정); sources GOA_5529, GOA_7217, GOA_8852, DEC_18561)",,
과학기술장관,과학기술부,science,1998-02-28,2008-02-28,typo,과학기술부 with 부 dropped.,"kr-hearings-data v10 ministry_name_variants.csv (role minister, 2 turns, 2004-10-04..2004-10-04, terms 17, sources xlsx,xml); offices.json OF027 (법률 제5529호 (전부개정); sources GOA_5529, GOA_7217, GOA_8852, DEC_18561)",,
부총리 겸 과학기술부장관,과학기술부,science,2004-10-18,2008-02-28,deputy_pm_prefix,Official deputy PM title. OF027 행정각부 (장관은 국무위원으로 보한다).,"offices.json OF027 (법률 제5529호 (전부개정); sources GOA_5529, GOA_7217, GOA_8852, DEC_18561)",,
부총리겸과학기술부장관,과학기술부,science,2004-10-18,2008-02-28,deputy_pm_prefix,Deputy PM title without spaces. OF027 행정각부 (장관은 국무위원으로 보한다). Deputy PM title. Deputy PM period (부총리 겸 과학기술부장관).,"offices.json OF027 (법률 제5529호 (전부개정); sources GOA_5529, GOA_7217, GOA_8852, DEC_18561) | kr-hearings-data v10 ministry_name_variants.csv (role minister, 8894 turns, 2004-10-20..2008-02-04, terms 17, sources xlsx,xml); offices.json OF027 (법률 제5529호 (전부개정); sources GOA_5529, GOA_7217, GOA_8852, DEC_18561)",,
부총리겸과학기술부장관후보자,과학기술부,science,2004-10-18,2008-02-28,deputy_pm_prefix,"Deputy PM nominee title. Nominee title. Links to nominations.csv, not to spells. Deputy PM period (부총리 겸 과학기술부장관).","kr-hearings-data v10 ministry_name_variants.csv (role minister_nominee, 1124 turns, 2006-02-07..2006-02-07, terms 17, sources xlsx,xml); offices.json OF027 (법률 제5529호 (전부개정); sources GOA_5529, GOA_7217, GOA_8852, DEC_18561)",,
과기부,과학기술정보통신부,science,2017-07-26,2026-09-24,ambiguous_short,"Short form of 과학기술정보통신부. The same string also denotes OF027 in other periods, resolve by date.","kr-hearings-data v9 all_speeches speech_text: 10429 occurrences of '과기부' in the legal period of 과학기술정보통신부 (OF058); first example 2017-11-07 meeting 47625 speaker '신용현 위원': ""상을 더 해야 된다는 소리이고요, 이렇게 하기 위해서는 민간 수탁ㆍ수주에 열을 올려야 됩니다. 그래서 아마 과기부에서도 이 얘기를 알고 계시기 때문에 기재부랑 잘 합의하셔서 지방세 납부 소요 예산 50% 이상을 임시"" (scan rule and counts in interface/work/short_form_attestation.json); offices.json OF058 (법률 제14839호; sources GOA_14839, GOA_21065_a, GOA_21065_b)",,
과기부장관,과학기술정보통신부,science,2017-07-26,2026-09-24,ambiguous_short,"Short form of 과학기술정보통신부. The same string also denotes OF027 in other periods, resolve by date.","kr-hearings-data v9 all_speeches speech_text: 10429 occurrences of '과기부' in the legal period of 과학기술정보통신부 (OF058); first example 2017-11-07 meeting 47625 speaker '신용현 위원': ""상을 더 해야 된다는 소리이고요, 이렇게 하기 위해서는 민간 수탁ㆍ수주에 열을 올려야 됩니다. 그래서 아마 과기부에서도 이 얘기를 알고 계시기 때문에 기재부랑 잘 합의하셔서 지방세 납부 소요 예산 50% 이상을 임시"" (scan rule and counts in interface/work/short_form_attestation.json); offices.json OF058 (법률 제14839호; sources GOA_14839, GOA_21065_a, GOA_21065_b)",,
과기부총리,과학기술정보통신부,science,2025-10-01,2026-09-24,ambiguous_short,"Short form of 과학기술정보통신부 (deputy PM title). The same string also denotes OF027 in other periods, resolve by date. Deputy PM period (부총리 겸 과학기술정보통신부장관).","kr-hearings-data v9 all_speeches speech_text: 54 occurrences of '과기부총리' in the legal period of 과학기술정보통신부 (OF058); first example 2026-09-15 meeting v10xml:57275 speaker '부총리겸재정경제부장관후보자 이형일': ""위원님 말씀 공감하는 사항입니다. 그런데 부총리가 둘이니까 경제부총리, 과기부총리 이렇게 통용되고 있고 예전에는 부총리 한 분이더라도 경제부총리라고 통상적으로 불렀던 걸로 알고 있습니다."" (scan rule and counts in interface/work/short_form_attestation.json); offices.json OF058 (법률 제14839호; sources GOA_14839, GOA_21065_a, GOA_21065_b)",,
과기정통부,과학기술정보통신부,science,2017-07-26,2026-09-24,short,Short form of 과학기술정보통신부.,"kr-hearings-data v9 all_speeches speech_text: 4052 occurrences of '과기정통부' in the legal period of 과학기술정보통신부 (OF058); first example 2017-09-21 meeting 47415 speaker '과학기술정보통신부장관 유영민': ""존경하는 신상진 위원장님, 그리고 위원 여러분! 오늘 과기정통부 업무에 필요한 법률안을 심의 의결하여 주신 데 대하여 깊은 감사의 말씀을 드립니다. 이번에 의결하여 주신 "" (scan rule and counts in interface/work/short_form_attestation.json); offices.json OF058 (법률 제14839호; sources GOA_14839, GOA_21065_a, GOA_21065_b)",,
과기정통부장관,과학기술정보통신부,science,2017-07-26,2026-09-24,short,Short form of 과학기술정보통신부.,"kr-hearings-data v9 all_speeches speech_text: 4052 occurrences of '과기정통부' in the legal period of 과학기술정보통신부 (OF058); first example 2017-09-21 meeting 47415 speaker '과학기술정보통신부장관 유영민': ""존경하는 신상진 위원장님, 그리고 위원 여러분! 오늘 과기정통부 업무에 필요한 법률안을 심의 의결하여 주신 데 대하여 깊은 감사의 말씀을 드립니다. 이번에 의결하여 주신 "" (scan rule and counts in interface/work/short_form_attestation.json); offices.json OF058 (법률 제14839호; sources GOA_14839, GOA_21065_a, GOA_21065_b)",,
과학기술정보통부장관,과학기술정보통신부,science,2017-07-26,2026-09-24,typo,과학기술정보통신부 with 신 dropped.,"kr-hearings-data v10 ministry_name_variants.csv (role minister, 1 turns, 2018-02-02..2018-02-02, terms 20, sources xlsx); offices.json OF058 (법률 제14839호; sources GOA_14839, GOA_21065_a, GOA_21065_b)",,
과학기술정보통신부,과학기술정보통신부,science,2017-07-26,2026-09-24,official,Official name. OF058 행정각부 (장관은 국무위원으로 보한다).,"offices.json OF058 (법률 제14839호; sources GOA_14839, GOA_21065_a, GOA_21065_b)",,
과학기술정보통신부장관,과학기술정보통신부,science,2017-07-26,2026-09-24,official,Official head title. OF058 행정각부 (장관은 국무위원으로 보한다).,"offices.json OF058 (법률 제14839호; sources GOA_14839, GOA_21065_a, GOA_21065_b) | kr-hearings-data v10 ministry_name_variants.csv (role minister, 11384 turns, 2017-09-13..2025-09-17, terms 20,21,22, sources xlsx,xml); offices.json OF058 (법률 제14839호; sources GOA_14839, GOA_21065_a, GOA_21065_b)",,
과학기술정보통신부장관직무대리,과학기술정보통신부,science,2017-07-26,2026-09-24,acting_form,"Acting head. kr-hearings never links acting heads to spells, normalization only.","kr-hearings-data v10 ministry_name_variants.csv (role minister_acting, 24 turns, 2022-09-21..2025-02-13, terms 21,22, sources xml); offices.json OF058 (법률 제14839호; sources GOA_14839, GOA_21065_a, GOA_21065_b)",,
과학기술정보통신부장관후보자,과학기술정보통신부,science,2017-07-26,2026-09-24,title_form,"Nominee title. Links to nominations.csv, not to spells.","kr-hearings-data v10 ministry_name_variants.csv (role minister_nominee, 3738 turns, 2019-03-27..2024-08-08, terms 20,21,22, sources xlsx); offices.json OF058 (법률 제14839호; sources GOA_14839, GOA_21065_a, GOA_21065_b)",,
과학기술정보통신부제1차관,과학기술정보통신부,science,2017-07-26,2026-09-24,title_form,"Vice minister title. Not a cabinet office, kr-hearings should not link it to spells.","kr-hearings-data v10 ministry_name_variants.csv (role vice_minister, 2239 turns, 2017-10-12..2024-12-27, terms 20,21,22, sources xlsx); offices.json OF058 (법률 제14839호; sources GOA_14839, GOA_21065_a, GOA_21065_b)",,
과학기술정보통신부제2차관,과학기술정보통신부,science,2017-07-26,2026-09-24,title_form,"Vice minister title. Not a cabinet office, kr-hearings should not link it to spells.","kr-hearings-data v10 ministry_name_variants.csv (role vice_minister, 2300 turns, 2017-10-12..2025-02-25, terms 20,21,22, sources xlsx,xml); offices.json OF058 (법률 제14839호; sources GOA_14839, GOA_21065_a, GOA_21065_b)",,
부총리 겸 과학기술정보통신부장관,과학기술정보통신부,science,2025-10-01,2026-09-24,deputy_pm_prefix,Official deputy PM title. OF058 행정각부 (장관은 국무위원으로 보한다).,"offices.json OF058 (법률 제14839호; sources GOA_14839, GOA_21065_a, GOA_21065_b)",,
부총리겸과학기술정보통신부장관,과학기술정보통신부,science,2025-10-01,2026-09-24,deputy_pm_prefix,Deputy PM title without spaces. OF058 행정각부 (장관은 국무위원으로 보한다). Deputy PM title. Deputy PM period (부총리 겸 과학기술정보통신부장관).,"offices.json OF058 (법률 제14839호; sources GOA_14839, GOA_21065_a, GOA_21065_b) | kr-hearings-data v10 ministry_name_variants.csv (role minister, 3 turns, 2026-08-26..2026-08-26, terms 22, sources xml); offices.json OF058 (법률 제14839호; sources GOA_14839, GOA_21065_a, GOA_21065_b)",,
과기처,과학기술처,science,1998-02-25,1998-02-27,ambiguous_short,"Short form of 과학기술처 (OF005), the office the abbreviation names. Speakers call the later ministry the former 과기처, for example '과기부가 과기처를 모태로 해서 탄생된 부처입니다' and '과기처가 과기부로 된 것이 98년입니까?' (류근찬 위원, v9 meeting 34238, 2006-02-15) and '과기부가 옛날에 과기처였습니다' (김형오 위원, v9 meeting 31659, 2003-10-07). The same string also denotes OF027 in later periods, resolve by date. Added by the alias check.","offices.json OF005 (법률 제5153호; sources GOA_5153, GOA_5529) | kr-hearings-data v9 all_speeches speech_text, meetings 34238 and 31659 (sample in interface/work/alias_check_samples.json) | Alias check 2026-09-26 (interface/alias_check.md)",,
과기처장관,과학기술처,science,1998-02-25,1998-02-27,ambiguous_short,"Short form of 과학기술처 (OF005), the office the abbreviation names. Speakers call the later ministry the former 과기처, for example '과기부가 과기처를 모태로 해서 탄생된 부처입니다' and '과기처가 과기부로 된 것이 98년입니까?' (류근찬 위원, v9 meeting 34238, 2006-02-15) and '과기부가 옛날에 과기처였습니다' (김형오 위원, v9 meeting 31659, 2003-10-07). The same string also denotes OF027 in later periods, resolve by date. Added by the alias check.","offices.json OF005 (법률 제5153호; sources GOA_5153, GOA_5529) | kr-hearings-data v9 all_speeches speech_text, meetings 34238 and 31659 (sample in interface/work/alias_check_samples.json) | Alias check 2026-09-26 (interface/alias_check.md)",,
과학기술처,과학기술처,science,1998-02-25,1998-02-27,official,Official name. OF005 처 (국무총리 소속).,"offices.json OF005 (법률 제5153호; sources GOA_5153, GOA_5529)",,
과학기술처장관,과학기술처,science,1998-02-25,1998-02-27,official,Official head title. OF005 처 (국무총리 소속).,"offices.json OF005 (법률 제5153호; sources GOA_5153, GOA_5529)",,
미래부,미래창조과학부,science,2013-03-23,2017-07-25,short,Short form of 미래창조과학부.,"kr-hearings-data v9 all_speeches speech_text: 6989 occurrences of '미래부' in the legal period of 미래창조과학부 (OF047); first example 2013-04-10 meeting 42640 speaker '김세연 위원': ""있기 때문에 아마 걸리지 않는 부처가 없을 겁니다. 농림부, 국방부부터 또 산업 현장을 다루는 산자부나 또 미래부…… (발언시간 초과로 마이크 중단) 마무리하겠습니다. 그래서 사실상 이런 전 부처에 공통적으로 해당되"" (scan rule and counts in interface/work/short_form_attestation.json); offices.json OF047 (법률 제11690호 (전부개정); sources GOA_11690, GOA_14839)",,
미래부장관,미래창조과학부,science,2013-03-23,2017-07-25,short,Short form of 미래창조과학부.,"kr-hearings-data v9 all_speeches speech_text: 6989 occurrences of '미래부' in the legal period of 미래창조과학부 (OF047); first example 2013-04-10 meeting 42640 speaker '김세연 위원': ""있기 때문에 아마 걸리지 않는 부처가 없을 겁니다. 농림부, 국방부부터 또 산업 현장을 다루는 산자부나 또 미래부…… (발언시간 초과로 마이크 중단) 마무리하겠습니다. 그래서 사실상 이런 전 부처에 공통적으로 해당되"" (scan rule and counts in interface/work/short_form_attestation.json); offices.json OF047 (법률 제11690호 (전부개정); sources GOA_11690, GOA_14839)",,
미래창조과학부,미래창조과학부,science,2013-03-23,2017-07-25,official,Official name. OF047 행정각부 (장관은 국무위원으로 보한다).,"offices.json OF047 (법률 제11690호 (전부개정); sources GOA_11690, GOA_14839)",,
미래창조과학부장관,미래창조과학부,science,2013-03-23,2017-07-25,official,Official head title. OF047 행정각부 (장관은 국무위원으로 보한다).,"offices.json OF047 (법률 제11690호 (전부개정); sources GOA_11690, GOA_14839) | kr-hearings-data v10 ministry_name_variants.csv (role minister, 8646 turns, 2013-04-22..2017-07-18, terms 19,20, sources xlsx,xml); offices.json OF047 (법률 제11690호 (전부개정); sources GOA_11690, GOA_14839)",,
미래창조과학부장관후보자,미래창조과학부,science,2013-02-17,2013-03-22,title_form,"Nominee title before the office took legal effect on 2013-03-23 (N0421 김종훈 nominated 2013-02-17, hearing none. N0423 최문기 nominated 2013-03-14, hearing 2013-04-01). Links to nominations.csv, not to spells.","nominations.csv N0421, N0423 (build sha256 cefbc92eeca056d8); offices.json OF047 (법률 제11690호 (전부개정); sources GOA_11690, GOA_14839)",,
미래창조과학부장관후보자,미래창조과학부,science,2013-03-23,2017-07-25,title_form,"Nominee title. Links to nominations.csv, not to spells.","kr-hearings-data v10 ministry_name_variants.csv (role minister_nominee, 2355 turns, 2013-04-01..2017-07-04, terms 19,20, sources xlsx); offices.json OF047 (법률 제11690호 (전부개정); sources GOA_11690, GOA_14839)",,
미래창조과학부제1차관,미래창조과학부,science,2013-03-23,2017-07-25,title_form,"Vice minister title. Not a cabinet office, kr-hearings should not link it to spells.","kr-hearings-data v10 ministry_name_variants.csv (role vice_minister, 1279 turns, 2013-06-18..2016-12-20, terms 19,20, sources xlsx,xml); offices.json OF047 (법률 제11690호 (전부개정); sources GOA_11690, GOA_14839)",,
미래창조과학부제2차관,미래창조과학부,science,2013-03-23,2017-07-25,title_form,"Vice minister title. Not a cabinet office, kr-hearings should not link it to spells.","kr-hearings-data v10 ministry_name_variants.csv (role vice_minister, 689 turns, 2013-05-03..2016-11-09, terms 19,20, sources xlsx,xml); offices.json OF047 (법률 제11690호 (전부개정); sources GOA_11690, GOA_14839)",,
중기부,중소벤처기업부,sme,2017-07-26,2026-09-24,short,Short form of 중소벤처기업부.,"kr-hearings-data v9 all_speeches speech_text: 9564 occurrences of '중기부' in the legal period of 중소벤처기업부 (OF059); first example 2017-11-07 meeting 47625 speaker '과학기술정보통신부장관 유영민': ""고 연결을 해서 가겠다는 그런 의미이고요. 그다음에 과기형 창업선도대학 건은 저희 과기정통부하고 교육부하고 중기부하고 역할이 나눠져 있습니다. 이를테면 교육부는 창업 교과 과정하고 제도개선 이것을 담당하고, 그다음 "" (scan rule and counts in interface/work/short_form_attestation.json); offices.json OF059 (법률 제14839호; sources GOA_14839, GOA_21065_b)",,
중기부장관,중소벤처기업부,sme,2017-07-26,2026-09-24,short,Short form of 중소벤처기업부.,"kr-hearings-data v9 all_speeches speech_text: 9564 occurrences of '중기부' in the legal period of 중소벤처기업부 (OF059); first example 2017-11-07 meeting 47625 speaker '과학기술정보통신부장관 유영민': ""고 연결을 해서 가겠다는 그런 의미이고요. 그다음에 과기형 창업선도대학 건은 저희 과기정통부하고 교육부하고 중기부하고 역할이 나눠져 있습니다. 이를테면 교육부는 창업 교과 과정하고 제도개선 이것을 담당하고, 그다음 "" (scan rule and counts in interface/work/short_form_attestation.json); offices.json OF059 (법률 제14839호; sources GOA_14839, GOA_21065_b)",,
중소벤처기업부,중소벤처기업부,sme,2017-07-26,2026-09-24,official,Official name. OF059 행정각부 (장관은 국무위원으로 보한다).,"offices.json OF059 (법률 제14839호; sources GOA_14839, GOA_21065_b)",,
중소벤처기업부장관,중소벤처기업부,sme,2017-07-26,2026-09-24,official,Official head title. OF059 행정각부 (장관은 국무위원으로 보한다).,"offices.json OF059 (법률 제14839호; sources GOA_14839, GOA_21065_b) | kr-hearings-data v10 ministry_name_variants.csv (role minister, 10275 turns, 2017-11-24..2026-04-06, terms 20,21,22, sources xlsx,xml); offices.json OF059 (법률 제14839호; sources GOA_14839, GOA_21065_b)",,
중소벤처기업부장관직무대리,중소벤처기업부,sme,2017-07-26,2026-09-24,acting_form,"Acting head. kr-hearings never links acting heads to spells, normalization only.","kr-hearings-data v10 ministry_name_variants.csv (role minister_acting, 1120 turns, 2017-08-22..2025-09-17, terms 20,21,22, sources xlsx,xml); offices.json OF059 (법률 제14839호; sources GOA_14839, GOA_21065_b)",,
중소벤처기업부장관직무대행,중소벤처기업부,sme,2017-07-26,2026-09-24,acting_form,"Acting head. kr-hearings never links acting heads to spells, normalization only.","kr-hearings-data v10 ministry_name_variants.csv (role minister_acting, 4 turns, 2026-08-26..2026-08-26, terms 22, sources xml); offices.json OF059 (법률 제14839호; sources GOA_14839, GOA_21065_b)",,
중소벤처기업부장관후보자,중소벤처기업부,sme,2017-07-26,2026-09-24,title_form,"Nominee title. Links to nominations.csv, not to spells.","kr-hearings-data v10 ministry_name_variants.csv (role minister_nominee, 3721 turns, 2017-09-11..2023-12-21, terms 20,21, sources xlsx); offices.json OF059 (법률 제14839호; sources GOA_14839, GOA_21065_b)",,
중소벤처기업부차관,중소벤처기업부,sme,2017-07-26,2026-09-24,title_form,"Vice minister title. Not a cabinet office, kr-hearings should not link it to spells.","kr-hearings-data v10 ministry_name_variants.csv (role vice_minister, 692 turns, 2017-11-09..2024-10-25, terms 20,21,22, sources xlsx,xml); offices.json OF059 (법률 제14839호; sources GOA_14839, GOA_21065_b)",,
정무장관(제1),정무장관(제1),special,1998-02-25,1998-02-27,official,Official head title. OF007 정무장관 (원·부·처의 장관이 아닌 국무위원).,"offices.json OF007 (법률 제5153호; sources GOA_5153, DEC_15462, GOA_5529, DEC_15715)",,
정무장관(제2),정무장관(제2),gender,1998-02-25,1998-02-27,official,"Official head title. OF008 정무장관 (원·부·처의 장관이 아닌 국무위원). Lineage follows the roster. offices_1988.json lists '정무장관(제2) -> gender' in ministry_to_lineage_overrides (offices_json_conflicts: offices.json gives special), build_panel.py applies it, and every 정무장관(제2) spell in build/out/spells.csv (sha256 c4a6bef303e97528) has lineage gender. With lineage special the row joined the holder of another office on 1998-02-25..1998-02-27. Changed by the alias check (round 2).","offices.json OF008 (법률 제5153호; sources GOA_5153, DEC_15462, GOA_5529, DEC_15715) | offices_1988.json ministry_to_lineage_overrides; build/out/spells.csv | Alias check round 2, 2026-09-26 (interface/alias_check.md)",,
특임장관,특임장관,special,2008-02-29,2013-03-22,official,"Official head title. OF043 특임장관 (대통령이 특별히 지정하는 사무를 수행하는 국무위원, 둘 수 있다). Office title.","offices.json OF043 (법률 제8852호 (전부개정); sources GOA_8852, GOA_11690) | kr-hearings-data v10 ministry_name_variants.csv (role minister, 1730 turns, 2009-09-29..2012-11-05, terms 18,19, sources hwp,xlsx); offices.json OF043 (법률 제8852호 (전부개정); sources GOA_8852, GOA_11690)",,
특임장관실차관,특임장관,special,2008-02-29,2013-03-22,title_form,"Vice minister of the 특임장관실. Vice minister title. Not a cabinet office, kr-hearings should not link it to spells.","kr-hearings-data v10 ministry_name_variants.csv (role vice_minister, 5 turns, 2010-09-29..2011-12-02, terms 18, sources hwp); offices.json OF043 (법률 제8852호 (전부개정); sources GOA_8852, GOA_11690)",,
특임장관직무대행,특임장관,special,2008-02-29,2013-03-22,acting_form,"Acting head. Not a spell. Acting head. kr-hearings never links acting heads to spells, normalization only.","kr-hearings-data v10 ministry_name_variants.csv (role minister_acting, 177 turns, 2011-10-10..2011-12-22, terms 18, sources hwp,xlsx); offices.json OF043 (법률 제8852호 (전부개정); sources GOA_8852, GOA_11690)",,
특임장관후보자,특임장관,special,2008-02-29,2013-03-22,title_form,"Nominee title. Nominee title. Links to nominations.csv, not to spells.","kr-hearings-data v10 ministry_name_variants.csv (role minister_nominee, 2676 turns, 2009-09-15..2012-02-14, terms 18, sources hwp,xlsx); offices.json OF043 (법률 제8852호 (전부개정); sources GOA_8852, GOA_11690)",,
특임차관,특임장관,special,2008-02-29,2013-03-22,title_form,"Vice minister (특임장관실 차관). Vice minister title. Not a cabinet office, kr-hearings should not link it to spells.","kr-hearings-data v10 ministry_name_variants.csv (role vice_minister, 294 turns, 2009-11-12..2012-10-25, terms 18,19, sources hwp,xlsx); offices.json OF043 (법률 제8852호 (전부개정); sources GOA_8852, GOA_11690)",,
統一部次官,통일부,unification,1998-02-28,2026-09-24,title_form,"Hanja form of 통일부차관. Vice minister title. Not a cabinet office, kr-hearings should not link it to spells.","kr-hearings-data v10 ministry_name_variants.csv (role vice_minister, 862 turns, 2000-06-20..2003-12-26, terms 16, sources xml); offices.json OF024 (법률 제5529호 (전부개정); sources GOA_5529, GOA_8852, GOA_11690, GOA_21065_b)",,
統一部長官,통일부,unification,1998-02-28,2026-09-24,hanja,Hanja form of 통일부장관.,"kr-hearings-data v10 ministry_name_variants.csv (role minister, 5680 turns, 2000-06-19..2004-04-27, terms 16, sources xml); offices.json OF024 (법률 제5529호 (전부개정); sources GOA_5529, GOA_8852, GOA_11690, GOA_21065_b)",,
統一院長官,통일부,unification,1998-02-28,2026-09-24,ambiguous_short,"Defunct name 統一院 used for 통일부. Speaker 朴在圭, then 통일부장관, on 2000-12-04 (v10 xml conf 23991 turn 302). Alias check round 2. 統一院長官 is the correctly written hanja head title of 통일원 (OF003), used here for its successor 통일부, the case the README types ambiguous_short (an official name used loosely for its successor). Its hangul twin 통일원장관 is typed ambiguous_short in this table. It is not a misspelling, so the type is not typo.","kr-hearings-data v10 ministry_name_variants.csv (role minister, 1 turns, 2000-12-04..2000-12-04, terms 16, sources xml); offices.json OF024 (법률 제5529호 (전부개정); sources GOA_5529, GOA_8852, GOA_11690, GOA_21065_b) | Alias check round 2, 2026-09-26 (interface/alias_check.md)",,
통일부,통일부,unification,1998-02-28,2026-09-24,official,Official name. OF024 행정각부 (장관은 국무위원으로 보한다).,"offices.json OF024 (법률 제5529호 (전부개정); sources GOA_5529, GOA_8852, GOA_11690, GOA_21065_b)",,
통일부장관,통일부,unification,1998-02-28,2026-09-24,official,Official head title. OF024 행정각부 (장관은 국무위원으로 보한다).,"offices.json OF024 (법률 제5529호 (전부개정); sources GOA_5529, GOA_8852, GOA_11690, GOA_21065_b) | kr-hearings-data v10 ministry_name_variants.csv (role minister, 63932 turns, 2000-06-20..2026-09-10, terms 16,17,18,19,20,21,22, sources hwp,xlsx,xml); offices.json OF024 (법률 제5529호 (전부개정); sources GOA_5529, GOA_8852, GOA_11690, GOA_21065_b)",,
통일부장관정동영,통일부,unification,1998-02-28,2026-09-24,title_form,Person name 정동영 fused to the title.,"kr-hearings-data v10 ministry_name_variants.csv (role minister, 2 turns, 2005-02-21..2005-02-21, terms 17, sources xml); offices.json OF024 (법률 제5529호 (전부개정); sources GOA_5529, GOA_8852, GOA_11690, GOA_21065_b)",,
통일부장관직무대리,통일부,unification,1998-02-28,2026-09-24,acting_form,"Acting head. kr-hearings never links acting heads to spells, normalization only.","kr-hearings-data v10 ministry_name_variants.csv (role minister_acting, 2 turns, 2020-07-22..2020-07-22, terms 21, sources xml); offices.json OF024 (법률 제5529호 (전부개정); sources GOA_5529, GOA_8852, GOA_11690, GOA_21065_b)",,
통일부장관후보자,통일부,unification,1998-02-28,2026-09-24,title_form,"Nominee title. Links to nominations.csv, not to spells.","kr-hearings-data v10 ministry_name_variants.csv (role minister_nominee, 8291 turns, 2006-02-06..2023-07-21, terms 17,18,19,20,21, sources hwp,xlsx,xml); offices.json OF024 (법률 제5529호 (전부개정); sources GOA_5529, GOA_8852, GOA_11690, GOA_21065_b)",,
통일부차관,통일부,unification,1998-02-28,2026-09-24,title_form,"Vice minister title. Not a cabinet office, kr-hearings should not link it to spells.","kr-hearings-data v10 ministry_name_variants.csv (role vice_minister, 5489 turns, 2000-06-20..2024-12-16, terms 16,17,18,19,20,21,22, sources hwp,xlsx,xml); offices.json OF024 (법률 제5529호 (전부개정); sources GOA_5529, GOA_8852, GOA_11690, GOA_21065_b)",,
통일원,통일부,unification,1998-02-28,2026-09-24,ambiguous_short,"Short form of 통일부. 통일원 is the name of the office before 1998-02-28 (OF003). Later uses are legacy references to 통일부. The same string also denotes OF003 in other periods, resolve by date.","kr-hearings-data v9 all_speeches speech_text: 236 occurrences of '통일원' in the legal period of 통일부 (OF024); first example 2001-06-14 meeting 28780 speaker '박세환 위원': ""대해서 장관의 견해가 어떤지에 대해서 말씀해 주시기 바랍니다. 다음에는 지난번 대정부질문에서 국방부장관이나 통일원장관 답변에서 영해법 6조, 정선에 관한 규정입니다. ‘외국선박이 제5조의 규정을 위반한 혐의가 있다고"" (scan rule and counts in interface/work/short_form_attestation.json); offices.json OF024 (법률 제5529호 (전부개정); sources GOA_5529, GOA_8852, GOA_11690, GOA_21065_b)",,
통일원장관,통일부,unification,1998-02-28,2026-09-24,ambiguous_short,"Short form of 통일부. 통일원 is the name of the office before 1998-02-28 (OF003). Later uses are legacy references to 통일부. The same string also denotes OF003 in other periods, resolve by date.","kr-hearings-data v9 all_speeches speech_text: 236 occurrences of '통일원' in the legal period of 통일부 (OF024); first example 2001-06-14 meeting 28780 speaker '박세환 위원': ""대해서 장관의 견해가 어떤지에 대해서 말씀해 주시기 바랍니다. 다음에는 지난번 대정부질문에서 국방부장관이나 통일원장관 답변에서 영해법 6조, 정선에 관한 규정입니다. ‘외국선박이 제5조의 규정을 위반한 혐의가 있다고"" (scan rule and counts in interface/work/short_form_attestation.json); offices.json OF024 (법률 제5529호 (전부개정); sources GOA_5529, GOA_8852, GOA_11690, GOA_21065_b)",,
統一院長官,통일원,unification,1998-02-25,1998-02-27,hanja,"Literal reading, 통일원장관 (office OF003 while it existed).","kr-hearings-data v10 ministry_name_variants.csv (role minister, 1 turns, 2000-12-04..2000-12-04, terms 16, sources xml); offices.json OF003 (법률 제5153호; sources GOA_5153, GOA_5529)",,
부총리 겸 통일원장관,통일원,unification,1998-02-25,1998-02-27,deputy_pm_prefix,Official deputy PM title. OF003 원 (국무총리 소속).,"offices.json OF003 (법률 제5153호; sources GOA_5153, GOA_5529)",,
부총리겸통일원장관,통일원,unification,1998-02-25,1998-02-27,deputy_pm_prefix,Deputy PM title without spaces. OF003 원 (국무총리 소속).,"offices.json OF003 (법률 제5153호; sources GOA_5153, GOA_5529)",,
통일원,통일원,unification,1998-02-25,1998-02-27,official,Official name. OF003 원 (국무총리 소속).,"offices.json OF003 (법률 제5153호; sources GOA_5153, GOA_5529)",,
통일원장관,통일원,unification,1998-02-25,1998-02-27,official,Official head title. OF003 원 (국무총리 소속).,"offices.json OF003 (법률 제5153호; sources GOA_5153, GOA_5529)",,
국가보훈부,국가보훈부,veterans,2023-06-05,2026-09-24,official,Official name. OF060 행정각부 (장관은 국무위원으로 보한다).,"offices.json OF060 (법률 제19228호; sources GOA_19228, GOA_21065_b)",,
국가보훈부장관,국가보훈부,veterans,2023-06-05,2026-09-24,official,Official head title. OF060 행정각부 (장관은 국무위원으로 보한다).,"offices.json OF060 (법률 제19228호; sources GOA_19228, GOA_21065_b) | kr-hearings-data v10 ministry_name_variants.csv (role minister, 1872 turns, 2023-06-14..2026-09-14, terms 21,22, sources xlsx,xml); offices.json OF060 (법률 제19228호; sources GOA_19228, GOA_21065_b)",,
국가보훈부장관후보자,국가보훈부,veterans,2023-05-09,2023-06-04,title_form,"Nominee title before the office took legal effect on 2023-06-05 (N0542 박민식 nominated 2023-05-09, hearing 2023-05-22). Links to nominations.csv, not to spells.","nominations.csv N0542 (build sha256 cefbc92eeca056d8); offices.json OF060 (법률 제19228호; sources GOA_19228, GOA_21065_b)",,
국가보훈부장관후보자,국가보훈부,veterans,2023-06-05,2026-09-24,title_form,"Nominee title. Links to nominations.csv, not to spells.","kr-hearings-data v10 ministry_name_variants.csv (role minister_nominee, 1191 turns, 2023-05-22..2023-12-21, terms 21, sources xlsx); offices.json OF060 (법률 제19228호; sources GOA_19228, GOA_21065_b)",,
국가보훈부차관,국가보훈부,veterans,2023-06-05,2026-09-24,title_form,"Vice minister title. Not a cabinet office, kr-hearings should not link it to spells.","kr-hearings-data v10 ministry_name_variants.csv (role vice_minister, 114 turns, 2023-09-06..2024-10-22, terms 21,22, sources xlsx); offices.json OF060 (법률 제19228호; sources GOA_19228, GOA_21065_b)",,
보훈부,국가보훈부,veterans,2023-06-05,2026-09-24,short,Short form of 국가보훈부.,"kr-hearings-data v9 all_speeches speech_text: 1893 occurrences of '보훈부' in the legal period of 국가보훈부 (OF060); first example 2023-06-15 meeting 052987 speaker '윤창현 위원': "" 보는데. 보니까 배우자한테 100%를 드린다 할 때 연평균 한 1238억, 그래서 이게 좀 힘들다 그러면 보훈부로 승격도 됐으니, 공무원연금 같은 경우에는 유족연금의 한 50% 되지 않습니까? 거기에 준해서 그동안"" (scan rule and counts in interface/work/short_form_attestation.json); offices.json OF060 (법률 제19228호; sources GOA_19228, GOA_21065_b)",,
보훈부장관,국가보훈부,veterans,2023-06-05,2026-09-24,short,Short form of 국가보훈부.,"kr-hearings-data v9 all_speeches speech_text: 1893 occurrences of '보훈부' in the legal period of 국가보훈부 (OF060); first example 2023-06-15 meeting 052987 speaker '윤창현 위원': "" 보는데. 보니까 배우자한테 100%를 드린다 할 때 연평균 한 1238억, 그래서 이게 좀 힘들다 그러면 보훈부로 승격도 됐으니, 공무원연금 같은 경우에는 유족연금의 한 50% 되지 않습니까? 거기에 준해서 그동안"" (scan rule and counts in interface/work/short_form_attestation.json); offices.json OF060 (법률 제19228호; sources GOA_19228, GOA_21065_b)",,
국가안보실장겸국방부장관,국방부,defense,2024-09-05,2024-09-05,title_form,"Person- and date-scoped. Printed in the minutes for 신원식, who held 국방부 (2023-10-07..2024-09-06) on these dates. Meetings 52562. Reported by kr-hearings v10 rc1 check (misses.csv).",kr-hearings-data v10 interim/external/minister_data_v2.0.0-rc1_check/misses.csv; spell verified in minister-data spells.csv,P2b9edfac,P2b9edfac-defense-1
행정안전부장관,안전행정부,interior,2014-07-24,2014-07-24,printed_anachronism,"Person- and date-scoped. Printed in the minutes for 정종섭, who held 안전행정부 (2014-07-16..2014-11-18) on these dates. Meetings 38570. Reported by kr-hearings v10 rc1 check (misses.csv).",kr-hearings-data v10 interim/external/minister_data_v2.0.0-rc1_check/misses.csv; spell verified in minister-data spells.csv,P42af3e2e,P42af3e2e-interior-1
건설교통부장관,국토해양부,land,2008-09-17,2008-09-17,printed_anachronism,"Person- and date-scoped. Printed in the minutes for 정종환, who held 국토해양부 (2008-02-29..2011-05-31) on these dates. Meetings 32105. Reported by kr-hearings v10 rc1 check (misses.csv).",kr-hearings-data v10 interim/external/minister_data_v2.0.0-rc1_check/misses.csv; spell verified in minister-data spells.csv,P631794e3,P631794e3-land-1
농림수산식품부장관,농림축산식품부,agriculture,2013-11-05,2015-10-30,printed_anachronism,"Person- and date-scoped. Printed in the minutes for 이동필, who held 농림축산식품부 (2013-03-23..2016-09-05) on these dates. Meetings 37572,39903. Reported by kr-hearings v10 rc1 check (misses.csv).",kr-hearings-data v10 interim/external/minister_data_v2.0.0-rc1_check/misses.csv; spell verified in minister-data spells.csv,P0b8a43c2,P0b8a43c2-agriculture-2
국토해양부장관,국토교통부,land,2014-11-10,2014-11-10,printed_anachronism,"Person- and date-scoped. Printed in the minutes for 서승환, who held 국토교통부 (2013-03-23..2015-03-13) on these dates. Meetings 38765. Reported by kr-hearings v10 rc1 check (misses.csv).",kr-hearings-data v10 interim/external/minister_data_v2.0.0-rc1_check/misses.csv; spell verified in minister-data spells.csv,P034eeb2c,P034eeb2c-land-2
보건복지부장관,보건복지가족부,health,2008-11-12,2008-11-21,printed_anachronism,"Person- and date-scoped. Printed in the minutes for 전재희, who held 보건복지가족부 (2008-08-06..2010-03-18) on these dates. Meetings 32247,32361. Reported by kr-hearings v10 rc1 check (misses.csv).",kr-hearings-data v10 interim/external/minister_data_v2.0.0-rc1_check/misses.csv; spell verified in minister-data spells.csv,P865f64bd,P865f64bd-health-1
산업자원부장관,산업통상자원부,industry,2014-02-14,2014-02-14,printed_anachronism,"Person- and date-scoped. Printed in the minutes for 윤상직, who held 산업통상자원부 (2013-03-23..2016-01-13) on these dates. Meetings 38143. Reported by kr-hearings v10 rc1 check (misses.csv).",kr-hearings-data v10 interim/external/minister_data_v2.0.0-rc1_check/misses.csv; spell verified in minister-data spells.csv,Pb9d9a133,Pb9d9a133-industry-2
산업통자원상부장관,산업통상자원부,industry,2014-03-31,2014-03-31,typo,"Person- and date-scoped. Printed in the minutes for 윤상직, who held 산업통상자원부 (2013-03-23..2016-01-13) on these dates. Meetings 38276. Reported by kr-hearings v10 rc1 check (misses.csv).",kr-hearings-data v10 interim/external/minister_data_v2.0.0-rc1_check/misses.csv; spell verified in minister-data spells.csv,Pb9d9a133,Pb9d9a133-industry-2
부총리겸재경제부장관,재정경제부,finance,2006-11-30,2006-11-30,typo,"Person- and date-scoped. Printed in the minutes for 권오규, who held 재정경제부 (2006-07-18..2008-02-28) on these dates. Meetings 30012. Reported by kr-hearings v10 rc1 check (misses.csv).",kr-hearings-data v10 interim/external/minister_data_v2.0.0-rc1_check/misses.csv; spell verified in minister-data spells.csv,P66bbfffa,P66bbfffa-finance-1
부총리경기획재정부장관,기획재정부,finance,2013-04-27,2013-04-27,typo,"Person- and date-scoped. Printed in the minutes for 현오석, who held 기획재정부 (2013-03-23..2014-07-15) on these dates. Meetings 37124. Reported by kr-hearings v10 rc1 check (misses.csv).",kr-hearings-data v10 interim/external/minister_data_v2.0.0-rc1_check/misses.csv; spell verified in minister-data spells.csv,P76b2e45e,P76b2e45e-finance-2
기후에너지환경부제2차관,기후에너지환경부,environment,2025-10-01,2026-09-24,title_form,"Vice-minister title, normalization only (not linked to cabinet spells). Observed 2025-10-14..2026-09-02, 1460 turns, role vice_minister. Maps to 기후에너지환경부 (2025-10-01..2026-09-24).",kr-hearings v10 full build ministry_name_variants_v10full.csv; office period from offices.json/offices_1988.json,,
중소벤처기업부제1차관,중소벤처기업부,sme,2017-07-26,2026-09-24,title_form,"Vice-minister title, normalization only (not linked to cabinet spells). Observed 2025-10-14..2026-09-04, 1022 turns, role vice_minister. Maps to 중소벤처기업부 (2017-07-26..2026-09-24).",kr-hearings v10 full build ministry_name_variants_v10full.csv; office period from offices.json/offices_1988.json,,
기후에너지환경부제1차관,기후에너지환경부,environment,2025-10-01,2026-09-24,title_form,"Vice-minister title, normalization only (not linked to cabinet spells). Observed 2025-11-07..2026-09-02, 716 turns, role vice_minister. Maps to 기후에너지환경부 (2025-10-01..2026-09-24).",kr-hearings v10 full build ministry_name_variants_v10full.csv; office period from offices.json/offices_1988.json,,
성평등가족부차관,성평등가족부,gender,2025-10-01,2026-09-24,title_form,"Vice-minister title, normalization only (not linked to cabinet spells). Observed 2025-11-04..2026-09-03, 593 turns, role vice_minister. Maps to 성평등가족부 (2025-10-01..2026-09-24).",kr-hearings v10 full build ministry_name_variants_v10full.csv; office period from offices.json/offices_1988.json,,
중소벤처기업부제2차관,중소벤처기업부,sme,2017-07-26,2026-09-24,title_form,"Vice-minister title, normalization only (not linked to cabinet spells). Observed 2025-11-18..2026-09-04, 264 turns, role vice_minister. Maps to 중소벤처기업부 (2017-07-26..2026-09-24).",kr-hearings v10 full build ministry_name_variants_v10full.csv; office period from offices.json/offices_1988.json,,
기획예산처장관직무대행,기획예산처,budget,2026-01-02,2026-09-24,acting_form,"Observed 2026-02-23..2026-02-23, 38 turns, role minister_acting. Maps to 기획예산처 (2026-01-02..2026-09-24).",kr-hearings v10 full build ministry_name_variants_v10full.csv; office period from offices.json/offices_1988.json,,
법무부차관직무대행,법무부,justice,1998-02-25,2026-09-24,acting_form,"Observed 2021-06-21..2021-06-22, 19 turns, role vice_minister. Maps to 법무부 (1998-02-25..2026-09-24).",kr-hearings v10 full build ministry_name_variants_v10full.csv; office period from offices.json/offices_1988.json,,
외교부1차관,외교부,foreign,2013-03-23,2026-09-24,title_form,"Vice-minister title, normalization only (not linked to cabinet spells). Observed 2013-07-12..2013-07-12, 12 turns, role vice_minister. Maps to 외교부 (2013-03-23..2026-09-24).",kr-hearings v10 full build ministry_name_variants_v10full.csv; office period from offices.json/offices_1988.json,,
문화체육관광부1차관,문화체육관광부,culture,2008-02-29,2026-09-24,title_form,"Vice-minister title, normalization only (not linked to cabinet spells). Observed 2013-12-19..2013-12-19, 9 turns, role vice_minister. Maps to 문화체육관광부 (2008-02-29..2026-09-24).",kr-hearings v10 full build ministry_name_variants_v10full.csv; office period from offices.json/offices_1988.json,,
산업통산자원부제1차관,산업통상자원부,industry,2013-03-23,2025-09-30,title_form,"Vice-minister title, normalization only (not linked to cabinet spells). Observed 2014-11-20..2014-11-20, 7 turns, role vice_minister. Maps to 산업통상자원부 (2013-03-23..2025-09-30).",kr-hearings v10 full build ministry_name_variants_v10full.csv; office period from offices.json/offices_1988.json,,
법무부차관직무대리,법무부,justice,1998-02-25,2026-09-24,acting_form,"Observed 2016-12-06..2016-12-06, 6 turns, role vice_minister. Maps to 법무부 (1998-02-25..2026-09-24).",kr-hearings v10 full build ministry_name_variants_v10full.csv; office period from offices.json/offices_1988.json,,
(전)환경부장관,,out_of_scope,2025-09-10,2025-09-10,out_of_scope,"Not an in-scope cabinet office on these dates (minister). Observed 2025-09-10..2025-09-10, 4 turns.",kr-hearings v10 full build ministry_name_variants_v10full.csv,,
안정행정부제1차관,안전행정부,interior,2013-03-23,2014-11-18,title_form,"Vice-minister title, normalization only (not linked to cabinet spells). Observed 2014-11-13..2014-11-13, 3 turns, role vice_minister. Maps to 안전행정부 (2013-03-23..2014-11-18).",kr-hearings v10 full build ministry_name_variants_v10full.csv; office period from offices.json/offices_1988.json,,
교육부제1차관,교육부,education,2013-03-23,2026-09-24,title_form,"Vice-minister title, normalization only (not linked to cabinet spells). Observed 2014-07-16..2014-07-16, 3 turns, role vice_minister. Maps to 교육부 (2013-03-23..2026-09-24).",kr-hearings v10 full build ministry_name_variants_v10full.csv; office period from offices.json/offices_1988.json,,
財政經濟部長,재정경제부,finance,1998-02-28,2008-02-28,hanja,"Observed 2000-06-21..2000-11-07, 3 turns, role minister. Maps to 재정경제부 (1998-02-28..2008-02-28).",kr-hearings v10 full build ministry_name_variants_v10full.csv; office period from offices.json/offices_1988.json,,
국무조정실제2차관,,out_of_scope,2014-04-28,2014-04-28,out_of_scope,"Not an in-scope cabinet office on these dates (vice_minister). Observed 2014-04-28..2014-04-28, 2 turns.",kr-hearings v10 full build ministry_name_variants_v10full.csv,,
안정행정부제2차관,안전행정부,interior,2013-03-23,2014-11-18,title_form,"Vice-minister title, normalization only (not linked to cabinet spells). Observed 2013-08-20..2013-12-10, 2 turns, role vice_minister. Maps to 안전행정부 (2013-03-23..2014-11-18).",kr-hearings v10 full build ministry_name_variants_v10full.csv; office period from offices.json/offices_1988.json,,
중소벤처기업부장관차관,중소벤처기업부,sme,2017-07-26,2026-09-24,title_form,"Vice-minister title, normalization only (not linked to cabinet spells). Observed 2017-11-14..2017-11-14, 2 turns, role vice_minister. Maps to 중소벤처기업부 (2017-07-26..2026-09-24).",kr-hearings v10 full build ministry_name_variants_v10full.csv; office period from offices.json/offices_1988.json,,
해양수산부장관직무대리,해양수산부,oceans,2013-03-23,2026-09-24,acting_form,"Observed 2023-11-10..2023-11-10, 2 turns, role minister_acting. Maps to 해양수산부 (2013-03-23..2026-09-24).",kr-hearings v10 full build ministry_name_variants_v10full.csv; office period from offices.json/offices_1988.json,,
과학기술정보통부제2차관,과학기술정보통신부,science,2017-07-26,2026-09-24,title_form,"Vice-minister title, normalization only (not linked to cabinet spells). Observed 2025-10-21..2025-10-21, 1 turns, role vice_minister. Maps to 과학기술정보통신부 (2017-07-26..2026-09-24).",kr-hearings v10 full build ministry_name_variants_v10full.csv; office period from offices.json/offices_1988.json,,
특임장관후보장,특임장관,special,2008-02-29,2013-03-22,typo,"Truncated or misprinted nominee title. Observed 2009-09-15..2009-09-15, 1 turns, role minister_nominee. Maps to 특임장관 (2008-02-29..2013-03-22).",kr-hearings v10 full build ministry_name_variants_v10full.csv; office period from offices.json/offices_1988.json,,
통일부장,통일부,unification,1998-02-28,2026-09-24,typo,"Observed 2013-10-04..2013-10-04, 1 turns, role minister. Maps to 통일부 (1998-02-28..2026-09-24).",kr-hearings v10 full build ministry_name_variants_v10full.csv; office period from offices.json/offices_1988.json,,
국교통부제1차관,국토교통부,land,2013-03-23,2026-09-24,title_form,"Vice-minister title, normalization only (not linked to cabinet spells). Observed 2014-04-15..2014-04-15, 1 turns, role vice_minister. Maps to 국토교통부 (2013-03-23..2026-09-24).",kr-hearings v10 full build ministry_name_variants_v10full.csv; office period from offices.json/offices_1988.json,,
지식경제부제2차간,지식경제부,industry,2008-02-29,2013-03-22,typo,"Observed 2011-08-18..2011-08-18, 1 turns, role vice_minister. Maps to 지식경제부 (2008-02-29..2013-03-22).",kr-hearings v10 full build ministry_name_variants_v10full.csv; office period from offices.json/offices_1988.json,,
행정안전부장관후보,행정안전부,interior,2008-02-29,2013-03-22,typo,"Truncated or misprinted nominee title. Observed 2009-02-19..2009-02-19, 1 turns, role minister_nominee. Maps to 행정안전부 (2008-02-29..2013-03-22).",kr-hearings v10 full build ministry_name_variants_v10full.csv; office period from offices.json/offices_1988.json,,
고용노동차관,고용노동부,labor,2010-07-05,2026-09-24,title_form,"Vice-minister title, normalization only (not linked to cabinet spells). Observed 2018-03-16..2018-03-16, 1 turns, role vice_minister. Maps to 고용노동부 (2010-07-05..2026-09-24).",kr-hearings v10 full build ministry_name_variants_v10full.csv; office period from offices.json/offices_1988.json,,
保健福祉部,보건복지부,health,1998-02-25,2008-02-28,hanja,"Observed 2003-11-11..2003-11-11, 1 turns, role minister. Maps to 보건복지부 (1998-02-25..2008-02-28).",kr-hearings v10 full build ministry_name_variants_v10full.csv; office period from offices.json/offices_1988.json,,
副總理兼敎育人的資源部長,교육인적자원부,education,2001-01-29,2008-02-28,hanja,"Observed 2001-02-19..2001-02-19, 1 turns, role minister. Maps to 교육인적자원부 (2001-01-29..2008-02-28).",kr-hearings v10 full build ministry_name_variants_v10full.csv; office period from offices.json/offices_1988.json,,
행정차지부차관,행정자치부,interior,2014-11-19,2017-07-25,title_form,"Vice-minister title, normalization only (not linked to cabinet spells). Observed 2014-12-08..2014-12-08, 1 turns, role vice_minister. Maps to 행정자치부 (2014-11-19..2017-07-25).",kr-hearings v10 full build ministry_name_variants_v10full.csv; office period from offices.json/offices_1988.json,,
행정자치부제2차,행정자치부,interior,1998-02-28,2008-02-28,typo,"Observed 2006-04-25..2006-04-25, 1 turns, role vice_minister. Maps to 행정자치부 (1998-02-28..2008-02-28).",kr-hearings v10 full build ministry_name_variants_v10full.csv; office period from offices.json/offices_1988.json,,
행정자치부2차관,행정자치부,interior,1998-02-28,2008-02-28,title_form,"Vice-minister title, normalization only (not linked to cabinet spells). Observed 2006-11-30..2006-11-30, 1 turns, role vice_minister. Maps to 행정자치부 (1998-02-28..2008-02-28).",kr-hearings v10 full build ministry_name_variants_v10full.csv; office period from offices.json/offices_1988.json,,
行政自治部長,행정자치부,interior,1998-02-28,2008-02-28,hanja,"Observed 2003-04-14..2003-04-14, 1 turns, role minister. Maps to 행정자치부 (1998-02-28..2008-02-28).",kr-hearings v10 full build ministry_name_variants_v10full.csv; office period from offices.json/offices_1988.json,,
행정안전부제2차,행정안전부,interior,2008-02-29,2013-03-22,typo,"Observed 2009-02-20..2009-02-20, 1 turns, role vice_minister. Maps to 행정안전부 (2008-02-29..2013-03-22).",kr-hearings v10 full build ministry_name_variants_v10full.csv; office period from offices.json/offices_1988.json,,
행정안전부제2관,행정안전부,interior,2008-02-29,2013-03-22,typo,"Observed 2009-04-25..2009-04-25, 1 turns, role vice_minister. Maps to 행정안전부 (2008-02-29..2013-03-22).",kr-hearings v10 full build ministry_name_variants_v10full.csv; office period from offices.json/offices_1988.json,,
지식경제부장관제2차관,지식경제부,industry,2008-02-29,2013-03-22,title_form,"Vice-minister title, normalization only (not linked to cabinet spells). Observed 2012-11-06..2012-11-06, 1 turns, role vice_minister. Maps to 지식경제부 (2008-02-29..2013-03-22).",kr-hearings v10 full build ministry_name_variants_v10full.csv; office period from offices.json/offices_1988.json,,
림축산식품부차관,농림축산식품부,agriculture,2013-03-23,2026-09-24,title_form,"Vice-minister title, normalization only (not linked to cabinet spells). Observed 2013-11-06..2013-11-06, 1 turns, role vice_minister. Maps to 농림축산식품부 (2013-03-23..2026-09-24).",kr-hearings v10 full build ministry_name_variants_v10full.csv; office period from offices.json/offices_1988.json,,
보건복지부제차관,보건복지부,health,2010-03-19,2026-09-24,title_form,"Vice-minister title, normalization only (not linked to cabinet spells). Observed 2020-11-05..2020-11-05, 1 turns, role vice_minister. Maps to 보건복지부 (2010-03-19..2026-09-24).",kr-hearings v10 full build ministry_name_variants_v10full.csv; office period from offices.json/offices_1988.json,,
보건복지차관,보건복지부,health,1998-02-25,2008-02-28,title_form,"Vice-minister title, normalization only (not linked to cabinet spells). Observed 2005-11-07..2005-11-07, 1 turns, role vice_minister. Maps to 보건복지부 (1998-02-25..2008-02-28).",kr-hearings v10 full build ministry_name_variants_v10full.csv; office period from offices.json/offices_1988.json,,
복지부차관,보건복지부,health,2010-03-19,2026-09-24,title_form,"Vice-minister title, normalization only (not linked to cabinet spells). Observed 2016-10-27..2016-10-27, 1 turns, role vice_minister. Maps to 보건복지부 (2010-03-19..2026-09-24).",kr-hearings v10 full build ministry_name_variants_v10full.csv; office period from offices.json/offices_1988.json,,
농립축산식품부차관,농림축산식품부,agriculture,2013-03-23,2026-09-24,title_form,"Vice-minister title, normalization only (not linked to cabinet spells). Observed 2013-05-03..2013-05-03, 1 turns, role vice_minister. Maps to 농림축산식품부 (2013-03-23..2026-09-24).",kr-hearings v10 full build ministry_name_variants_v10full.csv; office period from offices.json/offices_1988.json,,
국무총리후,국무총리,pm,1998-02-25,2026-09-24,typo,"Truncated or misprinted nominee title. Observed 2010-11-04..2010-11-04, 1 turns, role prime_minister. Maps to 국무총리 (1998-02-25..2026-09-24).",kr-hearings v10 full build ministry_name_variants_v10full.csv; office period from offices.json/offices_1988.json,,
국토해양부제2차곤,국토해양부,land,2008-02-29,2013-03-22,typo,"Observed 2011-11-17..2011-11-17, 1 turns, role vice_minister. Maps to 국토해양부 (2008-02-29..2013-03-22).",kr-hearings v10 full build ministry_name_variants_v10full.csv; office period from offices.json/offices_1988.json,,
재정경제부차원,재정경제부,finance,1998-02-28,2008-02-28,typo,"Observed 2004-12-27..2004-12-27, 1 turns, role vice_minister. Maps to 재정경제부 (1998-02-28..2008-02-28).",kr-hearings v10 full build ministry_name_variants_v10full.csv; office period from offices.json/offices_1988.json,,
기획재정부제1차,기획재정부,finance,2008-02-29,2026-01-01,typo,"Observed 2012-08-28..2012-08-28, 1 turns, role vice_minister. Maps to 기획재정부 (2008-02-29..2026-01-01).",kr-hearings v10 full build ministry_name_variants_v10full.csv; office period from offices.json/offices_1988.json,,
기획재정부차관제2차관,기획재정부,finance,2008-02-29,2026-01-01,title_form,"Vice-minister title, normalization only (not linked to cabinet spells). Observed 2014-08-21..2014-08-21, 1 turns, role vice_minister. Maps to 기획재정부 (2008-02-29..2026-01-01).",kr-hearings v10 full build ministry_name_variants_v10full.csv; office period from offices.json/offices_1988.json,,
문화체육관광부제1차,문화체육관광부,culture,2008-02-29,2026-09-24,typo,"Observed 2011-11-14..2011-11-14, 1 turns, role vice_minister. Maps to 문화체육관광부 (2008-02-29..2026-09-24).",kr-hearings v10 full build ministry_name_variants_v10full.csv; office period from offices.json/offices_1988.json,,
