term,name,name_hanja,birth_date,gender,party_at_election,district,election_type,seat_start,seat_end,exit_reason,entered_via,mona_cd,source,n_spells,spells,exit_detail,exit_reason_text,start_status,end_status,start_check,end_check,district_wiki,pr_list_party,pr_list_rank,party_at_seat_end_wiki,party_api_profile,wiki_article,in_kna_build,notes,same_name_other_person
12,이범준,李範俊,1928-05-30,남,민주정의당,"강원 강릉시,양양,명주군",지역구,1985-04-11,1988-05-29,term_end,general,BGO59248,NA-API 의원이력; NA-API ALLNAMEMBER; kowiki list oldid=40892103,1,,term_end,,term_start,term_end,,,강원도 강릉시·명주군·양양군,,,민주정의당,민주정의당,이범준 (1928년),,,False
12,이봉모,李奉模,1930-02-17,남,한국국민당,"강원 강릉시,양양,명주군",지역구,1985-04-11,1988-05-29,term_end,general,YDU6224G,NA-API 의원이력; NA-API ALLNAMEMBER; kowiki list oldid=40892103,1,,term_end,,term_start,term_end,,,강원도 강릉시·명주군·양양군,,,민주정의당,한국국민당,이봉모,,,False
12,김정남,金正男,1940-12-07,남,민주정의당,"강원 동해,태백시삼척군",지역구,1985-04-11,1988-05-29,term_end,general,ILT4823Z,NA-API 의원이력; NA-API ALLNAMEMBER; kowiki list oldid=40892103,1,,term_end,,term_start,term_end,,,강원도 동해시·태백시·삼척군,,,민주정의당,민주정의당,김정남 (1940년),,,False
12,김효영,金孝榮,1923-05-02,남,무소속,"강원 동해,태백시삼척군",지역구,1985-04-11,1988-05-29,term_end,general,Z7S33250,NA-API 의원이력; NA-API ALLNAMEMBER; kowiki list oldid=40892103,1,,term_end,,term_start,term_end,,,강원도 동해시·태백시·삼척군,,,신민주공화당,무소속,김효영 (1923년),,,False
12,정재철,鄭在哲,1928-02-25,남,민주정의당,"강원 속초시,양구,고성,인제군",지역구,1985-04-11,1988-05-29,term_end,general,KXY6183K,NA-API 의원이력; NA-API ALLNAMEMBER; kowiki list oldid=40892103,1,,term_end,,term_start,term_end,,,강원도 속초시·양구군·인제군·고성군,,,민주정의당,민주정의당,정재철,,,False
12,허경구,許景九,1942-09-28,남,민주한국당,"강원 속초시,양구,고성,인제군",지역구,1985-04-11,1988-05-29,term_end,general,3DB2976B,NA-API 의원이력; NA-API ALLNAMEMBER; kowiki list oldid=40892103,1,,term_end,,term_start,term_end,,,강원도 속초시·양구군·인제군·고성군,,,무소속,신한민주당,허경구,,,False
12,신민선,辛敏善,1939-12-15,남,한국국민당,"강원 영월,평창,정선군",지역구,1985-04-11,1988-05-29,term_end,general,W1R5785G,NA-API 의원이력; NA-API ALLNAMEMBER; kowiki list oldid=40892103,1,,term_end,,term_start,term_end,,,강원도 영월군·평창군·정선군,,,민주정의당,한국국민당,신민선,,,False
12,심명보,沈明輔,1935-02-03,남,민주정의당,"강원 영월,평창,정선군",지역구,1985-04-11,1988-05-29,term_end,general,HCN4630J,NA-API 의원이력; NA-API ALLNAMEMBER; kowiki list oldid=40892103,1,,term_end,,term_start,term_end,,,강원도 영월군·평창군·정선군,,,민주정의당,민주정의당,심명보,,,False
12,함종한,咸鍾漢,1944-01-08,남,한국국민당,"강원 원주시,홍천,횡성,원성군",지역구,1985-04-11,1988-05-29,term_end,general,2XE5489Z,NA-API 의원이력; NA-API ALLNAMEMBER; kowiki list oldid=40892103,1,,term_end,,term_start,term_end,,,강원도 원주시·원성군·홍천군·횡성군,,,민주정의당,한국국민당,함종한,,,False
12,김용대,金容大,1932-08-30,남,민주정의당,"강원 원주시,홍천,횡성,음성군",지역구,1985-04-11,1988-05-29,term_end,general,JJ58300G,NA-API 의원이력; NA-API ALLNAMEMBER; kowiki list oldid=40892103,1,,term_end,,term_start,term_end,,,강원도 원주시·원성군·홍천군·횡성군,,,민주정의당,민주정의당,김용대 (1932년),,,False
12,신철균,申喆均,1924-11-16,남,한국국민당,"강원 춘천시,춘성,철원,화천군",지역구,1985-04-11,1988-05-29,term_end,general,3UG9639E,NA-API 의원이력; NA-API ALLNAMEMBER; kowiki list oldid=40892103,1,,term_end,,term_start,term_end,,,강원도 춘천시·춘성군·철원군·화천군,,,신민주공화당,한국국민당,신철균 (1924년),,,False
12,이민섭,李敏燮,1939-02-28,남,민주정의당,"강원 춘천시,춘성,철원,화천군",지역구,1985-04-11,1988-05-29,term_end,general,2CS7325Y,NA-API 의원이력; NA-API ALLNAMEMBER; kowiki list oldid=40892103,1,,term_end,,term_start,term_end,,,강원도 춘천시·춘성군·철원군·화천군,,,민주정의당,민주정의당,이민섭,,,False
12,김영선,金永先,1932-05-10,남,민주정의당,"경기 남양주,양평군",지역구,1985-04-11,1988-05-29,term_end,general,KHO8835W,NA-API 의원이력; NA-API ALLNAMEMBER; kowiki list oldid=40892103,1,,term_end,,term_start,term_end,,,경기도 남양주군·양평군,,,민주정의당,민주정의당,김영선 (1932년),,,True
12,조병봉,趙炳鳳,1930-07-24,남,한국국민당,"경기 남양주,양평군",지역구,1985-04-11,1988-05-29,term_end,general,R5Q57932,NA-API 의원이력; NA-API ALLNAMEMBER; kowiki list oldid=40892103,1,,term_end,,term_start,term_end,,,경기도 남양주군·양평군,,,통일민주당,신한민주당,조병봉,,,False
12,박규식,朴珪植,1938-01-01,남,민주정의당,"경기 부천시,김포,강화군",지역구,1985-04-11,1988-05-29,term_end,general,6QF80715,NA-API 의원이력; NA-API ALLNAMEMBER; kowiki list oldid=40892103,1,,term_end,,term_start,term_end,,,경기도 부천시·김포군·강화군,,,무소속,민주정의당,박규식 (정치인),,,False
12,안동선,安東善,1935-10-05,남,신한민주당,"경기 부천시,김포,강화군",지역구,1985-04-11,1988-05-29,term_end,general,GVS3975B,NA-API 의원이력; NA-API ALLNAMEMBER; kowiki list oldid=40892103,1,,term_end,,term_start,term_end,,,경기도 부천시·김포군·강화군,,,평화민주당,신한민주당,안동선,,,False
12,오세응,吳世應,1933-04-18,남,민주정의당,"경기 성남시,광주군",지역구,1985-04-11,1988-05-29,term_end,general,UTL76680,NA-API 의원이력; NA-API ALLNAMEMBER; kowiki list oldid=40892103,1,,term_end,,term_start,term_end,,,경기도 성남시·광주군,,,민주정의당,민주정의당,오세응,,,False
12,이대엽,李大燁,1935-05-10,남,한국국민당,"경기 성남시,광주군",지역구,1985-04-11,1988-05-29,term_end,general,WJK18305,NA-API 의원이력; NA-API ALLNAMEMBER; kowiki list oldid=40892103,1,,term_end,,term_start,term_end,,,경기도 성남시·광주군,,,신민주공화당,한국국민당,이대엽,,,False
12,유치송,柳致松,1924-10-07,남,민주한국당,"경기 송탄시,평택,안성군",지역구,1985-04-11,1988-05-29,term_end,general,1OF99975,NA-API 의원이력; NA-API ALLNAMEMBER; kowiki list oldid=40892103,1,,term_end,,term_start,term_end,,,경기도 송탄시·평택군·안성군,,,무소속,민주한국당,유치송,,,False
12,이자헌,李慈憲,1935-04-14,남,민주정의당,"경기 송탄시,평택,안성군",지역구,1985-04-11,1988-05-29,term_end,general,A5I4284G,NA-API 의원이력; NA-API ALLNAMEMBER; kowiki list oldid=40892103,1,,term_end,,term_start,term_end,,,경기도 송탄시·평택군·안성군,,,민주정의당,민주정의당,이자헌,,,False
12,박왕식,朴旺植,1938-12-21,남,신한민주당,"경기 수원시,화성군",지역구,1985-04-11,1988-05-29,term_end,general,2A57735U,NA-API 의원이력; NA-API ALLNAMEMBER; kowiki list oldid=40892103,1,,term_end,,term_start,term_end,,,경기도 수원시·화성군,,,통일민주당,신한민주당,박왕식,,,False
12,이병직,李秉稷,1920-07-10,남,민주정의당,"경기 수원시,화성군",지역구,1985-04-11,1988-05-29,term_end,general,YTC37814,NA-API 의원이력; NA-API ALLNAMEMBER; kowiki list oldid=40892103,1,,term_end,,term_start,term_end,,,경기도 수원시·화성군,,,민주정의당,민주정의당,이병직,,,False
12,윤국노,尹國老,1936-05-06,남,민주정의당,"경기 안양,광명시,시흥,옹진군",지역구,1985-04-11,1986-12-09,died,general,RNO53129,NA-API 의원이력; NA-API ALLNAMEMBER; kowiki list oldid=40892103; kowiki 의석변동 oldid=40637230,1,,died,사망 / 사망,term_start,confirmed,,wikilist+wikiseat,경기도 안양시·광명시·시흥군·옹진군,,,민주정의당,민주정의당,윤국노,,,False
12,이택돈,李宅敦,1935-01-27,남,신한민주당,"경기 안양,광명시,시흥,옹진군",지역구,1985-04-11,1988-05-29,term_end,general,M4560586,NA-API 의원이력; NA-API ALLNAMEMBER; kowiki list oldid=40892103,1,,term_end,,term_start,term_end,,,경기도 안양시·광명시·시흥군·옹진군,,,무소속,신한민주당,이택돈,,,False
12,정동성,鄭東星,1939-07-08,남,민주정의당,"경기 여주,이천,용인",지역구,1985-04-11,1988-05-29,term_end,general,VFP5558B,NA-API 의원이력; NA-API ALLNAMEMBER; kowiki list oldid=40892103,1,,term_end,,term_start,term_end,,,경기도 여주군·이천군·용인군,,,민주정의당,민주정의당,정동성,,,False
12,조종익,趙鍾益,1935-12-02,남,민주한국당,"경기 여주,이천,용인군",지역구,1985-04-11,1988-05-29,term_end,general,3I46967H,NA-API 의원이력; NA-API ALLNAMEMBER; kowiki list oldid=40892103,1,,term_end,,term_start,term_end,,,경기도 여주군·이천군·용인군,,,통일민주당,신한민주당,조종익,,,False
12,김용채,金鎔采,1932-10-05,남,한국국민당,"경기 연천,포천,가평군",지역구,1985-04-11,1988-05-29,term_end,general,HT966869,NA-API 의원이력; NA-API ALLNAMEMBER; kowiki list oldid=40892103,1,,term_end,,term_start,term_end,,,경기도 연천군·포천군·가평군,,,신민주공화당,한국국민당,김용채,,,False
12,이한동,李漢東,1934-12-05,남,민주정의당,"경기 연천,포천,가평군",지역구,1985-04-11,1988-05-29,term_end,general,NUX49887,NA-API 의원이력; NA-API ALLNAMEMBER; kowiki list oldid=40892103,1,,term_end,,term_start,term_end,,,경기도 연천군·포천군·가평군,,,민주정의당,민주정의당,이한동,,,False
12,김형광,金炯光,1935-05-12,남,신한민주당,"경기 의정부,동두천시,양주군",지역구,1985-04-11,1988-05-29,term_end,general,C7A6967V,NA-API 의원이력; NA-API ALLNAMEMBER; kowiki list oldid=40892103,1,,term_end,,term_start,term_end,,,경기도 의정부시·동두천시·양주군,,,통일민주당,신한민주당,김형광,,,False
12,홍우준,洪禹俊,1923-04-23,남,민주정의당,"경기 의정부,동두천시,양주군",지역구,1985-04-11,1988-05-29,term_end,general,C158315E,NA-API 의원이력; NA-API ALLNAMEMBER; kowiki list oldid=40892103,1,,term_end,,term_start,term_end,,,경기도 의정부시·동두천시·양주군,,,민주정의당,민주정의당,홍우준,,,False
12,이영준,李英駿,1933-03-05,남,민주한국당,"경기 파주,고양군",지역구,1985-04-11,1988-05-29,term_end,general,BRJ3480K,NA-API 의원이력; NA-API ALLNAMEMBER; kowiki list oldid=40892103,1,,term_end,,term_start,term_end,,,경기도 파주군·고양군,,,통일민주당,신한민주당,이영준 (1933년),,,False
12,이용호,李龍鎬,1933-10-19,남,민주정의당,"경기 파주,고양군",지역구,1985-04-11,1988-05-29,term_end,general,2VW4226E,NA-API 의원이력; NA-API ALLNAMEMBER; kowiki list oldid=40892103,1,,term_end,,term_start,term_end,,,경기도 파주군·고양군,,,민주정의당,민주정의당,이용호 (1933년),,,True
12,김동주,金東周,1944-05-20,남,신한민주당,"경남 김해시양산,김해군",지역구,1985-04-11,1988-05-29,term_end,general,WV87958Z,NA-API 의원이력; NA-API ALLNAMEMBER; kowiki list oldid=40892103,1,,term_end,,term_start,term_end,,,경상남도 김해시·김해군·양산군,,,통일민주당,신한민주당,김동주 (1944년),,,False
12,이재우,李載雨,1939-04-26,남,민주정의당,"경남 김해시양산,김해군",지역구,1985-04-11,1988-05-29,term_end,general,B8Q5855N,NA-API 의원이력; NA-API ALLNAMEMBER; kowiki list oldid=40892103,1,,term_end,,term_start,term_end,,,경상남도 김해시·김해군·양산군,,,민주정의당,민주정의당,이재우 (1939년),,,False
12,박익주,朴翊株,1931-04-19,남,민주정의당,"경남 남해,하동군",지역구,1985-04-11,1988-05-29,term_end,general,KY55973Z,NA-API 의원이력; NA-API ALLNAMEMBER; kowiki list oldid=40892103,1,,term_end,,term_start,term_end,,,경상남도 남해군·하동군,,,민주정의당,민주정의당,박익주,,,False
12,최치환,崔致煥,1923-10-22,남,한국국민당,"경남 남해,하동군",지역구,1985-04-11,1987-05-27,died,general,55Q77773,NA-API 의원이력; NA-API ALLNAMEMBER; kowiki list oldid=40892103; kowiki 의석변동 oldid=40637230,1,,died,사망 / 사망,term_start,confirmed,,wikilist+wikiseat,경상남도 남해군·하동군,,,한국국민당,한국국민당,최치환,,,False
12,강삼재,姜三載,1952-07-01,남,신한민주당,경남 마산시,지역구,1985-04-11,1988-05-29,term_end,general,35I30124,NA-API 의원이력; NA-API ALLNAMEMBER; kowiki list oldid=40892103,1,,term_end,,term_start,term_end,,,경상남도 마산시,,,통일민주당,신한민주당,강삼재,,"API start 1984-05-30 is before the term start and the election, set to the term start",False
12,우병규,禹炳奎,1929-11-20,남,민주정의당,경남 마산시,지역구,1985-04-11,1988-05-29,term_end,general,UAO6992X,NA-API 의원이력; NA-API ALLNAMEMBER; kowiki list oldid=40892103,1,,term_end,,term_start,term_end,,,경상남도 마산시,,,민주정의당,민주정의당,우병규,,,False
12,박일,朴一,1927-03-14,남,민주한국당,"경남 밀양,창녕군",지역구,1985-04-11,1988-05-29,term_end,general,L7S1608E,NA-API 의원이력; NA-API ALLNAMEMBER; kowiki list oldid=40892103,1,,term_end,,term_start,term_end,,,경상남도 밀양군·창녕군,,,통일민주당,신한민주당,박일 (정치인),,,False
12,신상식,申相式,1937-01-08,남,민주정의당,"경남 밀양,창녕군",지역구,1985-04-11,1988-05-29,term_end,general,2XL9644Y,NA-API 의원이력; NA-API ALLNAMEMBER; kowiki list oldid=40892103,1,,term_end,,term_start,term_end,,,경상남도 밀양군·창녕군,,,민주정의당,민주정의당,신상식,,,False
12,권익현,權翊鉉,1934-02-17,남,민주정의당,"경남 산청,함양,거창군",지역구,1985-04-11,1988-05-29,term_end,general,OUK2820Z,NA-API 의원이력; NA-API ALLNAMEMBER; kowiki list oldid=40892103,1,,term_end,,term_start,term_end,,,경상남도 산청군·함양군·거창군,,,민주정의당,민주정의당,권익현,,,False
12,김동영,金東英,1936-12-23,남,신한민주당,"경남 산청,함양,거창군",지역구,1985-04-11,1988-05-29,term_end,general,AMY93771,NA-API 의원이력; NA-API ALLNAMEMBER; kowiki list oldid=40892103,1,,term_end,,term_start,term_end,,,경상남도 산청군·함양군·거창군,,,통일민주당,신한민주당,김동영 (정치인),,,False
12,심완구,沈完求,1938-07-01,남,민주한국당,경남 울산시울주구,지역구,1985-04-11,1988-05-29,term_end,general,87W5339H,NA-API 의원이력; NA-API ALLNAMEMBER; kowiki list oldid=40892103,1,,term_end,,term_start,term_end,,,경상남도 울산시·울주군,,,통일민주당,신한민주당,심완구,,,False
12,김태호,金泰鎬,1935-03-03,남,민주정의당,경남 울산시울주군,지역구,1985-04-11,1988-05-29,term_end,general,DTM59312,NA-API 의원이력; NA-API ALLNAMEMBER; kowiki list oldid=40892103,1,,term_end,,term_start,term_end,,,경상남도 울산시·울주군,,,민주정의당,민주정의당,김태호 (1935년),,,True
12,유상호,柳尙昊,1934-07-23,남,민주정의당,"경남 의령,함안,합천군",지역구,1985-04-11,1988-05-29,term_end,general,3V397805,NA-API 의원이력; NA-API ALLNAMEMBER; kowiki list oldid=40892103,1,,term_end,,term_start,term_end,,,경상남도 의령군·함안군·합천군,,,민주정의당,민주정의당,류상호,,,False
12,조홍래,趙洪來,1940-03-24,남,신한민주당,"경남 의령,함안,합천군",지역구,1985-04-11,1988-05-29,term_end,general,TE93049L,NA-API 의원이력; NA-API ALLNAMEMBER; kowiki list oldid=40892103,1,,term_end,,term_start,term_end,,,경상남도 의령군·함안군·합천군,,,통일민주당,신한민주당,조홍래,,,False
12,안병규,安秉珪,1937-12-30,남,민주정의당,"경남 진주,삼천포시,진양,사천군",지역구,1985-04-11,1988-05-29,term_end,general,UJQ3780U,NA-API 의원이력; NA-API ALLNAMEMBER; kowiki list oldid=40892103,1,,term_end,,term_start,term_end,,,경상남도 진주시·삼천포시·진양군·사천군,,,민주정의당,민주정의당,안병규,,,False
12,이상민,李尙玟,1942-04-18,남,민주한국당,"경남 진주,삼천포시,진양,사천군",지역구,1985-04-11,1988-05-29,term_end,general,EX53824S,NA-API 의원이력; NA-API ALLNAMEMBER; kowiki list oldid=40892103,1,,term_end,,term_start,term_end,,,경상남도 진주시·삼천포시·진양군·사천군,,,통일민주당,신한민주당,이상민 (1942년),,,True
12,배명국,裵命國,1934-11-06,남,민주정의당,"경남 진해,창원시,의창군",지역구,1985-04-11,1988-05-29,term_end,general,2PC65130,NA-API 의원이력; NA-API ALLNAMEMBER; kowiki list oldid=40892103,1,,term_end,,term_start,term_end,,,경상남도 창원시·진해시·의창군,,,민주정의당,민주정의당,배명국,,,False
12,황낙주,黃珞周,1928-03-22,남,민주한국당,"경남 진해,창원시,의창군",지역구,1985-04-11,1988-05-29,term_end,general,7BR2274A,NA-API 의원이력; NA-API ALLNAMEMBER; kowiki list oldid=40892103,1,,term_end,,term_start,term_end,,,경상남도 창원시·진해시·의창군,,,통일민주당,신한민주당,황낙주,,,False
12,김봉조,金奉祚,1939-04-15,남,신한민주당,경남 충무.통영.고성.거제,지역구,1985-04-11,1988-05-29,term_end,general,FPT6879K,NA-API 의원이력; NA-API ALLNAMEMBER; kowiki list oldid=40892103,1,,term_end,,term_start,term_end,,,경상남도 충무시·통영군·거제군·고성군,,,통일민주당,신한민주당,김봉조 (1939년),,,False
12,정순덕,鄭順德,1935-11-05,남,민주정의당,경남 충무.통영.고성.거제,지역구,1985-04-11,1988-05-29,term_end,general,6QR2160X,NA-API 의원이력; NA-API ALLNAMEMBER; kowiki list oldid=40892103,1,,term_end,,term_start,term_end,,,경상남도 충무시·통영군·거제군·고성군,,,민주정의당,민주정의당,정순덕 (1935년),,,False
12,박권흠,朴權欽,1932-03-12,남,민주정의당,"경북 경주시,월성,청도군",지역구,1985-04-11,1988-05-29,term_end,general,OHA2468G,NA-API 의원이력; NA-API ALLNAMEMBER; kowiki list oldid=40892103,1,,term_end,,term_start,term_end,,,경상북도 경주시·월성군·청도군,,,민주정의당,민주정의당,박권흠,,,False
12,김일윤,金一潤,1938-12-17,남,민주한국당,"경북 경주시월성,청도군",지역구,1985-04-11,1988-05-29,term_end,general,UY23844S,NA-API 의원이력; NA-API ALLNAMEMBER; kowiki list oldid=40892103,1,,term_end,,term_start,term_end,,,경상북도 경주시·월성군·청도군,,,민주정의당,민주한국당,김일윤,,,False
12,김현규,金鉉圭,1937-01-19,남,무소속,"경북 구미시,군위,칠곡,선산군",지역구,1985-04-11,1988-05-29,term_end,general,G439872Q,NA-API 의원이력; NA-API ALLNAMEMBER; kowiki list oldid=40892103,1,,term_end,,term_start,term_end,,,경상북도 구미시·군위군·선산군·칠곡군,,,통일민주당,신한민주당,김현규 (정치인),,,False
12,박재홍,朴在鴻,1941-02-28,남,민주정의당,"경북 구미시,군위,칠곡,선산군",지역구,1985-04-11,1988-05-29,term_end,general,N5P7446X,NA-API 의원이력; NA-API ALLNAMEMBER; kowiki list oldid=40892103,1,,term_end,,term_start,term_end,,,경상북도 구미시·군위군·선산군·칠곡군,,,민주정의당,민주정의당,박재홍 (1941년),,,False
12,이재옥,李在玉,1939-08-01,남,신한민주당,"경북 김천시,금릉,상주군",지역구,1985-04-11,1988-05-29,term_end,general,X5S9241P,NA-API 의원이력; NA-API ALLNAMEMBER; kowiki list oldid=40892103,1,,term_end,,term_start,term_end,,,경상북도 김천시·금릉군·상주군,,,통일민주당,신한민주당,이재옥,,,False
12,김상구,金相球,1936-10-03,남,민주정의당,"경북 김천시금릉,상주군",지역구,1985-04-11,1988-05-29,term_end,general,SE03014B,NA-API 의원이력; NA-API ALLNAMEMBER; kowiki list oldid=40892103,1,,term_end,,term_start,term_end,,,경상북도 김천시·금릉군·상주군,,,민주정의당,민주정의당,김상구,,,False
12,김종기,金鍾基,1941-01-18,남,민주정의당,"경북 달성,고령,성주군",지역구,1985-04-11,1988-05-29,term_end,general,XN15344S,NA-API 의원이력; NA-API ALLNAMEMBER; kowiki list oldid=40892103,1,,term_end,,term_start,term_end,,,경상북도 달성군·고령군·성주군,,,민주정의당,민주정의당,김종기 (1941년),,,False
12,이용택,李龍澤,1930-11-29,남,무소속,"경북 달성,고령,성주군",지역구,1985-04-11,1988-05-29,term_end,general,WI174695,NA-API 의원이력; NA-API ALLNAMEMBER; kowiki list oldid=40892103,1,,term_end,,term_start,term_end,,,경상북도 달성군·고령군·성주군,,,민주정의당,무소속,이용택 (1930년),,,False
12,채문식,蔡汶植,1925-01-16,남,민주정의당,경북 문경군예천군,지역구,1985-04-11,1988-05-29,term_end,general,PNI51919,NA-API 의원이력; NA-API ALLNAMEMBER; kowiki list oldid=40892103,1,,term_end,,term_start,term_end,,,경상북도 문경군·예천군,,,민주정의당,민주정의당,채문식,,,False
12,반형식,潘亨植,1935-01-05,남,신한민주당,"경북 문경시,예천군",지역구,1985-04-11,1988-05-29,term_end,general,QYN67998,NA-API 의원이력; NA-API ALLNAMEMBER; kowiki list oldid=40892103,1,,term_end,,term_start,term_end,,,경상북도 문경군·예천군,,,통일민주당,신한민주당,반형식,,,False
12,권정달,權正達,1936-06-14,남,민주정의당,경북 안동.의성시,지역구,1985-04-11,1988-05-29,term_end,general,LO357547,NA-API 의원이력; NA-API ALLNAMEMBER; kowiki list oldid=40892103,1,,term_end,,term_start,term_end,,,경상북도 안동시·안동군·의성군,,,민주정의당,민주정의당,권정달,,,False
12,김영생,金永生,1933-02-08,남,한국국민당,"경북 안동시의성,안동군",지역구,1985-04-11,1988-05-29,term_end,general,CR55639O,NA-API 의원이력; NA-API ALLNAMEMBER; kowiki list oldid=40892103,1,,term_end,,term_start,term_end,,,경상북도 안동시·안동군·의성군,,,민주정의당,한국국민당,김영생,,,False
12,오한구,吳漢九,1934-06-10,남,민주정의당,"경북 영주시,영양,영풍,봉화군",지역구,1985-04-11,1988-05-29,term_end,general,Y771224V,NA-API 의원이력; NA-API ALLNAMEMBER; kowiki list oldid=40892103,1,,term_end,,term_start,term_end,,,경상북도 영주시·영풍군·영양군·봉화군,,,민주정의당,민주정의당,오한구,,,False
12,홍사덕,洪思德,1943-03-05,남,신한민주당,"경북 영주시,영양,영풍,봉화군",지역구,1985-04-11,1988-05-29,term_end,general,BW19186J,NA-API 의원이력; NA-API ALLNAMEMBER; kowiki list oldid=40892103,1,,term_end,,term_start,term_end,,,경상북도 영주시·영풍군·영양군·봉화군,,,무소속,신한민주당,홍사덕,,,False
12,권오태,權五台,1927-01-15,남,신한민주당,"경북 영천시,군,경산",지역구,1985-04-11,1988-05-29,term_end,general,WL55319G,NA-API 의원이력; NA-API ALLNAMEMBER; kowiki list oldid=40892103,1,,term_end,,term_start,term_end,,,경상북도 영천시·영천군·경산군,,,통일민주당,신한민주당,권오태,,,False
12,염길정,廉吉正,1938-11-21,남,민주정의당,"경북 영천시,군,경산군",지역구,1985-04-11,1988-05-29,term_end,general,6U152151,NA-API 의원이력; NA-API ALLNAMEMBER; kowiki list oldid=40892103,1,,term_end,,term_start,term_end,,,경상북도 영천시·영천군·경산군,,,민주정의당,민주정의당,염길정,,,False
12,김중권,金重權,1939-11-25,남,민주정의당,"경북 청송,영덕,울진군",지역구,1985-04-11,1988-05-29,term_end,general,6ZS6304Q,NA-API 의원이력; NA-API ALLNAMEMBER; kowiki list oldid=40892103,1,,term_end,,term_start,term_end,,,경상북도 영덕군·청송군·울진군,,,민주정의당,민주정의당,김중권,,,False
12,황병우,黃昞禹,1931-10-16,남,민주한국당,"경북 청송,영덕,울진군",지역구,1985-04-11,1988-05-29,term_end,general,U1P4713Y,NA-API 의원이력; NA-API ALLNAMEMBER; kowiki list oldid=40892103,1,,term_end,,term_start,term_end,,,경상북도 영덕군·청송군·울진군,,,민주정의당,신한민주당,황병우,,,False
12,박경석,朴敬錫,1937-02-11,남,민주정의당,"경북 포항시,영일,울릉군",지역구,1985-04-11,1988-05-29,term_end,general,XWZ7959E,NA-API 의원이력; NA-API ALLNAMEMBER; kowiki list oldid=40892103,1,,term_end,,term_start,term_end,,,경상북도 포항시·영일군·울릉군,,,민주정의당,민주정의당,박경석 (1937년),,,False
12,서종열,徐鍾烈,1935-06-02,남,민주한국당,"경북 포항시,영일,울릉군",지역구,1985-04-11,1988-05-29,term_end,general,8LB6277L,NA-API 의원이력; NA-API ALLNAMEMBER; kowiki list oldid=40892103,1,,term_end,,term_start,term_end,,,경상북도 포항시·영일군·울릉군,,,무소속,신한민주당,서종열,,,False
12,고귀남,高貴男,1933-09-06,남,민주정의당,"광주 동,북구",지역구,1985-04-11,1988-05-29,term_end,general,BGM2305C,NA-API 의원이력; NA-API ALLNAMEMBER; kowiki list oldid=40892103,1,,term_end,,term_start,term_end,,,전라남도 광주시 동구·북구,,,민주정의당,민주정의당,고귀남,,,False
12,신도환,辛道煥,1922-05-25,남,신한민주당,"대구 남,수성구",지역구,1985-04-11,1988-05-29,term_end,general,MW81180N,NA-API 의원이력; NA-API ALLNAMEMBER; kowiki list oldid=40892103,1,,term_end,,term_start,term_end,,,대구직할시 남구·수성구,,,무소속,신한민주당,신도환,,,False
12,이치호,李致浩,1939-07-25,남,민주정의당,"대구 남,수성구",지역구,1985-04-11,1988-05-29,term_end,general,P1G3654N,NA-API 의원이력; NA-API ALLNAMEMBER; kowiki list oldid=40892103,1,,term_end,,term_start,term_end,,,대구직할시 남구·수성구,,,민주정의당,민주정의당,이치호,,,False
12,김용태,金瑢泰,1936-06-01,남,민주정의당,"대구 동,북구",지역구,1985-04-11,1988-05-29,term_end,general,AE923641,NA-API 의원이력; NA-API ALLNAMEMBER; kowiki list oldid=40892103,1,,term_end,,term_start,term_end,,,대구직할시 동구·북구,,,민주정의당,민주정의당,김용태 (1936년),,,True
12,목요상,睦堯相,1935-09-09,남,민주한국당,"대구 동,북구",지역구,1985-04-11,1988-05-29,term_end,general,IB22144F,NA-API 의원이력; NA-API ALLNAMEMBER; kowiki list oldid=40892103,1,,term_end,,term_start,term_end,,,대구직할시 동구·북구,,,통일민주당,신한민주당,목요상,,,False
12,유성환,兪成煥,1931-08-20,남,신한민주당,"대구 중,서구",지역구,1985-04-11,1988-05-29,term_end,general,RFX7323F,NA-API 의원이력; NA-API ALLNAMEMBER; kowiki list oldid=40892103,1,,term_end,,term_start,term_end,,,대구직할시 중구·서구,,,통일민주당,신한민주당,유성환,,,False
12,이만섭,李萬燮,1932-02-25,남,한국국민당,"대구 중,서구",지역구,1985-04-11,1988-05-29,term_end,general,IYC3468T,NA-API 의원이력; NA-API ALLNAMEMBER; kowiki list oldid=40892103,1,,term_end,,term_start,term_end,,,대구직할시 중구·서구,,,무소속,한국국민당,이만섭,,,False
12,강창희,姜昌熙,1946-08-03,남,민주정의당,대전 중구,지역구,1985-04-11,1988-05-29,term_end,general,PAQ11014,NA-API 의원이력; NA-API ALLNAMEMBER; kowiki list oldid=40892103,1,,term_end,,term_start,term_end,,,충청남도 대전시 중구,,,민주정의당,민주정의당,강창희 (정치인),,,False
12,김태룡,金泰龍,1934-01-04,남,신한민주당,대전 중구,지역구,1985-04-11,1988-05-29,term_end,general,9XN6525K,NA-API 의원이력; NA-API ALLNAMEMBER; kowiki list oldid=40892103,1,,term_end,,term_start,term_end,,,충청남도 대전시 중구,,,통일민주당,신한민주당,김태룡 (정치인),,,False
12,유흥수,柳興洙,1937-12-03,남,민주정의당,"부산 남,해운대구",지역구,1985-04-11,1988-05-29,term_end,general,L299333I,NA-API 의원이력; NA-API ALLNAMEMBER; kowiki list oldid=40892103,1,,term_end,,term_start,term_end,,,부산직할시 남구·해운대구,,,민주정의당,민주정의당,유흥수,,,False
12,이기택,李基澤,1937-07-25,남,신한민주당,"부산 남,해운대구",지역구,1985-04-11,1988-05-29,term_end,general,7Q05452E,NA-API 의원이력; NA-API ALLNAMEMBER; kowiki list oldid=40892103,1,,term_end,,term_start,term_end,,,부산직할시 남구·해운대구,,,통일민주당,신한민주당,이기택,,,False
12,박관용,朴寬用,1938-06-06,남,신한민주당,부산 동래구,지역구,1985-04-11,1988-05-29,term_end,general,TQH7044H,NA-API 의원이력; NA-API ALLNAMEMBER; kowiki list oldid=40892103,1,,term_end,,term_start,term_end,,,부산직할시 동래구,,,통일민주당,신한민주당,박관용,,,False
12,이건일,李健一,1944-03-09,남,민주한국당,부산 동래구,지역구,1985-04-11,1988-05-29,term_end,general,DML3056Z,NA-API 의원이력; NA-API ALLNAMEMBER; kowiki list oldid=40892103,1,,term_end,,term_start,term_end,,,부산직할시 동래구,,,신민주공화당,신한민주당,이건일,,,False
12,문정수,文正秀,1939-08-09,남,신한민주당,부산 북구,지역구,1985-04-11,1988-05-29,term_end,general,FR056047,NA-API 의원이력; NA-API ALLNAMEMBER; kowiki list oldid=40892103,1,,term_end,,term_start,term_end,,,부산직할시 북구,,,통일민주당,신한민주당,문정수,,,False
12,장성만,張聖萬,1932-11-02,남,민주정의당,부산 북구,지역구,1985-04-11,1988-05-29,term_end,general,17X47951,NA-API 의원이력; NA-API ALLNAMEMBER; kowiki list oldid=40892103,1,,term_end,,term_start,term_end,,,부산직할시 북구,,,민주정의당,민주정의당,장성만,,,False
12,곽정출,郭正出,1937-05-21,남,민주정의당,"부산 서,사하구",지역구,1985-04-11,1988-05-29,term_end,general,M7H59614,NA-API 의원이력; NA-API ALLNAMEMBER; kowiki list oldid=40892103,1,,term_end,,term_start,term_end,,,부산직할시 서구·사하구,,,민주정의당,민주정의당,곽정출,,,False
12,서석재,徐錫宰,1935-02-15,남,신한민주당,"부산 서,사하구",지역구,1985-04-11,1988-05-29,term_end,general,L8S7182S,NA-API 의원이력; NA-API ALLNAMEMBER; kowiki list oldid=40892103,1,,term_end,,term_start,term_end,,,부산직할시 서구·사하구,,,통일민주당,신한민주당,서석재,,,False
12,김정길,金正吉,1945-05-28,남,민주한국당,"부산 중,동,영도구",지역구,1985-04-11,1988-05-29,term_end,general,HFO6788P,NA-API 의원이력; NA-API ALLNAMEMBER; kowiki list oldid=40892103,1,,term_end,,term_start,term_end,,,부산직할시 중구·동구·영도구,,,통일민주당,신한민주당,김정길 (1945년),,,True
12,박찬종,朴燦鍾,1939-04-19,남,신한민주당,"부산 중,동,영도구",지역구,1985-04-11,1988-05-29,term_end,general,1SD76539,NA-API 의원이력; NA-API ALLNAMEMBER; kowiki list oldid=40892103,1,,term_end,,term_start,term_end,,,부산직할시 중구·동구·영도구,,,무소속,신한민주당,박찬종,,,False
12,강경식,姜慶植,1940-12-12,남,한국국민당,부산 진구,지역구,1985-04-11,1988-05-29,term_end,general,CG97650D,NA-API 의원이력; NA-API ALLNAMEMBER; kowiki list oldid=40892103,1,,term_end,,term_start,term_end,,,부산직할시 부산진구,,,신민주공화당,한국국민당,강경식 (1940년),,,True
12,김정수,金正秀,1937-12-03,남,신한민주당,부산 진구,지역구,1985-04-11,1988-05-29,term_end,general,A1819526,NA-API 의원이력; NA-API ALLNAMEMBER; kowiki list oldid=40892103,1,,term_end,,term_start,term_end,,,부산직할시 부산진구,,,통일민주당,신한민주당,김정수 (1937년),,,False
12,김형래,金炯來,1940-01-04,남,신한민주당,서울 강남구,지역구,1985-04-11,1988-05-29,term_end,general,WB01609P,NA-API 의원이력; NA-API ALLNAMEMBER; kowiki list oldid=40892103,1,,term_end,,term_start,term_end,,,서울특별시 강남구,,,통일민주당,신한민주당,김형래,,,False
12,이중재,李重載,1925-01-20,남,민주한국당,서울 강남구,지역구,1985-04-11,1988-05-29,term_end,general,TN53355N,NA-API 의원이력; NA-API ALLNAMEMBER; kowiki list oldid=40892103,1,,term_end,,term_start,term_end,,,서울특별시 강남구,,,평화민주당,신한민주당,이중재,,,False
12,김동규,金東圭,1932-10-24,남,신한민주당,서울 강동구,지역구,1985-04-11,1988-05-29,term_end,general,F769501H,NA-API 의원이력; NA-API ALLNAMEMBER; kowiki list oldid=40892103,1,,term_end,,term_start,term_end,,,서울특별시 강동구,,,통일민주당,신한민주당,김동규 (1932년),,,False
12,정남,鄭男,1941-09-19,남,민주정의당,서울 강동구,지역구,1985-04-11,1988-05-29,term_end,general,YYK9925I,NA-API 의원이력; NA-API ALLNAMEMBER; kowiki list oldid=40892103,1,,term_end,,term_start,term_end,,,서울특별시 강동구,,,민주정의당,민주정의당,정남 (정치인),,,False
12,김영배,金令培,1932-12-23,남,신한민주당,서울 강서구,지역구,1985-04-11,1988-05-29,term_end,general,Y2W9921H,NA-API 의원이력; NA-API ALLNAMEMBER; kowiki list oldid=40892103,1,,term_end,,term_start,term_end,,,서울특별시 강서구,,,평화민주당,신한민주당,김영배 (1932년),,,True
12,남재희,南載熙,1934-01-18,남,민주정의당,서울 강서구,지역구,1985-04-11,1988-05-29,term_end,general,8JX2594Z,NA-API 의원이력; NA-API ALLNAMEMBER; kowiki list oldid=40892103,1,,term_end,,term_start,term_end,,,서울특별시 강서구,,,민주정의당,민주정의당,남재희,,,False
12,김수한,金守漢,1928-08-20,남,신한민주당,서울 관악구,지역구,1985-04-11,1988-05-29,term_end,general,ND28358S,NA-API 의원이력; NA-API ALLNAMEMBER; kowiki list oldid=40892103,1,,term_end,,term_start,term_end,,,서울특별시 관악구,,,통일민주당,신한민주당,김수한,,,False
12,임철순,任哲淳,1937-08-04,남,민주정의당,서울 관악구,지역구,1985-04-11,1987-08-24,resigned,general,0EN6806A,NA-API 의원이력; NA-API ALLNAMEMBER; kowiki list oldid=40892103; kowiki 의석변동 oldid=40637230; NA bill 010478,1,,resigned_other,사망 / 의원직 사퇴 / 議長許可,term_start,confirmed,,wikilist+wikiseat+nabill,서울특별시 관악구,,,민주정의당,민주정의당,임철순 (1937년),,"Wikipedia gives exit died, but NA bill 120453 (billId 010478) approved the resignation on 1987-08-24",False
12,김기배,金杞培,1936-08-09,남,민주정의당,서울 구로구,지역구,1985-04-11,1988-05-29,term_end,general,6LQ1789H,NA-API 의원이력; NA-API ALLNAMEMBER; kowiki list oldid=40892103,1,,term_end,,term_start,term_end,,,서울특별시 구로구,,,민주정의당,민주정의당,김기배,,,False
12,조연하,趙淵夏,1924-05-17,남,신한민주당,서울 구로구,지역구,1985-04-11,1988-05-29,term_end,general,0IS7670A,NA-API 의원이력; NA-API ALLNAMEMBER; kowiki list oldid=40892103,1,,term_end,,term_start,term_end,,,서울특별시 구로구,,,통일민주당,신한민주당,조연하,,,False
12,조순형,趙舜衡,1935-03-10,남,신한민주당,서울 도봉구,지역구,1985-04-11,1988-05-29,term_end,general,RE32613N,NA-API 의원이력; NA-API ALLNAMEMBER; kowiki list oldid=40892103,1,,term_end,,term_start,term_end,,,서울특별시 도봉구,,,한겨레민주당,신한민주당,조순형,,,False
12,홍성우,洪性宇,1941-02-20,남,민주정의당,서울 도봉구,지역구,1985-04-11,1988-05-29,term_end,general,Z7F46475,NA-API 의원이력; NA-API ALLNAMEMBER; kowiki list oldid=40892103,1,,term_end,,term_start,term_end,,,서울특별시 도봉구,,,민주정의당,민주정의당,홍성우 (1941년),,,False
12,권영우,權寧禹,1942-03-01,남,민주정의당,서울 동대문구,지역구,1985-04-11,1988-05-29,term_end,general,4CU3481W,NA-API 의원이력; NA-API ALLNAMEMBER; kowiki list oldid=40892103,1,,term_end,,term_start,term_end,,,서울특별시 동대문구,,,민주정의당,민주정의당,권영우 (정치인),,,False
12,송원영,宋元英,1928-11-14,남,신한민주당,서울 동대문구,지역구,1985-04-11,1988-05-29,term_end,general,NMS88588,NA-API 의원이력; NA-API ALLNAMEMBER; kowiki list oldid=40892103,1,,term_end,,term_start,term_end,,,서울특별시 동대문구,,,통일민주당,신한민주당,송원영 (1928년),,,False
12,박실,朴實,1939-10-08,남,신한민주당,서울 동작구,지역구,1985-04-11,1988-05-29,term_end,general,1O451032,NA-API 의원이력; NA-API ALLNAMEMBER; kowiki list oldid=40892103,1,,term_end,,term_start,term_end,,,서울특별시 동작구,,,평화민주당,신한민주당,박실,,,False
12,허청일,許淸一,1941-07-10,남,민주정의당,서울 동작구,지역구,1985-04-11,1988-05-29,term_end,general,OYQ7166W,NA-API 의원이력; NA-API ALLNAMEMBER; kowiki list oldid=40892103,1,,term_end,,term_start,term_end,,,서울특별시 동작구,,,민주정의당,민주정의당,허청일,,,False
12,노승환,盧承煥,1927-09-05,남,신한민주당,"서울 마포,용산구",지역구,1985-04-11,1988-05-29,term_end,general,K4O32890,NA-API 의원이력; NA-API ALLNAMEMBER; kowiki list oldid=40892103,1,,term_end,,term_start,term_end,,,서울특별시 마포구·용산구,,,평화민주당,신한민주당,노승환,,,False
12,봉두완,奉斗玩,1935-12-08,남,민주정의당,"서울 마포,용산구",지역구,1985-04-11,1988-05-29,term_end,general,JW11732U,NA-API 의원이력; NA-API ALLNAMEMBER; kowiki list oldid=40892103,1,,term_end,,term_start,term_end,,,서울특별시 마포구·용산구,,,민주정의당,민주정의당,봉두완,,,False
12,김재광,金在光,1922-05-21,남,신한민주당,"서울 서대문,은평구",지역구,1985-04-11,1988-05-29,term_end,general,DSL4089Q,NA-API 의원이력; NA-API ALLNAMEMBER; kowiki list oldid=40892103,1,,term_end,,term_start,term_end,,,서울특별시 서대문구·은평구,,,통일민주당,신한민주당,김재광,,,False
12,윤길중,尹吉重,1916-08-14,남,민주정의당,"서울 서대문,은평구",지역구,1985-04-11,1988-05-29,term_end,general,HBO3666Q,NA-API 의원이력; NA-API ALLNAMEMBER; kowiki list oldid=40892103,1,,term_end,,term_start,term_end,,,서울특별시 서대문구·은평구,,,민주정의당,민주정의당,윤길중,,,False
12,박용만,朴容萬,1924-03-15,남,신한민주당,서울 성동구,지역구,1985-04-11,1988-05-29,term_end,general,7KO11571,NA-API 의원이력; NA-API ALLNAMEMBER; kowiki list oldid=40892103,1,,term_end,,term_start,term_end,,,서울특별시 성동구,,,통일민주당,신한민주당,박용만 (정치인),,,False
12,이세기,李世基,1936-12-03,남,민주정의당,서울 성동구,지역구,1985-04-11,1988-05-29,term_end,general,IFZ88376,NA-API 의원이력; NA-API ALLNAMEMBER; kowiki list oldid=40892103,1,,term_end,,term_start,term_end,,,서울특별시 성동구,,,민주정의당,민주정의당,이세기 (1936년),,,False
12,김정례,金正禮,1927-11-12,여,민주정의당,서울 성북구,지역구,1985-04-11,1988-05-29,term_end,general,BUH50481,NA-API 의원이력; NA-API ALLNAMEMBER; kowiki list oldid=40892103,1,,term_end,,term_start,term_end,,,서울특별시 성북구,,,민주정의당,민주정의당,김정례,,,False
12,이철,李哲,1948-03-18,남,신한민주당,서울 성북구,지역구,1985-04-11,1988-05-29,term_end,general,9X386624,NA-API 의원이력; NA-API ALLNAMEMBER; kowiki list oldid=40892103,1,,term_end,,term_start,term_end,,,서울특별시 성북구,,,무소속,신한민주당,이철 (1948년),,,False
12,박한상,朴漢相,1922-04-25,남,신한민주당,서울 영등포구,지역구,1985-04-11,1988-05-29,term_end,general,D4D6998Z,NA-API 의원이력; NA-API ALLNAMEMBER; kowiki list oldid=40892103,1,,term_end,,term_start,term_end,,,서울특별시 영등포구,,,무소속,신한민주당,박한상 (정치인),,,False
12,이찬혁,李贊赫,1924-01-08,남,민주정의당,서울 영등포구,지역구,1985-04-11,1988-05-29,term_end,general,HEC76798,NA-API 의원이력; NA-API ALLNAMEMBER; kowiki list oldid=40892103,1,,term_end,,term_start,term_end,,,서울특별시 영등포구,,,민주정의당,민주정의당,이찬혁 (정치인),,,False
12,이민우,李敏雨,1915-09-05,남,신한민주당,"서울 종로,중구",지역구,1985-04-11,1987-11-20,resigned,general,8V29157I,NA-API 의원이력; NA-API ALLNAMEMBER; kowiki list oldid=40892103; kowiki 의석변동 oldid=40637230; NA bill 010623,1,,resigned_other,사퇴 / 의원직 사퇴,term_start,confirmed,,wikiseat+nabill,서울특별시 종로구·중구,,,신한민주당,신한민주당,이민우 (1915년),,,False
12,이종찬,李鍾贊,1936-04-29,남,민주정의당,"서울 종로,중구",지역구,1985-04-11,1988-05-29,term_end,general,SDX64659,NA-API 의원이력; NA-API ALLNAMEMBER; kowiki list oldid=40892103,1,,term_end,,term_start,term_end,,,서울특별시 종로구·중구,,,민주정의당,민주정의당,이종찬 (1936년),,,False
12,김숙현,金淑鉉,1917-04-14,남,민주정의당,"인천 동,북구",지역구,1985-04-11,1988-05-29,term_end,general,GXQ4475V,NA-API 의원이력; NA-API ALLNAMEMBER; kowiki list oldid=40892103,1,,term_end,,term_start,term_end,,,인천직할시 동구·북구,,,민주정의당,민주정의당,김숙현,,,False
12,유제연,柳濟然,1934-12-10,남,신한민주당,"인천 동,북구",지역구,1985-04-11,1988-05-29,term_end,general,WJ14945U,NA-API 의원이력; NA-API ALLNAMEMBER; kowiki list oldid=40892103,1,,term_end,,term_start,term_end,,,인천직할시 동구·북구,,,통일민주당,신한민주당,류제연,,,False
12,명화섭,明華燮,1923-01-21,남,신한민주당,"인천 중,남구",지역구,1985-04-11,1988-05-29,term_end,general,DS76728O,NA-API 의원이력; NA-API ALLNAMEMBER; kowiki list oldid=40892103,1,,term_end,,term_start,term_end,,,인천직할시 중구·남구,,,통일민주당,신한민주당,명화섭,,,False
12,심정구,沈晶求,1931-10-14,남,민주정의당,"인천 중,남구",지역구,1985-04-11,1988-05-29,term_end,general,RCJ2180Y,NA-API 의원이력; NA-API ALLNAMEMBER; kowiki list oldid=40892103,1,,term_end,,term_start,term_end,,,인천직할시 중구·남구,,,민주정의당,민주정의당,심정구,,,False
12,유준상,柳晙相,1942-10-10,남,민주한국당,"전남 고흥,보성",지역구,1985-04-11,1988-05-29,term_end,general,TZQ65416,NA-API 의원이력; NA-API ALLNAMEMBER; kowiki list oldid=40892103,1,,term_end,,term_start,term_end,,,전라남도 고흥군·보성군,,,평화민주당,신한민주당,류준상 (1942년),,,False
12,이대순,李大淳,1933-04-18,남,민주정의당,"전남 고흥,보성",지역구,1985-04-11,1988-05-29,term_end,general,5PD4125X,NA-API 의원이력; NA-API ALLNAMEMBER; kowiki list oldid=40892103,1,,term_end,,term_start,term_end,,,전라남도 고흥군·보성군,,,민주정의당,민주정의당,이대순,,,False
12,신기하,辛基夏,1941-04-27,남,신한민주당,"전남 광주시,동,북구",지역구,1985-04-11,1988-05-29,term_end,general,VYI2708Q,NA-API 의원이력; NA-API ALLNAMEMBER; kowiki list oldid=40892103,1,,term_end,,term_start,term_end,,,전라남도 광주시 동구·북구,,,평화민주당,신한민주당,신기하,,,False
12,김녹영,金祿永,1924-12-08,남,신한민주당,"전남 광주시,서구",지역구,1985-04-11,1985-07-10,died,general,UWI4484B,NA-API 의원이력; NA-API ALLNAMEMBER; kowiki list oldid=40892103; kowiki 의석변동 oldid=40637230,1,,died,사망 / 사망,term_start,confirmed,,wikilist+wikiseat,전라남도 광주시 서구,,,신한민주당,신한민주당,김녹영,,,False
12,이영일,李榮一,1939-11-17,남,민주정의당,"전남 광주시,서구",지역구,1985-04-11,1988-05-29,term_end,general,96285476,NA-API 의원이력; NA-API ALLNAMEMBER; kowiki list oldid=40892103,1,,term_end,,term_start,term_end,,,전라남도 광주시 서구,,,민주정의당,민주정의당,이영일 (1939년),,,False
12,나석호,羅碩昊,1934-07-12,남,민주정의당,"전남 금성시,광산,나주군",지역구,1985-04-11,1988-05-29,term_end,general,S1380205,NA-API 의원이력; NA-API ALLNAMEMBER; kowiki list oldid=40892103,1,,term_end,,term_start,term_end,,,전라남도 금성시·광산군·나주군,,,민주정의당,민주정의당,나석호,,,False
12,이재근,李載根,1937-04-05,남,민주한국당,"전남 금성시,광산,나주군",지역구,1985-04-11,1988-05-29,term_end,general,4D37702V,NA-API 의원이력; NA-API ALLNAMEMBER; kowiki list oldid=40892103,1,,term_end,,term_start,term_end,,,전라남도 금성시·광산군·나주군,,,평화민주당,신한민주당,이재근 (1937년),,,False
12,고재청,高在淸,1928-04-15,남,민주한국당,"전남 담양,곡성,화순군",지역구,1985-04-11,1988-05-29,term_end,general,YRL9094E,NA-API 의원이력; NA-API ALLNAMEMBER; kowiki list oldid=40892103,1,,term_end,,term_start,term_end,,,전라남도 담양군·곡성군·화순군,,,무소속,신한민주당,고재청,,,False
12,구용상,具龍相,1935-09-19,남,민주정의당,"전남 담양,곡성,화순군",지역구,1985-04-11,1988-05-29,term_end,general,3B38932A,NA-API 의원이력; NA-API ALLNAMEMBER; kowiki list oldid=40892103,1,,term_end,,term_start,term_end,,,전라남도 담양군·곡성군·화순군,,,민주정의당,민주정의당,구용상,,,False
12,임종기,林鍾基,1926-04-16,남,민주한국당,"전남 목포시,무안,신안군",지역구,1985-04-11,1988-05-29,term_end,general,5921380C,NA-API 의원이력; NA-API ALLNAMEMBER; kowiki list oldid=40892103,1,,term_end,,term_start,term_end,,,전라남도 목포시·무안군·신안군,,,무소속,신한민주당,임종기,,,False
12,최영철,崔永喆,1935-12-19,남,민주정의당,"전남 목포시,무안,신안군",지역구,1985-04-11,1988-05-29,term_end,general,D4U4031E,NA-API 의원이력; NA-API ALLNAMEMBER; kowiki list oldid=40892103,1,,term_end,,term_start,term_end,,,전라남도 목포시·무안군·신안군,,,민주정의당,민주정의당,최영철 (1935년),,,False
12,유경현,柳瓊賢,1939-08-07,남,민주정의당,"전남 순천시,구례,승주군",지역구,1985-04-11,1988-05-29,term_end,general,U0P6310P,NA-API 의원이력; NA-API ALLNAMEMBER; kowiki list oldid=40892103,1,,term_end,,term_start,term_end,,,전라남도 순천시·구례군·승주군,,,민주정의당,민주정의당,유경현 (1939년),,,False
12,허경만,許京萬,1938-03-04,남,신한민주당,"전남 순천시,구례,승주군",지역구,1985-04-11,1988-05-29,term_end,general,8DK5346K,NA-API 의원이력; NA-API ALLNAMEMBER; kowiki list oldid=40892103,1,,term_end,,term_start,term_end,,,전라남도 순천시·구례군·승주군,,,평화민주당,신한민주당,허경만,,,False
12,신순범,愼順範,1933-02-28,남,신한민주당,"전남 여수시,광양,여천군",지역구,1985-04-11,1988-05-29,term_end,general,6VW96635,NA-API 의원이력; NA-API ALLNAMEMBER; kowiki list oldid=40892103,1,,term_end,,term_start,term_end,,,전라남도 여수시·여천군·광양군,,,평화민주당,신한민주당,신순범,,,False
12,김재호,金在鎬,1930-04-20,남,민주정의당,"전남 여수시광야,여천군",지역구,1985-04-11,1988-05-29,term_end,general,BJE7776S,NA-API 의원이력; NA-API ALLNAMEMBER; kowiki list oldid=40892103,1,,term_end,,term_start,term_end,,,전라남도 여수시·여천군·광양군,,,민주정의당,민주정의당,김재호 (1930년),,,False
12,이진연,李震淵,1932-02-28,남,민주한국당,"전남 영광,장성,함평군",지역구,1985-04-11,1988-05-29,term_end,general,WLD8893C,NA-API 의원이력; NA-API ALLNAMEMBER; kowiki list oldid=40892103,1,,term_end,,term_start,term_end,,,전라남도 영광군·함평군·장성군,,,평화민주당,신한민주당,이진연,,,False
12,조기상,曺淇相,1937-06-16,남,민주정의당,"전남 영광,장성,함평군",지역구,1985-04-11,1988-05-29,term_end,general,W629558P,NA-API 의원이력; NA-API ALLNAMEMBER; kowiki list oldid=40892103,1,,term_end,,term_start,term_end,,,전라남도 영광군·함평군·장성군,,,민주정의당,민주정의당,조기상,,,False
12,김식,金湜,1933-02-20,남,민주정의당,"전남 장흥,강진,영암,완도군",지역구,1985-04-11,1988-05-29,term_end,general,L5G4388K,NA-API 의원이력; NA-API ALLNAMEMBER; kowiki list oldid=40892103,1,,term_end,,term_start,term_end,,,전라남도 장흥군·강진군·영암군·완도군,,,민주정의당,민주정의당,김식 (1933년),,,False
12,이영권,李永權,1936-06-03,남,신한민주당,"전남 장흥,강진,영암,완도군",지역구,1985-04-11,1988-05-29,term_end,general,HIT2733V,NA-API 의원이력; NA-API ALLNAMEMBER; kowiki list oldid=40892103,1,,term_end,,term_start,term_end,,,전라남도 장흥군·강진군·영암군·완도군,,,평화민주당,신한민주당,이영권 (정치인),,,False
12,김봉호,金琫鎬,1933-05-10,남,신정사회당,"전남 해남,진도군",지역구,1985-04-11,1988-05-29,term_end,general,IOI30449,NA-API 의원이력; NA-API ALLNAMEMBER; kowiki list oldid=40892103,1,,term_end,,term_start,term_end,,,전라남도 해남군·진도군,,,평화민주당,신한민주당,김봉호,,,False
12,정시채,丁時采,1936-04-05,남,민주정의당,"전남 해남,진도군",지역구,1985-04-11,1988-05-29,term_end,general,NSW3570Z,NA-API 의원이력; NA-API ALLNAMEMBER; kowiki list oldid=40892103,1,,term_end,,term_start,term_end,,,전라남도 해남군·진도군,,,민주정의당,민주정의당,정시채,,,False
12,고건,高建,1938-01-02,남,민주정의당,"전북 군산시,옥구",지역구,1985-04-11,1988-05-29,term_end,general,UXM3373I,NA-API 의원이력; NA-API ALLNAMEMBER; kowiki list oldid=40892103,1,,term_end,,term_start,term_end,,,전라북도 군산시·옥구군,,,민주정의당,민주정의당,고건,,,False
12,김봉욱,金奉旭,1929-08-15,남,민주한국당,"전북 군산시,옥구",지역구,1985-04-11,1988-05-29,term_end,general,NS38910H,NA-API 의원이력; NA-API ALLNAMEMBER; kowiki list oldid=40892103,1,,term_end,,term_start,term_end,,,전라북도 군산시·옥구군,,,평화민주당,신한민주당,김봉욱,,,False
12,양창식,梁昶植,1930-03-15,남,민주정의당,"전북 남원시,임실,남원,순창군",지역구,1985-04-11,1988-05-29,term_end,general,5MH6946W,NA-API 의원이력; NA-API ALLNAMEMBER; kowiki list oldid=40892103,1,,term_end,,term_start,term_end,,,전라북도 남원시·임실군·남원군·순창군,,,민주정의당,민주정의당,양창식,,,False
12,최용안,崔容安,1940-09-25,남,한국국민당,"전북 남원시,임실,남원,순창군",지역구,1985-04-11,1988-05-29,term_end,general,ECA36947,NA-API 의원이력; NA-API ALLNAMEMBER; kowiki list oldid=40892103,1,,term_end,,term_start,term_end,,,전라북도 남원시·임실군·남원군·순창군,,,무소속,한국국민당,최용안,,,False
12,조상래,趙尙來,1936-09-06,남,민주정의당,"전북 부안,김제군",지역구,1985-04-11,1988-05-29,term_end,general,UCT6398V,NA-API 의원이력; NA-API ALLNAMEMBER; kowiki list oldid=40892103,1,,term_end,,term_start,term_end,,,전라북도 부안군·김제군,,,민주정의당,민주정의당,조상래,,,False
12,최락도,崔洛道,1938-01-18,남,신한민주당,"전북 부안,김제군",지역구,1985-04-11,1988-05-29,term_end,general,7GJ2564V,NA-API 의원이력; NA-API ALLNAMEMBER; kowiki list oldid=40892103,1,,term_end,,term_start,term_end,,,전라북도 부안군·김제군,,,평화민주당,신한민주당,최락도,,,False
12,조남조,趙南照,1938-07-05,남,민주정의당,"전북 이리시,익산군",지역구,1985-04-11,1988-05-29,term_end,general,PFS1899I,NA-API 의원이력; NA-API ALLNAMEMBER; kowiki list oldid=40892103,1,,term_end,,term_start,term_end,,,전라북도 이리시·익산군,,,민주정의당,민주정의당,조남조,,,False
12,김득수,金得洙,1938-09-01,남,한국국민당,전북 이리시익산군,지역구,1985-04-11,1988-05-29,term_end,general,X6E1548T,NA-API 의원이력; NA-API ALLNAMEMBER; kowiki list oldid=40892103,1,,term_end,,term_start,term_end,,,전라북도 이리시·익산군,,,평화민주당,신한민주당,김득수 (1938년),,,False
12,이철승,李哲承,1922-05-15,남,신한민주당,"전북 전주시,완주군",지역구,1985-04-11,1988-05-29,term_end,general,6PV4212U,NA-API 의원이력; NA-API ALLNAMEMBER; kowiki list oldid=40892103,1,,term_end,,term_start,term_end,,,전라북도 전주시·완주군,,,무소속,신한민주당,이철승,,,False
12,임방현,林芳鉉,1930-12-03,남,민주정의당,"전북 전주시,완주군",지역구,1985-04-11,1988-05-29,term_end,general,S9A8326K,NA-API 의원이력; NA-API ALLNAMEMBER; kowiki list oldid=40892103,1,,term_end,,term_start,term_end,,,전라북도 전주시·완주군,,,민주정의당,민주정의당,임방현,,,False
12,류갑종,柳甲鍾,1933-02-07,남,신민주당,"전북 정주시,정읍,고창군",지역구,1985-04-11,1988-05-29,term_end,general,CPD8758L,NA-API 의원이력; NA-API ALLNAMEMBER; kowiki list oldid=40892103,1,,term_end,,term_start,term_end,,,전라북도 정주시·정읍군·고창군,,,무소속,신한민주당,유갑종,,,False
12,전종천,全鐘千,1927-01-17,남,민주정의당,"전북 정주시,정읍,고창군",지역구,1985-04-11,1988-05-29,term_end,general,U8K2365X,NA-API 의원이력; NA-API ALLNAMEMBER; kowiki list oldid=40892103,1,,term_end,,term_start,term_end,,,전라북도 정주시·정읍군·고창군,,,민주정의당,민주정의당,전종천,,,False
12,김광수,金光洙,1925-08-15,남,한국국민당,"전북 진안,무주,장수",지역구,1985-04-11,1988-05-29,term_end,general,X0K2352F,NA-API 의원이력; NA-API ALLNAMEMBER; kowiki list oldid=40892103,1,,term_end,,term_start,term_end,,,전라북도 진안군·무주군·장수군,,,민주정의당,한국국민당,김광수 (1925년),,,True
12,전병우,全炳宇,1931-12-21,남,민주정의당,"전북 진안,무주,장수",지역구,1985-04-11,1988-05-29,term_end,general,FN67085Z,NA-API 의원이력; NA-API ALLNAMEMBER; kowiki list oldid=40892103,1,,term_end,,term_start,term_end,,,전라북도 진안군·무주군·장수군,,,민주정의당,민주정의당,전병우,,,False
12,양정규,梁正圭,1933-02-05,남,무소속,"제주 제주,서귀포시,북,남제주군",지역구,1985-04-11,1988-05-29,term_end,general,MIM8629D,NA-API 의원이력; NA-API ALLNAMEMBER; kowiki list oldid=40892103,1,,term_end,,term_start,term_end,,,제주도 제주시·서귀포시·북제주군·남제주군,,,민주정의당,무소속,양정규,,,False
12,현경대,玄敬大,1939-02-21,남,민주정의당,"제주 제주,서귀포시,북,남제주군",지역구,1985-04-11,1988-05-29,term_end,general,WZK3380B,NA-API 의원이력; NA-API ALLNAMEMBER; kowiki list oldid=40892103,1,,term_end,,term_start,term_end,,,제주도 제주시·서귀포시·북제주군·남제주군,,,민주정의당,민주정의당,현경대,,"API end 1988-05-30 is after the term end, set to the term end",False
12,김한수,金漢洙,1935-07-05,남,신한민주당,"충남 공주,논산군",지역구,1985-04-11,1988-05-29,term_end,general,C4L8202L,NA-API 의원이력; NA-API ALLNAMEMBER; kowiki list oldid=40892103,1,,term_end,,term_start,term_end,,,충청남도 논산군·공주군,,,통일민주당,신한민주당,김한수 (1935년),,,False
12,정석모,鄭石謨,1929-03-03,남,민주정의당,"충남 공주,논산군",지역구,1985-04-11,1988-05-29,term_end,general,8OR4908W,NA-API 의원이력; NA-API ALLNAMEMBER; kowiki list oldid=40892103,1,,term_end,,term_start,term_end,,,충청남도 논산군·공주군,,,민주정의당,민주정의당,정석모,,,False
12,유한열,柳漢烈,1938-01-15,남,민주한국당,"충남 금산,대덕,연기군",지역구,1985-04-11,1988-05-29,term_end,general,8AZ5362W,NA-API 의원이력; NA-API ALLNAMEMBER; kowiki list oldid=40892103,1,,term_end,,term_start,term_end,,,충청남도 금산군·대덕군·연기군,,,무소속,신한민주당,유한열,,,False
12,천영성,千永星,1929-04-21,남,민주정의당,"충남 금산,대덕,연기군",지역구,1985-04-11,1988-05-29,term_end,general,D2Z2099T,NA-API 의원이력; NA-API ALLNAMEMBER; kowiki list oldid=40892103,1,,term_end,,term_start,term_end,,,충청남도 금산군·대덕군·연기군,,,민주정의당,민주정의당,천영성,,,False
12,남재두,南在斗,1939-09-14,남,민주정의당,충남 대전시동구,지역구,1985-04-11,1988-05-29,term_end,general,QCQ12252,NA-API 의원이력; NA-API ALLNAMEMBER; kowiki list oldid=40892103,1,,term_end,,term_start,term_end,,,충청남도 대전시 동구,,,민주정의당,민주정의당,남재두,,,False
12,송천영,宋千永,1939-12-16,남,신한민주당,충남 대전시동구,지역구,1985-04-11,1988-05-29,term_end,general,W753054A,NA-API 의원이력; NA-API ALLNAMEMBER; kowiki list oldid=40892103,1,,term_end,,term_start,term_end,,,충청남도 대전시 동구,,,통일민주당,신한민주당,송천영,,,False
12,김옥선,金玉仙,1934-04-02,여,신한민주당,"충남 부여,서천,보령군",지역구,1985-04-11,1988-05-29,term_end,general,BQI9725M,NA-API 의원이력; NA-API ALLNAMEMBER; kowiki list oldid=40892103; manual_checks_12_14.csv,1,,term_end,,term_start,term_end,,,충청남도 부여군·서천군·보령군,,,무소속,신한민주당,김옥선,,birth_date set by manual_checks_12_14.csv (NA value 1834-04-02),False
12,이상익,李相翊,1928-12-17,남,민주정의당,"충남 부여,서천,보령군",지역구,1985-04-11,1988-05-29,term_end,general,3332113D,NA-API 의원이력; NA-API ALLNAMEMBER; kowiki list oldid=40892103,1,,term_end,,term_start,term_end,,,충청남도 부여군·서천군·보령군,,,민주정의당,민주정의당,이상익,,,False
12,김현욱,金顯煜,1939-01-22,남,민주정의당,"충남 서산,당진군",지역구,1985-04-11,1988-05-29,term_end,general,NHT46444,NA-API 의원이력; NA-API ALLNAMEMBER; kowiki list oldid=40892103,1,,term_end,,term_start,term_end,,,충청남도 서산군·당진군,,,민주정의당,민주정의당,김현욱 (정치인),,,False
12,장기욱,張基旭,1943-11-02,남,민주한국당,"충남 서산,당진군",지역구,1985-04-11,1988-05-29,term_end,general,JRH2218E,NA-API 의원이력; NA-API ALLNAMEMBER; kowiki list oldid=40892103,1,,term_end,,term_start,term_end,,,충청남도 서산군·당진군,,,무소속,신한민주당,장기욱,,,False
12,정선호,鄭善昊,1938-01-01,남,민주정의당,"충남 천안시,아산,천원군",지역구,1985-04-11,1988-05-29,term_end,general,UH82645M,NA-API 의원이력; NA-API ALLNAMEMBER; kowiki list oldid=40892103,1,,term_end,,term_start,term_end,,,충청남도 천안시·천원군·아산군,,,민주정의당,민주정의당,정선호 (1938년),,,False
12,정재원,鄭在原,1942-06-18,남,민주한국당,"충남 천안시,아산,천원군",지역구,1985-04-11,1988-05-29,term_end,general,FA46842I,NA-API 의원이력; NA-API ALLNAMEMBER; kowiki list oldid=40892103,1,,term_end,,term_start,term_end,,,충청남도 천안시·천원군·아산군,,,무소속,신한민주당,정재원 (1942년 6월),,,False
12,김성식,金聖植,1938-11-03,남,민주한국당,"충남 청양,홍성,예산군",지역구,1985-04-11,1988-05-29,term_end,general,6JH90386,NA-API 의원이력; NA-API ALLNAMEMBER; kowiki list oldid=40892103,1,,term_end,,term_start,term_end,,,충청남도 청양군·홍성군·예산군,,,통일민주당,신한민주당,김성식 (1938년),,,True
12,최창규,崔昌圭,1937-06-23,남,민주정의당,"충남 청양,홍성,예산군",지역구,1985-04-11,1988-05-29,term_end,general,CY918489,NA-API 의원이력; NA-API ALLNAMEMBER; kowiki list oldid=40892103,1,,term_end,,term_start,term_end,,,충청남도 청양군·홍성군·예산군,,,민주정의당,민주정의당,최창규 (1937년),,,False
12,박준병,朴俊炳,1934-03-28,남,민주정의당,"충북 보은,옥천,영동군",지역구,1985-04-11,1988-05-29,term_end,general,ORH5971D,NA-API 의원이력; NA-API ALLNAMEMBER; kowiki list oldid=40892103,1,,term_end,,term_start,term_end,,,충청북도 보은군·옥천군·영동군,,,민주정의당,민주정의당,박준병 (1933년),,,False
12,이용희,李龍熙,1931-06-10,남,민주한국당,"충북 보은,옥천,영동군",지역구,1985-04-11,1988-05-29,term_end,general,8BY8620U,NA-API 의원이력; NA-API ALLNAMEMBER; kowiki list oldid=40892103,1,,term_end,,term_start,term_end,,,충청북도 보은군·옥천군·영동군,,,평화민주당,신한민주당,이용희 (1931년),,,False
12,김완태,金完泰,1931-01-30,남,한국국민당,"충북 진천,괴산,음성군",지역구,1985-04-11,1988-05-29,term_end,general,A7N1851F,NA-API 의원이력; NA-API ALLNAMEMBER; kowiki list oldid=40892103,1,,term_end,,term_start,term_end,,,충청북도 진천군·괴산군·음성군,,,민주정의당,신한민주당,김완태 (1931년),,,False
12,김종호,金宗鎬,1935-11-30,남,민주정의당,"충북 진천,괴산,음성군",지역구,1985-04-11,1988-05-29,term_end,general,OQ09860C,NA-API 의원이력; NA-API ALLNAMEMBER; kowiki list oldid=40892103,1,,term_end,,term_start,term_end,,,충청북도 진천군·괴산군·음성군,,,민주정의당,민주정의당,김종호 (1935년),,,False
12,김현수,金顯秀,1937-09-07,남,신한민주당,"충북 청주시,청원군",지역구,1985-04-11,1988-05-29,term_end,general,4PQ4551V,NA-API 의원이력; NA-API ALLNAMEMBER; kowiki list oldid=40892103,1,,term_end,,term_start,term_end,,,충청북도 청주시·청원군,,,통일민주당,신한민주당,김현수 (1937년),,,False
12,정종택,鄭宗澤,1935-02-20,남,민주정의당,"충북 청주시,청원군",지역구,1985-04-11,1988-05-29,term_end,general,EUJ8925R,NA-API 의원이력; NA-API ALLNAMEMBER; kowiki list oldid=40892103,1,,term_end,,term_start,term_end,,,충청북도 청주시·청원군,,,민주정의당,민주정의당,정종택 (정치인),,,False
12,이춘구,李春九,1934-11-18,남,민주정의당,"충북 충주,제천시중원,제원,단양",지역구,1985-04-11,1988-05-29,term_end,general,EEC7465H,NA-API 의원이력; NA-API ALLNAMEMBER; kowiki list oldid=40892103,1,,term_end,,term_start,term_end,,,충청북도 충주시·제천시·중원군·제원군·단양군,,,민주정의당,민주정의당,이춘구,,,False
12,이택희,李宅熙,1934-01-01,남,신한민주당,"충북 충주,제천시중원,제원,단양",지역구,1985-04-11,1988-05-29,term_end,general,XSK35625,NA-API 의원이력; NA-API ALLNAMEMBER; kowiki list oldid=40892103,1,,term_end,,term_start,term_end,,,충청북도 충주시·제천시·중원군·제원군·단양군,,,무소속,신한민주당,이택희,,,False
12,강경식,姜慶植,1936-05-10,남,민주정의당,전국구,비례대표,1985-04-11,1988-05-29,term_end,general,85U15859,NA-API 의원이력; NA-API ALLNAMEMBER; kowiki list oldid=40892103,1,,term_end,,term_start,term_end,,,,민주정의당,9,민주정의당,민주정의당,강경식 (1936년),,,True
12,강용식,康容植,1939-05-08,남,민주정의당,전국구,비례대표,1985-04-11,1988-05-29,term_end,general,3QR9592J,NA-API 의원이력; NA-API ALLNAMEMBER; kowiki list oldid=40892103,1,,term_end,,term_start,term_end,,,,민주정의당,35,민주정의당,민주정의당,강용식,,,False
12,고한준,高漢俊,1930-07-30,남,신한민주당,전국구,비례대표,1985-04-11,1988-05-29,term_end,general,FJ046111,NA-API 의원이력; NA-API ALLNAMEMBER; kowiki list oldid=40892103; manual_checks_12_14.csv,1,,term_end,,term_start,term_end,,,,신한민주당,3,평화민주당,신한민주당,고한준,,birth_date set by manual_checks_12_14.csv (NA value 1830-07-30),False
12,권중동,權重東,1932-09-10,남,민주정의당,전국구,비례대표,1985-04-11,1988-05-29,term_end,general,4SK30918,NA-API 의원이력; NA-API ALLNAMEMBER; kowiki list oldid=40892103,1,,term_end,,term_start,term_end,,,,민주정의당,15,민주정의당,민주정의당,권중동,,,False
12,김규원,金奎元,1928-05-30,남,한국국민당,전국구,비례대표,1985-04-11,1988-05-29,term_end,general,UMR9894R,NA-API 의원이력; NA-API ALLNAMEMBER; kowiki list oldid=40892103,1,,term_end,,term_start,term_end,,,,한국국민당,4,신민주공화당,한국국민당,김규원 (1928년),,,False
12,김동욱,金東旭,1938-01-04,남,신한민주당,전국구,비례대표,1985-04-11,1988-05-29,term_end,general,7XD22708,NA-API 의원이력; NA-API ALLNAMEMBER; kowiki list oldid=40892103,1,,term_end,,term_start,term_end,,,,신한민주당,12,통일민주당,신한민주당,김동욱 (1934년),,,False
12,김두종,金斗宗,1939-08-21,남,민주정의당,전국구,비례대표,1985-04-11,1988-05-29,term_end,general,LJJ96725,NA-API 의원이력; NA-API ALLNAMEMBER; kowiki list oldid=40892103,1,,term_end,,term_start,term_end,,,,민주정의당,51,민주정의당,민주정의당,김두종 (정치인),,,False
12,김병수,金炳洙,1934-05-12,남,신한민주당,전국구,비례대표,1985-04-11,1988-05-29,term_end,general,1E45905O,NA-API 의원이력; NA-API ALLNAMEMBER; kowiki list oldid=40892103,1,,term_end,,term_start,term_end,,,,신한민주당,11,무소속,신한민주당,김병수 (1934년),,,False
12,김성기,金聖基,1935-08-16,남,민주정의당,전국구,비례대표,1985-04-11,1985-08-07,resigned,general,47H78157,NA-API 의원이력; NA-API ALLNAMEMBER; kowiki list oldid=40892103; kowiki 의석변동 oldid=40637230; NA bill 010078,1,,resigned_on_appointment,"김성기 법무장관, 황인성 농수산장관 / 문희갑 경제기획원차관 임명으로 사퇴 이진, 정호근, 김중위 승계 / 의원직 사퇴 / 法務部長官에 任命",term_start,confirmed,,wikilist+nabill,,민주정의당,25,민주정의당,민주정의당,김성기 (법조인),,,False
12,김양배,金良培,1938-11-06,남,민주정의당,전국구,비례대표,1985-04-11,1986-11-01,resigned,general,1X78376F,NA-API 의원이력; NA-API ALLNAMEMBER; kowiki list oldid=40892103; kowiki 의석변동 oldid=40637230; NA bill 010313,1,,resigned_on_appointment,김양배 광주시장 임명으로 사퇴 홍희표 승계 / 의원직 사퇴 / 1986.11.1 退職,term_start,confirmed,,nabill,,민주정의당,54,민주정의당,민주정의당,김양배,,"NA bill 120287 (billId 010313) was 폐기, remark '1986.11.1 退職'",False
12,김영구,金榮龜,1940-01-12,남,민주정의당,전국구,비례대표,1985-04-11,1988-05-29,term_end,general,FSJ32138,NA-API 의원이력; NA-API ALLNAMEMBER; kowiki list oldid=40892103,1,,term_end,,term_start,term_end,,,,민주정의당,33,민주정의당,민주정의당,김영구 (1940년),,,True
12,김영작,金榮作,1941-01-04,남,민주정의당,전국구,비례대표,1985-04-11,1985-09-16,resigned,general,N4M1588Z,NA-API 의원이력; NA-API ALLNAMEMBER; kowiki list oldid=40892103; kowiki 의석변동 oldid=40637230; NA bill 010092,1,,resigned_other,김영작 사퇴 박성태 승계 / 의원직 사퇴 / 前歷是非로 辭職,term_start,confirmed,,nabill,,민주정의당,21,무소속,민주정의당,김영작,,,False
12,김영정,金榮禎,1929-10-05,여,민주정의당,전국구,비례대표,1985-04-11,1988-05-29,term_end,general,1RV39474,NA-API 의원이력; NA-API ALLNAMEMBER; kowiki list oldid=40892103,1,,term_end,,term_start,term_end,,,,민주정의당,23,민주정의당,민주정의당,김영정 (1929년),,,False
12,김용오,金容午,1928-03-05,남,신한민주당,전국구,비례대표,1985-04-11,1988-05-29,term_end,general,9GB42601,NA-API 의원이력; NA-API ALLNAMEMBER; kowiki list oldid=40892103,1,,term_end,,term_start,term_end,,,,신한민주당,14,평화민주당,신한민주당,김용오,,,False
12,김장숙,金長淑,1934-03-25,여,민주정의당,전국구,비례대표,1985-04-11,1988-05-29,term_end,general,JP019849,NA-API 의원이력; NA-API ALLNAMEMBER; kowiki list oldid=40892103,1,,term_end,,term_start,term_end,,,,민주정의당,56,민주정의당,민주정의당,김장숙,,,False
12,김종인,金鍾仁,1940-07-11,남,민주정의당,전국구,비례대표,1985-04-11,1988-05-29,term_end,general,E5N8503B,NA-API 의원이력; NA-API ALLNAMEMBER; kowiki list oldid=40892103,1,,term_end,,term_start,term_end,,,,민주정의당,32,민주정의당,민주정의당,김종인,,,False
12,김종철,金種哲,1920-11-07,남,한국국민당,전국구,비례대표,1985-04-11,1986-11-04,died,general,A3067041,NA-API 의원이력; NA-API ALLNAMEMBER; kowiki list oldid=40892103; kowiki 의석변동 oldid=40637230,1,,died,김종철 사망 조용직 승계 / 사망,term_start,confirmed,,wikilist,,한국국민당,1,한국국민당,한국국민당,김종철 (1920년),,,False
12,김집,金潗,1926-12-15,남,민주정의당,전국구,비례대표,1985-04-11,1988-05-29,term_end,general,1Q092210,NA-API 의원이력; NA-API ALLNAMEMBER; kowiki list oldid=40892103,1,,term_end,,term_start,term_end,,,,민주정의당,43,민주정의당,민주정의당,김집 (1926년),,,False
12,김학준,金學俊,1943-01-28,남,민주정의당,전국구,비례대표,1985-04-11,1988-03-10,resigned,general,DZA89640,NA-API 의원이력; NA-API ALLNAMEMBER; kowiki list oldid=40892103; NA bill 010665,1,,resigned_other,의원직 사퇴 / 서울大 敎授로 獨逸 留學,term_start,confirmed,,nabill,,민주정의당,49,민주정의당,민주정의당,김학준 (1943년),,,False
12,김현자,金賢子,1928-03-23,여,민주정의당,전국구,비례대표,1985-04-11,1988-05-29,term_end,general,XB01345U,NA-API 의원이력; NA-API ALLNAMEMBER; kowiki list oldid=40892103,1,,term_end,,term_start,term_end,,,,민주정의당,17,민주정의당,민주정의당,김현자,,,False
12,김형경,金炯璟,1934-03-12,남,신한민주당,전국구,비례대표,1985-04-11,1988-05-29,term_end,general,6C99921C,NA-API 의원이력; NA-API ALLNAMEMBER; kowiki list oldid=40892103,1,,term_end,,term_start,term_end,,,,신한민주당,4,통일민주당,신한민주당,김형경 (1934년),,,False
12,김형효,金炯孝,1940-03-16,남,민주정의당,전국구,비례대표,1985-04-11,1988-05-29,term_end,general,F1M5664J,NA-API 의원이력; NA-API ALLNAMEMBER; kowiki list oldid=40892103,1,,term_end,,term_start,term_end,,,,민주정의당,48,민주정의당,민주정의당,김형호,,Wikipedia list writes the name as 김형호 (article link 김형호),False
12,나웅배,羅雄培,1934-07-24,남,민주정의당,전국구,비례대표,1985-04-11,1987-07-13,resigned,general,6545933G,NA-API 의원이력; NA-API ALLNAMEMBER; kowiki list oldid=40892103; kowiki 의석변동 oldid=40637230; NA bill 010451,1,,resigned_on_appointment,나웅배 상공장관 임명으로 사퇴 김문기 승계 / 의원직 사퇴 / 1987.7.13 議長許可,term_start,confirmed,,wikilist+wikiseat+nabill,,민주정의당,13,민주정의당,민주정의당,나웅배,,,False
12,노태우,盧泰愚,1932-12-04,남,민주정의당,전국구,비례대표,1985-04-11,1987-12-22,elected_other_office,general,WOV4478B,NA-API 의원이력; NA-API ALLNAMEMBER; kowiki list oldid=40892103; kowiki 의석변동 oldid=40637230; NA bill 010630,1,,elected_president,노태우 대통령 당선으로 사퇴 정동윤 승계 / 의원직 사퇴 / 大統領當選者,term_start,confirmed,,wikilist+nabill,,민주정의당,3,민주정의당,민주정의당,노태우,,,False
12,류근환,柳根桓,1928-11-24,남,민주정의당,전국구,비례대표,1985-04-11,1988-05-29,term_end,general,DQV2229Y,NA-API 의원이력; NA-API ALLNAMEMBER; kowiki list oldid=40892103,1,,term_end,,term_start,term_end,,,,민주정의당,28,민주정의당,민주정의당,류근환,,,False
12,문병하,文炳夏,1932-05-03,남,한국국민당,전국구,비례대표,1985-04-11,1988-05-29,term_end,general,38S4789M,NA-API 의원이력; NA-API ALLNAMEMBER; kowiki list oldid=40892103,1,,term_end,,term_start,term_end,,,,한국국민당,3,무소속,한국국민당,문병하,,,False
12,문희갑,文熹甲,1937-06-09,남,민주정의당,전국구,비례대표,1985-04-11,1985-08-07,resigned,general,L975540P,NA-API 의원이력; NA-API ALLNAMEMBER; kowiki list oldid=40892103; kowiki 의석변동 oldid=40637230; NA bill 010079,1,,resigned_on_appointment,"김성기 법무장관, 황인성 농수산장관 / 문희갑 경제기획원차관 임명으로 사퇴 이진, 정호근, 김중위 승계 / 의원직 사퇴 / 經濟企劃院次官에 任命",term_start,confirmed,,wikilist+nabill,,민주정의당,53,민주정의당,민주정의당,문희갑,,,False
12,박동진,朴東鎭,1922-10-11,남,민주정의당,전국구,비례대표,1985-04-11,1988-04-22,resigned,general,RMX6485X,NA-API 의원이력; NA-API ALLNAMEMBER; kowiki list oldid=40892103; kowiki 의석변동 oldid=40637230; NA bill 010666,1,,resigned_on_appointment,박동진 주미대사 임명으로 사퇴 김종렬 승계 / 의원직 사퇴,term_start,confirmed,,nabill,,민주정의당,11,민주정의당,민주정의당,박동진 (1922년),,,False
12,박종문,朴鍾汶,1932-11-05,남,민주정의당,전국구,비례대표,1985-04-11,1988-05-29,term_end,general,AOO49161,NA-API 의원이력; NA-API ALLNAMEMBER; kowiki list oldid=40892103,1,,term_end,,term_start,term_end,,,,민주정의당,8,민주정의당,민주정의당,박종문 (1932년),,,False
12,박종율,朴鍾律,1929-03-14,남,신한민주당,전국구,비례대표,1985-04-11,1988-05-29,term_end,general,JGT1723Y,NA-API 의원이력; NA-API ALLNAMEMBER; kowiki list oldid=40892103,1,,term_end,,term_start,term_end,,,,신한민주당,9,통일민주당,신한민주당,박종율,,,False
12,박해충,朴海充,1928-12-12,남,민주한국당,전국구,비례대표,1985-04-11,1988-05-29,term_end,general,RR42520R,NA-API 의원이력; NA-API ALLNAMEMBER; kowiki list oldid=40892103,1,,term_end,,term_start,term_end,,,,민주한국당,2,무소속,신한민주당,박해충,,,False
12,박혜경,朴惠敬,1941-08-02,여,민주정의당,전국구,비례대표,1985-04-11,1985-09-19,resigned,general,ZM98510C,NA-API 의원이력; NA-API ALLNAMEMBER; kowiki list oldid=40892103; kowiki 의석변동 oldid=40637230; NA bill 010097,1,,resigned_other,박혜경 사퇴 김정균 승계 / 의원직 사퇴,term_start,confirmed,,wikilist+wikiseat+nabill,,민주정의당,57,민주정의당,민주정의당,박혜경 (1941년),,,False
12,배성동,裵成東,1936-06-21,남,민주정의당,전국구,비례대표,1985-04-11,1988-05-29,term_end,general,8O68998V,NA-API 의원이력; NA-API ALLNAMEMBER; kowiki list oldid=40892103,1,,term_end,,term_start,term_end,,,,민주정의당,18,민주정의당,민주정의당,배성동,,,False
12,서정화,徐廷和,1933-03-04,남,민주정의당,전국구,비례대표,1985-04-11,1988-05-29,term_end,general,MLN4587W,NA-API 의원이력; NA-API ALLNAMEMBER; kowiki list oldid=40892103,1,,term_end,,term_start,term_end,,,,민주정의당,7,민주정의당,민주정의당,서정화 (1933년),,,True
12,서정화,徐廷華,1939-08-20,남,민주정의당,전국구,비례대표,1985-04-11,1988-05-29,term_end,general,VSK1291Z,NA-API 의원이력; NA-API ALLNAMEMBER; kowiki list oldid=40892103,1,,term_end,,term_start,term_end,,,,민주정의당,50,민주정의당,민주정의당,서정화 (1939년),,,True
12,손태곤,孫泰坤,1928-02-28,남,민주한국당,전국구,비례대표,1985-04-11,1988-05-29,term_end,general,PUU1876M,NA-API 의원이력; NA-API ALLNAMEMBER; kowiki list oldid=40892103,1,,term_end,,term_start,term_end,,,,민주한국당,4,민주정의당,민주한국당,손태곤,,,False
12,송용식,宋庸植,1932-06-28,남,민주정의당,전국구,비례대표,1985-04-11,1988-05-29,term_end,general,49K6136H,NA-API 의원이력; NA-API ALLNAMEMBER; kowiki list oldid=40892103,1,,term_end,,term_start,term_end,,,,민주정의당,36,민주정의당,민주정의당,송용식,,,False
12,송현섭,宋鉉燮,1936-10-12,남,민주한국당,전국구,비례대표,1985-04-11,1988-05-29,term_end,general,T1R43759,NA-API 의원이력; NA-API ALLNAMEMBER; kowiki list oldid=40892103,1,,term_end,,term_start,term_end,,,,민주한국당,9,평화민주당,신한민주당,송현섭,,,False
12,신경설,申敬說,1932-01-19,남,신한민주당,전국구,비례대표,1985-04-11,1988-05-29,term_end,general,BE686111,NA-API 의원이력; NA-API ALLNAMEMBER; kowiki list oldid=40892103,1,,term_end,,term_start,term_end,,,,신한민주당,17,민주정의당,신한민주당,신경설,,,False
12,신달수,辛達洙,1923-03-10,남,신한민주당,전국구,비례대표,1985-04-11,1988-05-29,term_end,general,QDD3349L,NA-API 의원이력; NA-API ALLNAMEMBER; kowiki list oldid=40892103,1,,term_end,,term_start,term_end,,,,신한민주당,1,민주정의당,신한민주당,신달수 (1923년),,,False
12,신동준,申東準,1932-12-10,남,민주한국당,전국구,비례대표,1985-04-11,1988-05-29,term_end,general,DXT6464N,NA-API 의원이력; NA-API ALLNAMEMBER; kowiki list oldid=40892103,1,,term_end,,term_start,term_end,,,,민주한국당,7,무소속,민주한국당,신동준 (1932년 12월),,,False
12,신병열,辛秉烈,1935-02-13,남,신한민주당,전국구,비례대표,1985-04-11,1988-05-29,term_end,general,7OR1355H,NA-API 의원이력; NA-API ALLNAMEMBER; kowiki list oldid=40892103,1,,term_end,,term_start,term_end,,,,신한민주당,8,통일민주당,신한민주당,신병열,,,False
12,신재휴,辛宰休,1936-07-15,남,민주한국당,전국구,비례대표,1985-04-11,1988-05-29,term_end,general,4W399763,NA-API 의원이력; NA-API ALLNAMEMBER; kowiki list oldid=40892103,1,,term_end,,term_start,term_end,,,,민주한국당,3,무소속,신한민주당,신재휴,,,False
12,안갑준,安甲濬,1926-12-22,남,민주정의당,전국구,비례대표,1985-04-11,1988-05-29,term_end,general,PQV7879D,NA-API 의원이력; NA-API ALLNAMEMBER; kowiki list oldid=40892103,1,,term_end,,term_start,term_end,,,,민주정의당,24,민주정의당,민주정의당,안갑준,,,False
12,안영화,安永和,1941-05-03,남,민주정의당,전국구,비례대표,1985-04-11,1988-05-29,term_end,general,DMB3294Z,NA-API 의원이력; NA-API ALLNAMEMBER; kowiki list oldid=40892103,1,,term_end,,term_start,term_end,,,,민주정의당,59,민주정의당,민주정의당,안영화,,,False
12,양경자,梁慶子,1940-07-25,여,민주정의당,전국구,비례대표,1985-04-11,1988-05-29,term_end,general,HVO20403,NA-API 의원이력; NA-API ALLNAMEMBER; kowiki list oldid=40892103,1,,term_end,,term_start,term_end,,,,민주정의당,52,민주정의당,민주정의당,양경자,,,False
12,왕상은,王相殷,1920-03-31,남,민주정의당,전국구,비례대표,1985-04-11,1988-05-29,term_end,general,Y9F6037P,NA-API 의원이력; NA-API ALLNAMEMBER; kowiki list oldid=40892103,1,,term_end,,term_start,term_end,,,,민주정의당,4,민주정의당,민주정의당,왕상은,,,False
12,유학성,兪學聖,1927-02-28,남,민주정의당,전국구,비례대표,1985-04-11,1988-05-29,term_end,general,DSA2985Y,NA-API 의원이력; NA-API ALLNAMEMBER; kowiki list oldid=40892103,1,,term_end,,term_start,term_end,,,,민주정의당,5,민주정의당,민주정의당,유학성,,,False
12,윤영탁,尹榮卓,1933-06-04,남,신한민주당,전국구,비례대표,1985-04-11,1988-05-29,term_end,general,I6J48467,NA-API 의원이력; NA-API ALLNAMEMBER; kowiki list oldid=40892103,1,,term_end,,term_start,term_end,,,,신한민주당,7,통일민주당,신한민주당,윤영탁,,,False
12,이길범,李佶範,1938-03-20,남,신한민주당,전국구,비례대표,1985-04-11,1988-05-29,term_end,general,1YD7799R,NA-API 의원이력; NA-API ALLNAMEMBER; kowiki list oldid=40892103,1,,term_end,,term_start,term_end,,,,신한민주당,13,평화민주당,신한민주당,이길범 (1938년),,,False
12,이상재,李相宰,1934-08-22,남,민주정의당,전국구,비례대표,1985-04-11,1988-05-29,term_end,general,T5X6086S,NA-API 의원이력; NA-API ALLNAMEMBER; kowiki list oldid=40892103,1,,term_end,,term_start,term_end,,,,민주정의당,6,민주정의당,민주정의당,이상재 (1934년),,,False
12,이상희,李祥羲,1938-09-01,남,민주정의당,전국구,비례대표,1985-04-11,1988-05-29,term_end,general,78Y31029,NA-API 의원이력; NA-API ALLNAMEMBER; kowiki list oldid=40892103,1,,term_end,,term_start,term_end,,,,민주정의당,27,민주정의당,민주정의당,이상희 (1938년),,,False
12,이성렬,李成烈,1926-08-05,남,민주정의당,전국구,비례대표,1985-04-11,1988-05-29,term_end,general,0VH49657,NA-API 의원이력; NA-API ALLNAMEMBER; kowiki list oldid=40892103,1,,term_end,,term_start,term_end,,,,민주정의당,16,민주정의당,민주정의당,이성렬,,,False
12,이성호,李聖浩,1938-12-18,남,민주정의당,전국구,비례대표,1985-04-11,1988-05-29,term_end,general,TNK9949W,NA-API 의원이력; NA-API ALLNAMEMBER; kowiki list oldid=40892103,1,,term_end,,term_start,term_end,,,,민주정의당,61,민주정의당,민주정의당,이성호 (1938년),,,False
12,이영욱,李永旭,1932-08-12,남,민주정의당,전국구,비례대표,1985-04-11,1988-05-29,term_end,general,TN556862,NA-API 의원이력; NA-API ALLNAMEMBER; kowiki list oldid=40892103,1,,term_end,,term_start,term_end,,,,민주정의당,20,민주정의당,민주정의당,이영욱 (1932년),,,False
12,이용훈,李龍薰,1927-02-09,남,민주정의당,전국구,비례대표,1985-04-11,1988-05-29,term_end,general,NAX4696W,NA-API 의원이력; NA-API ALLNAMEMBER; kowiki list oldid=40892103,1,,term_end,,term_start,term_end,,,,민주정의당,12,민주정의당,민주정의당,이용훈 (1927년),,,False
12,이재형,李載灐,1914-11-07,남,민주정의당,전국구,비례대표,1985-04-11,1988-05-29,term_end,general,QCI6988T,NA-API 의원이력; NA-API ALLNAMEMBER; kowiki list oldid=40892103,1,,term_end,,term_start,term_end,,,,민주정의당,1,민주정의당,민주정의당,이재형 (정치인),,,False
12,이종률,李鍾律,1941-09-26,남,민주정의당,전국구,비례대표,1985-04-11,1986-09-04,resigned,general,7BJ2373D,NA-API 의원이력; NA-API ALLNAMEMBER; kowiki list oldid=40892103; kowiki 의석변동 oldid=40637230; NA bill 010280,1,,resigned_on_appointment,이종률 청와대 공보수석 임명으로 사퇴 김태수 승계 / 의원직 사퇴 / 靑瓦臺 代辯人에 任命 | 1986.9.4 議長許可,term_start,confirmed,,nabill,,민주정의당,46,민주정의당,민주정의당,이종률,,,False
12,이철우,李轍雨,1934-01-08,남,민주정의당,전국구,비례대표,1985-04-11,1988-05-29,term_end,general,7M76226B,NA-API 의원이력; NA-API ALLNAMEMBER; kowiki list oldid=40892103,1,,term_end,,term_start,term_end,,,,민주정의당,58,민주정의당,민주정의당,이철우 (1934년),,,True
12,이태구,李泰九,1920-11-03,남,민주한국당,전국구,비례대표,1985-04-11,1988-05-29,term_end,general,K409933H,NA-API 의원이력; NA-API ALLNAMEMBER; kowiki list oldid=40892103,1,,term_end,,term_start,term_end,,,,민주한국당,1,무소속,민주한국당,이태구 (1920년),,,False
12,임두빈,任斗彬,1933-09-07,남,민주정의당,전국구,비례대표,1985-04-11,1988-05-29,term_end,general,Q7I5534K,NA-API 의원이력; NA-API ALLNAMEMBER; kowiki list oldid=40892103,1,,term_end,,term_start,term_end,,,,민주정의당,38,민주정의당,민주정의당,임두빈,,,False
12,임영득,任煐得,1932-04-10,남,민주정의당,전국구,비례대표,1985-04-11,1988-05-29,term_end,general,X1689725,NA-API 의원이력; NA-API ALLNAMEMBER; kowiki list oldid=40892103,1,,term_end,,term_start,term_end,,,,민주정의당,42,무소속,민주정의당,임영득,,,False
12,임춘원,林春元,1938-03-01,남,신한민주당,전국구,비례대표,1985-04-11,1988-05-29,term_end,general,EWB4602W,NA-API 의원이력; NA-API ALLNAMEMBER; kowiki list oldid=40892103,1,,term_end,,term_start,term_end,,,,신한민주당,2,평화민주당,신한민주당,임춘원,,,False
12,장충준,張忠準,1936-10-15,남,신한민주당,전국구,비례대표,1985-04-11,1988-05-29,term_end,general,KBU77937,NA-API 의원이력; NA-API ALLNAMEMBER; kowiki list oldid=40892103,1,,term_end,,term_start,term_end,,,,신한민주당,15,평화민주당,신한민주당,장충준,,,False
12,정상구,鄭相九,1925-04-28,남,민주한국당,전국구,비례대표,1985-04-11,1988-05-29,term_end,general,HFG6145J,NA-API 의원이력; NA-API ALLNAMEMBER; kowiki list oldid=40892103,1,,term_end,,term_start,term_end,,,,민주한국당,5,통일민주당,신한민주당,정상구,,,False
12,정시봉,鄭始鳳,1916-12-07,남,한국국민당,전국구,비례대표,1985-04-11,1988-05-29,term_end,general,UUT73651,NA-API 의원이력; NA-API ALLNAMEMBER; kowiki list oldid=40892103,1,,term_end,,term_start,term_end,,,,한국국민당,2,신민주공화당,한국국민당,정시봉,,,False
12,정재문,鄭在文,1936-10-31,남,신한민주당,전국구,비례대표,1985-04-11,1988-05-29,term_end,general,QL63675M,NA-API 의원이력; NA-API ALLNAMEMBER; kowiki list oldid=40892103,1,,term_end,,term_start,term_end,,,,신한민주당,5,통일민주당,신한민주당,정재문,,,False
12,정창화,鄭昌和,1940-08-02,남,민주정의당,전국구,비례대표,1985-04-11,1988-05-29,term_end,general,NBM68293,NA-API 의원이력; NA-API ALLNAMEMBER; kowiki list oldid=40892103,1,,term_end,,term_start,term_end,,,,민주정의당,31,민주정의당,민주정의당,정창화 (1940년),,,False
12,정현경,鄭顯경,1933-12-05,남,민주정의당,전국구,비례대표,1985-04-11,1988-05-29,term_end,general,2IU6445V,NA-API 의원이력; NA-API ALLNAMEMBER; kowiki list oldid=40892103,1,,term_end,,term_start,term_end,,,,민주정의당,39,민주정의당,민주정의당,정현경 (1933년),,,False
12,정휘동,鄭輝東,1925-05-30,남,민주정의당,전국구,비례대표,1985-04-11,1988-05-29,term_end,general,UJT7682U,NA-API 의원이력; NA-API ALLNAMEMBER; kowiki list oldid=40892103,1,,term_end,,term_start,term_end,,,,민주정의당,55,무소속,민주정의당,정휘동,,,False
12,조경목,趙庚穆,1937-06-26,남,민주정의당,전국구,비례대표,1985-04-11,1988-05-29,term_end,general,AKW5267O,NA-API 의원이력; NA-API ALLNAMEMBER; kowiki list oldid=40892103,1,,term_end,,term_start,term_end,,,,민주정의당,47,민주정의당,민주정의당,조경목,,,False
12,조상현,曺祥鉉,1924-01-13,남,민주정의당,전국구,비례대표,1985-04-11,1988-05-29,term_end,general,8VO2188C,NA-API 의원이력; NA-API ALLNAMEMBER; kowiki list oldid=40892103,1,,term_end,,term_start,term_end,,,,민주정의당,22,민주정의당,민주정의당,조상현 (1924년),,,False
12,조영수,趙永壽,1941-04-17,남,신한민주당,전국구,비례대표,1985-04-11,1988-05-29,term_end,general,DM691397,NA-API 의원이력; NA-API ALLNAMEMBER; kowiki list oldid=40892103,1,,term_end,,term_start,term_end,,,,신한민주당,10,통일민주당,신한민주당,조영수 (1941년),,,False
12,조일문,趙一文,1917-12-17,남,민주정의당,전국구,비례대표,1985-04-11,1988-05-29,term_end,general,1A43167I,NA-API 의원이력; NA-API ALLNAMEMBER; kowiki list oldid=40892103,1,,term_end,,term_start,term_end,,,,민주정의당,14,민주정의당,민주정의당,조일문,,,False
12,조종호,趙鍾昊,1921-12-22,남,민주정의당,전국구,비례대표,1985-04-11,1988-05-29,term_end,general,N775786K,NA-API 의원이력; NA-API ALLNAMEMBER; kowiki list oldid=40892103,1,,term_end,,term_start,term_end,,,,민주정의당,26,민주정의당,민주정의당,조종호,,,False
12,지갑종,池甲鍾,1927-02-10,남,민주정의당,전국구,비례대표,1985-04-11,1988-05-29,term_end,general,NSR27870,NA-API 의원이력; NA-API ALLNAMEMBER; kowiki list oldid=40892103,1,,term_end,,term_start,term_end,,,,민주정의당,44,민주정의당,민주정의당,지갑종,,,False
12,지연태,池連泰,1928-02-15,남,민주정의당,전국구,비례대표,1985-04-11,1988-05-29,term_end,general,BHU7979V,NA-API 의원이력; NA-API ALLNAMEMBER; kowiki list oldid=40892103,1,,term_end,,term_start,term_end,,,,민주정의당,37,민주정의당,민주정의당,지연태,,,False
12,진의종,陳懿鍾,1921-12-13,남,민주정의당,전국구,비례대표,1985-04-11,1988-05-29,term_end,general,8KV66489,NA-API 의원이력; NA-API ALLNAMEMBER; kowiki list oldid=40892103,1,,term_end,,term_start,term_end,,,,민주정의당,2,민주정의당,민주정의당,진의종,,,False
12,진치범,陳治範,1931-12-16,남,민주정의당,전국구,비례대표,1985-04-11,1988-05-29,term_end,general,XR63758H,NA-API 의원이력; NA-API ALLNAMEMBER; kowiki list oldid=40892103,1,,term_end,,term_start,term_end,,,,민주정의당,40,민주정의당,민주정의당,진치범,,,False
12,최명헌,崔明憲,1929-06-16,남,민주정의당,전국구,비례대표,1985-04-11,1988-05-29,term_end,general,ARB2312Q,NA-API 의원이력; NA-API ALLNAMEMBER; kowiki list oldid=40892103,1,,term_end,,term_start,term_end,,,,민주정의당,45,민주정의당,민주정의당,최명헌,,,False
12,최병렬,崔秉烈,1938-09-16,남,민주정의당,전국구,비례대표,1985-04-11,1988-05-29,term_end,general,34C34428,NA-API 의원이력; NA-API ALLNAMEMBER; kowiki list oldid=40892103,1,,term_end,,term_start,term_end,,,,민주정의당,34,민주정의당,민주정의당,최병렬 (정치인),,,False
12,최상진,崔祥鎭,1941-07-05,남,민주정의당,전국구,비례대표,1985-04-11,1988-05-29,term_end,general,YN365468,NA-API 의원이력; NA-API ALLNAMEMBER; kowiki list oldid=40892103,1,,term_end,,term_start,term_end,,,,민주정의당,60,민주정의당,민주정의당,최상진 (정치인),,,False
12,최영덕,崔永德,1928-03-10,남,민주정의당,전국구,비례대표,1985-04-11,1988-05-29,term_end,general,06R3092T,NA-API 의원이력; NA-API ALLNAMEMBER; kowiki list oldid=40892103,1,,term_end,,term_start,term_end,,,,민주정의당,41,민주정의당,민주정의당,최영덕 (1928년),,,False
12,최운지,崔雲芝,1927-09-15,남,민주한국당,전국구,비례대표,1985-04-11,1988-05-29,term_end,general,WRP6148P,NA-API 의원이력; NA-API ALLNAMEMBER; kowiki list oldid=40892103,1,,term_end,,term_start,term_end,,,,민주한국당,6,민주정의당,신한민주당,최운지,,,False
12,최재구,崔載九,1929-07-13,남,한국국민당,전국구,비례대표,1985-04-11,1988-05-29,term_end,general,9HW7898Q,NA-API 의원이력; NA-API ALLNAMEMBER; kowiki list oldid=40892103,1,,term_end,,term_start,term_end,,,,한국국민당,5,신민주공화당,한국국민당,최재구 (1929년),,,False
12,최훈,崔薰,1928-07-08,남,신한민주당,전국구,비례대표,1985-04-11,1988-05-29,term_end,general,GIZ16849,NA-API 의원이력; NA-API ALLNAMEMBER; kowiki list oldid=40892103,1,,term_end,,term_start,term_end,,,,신한민주당,16,평화민주당,신한민주당,최훈 (정치인),,,False
12,한양순,韓良順,1929-09-20,여,민주정의당,전국구,비례대표,1985-04-11,1988-05-29,term_end,general,QR92338T,NA-API 의원이력; NA-API ALLNAMEMBER; kowiki list oldid=40892103,1,,term_end,,term_start,term_end,,,,민주정의당,29,민주정의당,민주정의당,한양순,,,False
12,한효섭,韓斅葉,1946-09-07,남,신한민주당,전국구,비례대표,1985-04-11,1988-05-29,term_end,general,EAH64767,NA-API 의원이력; NA-API ALLNAMEMBER; kowiki list oldid=40892103,1,,term_end,,term_start,term_end,,,,신한민주당,6,통일민주당,신한민주당,한효섭,,Wikipedia list writes the name as 한석봉 (article link 한효섭),False
12,현홍주,玄鴻柱,1940-08-19,남,민주정의당,전국구,비례대표,1985-04-11,1988-05-29,term_end,general,OXS4868W,NA-API 의원이력; NA-API ALLNAMEMBER; kowiki list oldid=40892103,1,,term_end,,term_start,term_end,,,,민주정의당,19,민주정의당,민주정의당,현홍주,,,False
12,홍종욱,洪鍾旭,1924-01-09,남,민주정의당,전국구,비례대표,1985-04-11,1988-05-29,term_end,general,S6240875,NA-API 의원이력; NA-API ALLNAMEMBER; kowiki list oldid=40892103,1,,term_end,,term_start,term_end,,,,민주정의당,30,민주정의당,민주정의당,홍종욱,,,False
12,황대봉,黃大鳳,1930-04-23,남,민주한국당,전국구,비례대표,1985-04-11,1988-05-29,term_end,general,GMC9494G,NA-API 의원이력; NA-API ALLNAMEMBER; kowiki list oldid=40892103,1,,term_end,,term_start,term_end,,,,민주한국당,8,통일민주당,민주한국당,황대봉,,,False
12,황인성,黃寅性,1926-01-09,남,민주정의당,전국구,비례대표,1985-04-11,1985-08-07,resigned,general,BEP5053G,NA-API 의원이력; NA-API ALLNAMEMBER; kowiki list oldid=40892103; kowiki 의석변동 oldid=40637230; NA bill 010080,1,,resigned_on_appointment,"김성기 법무장관, 황인성 농수산장관 / 문희갑 경제기획원차관 임명으로 사퇴 이진, 정호근, 김중위 승계 / 의원직 사퇴 / 農水産部長官에 任命",term_start,confirmed,,wikilist+nabill,,민주정의당,10,민주정의당,민주정의당,황인성 (1926년),,,False
12,김중위,金重緯,1939-10-28,남,민주정의당,전국구,비례대표,1985-08-09,1988-05-29,term_end,succession_pr,B3A7296S,NA-API 의원이력; NA-API ALLNAMEMBER; kowiki list oldid=40892103; kowiki 의석변동 oldid=40637230,1,,term_end,,confirmed,term_end,wikilist,,,민주정의당,64,민주정의당,민주정의당,김중위,,,False
12,이진,李進,1942-08-17,남,민주정의당,전국구,비례대표,1985-08-09,1988-05-29,term_end,succession_pr,AJ04477M,NA-API 의원이력; NA-API ALLNAMEMBER; kowiki list oldid=40892103; kowiki 의석변동 oldid=40637230,1,,term_end,,confirmed,term_end,wikilist,,,민주정의당,62,민주정의당,민주정의당,이진 (1942년),,,False
12,정호근,鄭好根,1937-11-29,남,민주정의당,전국구,비례대표,1985-08-09,1988-05-29,term_end,succession_pr,VOB85748,NA-API 의원이력; NA-API ALLNAMEMBER; kowiki list oldid=40892103; kowiki 의석변동 oldid=40637230,1,,term_end,,confirmed,term_end,wikilist,,,민주정의당,63,민주정의당,민주정의당,정호근 (1937년),,,False
12,박성태,朴聖泰,1939-02-05,남,민주정의당,전국구,비례대표,1985-09-18,1988-05-29,term_end,succession_pr,1Y37123B,NA-API 의원이력; NA-API ALLNAMEMBER; kowiki list oldid=40892103; kowiki 의석변동 oldid=40637230,1,,term_end,,api_later_than_wiki,term_end,wikilist=1985-09-17; wikiseat=1985-09-17,,,민주정의당,65,민주정의당,민주정의당,박성태 (1939년),,,False
12,김정균,金正均,1940-02-16,남,민주정의당,전국구,비례대표,1985-09-20,1988-05-29,term_end,succession_pr,TYF5639Q,NA-API 의원이력; NA-API ALLNAMEMBER; kowiki list oldid=40892103; kowiki 의석변동 oldid=40637230,1,,term_end,,api_later_than_wiki,term_end,wikilist=1985-09-19; wikiseat=1985-09-19,,,민주정의당,66,민주정의당,민주정의당,김정균 (1940년),,,False
12,김태수,金泰守,1937-01-07,남,민주정의당,전국구,비례대표,1986-09-05,1988-05-29,term_end,succession_pr,NTX2814J,NA-API 의원이력; NA-API ALLNAMEMBER; kowiki list oldid=40892103; kowiki 의석변동 oldid=40637230; manual_checks_12_14.csv,1,,term_end,,api_later_than_wiki,term_end,wikilist=1986-09-03; wikiseat=1986-09-03,,,민주정의당,67,민주정의당,민주정의당,김태수 (1937년),,birth_date set by manual_checks_12_14.csv (NA value 2037-01-07),False
12,홍희표,洪凞杓,1938-02-01,남,민주정의당,전국구,비례대표,1986-11-01,1988-05-29,term_end,succession_pr,RTU96565,NA-API 의원이력; NA-API ALLNAMEMBER; kowiki list oldid=40892103; kowiki 의석변동 oldid=40637230,1,,term_end,,api_later_than_wiki,term_end,wikilist=1986-10-13; wikiseat=1986-10-13,,,민주정의당,68,무소속,민주정의당,홍희표,,,False
12,조용직,趙容直,1940-12-11,남,한국국민당,전국구,비례대표,1986-11-07,1988-05-29,term_end,succession_pr,XP35003L,NA-API 의원이력; NA-API ALLNAMEMBER; kowiki list oldid=40892103; kowiki 의석변동 oldid=40637230,1,,term_end,,conflict,term_end,wikilist=1986-11-04; wikiseat=1986-11-14,,,한국국민당,6,신민주공화당,한국국민당,조용직,,,False
12,김문기,金文起,1932-03-07,남,민주정의당,전국구,비례대표,1987-07-16,1988-05-29,term_end,succession_pr,90U66631,NA-API 의원이력; NA-API ALLNAMEMBER; kowiki list oldid=40892103; kowiki 의석변동 oldid=40637230,1,,term_end,,api_later_than_wiki,term_end,wikilist=1987-07-13; wikiseat=1987-07-13,,,민주정의당,69,민주정의당,민주정의당,김문기 (1932년),,,False
12,정동윤,鄭東允,1937-12-07,남,민주정의당,전국구,비례대표,1987-12-22,1988-05-29,term_end,succession_pr,BM974630,NA-API 의원이력; NA-API ALLNAMEMBER; kowiki list oldid=40892103; kowiki 의석변동 oldid=40637230,1,,term_end,,confirmed,term_end,wikilist,,,민주정의당,70,민주정의당,민주정의당,정동윤 (정치인),,,False
12,심국무,沈國茂,1939-07-03,남,민주정의당,전국구,비례대표,1988-03-31,1988-05-29,term_end,succession_pr,JYG7602C,NA-API 의원이력; NA-API ALLNAMEMBER; kowiki list oldid=40892103,1,,term_end,,api_later_than_wiki,term_end,wikilist=1988-03-30,,,민주정의당,71,민주정의당,민주정의당,심국무,,,False
12,김종열,金鍾烈,1930-04-15,남,민주정의당,전국구,비례대표,1988-05-13,1988-05-29,term_end,succession_pr,GRV72207,NA-API 의원이력; NA-API ALLNAMEMBER; kowiki list oldid=40892103; kowiki 의석변동 oldid=40637230,1,,term_end,,api_later_than_wiki,term_end,wikilist=1988-05-11; wikiseat=1988-05-11,,,민주정의당,72,민주정의당,민주정의당,김종렬,,,False
13,최각규,崔珏圭,1933-11-03,남,신민주공화당,강원 강릉시,지역구,1988-05-30,1992-05-29,term_end,general,OFA8515J,NA-API 의원이력; NA-API ALLNAMEMBER; kowiki list oldid=40892102,1,,term_end,,term_start,term_end,,,강원도 강릉시,,,민주자유당,신민주공화당,최각규,,,False
13,홍희표,洪凞杓,1938-02-01,남,무소속,강원 동해시,지역구,1988-05-30,1992-05-29,term_end,general,RTU96565,NA-API 의원이력; NA-API ALLNAMEMBER; kowiki list oldid=40892102; kowiki 의석변동 oldid=41819983,2,1988-05-30~1989-03-14 지역구 강원 동해시 (general->disqualified) ; 1989-04-15~1992-05-29 지역구 강원 동해시 (by_election->term_end),term_end,,term_start,term_end,,,강원도 동해시,,,민주자유당,무소속,홍희표,,,False
13,김문기,金文起,1932-03-07,남,민주정의당,강원 명주군양양군,지역구,1988-05-30,1992-05-29,term_end,general,90U66631,NA-API 의원이력; NA-API ALLNAMEMBER; kowiki list oldid=40892102,1,,term_end,,term_start,term_end,,,강원도 명주군·양양군,,,민주자유당,민주정의당,김문기 (1932년),,,False
13,김일동,金日東,1938-08-18,남,통일민주당,"강원 삼천시,군",지역구,1988-05-30,1992-05-29,term_end,general,60H5229G,NA-API 의원이력; NA-API ALLNAMEMBER; kowiki list oldid=40892102,1,,term_end,,term_start,term_end,,,강원도 삼척시·삼척군,,,민주자유당,통일민주당,김일동,,,False
13,최정식,崔正植,1929-02-11,남,통일민주당,강원 속초시고성군,지역구,1988-05-30,1992-05-29,term_end,general,HRZ2823G,NA-API 의원이력; NA-API ALLNAMEMBER; kowiki list oldid=40892102,1,,term_end,,term_start,term_end,,,강원도 속초시·고성군,,,무소속,통일민주당,최정식,,,False
13,심명보,沈明輔,1935-02-03,남,민주정의당,"강원 영월,평창군",지역구,1988-05-30,1992-05-29,term_end,general,HCN4630J,NA-API 의원이력; NA-API ALLNAMEMBER; kowiki list oldid=40892102,1,,term_end,,term_start,term_end,,,강원도 영월군·평창군,,,민주자유당,민주정의당,심명보,,,False
13,함종한,咸鍾漢,1944-01-08,남,민주정의당,강원 원주시,지역구,1988-05-30,1992-05-29,term_end,general,2XE5489Z,NA-API 의원이력; NA-API ALLNAMEMBER; kowiki list oldid=40892102,1,,term_end,,term_start,term_end,,,강원도 원주시,,,민주자유당,민주정의당,함종한,,,False
13,박우병,朴佑炳,1933-02-03,남,민주정의당,강원 정선군,지역구,1988-05-30,1992-05-29,term_end,general,6YB3013O,NA-API 의원이력; NA-API ALLNAMEMBER; kowiki list oldid=40892102,1,,term_end,,term_start,term_end,,,강원도 정선군,,,민주자유당,민주정의당,박우병,,,False
13,김재순,金在淳,1923-11-30,남,민주정의당,"강원 철원,화천",지역구,1988-05-30,1992-05-29,term_end,general,NPZ9074T,NA-API 의원이력; NA-API ALLNAMEMBER; kowiki list oldid=40892102,1,,term_end,,term_start,term_end,,,강원도 화천군·철원군,,,민주자유당,민주정의당,김재순 (정치인),,,False
13,이민섭,李敏燮,1939-02-28,남,민주정의당,"강원 춘성,양구,인제군",지역구,1988-05-30,1992-05-29,term_end,general,2CS7325Y,NA-API 의원이력; NA-API ALLNAMEMBER; kowiki list oldid=40892102,1,,term_end,,term_start,term_end,,,강원도 춘성군·양구군·인제군,,,민주자유당,민주정의당,이민섭,,,False
13,한승수,韓昇洙,1936-12-28,남,민주정의당,강원 춘천시,지역구,1988-05-30,1992-05-29,term_end,general,AML4805R,NA-API 의원이력; NA-API ALLNAMEMBER; kowiki list oldid=40892102,1,,term_end,,term_start,term_end,,,강원도 춘천시,,,민주자유당,민주정의당,한승수,,,False
13,류승규,柳昇珪,1946-01-19,남,무소속,강원 태백시,지역구,1988-05-30,1992-05-29,term_end,general,JMC44351,NA-API 의원이력; NA-API ALLNAMEMBER; kowiki list oldid=40892102,1,,term_end,,term_start,term_end,,,강원도 태백시,,,민주자유당,통일민주당,류승규 (1946년),,,False
13,이응선,李應善,1934-05-03,남,민주정의당,강원 홍천군,지역구,1988-05-30,1992-05-29,term_end,general,48H5289C,NA-API 의원이력; NA-API ALLNAMEMBER; kowiki list oldid=40892102,1,,term_end,,term_start,term_end,,,강원도 홍천군,,,민주자유당,민주정의당,이응선,,,False
13,박경수,朴炅秀,1938-12-28,남,통일민주당,"강원 횡성,원주",지역구,1988-05-30,1992-05-29,term_end,general,0VC4391G,NA-API 의원이력; NA-API ALLNAMEMBER; kowiki list oldid=40892102,1,,term_end,,term_start,term_end,,,강원도 횡성군·원성군,,,민주자유당,통일민주당,박경수 (1938년),,,False
13,김영선,金永先,1932-05-10,남,민주정의당,"경기 가평군,양평군",지역구,1988-05-30,1992-05-29,term_end,general,KHO8835W,NA-API 의원이력; NA-API ALLNAMEMBER; kowiki list oldid=40892102,1,,term_end,,term_start,term_end,,,경기도 가평군·양평군,,,무소속,민주정의당,김영선 (1932년),,,True
13,이택석,李澤錫,1935-12-07,남,신민주공화당,경기 고양,지역구,1988-05-30,1992-05-29,term_end,general,VU95307T,NA-API 의원이력; NA-API ALLNAMEMBER; kowiki list oldid=40892102,1,,term_end,,term_start,term_end,,,경기도 고양군,,,민주자유당,신민주공화당,이택석,,,False
13,황철수,黃哲秀,1926-03-10,남,민주정의당,"경기 과천시,시흥군",지역구,1988-05-30,1992-05-29,term_end,general,PE09728Y,NA-API 의원이력; NA-API ALLNAMEMBER; kowiki list oldid=40892102,1,,term_end,,term_start,term_end,,,경기도 과천시·시흥군,,,민주자유당,민주정의당,황철수 (정치인),,,False
13,김병용,金柄龍,1931-03-25,남,신민주공화당,경기 광명시,지역구,1988-05-30,1992-05-29,term_end,general,YFN1661H,NA-API 의원이력; NA-API ALLNAMEMBER; kowiki list oldid=40892102,1,,term_end,,term_start,term_end,,,경기도 광명시,,,민주자유당,신민주공화당,김병용,,,False
13,유기준,兪棋濬,1924-12-18,남,통일민주당,경기 광주군,지역구,1988-05-30,1992-05-29,term_end,general,K4Q81564,NA-API 의원이력; NA-API ALLNAMEMBER; kowiki list oldid=40892102,1,,term_end,,term_start,term_end,,,경기도 광주군,,,민주자유당,통일민주당,유기준 (1924년),,,True
13,전용원,田瑢源,1944-04-24,남,민주정의당,경기 구리시,지역구,1988-05-30,1992-05-29,term_end,general,C6N4172N,NA-API 의원이력; NA-API ALLNAMEMBER; kowiki list oldid=40892102,1,,term_end,,term_start,term_end,,,경기도 구리시,,,민주자유당,민주정의당,전용원,,,False
13,정해남,丁海男,1943-09-19,남,민주정의당,"경기 김포,강화",지역구,1988-05-30,1992-05-29,term_end,general,6OE6093D,NA-API 의원이력; NA-API ALLNAMEMBER; kowiki list oldid=40892102,1,,term_end,,term_start,term_end,,,경기도 김포군·강화군,,,민주자유당,민주정의당,정해남 (정치인),,,False
13,이성호,李聖浩,1938-12-18,남,민주정의당,경기 남양주,지역구,1988-05-30,1992-05-29,term_end,general,TNK9949W,NA-API 의원이력; NA-API ALLNAMEMBER; kowiki list oldid=40892102,1,,term_end,,term_start,term_end,,,경기도 남양주군,,,민주자유당,민주정의당,이성호 (1938년),,,False
13,이덕호,李德浩,1941-12-14,남,민주정의당,경기 동두천시양주군,지역구,1988-05-30,1992-05-29,term_end,general,6RM77040,NA-API 의원이력; NA-API ALLNAMEMBER; kowiki list oldid=40892102,1,,term_end,,term_start,term_end,,,경기도 동두천시·양주군,,,무소속,민주정의당,이덕호,,,False
13,최기선,崔箕善,1945-05-15,남,통일민주당,경기 부천시남구,지역구,1988-05-30,1992-05-29,term_end,general,5SH5466E,NA-API 의원이력; NA-API ALLNAMEMBER; kowiki list oldid=40892102,1,,term_end,,term_start,term_end,,,경기도 부천시 남구,,,민주자유당,통일민주당,최기선,,,False
13,임무웅,林茂雄,1942-07-02,남,민주정의당,경기 부천시중구,지역구,1988-05-30,1992-05-29,term_end,general,E9Y1902O,NA-API 의원이력; NA-API ALLNAMEMBER; kowiki list oldid=40892102,1,,term_end,,term_start,term_end,,,경기도 부천시 중구,,,민주자유당,민주정의당,임무웅,,,False
13,이대엽,李大燁,1935-05-10,남,신민주공화당,경기 성남시갑,지역구,1988-05-30,1992-05-29,term_end,general,WJK18305,NA-API 의원이력; NA-API ALLNAMEMBER; kowiki list oldid=40892102,1,,term_end,,term_start,term_end,,,경기도 성남시 갑,,,민주자유당,신민주공화당,이대엽,,,False
13,이찬구,李讚九,1941-07-30,남,평화민주당,경기 성남시을,지역구,1988-05-30,1992-05-29,term_end,general,ZM57890S,NA-API 의원이력; NA-API ALLNAMEMBER; kowiki list oldid=40892102,1,,term_end,,term_start,term_end,,,경기도 성남시 을,,,통일국민당,평화민주당,이찬구,,,False
13,권달수,權達洙,1936-12-30,남,민주정의당,"경기 송탄,평택시",지역구,1988-05-30,1992-05-29,term_end,general,9691217U,NA-API 의원이력; NA-API ALLNAMEMBER; kowiki list oldid=40892102,1,,term_end,,term_start,term_end,,,경기도 송탄시·평택시,,,민주자유당,민주정의당,권달수,,,False
13,김인영,金仁泳,1939-12-26,남,민주정의당,경기 수원시갑,지역구,1988-05-30,1992-05-29,term_end,general,04Z5194C,NA-API 의원이력; NA-API ALLNAMEMBER; kowiki list oldid=40892102,1,,term_end,,term_start,term_end,,,경기도 수원시 갑,,,민주자유당,민주정의당,김인영 (1939년),,,False
13,이병희,李秉禧,1926-08-01,남,신민주공화당,경기 수원시을,지역구,1988-05-30,1992-05-29,term_end,general,9VF7142D,NA-API 의원이력; NA-API ALLNAMEMBER; kowiki list oldid=40892102,1,,term_end,,term_start,term_end,,,경기도 수원시 을,,,민주자유당,신민주공화당,이병희 (1926년),,,False
13,장경우,張慶宇,1942-04-12,남,민주정의당,경기 안산시옹진,지역구,1988-05-30,1992-05-29,term_end,general,3W52243S,NA-API 의원이력; NA-API ALLNAMEMBER; kowiki list oldid=40892102,1,,term_end,,term_start,term_end,,,경기도 안산시·옹진군,,,민주자유당,민주정의당,장경우,,,False
13,이해구,李海龜,1937-09-10,남,무소속,경기 안성군,지역구,1988-05-30,1992-05-29,term_end,general,WMD2190C,NA-API 의원이력; NA-API ALLNAMEMBER; kowiki list oldid=40892102,1,,term_end,,term_start,term_end,,,경기도 안성군,,,민주자유당,무소속,이해구,,,False
13,이인제,李仁濟,1948-12-11,남,통일민주당,경기 안양시갑,지역구,1988-05-30,1992-05-29,term_end,general,HJI9845B,NA-API 의원이력; NA-API ALLNAMEMBER; kowiki list oldid=40892102,1,,term_end,,term_start,term_end,,,경기도 안양시 갑,,,민주자유당,통일민주당,이인제,,,False
13,신하철,申河澈,1934-02-15,남,통일민주당,경기 안양시을,지역구,1988-05-30,1992-05-29,term_end,general,RA28140K,NA-API 의원이력; NA-API ALLNAMEMBER; kowiki list oldid=40892102,1,,term_end,,term_start,term_end,,,경기도 안양시 을,,,민주자유당,통일민주당,신하철,,,False
13,정동성,鄭東星,1939-07-08,남,민주정의당,경기 여주,지역구,1988-05-30,1992-05-29,term_end,general,VFP5558B,NA-API 의원이력; NA-API ALLNAMEMBER; kowiki list oldid=40892102,1,,term_end,,term_start,term_end,,,경기도 여주군,,,민주자유당,민주정의당,정동성,,,False
13,이한동,李漢東,1934-12-05,남,민주정의당,경기 연천군포천군,지역구,1988-05-30,1992-05-29,term_end,general,NUX49887,NA-API 의원이력; NA-API ALLNAMEMBER; kowiki list oldid=40892102,1,,term_end,,term_start,term_end,,,경기도 연천군·포천군,,,민주자유당,민주정의당,이한동,,,False
13,이웅희,李雄熙,1931-01-26,남,민주정의당,경기 용인군,지역구,1988-05-30,1992-05-29,term_end,general,19211414,NA-API 의원이력; NA-API ALLNAMEMBER; kowiki list oldid=40892102,1,,term_end,,term_start,term_end,,,경기도 용인군,,,민주자유당,민주정의당,이웅희 (1931년),,,False
13,김문원,金文元,1941-03-05,남,신민주공화당,경기 의정부시,지역구,1988-05-30,1992-05-29,term_end,general,HZP82656,NA-API 의원이력; NA-API ALLNAMEMBER; kowiki list oldid=40892102,1,,term_end,,term_start,term_end,,,경기도 의정부시,,,민주자유당,신민주공화당,김문원,,,False
13,이영문,李榮文,1933-03-30,남,민주정의당,경기 이천시,지역구,1988-05-30,1992-05-29,term_end,general,J6J6288S,NA-API 의원이력; NA-API ALLNAMEMBER; kowiki list oldid=40892102,1,,term_end,,term_start,term_end,,,경기도 이천군,,,민주자유당,민주정의당,이영문,,,False
13,최무룡,崔戊龍,1928-02-25,남,신민주공화당,경기 파주,지역구,1988-05-30,1992-05-29,term_end,general,KD636919,NA-API 의원이력; NA-API ALLNAMEMBER; kowiki list oldid=40892102,1,,term_end,,term_start,term_end,,,경기도 파주군,,,민주자유당,신민주공화당,최무룡,,,False
13,이자헌,李慈憲,1935-04-14,남,민주정의당,경기 평택,지역구,1988-05-30,1992-05-29,term_end,general,A5I4284G,NA-API 의원이력; NA-API ALLNAMEMBER; kowiki list oldid=40892102,1,,term_end,,term_start,term_end,,,경기도 평택군,,,민주자유당,민주정의당,이자헌,,,False
13,박지원,朴志遠,1934-07-11,남,민주정의당,경기 화성,지역구,1988-05-30,1992-05-29,term_end,general,KFX3165F,NA-API 의원이력; NA-API ALLNAMEMBER; kowiki list oldid=40892102,1,,term_end,,term_start,term_end,,,경기도 화성군,,,무소속,민주정의당,박지원 (1934년),,,True
13,김봉조,金奉祚,1939-04-15,남,통일민주당,경남 거제군,지역구,1988-05-30,1992-05-29,term_end,general,FPT6879K,NA-API 의원이력; NA-API ALLNAMEMBER; kowiki list oldid=40892102,1,,term_end,,term_start,term_end,,,경상남도 거제군,,,민주자유당,통일민주당,김봉조 (1939년),,,False
13,김동영,金東英,1936-12-23,남,통일민주당,경남 거창군,지역구,1988-05-30,1991-08-19,died,general,AMY93771,NA-API 의원이력; NA-API ALLNAMEMBER; kowiki list oldid=40892102; kowiki 의석변동 oldid=41819983,1,,died,사망 / 사망,term_start,confirmed,,wikilist+wikiseat,경상남도 거창군,,,민주자유당,통일민주당,김동영 (정치인),,,False
13,이학봉,李鶴捧,1938-05-15,남,민주정의당,"경남 김해시,군",지역구,1988-05-30,1992-03-10,disqualified,general,EHX6431X,NA-API 의원이력; NA-API ALLNAMEMBER; kowiki list oldid=40892102; kowiki 의석변동 oldid=41819983; manual_checks_12_14.csv,1,,court_ruling_other_or_unspecified,의원직 상실 / 의원직 상실,term_start,confirmed,,wikilist+wikiseat,경상남도 김해시·김해군,,,무소속,민주정의당,이학봉,,manual check: Seat lost when the Supreme Court confirmed the conviction on 1992-03-10.,False
13,박희태,朴熺太,1938-08-09,남,민주정의당,"경남 남해,하동군",지역구,1988-05-30,1992-05-29,term_end,general,FSN5613H,NA-API 의원이력; NA-API ALLNAMEMBER; kowiki list oldid=40892102,1,,term_end,,term_start,term_end,,,경상남도 남해군·하동군,,,민주자유당,민주정의당,박희태,,,False
13,백찬기,白璨基,1932-06-18,남,통일민주당,경남 마산시갑,지역구,1988-05-30,1992-05-29,term_end,general,FW82028I,NA-API 의원이력; NA-API ALLNAMEMBER; kowiki list oldid=40892102,1,,term_end,,term_start,term_end,,,경상남도 마산시 갑,,,민주자유당,통일민주당,백찬기 (정치인),,,False
13,강삼재,姜三載,1952-07-01,남,통일민주당,경남 마산시회원구,지역구,1988-05-30,1992-05-29,term_end,general,35I30124,NA-API 의원이력; NA-API ALLNAMEMBER; kowiki list oldid=40892102,1,,term_end,,term_start,term_end,,,경상남도 마산시 을,,,민주자유당,통일민주당,강삼재,,,False
13,신상식,申相式,1937-01-08,남,민주정의당,경남 밀양,지역구,1988-05-30,1992-05-29,term_end,general,2XL9644Y,NA-API 의원이력; NA-API ALLNAMEMBER; kowiki list oldid=40892102,1,,term_end,,term_start,term_end,,,경상남도 밀양군,,,민주자유당,민주정의당,신상식,,,False
13,노인환,盧仁煥,1932-05-24,남,민주정의당,"경남 산청,함양",지역구,1988-05-30,1992-05-29,term_end,general,RYK4883M,NA-API 의원이력; NA-API ALLNAMEMBER; kowiki list oldid=40892102,1,,term_end,,term_start,term_end,,,경상남도 산청군·함양군,,,민주자유당,민주정의당,노인환,,,False
13,황성균,黃性均,1936-06-25,남,민주정의당,경남 삼천포 사천,지역구,1988-05-30,1992-05-29,term_end,general,6JD7752M,NA-API 의원이력; NA-API ALLNAMEMBER; kowiki list oldid=40892102,1,,term_end,,term_start,term_end,,,경상남도 삼천포시·사천군,,,무소속,민주정의당,황성균,,,False
13,김동주,金東周,1944-05-20,남,통일민주당,경남 양산군,지역구,1988-05-30,1992-02-26,resigned,general,WV87958Z,NA-API 의원이력; NA-API ALLNAMEMBER; kowiki list oldid=40892102; kowiki 의석변동 oldid=41819983,1,,resigned_other,의원직 사퇴 / 의원직 사퇴,term_start,confirmed,,wikilist+wikiseat,경상남도 양산군,,,무소속,통일민주당,김동주 (1944년),,,False
13,박진구,朴進球,1934-12-22,남,민주정의당,경남 울산,지역구,1988-05-30,1992-05-29,term_end,general,X2Z3358Y,NA-API 의원이력; NA-API ALLNAMEMBER; kowiki list oldid=40892102,1,,term_end,,term_start,term_end,,,경상남도 울주군,,,통일국민당,민주정의당,박진구,,,False
13,심완구,沈完求,1938-07-01,남,통일민주당,경남 울산시남구,지역구,1988-05-30,1992-05-29,term_end,general,87W5339H,NA-API 의원이력; NA-API ALLNAMEMBER; kowiki list oldid=40892102,1,,term_end,,term_start,term_end,,,경상남도 울산시 남구,,,민주자유당,통일민주당,심완구,,,False
13,정몽준,鄭夢準,1951-10-17,남,무소속,경남 울산시동구,지역구,1988-05-30,1992-05-29,term_end,general,5YX7831C,NA-API 의원이력; NA-API ALLNAMEMBER; kowiki list oldid=40892102,1,,term_end,,term_start,term_end,,,경상남도 울산시 동구,,,통일국민당,무소속,정몽준,,,False
13,김태호,金泰鎬,1935-03-03,남,민주정의당,경남 울산시중구,지역구,1988-05-30,1992-05-29,term_end,general,DTM59312,NA-API 의원이력; NA-API ALLNAMEMBER; kowiki list oldid=40892102,1,,term_end,,term_start,term_end,,,경상남도 울산시 중구,,,민주자유당,민주정의당,김태호 (1935년),,,True
13,정동호,鄭東鎬,1936-11-05,남,민주정의당,"경남 의령,함안군",지역구,1988-05-30,1992-05-29,term_end,general,ALJ2881B,NA-API 의원이력; NA-API ALLNAMEMBER; kowiki list oldid=40892102,1,,term_end,,term_start,term_end,,,경상남도 의령군·함안군,,,민주자유당,민주정의당,정동호 (1936년),,,False
13,안병규,安秉珪,1937-12-30,남,민주정의당,경남 진양,지역구,1988-05-30,1992-05-29,term_end,general,UJQ3780U,NA-API 의원이력; NA-API ALLNAMEMBER; kowiki list oldid=40892102,1,,term_end,,term_start,term_end,,,경상남도 진양군,,,민주자유당,민주정의당,안병규,,,False
13,조만후,曺萬厚,1949-10-09,남,통일민주당,경남 진주시,지역구,1988-05-30,1992-05-29,term_end,general,FYA2094A,NA-API 의원이력; NA-API ALLNAMEMBER; kowiki list oldid=40892102,1,,term_end,,term_start,term_end,,,경상남도 진주시,,,민주자유당,통일민주당,조만후,,,False
13,박재규,朴載圭,1946-03-05,남,통일민주당,"경남 진해,창원시",지역구,1988-05-30,1992-03-10,disqualified,general,WOX9384I,NA-API 의원이력; NA-API ALLNAMEMBER; kowiki list oldid=40892102; kowiki 의석변동 oldid=41819983; manual_checks_12_14.csv,1,,court_ruling_other_or_unspecified,의원직 상실 / 의원직 상실,term_start,confirmed,,wikilist+wikiseat,경상남도 진해시·의창군,,,민주자유당,통일민주당,박재규 (1946년),,manual check: Seat lost when the Supreme Court confirmed the conviction on 1992-03-10.,False
13,신재기,辛再基,1933-08-10,남,민주정의당,경남 창녕군,지역구,1988-05-30,1992-05-29,term_end,general,ALM3369J,NA-API 의원이력; NA-API ALLNAMEMBER; kowiki list oldid=40892102,1,,term_end,,term_start,term_end,,,경상남도 창녕군,,,민주자유당,민주정의당,신재기,,,False
13,황낙주,黃珞周,1928-03-22,남,통일민주당,경남 창원시,지역구,1988-05-30,1992-05-29,term_end,general,7BR2274A,NA-API 의원이력; NA-API ALLNAMEMBER; kowiki list oldid=40892102,1,,term_end,,term_start,term_end,,,경상남도 창원시,,,민주자유당,통일민주당,황낙주,,,False
13,정순덕,鄭順德,1935-11-05,남,민주정의당,"경남 충무시,통영,고성군",지역구,1988-05-30,1992-05-29,term_end,general,6QR2160X,NA-API 의원이력; NA-API ALLNAMEMBER; kowiki list oldid=40892102,1,,term_end,,term_start,term_end,,,경상남도 충무시·통영군·고성군,,,민주자유당,민주정의당,정순덕 (1935년),,,False
13,권해옥,權海玉,1935-08-15,남,민주정의당,경남 합천,지역구,1988-05-30,1992-05-29,term_end,general,O3I2054Z,NA-API 의원이력; NA-API ALLNAMEMBER; kowiki list oldid=40892102,1,,term_end,,term_start,term_end,,,경상남도 합천군,,,민주자유당,민주정의당,권해옥,,,False
13,이재연,李在淵,1933-10-15,남,신민주공화당,경북 경산군청도군,지역구,1988-05-30,1992-05-29,term_end,general,94923460,NA-API 의원이력; NA-API ALLNAMEMBER; kowiki list oldid=40892102,1,,term_end,,term_start,term_end,,,경상북도 경산군·청도군,,,무소속,신민주공화당,이재연 (1933년),,,False
13,김일윤,金一潤,1938-12-17,남,민주정의당,경북 경주시,지역구,1988-05-30,1992-05-29,term_end,general,UY23844S,NA-API 의원이력; NA-API ALLNAMEMBER; kowiki list oldid=40892102,1,,term_end,,term_start,term_end,,,경상북도 경주시,,,민주자유당,민주정의당,김일윤,,,False
13,박재홍,朴在鴻,1941-02-28,남,민주정의당,경북 구미시,지역구,1988-05-30,1992-05-29,term_end,general,N5P7446X,NA-API 의원이력; NA-API ALLNAMEMBER; kowiki list oldid=40892102,1,,term_end,,term_start,term_end,,,경상북도 구미시,,,민주자유당,민주정의당,박재홍 (1941년),,,False
13,김윤환,金潤煥,1932-06-07,남,민주정의당,"경북 군위,선산",지역구,1988-05-30,1992-05-29,term_end,general,PMN7940F,NA-API 의원이력; NA-API ALLNAMEMBER; kowiki list oldid=40892102,1,,term_end,,term_start,term_end,,,경상북도 군위군·선산군,,,민주자유당,민주정의당,김윤환 (1932년),,,False
13,박정수,朴定洙,1932-02-09,남,민주정의당,경북 김천시금릉,지역구,1988-05-30,1992-05-29,term_end,general,LQW1875Y,NA-API 의원이력; NA-API ALLNAMEMBER; kowiki list oldid=40892102,1,,term_end,,term_start,term_end,,,경상북도 김천시·금릉군,,,민주자유당,민주정의당,박정수 (1932년),,,False
13,구자춘,具滋春,1932-05-11,남,신민주공화당,"경북 달성,고령군",지역구,1988-05-30,1992-05-29,term_end,general,EC995719,NA-API 의원이력; NA-API ALLNAMEMBER; kowiki list oldid=40892102,1,,term_end,,term_start,term_end,,,경상북도 달성군·고령군,,,민주자유당,신민주공화당,구자춘,,,False
13,김근수,金瑾洙,1934-11-06,남,민주정의당,"경북 상주시,군",지역구,1988-05-30,1992-05-29,term_end,general,U2584716,NA-API 의원이력; NA-API ALLNAMEMBER; kowiki list oldid=40892102,1,,term_end,,term_start,term_end,,,경상북도 상주시·상주군,,,민주자유당,민주정의당,김근수 (1934년),,,False
13,장영철,張永喆,1936-10-28,남,민주정의당,"경북 성주,칠곡군",지역구,1988-05-30,1992-05-29,term_end,general,UWX81091,NA-API 의원이력; NA-API ALLNAMEMBER; kowiki list oldid=40892102,1,,term_end,,term_start,term_end,,,경상북도 성주군·칠곡군,,,민주자유당,민주정의당,장영철 (1936년),,,False
13,류돈우,柳惇佑,1933-05-10,남,민주정의당,경북 안동군,지역구,1988-05-30,1992-05-29,term_end,general,2OK69779,NA-API 의원이력; NA-API ALLNAMEMBER; kowiki list oldid=40892102,1,,term_end,,term_start,term_end,,,경상북도 안동군,,,민주자유당,민주정의당,류돈우,,,False
13,오경의,吳景義,1940-03-06,남,통일민주당,경북 안동시,지역구,1988-05-30,1992-05-29,term_end,general,CRH49829,NA-API 의원이력; NA-API ALLNAMEMBER; kowiki list oldid=40892102,1,,term_end,,term_start,term_end,,,경상북도 안동시,,,민주자유당,통일민주당,오경의,,,False
13,오한구,吳漢九,1934-06-10,남,민주정의당,"경북 영양,봉화군",지역구,1988-05-30,1992-05-29,term_end,general,Y771224V,NA-API 의원이력; NA-API ALLNAMEMBER; kowiki list oldid=40892102,1,,term_end,,term_start,term_end,,,경상북도 영양군·봉화군,,,무소속,민주정의당,오한구,,,False
13,이상득,李相得,1935-11-29,남,민주정의당,"경북 영일,울릉군",지역구,1988-05-30,1992-05-29,term_end,general,RLG4231U,NA-API 의원이력; NA-API ALLNAMEMBER; kowiki list oldid=40892102,1,,term_end,,term_start,term_end,,,경상북도 영일군·울릉군,,,민주자유당,민주정의당,이상득,,,False
13,김진영,金晋榮,1939-03-13,남,민주정의당,경북 영주시 영풍,지역구,1988-05-30,1992-05-29,term_end,general,3JJ23576,NA-API 의원이력; NA-API ALLNAMEMBER; kowiki list oldid=40892102,1,,term_end,,term_start,term_end,,,경상북도 영주시·영풍군,,,민주자유당,민주정의당,김진영 (1939년),,,True
13,정동윤,鄭東允,1937-12-07,남,민주정의당,"경북 영천시,군",지역구,1988-05-30,1992-05-29,term_end,general,BM974630,NA-API 의원이력; NA-API ALLNAMEMBER; kowiki list oldid=40892102,1,,term_end,,term_start,term_end,,,경상북도 영천시·영천군,,,민주자유당,민주정의당,정동윤 (정치인),,,False
13,유학성,兪學聖,1927-02-28,남,민주정의당,경북 예천군,지역구,1988-05-30,1992-05-29,term_end,general,DSA2985Y,NA-API 의원이력; NA-API ALLNAMEMBER; kowiki list oldid=40892102,1,,term_end,,term_start,term_end,,,경상북도 예천군,,,민주자유당,민주정의당,유학성,,,False
13,김중권,金重權,1939-11-25,남,민주정의당,경북 울진,지역구,1988-05-30,1992-05-29,term_end,general,6ZS6304Q,NA-API 의원이력; NA-API ALLNAMEMBER; kowiki list oldid=40892102,1,,term_end,,term_start,term_end,,,경상북도 울진군,,,민주자유당,민주정의당,김중권,,,False
13,황윤기,黃潤錤,1935-03-03,남,민주정의당,경북 월성,지역구,1988-05-30,1992-05-29,term_end,general,IAB1039R,NA-API 의원이력; NA-API ALLNAMEMBER; kowiki list oldid=40892102,1,,term_end,,term_start,term_end,,,경상북도 월성군,,,민주자유당,민주정의당,황윤기,,,False
13,정창화,鄭昌和,1940-08-02,남,민주정의당,경북 의성군,지역구,1988-05-30,1992-05-29,term_end,general,NBM68293,NA-API 의원이력; NA-API ALLNAMEMBER; kowiki list oldid=40892102,1,,term_end,,term_start,term_end,,,경상북도 의성군,,,무소속,민주정의당,정창화 (1940년),,,False
13,신영국,申榮國,1943-10-15,남,통일민주당,"경북 점촌,문경시",지역구,1988-05-30,1992-05-29,term_end,general,OX877045,NA-API 의원이력; NA-API ALLNAMEMBER; kowiki list oldid=40892102,1,,term_end,,term_start,term_end,,,경상북도 점촌시·문경군,,,민주자유당,통일민주당,신영국,,,False
13,황병우,黃昞禹,1931-10-16,남,민주정의당,"경북 청송,영덕",지역구,1988-05-30,1992-05-29,term_end,general,U1P4713Y,NA-API 의원이력; NA-API ALLNAMEMBER; kowiki list oldid=40892102,1,,term_end,,term_start,term_end,,,경상북도 청송군·영덕군,,,민주자유당,민주정의당,황병우,,,False
13,이진우,李珍雨,1934-02-20,남,민주정의당,경북 포항시,지역구,1988-05-30,1992-05-29,term_end,general,JZQ2865S,NA-API 의원이력; NA-API ALLNAMEMBER; kowiki list oldid=40892102,1,,term_end,,term_start,term_end,,,경상북도 포항시,,,민주자유당,민주정의당,이진우 (1934년),,,False
13,조홍규,趙洪奎,1943-10-17,남,평화민주당,광주 광산구,지역구,1988-05-30,1992-05-29,term_end,general,R3D8899N,NA-API 의원이력; NA-API ALLNAMEMBER; kowiki list oldid=40892102,1,,term_end,,term_start,term_end,,,광주직할시 광산구,,,민주당,평화민주당,조홍규 (1943년),,,False
13,신기하,辛基夏,1941-04-27,남,평화민주당,광주 동구,지역구,1988-05-30,1992-05-29,term_end,general,VYI2708Q,NA-API 의원이력; NA-API ALLNAMEMBER; kowiki list oldid=40892102,1,,term_end,,term_start,term_end,,,광주직할시 동구,,,민주당,평화민주당,신기하,,,False
13,정웅,鄭雄,1928-04-17,남,평화민주당,광주 북구,지역구,1988-05-30,1992-05-29,term_end,general,EPZ3759Y,NA-API 의원이력; NA-API ALLNAMEMBER; kowiki list oldid=40892102,1,,term_end,,term_start,term_end,,,광주직할시 북구,,,신정치개혁당,평화민주당,정웅,,,False
13,정상용,鄭祥容,1950-01-05,남,평화민주당,광주 서구갑,지역구,1988-05-30,1992-05-29,term_end,general,QJ74422A,NA-API 의원이력; NA-API ALLNAMEMBER; kowiki list oldid=40892102,1,,term_end,,term_start,term_end,,,광주직할시 서구 갑,,,민주당,평화민주당,정상용,,,False
13,박종태,朴鍾泰,1920-02-19,남,평화민주당,광주 서구을,지역구,1988-05-30,1992-05-29,term_end,general,TT897193,NA-API 의원이력; NA-API ALLNAMEMBER; kowiki list oldid=40892102,1,,term_end,,term_start,term_end,,,광주직할시 서구 을,,,무소속,평화민주당,박종태 (1920년),,,False
13,이정무,李廷武,1941-04-09,남,민주정의당,대구 남구,지역구,1988-05-30,1992-05-29,term_end,general,KNJ5466T,NA-API 의원이력; NA-API ALLNAMEMBER; kowiki list oldid=40892102,1,,term_end,,term_start,term_end,,,대구직할시 남구,,,민주자유당,민주정의당,이정무 (정치인),,,False
13,김한규,金漢圭,1940-12-01,남,민주정의당,대구 달서구,지역구,1988-05-30,1992-05-29,term_end,general,KBJ1842L,NA-API 의원이력; NA-API ALLNAMEMBER; kowiki list oldid=40892102,1,,term_end,,term_start,term_end,,,대구직할시 달서구,,,민주자유당,민주정의당,김한규 (1940년),,,True
13,박준규,朴浚圭,1925-09-12,남,민주정의당,대구 동구,지역구,1988-05-30,1992-05-29,term_end,general,QHJ1904L,NA-API 의원이력; NA-API ALLNAMEMBER; kowiki list oldid=40892102,1,,term_end,,term_start,term_end,,,대구직할시 동구,,,민주자유당,민주정의당,박준규 (1925년),,,False
13,김용태,金瑢泰,1936-06-01,남,민주정의당,대구 북구,지역구,1988-05-30,1992-05-29,term_end,general,AE923641,NA-API 의원이력; NA-API ALLNAMEMBER; kowiki list oldid=40892102,1,,term_end,,term_start,term_end,,,대구직할시 북구,,,민주자유당,민주정의당,김용태 (1936년),,,True
13,정호용,鄭鎬溶,1932-09-10,남,민주정의당,대구 서구갑,지역구,1988-05-30,1990-01-05,resigned,general,UOQ61895,NA-API 의원이력; NA-API ALLNAMEMBER; kowiki list oldid=40892102; kowiki 의석변동 oldid=41819983; NA bill 011468,1,,resigned_other,사퇴 / 의원직 사퇴,term_start,confirmed,,wikilist+wikiseat+nabill,대구직할시 서구 갑,,,민주정의당,민주정의당,정호용,,,False
13,문희갑,文熹甲,1937-06-09,남,민주자유당,대구 서구갑,지역구,1990-04-04,1992-05-29,term_end,by_election,L975540P,NA-API 의원이력; NA-API ALLNAMEMBER; kowiki list oldid=40892102; kowiki 의석변동 oldid=41819983,1,,term_end,,confirmed_pollday_plus1,term_end,wikilist=1990-04-03; wikiseat=1990-04-03,,대구직할시 서구 갑,,,민주자유당,민주자유당,문희갑,,,False
13,최운지,崔雲芝,1927-09-15,남,민주정의당,대구 서구을,지역구,1988-05-30,1992-05-29,term_end,general,WRP6148P,NA-API 의원이력; NA-API ALLNAMEMBER; kowiki list oldid=40892102,1,,term_end,,term_start,term_end,,,대구직할시 서구 을,,,민주자유당,민주정의당,최운지,,,False
13,이치호,李致浩,1939-07-25,남,민주정의당,대구 수성구,지역구,1988-05-30,1992-05-29,term_end,general,P1G3654N,NA-API 의원이력; NA-API ALLNAMEMBER; kowiki list oldid=40892102,1,,term_end,,term_start,term_end,,,대구직할시 수성구,,,민주자유당,민주정의당,이치호,,,False
13,유수호,劉守鎬,1931-12-16,남,민주정의당,대구 중구,지역구,1988-05-30,1992-05-29,term_end,general,9TG26303,NA-API 의원이력; NA-API ALLNAMEMBER; kowiki list oldid=40892102,1,,term_end,,term_start,term_end,,,대구직할시 중구,,,민주자유당,민주정의당,유수호 (정치인),,,False
13,김진재,金鎭載,1943-02-19,남,민주정의당,부산 금정구,지역구,1988-05-30,1992-05-29,term_end,general,IQX29457,NA-API 의원이력; NA-API ALLNAMEMBER; kowiki list oldid=40892102,1,,term_end,,term_start,term_end,,,부산직할시 금정구,,,민주자유당,민주정의당,김진재,,,False
13,허재홍,許在弘,1936-12-26,남,통일민주당,부산 남구갑,지역구,1988-05-30,1992-05-29,term_end,general,MEE6240E,NA-API 의원이력; NA-API ALLNAMEMBER; kowiki list oldid=40892102,1,,term_end,,term_start,term_end,,,부산직할시 남구 갑,,,민주자유당,통일민주당,허재홍,,,False
13,정상구,鄭相九,1925-04-28,남,통일민주당,부산 남구을,지역구,1988-05-30,1992-05-29,term_end,general,HFG6145J,NA-API 의원이력; NA-API ALLNAMEMBER; kowiki list oldid=40892102,1,,term_end,,term_start,term_end,,,부산직할시 남구 을,,,통일국민당,통일민주당,정상구,,,False
13,노무현,盧武鉉,1946-08-06,남,통일민주당,부산 동구,지역구,1988-05-30,1992-05-29,term_end,general,2VF5648T,NA-API 의원이력; NA-API ALLNAMEMBER; kowiki list oldid=40892102,1,,term_end,,term_start,term_end,,,부산직할시 동구,,,민주당,통일민주당,노무현,,,False
13,박관용,朴寬用,1938-06-06,남,통일민주당,부산 동래구갑,지역구,1988-05-30,1992-05-29,term_end,general,TQH7044H,NA-API 의원이력; NA-API ALLNAMEMBER; kowiki list oldid=40892102,1,,term_end,,term_start,term_end,,,부산직할시 동래구 갑,,,민주자유당,통일민주당,박관용,,,False
13,최형우,崔炯佑,1935-10-15,남,통일민주당,부산 동래구을,지역구,1988-05-30,1992-05-29,term_end,general,XAB5157V,NA-API 의원이력; NA-API ALLNAMEMBER; kowiki list oldid=40892102,1,,term_end,,term_start,term_end,,,부산직할시 동래구 을,,,민주자유당,통일민주당,최형우 (정치인),,,False
13,정재문,鄭在文,1936-10-31,남,통일민주당,부산 부산진구갑,지역구,1988-05-30,1992-05-29,term_end,general,QL63675M,NA-API 의원이력; NA-API ALLNAMEMBER; kowiki list oldid=40892102,1,,term_end,,term_start,term_end,,,부산직할시 부산진구 갑,,,민주자유당,통일민주당,정재문,,,False
13,김정수,金正秀,1937-12-03,남,통일민주당,부산 부산진구을,지역구,1988-05-30,1992-05-29,term_end,general,A1819526,NA-API 의원이력; NA-API ALLNAMEMBER; kowiki list oldid=40892102,1,,term_end,,term_start,term_end,,,부산직할시 부산진구 을,,,민주자유당,통일민주당,김정수 (1937년),,,False
13,문정수,文正秀,1939-08-09,남,통일민주당,부산 북구갑,지역구,1988-05-30,1992-05-29,term_end,general,FR056047,NA-API 의원이력; NA-API ALLNAMEMBER; kowiki list oldid=40892102,1,,term_end,,term_start,term_end,,,부산직할시 북구 갑,,,민주자유당,통일민주당,문정수,,,False
13,신상우,辛相佑,1937-05-20,남,통일민주당,부산 북구을,지역구,1988-05-30,1992-05-29,term_end,general,5637263F,NA-API 의원이력; NA-API ALLNAMEMBER; kowiki list oldid=40892102,1,,term_end,,term_start,term_end,,,부산직할시 북구 을,,,민주자유당,통일민주당,신상우 (정치인),,,False
13,서석재,徐錫宰,1935-02-15,남,통일민주당,부산 사하구,지역구,1988-05-30,1992-05-29,term_end,general,L8S7182S,NA-API 의원이력; NA-API ALLNAMEMBER; kowiki list oldid=40892102,1,,term_end,,term_start,term_end,,,부산직할시 사하구,,,무소속,통일민주당,서석재,,,False
13,김영삼,金泳三,1927-12-20,남,통일민주당,부산 서구,지역구,1988-05-30,1992-05-29,term_end,general,PB86833Y,NA-API 의원이력; NA-API ALLNAMEMBER; kowiki list oldid=40892102,1,,term_end,,term_start,term_end,,,부산직할시 서구,,,민주자유당,통일민주당,김영삼,,,False
13,김정길,金正吉,1945-05-28,남,통일민주당,부산 영도구,지역구,1988-05-30,1992-05-29,term_end,general,HFO6788P,NA-API 의원이력; NA-API ALLNAMEMBER; kowiki list oldid=40892102,1,,term_end,,term_start,term_end,,,부산직할시 영도구,,,민주당,통일민주당,김정길 (1945년),,,True
13,김광일,金光一,1939-09-11,남,통일민주당,부산 중구,지역구,1988-05-30,1992-05-29,term_end,general,KQV94557,NA-API 의원이력; NA-API ALLNAMEMBER; kowiki list oldid=40892102,1,,term_end,,term_start,term_end,,,부산직할시 중구,,,통일국민당,통일민주당,김광일 (1939년),,,False
13,이기택,李基澤,1937-07-25,남,통일민주당,부산 해운대구,지역구,1988-05-30,1992-05-29,term_end,general,7Q05452E,NA-API 의원이력; NA-API ALLNAMEMBER; kowiki list oldid=40892102,1,,term_end,,term_start,term_end,,,부산직할시 해운대구,,,민주당,통일민주당,이기택,,,False
13,황병태,黃秉泰,1935-02-20,남,통일민주당,서울 강남구갑,지역구,1988-05-30,1992-05-29,term_end,general,YP610287,NA-API 의원이력; NA-API ALLNAMEMBER; kowiki list oldid=40892102,1,,term_end,,term_start,term_end,,,서울특별시 강남구 갑,,,민주자유당,통일민주당,황병태,,,False
13,이태섭,李台燮,1939-05-21,남,민주정의당,서울 강남구을,지역구,1988-05-30,1992-02-28,disqualified,general,7LS7395X,NA-API 의원이력; NA-API ALLNAMEMBER; kowiki list oldid=40892102; kowiki 의석변동 oldid=41819983; manual_checks_12_14.csv,1,,court_ruling_other_or_unspecified,의원직 상실 / 의원직 상실,term_start,confirmed,,wikilist+wikiseat,서울특별시 강남구 을,,,민주자유당,민주정의당,이태섭 (1939년),,manual check: Seat lost automatically when the Supreme Court confirmed the 수서 bribery conviction on 1992-02-28.,False
13,김동규,金東圭,1932-10-24,남,통일민주당,서울 강동구갑,지역구,1988-05-30,1992-05-29,term_end,general,F769501H,NA-API 의원이력; NA-API ALLNAMEMBER; kowiki list oldid=40892102,1,,term_end,,term_start,term_end,,,서울특별시 강동구 갑,,,민주자유당,통일민주당,김동규 (1932년),,,False
13,김중위,金重緯,1939-10-28,남,민주정의당,서울 강동구을,지역구,1988-05-30,1992-05-29,term_end,general,B3A7296S,NA-API 의원이력; NA-API ALLNAMEMBER; kowiki list oldid=40892102,1,,term_end,,term_start,term_end,,,서울특별시 강동구 을,,,민주자유당,민주정의당,김중위,,,False
13,이원배,李元湃,1932-05-14,남,평화민주당,서울 강서구갑,지역구,1988-05-30,1992-02-28,disqualified,general,JMX15674,NA-API 의원이력; NA-API ALLNAMEMBER; kowiki list oldid=40892102; kowiki 의석변동 oldid=41819983; manual_checks_12_14.csv,1,,court_ruling_other_or_unspecified,의원직 상실 / 의원직 상실,term_start,confirmed,,wikilist+wikiseat,서울특별시 강서구 갑,,,무소속,평화민주당,이원배 (1932년),,manual check: Seat lost automatically when the Supreme Court confirmed the 수서 bribery conviction on 1992-02-28.,False
13,남재희,南載熙,1934-01-18,남,민주정의당,서울 강서구을,지역구,1988-05-30,1992-05-29,term_end,general,8JX2594Z,NA-API 의원이력; NA-API ALLNAMEMBER; kowiki list oldid=40892102,1,,term_end,,term_start,term_end,,,서울특별시 강서구 을,,,민주자유당,민주정의당,남재희,,,False
13,한광옥,韓光玉,1942-01-29,남,평화민주당,서울 관악구갑,지역구,1988-05-30,1992-05-29,term_end,general,0EI5067Y,NA-API 의원이력; NA-API ALLNAMEMBER; kowiki list oldid=40892102,1,,term_end,,term_start,term_end,,,서울특별시 관악구 갑,,,민주당,평화민주당,한광옥,,,False
13,이해찬,李海瓚,1952-07-10,남,평화민주당,서울 관악구을,지역구,1988-05-30,1992-05-29,term_end,general,9ZP9014Q,NA-API 의원이력; NA-API ALLNAMEMBER; kowiki list oldid=40892102,1,,term_end,,term_start,term_end,,,서울특별시 관악구 을,,,민주당,평화민주당,이해찬,,,False
13,김기배,金杞培,1936-08-09,남,민주정의당,서울 구로구갑,지역구,1988-05-30,1992-05-29,term_end,general,6LQ1789H,NA-API 의원이력; NA-API ALLNAMEMBER; kowiki list oldid=40892102,1,,term_end,,term_start,term_end,,,서울특별시 구로구 갑,,,민주자유당,민주정의당,김기배,,,False
13,유기수,劉基洙,1941-12-03,남,신민주공화당,서울 구로구을,지역구,1988-05-30,1992-05-29,term_end,general,M9I4775W,NA-API 의원이력; NA-API ALLNAMEMBER; kowiki list oldid=40892102,1,,term_end,,term_start,term_end,,,서울특별시 구로구 을,,,민주자유당,신민주공화당,유기수 (1941년),,,False
13,백남치,白南治,1944-01-22,남,통일민주당,서울 노원구갑,지역구,1988-05-30,1992-05-29,term_end,general,UF42797P,NA-API 의원이력; NA-API ALLNAMEMBER; kowiki list oldid=40892102,1,,term_end,,term_start,term_end,,,서울특별시 노원구 갑,,,민주자유당,통일민주당,백남치,,,False
13,김용채,金鎔采,1932-10-05,남,신민주공화당,서울 노원구을,지역구,1988-05-30,1992-05-29,term_end,general,HT966869,NA-API 의원이력; NA-API ALLNAMEMBER; kowiki list oldid=40892102,1,,term_end,,term_start,term_end,,,서울특별시 노원구 을,,,민주자유당,신민주공화당,김용채,,,False
13,신오철,申五澈,1938-03-20,남,신민주공화당,서울 도봉구갑,지역구,1988-05-30,1992-05-29,term_end,general,MH14784M,NA-API 의원이력; NA-API ALLNAMEMBER; kowiki list oldid=40892102,1,,term_end,,term_start,term_end,,,서울특별시 도봉구 갑,,,민주자유당,신민주공화당,신오철,,,False
13,이철용,李喆鎔,1948-10-07,남,평화민주당,서울 도봉구을,지역구,1988-05-30,1992-05-29,term_end,general,48S5387Y,NA-API 의원이력; NA-API ALLNAMEMBER; kowiki list oldid=40892102,1,,term_end,,term_start,term_end,,,서울특별시 도봉구 을,,,무소속,평화민주당,이철용 (정치인),,,False
13,최훈,崔薰,1928-07-08,남,평화민주당,서울 동대문구갑,지역구,1988-05-30,1992-05-29,term_end,general,GIZ16849,NA-API 의원이력; NA-API ALLNAMEMBER; kowiki list oldid=40892102,1,,term_end,,term_start,term_end,,,서울특별시 동대문구 갑,,,민주당,평화민주당,최훈 (정치인),,,False
13,김영구,金榮龜,1940-01-12,남,민주정의당,서울 동대문구을,지역구,1988-05-30,1992-05-29,term_end,general,FSJ32138,NA-API 의원이력; NA-API ALLNAMEMBER; kowiki list oldid=40892102,1,,term_end,,term_start,term_end,,,서울특별시 동대문구 을,,,민주자유당,민주정의당,김영구 (1940년),,,True
13,서청원,徐淸源,1943-04-03,남,통일민주당,서울 동작구갑,지역구,1988-05-30,1992-05-29,term_end,general,4Y54669I,NA-API 의원이력; NA-API ALLNAMEMBER; kowiki list oldid=40892102,1,,term_end,,term_start,term_end,,,서울특별시 동작구 갑,,,민주자유당,통일민주당,서청원,,,False
13,박실,朴實,1939-10-08,남,평화민주당,서울 동작구을,지역구,1988-05-30,1992-05-29,term_end,general,1O451032,NA-API 의원이력; NA-API ALLNAMEMBER; kowiki list oldid=40892102,1,,term_end,,term_start,term_end,,,서울특별시 동작구 을,,,민주당,평화민주당,박실,,,False
13,노승환,盧承煥,1927-09-05,남,평화민주당,서울 마포구갑,지역구,1988-05-30,1992-05-29,term_end,general,K4O32890,NA-API 의원이력; NA-API ALLNAMEMBER; kowiki list oldid=40892102,1,,term_end,,term_start,term_end,,,서울특별시 마포구 갑,,,무소속,평화민주당,노승환,,,False
13,강신옥,姜信玉,1936-11-28,남,통일민주당,서울 마포구을,지역구,1988-05-30,1992-05-29,term_end,general,1KZ38436,NA-API 의원이력; NA-API ALLNAMEMBER; kowiki list oldid=40892102,1,,term_end,,term_start,term_end,,,서울특별시 마포구 을,,,민주자유당,통일민주당,강신옥,,,False
13,강성모,姜聖模,1933-04-18,남,민주정의당,서울 서대문구갑,지역구,1988-05-30,1992-05-29,term_end,general,1HV72190,NA-API 의원이력; NA-API ALLNAMEMBER; kowiki list oldid=40892102,1,,term_end,,term_start,term_end,,,서울특별시 서대문구 갑,,,민주자유당,민주정의당,강성모 (정치인),,,False
13,임춘원,林春元,1938-03-01,남,평화민주당,서울 서대문구을,지역구,1988-05-30,1992-05-29,term_end,general,EWB4602W,NA-API 의원이력; NA-API ALLNAMEMBER; kowiki list oldid=40892102,1,,term_end,,term_start,term_end,,,서울특별시 서대문구 을,,,무소속,평화민주당,임춘원,,,False
13,박찬종,朴燦鍾,1939-04-19,남,무소속,서울 서초구갑,지역구,1988-05-30,1992-05-29,term_end,general,1SD76539,NA-API 의원이력; NA-API ALLNAMEMBER; kowiki list oldid=40892102,1,,term_end,,term_start,term_end,,,서울특별시 서초구 갑,,,신정치개혁당,무소속,박찬종,,,False
13,김덕룡,金德龍,1941-04-06,남,통일민주당,서울 서초구을,지역구,1988-05-30,1992-05-29,term_end,general,WFJ6020P,NA-API 의원이력; NA-API ALLNAMEMBER; kowiki list oldid=40892102,1,,term_end,,term_start,term_end,,,서울특별시 서초구 을,,,민주자유당,통일민주당,김덕룡,,,False
13,강금식,姜金植,1941-05-29,남,평화민주당,서울 성동구갑,지역구,1988-05-30,1992-05-29,term_end,general,LNJ8027O,NA-API 의원이력; NA-API ALLNAMEMBER; kowiki list oldid=40892102,1,,term_end,,term_start,term_end,,,서울특별시 성동구 갑,,,민주당,평화민주당,강금식,,,False
13,박용만,朴容萬,1924-03-15,남,통일민주당,서울 성동구병,지역구,1988-05-30,1992-05-29,term_end,general,7KO11571,NA-API 의원이력; NA-API ALLNAMEMBER; kowiki list oldid=40892102,1,,term_end,,term_start,term_end,,,서울특별시 성동구 병,,,민주자유당,통일민주당,박용만 (정치인),,,False
13,조세형,趙世衡,1931-08-22,남,평화민주당,서울 성동구을,지역구,1988-05-30,1992-05-29,term_end,general,ACT1860R,NA-API 의원이력; NA-API ALLNAMEMBER; kowiki list oldid=40892102,1,,term_end,,term_start,term_end,,,서울특별시 성동구 을,,,민주당,평화민주당,조세형 (1931년),,,False
13,이철,李哲,1948-03-18,남,무소속,서울 성북구갑,지역구,1988-05-30,1992-05-29,term_end,general,9X386624,NA-API 의원이력; NA-API ALLNAMEMBER; kowiki list oldid=40892102,1,,term_end,,term_start,term_end,,,서울특별시 성북구 갑,,,민주당,무소속,이철 (1948년),,,False
13,조윤형,趙尹衡,1932-11-26,남,평화민주당,서울 성북구을,지역구,1988-05-30,1992-05-29,term_end,general,BPU25498,NA-API 의원이력; NA-API ALLNAMEMBER; kowiki list oldid=40892102,1,,term_end,,term_start,term_end,,,서울특별시 성북구 을,,,통일국민당,평화민주당,조윤형,,,False
13,김우석,金佑錫,1936-10-15,남,통일민주당,서울 송파구갑,지역구,1988-05-30,1992-05-29,term_end,general,N2V3369G,NA-API 의원이력; NA-API ALLNAMEMBER; kowiki list oldid=40892102,1,,term_end,,term_start,term_end,,,서울특별시 송파구 갑,,,민주자유당,통일민주당,김우석 (1936년),,,False
13,김종완,金鍾完,1932-11-13,남,평화민주당,서울 송파구을,지역구,1988-05-30,1992-05-29,term_end,general,CAH1307G,NA-API 의원이력; NA-API ALLNAMEMBER; kowiki list oldid=40892102,1,,term_end,,term_start,term_end,,,서울특별시 송파구 을,,,민주당,평화민주당,김종완 (정치인),,,False
13,양성우,梁性佑,1943-11-01,남,평화민주당,서울 양천구갑,지역구,1988-05-30,1992-05-29,term_end,general,ZQN31275,NA-API 의원이력; NA-API ALLNAMEMBER; kowiki list oldid=40892102,1,,term_end,,term_start,term_end,,,서울특별시 양천구 갑,,,민주당,평화민주당,양성우,,,False
13,김영배,金令培,1932-12-23,남,평화민주당,서울 양천구을,지역구,1988-05-30,1992-05-29,term_end,general,Y2W9921H,NA-API 의원이력; NA-API ALLNAMEMBER; kowiki list oldid=40892102,1,,term_end,,term_start,term_end,,,서울특별시 양천구 을,,,민주당,평화민주당,김영배 (1932년),,,True
13,장석화,張石和,1945-11-10,남,통일민주당,서울 영등포구갑,지역구,1988-05-30,1992-05-29,term_end,general,31E2086R,NA-API 의원이력; NA-API ALLNAMEMBER; kowiki list oldid=40892102,1,,term_end,,term_start,term_end,,,서울특별시 영등포구 갑,,,민주당,통일민주당,장석화,,,False
13,김명섭,金明燮,1938-07-27,남,민주정의당,서울 영등포구을,지역구,1988-05-30,1989-05-26,disqualified,general,SX52964G,NA-API 의원이력; NA-API ALLNAMEMBER; kowiki list oldid=40892102; kowiki 의석변동 oldid=41819983,1,,court_ruling_election_law,당선무효 / 의원직 상실,term_start,confirmed,,wikilist+wikiseat,서울특별시 영등포구 을,,,민주정의당,민주정의당,김명섭 (1938년),,,False
13,나웅배,羅雄培,1934-07-24,남,민주정의당,서울 영등포구을,지역구,1989-08-19,1992-05-29,term_end,by_election,6545933G,NA-API 의원이력; NA-API ALLNAMEMBER; kowiki list oldid=40892102; kowiki 의석변동 oldid=41819983,1,,term_end,,confirmed_pollday_plus1,term_end,wikilist=1989-08-18; wikiseat=1989-08-18,,서울특별시 영등포구 을,,,민주자유당,민주정의당,나웅배,,,False
13,서정화,徐廷和,1933-03-04,남,민주정의당,서울 용산구,지역구,1988-05-30,1992-05-29,term_end,general,MLN4587W,NA-API 의원이력; NA-API ALLNAMEMBER; kowiki list oldid=40892102,1,,term_end,,term_start,term_end,,,서울특별시 용산구,,,민주자유당,민주정의당,서정화 (1933년),,,True
13,오유방,吳有邦,1940-09-18,남,민주정의당,서울 은평구갑,지역구,1988-05-30,1992-05-29,term_end,general,I3819289,NA-API 의원이력; NA-API ALLNAMEMBER; kowiki list oldid=40892102,1,,term_end,,term_start,term_end,,,서울특별시 은평구 갑,,,민주자유당,민주정의당,오유방,,,False
13,김재광,金在光,1922-05-21,남,통일민주당,서울 은평구을,지역구,1988-05-30,1992-05-29,term_end,general,DSL4089Q,NA-API 의원이력; NA-API ALLNAMEMBER; kowiki list oldid=40892102,1,,term_end,,term_start,term_end,,,서울특별시 은평구 을,,,민주자유당,통일민주당,김재광,,,False
13,이종찬,李鍾贊,1936-04-29,남,민주정의당,서울 종로구,지역구,1988-05-30,1992-05-29,term_end,general,SDX64659,NA-API 의원이력; NA-API ALLNAMEMBER; kowiki list oldid=40892102,1,,term_end,,term_start,term_end,,,서울특별시 종로구,,,민주자유당,민주정의당,이종찬 (1936년),,,False
13,정대철,鄭大哲,1944-01-04,남,평화민주당,서울 중구,지역구,1988-05-30,1992-05-29,term_end,general,LU06564Z,NA-API 의원이력; NA-API ALLNAMEMBER; kowiki list oldid=40892102,1,,term_end,,term_start,term_end,,,서울특별시 중구,,,민주당,평화민주당,정대철,,,False
13,이상수,李相洙,1946-12-10,남,평화민주당,서울 중랑구갑,지역구,1988-05-30,1992-05-29,term_end,general,5W34729L,NA-API 의원이력; NA-API ALLNAMEMBER; kowiki list oldid=40892102,1,,term_end,,term_start,term_end,,,서울특별시 중랑구 갑,,,민주당,평화민주당,이상수 (1946년),,,False
13,김덕규,金德圭,1941-03-09,남,평화민주당,서울 중랑구을,지역구,1988-05-30,1992-05-29,term_end,general,KDB6892X,NA-API 의원이력; NA-API ALLNAMEMBER; kowiki list oldid=40892102,1,,term_end,,term_start,term_end,,,서울특별시 중랑구 을,,,민주당,평화민주당,김덕규,,,False
13,심정구,沈晶求,1931-10-14,남,민주정의당,인천 남구갑,지역구,1988-05-30,1992-05-29,term_end,general,RCJ2180Y,NA-API 의원이력; NA-API ALLNAMEMBER; kowiki list oldid=40892102,1,,term_end,,term_start,term_end,,,인천직할시 남구 갑,,,민주자유당,민주정의당,심정구,,,False
13,이강희,李康熙,1942-05-05,남,민주정의당,인천 남구을,지역구,1988-05-30,1992-05-29,term_end,general,88J81936,NA-API 의원이력; NA-API ALLNAMEMBER; kowiki list oldid=40892102,1,,term_end,,term_start,term_end,,,인천직할시 남구 을,,,민주자유당,민주정의당,이강희 (1942년),,,False
13,강우혁,康祐赫,1938-01-20,남,민주정의당,인천 남동구,지역구,1988-05-30,1992-05-29,term_end,general,GZS38403,NA-API 의원이력; NA-API ALLNAMEMBER; kowiki list oldid=40892102,1,,term_end,,term_start,term_end,,,인천직할시 남동구,,,민주자유당,민주정의당,강우혁 (정치인),,,False
13,정정훈,鄭貞薰,1934-11-15,남,통일민주당,인천 북구갑,지역구,1988-05-30,1992-05-29,term_end,general,CCP79626,NA-API 의원이력; NA-API ALLNAMEMBER; kowiki list oldid=40892102,1,,term_end,,term_start,term_end,,,인천직할시 북구 갑,,,민주자유당,통일민주당,정정훈 (정치인),,,False
13,이승윤,李承潤,1931-11-07,남,민주정의당,인천 북구을,지역구,1988-05-30,1992-05-29,term_end,general,Y0G24569,NA-API 의원이력; NA-API ALLNAMEMBER; kowiki list oldid=40892102,1,,term_end,,term_start,term_end,,,인천직할시 북구 을,,,민주자유당,민주정의당,이승윤 (1931년),,,False
13,조영장,趙榮藏,1941-10-18,남,민주정의당,인천 서구,지역구,1988-05-30,1992-05-29,term_end,general,NBE5106U,NA-API 의원이력; NA-API ALLNAMEMBER; kowiki list oldid=40892102,1,,term_end,,term_start,term_end,,,인천직할시 서구,,,민주자유당,민주정의당,조영장,,,False
13,서정화,徐廷華,1939-08-20,남,민주정의당,"인천 중,동구",지역구,1988-05-30,1992-05-29,term_end,general,VSK1291Z,NA-API 의원이력; NA-API ALLNAMEMBER; kowiki list oldid=40892102,1,,term_end,,term_start,term_end,,,인천직할시 중구·동구,,,민주자유당,민주정의당,서정화 (1939년),,,True
13,김영진,金泳鎭,1947-11-17,남,평화민주당,"전남 강진,완도군",지역구,1988-05-30,1992-05-29,term_end,general,BCO6264C,NA-API 의원이력; NA-API ALLNAMEMBER; kowiki list oldid=40892102,1,,term_end,,term_start,term_end,,,전라남도 강진군·완도군,,,민주당,평화민주당,김영진 (1947년),,,True
13,박상천,朴相千,1938-10-31,남,평화민주당,전남 고흥군,지역구,1988-05-30,1992-05-29,term_end,general,MHE1145A,NA-API 의원이력; NA-API ALLNAMEMBER; kowiki list oldid=40892102,1,,term_end,,term_start,term_end,,,전라남도 고흥군,,,민주당,평화민주당,박상천,,,False
13,홍기훈,洪起薰,1953-02-06,남,평화민주당,"전남 곡성,화순군",지역구,1988-05-30,1992-05-29,term_end,general,XAT10663,NA-API 의원이력; NA-API ALLNAMEMBER; kowiki list oldid=40892102,1,,term_end,,term_start,term_end,,,전라남도 곡성군·화순군,,,민주당,평화민주당,홍기훈 (정치인),,,False
13,이돈만,李敦萬,1948-08-09,남,평화민주당,전남 광양,지역구,1988-05-30,1992-05-29,term_end,general,WPW4909K,NA-API 의원이력; NA-API ALLNAMEMBER; kowiki list oldid=40892102; manual_checks_12_14.csv,1,,term_end,,term_start,term_end,,,전라남도 광양군,,,통일국민당,평화민주당,이돈만,,birth_date set by manual_checks_12_14.csv (NA value 1848-08-09),False
13,조순승,趙淳昇,1929-03-22,남,평화민주당,"전남 구례,승주",지역구,1988-05-30,1992-05-29,term_end,general,RAU77180,NA-API 의원이력; NA-API ALLNAMEMBER; kowiki list oldid=40892102,1,,term_end,,term_start,term_end,,,전라남도 구례군·승주군,,,민주당,평화민주당,조순승,,,False
13,이재근,李載根,1937-04-05,남,평화민주당,"전남 나주시,군",지역구,1988-05-30,1992-05-29,term_end,general,4D37702V,NA-API 의원이력; NA-API ALLNAMEMBER; kowiki list oldid=40892102,1,,term_end,,term_start,term_end,,,전라남도 나주시·나주군,,,민주당,평화민주당,이재근 (1937년),,,False
13,김길곤,金吉坤,1931-02-11,남,평화민주당,"전남 담양,장성군",지역구,1988-05-30,1992-05-29,term_end,general,TFV50843,NA-API 의원이력; NA-API ALLNAMEMBER; kowiki list oldid=40892102,1,,term_end,,term_start,term_end,,,전라남도 담양군·장성군,,,통일국민당,평화민주당,김길곤,,,False
13,권노갑,權魯甲,1930-02-18,남,평화민주당,전남 목포시,지역구,1988-05-30,1992-05-29,term_end,general,T1Z9579M,NA-API 의원이력; NA-API ALLNAMEMBER; kowiki list oldid=40892102,1,,term_end,,term_start,term_end,,,전라남도 목포시,,,민주당,평화민주당,권노갑,,,False
13,박석무,朴錫武,1942-09-15,남,평화민주당,전남 무안군,지역구,1988-05-30,1992-05-29,term_end,general,1LA80851,NA-API 의원이력; NA-API ALLNAMEMBER; kowiki list oldid=40892102,1,,term_end,,term_start,term_end,,,전라남도 무안군,,,민주당,평화민주당,박석무,,,False
13,유준상,柳晙相,1942-10-10,남,평화민주당,전남 보성군,지역구,1988-05-30,1992-05-29,term_end,general,TZQ65416,NA-API 의원이력; NA-API ALLNAMEMBER; kowiki list oldid=40892102,1,,term_end,,term_start,term_end,,,전라남도 보성군,,,민주당,평화민주당,류준상 (1942년),,,False
13,허경만,許京萬,1938-03-04,남,평화민주당,전남 순천시,지역구,1988-05-30,1992-05-29,term_end,general,8DK5346K,NA-API 의원이력; NA-API ALLNAMEMBER; kowiki list oldid=40892102,1,,term_end,,term_start,term_end,,,전라남도 순천시,,,민주당,평화민주당,허경만,,,False
13,박형오,朴亨午,1932-12-05,남,한겨레민주당,전남 신안군,지역구,1988-05-30,1992-05-29,term_end,general,CFP75167,NA-API 의원이력; NA-API ALLNAMEMBER; kowiki list oldid=40892102,1,,term_end,,term_start,term_end,,,전라남도 신안군,,,무소속,한겨레민주당,박형오,,,False
13,김충조,金忠兆,1942-08-24,남,평화민주당,전남 여수시,지역구,1988-05-30,1992-05-29,term_end,general,ERX2058H,NA-API 의원이력; NA-API ALLNAMEMBER; kowiki list oldid=40892102,1,,term_end,,term_start,term_end,,,전라남도 여수시,,,민주당,평화민주당,김충조,,,False
13,신순범,愼順範,1933-02-28,남,평화민주당,"전남 여천시,군",지역구,1988-05-30,1992-05-29,term_end,general,6VW96635,NA-API 의원이력; NA-API ALLNAMEMBER; kowiki list oldid=40892102,1,,term_end,,term_start,term_end,,,전라남도 여천시·여천군,,,민주당,평화민주당,신순범,,,False
13,유인학,柳寅鶴,1939-12-03,남,평화민주당,전남 영암군,지역구,1988-05-30,1992-05-29,term_end,general,WO81943O,NA-API 의원이력; NA-API ALLNAMEMBER; kowiki list oldid=40892102,1,,term_end,,term_start,term_end,,,전라남도 영암군,,,민주당,평화민주당,유인학,,,False
13,이영권,李永權,1936-06-03,남,평화민주당,전남 장흥군,지역구,1988-05-30,1992-05-29,term_end,general,HIT2733V,NA-API 의원이력; NA-API ALLNAMEMBER; kowiki list oldid=40892102,1,,term_end,,term_start,term_end,,,전라남도 장흥군,,,민주당,평화민주당,이영권 (정치인),,,False
13,서경원,徐敬元,1937-07-28,남,평화민주당,"전남 함평,영광군",지역구,1988-05-30,1990-08-24,disqualified,general,LIP10985,NA-API 의원이력; NA-API ALLNAMEMBER; kowiki list oldid=40892102; kowiki 의석변동 oldid=41819983,1,,court_ruling_other_or_unspecified,밀입북사건으로 의원직 상실 / 의원직 상실,term_start,confirmed,,wikilist+wikiseat,전라남도 함평군·영광군,,,평화민주당,평화민주당,서경원,,,False
13,이수인,李壽仁,1941-04-29,남,평화민주당,"전남 함평,영광군",지역구,1990-11-11,1992-05-29,term_end,by_election,66U24346,NA-API 의원이력; NA-API ALLNAMEMBER; kowiki list oldid=40892102; kowiki 의석변동 oldid=41819983; manual_checks_12_14.csv,1,,term_end,,api_later_than_wiki,term_end,wikilist=1990-11-09; wikiseat=1990-11-09,,전라남도 함평군·영광군,,,민주당,평화민주당,이수인 (1941년),,manual check: By-election held 1990-11-09 and counted through the morning of 1990-11-10. NA start 1990-11-11 kept.,False
13,김봉호,金琫鎬,1933-05-10,남,평화민주당,"전남 해남,진도군",지역구,1988-05-30,1992-05-29,term_end,general,IOI30449,NA-API 의원이력; NA-API ALLNAMEMBER; kowiki list oldid=40892102,1,,term_end,,term_start,term_end,,,전라남도 해남군·진도군,,,민주당,평화민주당,김봉호,,,False
13,정균환,鄭均桓,1943-07-23,남,평화민주당,전북 고창군,지역구,1988-05-30,1992-05-29,term_end,general,2PO2218L,NA-API 의원이력; NA-API ALLNAMEMBER; kowiki list oldid=40892102,1,,term_end,,term_start,term_end,,,전라북도 고창군,,,민주당,평화민주당,정균환,,,False
13,채영석,蔡映錫,1934-12-07,남,평화민주당,전북 군산시,지역구,1988-05-30,1992-05-29,term_end,general,P1T31301,NA-API 의원이력; NA-API ALLNAMEMBER; kowiki list oldid=40892102,1,,term_end,,term_start,term_end,,,전라북도 군산시,,,민주당,평화민주당,채영석,,,False
13,최락도,崔洛道,1938-01-18,남,평화민주당,전북 김제,지역구,1988-05-30,1992-05-29,term_end,general,7GJ2564V,NA-API 의원이력; NA-API ALLNAMEMBER; kowiki list oldid=40892102,1,,term_end,,term_start,term_end,,,전라북도 김제군,,,민주당,평화민주당,최락도,,,False
13,조찬형,趙贊衡,1938-07-25,남,평화민주당,"전북 남원시,군",지역구,1988-05-30,1992-05-29,term_end,general,AM25401F,NA-API 의원이력; NA-API ALLNAMEMBER; kowiki list oldid=40892102,1,,term_end,,term_start,term_end,,,전라북도 남원시·남원군,,,민주당,평화민주당,조찬형,,,False
13,이희천,李熙天,1927-11-03,남,평화민주당,전북 부안군,지역구,1988-05-30,1992-05-29,term_end,general,GXC8936S,NA-API 의원이력; NA-API ALLNAMEMBER; kowiki list oldid=40892102,1,,term_end,,term_start,term_end,,,전라북도 부안군,,,민주당,평화민주당,이희천,,,False
13,김봉욱,金奉旭,1929-08-15,남,평화민주당,전북 옥구,지역구,1988-05-30,1992-05-29,term_end,general,NS38910H,NA-API 의원이력; NA-API ALLNAMEMBER; kowiki list oldid=40892102,1,,term_end,,term_start,term_end,,,전라북도 옥구군,,,신정치개혁당,평화민주당,김봉욱,,,False
13,김태식,金台植,1939-08-12,남,평화민주당,전북 완주군,지역구,1988-05-30,1992-05-29,term_end,general,UWR1927I,NA-API 의원이력; NA-API ALLNAMEMBER; kowiki list oldid=40892102,1,,term_end,,term_start,term_end,,,전라북도 완주군,,,민주당,평화민주당,김태식 (정치인),,,False
13,이협,李協,1941-04-19,남,평화민주당,전북 이리시,지역구,1988-05-30,1992-05-29,term_end,general,BJG5829N,NA-API 의원이력; NA-API ALLNAMEMBER; kowiki list oldid=40892102,1,,term_end,,term_start,term_end,,,전라북도 이리시,,,민주당,평화민주당,이협,,,False
13,김득수,金得洙,1938-09-01,남,평화민주당,전북 익산군,지역구,1988-05-30,1992-05-29,term_end,general,X6E1548T,NA-API 의원이력; NA-API ALLNAMEMBER; kowiki list oldid=40892102,1,,term_end,,term_start,term_end,,,전라북도 익산군,,,신정치개혁당,평화민주당,김득수 (1938년),,,False
13,홍영기,洪英基,1918-12-03,남,평화민주당,"전북 임실군,순창군",지역구,1988-05-30,1992-05-29,term_end,general,9U97658K,NA-API 의원이력; NA-API ALLNAMEMBER; kowiki list oldid=40892102,1,,term_end,,term_start,term_end,,,전라북도 임실군·순창군,,,민주당,평화민주당,홍영기 (1918년),,,False
13,오탄,吳탄,1939-10-16,남,평화민주당,전북 전주시갑,지역구,1988-05-30,1992-05-29,term_end,general,REX1877I,NA-API 의원이력; NA-API ALLNAMEMBER; kowiki list oldid=40892102,1,,term_end,,term_start,term_end,,,전라북도 전주시 갑,,,민주당,평화민주당,오탄,,,False
13,손주항,孫周恒,1934-02-25,남,평화민주당,전북 전주시을,지역구,1988-05-30,1992-05-29,term_end,general,BRA1525S,NA-API 의원이력; NA-API ALLNAMEMBER; kowiki list oldid=40892102,1,,term_end,,term_start,term_end,,,전라북도 전주시 을,,,무소속,평화민주당,손주항,,,False
13,김원기,金元基,1937-02-16,남,평화민주당,"전북 정주시,정읍",지역구,1988-05-30,1992-05-29,term_end,general,4RF2451S,NA-API 의원이력; NA-API ALLNAMEMBER; kowiki list oldid=40892102,1,,term_end,,term_start,term_end,,,전라북도 정주시·정읍군,,,민주당,평화민주당,김원기 (1937년),,,False
13,이상옥,李相玉,1950-03-22,남,평화민주당,"전북 진안,무주,장수",지역구,1988-05-30,1992-05-29,term_end,general,FZZ4744X,NA-API 의원이력; NA-API ALLNAMEMBER; kowiki list oldid=40892102,1,,term_end,,term_start,term_end,,,전라북도 진안군·무주군·장수군,,,통일국민당,평화민주당,이상옥 (1950년),,,False
13,이기빈,李起彬,1932-05-02,남,무소속,제주 북제주,지역구,1988-05-30,1992-05-29,term_end,general,H679074W,NA-API 의원이력; NA-API ALLNAMEMBER; kowiki list oldid=40892102,1,,term_end,,term_start,term_end,,,제주도 북제주군,,,민주자유당,무소속,이기빈 (정치인),,,False
13,강보성,姜普性,1930-11-05,남,통일민주당,"제주 서귀포시,남제주군",지역구,1988-05-30,1992-05-29,term_end,general,XF75222M,NA-API 의원이력; NA-API ALLNAMEMBER; kowiki list oldid=40892102,1,,term_end,,term_start,term_end,,,제주도 서귀포시·남제주군,,,민주자유당,통일민주당,강보성,,,False
13,고세진,高世鎭,1933-10-20,남,무소속,제주 제주시,지역구,1988-05-30,1992-05-29,term_end,general,U629070R,NA-API 의원이력; NA-API ALLNAMEMBER; kowiki list oldid=40892102,1,,term_end,,term_start,term_end,,,제주도 제주시,,,민주자유당,무소속,고세진,,,False
13,윤재기,尹在基,1944-08-14,남,신민주공화당,"충남 공주시,군",지역구,1988-05-30,1992-05-29,term_end,general,RSE1582E,NA-API 의원이력; NA-API ALLNAMEMBER; kowiki list oldid=40892102,1,,term_end,,term_start,term_end,,,충청남도 공주시·공주군,,,민주자유당,신민주공화당,윤재기,,,False
13,유한열,柳漢烈,1938-01-15,남,무소속,충남 금산군,지역구,1988-05-30,1992-05-29,term_end,general,8AZ5362W,NA-API 의원이력; NA-API ALLNAMEMBER; kowiki list oldid=40892102,1,,term_end,,term_start,term_end,,,충청남도 금산군,,,민주자유당,무소속,유한열,,,False
13,김제태,金濟泰,1934-12-14,남,신민주공화당,충남 논산,지역구,1988-05-30,1992-05-29,term_end,general,K4I9530L,NA-API 의원이력; NA-API ALLNAMEMBER; kowiki list oldid=40892102,1,,term_end,,term_start,term_end,,,충청남도 논산군,,,민주자유당,신민주공화당,김제태,,,False
13,김현욱,金顯煜,1939-01-22,남,민주정의당,충남 당진군,지역구,1988-05-30,1992-05-29,term_end,general,NHT46444,NA-API 의원이력; NA-API ALLNAMEMBER; kowiki list oldid=40892102,1,,term_end,,term_start,term_end,,,충청남도 당진군,,,민주자유당,민주정의당,김현욱 (정치인),,,False
13,이인구,李麟求,1932-04-18,남,신민주공화당,충남 대덕군연기군,지역구,1988-05-30,1992-05-29,term_end,general,HNY4948U,NA-API 의원이력; NA-API ALLNAMEMBER; kowiki list oldid=40892102,1,,term_end,,term_start,term_end,,,충청남도 대덕군·연기군,,,민주자유당,신민주공화당,이인구 (정치인),,,False
13,김현,金炫,1949-05-13,남,신민주공화당,충남 대전시동구갑,지역구,1988-05-30,1992-05-29,term_end,general,7D83745T,NA-API 의원이력; NA-API ALLNAMEMBER; kowiki list oldid=40892102,1,,term_end,,term_start,term_end,,,충청남도 대전시 동구 갑,,,민주당,신민주공화당,김현 (1947년),,,True
13,윤성한,尹星漢,1936-10-30,남,신민주공화당,충남 대전시동구을,지역구,1988-05-30,1992-05-29,term_end,general,2OQ3817H,NA-API 의원이력; NA-API ALLNAMEMBER; kowiki list oldid=40892102,1,,term_end,,term_start,term_end,,,충청남도 대전시 동구 을,,,민주자유당,신민주공화당,윤성한 (정치인),,,False
13,박충순,朴忠淳,1933-12-19,남,신민주공화당,충남 대전시서구,지역구,1988-05-30,1992-05-29,term_end,general,0XM13788,NA-API 의원이력; NA-API ALLNAMEMBER; kowiki list oldid=40892102,1,,term_end,,term_start,term_end,,,충청남도 대전시 서구,,,민주자유당,신민주공화당,박충순,,,False
13,김홍만,金洪萬,1943-03-11,남,신민주공화당,충남 대전시중구,지역구,1988-05-30,1992-05-29,term_end,general,KWF97697,NA-API 의원이력; NA-API ALLNAMEMBER; kowiki list oldid=40892102,1,,term_end,,term_start,term_end,,,충청남도 대전시 중구,,,민주자유당,신민주공화당,김홍만,,,False
13,김용환,金龍煥,1932-02-05,남,신민주공화당,"충남 대천,보령시",지역구,1988-05-30,1992-05-29,term_end,general,GTH3618V,NA-API 의원이력; NA-API ALLNAMEMBER; kowiki list oldid=40892102,1,,term_end,,term_start,term_end,,,충청남도 대천시·보령군,,,민주자유당,신민주공화당,김용환 (1932년),,,False
13,김종필,金鍾泌,1926-01-07,남,신민주공화당,충남 부여군,지역구,1988-05-30,1992-05-29,term_end,general,PAR7137B,NA-API 의원이력; NA-API ALLNAMEMBER; kowiki list oldid=40892102,1,,term_end,,term_start,term_end,,,충청남도 부여군,,,민주자유당,신민주공화당,김종필,,,False
13,박태권,朴泰權,1946-09-27,남,통일민주당,충남 서산,지역구,1988-05-30,1992-05-29,term_end,general,N8Y13552,NA-API 의원이력; NA-API ALLNAMEMBER; kowiki list oldid=40892102,1,,term_end,,term_start,term_end,,,충청남도 서산군,,,민주자유당,통일민주당,박태권,,,False
13,이긍규,李肯珪,1941-10-20,남,민주정의당,충남 서천군,지역구,1988-05-30,1992-05-29,term_end,general,HOO4824R,NA-API 의원이력; NA-API ALLNAMEMBER; kowiki list oldid=40892102,1,,term_end,,term_start,term_end,,,충청남도 서천군,,,민주자유당,민주정의당,이긍규,,,False
13,박병선,朴炳善,1925-12-25,남,신민주공화당,충남 예산군,지역구,1988-05-30,1992-05-29,term_end,general,04D1245W,NA-API 의원이력; NA-API ALLNAMEMBER; kowiki list oldid=40892102,1,,term_end,,term_start,term_end,,,충청남도 예산군,,,통일국민당,신민주공화당,박병선 (1925년),,,False
13,황명수,黃明秀,1927-04-29,남,통일민주당,"충남 온양시,아산군",지역구,1988-05-30,1992-05-29,term_end,general,E5X4403T,NA-API 의원이력; NA-API ALLNAMEMBER; kowiki list oldid=40892102,1,,term_end,,term_start,term_end,,,충청남도 온양시·아산군,,,민주자유당,통일민주당,황명수 (1927년),,,False
13,정일영,鄭一永,1944-03-20,남,신민주공화당,충남 천안시,지역구,1988-05-30,1992-05-29,term_end,general,UBR50068,NA-API 의원이력; NA-API ALLNAMEMBER; kowiki list oldid=40892102,1,,term_end,,term_start,term_end,,,충청남도 천안시,,,민주자유당,신민주공화당,정일영 (1944년),,,True
13,김종식,金鍾植,1935-01-10,남,신민주공화당,충남 천원,지역구,1988-05-30,1992-05-29,term_end,general,FXK12131,NA-API 의원이력; NA-API ALLNAMEMBER; kowiki list oldid=40892102,1,,term_end,,term_start,term_end,,,충청남도 천원군,,,무소속,신민주공화당,김종식 (1935년),,,False
13,조부영,趙富英,1936-02-09,남,신민주공화당,"충남 청양,홍성군",지역구,1988-05-30,1992-05-29,term_end,general,PY75021S,NA-API 의원이력; NA-API ALLNAMEMBER; kowiki list oldid=40892102,1,,term_end,,term_start,term_end,,,충청남도 청양군·홍성군,,,민주자유당,신민주공화당,조부영,,,False
13,김종호,金宗鎬,1935-11-30,남,민주정의당,충북 괴산군,지역구,1988-05-30,1992-05-29,term_end,general,OQ09860C,NA-API 의원이력; NA-API ALLNAMEMBER; kowiki list oldid=40892102,1,,term_end,,term_start,term_end,,,충청북도 괴산군,,,민주자유당,민주정의당,김종호 (1935년),,,False
13,박준병,朴俊炳,1934-03-28,남,민주정의당,"충북 보은,옥천,영동군",지역구,1988-05-30,1992-05-29,term_end,general,ORH5971D,NA-API 의원이력; NA-API ALLNAMEMBER; kowiki list oldid=40892102,1,,term_end,,term_start,term_end,,,충청북도 보은군·옥천군·영동군,,,민주자유당,민주정의당,박준병 (1933년),,,False
13,안영기,安榮基,1936-05-05,남,민주정의당,"충북 제원,단양",지역구,1988-05-30,1992-05-29,term_end,general,5JX4556G,NA-API 의원이력; NA-API ALLNAMEMBER; kowiki list oldid=40892102,1,,term_end,,term_start,term_end,,,충청북도 제원군·단양군,,,민주자유당,민주정의당,안영기 (1936년),,,False
13,이춘구,李春九,1934-11-18,남,민주정의당,충북 제천시,지역구,1988-05-30,1992-05-29,term_end,general,EEC7465H,NA-API 의원이력; NA-API ALLNAMEMBER; kowiki list oldid=40892102,1,,term_end,,term_start,term_end,,,충청북도 제천시,,,민주자유당,민주정의당,이춘구,,,False
13,김완태,金完泰,1931-01-30,남,민주정의당,"충북 진천,음성군",지역구,1988-05-30,1990-01-13,died,general,A7N1851F,NA-API 의원이력; NA-API ALLNAMEMBER; kowiki list oldid=40892102; kowiki 의석변동 oldid=41819983,1,,died,사망 / 사망,term_start,confirmed,,wikilist+wikiseat,충청북도 진천군·음성군,,,민주정의당,민주정의당,김완태 (1931년),,,False
13,허탁,許拓,1935-12-21,남,무소속,"충북 진천,음성군",지역구,1990-04-04,1992-05-29,term_end,by_election,J9B7924I,NA-API 의원이력; NA-API ALLNAMEMBER; kowiki list oldid=40892102; kowiki 의석변동 oldid=41819983,1,,term_end,,confirmed_pollday_plus1,term_end,wikilist=1990-04-03; wikiseat=1990-04-03,,충청북도 진천군·음성군,,,민주당,무소속,허탁,,,False
13,신경식,辛卿植,1938-10-14,남,민주정의당,충북 청원군,지역구,1988-05-30,1992-05-29,term_end,general,S4B6672D,NA-API 의원이력; NA-API ALLNAMEMBER; kowiki list oldid=40892102,1,,term_end,,term_start,term_end,,,충청북도 청원군,,,민주자유당,민주정의당,신경식,,,False
13,정종택,鄭宗澤,1935-02-20,남,민주정의당,충북 청주시갑,지역구,1988-05-30,1992-05-29,term_end,general,EUJ8925R,NA-API 의원이력; NA-API ALLNAMEMBER; kowiki list oldid=40892102,1,,term_end,,term_start,term_end,,,충청북도 청주시 갑,,,민주자유당,민주정의당,정종택 (정치인),,,False
13,오용운,吳龍雲,1926-12-14,남,신민주공화당,충북 청주시을,지역구,1988-05-30,1992-02-28,disqualified,general,Y761049K,NA-API 의원이력; NA-API ALLNAMEMBER; kowiki list oldid=40892102; kowiki 의석변동 oldid=41819983; manual_checks_12_14.csv,1,,court_ruling_other_or_unspecified,의원직 상실 / 의원직 상실,term_start,confirmed,,wikilist+wikiseat,충청북도 청주시 을,,,민주자유당,신민주공화당,오용운,,manual check: Seat lost automatically when the Supreme Court confirmed the 수서 bribery conviction on 1992-02-28.,False
13,이종근,李鐘根,1923-10-22,남,신민주공화당,충북 충주시중원,지역구,1988-05-30,1992-05-29,term_end,general,DCY93694,NA-API 의원이력; NA-API ALLNAMEMBER; kowiki list oldid=40892102,1,,term_end,,term_start,term_end,,,충청북도 충주시·중원군,,,민주자유당,신민주공화당,이종근 (1923년),,,False
13,강영훈,姜英勳,1922-05-30,남,민주정의당,전국구,비례대표,1988-05-30,1988-12-22,resigned,general,1MY6092K,NA-API 의원이력; NA-API ALLNAMEMBER; kowiki list oldid=40892102; kowiki 의석변동 oldid=41819983; NA bill 011052,1,,resigned_on_appointment,"강영훈 총리 지명, 최창윤 정무수석 임명으로 사퇴 심기섭, 안찬희 승계 / 의원직 사퇴",term_start,confirmed,,nabill,,민주정의당,4,민주정의당,민주정의당,강영훈 (1922년),,,False
13,강재섭,姜在涉,1948-03-28,남,민주정의당,전국구,비례대표,1988-05-30,1992-05-29,term_end,general,IU67432G,NA-API 의원이력; NA-API ALLNAMEMBER; kowiki list oldid=40892102,1,,term_end,,term_start,term_end,,,,민주정의당,32,민주자유당,민주정의당,강재섭,,,False
13,권헌성,權憲成,1958-08-29,남,통일민주당,전국구,비례대표,1988-05-30,1992-05-29,term_end,general,W321567U,NA-API 의원이력; NA-API ALLNAMEMBER; kowiki list oldid=40892102,1,,term_end,,term_start,term_end,,,,통일민주당,8,무소속,통일민주당,권헌성,,,False
13,김길홍,金吉弘,1942-07-05,남,민주정의당,전국구,비례대표,1988-05-30,1992-05-29,term_end,general,DXQ97415,NA-API 의원이력; NA-API ALLNAMEMBER; kowiki list oldid=40892102,1,,term_end,,term_start,term_end,,,,민주정의당,31,민주자유당,민주정의당,김길홍,,,False
13,김남,金楠,1930-04-22,남,통일민주당,전국구,비례대표,1988-05-30,1992-05-29,term_end,general,J3Q5491L,NA-API 의원이력; NA-API ALLNAMEMBER; kowiki list oldid=40892102,1,,term_end,,term_start,term_end,,,,통일민주당,13,민주자유당,통일민주당,김남,,,False
13,김대중,金大中,1925-12-03,남,평화민주당,전국구,비례대표,1988-05-30,1992-05-29,term_end,general,0WP29701,NA-API 의원이력; NA-API ALLNAMEMBER; kowiki list oldid=40892102,1,,term_end,,term_start,term_end,,,,평화민주당,11,민주당,평화민주당,김대중,,,False
13,김동인,金東仁,1927-09-27,남,민주정의당,전국구,비례대표,1988-05-30,1992-05-29,term_end,general,7QN2895W,NA-API 의원이력; NA-API ALLNAMEMBER; kowiki list oldid=40892102,1,,term_end,,term_start,term_end,,,,민주정의당,7,민주자유당,민주정의당,김동인 (1927년),,,False
13,김두윤,金斗潤,1926-06-08,남,신민주공화당,전국구,비례대표,1988-05-30,1992-05-29,term_end,general,SMR7052V,NA-API 의원이력; NA-API ALLNAMEMBER; kowiki list oldid=40892102,1,,term_end,,term_start,term_end,,,,신민주공화당,5,민주자유당,신민주공화당,김두윤,,,False
13,김성룡,金成龍,1926-06-05,남,통일민주당,전국구,비례대표,1988-05-30,1992-05-29,term_end,general,23M6254Y,NA-API 의원이력; NA-API ALLNAMEMBER; kowiki list oldid=40892102,1,,term_end,,term_start,term_end,,,,통일민주당,12,민주자유당,통일민주당,김성룡 (1926년),,,False
13,김영도,金榮度,1929-02-03,남,평화민주당,전국구,비례대표,1988-05-30,1992-05-29,term_end,general,1OT2557M,NA-API 의원이력; NA-API ALLNAMEMBER; kowiki list oldid=40892102,1,,term_end,,term_start,term_end,,,,평화민주당,5,민주당,평화민주당,김영도 (1929년),,,False
13,김운환,金운桓,1946-12-13,남,통일민주당,전국구,비례대표,1988-05-30,1992-05-29,term_end,general,IS69175A,NA-API 의원이력; NA-API ALLNAMEMBER; kowiki list oldid=40892102,1,,term_end,,term_start,term_end,,,,통일민주당,11,민주자유당,통일민주당,김운환,,,False
13,김인곤,金仁坤,1928-06-26,남,신민주공화당,전국구,비례대표,1988-05-30,1992-05-29,term_end,general,SRH7774W,NA-API 의원이력; NA-API ALLNAMEMBER; kowiki list oldid=40892102,1,,term_end,,term_start,term_end,,,,신민주공화당,1,민주당,신민주공화당,김인곤,,,False
13,김인기,金仁基,1933-03-12,남,민주정의당,전국구,비례대표,1988-05-30,1992-05-29,term_end,general,FII6987E,NA-API 의원이력; NA-API ALLNAMEMBER; kowiki list oldid=40892102,1,,term_end,,term_start,term_end,,,,민주정의당,12,민주자유당,민주정의당,김인기 (1933년),,,False
13,김장숙,金長淑,1934-03-25,여,민주정의당,전국구,비례대표,1988-05-30,1992-05-29,term_end,general,JP019849,NA-API 의원이력; NA-API ALLNAMEMBER; kowiki list oldid=40892102,1,,term_end,,term_start,term_end,,,,민주정의당,27,민주자유당,민주정의당,김장숙,,,False
13,김정길,金政吉,1935-10-20,남,민주정의당,전국구,비례대표,1988-05-30,1992-05-29,term_end,general,0C41773V,NA-API 의원이력; NA-API ALLNAMEMBER; kowiki list oldid=40892102,1,,term_end,,term_start,term_end,,,,민주정의당,33,무소속,민주정의당,김정길 (1935년),,,True
13,김종곤,金鍾坤,1932-11-21,남,민주정의당,전국구,비례대표,1988-05-30,1992-05-29,term_end,general,IGD7635F,NA-API 의원이력; NA-API ALLNAMEMBER; kowiki list oldid=40892102,1,,term_end,,term_start,term_end,,,,민주정의당,11,민주자유당,민주정의당,김종곤,,,False
13,김종기,金鍾基,1941-01-18,남,민주정의당,전국구,비례대표,1988-05-30,1992-05-29,term_end,general,XN15344S,NA-API 의원이력; NA-API ALLNAMEMBER; kowiki list oldid=40892102,1,,term_end,,term_start,term_end,,,,민주정의당,15,민주자유당,민주정의당,김종기 (1941년),,,False
13,김주호,金柱鎬,1932-01-25,남,평화민주당,전국구,비례대표,1988-05-30,1992-05-29,term_end,general,IDG7545T,NA-API 의원이력; NA-API ALLNAMEMBER; kowiki list oldid=40892102,1,,term_end,,term_start,term_end,,,,평화민주당,7,민주당,평화민주당,김주호 (1932년),,,False
13,나창주,羅昌柱,1934-05-12,남,민주정의당,전국구,비례대표,1988-05-30,1992-05-29,term_end,general,3PK85169,NA-API 의원이력; NA-API ALLNAMEMBER; kowiki list oldid=40892102,1,,term_end,,term_start,term_end,,,,민주정의당,22,민주자유당,민주정의당,나창주,,,False
13,노흥준,盧興俊,1945-01-27,남,통일민주당,전국구,비례대표,1988-05-30,1992-05-29,term_end,general,CA440915,NA-API 의원이력; NA-API ALLNAMEMBER; kowiki list oldid=40892102,1,,term_end,,term_start,term_end,,,,통일민주당,3,민주자유당,통일민주당,노흥준,,,False
13,도영심,都英心,1947-12-26,여,민주정의당,전국구,비례대표,1988-05-30,1992-05-29,term_end,general,VED53872,NA-API 의원이력; NA-API ALLNAMEMBER; kowiki list oldid=40892102,1,,term_end,,term_start,term_end,,,,민주정의당,38,민주자유당,민주정의당,도영심,,,False
13,류승번,柳升蕃,1926-02-24,남,통일민주당,전국구,비례대표,1988-05-30,1992-05-29,term_end,general,ID74552F,NA-API 의원이력; NA-API ALLNAMEMBER; kowiki list oldid=40892102,1,,term_end,,term_start,term_end,,,,통일민주당,4,민주자유당,통일민주당,류승번,,,False
13,문동환,文東煥,1921-05-05,남,평화민주당,전국구,비례대표,1988-05-30,1992-05-29,term_end,general,OJJ2363Y,NA-API 의원이력; NA-API ALLNAMEMBER; kowiki list oldid=40892102,1,,term_end,,term_start,term_end,,,,평화민주당,12,민주당,평화민주당,문동환 (목회자),,,False
13,문준식,文峻植,1923-05-20,남,통일민주당,전국구,비례대표,1988-05-30,1992-05-29,term_end,general,U3E8106F,NA-API 의원이력; NA-API ALLNAMEMBER; kowiki list oldid=40892102,1,,term_end,,term_start,term_end,,,,통일민주당,6,민주자유당,통일민주당,문준식,,,False
13,박승재,朴承載,1933-07-10,남,민주정의당,전국구,비례대표,1988-05-30,1992-05-29,term_end,general,7IV94516,NA-API 의원이력; NA-API ALLNAMEMBER; kowiki list oldid=40892102,1,,term_end,,term_start,term_end,,,,민주정의당,24,민주자유당,민주정의당,박승재,,,False
13,박영숙,朴英淑,1932-05-28,여,평화민주당,전국구,비례대표,1988-05-30,1992-05-29,term_end,general,CAX57348,NA-API 의원이력; NA-API ALLNAMEMBER; kowiki list oldid=40892102,1,,term_end,,term_start,term_end,,,,평화민주당,1,민주당,평화민주당,박영숙 (1932년),,,False
13,박종율,朴鍾律,1929-03-14,남,통일민주당,전국구,비례대표,1988-05-30,1992-05-29,term_end,general,JGT1723Y,NA-API 의원이력; NA-API ALLNAMEMBER; kowiki list oldid=40892102,1,,term_end,,term_start,term_end,,,,통일민주당,10,민주자유당,통일민주당,박종율,,,False
13,박철언,朴哲彦,1942-08-05,남,민주정의당,전국구,비례대표,1988-05-30,1992-05-29,term_end,general,DQE3331P,NA-API 의원이력; NA-API ALLNAMEMBER; kowiki list oldid=40892102,1,,term_end,,term_start,term_end,,,,민주정의당,17,민주자유당,민주정의당,박철언,,,False
13,박태준,朴泰俊,1927-09-29,남,민주정의당,전국구,비례대표,1988-05-30,1992-05-29,term_end,general,J4X86065,NA-API 의원이력; NA-API ALLNAMEMBER; kowiki list oldid=40892102,1,,term_end,,term_start,term_end,,,,민주정의당,6,민주자유당,민주정의당,박태준 (1927년),,,False
13,서상목,徐相穆,1947-07-11,남,민주정의당,전국구,비례대표,1988-05-30,1992-05-29,term_end,general,33J43967,NA-API 의원이력; NA-API ALLNAMEMBER; kowiki list oldid=40892102,1,,term_end,,term_start,term_end,,,,민주정의당,23,민주자유당,민주정의당,서상목,,,False
13,석준규,石準規,1933-10-06,남,통일민주당,전국구,비례대표,1988-05-30,1992-05-29,term_end,general,KWO2882I,NA-API 의원이력; NA-API ALLNAMEMBER; kowiki list oldid=40892102,1,,term_end,,term_start,term_end,,,,통일민주당,7,민주자유당,통일민주당,석준규,,,False
13,손주환,孫株煥,1939-04-20,남,민주정의당,전국구,비례대표,1988-05-30,1990-12-29,resigned,general,TJJ2271P,NA-API 의원이력; NA-API ALLNAMEMBER; kowiki list oldid=40892102; kowiki 의석변동 oldid=41819983; NA bill 011801,1,,resigned_on_appointment,손주환 청와대 정무수석 임명으로 사퇴 최상진 승계 / 의원직 사퇴 / 議長許可,term_start,confirmed,,nabill,,민주정의당,25,민주자유당,민주정의당,손주환 (정치인),,,False
13,송두호,宋斗灝,1928-12-12,남,통일민주당,전국구,비례대표,1988-05-30,1992-05-29,term_end,general,6Z125924,NA-API 의원이력; NA-API ALLNAMEMBER; kowiki list oldid=40892102,1,,term_end,,term_start,term_end,,,,통일민주당,1,민주자유당,통일민주당,송두호,,,False
13,송현섭,宋鉉燮,1936-10-12,남,평화민주당,전국구,비례대표,1988-05-30,1992-05-29,term_end,general,T1R43759,NA-API 의원이력; NA-API ALLNAMEMBER; kowiki list oldid=40892102,1,,term_end,,term_start,term_end,,,,평화민주당,2,신정치개혁당,평화민주당,송현섭,,,False
13,신영순,申英順,1936-05-24,여,민주정의당,전국구,비례대표,1988-05-30,1992-05-29,term_end,general,LO069688,NA-API 의원이력; NA-API ALLNAMEMBER; kowiki list oldid=40892102,1,,term_end,,term_start,term_end,,,,민주정의당,37,민주자유당,민주정의당,신영순,,,False
13,신진수,申鎭洙,1942-08-21,남,신민주공화당,전국구,비례대표,1988-05-30,1992-05-29,term_end,general,L9A8497B,NA-API 의원이력; NA-API ALLNAMEMBER; kowiki list oldid=40892102,1,,term_end,,term_start,term_end,,,,신민주공화당,6,민주자유당,신민주공화당,신진수 (1938년),,,False
13,신철균,申喆均,1924-11-16,남,신민주공화당,전국구,비례대표,1988-05-30,1992-05-29,term_end,general,3UG9639E,NA-API 의원이력; NA-API ALLNAMEMBER; kowiki list oldid=40892102,1,,term_end,,term_start,term_end,,,,신민주공화당,8,민주자유당,신민주공화당,신철균 (1924년),,,False
13,양경자,梁慶子,1940-07-25,여,민주정의당,전국구,비례대표,1988-05-30,1992-05-29,term_end,general,HVO20403,NA-API 의원이력; NA-API ALLNAMEMBER; kowiki list oldid=40892102,1,,term_end,,term_start,term_end,,,,민주정의당,28,민주자유당,민주정의당,양경자,,,False
13,연제원,延濟源,1927-06-16,남,신민주공화당,전국구,비례대표,1988-05-30,1992-05-29,term_end,general,LL74000X,NA-API 의원이력; NA-API ALLNAMEMBER; kowiki list oldid=40892102,1,,term_end,,term_start,term_end,,,,신민주공화당,3,무소속,신민주공화당,연제원,,,False
13,옥만호,玉滿鎬,1925-09-02,남,신민주공화당,전국구,비례대표,1988-05-30,1992-05-29,term_end,general,JNV4397B,NA-API 의원이력; NA-API ALLNAMEMBER; kowiki list oldid=40892102,1,,term_end,,term_start,term_end,,,,신민주공화당,7,민주자유당,신민주공화당,옥만호,,,False
13,유기천,劉基天,1927-04-06,남,민주정의당,전국구,비례대표,1988-05-30,1992-05-29,term_end,general,TXU99386,NA-API 의원이력; NA-API ALLNAMEMBER; kowiki list oldid=40892102,1,,term_end,,term_start,term_end,,,,민주정의당,21,민주자유당,민주정의당,유기천 (정치인),,,False
13,윤길중,尹吉重,1916-08-14,남,민주정의당,전국구,비례대표,1988-05-30,1992-05-29,term_end,general,HBO3666Q,NA-API 의원이력; NA-API ALLNAMEMBER; kowiki list oldid=40892102,1,,term_end,,term_start,term_end,,,,민주정의당,2,민주자유당,민주정의당,윤길중,,,False
13,이경재,李敬載,1932-12-10,남,평화민주당,전국구,비례대표,1988-05-30,1992-05-29,term_end,general,CKS9642T,NA-API 의원이력; NA-API ALLNAMEMBER; kowiki list oldid=40892102,1,,term_end,,term_start,term_end,,,,평화민주당,6,민주당,평화민주당,이경재 (1932년),,,True
13,이광노,李光魯,1931-06-16,남,민주정의당,전국구,비례대표,1988-05-30,1992-05-29,term_end,general,HE94360B,NA-API 의원이력; NA-API ALLNAMEMBER; kowiki list oldid=40892102,1,,term_end,,term_start,term_end,,,,민주정의당,8,민주자유당,민주정의당,이광노,,,False
13,이교성,李敎成,1939-08-30,남,평화민주당,전국구,비례대표,1988-05-30,1992-05-29,term_end,general,3QK4193V,NA-API 의원이력; NA-API ALLNAMEMBER; kowiki list oldid=40892102,1,,term_end,,term_start,term_end,,,,평화민주당,8,민주당,평화민주당,이교성,,,False
13,이도선,李道先,1932-10-05,남,민주정의당,전국구,비례대표,1988-05-30,1992-05-29,term_end,general,4QJ8677M,NA-API 의원이력; NA-API ALLNAMEMBER; kowiki list oldid=40892102,1,,term_end,,term_start,term_end,,,,민주정의당,14,민주자유당,민주정의당,이도선 (1932년),,,False
13,이동근,李東根,1939-05-01,남,평화민주당,전국구,비례대표,1988-05-30,1992-05-29,term_end,general,UMW2528R,NA-API 의원이력; NA-API ALLNAMEMBER; kowiki list oldid=40892102,1,,term_end,,term_start,term_end,,,,평화민주당,3,민주당,평화민주당,이동근 (1939년),,,False
13,이동진,李東鎭,1931-10-09,남,민주정의당,전국구,비례대표,1988-05-30,1992-05-29,term_end,general,2081986U,NA-API 의원이력; NA-API ALLNAMEMBER; kowiki list oldid=40892102,1,,term_end,,term_start,term_end,,,,민주정의당,13,민주자유당,민주정의당,이동진 (1931년),,,False
13,이병용,李炳勇,1926-04-29,남,민주정의당,전국구,비례대표,1988-05-30,1992-05-29,term_end,general,P5W8553L,NA-API 의원이력; NA-API ALLNAMEMBER; kowiki list oldid=40892102,1,,term_end,,term_start,term_end,,,,민주정의당,5,민주자유당,민주정의당,이병용 (1926년),,,False
13,이상하,李相河,1937-11-28,남,민주정의당,전국구,비례대표,1988-05-30,1992-05-29,term_end,general,XWL4618B,NA-API 의원이력; NA-API ALLNAMEMBER; kowiki list oldid=40892102,1,,term_end,,term_start,term_end,,,,민주정의당,26,민주자유당,민주정의당,이상하,,,False
13,이상회,李相回,1935-08-13,남,민주정의당,전국구,비례대표,1988-05-30,1992-05-29,term_end,general,8Q16619C,NA-API 의원이력; NA-API ALLNAMEMBER; kowiki list oldid=40892102,1,,term_end,,term_start,term_end,,,,민주정의당,29,민주자유당,민주정의당,이상회,,,False
13,이원조,李源祚,1933-01-15,남,민주정의당,전국구,비례대표,1988-05-30,1992-05-29,term_end,general,3IY62278,NA-API 의원이력; NA-API ALLNAMEMBER; kowiki list oldid=40892102,1,,term_end,,term_start,term_end,,,,민주정의당,10,민주자유당,민주정의당,이원조 (1933년),,,False
13,이윤자,李潤子,1928-03-12,여,민주정의당,전국구,비례대표,1988-05-30,1992-05-29,term_end,general,OK67147J,NA-API 의원이력; NA-API ALLNAMEMBER; kowiki list oldid=40892102,1,,term_end,,term_start,term_end,,,,민주정의당,9,민주자유당,민주정의당,이윤자,,,False
13,이재황,李在晃,1948-03-06,남,민주정의당,전국구,비례대표,1988-05-30,1992-05-29,term_end,general,NIH2967M,NA-API 의원이력; NA-API ALLNAMEMBER; kowiki list oldid=40892102,1,,term_end,,term_start,term_end,,,,민주정의당,35,민주자유당,민주정의당,이재황 (1948년),,,False
13,이행구,李幸九,1921-09-29,남,통일민주당,전국구,비례대표,1988-05-30,1992-05-29,term_end,general,SJD28100,NA-API 의원이력; NA-API ALLNAMEMBER; kowiki list oldid=40892102; manual_checks_12_14.csv,1,,term_end,,term_start,term_end,,,,통일민주당,2,민주자유당,통일민주당,이행구,,birth_date set by manual_checks_12_14.csv (NA value 1821-09-29),False
13,이형배,李炯培,1938-12-27,남,평화민주당,전국구,비례대표,1988-05-30,1992-05-29,term_end,general,SW948730,NA-API 의원이력; NA-API ALLNAMEMBER; kowiki list oldid=40892102,1,,term_end,,term_start,term_end,,,,평화민주당,9,무소속,평화민주당,이형배,,,False
13,이희일,李熺逸,1931-03-07,남,신민주공화당,전국구,비례대표,1988-05-30,1990-03-22,resigned,general,XVI10805,NA-API 의원이력; NA-API ALLNAMEMBER; kowiki list oldid=40892102; kowiki 의석변동 oldid=41819983; NA bill 011507,1,,resigned_on_appointment,이희일 동력자원부 장관 임명으로 사퇴 권오석 승계 / 의원직 사퇴,term_start,confirmed,,nabill,,신민주공화당,4,민주자유당,신민주공화당,이희일,,,False
13,임인규,林仁圭,1939-11-18,남,민주정의당,전국구,비례대표,1988-05-30,1992-05-29,term_end,general,OPX8066S,NA-API 의원이력; NA-API ALLNAMEMBER; kowiki list oldid=40892102,1,,term_end,,term_start,term_end,,,,민주정의당,36,민주자유당,민주정의당,임인규,,,False
13,정기영,鄭基榮,1928-10-22,남,평화민주당,전국구,비례대표,1988-05-30,1992-05-29,term_end,general,8L08506K,NA-API 의원이력; NA-API ALLNAMEMBER; kowiki list oldid=40892102,1,,term_end,,term_start,term_end,,,,평화민주당,16,민주당,평화민주당,정기영,,,False
13,정석모,鄭石謨,1929-03-03,남,민주정의당,전국구,비례대표,1988-05-30,1992-05-29,term_end,general,8OR4908W,NA-API 의원이력; NA-API ALLNAMEMBER; kowiki list oldid=40892102,1,,term_end,,term_start,term_end,,,,민주정의당,3,민주자유당,민주정의당,정석모,,,False
13,정시봉,鄭始鳳,1916-12-07,남,신민주공화당,전국구,비례대표,1988-05-30,1992-05-29,term_end,general,UUT73651,NA-API 의원이력; NA-API ALLNAMEMBER; kowiki list oldid=40892102,1,,term_end,,term_start,term_end,,,,신민주공화당,2,민주자유당,신민주공화당,정시봉,,,False
13,조경목,趙庚穆,1937-06-26,남,민주정의당,전국구,비례대표,1988-05-30,1992-05-29,term_end,general,AKW5267O,NA-API 의원이력; NA-API ALLNAMEMBER; kowiki list oldid=40892102,1,,term_end,,term_start,term_end,,,,민주정의당,18,민주자유당,민주정의당,조경목,,,False
13,조남욱,趙南煜,1933-08-16,남,민주정의당,전국구,비례대표,1988-05-30,1992-05-29,term_end,general,71F9857P,NA-API 의원이력; NA-API ALLNAMEMBER; kowiki list oldid=40892102,1,,term_end,,term_start,term_end,,,,민주정의당,34,민주자유당,민주정의당,조남욱,,,False
13,조승형,趙昇衡,1934-09-26,남,평화민주당,전국구,비례대표,1988-05-30,1992-05-29,term_end,general,12S7035O,NA-API 의원이력; NA-API ALLNAMEMBER; kowiki list oldid=40892102,1,,term_end,,term_start,term_end,,,,평화민주당,14,민주당,평화민주당,조승형,,,False
13,조희철,曺喜澈,1928-06-10,남,평화민주당,전국구,비례대표,1988-05-30,1992-05-29,term_end,general,2CV2451U,NA-API 의원이력; NA-API ALLNAMEMBER; kowiki list oldid=40892102,1,,term_end,,term_start,term_end,,,,평화민주당,17,무소속,평화민주당,조희철,,,False
13,지연태,池連泰,1928-02-15,남,민주정의당,전국구,비례대표,1988-05-30,1992-05-29,term_end,general,BHU7979V,NA-API 의원이력; NA-API ALLNAMEMBER; kowiki list oldid=40892102,1,,term_end,,term_start,term_end,,,,민주정의당,16,민주자유당,민주정의당,지연태,,,False
13,채문식,蔡汶植,1925-01-16,남,민주정의당,전국구,비례대표,1988-05-30,1992-05-29,term_end,general,PNI51919,NA-API 의원이력; NA-API ALLNAMEMBER; kowiki list oldid=40892102,1,,term_end,,term_start,term_end,,,,민주정의당,1,민주자유당,민주정의당,채문식,,,False
13,최봉구,崔鳳九,1940-02-21,남,평화민주당,전국구,비례대표,1988-05-30,1992-05-29,term_end,general,DWY2922R,NA-API 의원이력; NA-API ALLNAMEMBER; kowiki list oldid=40892102,1,,term_end,,term_start,term_end,,,,평화민주당,4,민주당,평화민주당,최봉구,,,False
13,최영근,崔泳謹,1922-04-24,남,평화민주당,전국구,비례대표,1988-05-30,1992-05-29,term_end,general,2RB25984,NA-API 의원이력; NA-API ALLNAMEMBER; kowiki list oldid=40892102,1,,term_end,,term_start,term_end,,,,평화민주당,13,민주당,평화민주당,최영근 (1922년),,,False
13,최이호,崔二鎬,1934-01-25,남,통일민주당,전국구,비례대표,1988-05-30,1992-05-29,term_end,general,8J644357,NA-API 의원이력; NA-API ALLNAMEMBER; kowiki list oldid=40892102,1,,term_end,,term_start,term_end,,,,통일민주당,9,무소속,통일민주당,최이호,,,False
13,최재욱,崔在旭,1940-10-01,남,민주정의당,전국구,비례대표,1988-05-30,1992-05-29,term_end,general,95S94954,NA-API 의원이력; NA-API ALLNAMEMBER; kowiki list oldid=40892102,1,,term_end,,term_start,term_end,,,,민주정의당,20,민주자유당,민주정의당,최재욱 (정치인),,,False
13,최창윤,崔昌潤,1939-09-07,남,민주정의당,전국구,비례대표,1988-05-30,1988-12-22,resigned,general,C0E9428E,NA-API 의원이력; NA-API ALLNAMEMBER; kowiki list oldid=40892102; kowiki 의석변동 oldid=41819983; NA bill 011051,1,,resigned_on_appointment,"강영훈 총리 지명, 최창윤 정무수석 임명으로 사퇴 심기섭, 안찬희 승계 / 의원직 사퇴",term_start,confirmed,,nabill,,민주정의당,19,민주정의당,민주정의당,최창윤,,,False
13,허만기,許萬基,1929-04-04,남,평화민주당,전국구,비례대표,1988-05-30,1992-05-29,term_end,general,7JO4216B,NA-API 의원이력; NA-API ALLNAMEMBER; kowiki list oldid=40892102,1,,term_end,,term_start,term_end,,,,평화민주당,10,민주당,평화민주당,허만기,,,False
13,홍세기,洪世基,1929-03-15,남,민주정의당,전국구,비례대표,1988-05-30,1992-05-29,term_end,general,OG58098B,NA-API 의원이력; NA-API ALLNAMEMBER; kowiki list oldid=40892102,1,,term_end,,term_start,term_end,,,,민주정의당,30,민주자유당,민주정의당,홍세기,,,False
13,황대봉,黃大鳳,1930-04-23,남,통일민주당,전국구,비례대표,1988-05-30,1992-05-29,term_end,general,GMC9494G,NA-API 의원이력; NA-API ALLNAMEMBER; kowiki list oldid=40892102,1,,term_end,,term_start,term_end,,,,통일민주당,5,민주자유당,통일민주당,황대봉,,,False
13,심기섭,沈起燮,1944-10-21,남,민주정의당,전국구,비례대표,1988-12-23,1992-05-29,term_end,succession_pr,2MK7856S,NA-API 의원이력; NA-API ALLNAMEMBER; kowiki list oldid=40892102; kowiki 의석변동 oldid=41819983,1,,term_end,,api_later_than_wiki,term_end,wikilist=1988-12-20; wikiseat=1988-12-19,,,민주정의당,39,무소속,민주정의당,심기섭,,,False
13,안찬희,安瓚熙,1930-12-20,남,민주정의당,전국구,비례대표,1988-12-23,1992-05-29,term_end,succession_pr,Q7D3831A,NA-API 의원이력; NA-API ALLNAMEMBER; kowiki list oldid=40892102; kowiki 의석변동 oldid=41819983,1,,term_end,,api_later_than_wiki,term_end,wikilist=1988-12-20; wikiseat=1988-12-19,,,민주정의당,40,민주자유당,민주정의당,안찬희,,,False
13,권오석,權五錫,1923-04-03,남,민주자유당,전국구,비례대표,1990-03-26,1992-05-29,term_end,succession_pr,BXN8084E,NA-API 의원이력; NA-API ALLNAMEMBER; kowiki list oldid=40892102; kowiki 의석변동 oldid=41819983; manual_checks_12_14.csv,1,,term_end,,verified_manual,term_end,"api=1990-03-26; chosen=1990-03-26; NA date confirmed. Wikipedia gives 1990-03-21, the day the predecessor 이희일 handed in the resignation. The NEC decided the succession on 1990-03-26.",,,신민주공화당,9,민주자유당,민주자유당,권오석 (정치인),,,False
13,최상진,崔祥鎭,1941-07-05,남,민주자유당,전국구,비례대표,1991-01-03,1992-05-29,term_end,succession_pr,YN365468,NA-API 의원이력; NA-API ALLNAMEMBER; kowiki list oldid=40892102; kowiki 의석변동 oldid=41819983,1,,term_end,,api_later_than_wiki,term_end,wikilist=1990-12-28; wikiseat=1990-12-28,,,민주정의당,41,민주자유당,민주자유당,최상진 (정치인),,,False
14,최돈웅,崔燉雄,1935-03-25,남,무소속,강원 강릉시,지역구,1992-05-30,1996-05-29,term_end,general,NQL1515T,NA-API 의원이력; NA-API ALLNAMEMBER; kowiki list oldid=40331547,1,,term_end,,term_start,term_end,,,강원도 강릉시,,,신한국당,무소속,최돈웅,,,False
14,김효영,金孝榮,1923-05-02,남,통일국민당,강원 동해시,지역구,1992-05-30,1996-05-29,term_end,general,Z7S33250,NA-API 의원이력; NA-API ALLNAMEMBER; kowiki list oldid=40331547,1,,term_end,,term_start,term_end,,,강원도 동해시,,,신한국당,통일국민당,김효영 (1923년),,,False
14,최욱철,崔旭澈,1953-02-09,남,민주당,"강원 명주,양양",지역구,1993-06-12,1996-05-29,term_end,by_election,MPQ32684,NA-API 의원이력; NA-API ALLNAMEMBER; kowiki list oldid=40331547; kowiki 의석변동 oldid=41819802,1,,term_end,,confirmed_pollday_plus1,term_end,wikilist=1993-06-11; wikiseat=1993-06-11,,강원도 명주군·양양군,,,통합민주당,민주당,최욱철,,,False
14,김문기,金文起,1932-03-07,남,민주자유당,강원 명주군양양군,지역구,1992-05-30,1993-03-31,resigned,general,90U66631,NA-API 의원이력; NA-API ALLNAMEMBER; kowiki list oldid=40331547; kowiki 의석변동 oldid=41819802; NA bill 012325,1,,resigned_other,공직자 재산공개 파동으로 사퇴 / 의원직 사퇴,term_start,confirmed,,wikilist+nabill,강원도 명주군·양양군,,,민주자유당,민주자유당,김문기 (1932년),,,False
14,김정남,金正男,1940-12-07,남,무소속,"강원 삼천시,군",지역구,1992-05-30,1996-05-29,term_end,general,ILT4823Z,NA-API 의원이력; NA-API ALLNAMEMBER; kowiki list oldid=40331547,1,,term_end,,term_start,term_end,,,강원도 삼척시·삼척군,,,자유민주연합,무소속,김정남 (1940년),,,False
14,정재철,鄭在哲,1928-02-25,남,민주자유당,강원 속초시고성군,지역구,1992-05-30,1996-05-29,term_end,general,KXY6183K,NA-API 의원이력; NA-API ALLNAMEMBER; kowiki list oldid=40331547,1,,term_end,,term_start,term_end,,,강원도 속초시·고성군,,,신한국당,민주자유당,정재철,,,False
14,심명보,沈明輔,1935-02-03,남,민주자유당,"강원 영월,평창군",지역구,1992-05-30,1994-05-24,died,general,HCN4630J,NA-API 의원이력; NA-API ALLNAMEMBER; kowiki list oldid=40331547; kowiki 의석변동 oldid=41819802,1,,died,사망 / 사망,term_start,confirmed,,wikilist+wikiseat,강원도 영월군·평창군,,,민주자유당,민주자유당,심명보,,,False
14,김기수,金基洙,1936-11-28,남,민주자유당,"강원 영월,평창군",지역구,1994-08-03,1996-05-29,term_end,by_election,R4T63005,NA-API 의원이력; NA-API ALLNAMEMBER; kowiki list oldid=40331547; kowiki 의석변동 oldid=41819802,1,,term_end,,confirmed_pollday_plus1,term_end,wikilist=1994-08-02; wikiseat=1994-08-02,,강원도 영월군·평창군,,,신한국당,민주자유당,김기수 (정치인),,,False
14,원광호,元光鎬,1947-03-13,남,통일국민당,강원 원주시,지역구,1992-05-30,1996-05-29,term_end,general,O681263O,NA-API 의원이력; NA-API ALLNAMEMBER; kowiki list oldid=40331547,1,,term_end,,term_start,term_end,,,강원도 원주시,,,무소속,통일국민당,원광호,,,False
14,박우병,朴佑炳,1933-02-03,남,민주자유당,강원 정선군,지역구,1992-05-30,1996-05-29,term_end,general,6YB3013O,NA-API 의원이력; NA-API ALLNAMEMBER; kowiki list oldid=40331547,1,,term_end,,term_start,term_end,,,강원도 정선군,,,신한국당,민주자유당,박우병,,,False
14,김재순,金在淳,1923-11-30,남,민주자유당,"강원 철원,화천",지역구,1992-05-30,1993-03-31,resigned,general,NPZ9074T,NA-API 의원이력; NA-API ALLNAMEMBER; kowiki list oldid=40331547; kowiki 의석변동 oldid=41819802; NA bill 012324,1,,resigned_other,공직자 재산공개 파동으로 사퇴 / 의원직 사퇴,term_start,confirmed,,wikilist+nabill,강원도 화천군·철원군,,,민주자유당,민주자유당,김재순 (정치인),,,False
14,이용삼,李龍三,1957-09-12,남,민주자유당,"강원 철원,화천",지역구,1993-06-12,1996-05-29,term_end,by_election,GBP60233,NA-API 의원이력; NA-API ALLNAMEMBER; kowiki list oldid=40331547; kowiki 의석변동 oldid=41819802,1,,term_end,,confirmed_pollday_plus1,term_end,wikilist=1993-06-11; wikiseat=1993-06-11,,강원도 화천군·철원군,,,신한국당,민주자유당,이용삼,,,False
14,손승덕,孫承德,1920-11-11,남,통일국민당,강원 춘천시,지역구,1992-05-30,1993-05-22,died,general,FM55372H,NA-API 의원이력; NA-API ALLNAMEMBER; kowiki list oldid=40331547; kowiki 의석변동 oldid=41819802,1,,died,사망 / 사망,term_start,confirmed,,wikilist+wikiseat,강원도 춘천시,,,통일국민당,통일국민당,손승덕,,,False
14,류종수,柳鍾洙,1942-12-15,남,민주자유당,강원 춘천시,지역구,1993-08-13,1996-05-29,term_end,by_election,RUB28077,NA-API 의원이력; NA-API ALLNAMEMBER; kowiki list oldid=40331547; kowiki 의석변동 oldid=41819802,1,,term_end,,confirmed_pollday_plus1,term_end,wikilist=1993-08-12; wikiseat=1993-08-12,,강원도 춘천시,,,자유민주연합,민주자유당,류종수,,,False
14,이민섭,李敏燮,1939-02-28,남,민주자유당,"강원 춘천시양구,인제군",지역구,1992-05-30,1996-05-29,term_end,general,2CS7325Y,NA-API 의원이력; NA-API ALLNAMEMBER; kowiki list oldid=40331547,1,,term_end,,term_start,term_end,,,강원도 춘천군·양구군·인제군,,,신한국당,민주자유당,이민섭,,,False
14,류승규,柳昇珪,1946-01-19,남,민주자유당,강원 태백시,지역구,1992-05-30,1996-05-29,term_end,general,JMC44351,NA-API 의원이력; NA-API ALLNAMEMBER; kowiki list oldid=40331547,1,,term_end,,term_start,term_end,,,강원도 태백시,,,무소속,민주자유당,류승규 (1946년),,,False
14,조일현,曺馹鉉,1955-07-15,남,통일국민당,강원 홍천군,지역구,1992-05-30,1996-05-29,term_end,general,AKX56559,NA-API 의원이력; NA-API ALLNAMEMBER; kowiki list oldid=40331547,1,,term_end,,term_start,term_end,,,강원도 홍천군,,,자유민주연합,통일국민당,조일현,,,False
14,박경수,朴炅秀,1938-12-28,남,민주자유당,"강원 횡성,원주",지역구,1992-05-30,1996-05-29,term_end,general,0VC4391G,NA-API 의원이력; NA-API ALLNAMEMBER; kowiki list oldid=40331547,1,,term_end,,term_start,term_end,,,강원도 횡성군·원주군,,,신한국당,민주자유당,박경수 (1938년),,,False
14,안찬희,安瓚熙,1930-12-20,남,민주자유당,"경기 가평군,양평군",지역구,1992-05-30,1996-05-29,term_end,general,Q7D3831A,NA-API 의원이력; NA-API ALLNAMEMBER; kowiki list oldid=40331547,1,,term_end,,term_start,term_end,,,경기도 가평군·양평군,,,신한국당,민주자유당,안찬희,,,False
14,이택석,李澤錫,1935-12-07,남,민주자유당,경기 고양시,지역구,1992-05-30,1996-05-29,term_end,general,VU95307T,NA-API 의원이력; NA-API ALLNAMEMBER; kowiki list oldid=40331547,1,,term_end,,term_start,term_end,,,경기도 고양시,,,신한국당,민주자유당,이택석,,,False
14,윤항렬,尹恒烈,1937-08-23,남,통일국민당,경기 광명시,지역구,1992-05-30,1993-01-25,died,general,VDR5272L,NA-API 의원이력; NA-API ALLNAMEMBER; kowiki list oldid=40331547; kowiki 의석변동 oldid=41819802,1,,died,사망 / 사망,term_start,confirmed,,wikilist+wikiseat,경기도 광명시,,,통일국민당,통일국민당,윤항렬,,,False
14,손학규,孫鶴圭,1947-11-22,남,민주자유당,경기 광명시,지역구,1993-04-24,1996-05-29,term_end,by_election,FND7010Q,NA-API 의원이력; NA-API ALLNAMEMBER; kowiki list oldid=40331547; kowiki 의석변동 oldid=41819802,1,,term_end,,confirmed_pollday_plus1,term_end,wikilist=1993-04-23; wikiseat=1993-04-23,,경기도 광명시,,,신한국당,민주자유당,손학규,,,False
14,정주일,鄭周逸,1940-10-24,남,통일국민당,경기 구리시,지역구,1992-05-30,1996-05-29,term_end,general,ZHZ1115L,NA-API 의원이력; NA-API ALLNAMEMBER; kowiki list oldid=40331547,1,,term_end,,term_start,term_end,,,경기도 구리시,,,신한국당,통일국민당,이주일,,,False
14,김두섭,金斗燮,1930-03-13,남,통일국민당,"경기 김포,강화",지역구,1992-05-30,1996-05-29,term_end,general,FE487737,NA-API 의원이력; NA-API ALLNAMEMBER; kowiki list oldid=40331547,1,,term_end,,term_start,term_end,,,경기도 김포군·강화군,,,신한국당,통일국민당,김두섭,,,False
14,임사빈,任仕彬,1935-08-26,남,민주자유당,경기 동두천시양주군,지역구,1992-05-30,1995-06-10,resigned,general,CGZ56614,NA-API 의원이력; NA-API ALLNAMEMBER; kowiki list oldid=40331547; kowiki 의석변동 oldid=41819802; NA bill 013191,1,,resigned_to_run_for_other_office,경기지사 출마로 사퇴 / 의원직 사퇴,term_start,confirmed,,wikilist+nabill,경기도 동두천시·양주군,,,무소속,민주자유당,임사빈,,,False
14,이성호,李聖浩,1938-12-18,남,민주자유당,"경기 미금,남양주시",지역구,1992-05-30,1996-05-29,term_end,general,TNK9949W,NA-API 의원이력; NA-API ALLNAMEMBER; kowiki list oldid=40331547,1,,term_end,,term_start,term_end,,,경기도 미금시·남양주군,,,신한국당,민주자유당,이성호 (1938년),,,False
14,박규식,朴珪植,1938-01-01,남,민주당,경기 부천시남구,지역구,1992-05-30,1996-05-29,term_end,general,6QF80715,NA-API 의원이력; NA-API ALLNAMEMBER; kowiki list oldid=40331547,1,,term_end,,term_start,term_end,,,경기도 부천시 남구,,,자유민주연합,민주당,박규식 (정치인),,,False
14,안동선,安東善,1935-10-05,남,민주당,경기 부천시중구갑,지역구,1992-05-30,1996-05-29,term_end,general,GVS3975B,NA-API 의원이력; NA-API ALLNAMEMBER; kowiki list oldid=40331547,1,,term_end,,term_start,term_end,,,경기도 부천시 중구 갑,,,새정치국민회의,민주당,안동선,,,False
14,원혜영,元惠榮,1951-09-27,남,민주당,경기 부천시중구을,지역구,1992-05-30,1996-05-29,term_end,general,6DG91769,NA-API 의원이력; NA-API ALLNAMEMBER; kowiki list oldid=40331547,1,,term_end,,term_start,term_end,,,경기도 부천시 중구 을,,,통합민주당,민주당,원혜영,,,False
14,이윤수,李允洙,1938-09-16,남,민주당,경기 성남시수정구,지역구,1992-05-30,1996-05-29,term_end,general,I9K4876K,NA-API 의원이력; NA-API ALLNAMEMBER; kowiki list oldid=40331547,1,,term_end,,term_start,term_end,,,경기도 성남시 수정구,,,새정치국민회의,민주당,이윤수 (정치인),,,False
14,오세응,吳世應,1933-04-18,남,민주자유당,"경기 성남시중원,분당구",지역구,1992-05-30,1996-05-29,term_end,general,UTL76680,NA-API 의원이력; NA-API ALLNAMEMBER; kowiki list oldid=40331547,1,,term_end,,term_start,term_end,,,경기도 성남시 중원구·분당구,,,신한국당,민주자유당,오세응,,,False
14,김영광,金永光,1931-10-20,남,민주자유당,"경기 송탄,평택시",지역구,1992-05-30,1996-05-29,term_end,general,L842626I,NA-API 의원이력; NA-API ALLNAMEMBER; kowiki list oldid=40331547,1,,term_end,,term_start,term_end,,,경기도 송탄시·평택시,,,신한국당,민주자유당,김영광 (1931년),,,False
14,김인영,金仁泳,1939-12-26,남,민주자유당,경기 수원시권선구갑,지역구,1992-05-30,1996-05-29,term_end,general,04Z5194C,NA-API 의원이력; NA-API ALLNAMEMBER; kowiki list oldid=40331547,1,,term_end,,term_start,term_end,,,경기도 수원시 권선구 갑,,,신한국당,민주자유당,김인영 (1939년),,,False
14,남평우,南平祐,1936-12-20,남,민주자유당,경기 수원시권선구을,지역구,1992-05-30,1996-05-29,term_end,general,DSP4257Y,NA-API 의원이력; NA-API ALLNAMEMBER; kowiki list oldid=40331547,1,,term_end,,term_start,term_end,,,경기도 수원시 권선구 을,,,신한국당,민주자유당,남평우,,,False
14,이호정,李浩正,1938-10-20,남,통일국민당,경기 수원시장안구,지역구,1992-05-30,1996-05-29,term_end,general,3266583A,NA-API 의원이력; NA-API ALLNAMEMBER; kowiki list oldid=40331547,1,,term_end,,term_start,term_end,,,경기도 수원시 장안구,,,신한국당,통일국민당,이호정 (정치인),,,False
14,제정구,諸廷坵,1944-03-01,남,민주당,"경기 시흥,군포시",지역구,1992-05-30,1996-05-29,term_end,general,AZD9831F,NA-API 의원이력; NA-API ALLNAMEMBER; kowiki list oldid=40331547,1,,term_end,,term_start,term_end,,,경기도 시흥시·군포시,,,통합민주당,민주당,제정구,,,False
14,장경우,張慶宇,1942-04-12,남,민주자유당,경기 안산시옹진,지역구,1992-05-30,1995-06-10,resigned,general,3W52243S,NA-API 의원이력; NA-API ALLNAMEMBER; kowiki list oldid=40331547; kowiki 의석변동 oldid=41819802; NA bill 013190,1,,resigned_to_run_for_other_office,경기지사 출마로 사퇴 / 의원직 사퇴,term_start,confirmed,,wikilist+nabill,경기도 안산시·옹진군,,,민주당,민주자유당,장경우,,,False
14,이해구,李海龜,1937-09-10,남,민주자유당,경기 안성군,지역구,1992-05-30,1996-05-29,term_end,general,WMD2190C,NA-API 의원이력; NA-API ALLNAMEMBER; kowiki list oldid=40331547,1,,term_end,,term_start,term_end,,,경기도 안성군,,,신한국당,민주자유당,이해구,,,False
14,이인제,李仁濟,1948-12-11,남,민주자유당,경기 안양시갑,지역구,1992-05-30,1995-06-07,resigned,general,HJI9845B,NA-API 의원이력; NA-API ALLNAMEMBER; kowiki list oldid=40331547; kowiki 의석변동 oldid=41819802; NA bill 013186,1,,resigned_to_run_for_other_office,경기지사 출마로 사퇴 / 의원직 사퇴,term_start,confirmed,,nabill,경기도 안양시 갑,,,민주자유당,민주자유당,이인제,,,False
14,이석현,李錫玄,1951-03-16,남,민주당,경기 안양시을,지역구,1992-05-30,1996-05-29,term_end,general,GMK1374L,NA-API 의원이력; NA-API ALLNAMEMBER; kowiki list oldid=40331547,1,,term_end,,term_start,term_end,,,경기도 안양시 을,,,새정치국민회의,민주당,이석현 (1951년),,,False
14,이규택,李揆澤,1942-07-20,남,민주당,경기 여주군,지역구,1992-05-30,1996-05-29,term_end,general,YE691699,NA-API 의원이력; NA-API ALLNAMEMBER; kowiki list oldid=40331547,1,,term_end,,term_start,term_end,,,경기도 여주군,,,통합민주당,민주당,이규택,,,False
14,이한동,李漢東,1934-12-05,남,민주자유당,경기 연천군포천군,지역구,1992-05-30,1996-05-29,term_end,general,NUX49887,NA-API 의원이력; NA-API ALLNAMEMBER; kowiki list oldid=40331547,1,,term_end,,term_start,term_end,,,경기도 연천군·포천군,,,신한국당,민주자유당,이한동,,,False
14,정창현,鄭昌鉉,1939-04-17,남,민주자유당,경기 오산시 화성군,지역구,1992-05-30,1996-05-29,term_end,general,E2Y5263C,NA-API 의원이력; NA-API ALLNAMEMBER; kowiki list oldid=40331547,1,,term_end,,term_start,term_end,,,경기도 오산시·화성군,,,신한국당,민주자유당,정창현 (정치인),,,False
14,이웅희,李雄熙,1931-01-26,남,민주자유당,경기 용인군,지역구,1992-05-30,1996-05-29,term_end,general,19211414,NA-API 의원이력; NA-API ALLNAMEMBER; kowiki list oldid=40331547,1,,term_end,,term_start,term_end,,,경기도 용인군,,,,민주자유당,이웅희 (1931년),,"Wikipedia party cell is blank, party_at_election taken from the NA 의원이력 record",False
14,박제상,朴濟相,1935-06-22,남,통일국민당,경기 의왕시과천시,지역구,1992-05-30,1996-05-29,term_end,general,TPJ7150B,NA-API 의원이력; NA-API ALLNAMEMBER; kowiki list oldid=40331547,1,,term_end,,term_start,term_end,,,경기도 과천시·의왕시,,,자유민주연합,통일국민당,박제상 (정치인),,,False
14,문희상,文喜相,1945-03-03,남,민주당,경기 의정부시,지역구,1992-05-30,1996-05-29,term_end,general,IYD4143Y,NA-API 의원이력; NA-API ALLNAMEMBER; kowiki list oldid=40331547,1,,term_end,,term_start,term_end,,,경기도 의정부시,,,새정치국민회의,민주당,문희상,,,False
14,이영문,李榮文,1933-03-30,남,민주자유당,경기 이천군,지역구,1992-05-30,1996-05-29,term_end,general,J6J6288S,NA-API 의원이력; NA-API ALLNAMEMBER; kowiki list oldid=40331547,1,,term_end,,term_start,term_end,,,경기도 이천군,,,신한국당,민주자유당,이영문,,,False
14,박명근,朴命根,1928-09-07,남,민주자유당,경기 파주,지역구,1992-05-30,1996-05-29,term_end,general,T457000V,NA-API 의원이력; NA-API ALLNAMEMBER; kowiki list oldid=40331547,1,,term_end,,term_start,term_end,,,경기도 파주군,,,신한국당,민주자유당,박명근,,,False
14,이자헌,李慈憲,1935-04-14,남,민주자유당,경기 평택군,지역구,1992-05-30,1996-05-29,term_end,general,A5I4284G,NA-API 의원이력; NA-API ALLNAMEMBER; kowiki list oldid=40331547,1,,term_end,,term_start,term_end,,,경기도 평택군,,,신한국당,민주자유당,이자헌,,,False
14,정영훈,鄭泳薰,1932-09-17,남,민주자유당,경기 하남시광주군,지역구,1992-05-30,1996-05-29,term_end,general,BLO60262,NA-API 의원이력; NA-API ALLNAMEMBER; kowiki list oldid=40331547,1,,term_end,,term_start,term_end,,,경기도 하남시·광주군,,,신한국당,민주자유당,정영훈 (1932년),,,False
14,이강두,李康斗,1937-01-26,남,무소속,경남 거창군,지역구,1992-05-30,1996-05-29,term_end,general,W8L79935,NA-API 의원이력; NA-API ALLNAMEMBER; kowiki list oldid=40331547,1,,term_end,,term_start,term_end,,,경상남도 거창군,,,신한국당,무소속,이강두,,,False
14,김영일,金榮馹,1942-07-07,남,민주자유당,"경남 김해시,군",지역구,1992-05-30,1996-05-29,term_end,general,T0C2301Q,NA-API 의원이력; NA-API ALLNAMEMBER; kowiki list oldid=40331547,1,,term_end,,term_start,term_end,,,경상남도 김해시·김해군,,,신한국당,민주자유당,김영일 (1942년),,,False
14,박희태,朴熺太,1938-08-09,남,민주자유당,"경남 남해,하동군",지역구,1992-05-30,1996-05-29,term_end,general,FSN5613H,NA-API 의원이력; NA-API ALLNAMEMBER; kowiki list oldid=40331547,1,,term_end,,term_start,term_end,,,경상남도 남해군·하동군,,,신한국당,민주자유당,박희태,,,False
14,김호일,金浩一,1942-12-12,남,무소속,경남 마산시 합포군,지역구,1992-05-30,1996-05-29,term_end,general,X9Z79695,NA-API 의원이력; NA-API ALLNAMEMBER; kowiki list oldid=40331547,1,,term_end,,term_start,term_end,,,경상남도 마산시 합포구,,,신한국당,무소속,김호일,,,False
14,강삼재,姜三載,1952-07-01,남,민주자유당,경남 마산시회원구,지역구,1992-05-30,1996-05-29,term_end,general,35I30124,NA-API 의원이력; NA-API ALLNAMEMBER; kowiki list oldid=40331547,1,,term_end,,term_start,term_end,,,경상남도 마산시 회원구,,,신한국당,민주자유당,강삼재,,,False
14,신상식,申相式,1937-01-08,남,민주자유당,경남 밀양시밀양군,지역구,1992-05-30,1996-05-29,term_end,general,2XL9644Y,NA-API 의원이력; NA-API ALLNAMEMBER; kowiki list oldid=40331547,1,,term_end,,term_start,term_end,,,경상남도 밀양시·밀양군,,,신한국당,민주자유당,신상식,,,False
14,노인환,盧仁煥,1932-05-24,남,민주자유당,"경남 산청,함양",지역구,1992-05-30,1996-05-29,term_end,general,RYK4883M,NA-API 의원이력; NA-API ALLNAMEMBER; kowiki list oldid=40331547,1,,term_end,,term_start,term_end,,,경상남도 산청군·함양군,,,신한국당,민주자유당,노인환,,,False
14,김기도,金基道,1945-06-30,남,민주자유당,경남 삼천포 사천,지역구,1992-05-30,1996-05-29,term_end,general,G4899242,NA-API 의원이력; NA-API ALLNAMEMBER; kowiki list oldid=40331547,1,,term_end,,term_start,term_end,,,경상남도 삼천포시·사천군,,,신한국당,민주자유당,김기도,,,False
14,나오연,羅午淵,1932-08-27,남,민주자유당,경남 양산,지역구,1992-05-30,1996-05-29,term_end,general,XF32334M,NA-API 의원이력; NA-API ALLNAMEMBER; kowiki list oldid=40331547,1,,term_end,,term_start,term_end,,,경상남도 양산군,,,신한국당,민주자유당,나오연,,,False
14,김채겸,金埰謙,1934-10-23,남,민주자유당,경남 울산,지역구,1992-05-30,1996-05-29,term_end,general,2ZZ9356T,NA-API 의원이력; NA-API ALLNAMEMBER; kowiki list oldid=40331547,1,,term_end,,term_start,term_end,,,경상남도 울산군,,,신한국당,민주자유당,김채겸,,,False
14,차수명,車秀明,1940-08-20,남,통일국민당,경남 울산시남구,지역구,1992-05-30,1996-05-29,term_end,general,SQT3346Q,NA-API 의원이력; NA-API ALLNAMEMBER; kowiki list oldid=40331547,1,,term_end,,term_start,term_end,,,경상남도 울산시 남구,,,신한국당,통일국민당,차수명,,,False
14,정몽준,鄭夢準,1951-10-17,남,통일국민당,경남 울산시동구,지역구,1992-05-30,1996-05-29,term_end,general,5YX7831C,NA-API 의원이력; NA-API ALLNAMEMBER; kowiki list oldid=40331547,1,,term_end,,term_start,term_end,,,경상남도 울산시 동구,,,무소속,통일국민당,정몽준,,,False
14,차화준,車和俊,1935-01-05,남,통일국민당,경남 울산시중구,지역구,1992-05-30,1996-05-29,term_end,general,6NH4187G,NA-API 의원이력; NA-API ALLNAMEMBER; kowiki list oldid=40331547,1,,term_end,,term_start,term_end,,,경상남도 울산시 중구,,,신한국당,통일국민당,차화준 (1935년),,,False
14,정동호,鄭東鎬,1936-11-05,남,민주자유당,"경남 의령,함안군",지역구,1992-05-30,1996-05-29,term_end,general,ALJ2881B,NA-API 의원이력; NA-API ALLNAMEMBER; kowiki list oldid=40331547,1,,term_end,,term_start,term_end,,,경상남도 의령군·함안군,,,무소속,민주자유당,정동호 (1936년),,,False
14,김봉조,金奉祚,1939-04-15,남,민주자유당,경남 장승포시 거제군,지역구,1992-05-30,1996-05-29,term_end,general,FPT6879K,NA-API 의원이력; NA-API ALLNAMEMBER; kowiki list oldid=40331547,1,,term_end,,term_start,term_end,,,경상남도 장승포시·거제군,,,신한국당,민주자유당,김봉조 (1939년),,,False
14,정필근,鄭必根,1937-01-27,남,무소속,경남 진양,지역구,1992-05-30,1996-05-29,term_end,general,ICX8790L,NA-API 의원이력; NA-API ALLNAMEMBER; kowiki list oldid=40331547,1,,term_end,,term_start,term_end,,,경상남도 진양군,,,신한국당,민주자유당,정필근,,,False
14,하순봉,河舜鳳,1941-10-08,남,무소속,경남 진주시,지역구,1992-05-30,1996-05-29,term_end,general,BIY4474S,NA-API 의원이력; NA-API ALLNAMEMBER; kowiki list oldid=40331547,1,,term_end,,term_start,term_end,,,경상남도 진주시,,,신한국당,민주자유당,하순봉,,,False
14,배명국,裵命國,1934-11-06,남,민주자유당,"경남 진해,창원시",지역구,1992-05-30,1996-05-29,term_end,general,2PC65130,NA-API 의원이력; NA-API ALLNAMEMBER; kowiki list oldid=40331547,1,,term_end,,term_start,term_end,,,경상남도 진해시·창원군,,,자유민주연합,민주자유당,배명국,,,False
14,신재기,辛再基,1933-08-10,남,민주자유당,경남 창녕군,지역구,1992-05-30,1996-05-29,term_end,general,ALM3369J,NA-API 의원이력; NA-API ALLNAMEMBER; kowiki list oldid=40331547,1,,term_end,,term_start,term_end,,,경상남도 창녕군,,,신한국당,민주자유당,신재기,,,False
14,김종하,金鍾河,1934-08-10,남,민주자유당,경남 창원시갑,지역구,1992-05-30,1996-05-29,term_end,general,HZI5846H,NA-API 의원이력; NA-API ALLNAMEMBER; kowiki list oldid=40331547,1,,term_end,,term_start,term_end,,,경상남도 창원시 갑,,,신한국당,민주자유당,김종하 (정치인),,,False
14,황낙주,黃珞周,1928-03-22,남,민주자유당,경남 창원시을,지역구,1992-05-30,1996-05-29,term_end,general,7BR2274A,NA-API 의원이력; NA-API ALLNAMEMBER; kowiki list oldid=40331547,1,,term_end,,term_start,term_end,,,경상남도 창원시 을,,,신한국당,민주자유당,황낙주,,,False
14,정순덕,鄭順德,1935-11-05,남,민주자유당,경남 충무시통영군고성군,지역구,1992-05-30,1996-05-29,term_end,general,6QR2160X,NA-API 의원이력; NA-API ALLNAMEMBER; kowiki list oldid=40331547,1,,term_end,,term_start,term_end,,,경상남도 충무시·통영군·고성군,,,신한국당,민주자유당,정순덕 (1935년),,,False
14,권해옥,權海玉,1935-08-15,남,민주자유당,경남 합천,지역구,1992-05-30,1996-05-29,term_end,general,O3I2054Z,NA-API 의원이력; NA-API ALLNAMEMBER; kowiki list oldid=40331547,1,,term_end,,term_start,term_end,,,경상남도 합천군,,,신한국당,민주자유당,권해옥,,,False
14,이영창,李永昶,1932-12-25,남,민주자유당,경북 경산시청도군,지역구,1992-05-30,1996-05-29,term_end,general,G3O9044L,NA-API 의원이력; NA-API ALLNAMEMBER; kowiki list oldid=40331547,1,,term_end,,term_start,term_end,,,경상북도 경산시·경산군·청도군,,,신한국당,민주자유당,이영창 (1932년),,,False
14,황윤기,黃潤錤,1935-03-03,남,민주자유당,경북 경주군,지역구,1992-05-30,1996-05-29,term_end,general,IAB1039R,NA-API 의원이력; NA-API ALLNAMEMBER; kowiki list oldid=40331547,1,,term_end,,term_start,term_end,,,경상북도 경주군,,,신한국당,민주자유당,황윤기,,,False
14,서수종,徐秀宗,1941-04-20,남,민주자유당,경북 경주시,지역구,1992-05-30,1994-05-15,died,general,OIV73983,NA-API 의원이력; NA-API ALLNAMEMBER; kowiki list oldid=40331547; kowiki 의석변동 oldid=41819802,1,,died,사망 / 사망,term_start,confirmed,,wikilist+wikiseat,경상북도 경주시,,,민주자유당,민주자유당,서수종,,,False
14,이상두,李相斗,1940-07-01,남,민주당,경북 경주시,지역구,1994-08-03,1996-05-29,term_end,by_election,62Z4390J,NA-API 의원이력; NA-API ALLNAMEMBER; kowiki list oldid=40331547; kowiki 의석변동 oldid=41819802,1,,term_end,,confirmed_pollday_plus1,term_end,wikilist=1994-08-02; wikiseat=1994-08-02,,경상북도 경주시,,,자유민주연합,민주당,이상두,,,False
14,박세직,朴世直,1933-09-18,남,민주자유당,경북 구미시,지역구,1992-05-30,1996-05-29,term_end,general,HIS36307,NA-API 의원이력; NA-API ALLNAMEMBER; kowiki list oldid=40331547,1,,term_end,,term_start,term_end,,,경상북도 구미시,,,신한국당,민주자유당,박세직,,,False
14,김윤환,金潤煥,1932-06-07,남,민주자유당,"경북 군위,선산",지역구,1992-05-30,1996-05-29,term_end,general,PMN7940F,NA-API 의원이력; NA-API ALLNAMEMBER; kowiki list oldid=40331547,1,,term_end,,term_start,term_end,,,경상북도 군위군·선산군,,,신한국당,민주자유당,김윤환 (1932년),,,False
14,박정수,朴定洙,1932-02-09,남,민주자유당,경북 김천시금릉,지역구,1992-05-30,1996-05-29,term_end,general,LQW1875Y,NA-API 의원이력; NA-API ALLNAMEMBER; kowiki list oldid=40331547,1,,term_end,,term_start,term_end,,,경상북도 김천시·금릉군,,,새정치국민회의,민주자유당,박정수 (1932년),,,False
14,구자춘,具滋春,1932-05-11,남,민주자유당,"경북 달성,고령군",지역구,1992-05-30,1996-02-10,died,general,EC995719,NA-API 의원이력; NA-API ALLNAMEMBER; kowiki list oldid=40331547; manual_checks_12_14.csv,1,,died,사망,term_start,confirmed,,wikilist,경상북도 달성군·고령군,,,자유민주연합,민주자유당,구자춘,,"manual check: News reports death on 1996-02-10 at about 18:45, as the NA and Wikipedia. The 헌정회 record gives 1996-02-11.",False
14,김상구,金相球,1936-10-03,남,무소속,"경북 상주시,군",지역구,1992-05-30,1996-05-29,term_end,general,SE03014B,NA-API 의원이력; NA-API ALLNAMEMBER; kowiki list oldid=40331547,1,,term_end,,term_start,term_end,,,경상북도 상주시·상주군,,,무소속,무소속,김상구,,,False
14,장영철,張永喆,1936-10-28,남,민주자유당,경북 성주군칠곡군,지역구,1992-05-30,1996-05-29,term_end,general,UWX81091,NA-API 의원이력; NA-API ALLNAMEMBER; kowiki list oldid=40331547,1,,term_end,,term_start,term_end,,,경상북도 성주군·칠곡군,,,신한국당,민주자유당,장영철 (1936년),,,False
14,류돈우,柳惇佑,1933-05-10,남,민주자유당,경북 안동군,지역구,1992-05-30,1996-05-29,term_end,general,2OK69779,NA-API 의원이력; NA-API ALLNAMEMBER; kowiki list oldid=40331547,1,,term_end,,term_start,term_end,,,경상북도 안동군,,,신한국당,민주자유당,류돈우,,,False
14,김길홍,金吉弘,1942-07-05,남,무소속,경북 안동시,지역구,1992-05-30,1996-05-29,term_end,general,DXQ97415,NA-API 의원이력; NA-API ALLNAMEMBER; kowiki list oldid=40331547,1,,term_end,,term_start,term_end,,,경상북도 안동시,,,신한국당,무소속,김길홍,,,False
14,강신조,姜信祚,1935-01-04,남,민주자유당,"경북 영양,봉화군",지역구,1992-05-30,1996-05-29,term_end,general,L8X15139,NA-API 의원이력; NA-API ALLNAMEMBER; kowiki list oldid=40331547,1,,term_end,,term_start,term_end,,,경상북도 영양군·봉화군,,,무소속,민주자유당,강신조,,,False
14,이상득,李相得,1935-11-29,남,민주자유당,"경북 영일,울릉군",지역구,1992-05-30,1996-05-29,term_end,general,RLG4231U,NA-API 의원이력; NA-API ALLNAMEMBER; kowiki list oldid=40331547,1,,term_end,,term_start,term_end,,,경상북도 영일군·울릉군,,,신한국당,민주자유당,이상득,,,False
14,금진호,琴震鎬,1932-01-20,남,민주자유당,경북 영주시 영풍,지역구,1992-05-30,1996-05-29,term_end,general,MGI63636,NA-API 의원이력; NA-API ALLNAMEMBER; kowiki list oldid=40331547,1,,term_end,,term_start,term_end,,,경상북도 영주시·영풍군,,,신한국당,민주자유당,금진호,,,False
14,박헌기,朴憲基,1936-02-23,남,무소속,경북 영천시,지역구,1992-05-30,1996-05-29,term_end,general,70X11962,NA-API 의원이력; NA-API ALLNAMEMBER; kowiki list oldid=40331547,1,,term_end,,term_start,term_end,,,경상북도 영천시·영천군,,,신한국당,무소속,박헌기,,,False
14,유학성,兪學聖,1927-02-28,남,민주자유당,경북 예천군,지역구,1992-05-30,1993-03-31,resigned,general,DSA2985Y,NA-API 의원이력; NA-API ALLNAMEMBER; kowiki list oldid=40331547; kowiki 의석변동 oldid=41819802; NA bill 012323,1,,resigned_other,공직자 재산공개 파동으로 사퇴 / 의원직 사퇴,term_start,confirmed,,wikilist+nabill,경상북도 예천군,,,민주자유당,민주자유당,유학성,,,False
14,반형식,潘亨植,1935-01-05,남,민주자유당,경북 예천군,지역구,1993-06-12,1996-05-29,term_end,by_election,QYN67998,NA-API 의원이력; NA-API ALLNAMEMBER; kowiki list oldid=40331547; kowiki 의석변동 oldid=41819802,1,,term_end,,confirmed_pollday_plus1,term_end,wikilist=1993-06-11; wikiseat=1993-06-11,,경상북도 예천군,,,신한국당,민주자유당,반형식,,,False
14,이학원,李學源,1932-06-27,남,통일국민당,경북 울진군,지역구,1992-05-30,1996-05-29,term_end,general,4ML1121C,NA-API 의원이력; NA-API ALLNAMEMBER; kowiki list oldid=40331547,1,,term_end,,term_start,term_end,,,경상북도 울진군,,,자유민주연합,통일국민당,이학원,,,False
14,김동권,金東權,1944-03-19,남,민주자유당,경북 의성군,지역구,1992-05-30,1996-05-29,term_end,general,WY71904W,NA-API 의원이력; NA-API ALLNAMEMBER; kowiki list oldid=40331547,1,,term_end,,term_start,term_end,,,경상북도 의성군,,,무소속,민주자유당,김동권 (1944년),,,False
14,이승무,李昇茂,1944-09-29,남,무소속,"경북 점촌,문경시",지역구,1992-05-30,1996-05-29,term_end,general,RPW21620,NA-API 의원이력; NA-API ALLNAMEMBER; kowiki list oldid=40331547,1,,term_end,,term_start,term_end,,,경상북도 점촌시·문경군,,,무소속,민주자유당,이승무 (정치인),,,False
14,김찬우,金燦于,1933-01-15,남,통일국민당,"경북 청송,영덕",지역구,1992-05-30,1996-05-29,term_end,general,DPP5766B,NA-API 의원이력; NA-API ALLNAMEMBER; kowiki list oldid=40331547,1,,term_end,,term_start,term_end,,,경상북도 청송군·영덕군,,,신한국당,통일국민당,김찬우 (1933년),,,False
14,허화평,許和平,1937-10-15,남,무소속,경북 포항시,지역구,1992-05-30,1996-05-29,term_end,general,IYE1069O,NA-API 의원이력; NA-API ALLNAMEMBER; kowiki list oldid=40331547,1,,term_end,,term_start,term_end,,,경상북도 포항시,,,무소속,무소속,허화평,,,False
14,조홍규,趙洪奎,1943-10-17,남,민주당,광주 광산구,지역구,1992-05-30,1996-05-29,term_end,general,R3D8899N,NA-API 의원이력; NA-API ALLNAMEMBER; kowiki list oldid=40331547,1,,term_end,,term_start,term_end,,,광주직할시 광산구,,,새정치국민회의,민주당,조홍규 (1943년),,,False
14,신기하,辛基夏,1941-04-27,남,민주당,광주 동구,지역구,1992-05-30,1996-05-29,term_end,general,VYI2708Q,NA-API 의원이력; NA-API ALLNAMEMBER; kowiki list oldid=40331547,1,,term_end,,term_start,term_end,,,광주직할시 동구,,,새정치국민회의,민주당,신기하,,,False
14,박광태,朴光泰,1943-06-02,남,민주당,광주 북구갑,지역구,1992-05-30,1996-05-29,term_end,general,TF57207F,NA-API 의원이력; NA-API ALLNAMEMBER; kowiki list oldid=40331547,1,,term_end,,term_start,term_end,,,광주직할시 북구 갑,,,새정치국민회의,민주당,박광태,,,False
14,이길재,李吉載,1940-04-03,남,민주당,광주 북구을,지역구,1992-05-30,1996-05-29,term_end,general,ZB14984Z,NA-API 의원이력; NA-API ALLNAMEMBER; kowiki list oldid=40331547,1,,term_end,,term_start,term_end,,,광주직할시 북구 을,,,새정치국민회의,민주당,이길재,,,False
14,정상용,鄭祥容,1950-01-05,남,민주당,광주 서구갑,지역구,1992-05-30,1996-05-29,term_end,general,QJ74422A,NA-API 의원이력; NA-API ALLNAMEMBER; kowiki list oldid=40331547,1,,term_end,,term_start,term_end,,,광주직할시 서구 갑,,,새정치국민회의,민주당,정상용,,,False
14,임복진,林福鎭,1937-09-20,남,민주당,광주 서구을,지역구,1992-05-30,1996-05-29,term_end,general,RX273873,NA-API 의원이력; NA-API ALLNAMEMBER; kowiki list oldid=40331547,1,,term_end,,term_start,term_end,,,광주직할시 서구 을,,,새정치국민회의,민주당,임복진,,,False
14,김해석,金海碩,1939-11-21,남,통일국민당,대구 남구,지역구,1992-05-30,1996-05-29,term_end,general,9YE7981O,NA-API 의원이력; NA-API ALLNAMEMBER; kowiki list oldid=40331547,1,,term_end,,term_start,term_end,,,대구직할시 남구,,,신한국당,통일국민당,김해석,,,False
14,김한규,金漢圭,1940-12-01,남,민주자유당,대구 달서구갑,지역구,1992-05-30,1996-05-29,term_end,general,KBJ1842L,NA-API 의원이력; NA-API ALLNAMEMBER; kowiki list oldid=40331547,1,,term_end,,term_start,term_end,,,대구직할시 달서구 갑,,,신한국당,민주자유당,김한규 (1940년),,,True
14,최재욱,崔在旭,1940-10-01,남,민주자유당,대구 달서구을,지역구,1992-05-30,1996-05-29,term_end,general,95S94954,NA-API 의원이력; NA-API ALLNAMEMBER; kowiki list oldid=40331547,1,,term_end,,term_start,term_end,,,대구직할시 달서구 을,,,자유민주연합,민주자유당,최재욱 (정치인),,,False
14,김복동,金復東,1933-03-05,남,민주자유당,대구 동구갑,지역구,1992-05-30,1996-05-29,term_end,general,RHC7677M,NA-API 의원이력; NA-API ALLNAMEMBER; kowiki list oldid=40331547,1,,term_end,,term_start,term_end,,,대구직할시 동구 갑,,,자유민주연합,민주자유당,김복동 (1933년),,,False
14,박준규,朴浚圭,1925-09-12,남,민주자유당,대구 동구을,지역구,1992-05-30,1993-06-30,resigned,general,QHJ1904L,NA-API 의원이력; NA-API ALLNAMEMBER; kowiki list oldid=40331547; kowiki 의석변동 oldid=41819802; NA bill 012368,1,,resigned_other,공직자 재산공개 파동으로 사퇴 / 의원직 사퇴 / 議長許可: 1993.6.30,term_start,confirmed,,wikilist+wikiseat+nabill,대구직할시 동구 을,,,민주자유당,민주자유당,박준규 (1925년),,,False
14,서훈,徐勳,1942-04-30,남,무소속,대구 동구을,지역구,1993-08-13,1996-05-29,term_end,by_election,MCV55303,NA-API 의원이력; NA-API ALLNAMEMBER; kowiki list oldid=40331547; kowiki 의석변동 oldid=41819802,1,,term_end,,confirmed_pollday_plus1,term_end,wikilist=1993-08-12; wikiseat=1993-08-12,,대구직할시 동구 을,,,무소속,무소속,서훈 (1942년),,,False
14,김용태,金瑢泰,1936-06-01,남,민주자유당,대구 북구,지역구,1992-05-30,1996-05-29,term_end,general,AE923641,NA-API 의원이력; NA-API ALLNAMEMBER; kowiki list oldid=40331547,1,,term_end,,term_start,term_end,,,대구직할시 북구,,,신한국당,민주자유당,김용태 (1936년),,,True
14,정호용,鄭鎬溶,1932-09-10,남,무소속,대구 서구갑,지역구,1992-05-30,1996-05-29,term_end,general,UOQ61895,NA-API 의원이력; NA-API ALLNAMEMBER; kowiki list oldid=40331547,1,,term_end,,term_start,term_end,,,대구직할시 서구 갑,,,무소속,무소속,정호용,,,False
14,강재섭,姜在涉,1948-03-28,남,민주자유당,대구 서구을,지역구,1992-05-30,1996-05-29,term_end,general,IU67432G,NA-API 의원이력; NA-API ALLNAMEMBER; kowiki list oldid=40331547,1,,term_end,,term_start,term_end,,,대구직할시 서구 을,,,신한국당,민주자유당,강재섭,,,False
14,박철언,朴哲彦,1942-08-05,남,민주자유당,대구 수성구갑,지역구,1992-05-30,1994-06-28,disqualified,general,DQE3331P,NA-API 의원이력; NA-API ALLNAMEMBER; kowiki list oldid=40331547; kowiki 의석변동 oldid=41819802,1,,court_ruling_other_or_unspecified,슬롯머신 사건으로 의원직 상실 / 의원직 상실,term_start,confirmed,,wikilist+wikiseat,대구직할시 수성구 갑,,,통일국민당,민주자유당,박철언,,,False
14,현경자,玄慶子,1947-03-08,여,신민당,대구 수성구갑,지역구,1994-08-03,1996-05-29,term_end,by_election,6HH9411V,NA-API 의원이력; NA-API ALLNAMEMBER; kowiki list oldid=40331547; kowiki 의석변동 oldid=41819802,1,,term_end,,confirmed_pollday_plus1,term_end,wikilist=1994-08-02; wikiseat=1994-08-02,,대구직할시 수성구 갑,,,자유민주연합,신민당,현경자,,,False
14,윤영탁,尹榮卓,1933-06-04,남,통일국민당,대구 수성구을,지역구,1992-05-30,1996-05-29,term_end,general,I6J48467,NA-API 의원이력; NA-API ALLNAMEMBER; kowiki list oldid=40331547,1,,term_end,,term_start,term_end,,,대구직할시 수성구 을,,,신한국당,통일국민당,윤영탁,,,False
14,유수호,劉守鎬,1931-12-16,남,민주자유당,대구 중구,지역구,1992-05-30,1996-05-29,term_end,general,9TG26303,NA-API 의원이력; NA-API ALLNAMEMBER; kowiki list oldid=40331547,1,,term_end,,term_start,term_end,,,대구직할시 중구,,,자유민주연합,민주자유당,유수호 (정치인),,,False
14,김원웅,金元雄,1944-03-08,남,민주당,대전 대덕구,지역구,1992-05-30,1996-05-29,term_end,general,OKR39415,NA-API 의원이력; NA-API ALLNAMEMBER; kowiki list oldid=40331547,1,,term_end,,term_start,term_end,,,대전직할시 대덕구,,,통합민주당,민주당,김원웅,,,False
14,남재두,南在斗,1939-09-14,남,민주자유당,대전 동구갑,지역구,1992-05-30,1996-05-29,term_end,general,QCQ12252,NA-API 의원이력; NA-API ALLNAMEMBER; kowiki list oldid=40331547,1,,term_end,,term_start,term_end,,,대전직할시 동구 갑,,,신한국당,민주자유당,남재두,,,False
14,송천영,宋千永,1939-12-16,남,민주당,대전 동구을,지역구,1992-05-30,1996-05-29,term_end,general,W753054A,NA-API 의원이력; NA-API ALLNAMEMBER; kowiki list oldid=40331547,1,,term_end,,term_start,term_end,,,대전직할시 동구 을,,,신한국당,민주당,송천영,,,False
14,이재환,李在奐,1937-04-21,남,무소속,"대전 서,유성구",지역구,1992-05-30,1996-05-29,term_end,general,I8X2083H,NA-API 의원이력; NA-API ALLNAMEMBER; kowiki list oldid=40331547,1,,term_end,,term_start,term_end,,,대전직할시 서구·유성구,,,신한국당,무소속,이재환 (1937년),,,False
14,강창희,姜昌熙,1946-08-03,남,무소속,대전 중구,지역구,1992-05-30,1996-05-29,term_end,general,PAQ11014,NA-API 의원이력; NA-API ALLNAMEMBER; kowiki list oldid=40331547,1,,term_end,,term_start,term_end,,,대전직할시 중구,,,자유민주연합,무소속,강창희 (정치인),,,False
14,송두호,宋斗灝,1928-12-12,남,민주자유당,부산 강서구,지역구,1992-05-30,1996-05-29,term_end,general,6Z125924,NA-API 의원이력; NA-API ALLNAMEMBER; kowiki list oldid=40331547,1,,term_end,,term_start,term_end,,,부산직할시 강서구,,,신한국당,민주자유당,송두호,,,False
14,김진재,金鎭載,1943-02-19,남,민주자유당,부산 금정구,지역구,1992-05-30,1996-05-29,term_end,general,IQX29457,NA-API 의원이력; NA-API ALLNAMEMBER; kowiki list oldid=40331547,1,,term_end,,term_start,term_end,,,부산직할시 금정구,,,신한국당,민주자유당,김진재,,,False
14,허재홍,許在弘,1936-12-26,남,민주자유당,부산 남구갑,지역구,1992-05-30,1996-05-29,term_end,general,MEE6240E,NA-API 의원이력; NA-API ALLNAMEMBER; kowiki list oldid=40331547,1,,term_end,,term_start,term_end,,,부산직할시 남구 갑,,,신한국당,민주자유당,허재홍,,,False
14,유흥수,柳興洙,1937-12-03,남,민주자유당,부산 남구을,지역구,1992-05-30,1996-05-29,term_end,general,L299333I,NA-API 의원이력; NA-API ALLNAMEMBER; kowiki list oldid=40331547,1,,term_end,,term_start,term_end,,,부산직할시 남구 을,,,신한국당,민주자유당,유흥수,,,False
14,허삼수,許三守,1936-09-18,남,민주자유당,부산 동구,지역구,1992-05-30,1996-05-29,term_end,general,3LG47911,NA-API 의원이력; NA-API ALLNAMEMBER; kowiki list oldid=40331547,1,,term_end,,term_start,term_end,,,부산직할시 동구,,,무소속,민주자유당,허삼수,,,False
14,박관용,朴寬用,1938-06-06,남,민주자유당,부산 동래구갑,지역구,1992-05-30,1993-02-27,resigned,general,TQH7044H,NA-API 의원이력; NA-API ALLNAMEMBER; kowiki list oldid=40331547; kowiki 의석변동 oldid=41819802; NA bill 012319,1,,resigned_on_appointment,대통령 비서실장 임명으로 사퇴 / 의원직 사퇴,term_start,confirmed,,wikilist+wikiseat+nabill,부산직할시 동래구 갑,,,민주자유당,민주자유당,박관용,,,False
14,강경식,姜慶植,1936-05-10,남,민주자유당,부산 동래구갑,지역구,1993-04-24,1996-05-29,term_end,by_election,85U15859,NA-API 의원이력; NA-API ALLNAMEMBER; kowiki list oldid=40331547; kowiki 의석변동 oldid=41819802,1,,term_end,,confirmed_pollday_plus1,term_end,wikilist=1993-04-23; wikiseat=1993-04-23,,부산직할시 동래구 갑,,,신한국당,민주자유당,강경식 (1936년),,,True
14,최형우,崔炯佑,1935-10-15,남,민주자유당,부산 동래구을,지역구,1992-05-30,1996-05-29,term_end,general,XAB5157V,NA-API 의원이력; NA-API ALLNAMEMBER; kowiki list oldid=40331547,1,,term_end,,term_start,term_end,,,부산직할시 동래구 을,,,신한국당,민주자유당,최형우 (정치인),,,False
14,정재문,鄭在文,1936-10-31,남,민주자유당,부산 부산진구갑,지역구,1992-05-30,1996-05-29,term_end,general,QL63675M,NA-API 의원이력; NA-API ALLNAMEMBER; kowiki list oldid=40331547,1,,term_end,,term_start,term_end,,,부산직할시 부산진구 갑,,,신한국당,민주자유당,정재문,,,False
14,김정수,金正秀,1937-12-03,남,민주자유당,부산 부산진구을,지역구,1992-05-30,1996-05-29,term_end,general,A1819526,NA-API 의원이력; NA-API ALLNAMEMBER; kowiki list oldid=40331547,1,,term_end,,term_start,term_end,,,부산직할시 부산진구 을,,,신한국당,민주자유당,김정수 (1937년),,,False
14,문정수,文正秀,1939-08-09,남,민주자유당,부산 북구갑,지역구,1992-05-30,1995-06-07,resigned,general,FR056047,NA-API 의원이력; NA-API ALLNAMEMBER; kowiki list oldid=40331547; kowiki 의석변동 oldid=41819802; NA bill 013188,1,,resigned_to_run_for_other_office,부산시장 출마로 사퇴 / 의원직 사퇴,term_start,confirmed,,wikilist+wikiseat+nabill,부산직할시 북구 갑,,,민주자유당,민주자유당,문정수,,,False
14,신상우,辛相佑,1937-05-20,남,민주자유당,부산 북구을,지역구,1992-05-30,1996-05-29,term_end,general,5637263F,NA-API 의원이력; NA-API ALLNAMEMBER; kowiki list oldid=40331547,1,,term_end,,term_start,term_end,,,부산직할시 북구 을,,,신한국당,민주자유당,신상우 (정치인),,,False
14,서석재,徐錫宰,1935-02-15,남,무소속,부산 사하구,지역구,1992-05-30,1993-01-29,disqualified,general,L8S7182S,NA-API 의원이력; NA-API ALLNAMEMBER; kowiki list oldid=40331547; kowiki 의석변동 oldid=41819802; manual_checks_12_14.csv,1,,court_ruling_election_law,의원직 상실 / 의원직 상실,term_start,confirmed,,wikilist+wikiseat,부산직할시 사하구,,,민주자유당,무소속,서석재,,exit_detail set by manual_checks_12_14.csv (was court_ruling_other_or_unspecified),False
14,박종웅,朴鍾雄,1953-08-09,남,민주자유당,부산 사하구,지역구,1993-04-24,1996-05-29,term_end,by_election,96J8998B,NA-API 의원이력; NA-API ALLNAMEMBER; kowiki list oldid=40331547; kowiki 의석변동 oldid=41819802,1,,term_end,,confirmed_pollday_plus1,term_end,wikilist=1993-04-23; wikiseat=1993-04-23,,부산직할시 사하구,,,신한국당,민주자유당,박종웅,,,False
14,곽정출,郭正出,1937-05-21,남,민주자유당,부산 서구,지역구,1992-05-30,1996-05-29,term_end,general,M7H59614,NA-API 의원이력; NA-API ALLNAMEMBER; kowiki list oldid=40331547,1,,term_end,,term_start,term_end,,,부산직할시 서구,,,무소속,민주자유당,곽정출,,,False
14,김형오,金炯旿,1947-11-30,남,민주자유당,부산 영도구,지역구,1992-05-30,1996-05-29,term_end,general,4MX3134T,NA-API 의원이력; NA-API ALLNAMEMBER; kowiki list oldid=40331547,1,,term_end,,term_start,term_end,,,부산직할시 영도구,,,신한국당,민주자유당,김형오,,,False
14,정상천,鄭相千,1931-08-25,남,민주자유당,부산 중구,지역구,1992-05-30,1996-05-29,term_end,general,WI12765F,NA-API 의원이력; NA-API ALLNAMEMBER; kowiki list oldid=40331547,1,,term_end,,term_start,term_end,,,부산직할시 중구,,,자유민주연합,민주자유당,정상천,,,False
14,김운환,金운桓,1946-12-13,남,민주자유당,부산 해운대구,지역구,1992-05-30,1996-05-29,term_end,general,IS69175A,NA-API 의원이력; NA-API ALLNAMEMBER; kowiki list oldid=40331547,1,,term_end,,term_start,term_end,,,부산직할시 해운대구,,,신한국당,민주자유당,김운환,,,False
14,김동길,金東吉,1928-10-02,남,통일국민당,서울 강남구갑,지역구,1992-05-30,1996-05-29,term_end,general,C037592G,NA-API 의원이력; NA-API ALLNAMEMBER; kowiki list oldid=40331547,1,,term_end,,term_start,term_end,,,서울특별시 강남구 갑,,,자유민주연합,통일국민당,김동길 (정치인),,,False
14,홍사덕,洪思德,1943-03-05,남,민주당,서울 강남구을,지역구,1992-05-30,1996-05-29,term_end,general,BW19186J,NA-API 의원이력; NA-API ALLNAMEMBER; kowiki list oldid=40331547,1,,term_end,,term_start,term_end,,,서울특별시 강남구 을,,,무소속,민주당,홍사덕,,,False
14,이부영,李富榮,1942-09-26,남,민주당,서울 강동구갑,지역구,1992-05-30,1995-11-11,disqualified,general,QBY2805Y,NA-API 의원이력; NA-API ALLNAMEMBER; kowiki list oldid=40331547; kowiki 의석변동 oldid=41819802; manual_checks_12_14.csv,1,,court_ruling_other_or_unspecified,국가보안법 위반으로 의원직 상실 / 의원직 상실,term_start,conflict,,wikilist=1995-11-03; wikiseat=1995-11-04,서울특별시 강동구 갑,,,민주당,민주당,이부영,,"end_status set by manual_checks_12_14.csv (was api_later_than_wiki); manual check: Last day in office is 1995-11-09 or 1995-11-10 by the news, 1995-11-11 by the NA. Not resolved.",False
14,김중위,金重緯,1939-10-28,남,민주자유당,서울 강동구을,지역구,1992-05-30,1996-05-29,term_end,general,B3A7296S,NA-API 의원이력; NA-API ALLNAMEMBER; kowiki list oldid=40331547,1,,term_end,,term_start,term_end,,,서울특별시 강동구 을,,,신한국당,민주자유당,김중위,,,False
14,박계동,朴啓東,1952-12-20,남,민주당,서울 강서구갑,지역구,1992-05-30,1996-05-29,term_end,general,2LX5217V,NA-API 의원이력; NA-API ALLNAMEMBER; kowiki list oldid=40331547,1,,term_end,,term_start,term_end,,,서울특별시 강서구 갑,,,통합민주당,민주당,박계동,,,False
14,최두환,崔斗煥,1941-02-11,남,민주당,서울 강서구을,지역구,1992-05-30,1996-05-29,term_end,general,I0R88909,NA-API 의원이력; NA-API ALLNAMEMBER; kowiki list oldid=40331547,1,,term_end,,term_start,term_end,,,서울특별시 강서구 을,,,새정치국민회의,민주당,최두환,,,False
14,한광옥,韓光玉,1942-01-29,남,민주당,서울 관악구갑,지역구,1992-05-30,1996-05-29,term_end,general,0EI5067Y,NA-API 의원이력; NA-API ALLNAMEMBER; kowiki list oldid=40331547,1,,term_end,,term_start,term_end,,,서울특별시 관악구 갑,,,새정치국민회의,민주당,한광옥,,,False
14,이해찬,李海瓚,1952-07-10,남,민주당,서울 관악구을,지역구,1992-05-30,1995-06-30,resigned,general,9ZP9014Q,NA-API 의원이력; NA-API ALLNAMEMBER; kowiki list oldid=40331547; kowiki 의석변동 oldid=41819802; NA bill 013197,1,,resigned_on_appointment,서울부시장 지명으로 사퇴 / 의원직 사퇴,term_start,confirmed,,wikilist+wikiseat+nabill,서울특별시 관악구 을,,,민주당,민주당,이해찬,,,False
14,김기배,金杞培,1936-08-09,남,민주자유당,서울 구로구갑,지역구,1992-05-30,1996-05-29,term_end,general,6LQ1789H,NA-API 의원이력; NA-API ALLNAMEMBER; kowiki list oldid=40331547,1,,term_end,,term_start,term_end,,,서울특별시 구로구 갑,,,신한국당,민주자유당,김기배,,,False
14,김병오,金炳午,1935-04-06,남,민주당,서울 구로구병,지역구,1992-05-30,1996-05-29,term_end,general,XLT4768V,NA-API 의원이력; NA-API ALLNAMEMBER; kowiki list oldid=40331547,1,,term_end,,term_start,term_end,,,서울특별시 구로구 병,,,새정치국민회의,민주당,김병오 (정치인),,,False
14,이경재,李敬載,1932-12-10,남,민주당,서울 구로구을,지역구,1992-05-30,1996-05-29,term_end,general,CKS9642T,NA-API 의원이력; NA-API ALLNAMEMBER; kowiki list oldid=40331547,1,,term_end,,term_start,term_end,,,서울특별시 구로구 을,,,새정치국민회의,민주당,이경재 (1932년),,,True
14,백남치,白南治,1944-01-22,남,민주자유당,서울 노원구갑,지역구,1992-05-30,1996-05-29,term_end,general,UF42797P,NA-API 의원이력; NA-API ALLNAMEMBER; kowiki list oldid=40331547,1,,term_end,,term_start,term_end,,,서울특별시 노원구 갑,,,신한국당,민주자유당,백남치,,,False
14,김용채,金鎔采,1932-10-05,남,민주자유당,서울 노원구을,지역구,1992-05-30,1992-09-08,disqualified,general,HT966869,NA-API 의원이력; NA-API ALLNAMEMBER; kowiki list oldid=40331547; kowiki 의석변동 oldid=41819802; manual_checks_12_14.csv,1,,winner_declaration_voided_by_court,당선자 재결정 / 재검표 결과 낙선,term_start,confirmed,,wikilist+wikiseat,서울특별시 노원구 을,,,민주자유당,민주자유당,김용채,,manual check: Supreme Court (특별2부) voided the declaration of 김용채 as winner on 1992-09-08 in 임채정's suit and declared 임채정 elected.,False
14,임채정,林采正,1941-05-14,남,민주당,서울 노원구을,지역구,1992-09-08,1996-05-29,term_end,declared_winner_by_court,UWS28633,NA-API 의원이력; NA-API ALLNAMEMBER; kowiki list oldid=40331547; kowiki 의석변동 oldid=41819802; manual_checks_12_14.csv,1,,term_end,,confirmed,term_end,wikilist+wikiseat,,서울특별시 노원구 을,,,새정치국민회의,민주당,임채정,,manual check: Declared the winner by the Supreme Court on 1992-09-08 (see 김용채). NA start 1992-09-08 is the ruling day.,False
14,유인태,柳寅泰,1948-09-05,남,민주당,서울 도봉구갑,지역구,1992-05-30,1996-05-29,term_end,general,VO548788,NA-API 의원이력; NA-API ALLNAMEMBER; kowiki list oldid=40331547,1,,term_end,,term_start,term_end,,,서울특별시 도봉구 갑,,,통합민주당,민주당,유인태,,,False
14,조순형,趙舜衡,1935-03-10,남,민주당,서울 도봉구병,지역구,1992-05-30,1996-05-29,term_end,general,RE32613N,NA-API 의원이력; NA-API ALLNAMEMBER; kowiki list oldid=40331547,1,,term_end,,term_start,term_end,,,서울특별시 도봉구 병,,,새정치국민회의,민주당,조순형,,,False
14,김원길,金元吉,1943-01-02,남,민주당,서울 도봉구을,지역구,1992-05-30,1996-05-29,term_end,general,YEB5724H,NA-API 의원이력; NA-API ALLNAMEMBER; kowiki list oldid=40331547,1,,term_end,,term_start,term_end,,,서울특별시 도봉구 을,,,새정치국민회의,민주당,김원길,,,False
14,노승우,盧承禹,1938-09-20,남,민주자유당,서울 동대문구갑,지역구,1992-05-30,1996-05-29,term_end,general,14C8747Q,NA-API 의원이력; NA-API ALLNAMEMBER; kowiki list oldid=40331547,1,,term_end,,term_start,term_end,,,서울특별시 동대문구 갑,,,신한국당,민주자유당,노승우,,,False
14,김영구,金榮龜,1940-01-12,남,민주자유당,서울 동대문구을,지역구,1992-05-30,1996-05-29,term_end,general,FSJ32138,NA-API 의원이력; NA-API ALLNAMEMBER; kowiki list oldid=40331547,1,,term_end,,term_start,term_end,,,서울특별시 동대문구 을,,,신한국당,민주자유당,김영구 (1940년),,,True
14,서청원,徐淸源,1943-04-03,남,민주자유당,서울 동작구갑,지역구,1992-05-30,1996-05-29,term_end,general,4Y54669I,NA-API 의원이력; NA-API ALLNAMEMBER; kowiki list oldid=40331547,1,,term_end,,term_start,term_end,,,서울특별시 동작구 갑,,,신한국당,민주자유당,서청원,,,False
14,박실,朴實,1939-10-08,남,민주당,서울 동작구을,지역구,1992-05-30,1996-05-29,term_end,general,1O451032,NA-API 의원이력; NA-API ALLNAMEMBER; kowiki list oldid=40331547,1,,term_end,,term_start,term_end,,,서울특별시 동작구 을,,,새정치국민회의,민주당,박실,,,False
14,박명환,朴明煥,1938-04-13,남,민주자유당,서울 마포구갑,지역구,1992-05-30,1996-05-29,term_end,general,Y786057K,NA-API 의원이력; NA-API ALLNAMEMBER; kowiki list oldid=40331547,1,,term_end,,term_start,term_end,,,서울특별시 마포구 갑,,,신한국당,민주자유당,박명환 (1938년),,,False
14,박주천,朴柱千,1941-07-01,남,민주자유당,서울 마포구을,지역구,1992-05-30,1996-05-29,term_end,general,ACK5474A,NA-API 의원이력; NA-API ALLNAMEMBER; kowiki list oldid=40331547,1,,term_end,,term_start,term_end,,,서울특별시 마포구 을,,,신한국당,민주자유당,박주천,,,False
14,김상현,金相賢,1935-12-06,남,민주당,서울 서대문구갑,지역구,1992-05-30,1996-05-29,term_end,general,JJ64316E,NA-API 의원이력; NA-API ALLNAMEMBER; kowiki list oldid=40331547,1,,term_end,,term_start,term_end,,,서울특별시 서대문구 갑,,,새정치국민회의,민주당,김상현 (1935년),,,False
14,임춘원,林春元,1938-03-01,남,민주당,서울 서대문구을,지역구,1992-05-30,1996-05-29,term_end,general,EWB4602W,NA-API 의원이력; NA-API ALLNAMEMBER; kowiki list oldid=40331547,1,,term_end,,term_start,term_end,,,서울특별시 서대문구 을,,,통합민주당,민주당,임춘원,,,False
14,박찬종,朴燦鍾,1939-04-19,남,신정치개혁당,서울 서초구갑,지역구,1992-05-30,1995-06-09,resigned,general,1SD76539,NA-API 의원이력; NA-API ALLNAMEMBER; kowiki list oldid=40331547; kowiki 의석변동 oldid=41819802; NA bill 013189,1,,resigned_to_run_for_other_office,서울시장 출마로 사퇴 / 의원직 사퇴,term_start,confirmed,,wikilist+wikiseat+nabill,서울특별시 서초구 갑,,,무소속,신정치개혁당,박찬종,,,False
14,김덕룡,金德龍,1941-04-06,남,민주자유당,서울 서초구을,지역구,1992-05-30,1996-05-29,term_end,general,WFJ6020P,NA-API 의원이력; NA-API ALLNAMEMBER; kowiki list oldid=40331547,1,,term_end,,term_start,term_end,,,서울특별시 서초구 을,,,신한국당,민주자유당,김덕룡,,,False
14,이세기,李世基,1936-12-03,남,민주자유당,서울 성동구갑,지역구,1992-05-30,1996-05-29,term_end,general,IFZ88376,NA-API 의원이력; NA-API ALLNAMEMBER; kowiki list oldid=40331547,1,,term_end,,term_start,term_end,,,서울특별시 성동구 갑,,,신한국당,민주자유당,이세기 (1936년),,,False
14,강수림,姜秀淋,1947-04-13,남,민주당,서울 성동구병,지역구,1992-05-30,1996-05-29,term_end,general,KY92872I,NA-API 의원이력; NA-API ALLNAMEMBER; kowiki list oldid=40331547,1,,term_end,,term_start,term_end,,,서울특별시 성동구 병,,,통합민주당,민주당,강수림,,,False
14,조세형,趙世衡,1931-08-22,남,민주당,서울 성동구을,지역구,1992-05-30,1996-05-29,term_end,general,ACT1860R,NA-API 의원이력; NA-API ALLNAMEMBER; kowiki list oldid=40331547,1,,term_end,,term_start,term_end,,,서울특별시 성동구 을,,,새정치국민회의,민주당,조세형 (1931년),,,False
14,이철,李哲,1948-03-18,남,민주당,서울 성북구갑,지역구,1992-05-30,1996-05-29,term_end,general,9X386624,NA-API 의원이력; NA-API ALLNAMEMBER; kowiki list oldid=40331547,1,,term_end,,term_start,term_end,,,서울특별시 성북구 갑,,,통합민주당,민주당,이철 (1948년),,,False
14,신계륜,申溪輪,1954-08-13,남,민주당,서울 성북구을,지역구,1992-05-30,1996-05-29,term_end,general,S2C3781V,NA-API 의원이력; NA-API ALLNAMEMBER; kowiki list oldid=40331547,1,,term_end,,term_start,term_end,,,서울특별시 성북구 을,,,새정치국민회의,민주당,신계륜,,,False
14,조순환,曺淳煥,1934-02-06,남,통일국민당,서울 송파구갑,지역구,1992-05-30,1996-05-29,term_end,general,HAP8679J,NA-API 의원이력; NA-API ALLNAMEMBER; kowiki list oldid=40331547,1,,term_end,,term_start,term_end,,,서울특별시 송파구 갑,,,자유민주연합,통일국민당,조순환,,,False
14,김종완,金鍾完,1932-11-13,남,민주당,서울 송파구을,지역구,1992-05-30,1996-05-29,term_end,general,CAH1307G,NA-API 의원이력; NA-API ALLNAMEMBER; kowiki list oldid=40331547,1,,term_end,,term_start,term_end,,,서울특별시 송파구 을,,,통합민주당,민주당,김종완 (정치인),,,False
14,박범진,朴範珍,1940-02-01,남,민주자유당,서울 양천구갑,지역구,1992-05-30,1996-05-29,term_end,general,M5K2466O,NA-API 의원이력; NA-API ALLNAMEMBER; kowiki list oldid=40331547,1,,term_end,,term_start,term_end,,,서울특별시 양천구 갑,,,신한국당,민주자유당,박범진,,,False
14,김영배,金令培,1932-12-23,남,민주당,서울 양천구을,지역구,1992-05-30,1996-05-29,term_end,general,Y2W9921H,NA-API 의원이력; NA-API ALLNAMEMBER; kowiki list oldid=40331547,1,,term_end,,term_start,term_end,,,서울특별시 양천구 을,,,새정치국민회의,민주당,김영배 (1932년),,,True
14,장석화,張石和,1945-11-10,남,민주당,서울 영등포구갑,지역구,1992-05-30,1996-05-29,term_end,general,31E2086R,NA-API 의원이력; NA-API ALLNAMEMBER; kowiki list oldid=40331547,1,,term_end,,term_start,term_end,,,서울특별시 영등포구 갑,,,새정치국민회의,민주당,장석화,,,False
14,나웅배,羅雄培,1934-07-24,남,민주자유당,서울 영등포구을,지역구,1992-05-30,1996-05-29,term_end,general,6545933G,NA-API 의원이력; NA-API ALLNAMEMBER; kowiki list oldid=40331547,1,,term_end,,term_start,term_end,,,서울특별시 영등포구 을,,,신한국당,민주자유당,나웅배,,,False
14,서정화,徐廷和,1933-03-04,남,민주자유당,서울 용산구,지역구,1992-05-30,1996-05-29,term_end,general,MLN4587W,NA-API 의원이력; NA-API ALLNAMEMBER; kowiki list oldid=40331547,1,,term_end,,term_start,term_end,,,서울특별시 용산구,,,신한국당,민주자유당,서정화 (1933년),,,True
14,손세일,孫世一,1935-06-10,남,민주당,서울 은평구갑,지역구,1992-05-30,1996-05-29,term_end,general,5OE21654,NA-API 의원이력; NA-API ALLNAMEMBER; kowiki list oldid=40331547,1,,term_end,,term_start,term_end,,,서울특별시 은평구 갑,,,새정치국민회의,민주당,손세일,,,False
14,이원형,李沅衡,1933-10-19,남,민주당,서울 은평구을,지역구,1992-05-30,1996-05-29,term_end,general,DY09919T,NA-API 의원이력; NA-API ALLNAMEMBER; kowiki list oldid=40331547,1,,term_end,,term_start,term_end,,,서울특별시 은평구 을,,,새정치국민회의,민주당,이원형 (1933년),,,True
14,이종찬,李鍾贊,1936-04-29,남,민주자유당,서울 종로구,지역구,1992-05-30,1996-05-29,term_end,general,SDX64659,NA-API 의원이력; NA-API ALLNAMEMBER; kowiki list oldid=40331547,1,,term_end,,term_start,term_end,,,서울특별시 종로구,,,새정치국민회의,민주자유당,이종찬 (1936년),,,False
14,정대철,鄭大哲,1944-01-04,남,민주당,서울 중구,지역구,1992-05-30,1996-05-29,term_end,general,LU06564Z,NA-API 의원이력; NA-API ALLNAMEMBER; kowiki list oldid=40331547,1,,term_end,,term_start,term_end,,,서울특별시 중구,,,새정치국민회의,민주당,정대철,,,False
14,이순재,李順載,1935-10-10,남,민주자유당,서울 중랑구갑,지역구,1992-05-30,1996-05-29,term_end,general,9M82905T,NA-API 의원이력; NA-API ALLNAMEMBER; kowiki list oldid=40331547,1,,term_end,,term_start,term_end,,,서울특별시 중랑구 갑,,,신한국당,민주자유당,이순재,,,False
14,김덕규,金德圭,1941-03-09,남,민주당,서울 중랑구을,지역구,1992-05-30,1996-05-29,term_end,general,KDB6892X,NA-API 의원이력; NA-API ALLNAMEMBER; kowiki list oldid=40331547,1,,term_end,,term_start,term_end,,,서울특별시 중랑구 을,,,새정치국민회의,민주당,김덕규,,,False
14,심정구,沈晶求,1931-10-14,남,민주자유당,인천 남구갑,지역구,1992-05-30,1996-05-29,term_end,general,RCJ2180Y,NA-API 의원이력; NA-API ALLNAMEMBER; kowiki list oldid=40331547,1,,term_end,,term_start,term_end,,,인천직할시 남구 갑,,,신한국당,민주자유당,심정구,,,False
14,하근수,河根壽,1941-07-04,남,민주당,인천 남구을,지역구,1992-05-30,1996-05-29,term_end,general,VJ92042J,NA-API 의원이력; NA-API ALLNAMEMBER; kowiki list oldid=40331547,1,,term_end,,term_start,term_end,,,인천직할시 남구 을,,,새정치국민회의,민주당,하근수,,,False
14,강우혁,康祐赫,1938-01-20,남,민주자유당,인천 남동구,지역구,1992-05-30,1995-06-10,resigned,general,GZS38403,NA-API 의원이력; NA-API ALLNAMEMBER; kowiki list oldid=40331547; kowiki 의석변동 oldid=41819802; NA bill 013192,1,,resigned_to_run_for_other_office,인천시장 출마로 사퇴 / 의원직 사퇴,term_start,confirmed,,wikilist+nabill,인천직할시 남동구,,,자유민주연합,민주자유당,강우혁 (정치인),,,False
14,조진형,趙鎭衡,1943-02-14,남,무소속,인천 북구갑,지역구,1992-05-30,1996-05-29,term_end,general,1G96387U,NA-API 의원이력; NA-API ALLNAMEMBER; kowiki list oldid=40331547,1,,term_end,,term_start,term_end,,,인천직할시 북구 갑,,,신한국당,무소속,조진형,,,False
14,이승윤,李承潤,1931-11-07,남,민주자유당,인천 북구을,지역구,1992-05-30,1996-05-29,term_end,general,Y0G24569,NA-API 의원이력; NA-API ALLNAMEMBER; kowiki list oldid=40331547,1,,term_end,,term_start,term_end,,,인천직할시 북구 을,,,신한국당,민주자유당,이승윤 (1931년),,,False
14,조영장,趙榮藏,1941-10-18,남,민주자유당,인천 서구,지역구,1992-05-30,1996-05-29,term_end,general,NBE5106U,NA-API 의원이력; NA-API ALLNAMEMBER; kowiki list oldid=40331547,1,,term_end,,term_start,term_end,,,인천직할시 서구,,,신한국당,민주자유당,조영장,,,False
14,서정화,徐廷華,1939-08-20,남,민주자유당,"인천 중,동구",지역구,1992-05-30,1996-05-29,term_end,general,VSK1291Z,NA-API 의원이력; NA-API ALLNAMEMBER; kowiki list oldid=40331547,1,,term_end,,term_start,term_end,,,인천직할시 중구·동구,,,신한국당,민주자유당,서정화 (1939년),,,True
14,김영진,金泳鎭,1947-11-17,남,민주당,"전남 강진,완도군",지역구,1992-05-30,1996-05-29,term_end,general,BCO6264C,NA-API 의원이력; NA-API ALLNAMEMBER; kowiki list oldid=40331547,1,,term_end,,term_start,term_end,,,전라남도 강진군·완도군,,,새정치국민회의,민주당,김영진 (1947년),,,True
14,박상천,朴相千,1938-10-31,남,민주당,전남 고흥군,지역구,1992-05-30,1996-05-29,term_end,general,MHE1145A,NA-API 의원이력; NA-API ALLNAMEMBER; kowiki list oldid=40331547,1,,term_end,,term_start,term_end,,,전라남도 고흥군,,,새정치국민회의,민주당,박상천,,,False
14,황의성,黃義成,1932-07-04,남,민주당,"전남 곡성,구례군",지역구,1992-05-30,1996-05-29,term_end,general,HOE21077,NA-API 의원이력; NA-API ALLNAMEMBER; kowiki list oldid=40331547,1,,term_end,,term_start,term_end,,,전라남도 곡성군·구례군,,,통합민주당,민주당,황의성,,,False
14,김장곤,金莊坤,1938-11-11,남,민주당,"전남 나주시,군",지역구,1992-05-30,1996-05-29,term_end,general,3226963Z,NA-API 의원이력; NA-API ALLNAMEMBER; kowiki list oldid=40331547,1,,term_end,,term_start,term_end,,,전라남도 나주시·나주군,,,새정치국민회의,민주당,김장곤,,,False
14,박태영,朴泰榮,1941-12-04,남,민주당,"전남 담양,장성군",지역구,1992-05-30,1996-05-29,term_end,general,WSO9079L,NA-API 의원이력; NA-API ALLNAMEMBER; kowiki list oldid=40331547,1,,term_end,,term_start,term_end,,,전라남도 담양군·장성군,,,무소속,민주당,박태영 (1941년),,,False
14,김명규,金明圭,1942-02-01,남,민주당,전남 동광양시 광양,지역구,1992-05-30,1996-05-29,term_end,general,IL798843,NA-API 의원이력; NA-API ALLNAMEMBER; kowiki list oldid=40331547,1,,term_end,,term_start,term_end,,,전라남도 동광양시·광양군,,,새정치국민회의,민주당,김명규 (1942년),,,False
14,권노갑,權魯甲,1930-02-18,남,민주당,전남 목포시,지역구,1992-05-30,1996-05-29,term_end,general,T1Z9579M,NA-API 의원이력; NA-API ALLNAMEMBER; kowiki list oldid=40331547,1,,term_end,,term_start,term_end,,,전라남도 목포시,,,새정치국민회의,민주당,권노갑,,,False
14,박석무,朴錫武,1942-09-15,남,민주당,전남 무안군,지역구,1992-05-30,1996-05-29,term_end,general,1LA80851,NA-API 의원이력; NA-API ALLNAMEMBER; kowiki list oldid=40331547,1,,term_end,,term_start,term_end,,,전라남도 무안군,,,통합민주당,민주당,박석무,,,False
14,유준상,柳晙相,1942-10-10,남,민주당,전남 보성군,지역구,1992-05-30,1996-05-29,term_end,general,TZQ65416,NA-API 의원이력; NA-API ALLNAMEMBER; kowiki list oldid=40331547,1,,term_end,,term_start,term_end,,,전라남도 보성군,,,무소속,민주당,류준상 (1942년),,,False
14,허경만,許京萬,1938-03-04,남,민주당,전남 순천시,지역구,1992-05-30,1995-06-07,resigned,general,8DK5346K,NA-API 의원이력; NA-API ALLNAMEMBER; kowiki list oldid=40331547; kowiki 의석변동 oldid=41819802; NA bill 013187,1,,resigned_to_run_for_other_office,전남지사 출마로 사퇴 / 의원직 사퇴,term_start,confirmed,,wikilist+wikiseat+nabill,전라남도 순천시,,,민주당,민주당,허경만,,,False
14,조순승,趙淳昇,1929-03-22,남,민주당,전남 승주,지역구,1992-05-30,1996-05-29,term_end,general,RAU77180,NA-API 의원이력; NA-API ALLNAMEMBER; kowiki list oldid=40331547,1,,term_end,,term_start,term_end,,,전라남도 승주군,,,새정치국민회의,민주당,조순승,,,False
14,한화갑,韓和甲,1939-02-01,남,민주당,전남 신안군,지역구,1992-05-30,1996-05-29,term_end,general,7TU84910,NA-API 의원이력; NA-API ALLNAMEMBER; kowiki list oldid=40331547,1,,term_end,,term_start,term_end,,,전라남도 신안군,,,새정치국민회의,민주당,한화갑,,,False
14,김충조,金忠兆,1942-08-24,남,민주당,전남 여수시,지역구,1992-05-30,1996-05-29,term_end,general,ERX2058H,NA-API 의원이력; NA-API ALLNAMEMBER; kowiki list oldid=40331547,1,,term_end,,term_start,term_end,,,전라남도 여수시,,,새정치국민회의,민주당,김충조,,,False
14,신순범,愼順範,1933-02-28,남,민주당,전남 여천시여천군,지역구,1992-05-30,1996-05-29,term_end,general,6VW96635,NA-API 의원이력; NA-API ALLNAMEMBER; kowiki list oldid=40331547,1,,term_end,,term_start,term_end,,,전라남도 여천시·여천군,,,새정치국민회의,민주당,신순범,,,False
14,유인학,柳寅鶴,1939-12-03,남,민주당,전남 영암군,지역구,1992-05-30,1996-05-29,term_end,general,WO81943O,NA-API 의원이력; NA-API ALLNAMEMBER; kowiki list oldid=40331547,1,,term_end,,term_start,term_end,,,전라남도 영암군,,,새정치국민회의,민주당,유인학,,,False
14,이영권,李永權,1936-06-03,남,민주당,전남 장흥군,지역구,1992-05-30,1996-05-29,term_end,general,HIT2733V,NA-API 의원이력; NA-API ALLNAMEMBER; kowiki list oldid=40331547,1,,term_end,,term_start,term_end,,,전라남도 장흥군,,,새정치국민회의,민주당,이영권 (정치인),,,False
14,김인곤,金仁坤,1928-06-26,남,민주당,"전남 함평,영광군",지역구,1992-05-30,1996-05-29,term_end,general,SRH7774W,NA-API 의원이력; NA-API ALLNAMEMBER; kowiki list oldid=40331547,1,,term_end,,term_start,term_end,,,전라남도 함평군·영광군,,,새정치국민회의,민주당,김인곤,,,False
14,김봉호,金琫鎬,1933-05-10,남,민주당,"전남 해남,진도군",지역구,1992-05-30,1996-05-29,term_end,general,IOI30449,NA-API 의원이력; NA-API ALLNAMEMBER; kowiki list oldid=40331547,1,,term_end,,term_start,term_end,,,전라남도 해남군·진도군,,,새정치국민회의,민주당,김봉호,,,False
14,홍기훈,洪起薰,1953-02-06,남,민주당,전남 화순군,지역구,1992-05-30,1996-05-29,term_end,general,XAT10663,NA-API 의원이력; NA-API ALLNAMEMBER; kowiki list oldid=40331547,1,,term_end,,term_start,term_end,,,전라남도 화순군,,,통합민주당,민주당,홍기훈 (정치인),,,False
14,정균환,鄭均桓,1943-07-23,남,민주당,전북 고창군,지역구,1992-05-30,1996-05-29,term_end,general,2PO2218L,NA-API 의원이력; NA-API ALLNAMEMBER; kowiki list oldid=40331547,1,,term_end,,term_start,term_end,,,전라북도 고창군,,,새정치국민회의,민주당,정균환,,,False
14,채영석,蔡映錫,1934-12-07,남,민주당,전북 군산시,지역구,1992-05-30,1996-05-29,term_end,general,P1T31301,NA-API 의원이력; NA-API ALLNAMEMBER; kowiki list oldid=40331547,1,,term_end,,term_start,term_end,,,전라북도 군산시,,,새정치국민회의,민주당,채영석,,,False
14,최락도,崔洛道,1938-01-18,남,민주당,전북 김제시김제군,지역구,1992-05-30,1996-05-29,term_end,general,7GJ2564V,NA-API 의원이력; NA-API ALLNAMEMBER; kowiki list oldid=40331547,1,,term_end,,term_start,term_end,,,전라북도 김제시·김제군,,,무소속,민주당,최락도,,,False
14,양창식,梁昶植,1930-03-15,남,민주자유당,"전북 남원시,군",지역구,1992-05-30,1996-05-29,term_end,general,5MH6946W,NA-API 의원이력; NA-API ALLNAMEMBER; kowiki list oldid=40331547,1,,term_end,,term_start,term_end,,,전라북도 남원시·남원군,,,신한국당,민주자유당,양창식,,,False
14,이희천,李熙天,1927-11-03,남,민주당,전북 부안군,지역구,1992-05-30,1996-05-29,term_end,general,GXC8936S,NA-API 의원이력; NA-API ALLNAMEMBER; kowiki list oldid=40331547,1,,term_end,,term_start,term_end,,,전라북도 부안군,,,새정치국민회의,민주당,이희천,,,False
14,강철선,姜喆善,1934-07-11,남,민주당,전북 옥구,지역구,1992-05-30,1996-05-29,term_end,general,EBP9450V,NA-API 의원이력; NA-API ALLNAMEMBER; kowiki list oldid=40331547,1,,term_end,,term_start,term_end,,,전라북도 옥구군,,,새정치국민회의,민주당,강철선,,,False
14,김태식,金台植,1939-08-12,남,민주당,전북 완주군,지역구,1992-05-30,1996-05-29,term_end,general,UWR1927I,NA-API 의원이력; NA-API ALLNAMEMBER; kowiki list oldid=40331547,1,,term_end,,term_start,term_end,,,전라북도 완주군,,,새정치국민회의,민주당,김태식 (정치인),,,False
14,이협,李協,1941-04-19,남,민주당,전북 이리시,지역구,1992-05-30,1996-05-29,term_end,general,BJG5829N,NA-API 의원이력; NA-API ALLNAMEMBER; kowiki list oldid=40331547,1,,term_end,,term_start,term_end,,,전라북도 이리시,,,새정치국민회의,민주당,이협,,,False
14,최재승,崔在昇,1946-02-04,남,민주당,전북 익산군,지역구,1992-05-30,1996-05-29,term_end,general,LIE6050F,NA-API 의원이력; NA-API ALLNAMEMBER; kowiki list oldid=40331547,1,,term_end,,term_start,term_end,,,전라북도 익산군,,,새정치국민회의,민주당,최재승,,,False
14,홍영기,洪英基,1918-12-03,남,민주당,"전북 임실군,순창군",지역구,1992-05-30,1996-05-29,term_end,general,9U97658K,NA-API 의원이력; NA-API ALLNAMEMBER; kowiki list oldid=40331547,1,,term_end,,term_start,term_end,,,전라북도 임실군·순창군,,,통합민주당,민주당,홍영기 (1918년),,,False
14,오탄,吳탄,1939-10-16,남,민주당,전북 전주시덕진구,지역구,1992-05-30,1996-05-29,term_end,general,REX1877I,NA-API 의원이력; NA-API ALLNAMEMBER; kowiki list oldid=40331547,1,,term_end,,term_start,term_end,,,전라북도 전주시 덕진구,,,무소속,민주당,오탄,,,False
14,장영달,張永達,1948-08-24,남,민주당,전북 전주시완산구,지역구,1992-05-30,1996-05-29,term_end,general,G7D4763A,NA-API 의원이력; NA-API ALLNAMEMBER; kowiki list oldid=40331547,1,,term_end,,term_start,term_end,,,전라북도 전주시 완산구,,,새정치국민회의,민주당,장영달,,,False
14,김원기,金元基,1937-02-16,남,민주당,전북 정주시정읍군,지역구,1992-05-30,1996-05-29,term_end,general,4RF2451S,NA-API 의원이력; NA-API ALLNAMEMBER; kowiki list oldid=40331547,1,,term_end,,term_start,term_end,,,전라북도 정주시·정읍군,,,통합민주당,민주당,김원기 (1937년),,,False
14,황인성,黃寅性,1926-01-09,남,민주자유당,"전북 진안,무주,장수",지역구,1992-05-30,1996-05-29,term_end,general,BEP5053G,NA-API 의원이력; NA-API ALLNAMEMBER; kowiki list oldid=40331547,1,,term_end,,term_start,term_end,,,전라북도 진안군·무주군·장수군,,,신한국당,민주자유당,황인성 (1926년),,,False
14,양정규,梁正圭,1933-02-05,남,무소속,제주 북제주군,지역구,1992-05-30,1996-05-29,term_end,general,MIM8629D,NA-API 의원이력; NA-API ALLNAMEMBER; kowiki list oldid=40331547,1,,term_end,,term_start,term_end,,,제주도 북제주군,,,신한국당,무소속,양정규,,,False
14,변정일,邊精一,1942-05-14,남,무소속,"제주 서귀포시,남제주군",지역구,1992-05-30,1996-05-29,term_end,general,VLP8819K,NA-API 의원이력; NA-API ALLNAMEMBER; kowiki list oldid=40331547,1,,term_end,,term_start,term_end,,,제주도 서귀포시·남제주군,,,신한국당,무소속,변정일 (1942년),,,False
14,현경대,玄敬大,1939-02-21,남,무소속,제주 제주시,지역구,1992-05-30,1996-05-29,term_end,general,WZK3380B,NA-API 의원이력; NA-API ALLNAMEMBER; kowiki list oldid=40331547,1,,term_end,,term_start,term_end,,,제주도 제주시,,,신한국당,무소속,현경대,,,False
14,이상재,李相宰,1934-08-22,남,무소속,충남 공주시공주군,지역구,1992-05-30,1996-05-29,term_end,general,T5X6086S,NA-API 의원이력; NA-API ALLNAMEMBER; kowiki list oldid=40331547,1,,term_end,,term_start,term_end,,,충청남도 공주시·공주군,,,신한국당,무소속,이상재 (1934년),,,False
14,정태영,鄭泰榮,1934-02-10,남,통일국민당,충남 금산군,지역구,1992-05-30,1996-05-29,term_end,general,90N3565W,NA-API 의원이력; NA-API ALLNAMEMBER; kowiki list oldid=40331547,1,,term_end,,term_start,term_end,,,충청남도 금산군,,,자유민주연합,통일국민당,정태영 (1932년),,,False
14,김범명,金範明,1943-09-10,남,통일국민당,충남 논산,지역구,1992-05-30,1996-05-29,term_end,general,ZS11174V,NA-API 의원이력; NA-API ALLNAMEMBER; kowiki list oldid=40331547,1,,term_end,,term_start,term_end,,,충청남도 논산군,,,자유민주연합,통일국민당,김범명,,,False
14,송영진,宋榮珍,1947-08-16,남,통일국민당,충남 당진군,지역구,1992-05-30,1996-05-29,term_end,general,8U25041C,NA-API 의원이력; NA-API ALLNAMEMBER; kowiki list oldid=40331547,1,,term_end,,term_start,term_end,,,충청남도 당진군,,,신한국당,통일국민당,송영진 (정치인),,,False
14,김용환,金龍煥,1932-02-05,남,민주자유당,"충남 대천,보령시",지역구,1992-05-30,1996-05-29,term_end,general,GTH3618V,NA-API 의원이력; NA-API ALLNAMEMBER; kowiki list oldid=40331547,1,,term_end,,term_start,term_end,,,충청남도 대천시·보령군,,,자유민주연합,민주자유당,김용환 (1932년),,,False
14,김종필,金鍾泌,1926-01-07,남,민주자유당,충남 부여군,지역구,1992-05-30,1996-05-29,term_end,general,PAR7137B,NA-API 의원이력; NA-API ALLNAMEMBER; kowiki list oldid=40331547,1,,term_end,,term_start,term_end,,,충청남도 부여군,,,자유민주연합,민주자유당,김종필,,,False
14,한영수,韓英洙,1934-12-01,남,민주당,충남 서산군태안군,지역구,1992-05-30,1996-05-29,term_end,general,MOX89811,NA-API 의원이력; NA-API ALLNAMEMBER; kowiki list oldid=40331547,1,,term_end,,term_start,term_end,,,충청남도 서산시·서산군·태안군,,,자유민주연합,민주당,한영수 (정치인),,,False
14,이긍규,李肯珪,1941-10-20,남,민주자유당,충남 서천군,지역구,1992-05-30,1996-05-29,term_end,general,HOO4824R,NA-API 의원이력; NA-API ALLNAMEMBER; kowiki list oldid=40331547,1,,term_end,,term_start,term_end,,,충청남도 서천군,,,자유민주연합,민주자유당,이긍규,,,False
14,박희부,朴熙富,1938-10-05,남,통일국민당,충남 연기군,지역구,1992-05-30,1996-05-29,term_end,general,O7U5568F,NA-API 의원이력; NA-API ALLNAMEMBER; kowiki list oldid=40331547,1,,term_end,,term_start,term_end,,,충청남도 연기군,,,신한국당,통일국민당,박희부,,,False
14,오장섭,吳長燮,1947-08-13,남,민주자유당,충남 예산군,지역구,1992-05-30,1996-05-29,term_end,general,NJ55552S,NA-API 의원이력; NA-API ALLNAMEMBER; kowiki list oldid=40331547,1,,term_end,,term_start,term_end,,,충청남도 예산군,,,신한국당,민주자유당,오장섭,,,False
14,황명수,黃明秀,1927-04-29,남,민주자유당,충남 온양시아산군,지역구,1992-05-30,1996-05-29,term_end,general,E5X4403T,NA-API 의원이력; NA-API ALLNAMEMBER; kowiki list oldid=40331547,1,,term_end,,term_start,term_end,,,충청남도 온양시·아산군,,,신한국당,민주자유당,황명수 (1927년),,,False
14,성무용,成武鏞,1943-12-01,남,무소속,충남 천안시,지역구,1992-05-30,1996-05-29,term_end,general,YZD5879G,NA-API 의원이력; NA-API ALLNAMEMBER; kowiki list oldid=40331547,1,,term_end,,term_start,term_end,,,충청남도 천안시,,,신한국당,무소속,성무용,,,False
14,함석재,咸錫宰,1938-11-28,남,민주자유당,충남 천안시,지역구,1992-05-30,1996-05-29,term_end,general,PT581709,NA-API 의원이력; NA-API ALLNAMEMBER; kowiki list oldid=40331547,1,,term_end,,term_start,term_end,,,충청남도 천안군,,,자유민주연합,민주자유당,함석재,,,False
14,조부영,趙富英,1936-02-09,남,민주자유당,"충남 청양,홍성군",지역구,1992-05-30,1996-05-29,term_end,general,PY75021S,NA-API 의원이력; NA-API ALLNAMEMBER; kowiki list oldid=40331547,1,,term_end,,term_start,term_end,,,충청남도 청양군·홍성군,,,자유민주연합,민주자유당,조부영,,,False
14,김종호,金宗鎬,1935-11-30,남,민주자유당,충북 괴산군,지역구,1992-05-30,1996-05-29,term_end,general,OQ09860C,NA-API 의원이력; NA-API ALLNAMEMBER; kowiki list oldid=40331547,1,,term_end,,term_start,term_end,,,충청북도 괴산군,,,신한국당,민주자유당,김종호 (1935년),,,False
14,박준병,朴俊炳,1934-03-28,남,민주자유당,"충북 보은,옥천,영동군",지역구,1992-05-30,1996-05-29,term_end,general,ORH5971D,NA-API 의원이력; NA-API ALLNAMEMBER; kowiki list oldid=40331547,1,,term_end,,term_start,term_end,,,충청북도 보은군·옥천군·영동군,,,자유민주연합,민주자유당,박준병 (1933년),,,False
14,송광호,宋光浩,1942-05-10,남,통일국민당,충북 제천군단양군,지역구,1992-05-30,1996-05-29,term_end,general,LJJ52334,NA-API 의원이력; NA-API ALLNAMEMBER; kowiki list oldid=40331547,1,,term_end,,term_start,term_end,,,충청북도 제천군·단양군,,,신한국당,통일국민당,송광호,,,False
14,이춘구,李春九,1934-11-18,남,민주자유당,충북 제천시,지역구,1992-05-30,1996-05-29,term_end,general,EEC7465H,NA-API 의원이력; NA-API ALLNAMEMBER; kowiki list oldid=40331547,1,,term_end,,term_start,term_end,,,충청북도 제천시,,,신한국당,민주자유당,이춘구,,,False
14,민태구,閔泰求,1934-07-10,남,민주자유당,"충북 진천,음성군",지역구,1992-05-30,1996-05-29,term_end,general,K8S19484,NA-API 의원이력; NA-API ALLNAMEMBER; kowiki list oldid=40331547,1,,term_end,,term_start,term_end,,,충청북도 진천군·음성군,,,신한국당,민주자유당,민태구,,,False
14,신경식,辛卿植,1938-10-14,남,민주자유당,충북 청원군,지역구,1992-05-30,1996-05-29,term_end,general,S4B6672D,NA-API 의원이력; NA-API ALLNAMEMBER; kowiki list oldid=40331547,1,,term_end,,term_start,term_end,,,충청북도 청원군,,,신한국당,민주자유당,신경식,,,False
14,김진영,金鎭榮,1942-12-29,남,통일국민당,충북 청주시갑,지역구,1992-05-30,1996-05-29,term_end,general,HHM3642X,NA-API 의원이력; NA-API ALLNAMEMBER; kowiki list oldid=40331547,1,,term_end,,term_start,term_end,,,충청북도 청주시 갑,,,자유민주연합,통일국민당,김진영 (1942년),,,True
14,정기호,鄭璣浩,1942-08-31,남,민주당,충북 청주시을,지역구,1992-05-30,1996-05-29,term_end,general,MVN8677Z,NA-API 의원이력; NA-API ALLNAMEMBER; kowiki list oldid=40331547,1,,term_end,,term_start,term_end,,,충청북도 청주시 을,,,통합민주당,민주당,정기호,,,False
14,이종근,李鐘根,1923-10-22,남,민주자유당,충북 충주시중원,지역구,1992-05-30,1996-05-29,term_end,general,DCY93694,NA-API 의원이력; NA-API ALLNAMEMBER; kowiki list oldid=40331547,1,,term_end,,term_start,term_end,,,충청북도 충주시·중원군,,,자유민주연합,민주자유당,이종근 (1923년),,,False
14,강선영,姜善泳,1925-03-30,여,민주자유당,전국구,비례대표,1992-05-30,1996-05-29,term_end,general,P5B5484Y,NA-API 의원이력; NA-API ALLNAMEMBER; kowiki list oldid=40331547,1,,term_end,,term_start,term_end,,,,민주자유당,14,신한국당,민주자유당,강선영 (무용가),,,True
14,강신옥,姜信玉,1936-11-28,남,민주자유당,전국구,비례대표,1992-05-30,1996-03-21,disqualified,general,1KZ38436,NA-API 의원이력; NA-API ALLNAMEMBER; kowiki list oldid=40331547; kowiki 의석변동 oldid=41819802,1,,pr_seat_lost_on_leaving_party,"탈당으로 의원직 상실, 전국구 후보 부족으로 승계 불가 / 의원직 상실",term_start,confirmed,,wikilist+wikiseat,,민주자유당,20,신한국당,민주자유당,강신옥,,,False
14,강용식,康容植,1939-05-08,남,민주자유당,전국구,비례대표,1992-05-30,1996-05-29,term_end,general,3QR9592J,NA-API 의원이력; NA-API ALLNAMEMBER; kowiki list oldid=40331547,1,,term_end,,term_start,term_end,,,,민주자유당,17,신한국당,민주자유당,강용식,,,False
14,강인섭,姜仁燮,1936-08-20,남,민주자유당,전국구,비례대표,1992-05-30,1996-05-29,term_end,general,CHV1403B,NA-API 의원이력; NA-API ALLNAMEMBER; kowiki list oldid=40331547,1,,term_end,,term_start,term_end,,,,민주자유당,27,신한국당,민주자유당,강인섭,,,False
14,강창성,姜昌成,1927-09-01,남,민주당,전국구,비례대표,1992-05-30,1996-05-29,term_end,general,MFE1178B,NA-API 의원이력; NA-API ALLNAMEMBER; kowiki list oldid=40331547,1,,term_end,,term_start,term_end,,,,민주당,3,통합민주당,민주당,강창성,,,False
14,강희찬,姜熹瓚,1938-04-15,남,민주당,전국구,비례대표,1992-05-30,1996-05-29,term_end,general,VW61947B,NA-API 의원이력; NA-API ALLNAMEMBER; kowiki list oldid=40331547,1,,term_end,,term_start,term_end,,,,민주당,13,통합민주당,민주당,강희찬 (정치인),,,False
14,곽영달,郭泳達,1934-12-29,남,민주자유당,전국구,비례대표,1992-05-30,1996-05-29,term_end,general,5VB5225I,NA-API 의원이력; NA-API ALLNAMEMBER; kowiki list oldid=40331547,1,,term_end,,term_start,term_end,,,,민주자유당,24,신한국당,민주자유당,곽영달,,,False
14,구천서,具天書,1950-02-28,남,민주자유당,전국구,비례대표,1992-05-30,1995-10-31,disqualified,general,3VF81352,NA-API 의원이력; NA-API ALLNAMEMBER; kowiki list oldid=40331547; kowiki 의석변동 oldid=41819802,1,,pr_seat_lost_on_leaving_party,구천서 탈당으로 의원직 상실 배길랑 승계 / 의원직 상실,term_start,confirmed,,wikilist+wikiseat,,민주자유당,33,신한국당,민주자유당,구천서 (정치인),,,False
14,국종남,鞠鍾男,1937-05-08,남,민주당,전국구,비례대표,1992-05-30,1996-05-29,term_end,general,NSK21294,NA-API 의원이력; NA-API ALLNAMEMBER; kowiki list oldid=40331547,1,,term_end,,term_start,term_end,,,,민주당,11,통합민주당,민주당,국종남,,,False
14,권익현,權翊鉉,1934-02-17,남,민주자유당,전국구,비례대표,1992-05-30,1996-05-29,term_end,general,OUK2820Z,NA-API 의원이력; NA-API ALLNAMEMBER; kowiki list oldid=40331547,1,,term_end,,term_start,term_end,,,,민주자유당,5,신한국당,민주자유당,권익현,,,False
14,김광수,金光洙,1925-08-15,남,민주자유당,전국구,비례대표,1992-05-30,1996-03-04,disqualified,general,X0K2352F,NA-API 의원이력; NA-API ALLNAMEMBER; kowiki list oldid=40331547; kowiki 의석변동 oldid=41819802; manual_checks_12_14.csv,1,,pr_seat_lost_on_leaving_party,"김광수, 배길랑 탈당으로 의원직 상실 / 허세욱 승계, 전국구 후보 부족으로 승계 불가 / 의원직 상실",term_start,verified_manual,,"api=1996-03-04; chosen=1996-03-04; NA date confirmed. Wikipedia gives 1996-03-05, the day the successor 허세욱 took the seat. The party exit was on 1996-03-04.",,민주자유당,12,신한국당,민주자유당,김광수 (1925년),,,True
14,김대중,金大中,1925-12-03,남,민주당,전국구,비례대표,1992-05-30,1993-01-06,resigned,general,0WP29701,NA-API 의원이력; NA-API ALLNAMEMBER; kowiki list oldid=40331547; kowiki 의석변동 oldid=41819802; NA bill 012277; manual_checks_12_14.csv,1,,resigned_other,김대중 정계 은퇴 남궁진 승계 / 의원직 사퇴,term_start,confirmed,,nabill,,민주당,1,민주당,민주당,김대중,,"manual check: Wikipedia gives 1992-12-19, the day of the retirement announcement. The resignation was filed on 1992-12-21 and the Speaker accepted it on 1993-01-06 (NA bill 140172 and NA end date).",False
14,김동근,金東根,1930-10-03,남,민주자유당,전국구,비례대표,1992-05-30,1996-05-29,term_end,general,A7F2172M,NA-API 의원이력; NA-API ALLNAMEMBER; kowiki list oldid=40331547,1,,term_end,,term_start,term_end,,,,민주자유당,28,신한국당,민주자유당,김동근 (1930년),,,False
14,김말룡,金末龍,1927-02-02,남,민주당,전국구,비례대표,1992-05-30,1996-05-29,term_end,general,2XV6939Q,NA-API 의원이력; NA-API ALLNAMEMBER; kowiki list oldid=40331547,1,,term_end,,term_start,term_end,,,,민주당,19,통합민주당,민주당,김말룡,,,False
14,김영삼,金泳三,1927-12-20,남,민주자유당,전국구,비례대표,1992-05-30,1992-10-15,resigned,general,PB86833Y,NA-API 의원이력; NA-API ALLNAMEMBER; kowiki list oldid=40331547; kowiki 의석변동 oldid=41819802; NA bill 012187,1,,resigned_to_run_for_other_office,김영삼 대선 출마로 사퇴 조용직 승계 / 의원직 사퇴 / 1992.10.16-1992.10.24(9日間),term_start,confirmed,,nabill,,민주자유당,1,민주자유당,민주자유당,김영삼,,,False
14,김영수,金榮秀,1942-05-10,남,민주자유당,전국구,비례대표,1992-05-30,1993-02-27,resigned,general,7XO6069V,NA-API 의원이력; NA-API ALLNAMEMBER; kowiki list oldid=40331547; kowiki 의석변동 oldid=41819802; NA bill 012320,1,,resigned_on_appointment,김영수 청와대 민정수석 임명으로 사퇴 유성환 승계 / 의원직 사퇴,term_start,confirmed,,wikilist+wikiseat+nabill,,민주자유당,18,민주자유당,민주자유당,김영수 (1942년),,,False
14,김영진,金榮珍,1940-11-18,남,민주자유당,전국구,비례대표,1992-05-30,1996-05-29,term_end,general,7BN8997H,NA-API 의원이력; NA-API ALLNAMEMBER; kowiki list oldid=40331547,1,,term_end,,term_start,term_end,,,,민주자유당,19,신한국당,민주자유당,김영진 (1939년),,,True
14,김옥두,金玉斗,1938-08-18,남,민주당,전국구,비례대표,1992-05-30,1996-03-02,resigned,general,W0L3395K,NA-API 의원이력; NA-API ALLNAMEMBER; kowiki list oldid=40331547; kowiki 의석변동 oldid=41819802; NA bill 013542,1,,resigned_other,"장재식, 이우정, 나병선, 김충현, 박정훈, 김옥두, 남궁진 / 배기선 탈당으로 의원직 상실 / 최병욱, 장정곤, 김유진, 서호석, 장광근, 박명서, 한원석 / 김용덕 승계 / 의원직 상실",term_start,confirmed,,wikilist+wikiseat+nabill,,민주당,16,통합민주당,민주당,김옥두,,"Wikipedia gives exit pr_seat_lost_on_leaving_party, but NA bill 141437 (billId 013542) approved the resignation on 1996-03-02",False
14,김옥천,金玉川,1940-06-08,남,민주당,전국구,비례대표,1992-05-30,1996-05-29,term_end,general,BTT7110U,NA-API 의원이력; NA-API ALLNAMEMBER; kowiki list oldid=40331547,1,,term_end,,term_start,term_end,,,,민주당,8,통합민주당,민주당,김옥천,,,False
14,김재광,金在光,1922-05-21,남,민주자유당,전국구,비례대표,1992-05-30,1993-01-03,died,general,DSL4089Q,NA-API 의원이력; NA-API ALLNAMEMBER; kowiki list oldid=40331547; kowiki 의석변동 oldid=41819802,1,,died,김재광 사망 박근호 승계 / 사망,term_start,confirmed,,wikilist+wikiseat,,민주자유당,3,민주자유당,민주자유당,김재광,,,False
14,김종인,金鍾仁,1940-07-11,남,민주자유당,전국구,비례대표,1992-05-30,1994-09-09,disqualified,general,E5N8503B,NA-API 의원이력; NA-API ALLNAMEMBER; kowiki list oldid=40331547; kowiki 의석변동 oldid=41819802,1,,court_ruling_other_or_unspecified,김종인 대법원 판결에 따라 의원직 상실 / 정옥순 승계 / 의원직 상실,term_start,confirmed,,wikilist+wikiseat,,민주자유당,11,민주자유당,민주자유당,김종인,,,False
14,김충현,金忠賢,1946-06-05,남,민주당,전국구,비례대표,1992-05-30,1996-03-01,disqualified,general,09G6971N,NA-API 의원이력; NA-API ALLNAMEMBER; kowiki list oldid=40331547; kowiki 의석변동 oldid=41819802,1,,pr_seat_lost_on_leaving_party,"장재식, 이우정, 나병선, 김충현, 박정훈, 김옥두, 남궁진 / 배기선 탈당으로 의원직 상실 / 최병욱, 장정곤, 김유진, 서호석, 장광근, 박명서, 한원석 / 김용덕 승계 / 의원직 상실",term_start,confirmed,,wikilist,,민주당,12,통합민주당,민주당,김충현 (1946년),,,False
14,노인도,盧仁道,1935-08-08,남,민주자유당,전국구,비례대표,1992-05-30,1996-05-29,term_end,general,5UR59361,NA-API 의원이력; NA-API ALLNAMEMBER; kowiki list oldid=40331547,1,,term_end,,term_start,term_end,,,,민주자유당,32,신한국당,민주자유당,노인도,,,False
14,노재봉,盧在鳳,1936-02-08,남,민주자유당,전국구,비례대표,1992-05-30,1995-02-27,disqualified,general,MOD6911D,NA-API 의원이력; NA-API ALLNAMEMBER; kowiki list oldid=40331547; kowiki 의석변동 oldid=41819802,1,,pr_seat_lost_on_leaving_party,노재봉 탈당으로 의원직 상실 이년석 승계 / 의원직 상실,term_start,confirmed,,wikilist+wikiseat,,민주자유당,4,민주자유당,민주자유당,노재봉,,,False
14,라병선,羅柄扇,1934-08-11,남,민주당,전국구,비례대표,1992-05-30,1996-03-02,disqualified,general,W4K7007O,NA-API 의원이력; NA-API ALLNAMEMBER; kowiki list oldid=40331547; kowiki 의석변동 oldid=41819802,1,,pr_seat_lost_on_leaving_party,"장재식, 이우정, 나병선, 김충현, 박정훈, 김옥두, 남궁진 / 배기선 탈당으로 의원직 상실 / 최병욱, 장정곤, 김유진, 서호석, 장광근, 박명서, 한원석 / 김용덕 승계 / 의원직 상실",term_start,confirmed,,wikiseat,,민주당,6,통합민주당,민주당,나병선,,,False
14,문창모,文昌模,1907-04-23,남,통일국민당,전국구,비례대표,1992-05-30,1996-05-29,term_end,general,JQ81454B,NA-API 의원이력; NA-API ALLNAMEMBER; kowiki list oldid=40331547,1,,term_end,,term_start,term_end,,,,통일국민당,1,자유민주연합,통일국민당,문창모,,,False
14,박구일,朴九溢,1934-11-08,남,민주자유당,전국구,비례대표,1992-05-30,1996-05-29,term_end,general,M4L8058B,NA-API 의원이력; NA-API ALLNAMEMBER; kowiki list oldid=40331547,1,,term_end,,term_start,term_end,,,,민주자유당,23,자유민주연합,민주자유당,박구일,,,False
14,박은태,朴恩台,1938-09-03,남,민주당,전국구,비례대표,1992-05-30,1996-05-29,term_end,general,A5H1527Z,NA-API 의원이력; NA-API ALLNAMEMBER; kowiki list oldid=40331547,1,,term_end,,term_start,term_end,,,,민주당,17,통합민주당,민주당,박은태 (1938년),,,False
14,박일,朴一,1927-03-14,남,민주당,전국구,비례대표,1992-05-30,1996-05-29,term_end,general,L7S1608E,NA-API 의원이력; NA-API ALLNAMEMBER; kowiki list oldid=40331547,1,,term_end,,term_start,term_end,,,,민주당,15,통합민주당,민주당,박일 (정치인),,,False
14,박재홍,朴在鴻,1941-02-28,남,민주자유당,전국구,비례대표,1992-05-30,1996-02-26,disqualified,general,N5P7446X,NA-API 의원이력; NA-API ALLNAMEMBER; kowiki list oldid=40331547; kowiki 의석변동 oldid=41819802,1,,pr_seat_lost_on_leaving_party,박재홍 탈당으로 의원직 상실 박승옹 승계 / 의원직 상실,term_start,confirmed,,wikilist,,민주자유당,13,신한국당,민주자유당,박재홍 (1941년),,,False
14,박정훈,朴正勳,1941-12-04,남,민주당,전국구,비례대표,1992-05-30,1996-03-02,disqualified,general,KFV94013,NA-API 의원이력; NA-API ALLNAMEMBER; kowiki list oldid=40331547; kowiki 의석변동 oldid=41819802,1,,pr_seat_lost_on_leaving_party,"장재식, 이우정, 나병선, 김충현, 박정훈, 김옥두, 남궁진 / 배기선 탈당으로 의원직 상실 / 최병욱, 장정곤, 김유진, 서호석, 장광근, 박명서, 한원석 / 김용덕 승계 / 의원직 상실",term_start,confirmed,,wikilist+wikiseat,,민주당,14,통합민주당,민주당,박정훈 (1941년),,,True
14,박지원,朴智元,1942-06-05,남,민주당,전국구,비례대표,1992-05-30,1995-08-30,resigned,general,8BF5855P,NA-API 의원이력; NA-API ALLNAMEMBER; kowiki list oldid=40331547; kowiki 의석변동 oldid=41819802; NA bill 013235; manual_checks_12_14.csv,1,,resigned_other,박지원 탈당으로 의원직 상실 배기선 승계 / 의원직 사퇴,term_start,confirmed,,wikilist+nabill,,민주당,21,민주당,민주당,박지원 (1942년),,"Wikipedia gives exit pr_seat_lost_on_leaving_party, but NA bill 141130 (billId 013235) approved the resignation on 1995-08-30; manual check: The resignation was handed to the Speaker on 1995-08-30 and the exit from 민주당 followed the same day. The NA bill 141130 approved it on 1995-08-30. The Wikipedia seat table calls it a loss of seat on leaving the party.",True
14,박태준,朴泰俊,1927-09-29,남,민주자유당,전국구,비례대표,1992-05-30,1992-12-26,resigned,general,J4X86065,NA-API 의원이력; NA-API ALLNAMEMBER; kowiki list oldid=40331547; kowiki 의석변동 oldid=41819802; NA bill 012276,1,,resigned_other,박태준 사퇴 / 구창림 승계 / 의원직 사퇴,term_start,confirmed,,wikilist+nabill,,민주자유당,2,민주자유당,민주자유당,박태준 (1927년),,,False
14,서상목,徐相穆,1947-07-11,남,민주자유당,전국구,비례대표,1992-05-30,1996-05-29,term_end,general,33J43967,NA-API 의원이력; NA-API ALLNAMEMBER; kowiki list oldid=40331547,1,,term_end,,term_start,term_end,,,,민주자유당,21,신한국당,민주자유당,서상목,,,False
14,신진욱,申鎭旭,1924-05-27,남,민주당,전국구,비례대표,1992-05-30,1996-03-21,disqualified,general,OS91397X,NA-API 의원이력; NA-API ALLNAMEMBER; kowiki list oldid=40331547; kowiki 의석변동 oldid=41819802; manual_checks_12_14.csv,1,,pr_seat_lost_on_leaving_party,신진욱 탈당으로 의원직 상실 고홍길 승계 / 의원직 상실,term_start,api_earlier_than_wiki,,wikilist=1996-03-22; wikiseat=1996-03-22,,민주당,7,통합민주당,민주당,신진욱,,manual check: News and Wikipedia give 1996-03-22 for leaving the party. NA end 1996-03-21 kept.,False
14,안무혁,安武赫,1935-11-10,남,민주자유당,전국구,비례대표,1992-05-30,1996-05-29,term_end,general,DEX2294F,NA-API 의원이력; NA-API ALLNAMEMBER; kowiki list oldid=40331547,1,,term_end,,term_start,term_end,,,,민주자유당,8,신한국당,민주자유당,안무혁,,,False
14,양문희,楊文熙,1940-07-02,남,민주당,전국구,비례대표,1992-05-30,1996-05-29,term_end,general,NKK6370Y,NA-API 의원이력; NA-API ALLNAMEMBER; kowiki list oldid=40331547,1,,term_end,,term_start,term_end,,,,민주당,20,통합민주당,민주당,양문희,,,False
14,양순직,楊淳稙,1925-05-11,남,통일국민당,전국구,비례대표,1992-05-30,1996-05-29,term_end,general,ZQO33825,NA-API 의원이력; NA-API ALLNAMEMBER; kowiki list oldid=40331547,1,,term_end,,term_start,term_end,,,,통일국민당,2,자유민주연합,통일국민당,양순직,,,False
14,윤태균,尹泰均,1935-04-01,남,민주자유당,전국구,비례대표,1992-05-30,1996-05-29,term_end,general,N7O98665,NA-API 의원이력; NA-API ALLNAMEMBER; kowiki list oldid=40331547,1,,term_end,,term_start,term_end,,,,민주자유당,22,신한국당,민주자유당,윤태균,,,False
14,이건영,李建榮,1926-09-02,남,통일국민당,전국구,비례대표,1992-05-30,1996-05-29,term_end,general,COW3160C,NA-API 의원이력; NA-API ALLNAMEMBER; kowiki list oldid=40331547,1,,term_end,,term_start,term_end,,,,통일국민당,6,신한국당,통일국민당,이건영 (1926년),,,False
14,이기택,李基澤,1937-07-25,남,민주당,전국구,비례대표,1992-05-30,1996-05-29,term_end,general,7Q05452E,NA-API 의원이력; NA-API ALLNAMEMBER; kowiki list oldid=40331547,1,,term_end,,term_start,term_end,,,,민주당,2,통합민주당,민주당,이기택,,,False
14,이동근,李東根,1939-05-01,남,민주당,전국구,비례대표,1992-05-30,1996-05-29,term_end,general,UMW2528R,NA-API 의원이력; NA-API ALLNAMEMBER; kowiki list oldid=40331547,1,,term_end,,term_start,term_end,,,,민주당,10,통합민주당,민주당,이동근 (1939년),,,False
14,이만섭,李萬燮,1932-02-25,남,민주자유당,전국구,비례대표,1992-05-30,1996-05-29,term_end,general,IYC3468T,NA-API 의원이력; NA-API ALLNAMEMBER; kowiki list oldid=40331547,1,,term_end,,term_start,term_end,,,,민주자유당,6,신한국당,민주자유당,이만섭,,,False
14,이명박,李明博,1941-12-19,남,민주자유당,전국구,비례대표,1992-05-30,1996-05-29,term_end,general,GOU72130,NA-API 의원이력; NA-API ALLNAMEMBER; kowiki list oldid=40331547,1,,term_end,,term_start,term_end,,,,민주자유당,25,신한국당,민주자유당,이명박,,,False
14,이우정,李愚貞,1923-08-01,여,민주당,전국구,비례대표,1992-05-30,1996-03-06,resigned,general,1GW6444A,NA-API 의원이력; NA-API ALLNAMEMBER; kowiki list oldid=40331547; kowiki 의석변동 oldid=41819802; NA bill 013544; manual_checks_12_14.csv,1,,resigned_other,"장재식, 이우정, 나병선, 김충현, 박정훈, 김옥두, 남궁진 / 배기선 탈당으로 의원직 상실 / 최병욱, 장정곤, 김유진, 서호석, 장광근, 박명서, 한원석 / 김용덕 승계 / 의원직 상실",term_start,confirmed,,nabill,,민주당,5,통합민주당,민주당,이우정 (1923년),,"Wikipedia gives exit pr_seat_lost_on_leaving_party, but NA bill 141439 (billId 013544) approved the resignation on 1996-03-06; manual check: The resignation was handed in on 1996-03-05, and the party exit is reported for 1996-03-05 or 1996-03-06. The NA bill 141439 approved the resignation on 1996-03-06, the NA end date, so the exit is coded as a resignation.",False
14,이원조,李源祚,1933-01-15,남,민주자유당,전국구,비례대표,1992-05-30,1993-05-29,resigned,general,3IY62278,NA-API 의원이력; NA-API ALLNAMEMBER; kowiki list oldid=40331547; kowiki 의석변동 oldid=41819802; NA bill 012366,1,,resigned_other,이원조 사퇴 이재명 승계 / 의원직 사퇴 / 議長許可: 1993.5.29,term_start,confirmed,,wikilist+wikiseat+nabill,,민주자유당,9,민주자유당,민주자유당,이원조 (1933년),,,False
14,이장희,李章熙,1935-08-22,남,민주당,전국구,비례대표,1992-05-30,1996-05-29,term_end,general,RDA1956L,NA-API 의원이력; NA-API ALLNAMEMBER; kowiki list oldid=40331547,1,,term_end,,term_start,term_end,,,,민주당,22,통합민주당,민주당,이장희 (1935년),,,False
14,이현수,李鉉帥,1938-03-19,남,민주자유당,전국구,비례대표,1992-05-30,1996-05-29,term_end,general,L6E5268E,NA-API 의원이력; NA-API ALLNAMEMBER; kowiki list oldid=40331547,1,,term_end,,term_start,term_end,,,,민주자유당,31,신한국당,민주자유당,이현수 (1938년),,,False
14,이환의,李桓儀,1931-09-16,남,민주자유당,전국구,비례대표,1992-05-30,1996-05-29,term_end,general,DG038029,NA-API 의원이력; NA-API ALLNAMEMBER; kowiki list oldid=40331547,1,,term_end,,term_start,term_end,,,,민주자유당,26,신한국당,민주자유당,이환의,,,False
14,장기욱,張基旭,1943-11-02,남,민주당,전국구,비례대표,1992-05-30,1996-05-29,term_end,general,JRH2218E,NA-API 의원이력; NA-API ALLNAMEMBER; kowiki list oldid=40331547,1,,term_end,,term_start,term_end,,,,민주당,18,통합민주당,민주당,장기욱,,,False
14,장재식,張在植,1935-01-19,남,민주당,전국구,비례대표,1992-05-30,1996-03-01,disqualified,general,F5N24241,NA-API 의원이력; NA-API ALLNAMEMBER; kowiki list oldid=40331547; kowiki 의석변동 oldid=41819802,1,,pr_seat_lost_on_leaving_party,"장재식, 이우정, 나병선, 김충현, 박정훈, 김옥두, 남궁진 / 배기선 탈당으로 의원직 상실 / 최병욱, 장정곤, 김유진, 서호석, 장광근, 박명서, 한원석 / 김용덕 승계 / 의원직 상실",term_start,confirmed,,wikilist,,민주당,4,통합민주당,민주당,장재식,,,False
14,장준익,張俊翼,1935-05-01,남,민주당,전국구,비례대표,1992-05-30,1996-03-13,disqualified,general,8YU2963V,NA-API 의원이력; NA-API ALLNAMEMBER; kowiki list oldid=40331547; kowiki 의석변동 oldid=41819802,1,,pr_seat_lost_on_leaving_party,장준익 탈당으로 의원직 상실 정양숙 승계 / 의원직 상실,term_start,confirmed,,wikilist+wikiseat,,민주당,9,통합민주당,민주당,장준익,,,False
14,정석모,鄭石謨,1929-03-03,남,민주자유당,전국구,비례대표,1992-05-30,1995-02-09,disqualified,general,8OR4908W,NA-API 의원이력; NA-API ALLNAMEMBER; kowiki list oldid=40331547; kowiki 의석변동 oldid=41819802,1,,pr_seat_lost_on_leaving_party,정석모 탈당으로 의원직 상실 김사성 승계 / 의원직 상실,term_start,confirmed,,wikilist+wikiseat,,민주자유당,7,민주자유당,민주자유당,정석모,,,False
14,정시채,丁時采,1936-04-05,남,민주자유당,전국구,비례대표,1992-05-30,1996-05-29,term_end,general,NSW3570Z,NA-API 의원이력; NA-API ALLNAMEMBER; kowiki list oldid=40331547,1,,term_end,,term_start,term_end,,,,민주자유당,15,신한국당,민주자유당,정시채,,,False
14,정장현,丁璋鉉,1939-06-15,남,통일국민당,전국구,비례대표,1992-05-30,1996-05-29,term_end,general,PB06312E,NA-API 의원이력; NA-API ALLNAMEMBER; kowiki list oldid=40331547,1,,term_end,,term_start,term_end,,,,통일국민당,7,신한국당,통일국민당,정장현,,,False
14,정주영,鄭周永,1915-11-25,남,통일국민당,전국구,비례대표,1992-05-30,1993-02-27,resigned,general,X6D5502H,NA-API 의원이력; NA-API ALLNAMEMBER; kowiki list oldid=40331547; kowiki 의석변동 oldid=41819802; NA bill 012311,1,,resigned_other,정주영 정계은퇴 / 강부자 승계 / 의원직 사퇴,term_start,confirmed,,wikilist+nabill,,통일국민당,3,통일국민당,통일국민당,정주영,,,False
14,조윤형,趙尹衡,1932-11-26,남,통일국민당,전국구,비례대표,1992-05-30,1996-02-02,died,general,BPU25498,NA-API 의원이력; NA-API ALLNAMEMBER; kowiki list oldid=40331547; kowiki 의석변동 oldid=41819802,1,,died,조윤형 사망 / 이용준 승계 / 사망,term_start,confirmed,,wikilist+wikiseat,,통일국민당,4,민주당,통일국민당,조윤형,,,False
14,주양자,朱良子,1931-01-01,여,민주자유당,전국구,비례대표,1992-05-30,1996-03-02,disqualified,general,RF233621,NA-API 의원이력; NA-API ALLNAMEMBER; kowiki list oldid=40331547; kowiki 의석변동 oldid=41819802,1,,pr_seat_lost_on_leaving_party,주앙자 탈당으로 의원직 상실 진경탁 승계 / 의원직 상실,term_start,confirmed,,wikilist+wikiseat,,민주자유당,30,신한국당,민주자유당,주양자,,,False
14,최병렬,崔秉烈,1938-09-16,남,민주자유당,전국구,비례대표,1992-05-30,1994-11-02,resigned,general,34C34428,NA-API 의원이력; NA-API ALLNAMEMBER; kowiki list oldid=40331547; kowiki 의석변동 oldid=41819802,1,,resigned_on_appointment,최병렬 서울시장 임명으로 사퇴 김찬두 승계 / 의원직 사퇴,term_start,confirmed,,wikilist+wikiseat,,민주자유당,10,민주자유당,민주자유당,최병렬 (정치인),,,False
14,최상용,崔相容,1938-02-02,남,민주자유당,전국구,비례대표,1992-05-30,1996-02-08,disqualified,general,7TC9730R,NA-API 의원이력; NA-API ALLNAMEMBER; kowiki list oldid=40331547; kowiki 의석변동 oldid=41819802,1,,pr_seat_lost_on_leaving_party,최상용 탈당으로 의원직 상실 김정숙 승계 / 의원직 상실,term_start,confirmed,,wikilist+wikiseat,,민주자유당,29,신한국당,민주자유당,최상용,,,False
14,최영한,崔英漢,1940-06-15,남,통일국민당,전국구,비례대표,1992-05-30,1996-05-29,term_end,general,2RN16870,NA-API 의원이력; NA-API ALLNAMEMBER; kowiki list oldid=40331547,1,,term_end,,term_start,term_end,,,,통일국민당,5,신한국당,통일국민당,최불암,,,False
14,최운지,崔雲芝,1927-09-15,남,민주자유당,전국구,비례대표,1992-05-30,1995-10-26,disqualified,general,WRP6148P,NA-API 의원이력; NA-API ALLNAMEMBER; kowiki list oldid=40331547; kowiki 의석변동 oldid=41819802,1,,pr_seat_lost_on_leaving_party,최운지 탈당으로 의원직 상실 이수담 승계 / 의원직 상실,term_start,confirmed,,wikilist,,민주자유당,16,민주자유당,민주자유당,최운지,,,False
14,조용직,趙容直,1940-12-11,남,민주자유당,전국구,비례대표,1992-10-16,1996-02-22,disqualified,succession_pr,XP35003L,NA-API 의원이력; NA-API ALLNAMEMBER; kowiki list oldid=40331547; kowiki 의석변동 oldid=41819802; manual_checks_12_14.csv,1,,pr_seat_lost_on_leaving_party,조용직 탈당으로 의원직 상실 김현배 승계 / 의원직 상실,api_later_than_wiki,api_earlier_than_wiki,wikilist=1992-10-13; wikiseat=1992-10-13,wikilist=1996-02-23; wikiseat=1996-02-23,,민주자유당,34,신한국당,민주자유당,조용직,,"manual check: Start: 한국일보 1992-10-16 reports the succession to 김영삼 on the day of the plenary vote (1992-10-15), NA says 1992-10-16. End: 중부매일 1996-02-24 gives the 22nd for the party exit (as the NA), 매일경제 1996-02-24 says the 23rd (as Wikipedia). NA dates kept.",False
14,구창림,具昌林,1941-08-15,남,민주자유당,전국구,비례대표,1992-12-29,1995-10-18,disqualified,succession_pr,M3D9071M,NA-API 의원이력; NA-API ALLNAMEMBER; kowiki list oldid=40331547; kowiki 의석변동 oldid=41819802,1,,pr_seat_lost_on_leaving_party,구창림 탈당으로 의원직 상실 이민헌 승계 / 의원직 상실,api_later_than_wiki,confirmed,wikilist=1992-12-26; wikiseat=1992-12-17,wikilist+wikiseat,,민주자유당,35,민주자유당,민주자유당,구창림,,,False
14,남궁진,南宮鎭,1942-08-11,남,민주당,전국구,비례대표,1993-01-08,1996-03-02,resigned,succession_pr,VZ17900R,NA-API 의원이력; NA-API ALLNAMEMBER; kowiki list oldid=40331547; kowiki 의석변동 oldid=41819802; NA bill 013543,1,,resigned_other,"장재식, 이우정, 나병선, 김충현, 박정훈, 김옥두, 남궁진 / 배기선 탈당으로 의원직 상실 / 최병욱, 장정곤, 김유진, 서호석, 장광근, 박명서, 한원석 / 김용덕 승계 / 의원직 상실",api_later_than_wiki,confirmed,wikilist=1992-12-19; wikiseat=1992-12-19,wikilist+wikiseat+nabill,,민주당,23,통합민주당,민주당,남궁진,,"Wikipedia gives exit pr_seat_lost_on_leaving_party, but NA bill 141438 (billId 013543) approved the resignation on 1996-03-02",False
14,박근호,朴瑾浩,1941-04-07,남,민주자유당,전국구,비례대표,1993-01-08,1996-05-29,term_end,succession_pr,FSK25978,NA-API 의원이력; NA-API ALLNAMEMBER; kowiki list oldid=40331547; kowiki 의석변동 oldid=41819802,1,,term_end,,api_later_than_wiki,term_end,wikilist=1993-01-03; wikiseat=1993-01-03,,,민주자유당,36,신한국당,민주자유당,박근호 (교수),,,False
14,강부자,姜富子,1941-02-08,여,통일국민당,전국구,비례대표,1993-03-03,1996-05-29,term_end,succession_pr,RIE23920,NA-API 의원이력; NA-API ALLNAMEMBER; kowiki list oldid=40331547; kowiki 의석변동 oldid=41819802; manual_checks_12_14.csv,1,,term_end,,verified_manual,term_end,api=1993-03-03; chosen=1993-03-03; NA date confirmed. Wikipedia gives 1993-02-27 or 1993-02-23 (the predecessors' exit dates). The NEC decided the successions of 유성환 and 강부자 on 1993-03-03.,,,통일국민당,8,자유민주연합,통일국민당,강부자,,,False
14,유성환,兪成煥,1931-08-20,남,민주자유당,전국구,비례대표,1993-03-03,1996-05-29,term_end,succession_pr,RFX7323F,NA-API 의원이력; NA-API ALLNAMEMBER; kowiki list oldid=40331547; kowiki 의석변동 oldid=41819802; manual_checks_12_14.csv,1,,term_end,,verified_manual,term_end,api=1993-03-03; chosen=1993-03-03; NA date confirmed. Wikipedia gives 1993-02-27 or 1993-02-23 (the predecessors' exit dates). The NEC decided the successions of 유성환 and 강부자 on 1993-03-03.,,,민주자유당,37,신한국당,민주자유당,유성환,,,False
14,이재명,李在明,1948-02-13,남,민주자유당,전국구,비례대표,1993-06-01,1996-05-29,term_end,succession_pr,MB17923Y,NA-API 의원이력; NA-API ALLNAMEMBER; kowiki list oldid=40331547; kowiki 의석변동 oldid=41819802,1,,term_end,,api_later_than_wiki,term_end,wikilist=1993-05-29; wikiseat=1993-05-29,,,민주자유당,38,신한국당,민주자유당,이재명 (1948년),,,True
14,정옥순,鄭玉淳,1938-12-08,여,민주자유당,전국구,비례대표,1994-09-15,1996-05-29,term_end,succession_pr,LGU7954E,NA-API 의원이력; NA-API ALLNAMEMBER; kowiki list oldid=40331547; kowiki 의석변동 oldid=41819802,1,,term_end,,api_later_than_wiki,term_end,wikilist=1994-09-09; wikiseat=1994-09-09,,,민주자유당,39,신한국당,민주자유당,정옥순 (1938년),,,False
14,김찬두,金燦斗,1931-01-16,남,민주자유당,전국구,비례대표,1994-11-04,1996-05-29,term_end,succession_pr,9ER1261U,NA-API 의원이력; NA-API ALLNAMEMBER; kowiki list oldid=40331547; kowiki 의석변동 oldid=41819802; manual_checks_12_14.csv,1,,term_end,,verified_manual,term_end,"api=1994-11-04; chosen=1994-11-04; NA date confirmed. Wikipedia gives 1994-11-02, the day 최병렬 left the seat. The NEC confirmed the succession on 1994-11-04.",,,민주자유당,41,신한국당,민주자유당,김찬두,,,False
14,김사성,金士檉,1928-01-18,남,민주자유당,전국구,비례대표,1995-02-15,1996-05-29,term_end,succession_pr,7YV42587,NA-API 의원이력; NA-API ALLNAMEMBER; kowiki list oldid=40331547; kowiki 의석변동 oldid=41819802,1,,term_end,,api_later_than_wiki,term_end,wikilist=1995-02-09; wikiseat=1995-02-09,,,민주자유당,42,신한국당,민주자유당,김사성,,,False
14,이연석,李年錫,1945-10-16,남,민주자유당,전국구,비례대표,1995-03-02,1996-05-29,term_end,succession_pr,M6Z6242O,NA-API 의원이력; NA-API ALLNAMEMBER; kowiki list oldid=40331547; kowiki 의석변동 oldid=41819802,1,,term_end,,api_later_than_wiki,term_end,wikilist=1995-02-27; wikiseat=1995-02-27,,,민주자유당,43,신한국당,민주자유당,이연석,,,False
14,배기선,裵基善,1950-09-15,남,민주당,전국구,비례대표,1995-09-04,1996-03-04,disqualified,succession_pr,Y009633J,NA-API 의원이력; NA-API ALLNAMEMBER; kowiki list oldid=40331547; kowiki 의석변동 oldid=41819802; manual_checks_12_14.csv,1,,pr_seat_lost_on_leaving_party,"장재식, 이우정, 나병선, 김충현, 박정훈, 김옥두, 남궁진 / 배기선 탈당으로 의원직 상실 / 최병욱, 장정곤, 김유진, 서호석, 장광근, 박명서, 한원석 / 김용덕 승계 / 의원직 상실",verified_manual,confirmed,"api=1995-09-04; chosen=1995-09-04; NA date confirmed. Wikipedia gives 1995-08-30 and 1995-08-31, the day of 박지원's resignation. The NEC decided the succession on 1995-09-04.",wikilist,,민주당,24,통합민주당,민주당,배기선,,,False
14,이민헌,李民憲,1944-03-03,남,민주자유당,전국구,비례대표,1995-10-19,1996-03-25,disqualified,succession_pr,HR43900N,NA-API 의원이력; NA-API ALLNAMEMBER; kowiki list oldid=40331547; kowiki 의석변동 oldid=41819802; manual_checks_12_14.csv,1,,court_ruling_other_or_unspecified,의원직 상실,api_later_than_wiki,single_source,wikilist=1995-10-18; wikiseat=1995-10-18,wikilist gives only 1996,,민주자유당,44,신한국당,민주자유당,이민헌,,manual check: Denied the 신한국당 nomination for 대구 수성갑 in February 1996 and described as running there as an independent. The reason and day of the seat loss were not found in the news searched. NA end 1996-03-25 kept.,False
14,이수담,李壽담,1947-03-19,남,민주자유당,전국구,비례대표,1995-10-27,1996-03-22,disqualified,succession_pr,22236619,NA-API 의원이력; NA-API ALLNAMEMBER; kowiki list oldid=40331547; kowiki 의석변동 oldid=41819802,1,,pr_seat_lost_on_leaving_party,"탈당으로 의원직 상실, 전국구 후보 부족으로 승계 불가",confirmed,confirmed,wikiseat,wikiseat,,민주자유당,46,신한국당,민주자유당,이수담,,,False
14,배길랑,裵桔瑯,1942-02-06,남,민주자유당,전국구,비례대표,1995-11-07,1996-03-05,disqualified,succession_pr,SW81313V,NA-API 의원이력; NA-API ALLNAMEMBER; kowiki list oldid=40331547; kowiki 의석변동 oldid=41819802; manual_checks_12_14.csv,1,,pr_seat_lost_on_leaving_party,"김광수, 배길랑 탈당으로 의원직 상실 / 허세욱 승계, 전국구 후보 부족으로 승계 불가 / 의원직 상실",verified_manual,confirmed,"api=1995-11-07; chosen=1995-11-07; NA date confirmed. Wikipedia gives 1995-10-31, the day 구천서 left the party. The NEC confirmed the succession on 1995-11-07 after a dispute over eligibility.",wikilist+wikiseat,,민주자유당,47,신한국당,민주자유당,배길랑,,,False
14,이용준,李龍俊,1939-07-13,남,자유민주연합,전국구,비례대표,1996-02-07,1996-05-29,term_end,succession_pr,FZ42754S,NA-API 의원이력; NA-API ALLNAMEMBER; kowiki list oldid=40331547; kowiki 의석변동 oldid=41819802,1,,term_end,,api_later_than_wiki,term_end,wikilist=1996-02-02; wikiseat=1996-02-02,,,통일국민당,11,자유민주연합,자유민주연합,이용준 (1939년),,,False
14,김정숙,金貞淑,1946-08-21,여,민주자유당,전국구,비례대표,1996-02-16,1996-05-29,term_end,succession_pr,O4X7540B,NA-API 의원이력; NA-API ALLNAMEMBER; kowiki list oldid=40331547; kowiki 의석변동 oldid=41819802,1,,term_end,,api_later_than_wiki,term_end,wikilist=1996-02-08; wikiseat=1996-02-08,,,민주자유당,48,신한국당,신한국당,김정숙 (1946년),,,False
14,김현배,金玄培,1948-03-22,남,민주자유당,전국구,비례대표,1996-02-29,1996-05-29,term_end,succession_pr,5BM4796J,NA-API 의원이력; NA-API ALLNAMEMBER; kowiki list oldid=40331547; kowiki 의석변동 oldid=41819802,1,,term_end,,api_later_than_wiki,term_end,wikilist=1996-02-23; wikiseat=1996-02-23,,,민주자유당,49,신한국당,신한국당,김현배 (정치인),,,False
14,박승웅,朴勝雄,1945-07-23,남,민주자유당,전국구,비례대표,1996-02-29,1996-05-29,term_end,succession_pr,V6L26675,NA-API 의원이력; NA-API ALLNAMEMBER; kowiki list oldid=40331547,1,,term_end,,api_later_than_wiki,term_end,wikilist=1996-02-26,,,민주자유당,51,신한국당,신한국당,박승웅,,,False
14,김용덕,金容德,1946-03-02,남,통합민주당,전국구,비례대표,1996-03-08,1996-05-29,term_end,succession_pr,N5U58283,NA-API 의원이력; NA-API ALLNAMEMBER; kowiki list oldid=40331547; kowiki 의석변동 oldid=41819802,1,,term_end,,confirmed,term_end,wikilist,,,민주당,38,통합민주당,민주당,김용덕 (1946년),,,False
14,김유진,金裕珍,1941-06-05,남,통합민주당,전국구,비례대표,1996-03-08,1996-05-29,term_end,succession_pr,L385875M,NA-API 의원이력; NA-API ALLNAMEMBER; kowiki list oldid=40331547; kowiki 의석변동 oldid=41819802,1,,term_end,,api_later_than_wiki,term_end,wikilist=1996-03-01; wikiseat=1996-03-02,,,민주당,27,통합민주당,민주당,김유진 (정치인),,,False
14,박명서,朴明緖,1938-07-24,남,통합민주당,전국구,비례대표,1996-03-08,1996-05-29,term_end,succession_pr,A7A9213B,NA-API 의원이력; NA-API ALLNAMEMBER; kowiki list oldid=40331547; kowiki 의석변동 oldid=41819802,1,,term_end,,api_later_than_wiki,term_end,wikilist=1996-03-04; wikiseat=1996-03-02,,,민주당,36,통합민주당,민주당,박명서 (1938년),,,False
14,서호석,徐好石,1936-03-03,남,통합민주당,전국구,비례대표,1996-03-08,1996-05-29,term_end,succession_pr,DQ91254E,NA-API 의원이력; NA-API ALLNAMEMBER; kowiki list oldid=40331547; kowiki 의석변동 oldid=41819802,1,,term_end,,api_later_than_wiki,term_end,wikilist=1996-03-02; wikiseat=1996-03-02,,,민주당,28,통합민주당,민주당,서호석,,,False
14,장광근,張光根,1954-01-08,남,통합민주당,전국구,비례대표,1996-03-08,1996-05-29,term_end,succession_pr,JUM9212Y,NA-API 의원이력; NA-API ALLNAMEMBER; kowiki list oldid=40331547; kowiki 의석변동 oldid=41819802,1,,term_end,,api_later_than_wiki,term_end,wikilist=1996-03-02; wikiseat=1996-03-02,,,민주당,35,통합민주당,민주당,장광근,,,False
14,장정곤,張貞坤,1934-01-27,남,통합민주당,전국구,비례대표,1996-03-08,1996-05-29,term_end,succession_pr,AKT34997,NA-API 의원이력; NA-API ALLNAMEMBER; kowiki list oldid=40331547; kowiki 의석변동 oldid=41819802,1,,term_end,,api_later_than_wiki,term_end,wikilist=1996-03-01; wikiseat=1996-03-02,,,민주당,26,통합민주당,민주당,장정곤,,,False
14,진경탁,陳京鐸,1945-05-05,남,민주자유당,전국구,비례대표,1996-03-08,1996-05-29,term_end,succession_pr,SIK52470,NA-API 의원이력; NA-API ALLNAMEMBER; kowiki list oldid=40331547; kowiki 의석변동 oldid=41819802,1,,term_end,,api_later_than_wiki,term_end,wikilist=1996-03-02; wikiseat=1996-03-02,,,민주자유당,52,신한국당,신한국당,진경탁,,,False
14,최병욱,崔秉旭,1937-10-15,남,통합민주당,전국구,비례대표,1996-03-08,1996-05-29,term_end,succession_pr,IHD78545,NA-API 의원이력; NA-API ALLNAMEMBER; kowiki list oldid=40331547; kowiki 의석변동 oldid=41819802,1,,term_end,,api_later_than_wiki,term_end,wikilist=1996-03-01; wikiseat=1996-03-02,,,민주당,25,통합민주당,민주당,최병욱 (1937년),,,False
14,한원석,韓元碩,1939-08-01,남,통합민주당,전국구,비례대표,1996-03-08,1996-05-29,term_end,succession_pr,H7L67057,NA-API 의원이력; NA-API ALLNAMEMBER; kowiki list oldid=40331547; kowiki 의석변동 oldid=41819802,1,,term_end,,api_later_than_wiki,term_end,wikilist=1996-03-05; wikiseat=1996-03-02,,,민주당,37,통합민주당,민주당,한원석,,,False
14,허세욱,許世旭,1945-09-25,남,민주자유당,전국구,비례대표,1996-03-08,1996-05-29,term_end,succession_pr,KDV9610Q,NA-API 의원이력; NA-API ALLNAMEMBER; kowiki list oldid=40331547; kowiki 의석변동 oldid=41819802,1,,term_end,,api_later_than_wiki,term_end,wikilist=1996-03-05; wikiseat=1996-03-05,,,민주자유당,53,신한국당,신한국당,허세욱 (1945년),,,False
14,정양숙,鄭良淑,1949-03-10,여,통합민주당,전국구,비례대표,1996-03-14,1996-05-29,term_end,succession_pr,DQF8566I,NA-API 의원이력; NA-API ALLNAMEMBER; kowiki list oldid=40331547; kowiki 의석변동 oldid=41819802,1,,term_end,,api_later_than_wiki,term_end,wikilist=1996-03-13; wikiseat=1996-03-13,,,민주당,40,통합민주당,민주당,정양숙,,,False
14,고홍길,高弘吉,1943-12-08,남,통합민주당,전국구,비례대표,1996-03-27,1996-05-29,term_end,succession_pr,QTZ7784F,NA-API 의원이력; NA-API ALLNAMEMBER; kowiki list oldid=40331547; kowiki 의석변동 oldid=41819802,1,,term_end,,api_later_than_wiki,term_end,wikilist=1996-03-22; wikiseat=1996-03-22,,,민주당,42,통합민주당,민주당,고홍길,,,False
15,황학수,黃鶴洙,1948-02-04,남,자유민주연합,강원 강릉시갑,지역구,1996-05-30,2000-05-29,term_end,general,PMW8896E,NA-API 의원이력; NA-API ALLNAMEMBER; kowiki list oldid=41996917,1,,term_end,,term_start,term_end,,,강원도 강릉시 갑,,,무소속,자유민주연합,황학수 (정치인),,,False
15,최욱철,崔旭澈,1953-02-09,남,통합민주당,강원 강릉시을,지역구,1996-05-30,1998-03-24,disqualified,general,MPQ32684,NA-API 의원이력; NA-API ALLNAMEMBER; kowiki list oldid=41996917; kowiki 의석변동 oldid=41996916,1,,court_ruling_election_law,대법원에서 공직선거법 위반으로 당선무효형 확정 / 의원직 상실,term_start,confirmed,,wikilist+wikiseat,강원도 강릉시 을,,,한나라당,통합민주당,최욱철,,,False
15,조순,趙淳,1928-02-01,남,한나라당,강원 강릉시을,지역구,1998-07-21,2000-05-29,term_end,by_election,8KH3730J,NA-API 의원이력; NA-API ALLNAMEMBER; kowiki list oldid=41996917; kowiki 의석변동 oldid=41996916,1,,term_end,,confirmed,term_end,wikilist+wikiseat,,강원도 강릉시 을,,,민주국민당,한나라당,조순,,,False
15,최연희,崔鉛熙,1944-12-29,남,신한국당,강원 동해시,지역구,1996-05-30,2000-05-29,term_end,general,T8H6713N,NA-API 의원이력; NA-API ALLNAMEMBER; kowiki list oldid=41996917,1,,term_end,,term_start,term_end,,,강원도 동해시,,,한나라당,신한국당,최연희,,,False
15,장을병,張乙炳,1933-12-14,남,통합민주당,강원 삼척시,지역구,1996-05-30,2000-05-29,term_end,general,4B59693B,NA-API 의원이력; NA-API ALLNAMEMBER; kowiki list oldid=41996917,1,,term_end,,term_start,term_end,,,강원도 삼척시,,,새천년민주당,통합민주당,장을병,,,False
15,송훈석,宋勳錫,1950-10-08,남,신한국당,"강원 속초,고성,양양,인제",지역구,1996-05-30,2000-05-29,term_end,general,AQZ80083,NA-API 의원이력; NA-API ALLNAMEMBER; kowiki list oldid=41996917,1,,term_end,,term_start,term_end,,,강원도 속초시·고성군·양양군·인제군,,,새천년민주당,신한국당,송훈석,,,False
15,김기수,金基洙,1936-11-28,남,신한국당,"강원 영월,평창군",지역구,1996-05-30,2000-05-29,term_end,general,R4T63005,NA-API 의원이력; NA-API ALLNAMEMBER; kowiki list oldid=41996917,1,,term_end,,term_start,term_end,,,강원도 영월군·평창군,,,자유민주연합,신한국당,김기수 (정치인),,,False
15,함종한,咸鍾漢,1944-01-08,남,신한국당,강원 원주시갑,지역구,1996-05-30,2000-05-29,term_end,general,2XE5489Z,NA-API 의원이력; NA-API ALLNAMEMBER; kowiki list oldid=41996917,1,,term_end,,term_start,term_end,,,강원도 원주시 갑,,,한나라당,신한국당,함종한,,,False
15,김영진,金榮珍,1940-11-18,남,신한국당,강원 원주시을,지역구,1996-05-30,2000-05-29,term_end,general,7BN8997H,NA-API 의원이력; NA-API ALLNAMEMBER; kowiki list oldid=41996917,1,,term_end,,term_start,term_end,,,강원도 원주시 을,,,자유민주연합,신한국당,김영진 (1939년),,,True
15,이용삼,李龍三,1957-09-12,남,신한국당,"강원 철원,화천,양구군",지역구,1996-05-30,2000-05-29,term_end,general,GBP60233,NA-API 의원이력; NA-API ALLNAMEMBER; kowiki list oldid=41996917,1,,term_end,,term_start,term_end,,,강원도 철원군·화천군·양구군,,,새천년민주당,신한국당,이용삼,,,False
15,한승수,韓昇洙,1936-12-28,남,신한국당,강원 춘천시갑,지역구,1996-05-30,2000-05-29,term_end,general,AML4805R,NA-API 의원이력; NA-API ALLNAMEMBER; kowiki list oldid=41996917,1,,term_end,,term_start,term_end,,,강원도 춘천시 갑,,,민주국민당,신한국당,한승수,,,False
15,류종수,柳鍾洙,1942-12-15,남,자유민주연합,강원 춘천시을,지역구,1996-05-30,2000-05-29,term_end,general,RUB28077,NA-API 의원이력; NA-API ALLNAMEMBER; kowiki list oldid=41996917,1,,term_end,,term_start,term_end,,,강원도 춘천시 을,,,한나라당,자유민주연합,류종수,,,False
15,박우병,朴佑炳,1933-02-03,남,신한국당,"강원 태백,정선",지역구,1996-05-30,2000-05-29,term_end,general,6YB3013O,NA-API 의원이력; NA-API ALLNAMEMBER; kowiki list oldid=41996917,1,,term_end,,term_start,term_end,,,강원도 태백시·정선군,,,한나라당,신한국당,박우병,,,False
15,이응선,李應善,1934-05-03,남,신한국당,"강원 홍천,횡성군",지역구,1996-05-30,2000-05-29,term_end,general,48H5289C,NA-API 의원이력; NA-API ALLNAMEMBER; kowiki list oldid=41996917,1,,term_end,,term_start,term_end,,,강원도 홍천군·횡성군,,,한나라당,신한국당,이응선,,,False
15,김길환,金佶煥,1944-09-02,남,신한국당,"경기 가평군,양평군",지역구,1996-05-30,2000-05-29,term_end,general,S874727Q,NA-API 의원이력; NA-API ALLNAMEMBER; kowiki list oldid=41996917,1,,term_end,,term_start,term_end,,,경기도 가평군·양평군,,,새천년민주당,신한국당,김길환,,,False
15,이국헌,李國憲,1936-12-17,남,신한국당,경기 고양시덕양구,지역구,1996-05-30,2000-05-29,term_end,general,BOU2589V,NA-API 의원이력; NA-API ALLNAMEMBER; kowiki list oldid=41996917,1,,term_end,,term_start,term_end,,,경기도 고양시 덕양구,,,한나라당,신한국당,이국헌 (1936년),,,False
15,이택석,李澤錫,1935-12-07,남,신한국당,경기 고양시일산구,지역구,1996-05-30,2000-05-29,term_end,general,VU95307T,NA-API 의원이력; NA-API ALLNAMEMBER; kowiki list oldid=41996917,1,,term_end,,term_start,term_end,,,경기도 고양시 일산구,,,자유민주연합,신한국당,이택석,,,False
15,안상수,安商守,1946-02-09,남,신한국당,"경기 과천시,의왕시",지역구,1996-05-30,2000-05-29,term_end,general,ACS7139Z,NA-API 의원이력; NA-API ALLNAMEMBER; kowiki list oldid=41996917,1,,term_end,,term_start,term_end,,,경기도 과천시·의왕시,,,한나라당,신한국당,안상수 (창원 출신 정치인),,,True
15,남궁진,南宮鎭,1942-08-11,남,새정치국민회의,경기 광명시갑,지역구,1996-05-30,2000-05-29,term_end,general,VZ17900R,NA-API 의원이력; NA-API ALLNAMEMBER; kowiki list oldid=41996917,1,,term_end,,term_start,term_end,,,경기도 광명시 갑,,,새천년민주당,새정치국민회의,남궁진,,,False
15,손학규,孫鶴圭,1947-11-22,남,신한국당,경기 광명시을,지역구,1996-05-30,1998-04-06,resigned,general,FND7010Q,NA-API 의원이력; NA-API ALLNAMEMBER; kowiki list oldid=41996917; kowiki 의석변동 oldid=41996916,1,,resigned_to_run_for_other_office,경기지사 출마로 사퇴 / 의원직 사퇴,term_start,confirmed,,wikilist+wikiseat,경기도 광명시 을,,,한나라당,신한국당,손학규,,,False
15,조세형,趙世衡,1931-08-22,남,새정치국민회의,경기 광명시을,지역구,1998-07-21,2000-05-29,term_end,by_election,ACT1860R,NA-API 의원이력; NA-API ALLNAMEMBER; kowiki list oldid=41996917; kowiki 의석변동 oldid=41996916,1,,term_end,,confirmed,term_end,wikilist+wikiseat,,경기도 광명시 을,,,새천년민주당,새정치국민회의,조세형 (1931년),,,False
15,전용원,田瑢源,1944-04-24,남,신한국당,경기 구리시,지역구,1996-05-30,2000-05-29,term_end,general,C6N4172N,NA-API 의원이력; NA-API ALLNAMEMBER; kowiki list oldid=41996917,1,,term_end,,term_start,term_end,,,경기도 구리시,,,한나라당,신한국당,전용원,,,False
15,유선호,柳宣浩,1953-09-27,남,새정치국민회의,경기 군포시,지역구,1996-05-30,2000-05-29,term_end,general,SKV1971K,NA-API 의원이력; NA-API ALLNAMEMBER; kowiki list oldid=41996917,1,,term_end,,term_start,term_end,,,경기도 군포시,,,새천년민주당,새정치국민회의,유선호 (정치인),,,False
15,박종우,朴宗雨,1938-11-10,남,무소속,경기 김포군,지역구,1996-05-30,2000-05-29,term_end,general,RST3993C,NA-API 의원이력; NA-API ALLNAMEMBER; kowiki list oldid=41996917,1,,term_end,,term_start,term_end,,,경기도 김포군,,,새천년민주당,무소속,박종우 (정치인),,,False
15,이성호,李聖浩,1938-12-18,남,신한국당,경기 남양주시,지역구,1996-05-30,2000-05-29,term_end,general,TNK9949W,NA-API 의원이력; NA-API ALLNAMEMBER; kowiki list oldid=41996917,1,,term_end,,term_start,term_end,,,경기도 남양주시,,,새천년민주당,신한국당,이성호 (1938년),,,False
15,목요상,睦堯相,1935-09-09,남,신한국당,경기 동두천시양주군,지역구,1996-05-30,2000-05-29,term_end,general,IB22144F,NA-API 의원이력; NA-API ALLNAMEMBER; kowiki list oldid=41996917,1,,term_end,,term_start,term_end,,,경기도 동두천시·양주군,,,한나라당,신한국당,목요상,,,False
15,김문수,金文洙,1951-08-27,남,신한국당,경기 부천시소사구,지역구,1996-05-30,2000-05-29,term_end,general,RVR78866,NA-API 의원이력; NA-API ALLNAMEMBER; kowiki list oldid=41996917,1,,term_end,,term_start,term_end,,,경기도 부천시 소사구,,,한나라당,신한국당,김문수,,,True
15,최선영,崔善榮,1940-04-13,남,새정치국민회의,경기 부천시오정구,지역구,1996-05-30,2000-05-29,term_end,general,BNT6492X,NA-API 의원이력; NA-API ALLNAMEMBER; kowiki list oldid=41996917,1,,term_end,,term_start,term_end,,,경기도 부천시 오정구,,,새천년민주당,새정치국민회의,최선영 (1940년),,,False
15,안동선,安東善,1935-10-05,남,새정치국민회의,경기 부천시원미구갑,지역구,1996-05-30,2000-05-29,term_end,general,GVS3975B,NA-API 의원이력; NA-API ALLNAMEMBER; kowiki list oldid=41996917,1,,term_end,,term_start,term_end,,,경기도 부천시 원미구 갑,,,새천년민주당,새정치국민회의,안동선,,,False
15,이사철,李思哲,1952-09-15,남,신한국당,경기 부천시원미구을,지역구,1996-05-30,2000-05-29,term_end,general,QG36879J,NA-API 의원이력; NA-API ALLNAMEMBER; kowiki list oldid=41996917,1,,term_end,,term_start,term_end,,,경기도 부천시 원미구 을,,,한나라당,신한국당,이사철 (1952년),,,False
15,오세응,吳世應,1933-04-18,남,신한국당,경기 성남시분당구,지역구,1996-05-30,2000-05-29,term_end,general,UTL76680,NA-API 의원이력; NA-API ALLNAMEMBER; kowiki list oldid=41996917,1,,term_end,,term_start,term_end,,,경기도 성남시 분당구,,,자유민주연합,신한국당,오세응,,,False
15,이윤수,李允洙,1938-09-16,남,새정치국민회의,경기 성남시수정구,지역구,1996-05-30,2000-05-29,term_end,general,I9K4876K,NA-API 의원이력; NA-API ALLNAMEMBER; kowiki list oldid=41996917,1,,term_end,,term_start,term_end,,,경기도 성남시 수정구,,,새천년민주당,새정치국민회의,이윤수 (정치인),,,False
15,조성준,趙誠俊,1948-12-18,남,새정치국민회의,경기 성남시중원구,지역구,1996-05-30,2000-05-29,term_end,general,NLM21386,NA-API 의원이력; NA-API ALLNAMEMBER; kowiki list oldid=41996917,1,,term_end,,term_start,term_end,,,경기도 성남시 중원구,,,새천년민주당,새정치국민회의,조성준 (1948년),,,False
15,김인영,金仁泳,1939-12-26,남,신한국당,경기 수원시권선구,지역구,1996-05-30,2000-05-29,term_end,general,04Z5194C,NA-API 의원이력; NA-API ALLNAMEMBER; kowiki list oldid=41996917,1,,term_end,,term_start,term_end,,,경기도 수원시 권선구,,,새천년민주당,신한국당,김인영 (1939년),,,False
15,이병희,李秉禧,1926-08-01,남,자유민주연합,경기 수원시장안구,지역구,1996-05-30,1997-01-13,died,general,9VF7142D,NA-API 의원이력; NA-API ALLNAMEMBER; kowiki list oldid=41996917; kowiki 의석변동 oldid=41996916,1,,died,사망 / 사망,term_start,confirmed,,wikilist+wikiseat,경기도 수원시 장안구,,,자유민주연합,자유민주연합,이병희 (1926년),,,False
15,이태섭,李台燮,1939-05-21,남,자유민주연합,경기 수원시장안구,지역구,1997-03-05,2000-05-29,term_end,by_election,7LS7395X,NA-API 의원이력; NA-API ALLNAMEMBER; kowiki list oldid=41996917; kowiki 의석변동 oldid=41996916,1,,term_end,,confirmed,term_end,wikilist+wikiseat,,경기도 수원시 장안구,,,자유민주연합,자유민주연합,이태섭 (1939년),,,False
15,남평우,南平祐,1936-12-20,남,신한국당,경기 수원시팔달구,지역구,1996-05-30,1998-03-13,died,general,DSP4257Y,NA-API 의원이력; NA-API ALLNAMEMBER; kowiki list oldid=41996917; kowiki 의석변동 oldid=41996916,1,,died,사망 / 사망,term_start,confirmed,,wikilist+wikiseat,경기도 수원시 팔달구,,,한나라당,신한국당,남평우,,,False
15,남경필,南景弼,1965-01-20,남,한나라당,경기 수원시팔달구,지역구,1998-07-21,2000-05-29,term_end,by_election,EI023764,NA-API 의원이력; NA-API ALLNAMEMBER; kowiki list oldid=41996917; kowiki 의석변동 oldid=41996916,1,,term_end,,confirmed,term_end,wikilist+wikiseat,,경기도 수원시 팔달구,,,한나라당,한나라당,남경필,,,False
15,김의재,金義在,1937-06-21,남,자유민주연합,경기 시흥,지역구,1999-03-30,2000-05-29,term_end,by_election,Y7P9761E,NA-API 의원이력; NA-API ALLNAMEMBER; kowiki list oldid=41996917; kowiki 의석변동 oldid=41996916,1,,term_end,,confirmed,term_end,wikilist+wikiseat,,경기도 시흥시,,,자유민주연합,자유민주연합,김의재,,,False
15,제정구,諸廷坵,1944-03-01,남,통합민주당,경기 시흥시,지역구,1996-05-30,1999-02-09,died,general,AZD9831F,NA-API 의원이력; NA-API ALLNAMEMBER; kowiki list oldid=41996917; kowiki 의석변동 oldid=41996916,1,,died,사망 / 사망,term_start,confirmed,,wikilist+wikiseat,경기도 시흥시,,,한나라당,민주당,제정구,,,False
15,김영환,金榮煥,1955-05-27,남,새정치국민회의,경기 안산시갑,지역구,1996-05-30,2000-05-29,term_end,general,1C04271Z,NA-API 의원이력; NA-API ALLNAMEMBER; kowiki list oldid=41996917,1,,term_end,,term_start,term_end,,,경기도 안산시 갑,,,새천년민주당,새정치국민회의,김영환 (1955년),,,True
15,천정배,千正培,1954-12-12,남,새정치국민회의,경기 안산시을,지역구,1996-05-30,2000-05-29,term_end,general,3SP89633,NA-API 의원이력; NA-API ALLNAMEMBER; kowiki list oldid=41996917,1,,term_end,,term_start,term_end,,,경기도 안산시 을,,,새천년민주당,새정치국민회의,천정배,,,False
15,이해구,李海龜,1937-09-10,남,신한국당,경기 안성군,지역구,1996-05-30,2000-05-29,term_end,general,WMD2190C,NA-API 의원이력; NA-API ALLNAMEMBER; kowiki list oldid=41996917,1,,term_end,,term_start,term_end,,,경기도 안성군,,,한나라당,신한국당,이해구,,,False
15,최희준,崔喜準,1936-05-30,남,새정치국민회의,경기 안양시동안구갑,지역구,1996-05-30,2000-05-29,term_end,general,DMN9743E,NA-API 의원이력; NA-API ALLNAMEMBER; kowiki list oldid=41996917,1,,term_end,,term_start,term_end,,,경기도 안양시 동안구 갑,,,새천년민주당,새정치국민회의,최희준 (가수),,,False
15,이석현,李錫玄,1951-03-16,남,새정치국민회의,경기 안양시동안구을,지역구,1996-05-30,2000-05-29,term_end,general,GMK1374L,NA-API 의원이력; NA-API ALLNAMEMBER; kowiki list oldid=41996917,1,,term_end,,term_start,term_end,,,경기도 안양시 동안구 을,,,새천년민주당,새정치국민회의,이석현 (1951년),,,False
15,권수창,權秀昌,1943-01-17,남,자유민주연합,경기 안양시만안구,지역구,1996-05-30,1997-07-18,died,general,RHV3779X,NA-API 의원이력; NA-API ALLNAMEMBER; kowiki list oldid=41996917; kowiki 의석변동 oldid=41996916,1,,died,사망 / 사망,term_start,confirmed,,wikilist+wikiseat,경기도 안양시 만안구,,,자유민주연합,자유민주연합,권수창,,,False
15,김일주,金日柱,1933-05-07,남,자유민주연합,경기 안양시만안구,지역구,1997-09-04,2000-05-29,term_end,by_election,MPF3818N,NA-API 의원이력; NA-API ALLNAMEMBER; kowiki list oldid=41996917; kowiki 의석변동 oldid=41996916,1,,term_end,,confirmed,term_end,wikilist+wikiseat,,경기도 안양시 만안구,,,자유민주연합,자유민주연합,김일주,,,False
15,이규택,李揆澤,1942-07-20,남,통합민주당,경기 여주군,지역구,1996-05-30,2000-05-29,term_end,general,YE691699,NA-API 의원이력; NA-API ALLNAMEMBER; kowiki list oldid=41996917,1,,term_end,,term_start,term_end,,,경기도 여주군,,,한나라당,통합민주당,이규택,,,False
15,이한동,李漢東,1934-12-05,남,신한국당,경기 연천군포천군,지역구,1996-05-30,2000-05-29,term_end,general,NUX49887,NA-API 의원이력; NA-API ALLNAMEMBER; kowiki list oldid=41996917,1,,term_end,,term_start,term_end,,,경기도 연천군·포천군,,,자유민주연합,신한국당,이한동,,,False
15,박신원,朴信遠,1945-08-10,남,자유민주연합,경기 오산시 화성군,지역구,1996-05-30,2000-05-29,term_end,general,GWY84242,NA-API 의원이력; NA-API ALLNAMEMBER; kowiki list oldid=41996917,1,,term_end,,term_start,term_end,,,경기도 오산시·화성군,,,자유민주연합,자유민주연합,박신원 (정치인),,,False
15,이웅희,李雄熙,1931-01-26,남,신한국당,경기 용인시,지역구,1996-05-30,2000-05-29,term_end,general,19211414,NA-API 의원이력; NA-API ALLNAMEMBER; kowiki list oldid=41996917,1,,term_end,,term_start,term_end,,,경기도 용인시,,,무소속,신한국당,이웅희 (1931년),,,False
15,홍문종,洪文鐘,1955-04-05,남,신한국당,경기 의정부시,지역구,1996-05-30,2000-05-29,term_end,general,T2K9554I,NA-API 의원이력; NA-API ALLNAMEMBER; kowiki list oldid=41996917,1,,term_end,,term_start,term_end,,,경기도 의정부시,,,무소속,신한국당,홍문종 (정치인),,,False
15,황규선,黃圭宣,1937-12-27,남,통합민주당,경기 이천시,지역구,1996-05-30,2000-05-29,term_end,general,BIS88804,NA-API 의원이력; NA-API ALLNAMEMBER; kowiki list oldid=41996917,1,,term_end,,term_start,term_end,,,경기도 이천시,,,한나라당,민주당,황규선,,,False
15,이재창,李在昌,1936-10-25,남,자유민주연합,경기 파주시,지역구,1996-05-30,2000-05-29,term_end,general,QFQ8496R,NA-API 의원이력; NA-API ALLNAMEMBER; kowiki list oldid=41996917,1,,term_end,,term_start,term_end,,,경기도 파주시,,,한나라당,자유민주연합,이재창,,,False
15,원유철,元裕哲,1962-09-26,남,무소속,경기 평택시갑,지역구,1996-05-30,2000-05-29,term_end,general,TZD17894,NA-API 의원이력; NA-API ALLNAMEMBER; kowiki list oldid=41996917,1,,term_end,,term_start,term_end,,,경기도 평택시 갑,,,새천년민주당,무소속,원유철,,,False
15,허남훈,許南薰,1937-01-27,남,자유민주연합,경기 평택시을,지역구,1996-05-30,2000-05-29,term_end,general,UX77102W,NA-API 의원이력; NA-API ALLNAMEMBER; kowiki list oldid=41996917,1,,term_end,,term_start,term_end,,,경기도 평택시 을,,,자유민주연합,자유민주연합,허남훈,,,False
15,정영훈,鄭泳薰,1932-09-17,남,신한국당,경기 하남시광주군,지역구,1996-05-30,2000-05-29,term_end,general,BLO60262,NA-API 의원이력; NA-API ALLNAMEMBER; kowiki list oldid=41996917,1,,term_end,,term_start,term_end,,,경기도 하남시·광주군,,,새천년민주당,신한국당,정영훈 (1932년),,,False
15,김기춘,金淇春,1939-11-25,남,신한국당,경남 거제시,지역구,1996-05-30,2000-05-29,term_end,general,WVT1840E,NA-API 의원이력; NA-API ALLNAMEMBER; kowiki list oldid=41996917,1,,term_end,,term_start,term_end,,,경상남도 거제시,,,한나라당,신한국당,김기춘,,,False
15,이강두,李康斗,1937-01-26,남,신한국당,"경남 거창,합천군",지역구,1996-05-30,2000-05-29,term_end,general,W8L79935,NA-API 의원이력; NA-API ALLNAMEMBER; kowiki list oldid=41996917,1,,term_end,,term_start,term_end,,,경상남도 거창군·합천군,,,한나라당,신한국당,이강두,,,False
15,김영일,金榮馹,1942-07-07,남,신한국당,경남 김해시,지역구,1996-05-30,2000-05-29,term_end,general,T0C2301Q,NA-API 의원이력; NA-API ALLNAMEMBER; kowiki list oldid=41996917,1,,term_end,,term_start,term_end,,,경상남도 김해시,,,한나라당,신한국당,김영일 (1942년),,,False
15,박희태,朴熺太,1938-08-09,남,신한국당,"경남 남해,하동군",지역구,1996-05-30,2000-05-29,term_end,general,FSN5613H,NA-API 의원이력; NA-API ALLNAMEMBER; kowiki list oldid=41996917,1,,term_end,,term_start,term_end,,,경상남도 남해군·하동군,,,한나라당,신한국당,박희태,,,False
15,김호일,金浩一,1942-12-12,남,신한국당,경남 마산시 합포군,지역구,1996-05-30,2000-05-29,term_end,general,X9Z79695,NA-API 의원이력; NA-API ALLNAMEMBER; kowiki list oldid=41996917,1,,term_end,,term_start,term_end,,,경상남도 마산시 합포구,,,한나라당,신한국당,김호일,,,False
15,강삼재,姜三載,1952-07-01,남,신한국당,경남 마산시회원구,지역구,1996-05-30,2000-05-29,term_end,general,35I30124,NA-API 의원이력; NA-API ALLNAMEMBER; kowiki list oldid=41996917,1,,term_end,,term_start,term_end,,,경상남도 마산시 회원구,,,한나라당,신한국당,강삼재,,,False
15,김용갑,金容甲,1936-09-28,남,무소속,경남 밀양시,지역구,1996-05-30,2000-05-29,term_end,general,H2X6452Y,NA-API 의원이력; NA-API ALLNAMEMBER; kowiki list oldid=41996917; manual_checks.csv,1,,term_end,,term_start,term_end,,,경상남도 밀양시,,,한나라당,무소속,김용갑 (1936년),,district set by manual_checks.csv (was 경남 마산시 회원군),False
15,황성균,黃性均,1936-06-25,남,무소속,경남 사천시,지역구,1996-05-30,2000-05-29,term_end,general,6JD7752M,NA-API 의원이력; NA-API ALLNAMEMBER; kowiki list oldid=41996917,1,,term_end,,term_start,term_end,,,경상남도 사천시,,,한나라당,무소속,황성균,,,False
15,권익현,權翊鉉,1934-02-17,남,신한국당,"경남 산청,함양",지역구,1996-05-30,2000-05-29,term_end,general,OUK2820Z,NA-API 의원이력; NA-API ALLNAMEMBER; kowiki list oldid=41996917,1,,term_end,,term_start,term_end,,,경상남도 산청군·함양군,,,한나라당,신한국당,권익현,,,False
15,나오연,羅午淵,1932-08-27,남,신한국당,경남 양산시,지역구,1996-05-30,2000-05-29,term_end,general,XF32334M,NA-API 의원이력; NA-API ALLNAMEMBER; kowiki list oldid=41996917,1,,term_end,,term_start,term_end,,,경상남도 양산시,,,한나라당,신한국당,나오연,,,False
15,차수명,車秀明,1940-08-20,남,신한국당,경남 울산시남구갑,지역구,1996-05-30,2000-05-29,term_end,general,SQT3346Q,NA-API 의원이력; NA-API ALLNAMEMBER; kowiki list oldid=41996917,1,,term_end,,term_start,term_end,,,경상남도 울산시 남구 갑,,,자유민주연합,신한국당,차수명,,,False
15,이규정,李圭正,1941-12-27,남,통합민주당,경남 울산시남구을,지역구,1996-05-30,2000-05-29,term_end,general,GUO7494H,NA-API 의원이력; NA-API ALLNAMEMBER; kowiki list oldid=41996917,1,,term_end,,term_start,term_end,,,경상남도 울산시 남구 을,,,새천년민주당,통합민주당,이규정 (1941년),,,False
15,정몽준,鄭夢準,1951-10-17,남,무소속,경남 울산시동구,지역구,1996-05-30,2000-05-29,term_end,general,5YX7831C,NA-API 의원이력; NA-API ALLNAMEMBER; kowiki list oldid=41996917,1,,term_end,,term_start,term_end,,,경상남도 울산시 동구,,,무소속,무소속,정몽준,,,False
15,권기술,權琪述,1938-04-01,남,통합민주당,경남 울산시울주구,지역구,1996-05-30,2000-05-29,term_end,general,WJC7553A,NA-API 의원이력; NA-API ALLNAMEMBER; kowiki list oldid=41996917,1,,term_end,,term_start,term_end,,,경상남도 울산시 울주구,,,한나라당,통합민주당,권기술,,,False
15,김태호,金泰鎬,1935-03-03,남,신한국당,경남 울산시중구,지역구,1996-05-30,2000-05-29,term_end,general,DTM59312,NA-API 의원이력; NA-API ALLNAMEMBER; kowiki list oldid=41996917,1,,term_end,,term_start,term_end,,,경상남도 울산시 중구,,,한나라당,신한국당,김태호 (1935년),,,True
15,윤한도,尹漢道,1937-10-10,남,신한국당,"경남 의령,함안군",지역구,1996-05-30,2000-05-29,term_end,general,RLH4613I,NA-API 의원이력; NA-API ALLNAMEMBER; kowiki list oldid=41996917,1,,term_end,,term_start,term_end,,,경상남도 의령군·함안군,,,한나라당,신한국당,윤한도,,,False
15,김재천,金在千,1947-01-09,남,무소속,경남 진주시갑,지역구,1996-05-30,2000-05-29,term_end,general,GP488216,NA-API 의원이력; NA-API ALLNAMEMBER; kowiki list oldid=41996917,1,,term_end,,term_start,term_end,,,경상남도 진주시 갑,,,무소속,무소속,김재천 (1947년),,,False
15,하순봉,河舜鳳,1941-10-08,남,신한국당,경남 진주시을,지역구,1996-05-30,2000-05-29,term_end,general,BIY4474S,NA-API 의원이력; NA-API ALLNAMEMBER; kowiki list oldid=41996917,1,,term_end,,term_start,term_end,,,경상남도 진주시 을,,,한나라당,신한국당,하순봉,,,False
15,허대범,許大梵,1936-11-20,남,신한국당,경남 진해시,지역구,1996-05-30,2000-05-29,term_end,general,IH12492Y,NA-API 의원이력; NA-API ALLNAMEMBER; kowiki list oldid=41996917,1,,term_end,,term_start,term_end,,,경상남도 진해시,,,한나라당,신한국당,허대범,,,False
15,노기태,盧基太,1946-12-21,남,신한국당,경남 창녕군,지역구,1996-05-30,2000-05-29,term_end,general,E4F9377R,NA-API 의원이력; NA-API ALLNAMEMBER; kowiki list oldid=41996917,1,,term_end,,term_start,term_end,,,경상남도 창녕군,,,무소속,신한국당,노기태,,,False
15,김종하,金鍾河,1934-08-10,남,신한국당,경남 창원시갑,지역구,1996-05-30,2000-05-29,term_end,general,HZI5846H,NA-API 의원이력; NA-API ALLNAMEMBER; kowiki list oldid=41996917,1,,term_end,,term_start,term_end,,,경상남도 창원시 갑,,,한나라당,신한국당,김종하 (정치인),,,False
15,황낙주,黃珞周,1928-03-22,남,신한국당,경남 창원시을,지역구,1996-05-30,2000-05-29,term_end,general,7BR2274A,NA-API 의원이력; NA-API ALLNAMEMBER; kowiki list oldid=41996917,1,,term_end,,term_start,term_end,,,경상남도 창원시 을,,,한나라당,신한국당,황낙주,,,False
15,김동욱,金東旭,1938-01-04,남,신한국당,"경남 통영시,고성군",지역구,1996-05-30,2000-05-29,term_end,general,7XD22708,NA-API 의원이력; NA-API ALLNAMEMBER; kowiki list oldid=41996917,1,,term_end,,term_start,term_end,,,경상남도 통영시·고성군,,,한나라당,신한국당,김동욱 (1934년),,,False
15,김종학,金種學,1941-02-26,남,자유민주연합,"경북 경산시,청도군",지역구,1996-05-30,2000-05-29,term_end,general,0Z61852C,NA-API 의원이력; NA-API ALLNAMEMBER; kowiki list oldid=41996917,1,,term_end,,term_start,term_end,,,경상북도 경산시·청도군,,,자유민주연합,자유민주연합,김종학 (1941년),,,False
15,김일윤,金一潤,1938-12-17,남,무소속,경북 경주시갑,지역구,1996-05-30,2000-05-29,term_end,general,UY23844S,NA-API 의원이력; NA-API ALLNAMEMBER; kowiki list oldid=41996917,1,,term_end,,term_start,term_end,,,경상북도 경주시 갑,,,한나라당,무소속,김일윤,,,False
15,임진출,林鎭出,1941-10-10,여,무소속,경북 경주시을,지역구,1996-05-30,2000-05-29,term_end,general,N0V51841,NA-API 의원이력; NA-API ALLNAMEMBER; kowiki list oldid=41996917,1,,term_end,,term_start,term_end,,,경상북도 경주시 을,,,한나라당,무소속,임진출,,,False
15,주진우,朱鎭旴,1949-08-28,남,신한국당,"경북 고령,성주군",지역구,1996-05-30,2000-05-29,term_end,general,IRT9826E,NA-API 의원이력; NA-API ALLNAMEMBER; kowiki list oldid=41996917,1,,term_end,,term_start,term_end,,,경상북도 고령군·성주군,,,한나라당,신한국당,주진우 (1949년),,,True
15,박세직,朴世直,1933-09-18,남,신한국당,경북 구미시갑,지역구,1996-05-30,2000-05-29,term_end,general,HIS36307,NA-API 의원이력; NA-API ALLNAMEMBER; kowiki list oldid=41996917,1,,term_end,,term_start,term_end,,,경상북도 구미시 갑,,,자유민주연합,신한국당,박세직,,,False
15,김윤환,金潤煥,1932-06-07,남,신한국당,경북 구미시을,지역구,1996-05-30,2000-05-29,term_end,general,PMN7940F,NA-API 의원이력; NA-API ALLNAMEMBER; kowiki list oldid=41996917,1,,term_end,,term_start,term_end,,,경상북도 구미시 을,,,민주국민당,신한국당,김윤환 (1932년),,,False
15,장영철,張永喆,1936-10-28,남,신한국당,"경북 군위,칠곡군",지역구,1996-05-30,2000-05-29,term_end,general,UWX81091,NA-API 의원이력; NA-API ALLNAMEMBER; kowiki list oldid=41996917,1,,term_end,,term_start,term_end,,,경상북도 군위군·칠곡군,,,새천년민주당,신한국당,장영철 (1936년),,,False
15,임인배,林仁培,1954-04-27,남,신한국당,경북 김천시,지역구,1996-05-30,2000-05-29,term_end,general,8NC1161S,NA-API 의원이력; NA-API ALLNAMEMBER; kowiki list oldid=41996917,1,,term_end,,term_start,term_end,,,경상북도 김천시,,,한나라당,신한국당,임인배,,,False
15,황병태,黃秉泰,1935-02-20,남,신한국당,"경북 문경시,예천군",지역구,1996-05-30,1997-12-26,disqualified,general,YP610287,NA-API 의원이력; NA-API ALLNAMEMBER; kowiki list oldid=41996917; kowiki 의석변동 oldid=41996916,1,,court_ruling_election_law,대법원에서 공직선거법 위반으로 의원직 상실 / 의원직 상실,term_start,confirmed,,wikilist+wikiseat,경상북도 문경시·예천군,,,한나라당,신한국당,황병태,,,False
15,신영국,申榮國,1943-10-15,남,한나라당,"경북 문경시,예천군",지역구,1998-04-02,2000-05-29,term_end,by_election,OX877045,NA-API 의원이력; NA-API ALLNAMEMBER; kowiki list oldid=41996917; kowiki 의석변동 oldid=41996916,1,,term_end,,confirmed,term_end,wikilist+wikiseat,,경상북도 문경시·예천군,,,한나라당,한나라당,신영국,,,False
15,이상배,李相培,1939-10-10,남,신한국당,경북 상주시,지역구,1996-05-30,2000-05-29,term_end,general,AV73550N,NA-API 의원이력; NA-API ALLNAMEMBER; kowiki list oldid=41996917,1,,term_end,,term_start,term_end,,,경상북도 상주시,,,한나라당,신한국당,이상배 (1939년),,,False
15,권오을,權五乙,1957-03-17,남,통합민주당,경북 안동갑,지역구,1996-05-30,2000-05-29,term_end,general,3OA12807,NA-API 의원이력; NA-API ALLNAMEMBER; kowiki list oldid=41996917,1,,term_end,,term_start,term_end,,,경상북도 안동시 갑,,,한나라당,통합민주당,권오을,,,False
15,권정달,權正達,1936-06-14,남,무소속,경북 안동을,지역구,1996-05-30,2000-05-29,term_end,general,LO357547,NA-API 의원이력; NA-API ALLNAMEMBER; kowiki list oldid=41996917,1,,term_end,,term_start,term_end,,,경상북도 안동시 을,,,새천년민주당,무소속,권정달,,,False
15,김광원,金光元,1940-12-15,남,신한국당,"경북 영양,봉화,울진군",지역구,1996-05-30,2000-05-29,term_end,general,KOC6603F,NA-API 의원이력; NA-API ALLNAMEMBER; kowiki list oldid=41996917,1,,term_end,,term_start,term_end,,,경상북도 영양군·봉화군·울진군,,,한나라당,신한국당,김광원,,,False
15,박시균,朴是均,1938-02-14,남,무소속,경북 영주시,지역구,1996-05-30,2000-05-29,term_end,general,PK58741O,NA-API 의원이력; NA-API ALLNAMEMBER; kowiki list oldid=41996917,1,,term_end,,term_start,term_end,,,경상북도 영주시,,,한나라당,무소속,박시균,,,False
15,박헌기,朴憲基,1936-02-23,남,신한국당,경북 영천시,지역구,1996-05-30,2000-05-29,term_end,general,70X11962,NA-API 의원이력; NA-API ALLNAMEMBER; kowiki list oldid=41996917,1,,term_end,,term_start,term_end,,,경상북도 영천시,,,한나라당,신한국당,박헌기,,,False
15,김화남,金和男,1943-01-30,남,자유민주연합,경북 의성군,지역구,1996-05-30,1997-12-26,disqualified,general,FX68781T,NA-API 의원이력; NA-API ALLNAMEMBER; kowiki list oldid=41996917; kowiki 의석변동 oldid=41996916,1,,court_ruling_election_law,대법원에서 공직선거법 위반으로 의원직 상실 / 의원직 상실,term_start,confirmed,,wikilist+wikiseat,경상북도 의성군,,,무소속,자유민주연합,김화남,,,False
15,정창화,鄭昌和,1940-08-02,남,한나라당,경북 의성군,지역구,1998-04-03,2000-05-29,term_end,by_election,NBM68293,NA-API 의원이력; NA-API ALLNAMEMBER; kowiki list oldid=41996917; kowiki 의석변동 oldid=41996916,1,,term_end,,confirmed_pollday_plus1,term_end,wikilist=1998-04-02; wikiseat=1998-04-02,,경상북도 의성군,,,한나라당,한나라당,정창화 (1940년),,,False
15,김찬우,金燦于,1933-01-15,남,신한국당,"경북 청송,영덕",지역구,1996-05-30,2000-05-29,term_end,general,DPP5766B,NA-API 의원이력; NA-API ALLNAMEMBER; kowiki list oldid=41996917,1,,term_end,,term_start,term_end,,,경상북도 청송군·영덕군,,,한나라당,신한국당,김찬우 (1933년),,,False
15,이상득,李相得,1935-11-29,남,신한국당,"경북 포항시남구,울릉군",지역구,1996-05-30,2000-05-29,term_end,general,RLG4231U,NA-API 의원이력; NA-API ALLNAMEMBER; kowiki list oldid=41996917,1,,term_end,,term_start,term_end,,,경상북도 포항시 남구·울릉군,,,한나라당,신한국당,이상득,,,False
15,허화평,許和平,1937-10-15,남,무소속,경북 포항시북구,지역구,1996-05-30,1997-04-17,disqualified,general,IYE1069O,NA-API 의원이력; NA-API ALLNAMEMBER; kowiki list oldid=41996917; kowiki 의석변동 oldid=41996916,1,,court_ruling_other_or_unspecified,대법원에서 12.12 군사반란 유죄로 의원직 상실 / 의원직 상실,term_start,confirmed,,wikilist+wikiseat,경상북도 포항시 북구,,,무소속,무소속,허화평,,,False
15,박태준,朴泰俊,1927-09-29,남,무소속,경북 포항시북구,지역구,1997-07-24,2000-05-29,term_end,by_election,J4X86065,NA-API 의원이력; NA-API ALLNAMEMBER; kowiki list oldid=41996917; kowiki 의석변동 oldid=41996916,1,,term_end,,confirmed,term_end,wikilist+wikiseat,,경상북도 포항시 북구,,,자유민주연합,무소속,박태준 (1927년),,,False
15,조홍규,趙洪奎,1943-10-17,남,새정치국민회의,광주 광산구,지역구,1996-05-30,2000-05-29,term_end,general,R3D8899N,NA-API 의원이력; NA-API ALLNAMEMBER; kowiki list oldid=41996917,1,,term_end,,term_start,term_end,,,광주광역시 광산구,,,새천년민주당,새정치국민회의,조홍규 (1943년),,,False
15,임복진,林福鎭,1937-09-20,남,새정치국민회의,광주 남구,지역구,1996-05-30,2000-05-29,term_end,general,RX273873,NA-API 의원이력; NA-API ALLNAMEMBER; kowiki list oldid=41996917,1,,term_end,,term_start,term_end,,,광주광역시 남구,,,새천년민주당,새정치국민회의,임복진,,,False
15,신기하,辛基夏,1941-04-27,남,새정치국민회의,광주 동구,지역구,1996-05-30,1997-08-06,died,general,VYI2708Q,NA-API 의원이력; NA-API ALLNAMEMBER; kowiki list oldid=41996917; kowiki 의석변동 oldid=41996916,1,,died,대한항공 801편 추락 사고로 인해 사망 / 사망,term_start,confirmed,,wikilist+wikiseat,광주광역시 동구,,,새정치국민회의,새정치국민회의,신기하,,,False
15,이영일,李榮一,1939-11-17,남,새정치국민회의,광주 동구,지역구,1997-12-18,2000-05-29,term_end,by_election,96285476,NA-API 의원이력; NA-API ALLNAMEMBER; kowiki list oldid=41996917; kowiki 의석변동 oldid=41996916,1,,term_end,,confirmed,term_end,wikilist+wikiseat,,광주광역시 동구,,,새천년민주당,새정치국민회의,이영일 (1939년),,,False
15,박광태,朴光泰,1943-06-02,남,새정치국민회의,광주 북구갑,지역구,1996-05-30,2000-05-29,term_end,general,TF57207F,NA-API 의원이력; NA-API ALLNAMEMBER; kowiki list oldid=41996917,1,,term_end,,term_start,term_end,,,광주광역시 북구 갑,,,새천년민주당,새정치국민회의,박광태,,,False
15,이길재,李吉載,1940-04-03,남,새정치국민회의,광주 북구을,지역구,1996-05-30,2000-05-29,term_end,general,ZB14984Z,NA-API 의원이력; NA-API ALLNAMEMBER; kowiki list oldid=41996917,1,,term_end,,term_start,term_end,,,광주광역시 북구 을,,,새천년민주당,새정치국민회의,이길재,,,False
15,정동채,鄭東采,1950-07-03,남,새정치국민회의,광주 서구,지역구,1996-05-30,2000-05-29,term_end,general,VTN3694W,NA-API 의원이력; NA-API ALLNAMEMBER; kowiki list oldid=41996917,1,,term_end,,term_start,term_end,,,광주광역시 서구,,,새천년민주당,새정치국민회의,정동채,,,False
15,이정무,李廷武,1941-04-09,남,자유민주연합,대구 남구,지역구,1996-05-30,2000-05-29,term_end,general,KNJ5466T,NA-API 의원이력; NA-API ALLNAMEMBER; kowiki list oldid=41996917,1,,term_end,,term_start,term_end,,,대구광역시 남구,,,자유민주연합,자유민주연합,이정무 (정치인),,,False
15,박종근,朴鍾根,1937-02-05,남,자유민주연합,대구 달서구갑,지역구,1996-05-30,2000-05-29,term_end,general,44936542,NA-API 의원이력; NA-API ALLNAMEMBER; kowiki list oldid=41996917,1,,term_end,,term_start,term_end,,,대구광역시 달서구 갑,,,한나라당,자유민주연합,박종근 (1937년),,,False
15,이해봉,李海鳳,1942-06-15,남,무소속,대구 달서구을,지역구,1996-05-30,2000-05-29,term_end,general,RVD1966C,NA-API 의원이력; NA-API ALLNAMEMBER; kowiki list oldid=41996917,1,,term_end,,term_start,term_end,,,대구광역시 달서구 을,,,한나라당,무소속,이해봉 (1942년),,,False
15,김석원,金錫元,1945-04-22,남,신한국당,대구 달성군,지역구,1996-05-30,1998-02-17,resigned,general,LNM69167,NA-API 의원이력; NA-API ALLNAMEMBER; kowiki list oldid=41996917; kowiki 의석변동 oldid=41996916,1,,resigned_other,개인 사정상으로 인해 의원직 사퇴 / 의원직 사퇴,term_start,confirmed,,wikilist+wikiseat,대구광역시 달성군,,,한나라당,신한국당,김석원 (기업인),,,False
15,박근혜,朴槿惠,1952-02-02,여,한나라당,대구 달성군,지역구,1998-04-02,2000-05-29,term_end,by_election,4HB8518T,NA-API 의원이력; NA-API ALLNAMEMBER; kowiki list oldid=41996917; kowiki 의석변동 oldid=41996916,1,,term_end,,confirmed,term_end,wikilist+wikiseat,,대구광역시 달성군,,,한나라당,한나라당,박근혜,,,False
15,김복동,金復東,1933-03-05,남,자유민주연합,대구 동구갑,지역구,1996-05-30,2000-04-19,died,general,RHC7677M,NA-API 의원이력; NA-API ALLNAMEMBER; kowiki list oldid=41996917; kowiki 의석변동 oldid=41996916,1,,died,사망 / 사망,term_start,confirmed,,wikilist+wikiseat,대구광역시 동구 갑,,,자유민주연합,자유민주연합,김복동 (1933년),,,False
15,서훈,徐勳,1942-04-30,남,무소속,대구 동구을,지역구,1996-05-30,2000-05-29,term_end,general,MCV55303,NA-API 의원이력; NA-API ALLNAMEMBER; kowiki list oldid=41996917,1,,term_end,,term_start,term_end,,,대구광역시 동구 을,,,민주국민당,무소속,서훈 (1942년),,,False
15,이의익,李義翊,1940-05-06,남,자유민주연합,대구 북구갑,지역구,1996-05-30,1998-05-16,resigned,general,APN13982,NA-API 의원이력; NA-API ALLNAMEMBER; kowiki list oldid=41996917; kowiki 의석변동 oldid=41996916,1,,resigned_to_run_for_other_office,대구시장 출마로 사퇴 / 의원직 사퇴,term_start,confirmed,,wikilist,대구광역시 북구 갑,,,한나라당,자유민주연합,이의익,,,False
15,박승국,朴承國,1940-04-01,남,한나라당,대구 북구갑,지역구,1998-07-21,2000-05-29,term_end,by_election,A279211A,NA-API 의원이력; NA-API ALLNAMEMBER; kowiki list oldid=41996917; kowiki 의석변동 oldid=41996916,1,,term_end,,confirmed,term_end,wikilist+wikiseat,,대구광역시 북구 갑,,,한나라당,한나라당,박승국 (정치인),,,False
15,안택수,安澤秀,1943-11-13,남,자유민주연합,대구 북구을,지역구,1996-05-30,2000-05-29,term_end,general,6GM6942I,NA-API 의원이력; NA-API ALLNAMEMBER; kowiki list oldid=41996917,1,,term_end,,term_start,term_end,,,대구광역시 북구 을,,,한나라당,자유민주연합,안택수,,,False
15,백승홍,白承弘,1943-11-21,남,무소속,대구 서구갑,지역구,1996-05-30,2000-05-29,term_end,general,2GA5658A,NA-API 의원이력; NA-API ALLNAMEMBER; kowiki list oldid=41996917,1,,term_end,,term_start,term_end,,,대구광역시 서구 갑,,,한나라당,무소속,백승홍,,,False
15,강재섭,姜在涉,1948-03-28,남,신한국당,대구 서구을,지역구,1996-05-30,2000-05-29,term_end,general,IU67432G,NA-API 의원이력; NA-API ALLNAMEMBER; kowiki list oldid=41996917,1,,term_end,,term_start,term_end,,,대구광역시 서구 을,,,한나라당,신한국당,강재섭,,,False
15,박철언,朴哲彦,1942-08-05,남,자유민주연합,대구 수성구갑,지역구,1996-05-30,2000-05-29,term_end,general,DQE3331P,NA-API 의원이력; NA-API ALLNAMEMBER; kowiki list oldid=41996917,1,,term_end,,term_start,term_end,,,대구광역시 수성구 갑,,,자유민주연합,자유민주연합,박철언,,,False
15,박구일,朴九溢,1934-11-08,남,자유민주연합,대구 수성구을,지역구,1996-05-30,2000-05-29,term_end,general,M4L8058B,NA-API 의원이력; NA-API ALLNAMEMBER; kowiki list oldid=41996917,1,,term_end,,term_start,term_end,,,대구광역시 수성구 을,,,자유민주연합,자유민주연합,박구일,,,False
15,박준규,朴浚圭,1925-09-12,남,자유민주연합,대구 중구,지역구,1996-05-30,2000-05-29,term_end,general,QHJ1904L,NA-API 의원이력; NA-API ALLNAMEMBER; kowiki list oldid=41996917,1,,term_end,,term_start,term_end,,,대구광역시 중구,,,무소속,자유민주연합,박준규 (1925년),,,False
15,이인구,李麟求,1932-04-18,남,자유민주연합,대전 대덕구,지역구,1996-05-30,2000-05-29,term_end,general,HNY4948U,NA-API 의원이력; NA-API ALLNAMEMBER; kowiki list oldid=41996917,1,,term_end,,term_start,term_end,,,대전광역시 대덕구,,,무소속,자유민주연합,이인구 (정치인),,,False
15,김칠환,金七煥,1951-08-15,남,자유민주연합,대전 동구갑,지역구,1996-05-30,2000-05-29,term_end,general,S072389V,NA-API 의원이력; NA-API ALLNAMEMBER; kowiki list oldid=41996917,1,,term_end,,term_start,term_end,,,대전광역시 동구 갑,,,한나라당,자유민주연합,김칠환,,,False
15,이양희,李良熙,1945-05-20,남,자유민주연합,대전 동구을,지역구,1996-05-30,2000-05-29,term_end,general,3L95335E,NA-API 의원이력; NA-API ALLNAMEMBER; kowiki list oldid=41996917,1,,term_end,,term_start,term_end,,,대전광역시 동구 을,,,자유민주연합,자유민주연합,이양희 (1945년),,,False
15,이원범,李元範,1939-05-15,남,자유민주연합,대전 서구갑,지역구,1996-05-30,2000-05-29,term_end,general,XIS30288,NA-API 의원이력; NA-API ALLNAMEMBER; kowiki list oldid=41996917,1,,term_end,,term_start,term_end,,,대전광역시 서구 갑,,,자유민주연합,자유민주연합,이원범,,,False
15,이재선,李在善,1956-12-19,남,자유민주연합,대전 서구을,지역구,1996-05-30,2000-05-29,term_end,general,DDK4008U,NA-API 의원이력; NA-API ALLNAMEMBER; kowiki list oldid=41996917,1,,term_end,,term_start,term_end,,,대전광역시 서구 을,,,자유민주연합,자유민주연합,이재선 (1956년),,,False
15,조영재,趙永載,1942-02-07,남,자유민주연합,대전 유성구,지역구,1996-05-30,2000-05-29,term_end,general,HAM18666,NA-API 의원이력; NA-API ALLNAMEMBER; kowiki list oldid=41996917,1,,term_end,,term_start,term_end,,,대전광역시 유성구,,,한나라당,자유민주연합,조영재 (1942년),,,False
15,강창희,姜昌熙,1946-08-03,남,자유민주연합,대전 중구,지역구,1996-05-30,2000-05-29,term_end,general,PAQ11014,NA-API 의원이력; NA-API ALLNAMEMBER; kowiki list oldid=41996917,1,,term_end,,term_start,term_end,,,대전광역시 중구,,,자유민주연합,자유민주연합,강창희 (정치인),,,False
15,김진재,金鎭載,1943-02-19,남,신한국당,부산 금정구갑,지역구,1996-05-30,2000-05-29,term_end,general,IQX29457,NA-API 의원이력; NA-API ALLNAMEMBER; kowiki list oldid=41996917,1,,term_end,,term_start,term_end,,,부산광역시 금정구 갑,,,한나라당,신한국당,김진재,,,False
15,김도언,金道彦,1940-06-15,남,신한국당,부산 금정구을,지역구,1996-05-30,2000-05-29,term_end,general,0TQ9462M,NA-API 의원이력; NA-API ALLNAMEMBER; kowiki list oldid=41996917,1,,term_end,,term_start,term_end,,,부산광역시 금정구 을,,,한나라당,신한국당,김도언 (1940년),,,False
15,이상희,李祥羲,1938-09-01,남,신한국당,부산 남구갑,지역구,1996-05-30,2000-05-29,term_end,general,78Y31029,NA-API 의원이력; NA-API ALLNAMEMBER; kowiki list oldid=41996917,1,,term_end,,term_start,term_end,,,부산광역시 남구 갑,,,한나라당,신한국당,이상희 (1938년),,,False
15,김무성,金武星,1951-09-20,남,신한국당,부산 남구을,지역구,1996-05-30,2000-05-29,term_end,general,SNJ6318D,NA-API 의원이력; NA-API ALLNAMEMBER; kowiki list oldid=41996917,1,,term_end,,term_start,term_end,,,부산광역시 남구 을,,,한나라당,신한국당,김무성,,,False
15,박관용,朴寬用,1938-06-06,남,신한국당,부산 동래구갑,지역구,1996-05-30,2000-05-29,term_end,general,TQH7044H,NA-API 의원이력; NA-API ALLNAMEMBER; kowiki list oldid=41996917,1,,term_end,,term_start,term_end,,,부산광역시 동래구 갑,,,한나라당,신한국당,박관용,,,False
15,강경식,姜慶植,1936-05-10,남,신한국당,부산 동래구을,지역구,1996-05-30,2000-05-29,term_end,general,85U15859,NA-API 의원이력; NA-API ALLNAMEMBER; kowiki list oldid=41996917,1,,term_end,,term_start,term_end,,,부산광역시 동래구 을,,,무소속,신한국당,강경식 (1936년),,,False
15,정재문,鄭在文,1936-10-31,남,신한국당,부산 부산진구갑,지역구,1996-05-30,2000-05-29,term_end,general,QL63675M,NA-API 의원이력; NA-API ALLNAMEMBER; kowiki list oldid=41996917,1,,term_end,,term_start,term_end,,,부산광역시 부산진구 갑,,,한나라당,신한국당,정재문,,,False
15,김정수,金正秀,1937-12-03,남,신한국당,부산 부산진구을,지역구,1996-05-30,2000-05-29,term_end,general,A1819526,NA-API 의원이력; NA-API ALLNAMEMBER; kowiki list oldid=41996917,1,,term_end,,term_start,term_end,,,부산광역시 부산진구 을,,,한나라당,신한국당,김정수 (1937년),,,False
15,정형근,鄭亨根,1945-07-26,남,신한국당,"부산 북,강서구갑",지역구,1996-05-30,2000-05-29,term_end,general,AUU8827S,NA-API 의원이력; NA-API ALLNAMEMBER; kowiki list oldid=41996917,1,,term_end,,term_start,term_end,,,부산광역시 북구·강서구 갑,,,한나라당,신한국당,정형근,,,False
15,한이헌,韓利憲,1944-05-11,남,신한국당,"부산 북,강서구을",지역구,1996-05-30,2000-05-29,term_end,general,NT21471F,NA-API 의원이력; NA-API ALLNAMEMBER; kowiki list oldid=41996917,1,,term_end,,term_start,term_end,,,부산광역시 북구·강서구 을,,,무소속,신한국당,한이헌,,,False
15,권철현,權哲賢,1947-01-02,남,신한국당,부산 사상구갑,지역구,1996-05-30,2000-05-29,term_end,general,K4669042,NA-API 의원이력; NA-API ALLNAMEMBER; kowiki list oldid=41996917,1,,term_end,,term_start,term_end,,,부산광역시 사상구 갑,,,한나라당,신한국당,권철현,,,False
15,신상우,辛相佑,1937-05-20,남,신한국당,부산 사상구을,지역구,1996-05-30,2000-05-29,term_end,general,5637263F,NA-API 의원이력; NA-API ALLNAMEMBER; kowiki list oldid=41996917,1,,term_end,,term_start,term_end,,,부산광역시 사상구 을,,,민주국민당,신한국당,신상우 (정치인),,,False
15,서석재,徐錫宰,1935-02-15,남,신한국당,부산 사하구갑,지역구,1996-05-30,2000-05-29,term_end,general,L8S7182S,NA-API 의원이력; NA-API ALLNAMEMBER; kowiki list oldid=41996917,1,,term_end,,term_start,term_end,,,부산광역시 사하구 갑,,,무소속,신한국당,서석재,,,False
15,박종웅,朴鍾雄,1953-08-09,남,신한국당,부산 사하구을,지역구,1996-05-30,2000-05-29,term_end,general,96J8998B,NA-API 의원이력; NA-API ALLNAMEMBER; kowiki list oldid=41996917,1,,term_end,,term_start,term_end,,,부산광역시 사하구 을,,,한나라당,신한국당,박종웅,,,False
15,홍인길,洪仁吉,1943-02-18,남,신한국당,부산 서구,지역구,1996-05-30,1997-12-26,disqualified,general,5TR31814,NA-API 의원이력; NA-API ALLNAMEMBER; kowiki list oldid=41996917; kowiki 의석변동 oldid=41996916,1,,court_ruling_election_law,대법원에서 공직선거법 위반으로 의원직 상실 / 의원직 상실,term_start,confirmed,,wikilist+wikiseat,부산광역시 서구,,,한나라당,신한국당,홍인길,,,False
15,정문화,鄭文和,1940-11-02,남,한나라당,부산 서구,지역구,1998-04-03,2000-05-29,term_end,by_election,JLO1005S,NA-API 의원이력; NA-API ALLNAMEMBER; kowiki list oldid=41996917; kowiki 의석변동 oldid=41996916,1,,term_end,,confirmed_pollday_plus1,term_end,wikilist=1998-04-02; wikiseat=1998-04-02,,부산광역시 서구,,,한나라당,한나라당,정문화,,,False
15,유흥수,柳興洙,1937-12-03,남,신한국당,부산 수영구,지역구,1996-05-30,2000-05-29,term_end,general,L299333I,NA-API 의원이력; NA-API ALLNAMEMBER; kowiki list oldid=41996917,1,,term_end,,term_start,term_end,,,부산광역시 수영구,,,한나라당,신한국당,유흥수,,,False
15,최형우,崔炯佑,1935-10-15,남,신한국당,부산 연제구,지역구,1996-05-30,2000-05-29,term_end,general,XAB5157V,NA-API 의원이력; NA-API ALLNAMEMBER; kowiki list oldid=41996917,1,,term_end,,term_start,term_end,,,부산광역시 연제구,,,한나라당,신한국당,최형우 (정치인),,,False
15,김형오,金炯旿,1947-11-30,남,신한국당,부산 영도구,지역구,1996-05-30,2000-05-29,term_end,general,4MX3134T,NA-API 의원이력; NA-API ALLNAMEMBER; kowiki list oldid=41996917,1,,term_end,,term_start,term_end,,,부산광역시 영도구,,,한나라당,신한국당,김형오,,,False
15,정의화,鄭義和,1948-12-18,남,신한국당,부산 중동구,지역구,1996-05-30,2000-05-29,term_end,general,V1849655,NA-API 의원이력; NA-API ALLNAMEMBER; kowiki list oldid=41996917,1,,term_end,,term_start,term_end,,,부산광역시 중구·동구,,,한나라당,신한국당,정의화,,,False
15,김운환,金운桓,1946-12-13,남,신한국당,부산 해운대구 기장군갑,지역구,1996-05-30,2000-05-29,term_end,general,IS69175A,NA-API 의원이력; NA-API ALLNAMEMBER; kowiki list oldid=41996917,1,,term_end,,term_start,term_end,,,부산광역시 해운대구·기장군 갑,,,새천년민주당,신한국당,김운환,,,False
15,김동주,金東周,1944-05-20,남,자유민주연합,부산 해운대구 기장군을,지역구,1998-07-21,2000-05-29,term_end,by_election,WV87958Z,NA-API 의원이력; NA-API ALLNAMEMBER; kowiki list oldid=41996917; kowiki 의석변동 oldid=41996916,1,,term_end,,confirmed,term_end,wikilist+wikiseat,,부산광역시 해운대구·기장군 을,,,민주국민당,자유민주연합,김동주 (1944년),,,False
15,김기재,金杞載,1946-09-06,남,신한국당,부산 해운대구기장군을,지역구,1996-05-30,1998-04-06,resigned,general,E0N47877,NA-API 의원이력; NA-API ALLNAMEMBER; kowiki list oldid=41996917; kowiki 의석변동 oldid=41996916,1,,resigned_to_run_for_other_office,부산시장 출마로 사퇴 / 의원직 사퇴,term_start,confirmed,,wikilist+wikiseat,부산광역시 해운대구·기장군 을,,,한나라당,신한국당,김기재 (1946년),,,False
15,서상목,徐相穆,1947-07-11,남,신한국당,서울 강남구갑,지역구,1996-05-30,1999-09-06,resigned,general,33J43967,NA-API 의원이력; NA-API ALLNAMEMBER; kowiki list oldid=41996917; manual_checks.csv,1,,resigned_other,,term_start,verified_manual,,api=2000-05-29; chosen=1999-09-06; API reports a full term. Three sources report resignation on 1999-09-06.,서울특별시 강남구 갑,,,한나라당,신한국당,서상목,,exit_reason set by manual_checks.csv (was term_end); exit_detail set by manual_checks.csv (was term_end),False
15,홍사덕,洪思德,1943-03-05,남,무소속,서울 강남구을,지역구,1996-05-30,2000-05-29,term_end,general,BW19186J,NA-API 의원이력; NA-API ALLNAMEMBER; kowiki list oldid=41996917,1,,term_end,,term_start,term_end,,,서울특별시 강남구 을,,,한나라당,무소속,홍사덕,,,False
15,이부영,李富榮,1942-09-26,남,통합민주당,서울 강동구갑,지역구,1996-05-30,2000-05-29,term_end,general,QBY2805Y,NA-API 의원이력; NA-API ALLNAMEMBER; kowiki list oldid=41996917,1,,term_end,,term_start,term_end,,,서울특별시 강동구 갑,,,한나라당,통합민주당,이부영,,,False
15,김중위,金重緯,1939-10-28,남,신한국당,서울 강동구을,지역구,1996-05-30,2000-05-29,term_end,general,B3A7296S,NA-API 의원이력; NA-API ALLNAMEMBER; kowiki list oldid=41996917,1,,term_end,,term_start,term_end,,,서울특별시 강동구 을,,,한나라당,신한국당,김중위,,,False
15,김원길,金元吉,1943-01-02,남,새정치국민회의,서울 강북구갑,지역구,1996-05-30,2000-05-29,term_end,general,YEB5724H,NA-API 의원이력; NA-API ALLNAMEMBER; kowiki list oldid=41996917,1,,term_end,,term_start,term_end,,,서울특별시 강북구 갑,,,새천년민주당,새정치국민회의,김원길,,,False
15,조순형,趙舜衡,1935-03-10,남,새정치국민회의,서울 강북구을,지역구,1996-05-30,2000-05-29,term_end,general,RE32613N,NA-API 의원이력; NA-API ALLNAMEMBER; kowiki list oldid=41996917,1,,term_end,,term_start,term_end,,,서울특별시 강북구 을,,,새천년민주당,새정치국민회의,조순형,,,False
15,신기남,辛基南,1952-10-16,남,새정치국민회의,서울 강서구갑,지역구,1996-05-30,2000-05-29,term_end,general,E2O7996B,NA-API 의원이력; NA-API ALLNAMEMBER; kowiki list oldid=41996917,1,,term_end,,term_start,term_end,,,서울특별시 강서구 갑,,,새천년민주당,새정치국민회의,신기남,,,False
15,이신범,李信範,1950-03-10,남,신한국당,서울 강서구을,지역구,1996-05-30,2000-05-29,term_end,general,V2C9494O,NA-API 의원이력; NA-API ALLNAMEMBER; kowiki list oldid=41996917,1,,term_end,,term_start,term_end,,,서울특별시 강서구 을,,,한나라당,신한국당,이신범,,,False
15,이상현,李相賢,1945-09-16,남,신한국당,서울 관악구갑,지역구,1996-05-30,2000-05-29,term_end,general,8BD6108P,NA-API 의원이력; NA-API ALLNAMEMBER; kowiki list oldid=41996917,1,,term_end,,term_start,term_end,,,서울특별시 관악구 갑,,,자유민주연합,신한국당,이상현 (정치인),,,False
15,이해찬,李海瓚,1952-07-10,남,새정치국민회의,서울 관악구을,지역구,1996-05-30,2000-05-29,term_end,general,9ZP9014Q,NA-API 의원이력; NA-API ALLNAMEMBER; kowiki list oldid=41996917,1,,term_end,,term_start,term_end,,,서울특별시 관악구 을,,,새천년민주당,새정치국민회의,이해찬,,,False
15,김상우,金翔宇,1954-10-14,남,새정치국민회의,서울 광진구갑,지역구,1996-05-30,2000-05-29,term_end,general,WCH9199M,NA-API 의원이력; NA-API ALLNAMEMBER; kowiki list oldid=41996917,1,,term_end,,term_start,term_end,,,서울특별시 광진구 갑,,,새천년민주당,새정치국민회의,김상우 (정치인),,,False
15,추미애,秋美愛,1958-10-23,여,새정치국민회의,서울 광진구을,지역구,1996-05-30,2000-05-29,term_end,general,URV1689Q,NA-API 의원이력; NA-API ALLNAMEMBER; kowiki list oldid=41996917,1,,term_end,,term_start,term_end,,,서울특별시 광진구 을,,,새천년민주당,새정치국민회의,추미애,,,False
15,정한용,鄭漢溶,1954-06-22,남,새정치국민회의,서울 구로구갑,지역구,1996-05-30,2000-05-29,term_end,general,4L33286K,NA-API 의원이력; NA-API ALLNAMEMBER; kowiki list oldid=41996917,1,,term_end,,term_start,term_end,,,서울특별시 구로구 갑,,,자유민주연합,새정치국민회의,정한용,,,False
15,이신행,李信行,1944-10-24,남,신한국당,서울 구로구을,지역구,1996-05-30,1998-12-22,disqualified,general,7SQ81593,NA-API 의원이력; NA-API ALLNAMEMBER; kowiki list oldid=41996917; kowiki 의석변동 oldid=41996916,1,,court_ruling_election_law,대법원에서 당선무효형 확정으로 의원직 상실 / 의원직 상실,term_start,confirmed,,wikilist+wikiseat,서울특별시 구로구 을,,,한나라당,신한국당,이신행,,,False
15,한광옥,韓光玉,1942-01-29,남,새정치국민회의,서울 구로구을,지역구,1999-03-31,1999-11-24,resigned,by_election,0EI5067Y,NA-API 의원이력; NA-API ALLNAMEMBER; kowiki list oldid=41996917; kowiki 의석변동 oldid=41996916; manual_checks.csv,1,,resigned_on_appointment,,confirmed_pollday_plus1,verified_manual,wikilist=1999-03-30; wikiseat=1999-03-30,api=2000-05-29; chosen=1999-11-24; API reports a full term. kowiki list gives 1999.11.24. 의원직 사퇴. News confirms appointment as presidential chief of staff in November 1999 (month level only).,서울특별시 구로구 을,,,새정치국민회의,새정치국민회의,한광옥,,exit_reason set by manual_checks.csv (was term_end); exit_detail set by manual_checks.csv (was term_end),False
15,이우재,李佑宰,1936-09-13,남,신한국당,서울 금천구,지역구,1996-05-30,2000-05-29,term_end,general,YZJ60561,NA-API 의원이력; NA-API ALLNAMEMBER; kowiki list oldid=41996917,1,,term_end,,term_start,term_end,,,서울특별시 금천구,,,한나라당,신한국당,이우재 (1936년),,,False
15,백남치,白南治,1944-01-22,남,신한국당,서울 노원구갑,지역구,1996-05-30,2000-05-29,term_end,general,UF42797P,NA-API 의원이력; NA-API ALLNAMEMBER; kowiki list oldid=41996917,1,,term_end,,term_start,term_end,,,서울특별시 노원구 갑,,,자유민주연합,신한국당,백남치,,,False
15,임채정,林采正,1941-05-14,남,새정치국민회의,서울 노원구을,지역구,1996-05-30,2000-05-29,term_end,general,UWS28633,NA-API 의원이력; NA-API ALLNAMEMBER; kowiki list oldid=41996917,1,,term_end,,term_start,term_end,,,서울특별시 노원구 을,,,새천년민주당,새정치국민회의,임채정,,,False
15,김근태,金槿泰,1947-02-14,남,새정치국민회의,서울 도봉구갑,지역구,1996-05-30,2000-05-29,term_end,general,PJW7804X,NA-API 의원이력; NA-API ALLNAMEMBER; kowiki list oldid=41996917,1,,term_end,,term_start,term_end,,,서울특별시 도봉구 갑,,,새천년민주당,새정치국민회의,김근태 (1947년),,,True
15,설훈,薛勳,1953-04-23,남,새정치국민회의,서울 도봉구을,지역구,1996-05-30,2000-05-29,term_end,general,OW53107J,NA-API 의원이력; NA-API ALLNAMEMBER; kowiki list oldid=41996917,1,,term_end,,term_start,term_end,,,서울특별시 도봉구 을,,,새천년민주당,새정치국민회의,설훈,,,False
15,노승우,盧承禹,1938-09-20,남,신한국당,서울 동대문구갑,지역구,1996-05-30,2000-05-29,term_end,general,14C8747Q,NA-API 의원이력; NA-API ALLNAMEMBER; kowiki list oldid=41996917,1,,term_end,,term_start,term_end,,,서울특별시 동대문구 갑,,,자유민주연합,신한국당,노승우,,,False
15,김영구,金榮龜,1940-01-12,남,신한국당,서울 동대문구을,지역구,1996-05-30,2000-05-29,term_end,general,FSJ32138,NA-API 의원이력; NA-API ALLNAMEMBER; kowiki list oldid=41996917,1,,term_end,,term_start,term_end,,,서울특별시 동대문구 을,,,한나라당,신한국당,김영구 (1940년),,,True
15,서청원,徐淸源,1943-04-03,남,신한국당,서울 동작구갑,지역구,1996-05-30,2000-05-29,term_end,general,4Y54669I,NA-API 의원이력; NA-API ALLNAMEMBER; kowiki list oldid=41996917,1,,term_end,,term_start,term_end,,,서울특별시 동작구 갑,,,한나라당,신한국당,서청원,,,False
15,유용태,劉容泰,1938-07-02,남,신한국당,서울 동작구을,지역구,1996-05-30,2000-05-29,term_end,general,6WR1491M,NA-API 의원이력; NA-API ALLNAMEMBER; kowiki list oldid=41996917,1,,term_end,,term_start,term_end,,,서울특별시 동작구 을,,,새천년민주당,신한국당,유용태,,,False
15,박명환,朴明煥,1938-04-13,남,신한국당,서울 마포구갑,지역구,1996-05-30,2000-05-29,term_end,general,Y786057K,NA-API 의원이력; NA-API ALLNAMEMBER; kowiki list oldid=41996917,1,,term_end,,term_start,term_end,,,서울특별시 마포구 갑,,,한나라당,신한국당,박명환 (1938년),,,False
15,박주천,朴柱千,1941-07-01,남,신한국당,서울 마포구을,지역구,1996-05-30,2000-05-29,term_end,general,ACK5474A,NA-API 의원이력; NA-API ALLNAMEMBER; kowiki list oldid=41996917,1,,term_end,,term_start,term_end,,,서울특별시 마포구 을,,,한나라당,신한국당,박주천,,,False
15,김상현,金相賢,1935-12-06,남,새정치국민회의,서울 서대문구갑,지역구,1996-05-30,2000-05-29,term_end,general,JJ64316E,NA-API 의원이력; NA-API ALLNAMEMBER; kowiki list oldid=41996917,1,,term_end,,term_start,term_end,,,서울특별시 서대문구 갑,,,민주국민당,새정치국민회의,김상현 (1935년),,,False
15,장재식,張在植,1935-01-19,남,새정치국민회의,서울 서대문구을,지역구,1996-05-30,2000-05-29,term_end,general,F5N24241,NA-API 의원이력; NA-API ALLNAMEMBER; kowiki list oldid=41996917,1,,term_end,,term_start,term_end,,,서울특별시 서대문구 을,,,새천년민주당,새정치국민회의,장재식,,,False
15,최병렬,崔秉烈,1938-09-16,남,신한국당,서울 서초구갑,지역구,1996-05-30,1998-04-29,resigned,general,34C34428,NA-API 의원이력; NA-API ALLNAMEMBER; kowiki list oldid=41996917; kowiki 의석변동 oldid=41996916,1,,resigned_to_run_for_other_office,서울시장 출마로 사퇴 / 의원직 사퇴,term_start,confirmed,,wikiseat,서울특별시 서초구 갑,,,한나라당,신한국당,최병렬 (정치인),,,False
15,박원홍,朴源弘,1942-06-11,남,한나라당,서울 서초구갑,지역구,1998-07-21,2000-05-29,term_end,by_election,85C2643H,NA-API 의원이력; NA-API ALLNAMEMBER; kowiki list oldid=41996917; kowiki 의석변동 oldid=41996916,1,,term_end,,confirmed,term_end,wikilist+wikiseat,,서울특별시 서초구 갑,,,한나라당,한나라당,박원홍,,,False
15,김덕룡,金德龍,1941-04-06,남,신한국당,서울 서초구을,지역구,1996-05-30,2000-05-29,term_end,general,WFJ6020P,NA-API 의원이력; NA-API ALLNAMEMBER; kowiki list oldid=41996917,1,,term_end,,term_start,term_end,,,서울특별시 서초구 을,,,한나라당,신한국당,김덕룡,,,False
15,이세기,李世基,1936-12-03,남,신한국당,서울 성동구갑,지역구,1996-05-30,2000-05-29,term_end,general,IFZ88376,NA-API 의원이력; NA-API ALLNAMEMBER; kowiki list oldid=41996917,1,,term_end,,term_start,term_end,,,서울특별시 성동구 갑,,,한나라당,신한국당,이세기 (1936년),,,False
15,김학원,金學元,1947-10-15,남,신한국당,서울 성동구을,지역구,1996-05-30,2000-05-29,term_end,general,I5T29903,NA-API 의원이력; NA-API ALLNAMEMBER; kowiki list oldid=41996917,1,,term_end,,term_start,term_end,,,서울특별시 성동구 을,,,자유민주연합,신한국당,김학원 (정치인),,,False
15,유재건,柳在乾,1937-09-19,남,새정치국민회의,서울 성북구갑,지역구,1996-05-30,2000-05-29,term_end,general,AEF95742,NA-API 의원이력; NA-API ALLNAMEMBER; kowiki list oldid=41996917,1,,term_end,,term_start,term_end,,,서울특별시 성북구 갑,,,새천년민주당,새정치국민회의,유재건 (1937년),,,False
15,강성재,姜聲才,1939-03-11,남,신한국당,서울 성북구을,지역구,1996-05-30,2000-05-29,term_end,general,ZB81328B,NA-API 의원이력; NA-API ALLNAMEMBER; kowiki list oldid=41996917,1,,term_end,,term_start,term_end,,,서울특별시 성북구 을,,,한나라당,신한국당,강성재,,,False
15,홍준표,洪準杓,1954-12-05,남,신한국당,서울 송파구갑,지역구,1996-05-30,1999-03-09,disqualified,general,NAL4555X,NA-API 의원이력; NA-API ALLNAMEMBER; kowiki list oldid=41996917; kowiki 의석변동 oldid=41996916,1,,court_ruling_election_law,대법원에서 당선무효형 확정으로 의원직 상실 / 의원직 상실,term_start,confirmed,,wikilist+wikiseat,서울특별시 송파구 갑,,,한나라당,신한국당,홍준표,,,False
15,김병태,金秉泰,1937-10-15,남,새정치국민회의,서울 송파구병,지역구,1996-05-30,2000-05-29,term_end,general,4MO1238K,NA-API 의원이력; NA-API ALLNAMEMBER; kowiki list oldid=41996917,1,,term_end,,term_start,term_end,,,서울특별시 송파구 병,,,새천년민주당,새정치국민회의,김병태 (1937년),,,False
15,맹형규,孟亨奎,1946-08-09,남,신한국당,서울 송파구을,지역구,1996-05-30,2000-05-29,term_end,general,5PS66776,NA-API 의원이력; NA-API ALLNAMEMBER; kowiki list oldid=41996917,1,,term_end,,term_start,term_end,,,서울특별시 송파구 을,,,한나라당,신한국당,맹형규,,,False
15,박범진,朴範珍,1940-02-01,남,신한국당,서울 양천구갑,지역구,1996-05-30,2000-05-29,term_end,general,M5K2466O,NA-API 의원이력; NA-API ALLNAMEMBER; kowiki list oldid=41996917,1,,term_end,,term_start,term_end,,,서울특별시 양천구 갑,,,새천년민주당,신한국당,박범진,,,False
15,김영배,金令培,1932-12-23,남,새정치국민회의,서울 양천구을,지역구,1996-05-30,2000-05-29,term_end,general,Y2W9921H,NA-API 의원이력; NA-API ALLNAMEMBER; kowiki list oldid=41996917,1,,term_end,,term_start,term_end,,,서울특별시 양천구 을,,,새천년민주당,새정치국민회의,김영배 (1932년),,,True
15,김명섭,金明燮,1938-07-27,남,신한국당,서울 영등포구갑,지역구,1996-05-30,2000-05-29,term_end,general,SX52964G,NA-API 의원이력; NA-API ALLNAMEMBER; kowiki list oldid=41996917,1,,term_end,,term_start,term_end,,,서울특별시 영등포구 갑,,,새천년민주당,신한국당,김명섭 (1938년),,,False
15,김민석,金民錫,1964-05-29,남,새정치국민회의,서울 영등포구을,지역구,1996-05-30,2000-05-29,term_end,general,MLH1404S,NA-API 의원이력; NA-API ALLNAMEMBER; kowiki list oldid=41996917,1,,term_end,,term_start,term_end,,,서울특별시 영등포구 을,,,새천년민주당,새정치국민회의,김민석 (정치인),,,False
15,서정화,徐廷和,1933-03-04,남,신한국당,서울 용산구,지역구,1996-05-30,2000-05-29,term_end,general,MLN4587W,NA-API 의원이력; NA-API ALLNAMEMBER; kowiki list oldid=41996917,1,,term_end,,term_start,term_end,,,서울특별시 용산구,,,한나라당,신한국당,서정화 (1933년),,,True
15,손세일,孫世一,1935-06-10,남,새정치국민회의,서울 은평구갑,지역구,1996-05-30,2000-05-29,term_end,general,5OE21654,NA-API 의원이력; NA-API ALLNAMEMBER; kowiki list oldid=41996917,1,,term_end,,term_start,term_end,,,서울특별시 은평구 갑,,,새천년민주당,새정치국민회의,손세일,,,False
15,이재오,李在五,1945-01-11,남,신한국당,서울 은평구을,지역구,1996-05-30,2000-05-29,term_end,general,NDH62175,NA-API 의원이력; NA-API ALLNAMEMBER; kowiki list oldid=41996917,1,,term_end,,term_start,term_end,,,서울특별시 은평구 을,,,한나라당,신한국당,이재오,,,False
15,이명박,李明博,1941-12-19,남,신한국당,서울 종로구,지역구,1996-05-30,1998-02-21,resigned,general,GOU72130,NA-API 의원이력; NA-API ALLNAMEMBER; kowiki list oldid=41996917; kowiki 의석변동 oldid=41996916,1,,resigned_other,개인 사정상으로 인해 의원직 사퇴 / 의원직 사퇴,term_start,confirmed,,wikilist+wikiseat,서울특별시 종로구,,,한나라당,신한국당,이명박,,,False
15,노무현,盧武鉉,1946-08-06,남,새정치국민회의,서울 종로구,지역구,1998-07-21,2000-05-29,term_end,by_election,2VF5648T,NA-API 의원이력; NA-API ALLNAMEMBER; kowiki list oldid=41996917; kowiki 의석변동 oldid=41996916,1,,term_end,,confirmed,term_end,wikilist+wikiseat,,서울특별시 종로구,,,새천년민주당,새정치국민회의,노무현,,,False
15,박성범,朴成範,1940-03-17,남,신한국당,서울 중구,지역구,1996-05-30,2000-05-29,term_end,general,X7K8338U,NA-API 의원이력; NA-API ALLNAMEMBER; kowiki list oldid=41996917,1,,term_end,,term_start,term_end,,,서울특별시 중구,,,한나라당,신한국당,박성범 (정치인),,,False
15,이상수,李相洙,1946-12-10,남,새정치국민회의,서울 중랑구갑,지역구,1996-05-30,2000-05-29,term_end,general,5W34729L,NA-API 의원이력; NA-API ALLNAMEMBER; kowiki list oldid=41996917,1,,term_end,,term_start,term_end,,,서울특별시 중랑구 갑,,,새천년민주당,새정치국민회의,이상수 (1946년),,,False
15,김충일,金忠一,1945-06-05,남,신한국당,서울 중랑구을,지역구,1996-05-30,2000-05-29,term_end,general,MQE5405Q,NA-API 의원이력; NA-API ALLNAMEMBER; kowiki list oldid=41996917,1,,term_end,,term_start,term_end,,,서울특별시 중랑구 을,,,새천년민주당,신한국당,김충일,,,False
15,이기문,李基文,1953-03-30,남,새정치국민회의,인천 계양구강화갑,지역구,1996-05-30,1999-03-12,disqualified,general,FQ53714H,NA-API 의원이력; NA-API ALLNAMEMBER; kowiki list oldid=41996917; kowiki 의석변동 oldid=41996916,1,,court_ruling_election_law,대법원에서 당선무효형 확정으로 의원직 상실 / 의원직 상실,term_start,confirmed,,wikilist+wikiseat,인천광역시 계양구·강화군 갑,,,새정치국민회의,새정치국민회의,이기문 (1953년),,,False
15,안상수,安相洙,1946-05-28,남,한나라당,인천 계양구강화갑,지역구,1999-06-04,2000-05-29,term_end,by_election,A486635H,NA-API 의원이력; NA-API ALLNAMEMBER; kowiki list oldid=41996917; kowiki 의석변동 oldid=41996916,1,,term_end,,confirmed_pollday_plus1,term_end,wikilist=1999-06-03; wikiseat=1999-06-03,,인천광역시 계양구·강화군 갑,,,한나라당,한나라당,안상수 (인천 출신 정치인),,,True
15,이경재,李敬在,1941-12-17,남,신한국당,인천 계양구강화을,지역구,1996-05-30,2000-05-29,term_end,general,H6577987,NA-API 의원이력; NA-API ALLNAMEMBER; kowiki list oldid=41996917,1,,term_end,,term_start,term_end,,,인천광역시 계양구·강화군 을,,,한나라당,신한국당,이경재 (1941년),,,False
15,심정구,沈晶求,1931-10-14,남,신한국당,인천 남구갑,지역구,1996-05-30,2000-05-29,term_end,general,RCJ2180Y,NA-API 의원이력; NA-API ALLNAMEMBER; kowiki list oldid=41996917,1,,term_end,,term_start,term_end,,,인천광역시 남구 갑,,,한나라당,신한국당,심정구,,,False
15,이강희,李康熙,1942-05-05,남,신한국당,인천 남구을,지역구,1996-05-30,2000-05-29,term_end,general,88J81936,NA-API 의원이력; NA-API ALLNAMEMBER; kowiki list oldid=41996917,1,,term_end,,term_start,term_end,,,인천광역시 남구 을,,,새천년민주당,신한국당,이강희 (1942년),,,False
15,이윤성,李允盛,1944-10-02,남,신한국당,인천 남동구갑,지역구,1996-05-30,2000-05-29,term_end,general,NET6850O,NA-API 의원이력; NA-API ALLNAMEMBER; kowiki list oldid=41996917,1,,term_end,,term_start,term_end,,,인천광역시 남동구 갑,,,한나라당,신한국당,이윤성 (정치인),,,False
15,이원복,李源馥,1957-07-15,남,신한국당,인천 남동구을,지역구,1996-05-30,2000-05-29,term_end,general,BPZ8472N,NA-API 의원이력; NA-API ALLNAMEMBER; kowiki list oldid=41996917,1,,term_end,,term_start,term_end,,,인천광역시 남동구 을,,,한나라당,신한국당,이원복 (정치인),,,False
15,조진형,趙鎭衡,1943-02-14,남,신한국당,인천 부평구갑,지역구,1996-05-30,2000-05-29,term_end,general,1G96387U,NA-API 의원이력; NA-API ALLNAMEMBER; kowiki list oldid=41996917,1,,term_end,,term_start,term_end,,,인천광역시 부평구 갑,,,한나라당,신한국당,조진형,,,False
15,이재명,李在明,1948-02-13,남,신한국당,인천 부평구을,지역구,1996-05-30,2000-05-29,term_end,general,MB17923Y,NA-API 의원이력; NA-API ALLNAMEMBER; kowiki list oldid=41996917,1,,term_end,,term_start,term_end,,,인천광역시 부평구 을,,,새천년민주당,신한국당,이재명 (1948년),,,True
15,조철구,趙澈九,1937-10-09,남,새정치국민회의,인천 서구,지역구,1996-05-30,1996-12-30,died,general,0PD7143R,NA-API 의원이력; NA-API ALLNAMEMBER; kowiki list oldid=41996917; kowiki 의석변동 oldid=41996916,1,,died,사망 / 30 사망,term_start,confirmed,,wikilist+wikiseat,인천광역시 서구,,,새정치국민회의,새정치국민회의,조철구,,,False
15,조한천,趙漢天,1942-12-18,남,새정치국민회의,인천 서구,지역구,1997-03-06,2000-05-29,term_end,by_election,QQC8138L,NA-API 의원이력; NA-API ALLNAMEMBER; kowiki list oldid=41996917; kowiki 의석변동 oldid=41996916,1,,term_end,,confirmed_pollday_plus1,term_end,wikilist=1997-03-05; wikiseat=1997-03-05,,인천광역시 서구,,,새천년민주당,새정치국민회의,조한천,,,False
15,서한샘,徐한샘,1944-01-09,남,신한국당,인천 연수구,지역구,1996-05-30,2000-05-29,term_end,general,LN660200,NA-API 의원이력; NA-API ALLNAMEMBER; kowiki list oldid=41996917,1,,term_end,,term_start,term_end,,,인천광역시 연수구,,,새천년민주당,신한국당,서한샘,,,False
15,서정화,徐廷華,1939-08-20,남,신한국당,"인천 중,동구,옹진군",지역구,1996-05-30,2000-05-29,term_end,general,VSK1291Z,NA-API 의원이력; NA-API ALLNAMEMBER; kowiki list oldid=41996917,1,,term_end,,term_start,term_end,,,인천광역시 중구·동구·옹진군,,,새천년민주당,신한국당,서정화 (1939년),,,True
15,김영진,金泳鎭,1947-11-17,남,새정치국민회의,"전남 강진,완도군",지역구,1996-05-30,2000-05-29,term_end,general,BCO6264C,NA-API 의원이력; NA-API ALLNAMEMBER; kowiki list oldid=41996917,1,,term_end,,term_start,term_end,,,전라남도 강진군·완도군,,,새천년민주당,새정치국민회의,김영진 (1947년),,,True
15,박상천,朴相千,1938-10-31,남,새정치국민회의,전남 고흥군,지역구,1996-05-30,2000-05-29,term_end,general,MHE1145A,NA-API 의원이력; NA-API ALLNAMEMBER; kowiki list oldid=41996917,1,,term_end,,term_start,term_end,,,전라남도 고흥군,,,새천년민주당,새정치국민회의,박상천,,,False
15,양성철,梁性喆,1939-11-20,남,새정치국민회의,"전남 곡성,구례군",지역구,1996-05-30,2000-05-29,term_end,general,M2Y3879A,NA-API 의원이력; NA-API ALLNAMEMBER; kowiki list oldid=41996917,1,,term_end,,term_start,term_end,,,전라남도 곡성군·구례군,,,새천년민주당,새정치국민회의,양성철,,,False
15,김명규,金明圭,1942-02-01,남,새정치국민회의,전남 광양시,지역구,1996-05-30,2000-05-29,term_end,general,IL798843,NA-API 의원이력; NA-API ALLNAMEMBER; kowiki list oldid=41996917,1,,term_end,,term_start,term_end,,,전라남도 광양시,,,새천년민주당,새정치국민회의,김명규 (1942년),,,False
15,정호선,鄭鎬宣,1943-01-29,남,새정치국민회의,전남 나주시,지역구,1996-05-30,2000-05-29,term_end,general,XL53252Q,NA-API 의원이력; NA-API ALLNAMEMBER; kowiki list oldid=41996917,1,,term_end,,term_start,term_end,,,전라남도 나주시,,,새천년민주당,새정치국민회의,정호선 (1943년),,,False
15,국창근,鞠창根,1939-01-31,남,새정치국민회의,전남 담양.장성군,지역구,1996-05-30,2000-05-29,term_end,general,87M90165,NA-API 의원이력; NA-API ALLNAMEMBER; kowiki list oldid=41996917,1,,term_end,,term_start,term_end,,,전라남도 담양군·장성군,,,새천년민주당,새정치국민회의,국창근,,,False
15,김홍일,金弘一,1948-01-21,남,새정치국민회의,"전남 목포,신안갑",지역구,1996-05-30,2000-05-29,term_end,general,1OP1897P,NA-API 의원이력; NA-API ALLNAMEMBER; kowiki list oldid=41996917,1,,term_end,,term_start,term_end,,,전라남도 목포시·신안군 갑,,,새천년민주당,새정치국민회의,김홍일 (1948년),,"API end 2000-05-30 is after the term end, set to term end or sitting",False
15,한화갑,韓和甲,1939-02-01,남,새정치국민회의,"전남 목포,신안을",지역구,1996-05-30,2000-05-29,term_end,general,7TU84910,NA-API 의원이력; NA-API ALLNAMEMBER; kowiki list oldid=41996917,1,,term_end,,term_start,term_end,,,전라남도 목포시·신안군 을,,,새천년민주당,새정치국민회의,한화갑,,,False
15,배종무,裵鍾茂,1929-12-13,남,새정치국민회의,전남 무안군,지역구,1996-05-30,2000-05-29,term_end,general,H1P2637C,NA-API 의원이력; NA-API ALLNAMEMBER; kowiki list oldid=41996917,1,,term_end,,term_start,term_end,,,전라남도 무안군,,,새천년민주당,새정치국민회의,배종무,,,False
15,박찬주,朴燦株,1947-07-14,남,새정치국민회의,"전남 보성,화순군",지역구,1996-05-30,2000-05-29,term_end,general,PMX75521,NA-API 의원이력; NA-API ALLNAMEMBER; kowiki list oldid=41996917,1,,term_end,,term_start,term_end,,,전라남도 보성군·화순군,,,새천년민주당,새정치국민회의,박찬주 (1947년),,,False
15,김경재,金景梓,1942-11-03,남,새정치국민회의,전남 순천갑,지역구,1996-05-30,2000-05-29,term_end,general,M1E6908V,NA-API 의원이력; NA-API ALLNAMEMBER; kowiki list oldid=41996917,1,,term_end,,term_start,term_end,,,전라남도 순천시 갑,,,새천년민주당,새정치국민회의,김경재 (1942년),,,False
15,조순승,趙淳昇,1929-03-22,남,새정치국민회의,전남 순천을,지역구,1996-05-30,2000-05-29,term_end,general,RAU77180,NA-API 의원이력; NA-API ALLNAMEMBER; kowiki list oldid=41996917,1,,term_end,,term_start,term_end,,,전라남도 순천시 을,,,새천년민주당,새정치국민회의,조순승,,,False
15,김충조,金忠兆,1942-08-24,남,새정치국민회의,전남 여수시,지역구,1996-05-30,2000-05-29,term_end,general,ERX2058H,NA-API 의원이력; NA-API ALLNAMEMBER; kowiki list oldid=41996917,1,,term_end,,term_start,term_end,,,전라남도 여수시,,,새천년민주당,새정치국민회의,김충조,,,False
15,김성곤,金星坤,1952-11-06,남,새정치국민회의,전남 여천시여천군,지역구,1996-05-30,2000-05-29,term_end,general,3O66539X,NA-API 의원이력; NA-API ALLNAMEMBER; kowiki list oldid=41996917,1,,term_end,,term_start,term_end,,,전라남도 여천시·여천군,,,새천년민주당,새정치국민회의,김성곤 (1952년),,,False
15,김옥두,金玉斗,1938-08-18,남,새정치국민회의,"전남 장흥,영암군",지역구,1996-05-30,2000-05-29,term_end,general,W0L3395K,NA-API 의원이력; NA-API ALLNAMEMBER; kowiki list oldid=41996917,1,,term_end,,term_start,term_end,,,전라남도 장흥군·영암군,,,새천년민주당,새정치국민회의,김옥두,,,False
15,김인곤,金仁坤,1928-06-26,남,새정치국민회의,"전남 함평,영광군",지역구,1996-05-30,2000-05-29,term_end,general,SRH7774W,NA-API 의원이력; NA-API ALLNAMEMBER; kowiki list oldid=41996917,1,,term_end,,term_start,term_end,,,전라남도 함평군·영광군,,,새천년민주당,새정치국민회의,김인곤,,,False
15,김봉호,金琫鎬,1933-05-10,남,새정치국민회의,"전남 해남,진도군",지역구,1996-05-30,2000-05-29,term_end,general,IOI30449,NA-API 의원이력; NA-API ALLNAMEMBER; kowiki list oldid=41996917,1,,term_end,,term_start,term_end,,,전라남도 해남군·진도군,,,새천년민주당,새정치국민회의,김봉호,,,False
15,정균환,鄭均桓,1943-07-23,남,새정치국민회의,전북 고창군,지역구,1996-05-30,2000-05-29,term_end,general,2PO2218L,NA-API 의원이력; NA-API ALLNAMEMBER; kowiki list oldid=41996917,1,,term_end,,term_start,term_end,,,전라북도 고창군,,,새천년민주당,새정치국민회의,정균환,,,False
15,채영석,蔡映錫,1934-12-07,남,새정치국민회의,전북 군산갑,지역구,1996-05-30,2000-05-29,term_end,general,P1T31301,NA-API 의원이력; NA-API ALLNAMEMBER; kowiki list oldid=41996917,1,,term_end,,term_start,term_end,,,전라북도 군산시 갑,,,새천년민주당,새정치국민회의,채영석,,,False
15,강현욱,姜賢旭,1938-03-27,남,신한국당,전북 군산을,지역구,1996-05-30,2000-05-29,term_end,general,R328185H,NA-API 의원이력; NA-API ALLNAMEMBER; kowiki list oldid=41996917,1,,term_end,,term_start,term_end,,,전라북도 군산시 을,,,새천년민주당,신한국당,강현욱,,,False
15,장성원,張誠源,1939-10-14,남,새정치국민회의,전북 김제시,지역구,1996-05-30,2000-05-29,term_end,general,4OP2362T,NA-API 의원이력; NA-API ALLNAMEMBER; kowiki list oldid=41996917,1,,term_end,,term_start,term_end,,,전라북도 김제시,,,새천년민주당,새정치국민회의,장성원 (1939년),,,False
15,조찬형,趙贊衡,1938-07-25,남,새정치국민회의,전북 남원시,지역구,1996-05-30,2000-05-29,term_end,general,AM25401F,NA-API 의원이력; NA-API ALLNAMEMBER; kowiki list oldid=41996917,1,,term_end,,term_start,term_end,,,전라북도 남원시,,,새천년민주당,새정치국민회의,조찬형,,,False
15,김진배,金珍培,1934-04-09,남,새정치국민회의,전북 부안군,지역구,1996-05-30,2000-05-29,term_end,general,9J48880P,NA-API 의원이력; NA-API ALLNAMEMBER; kowiki list oldid=41996917,1,,term_end,,term_start,term_end,,,전라북도 부안군,,,새천년민주당,새정치국민회의,김진배,,,False
15,김태식,金台植,1939-08-12,남,새정치국민회의,전북 완주군,지역구,1996-05-30,2000-05-29,term_end,general,UWR1927I,NA-API 의원이력; NA-API ALLNAMEMBER; kowiki list oldid=41996917,1,,term_end,,term_start,term_end,,,전라북도 완주군,,,새천년민주당,새정치국민회의,김태식 (정치인),,,False
15,최재승,崔在昇,1946-02-04,남,새정치국민회의,전북 익산시갑,지역구,1996-05-30,2000-05-29,term_end,general,LIE6050F,NA-API 의원이력; NA-API ALLNAMEMBER; kowiki list oldid=41996917,1,,term_end,,term_start,term_end,,,전라북도 익산시 갑,,,새천년민주당,새정치국민회의,최재승,,,False
15,이협,李協,1941-04-19,남,새정치국민회의,전북 익산시을,지역구,1996-05-30,2000-05-29,term_end,general,BJG5829N,NA-API 의원이력; NA-API ALLNAMEMBER; kowiki list oldid=41996917,1,,term_end,,term_start,term_end,,,전라북도 익산시 을,,,새천년민주당,새정치국민회의,이협,,,False
15,박정훈,朴正勳,1941-12-04,남,새정치국민회의,"전북 임실군,순창군",지역구,1996-05-30,2000-05-29,term_end,general,KFV94013,NA-API 의원이력; NA-API ALLNAMEMBER; kowiki list oldid=41996917,1,,term_end,,term_start,term_end,,,전라북도 임실군·순창군,,,민주국민당,새정치국민회의,박정훈 (1941년),,,True
15,정동영,鄭東泳,1953-07-27,남,새정치국민회의,전북 전주시덕진구,지역구,1996-05-30,2000-05-29,term_end,general,ARP89147,NA-API 의원이력; NA-API ALLNAMEMBER; kowiki list oldid=41996917,1,,term_end,,term_start,term_end,,,전라북도 전주시 덕진구,,,새천년민주당,새정치국민회의,정동영,,,False
15,장영달,張永達,1948-08-24,남,새정치국민회의,전북 전주시완산구,지역구,1996-05-30,2000-05-29,term_end,general,G7D4763A,NA-API 의원이력; NA-API ALLNAMEMBER; kowiki list oldid=41996917,1,,term_end,,term_start,term_end,,,전라북도 전주시 완산구,,,새천년민주당,새정치국민회의,장영달,,,False
15,윤철상,尹鐵相,1952-11-28,남,새정치국민회의,전북 정읍시,지역구,1996-05-30,2000-05-29,term_end,general,3N322891,NA-API 의원이력; NA-API ALLNAMEMBER; kowiki list oldid=41996917,1,,term_end,,term_start,term_end,,,전라북도 정읍시,,,새천년민주당,새정치국민회의,윤철상,,,False
15,정세균,丁世均,1950-09-26,남,새정치국민회의,"전북 진안,무주,장수",지역구,1996-05-30,2000-05-29,term_end,general,DCN7433W,NA-API 의원이력; NA-API ALLNAMEMBER; kowiki list oldid=41996917,1,,term_end,,term_start,term_end,,,전라북도 진안군·무주군·장수군,,,새천년민주당,새정치국민회의,정세균,,,False
15,양정규,梁正圭,1933-02-05,남,신한국당,제주 북제주군,지역구,1996-05-30,2000-05-29,term_end,general,MIM8629D,NA-API 의원이력; NA-API ALLNAMEMBER; kowiki list oldid=41996917,1,,term_end,,term_start,term_end,,,제주도 북제주군,,,한나라당,무소속,양정규,,,False
15,변정일,邊精一,1942-05-14,남,신한국당,"제주 서귀포시,남제주군",지역구,1996-05-30,2000-05-29,term_end,general,VLP8819K,NA-API 의원이력; NA-API ALLNAMEMBER; kowiki list oldid=41996917,1,,term_end,,term_start,term_end,,,제주도 서귀포시·남제주군,,,한나라당,신한국당,변정일 (1942년),,,False
15,현경대,玄敬大,1939-02-21,남,신한국당,제주 제주시,지역구,1996-05-30,2000-05-29,term_end,general,WZK3380B,NA-API 의원이력; NA-API ALLNAMEMBER; kowiki list oldid=41996917,1,,term_end,,term_start,term_end,,,제주도 제주시,,,한나라당,신한국당,현경대,,,False
15,정석모,鄭石謨,1929-03-03,남,자유민주연합,충남 공주시,지역구,1996-05-30,2000-05-29,term_end,general,8OR4908W,NA-API 의원이력; NA-API ALLNAMEMBER; kowiki list oldid=41996917,1,,term_end,,term_start,term_end,,,충청남도 공주시,,,자유민주연합,자유민주연합,정석모,,,False
15,김범명,金範明,1943-09-10,남,자유민주연합,"충남 논산,금산군",지역구,1996-05-30,2000-05-29,term_end,general,ZS11174V,NA-API 의원이력; NA-API ALLNAMEMBER; kowiki list oldid=41996917,1,,term_end,,term_start,term_end,,,충청남도 논산시·금산군,,,자유민주연합,자유민주연합,김범명,,,False
15,김현욱,金顯煜,1939-01-22,남,자유민주연합,충남 당진군,지역구,1996-05-30,2000-05-29,term_end,general,NHT46444,NA-API 의원이력; NA-API ALLNAMEMBER; kowiki list oldid=41996917,1,,term_end,,term_start,term_end,,,충청남도 당진군,,,자유민주연합,자유민주연합,김현욱 (정치인),,,False
15,김용환,金龍煥,1932-02-05,남,자유민주연합,충남 보령시,지역구,1996-05-30,2000-05-29,term_end,general,GTH3618V,NA-API 의원이력; NA-API ALLNAMEMBER; kowiki list oldid=41996917,1,,term_end,,term_start,term_end,,,충청남도 보령시,,,희망의한국신당,자유민주연합,김용환 (1932년),,,False
15,김종필,金鍾泌,1926-01-07,남,자유민주연합,충남 부여군,지역구,1996-05-30,2000-05-29,term_end,general,PAR7137B,NA-API 의원이력; NA-API ALLNAMEMBER; kowiki list oldid=41996917,1,,term_end,,term_start,term_end,,,충청남도 부여군,,,자유민주연합,자유민주연합,김종필,,,False
15,변웅전,邊雄田,1940-10-15,남,자유민주연합,"충남 서산시,태안군",지역구,1996-05-30,2000-05-29,term_end,general,BJW1335W,NA-API 의원이력; NA-API ALLNAMEMBER; kowiki list oldid=41996917,1,,term_end,,term_start,term_end,,,충청남도 서산시·태안군,,,자유민주연합,자유민주연합,변웅전,,,False
15,이긍규,李肯珪,1941-10-20,남,자유민주연합,충남 서천군,지역구,1996-05-30,2000-05-29,term_end,general,HOO4824R,NA-API 의원이력; NA-API ALLNAMEMBER; kowiki list oldid=41996917,1,,term_end,,term_start,term_end,,,충청남도 서천군,,,자유민주연합,자유민주연합,이긍규,,,False
15,이상만,李相晩,1939-04-12,남,자유민주연합,충남 아산시,지역구,1996-05-30,2000-05-29,term_end,general,1O552089,NA-API 의원이력; NA-API ALLNAMEMBER; kowiki list oldid=41996917,1,,term_end,,term_start,term_end,,,충청남도 아산시,,,희망의한국신당,자유민주연합,이상만 (1939년),,,False
15,김고성,金高盛,1941-07-25,남,자유민주연합,충남 연기군,지역구,1996-05-30,2000-05-29,term_end,general,4BO2589O,NA-API 의원이력; NA-API ALLNAMEMBER; kowiki list oldid=41996917,1,,term_end,,term_start,term_end,,,충청남도 연기군,,,희망의한국신당,자유민주연합,김고성,,,False
15,조종석,趙鍾奭,1932-01-30,남,자유민주연합,충남 예산군,지역구,1996-05-30,1997-04-11,disqualified,general,MTA2810Z,NA-API 의원이력; NA-API ALLNAMEMBER; kowiki list oldid=41996917; kowiki 의석변동 oldid=41996916,1,,court_ruling_election_law,대법원에서 공직선거법 위반 혐의로 당선무효형 확정 / 의원직 상실,term_start,confirmed,,wikilist+wikiseat,충청남도 예산군,,,자유민주연합,자유민주연합,조종석,,,False
15,오장섭,吳長燮,1947-08-13,남,신한국당,충남 예산군,지역구,1997-07-25,2000-05-29,term_end,by_election,NJ55552S,NA-API 의원이력; NA-API ALLNAMEMBER; kowiki list oldid=41996917; kowiki 의석변동 oldid=41996916,1,,term_end,,confirmed_pollday_plus1,term_end,wikilist=1997-07-24; wikiseat=1997-07-24,,충청남도 예산군,,,자유민주연합,신한국당,오장섭,,,False
15,정일영,鄭一永,1944-03-20,남,자유민주연합,충남 천안시갑,지역구,1996-05-30,2000-05-29,term_end,general,UBR50068,NA-API 의원이력; NA-API ALLNAMEMBER; kowiki list oldid=41996917,1,,term_end,,term_start,term_end,,,충청남도 천안시 갑,,,자유민주연합,자유민주연합,정일영 (1944년),,,True
15,함석재,咸錫宰,1938-11-28,남,자유민주연합,충남 천안시을,지역구,1996-05-30,2000-05-29,term_end,general,PT581709,NA-API 의원이력; NA-API ALLNAMEMBER; kowiki list oldid=41996917,1,,term_end,,term_start,term_end,,,충청남도 천안시 을,,,자유민주연합,자유민주연합,함석재,,,False
15,이완구,李完九,1950-06-02,남,신한국당,"충남 청양,홍성군",지역구,1996-05-30,2000-05-29,term_end,general,WCA3290J,NA-API 의원이력; NA-API ALLNAMEMBER; kowiki list oldid=41996917,1,,term_end,,term_start,term_end,,,충청남도 청양군·홍성군,,,자유민주연합,신한국당,이완구,,,False
15,김종호,金宗鎬,1935-11-30,남,신한국당,충북 괴산군,지역구,1996-05-30,2000-05-29,term_end,general,OQ09860C,NA-API 의원이력; NA-API ALLNAMEMBER; kowiki list oldid=41996917,1,,term_end,,term_start,term_end,,,충청북도 괴산군,,,자유민주연합,신한국당,김종호 (1935년),,,False
15,어준선,魚浚善,1937-05-05,남,자유민주연합,"충북 보은,옥천,영동군",지역구,1996-05-30,2000-05-29,term_end,general,CK84835P,NA-API 의원이력; NA-API ALLNAMEMBER; kowiki list oldid=41996917,1,,term_end,,term_start,term_end,,,충청북도 보은군·옥천군·영동군,,,무소속,자유민주연합,어준선,,,False
15,김영준,金永俊,1941-04-27,남,무소속,충북 제천시단양군,지역구,1996-05-30,2000-05-29,term_end,general,L3E7778U,NA-API 의원이력; NA-API ALLNAMEMBER; kowiki list oldid=41996917,1,,term_end,,term_start,term_end,,,충청북도 제천시·단양군,,,한나라당,무소속,김영준 (1941년),,,False
15,정우택,鄭宇澤,1953-02-18,남,자유민주연합,"충북 진천,음성군",지역구,1996-05-30,2000-05-29,term_end,general,VHK3402G,NA-API 의원이력; NA-API ALLNAMEMBER; kowiki list oldid=41996917,1,,term_end,,term_start,term_end,,,충청북도 진천군·음성군,,,자유민주연합,자유민주연합,정우택 (1953년),,,False
15,신경식,辛卿植,1938-10-14,남,신한국당,충북 청원군,지역구,1996-05-30,2000-05-29,term_end,general,S4B6672D,NA-API 의원이력; NA-API ALLNAMEMBER; kowiki list oldid=41996917,1,,term_end,,term_start,term_end,,,충청북도 청원군,,,한나라당,신한국당,신경식,,,False
15,구천서,具天書,1950-02-28,남,자유민주연합,충북 청주시상당구,지역구,1996-05-30,2000-05-29,term_end,general,3VF81352,NA-API 의원이력; NA-API ALLNAMEMBER; kowiki list oldid=41996917,1,,term_end,,term_start,term_end,,,충청북도 청주시 상당구,,,자유민주연합,자유민주연합,구천서 (정치인),,,False
15,오용운,吳龍雲,1926-12-14,남,자유민주연합,충북 청주시흥덕구,지역구,1996-05-30,2000-05-29,term_end,general,Y761049K,NA-API 의원이력; NA-API ALLNAMEMBER; kowiki list oldid=41996917,1,,term_end,,term_start,term_end,,,충청북도 청주시 흥덕구,,,자유민주연합,자유민주연합,오용운,,,False
15,김선길,金善吉,1934-01-08,남,자유민주연합,충북 충주시,지역구,1996-05-30,2000-05-29,term_end,general,UCN4172E,NA-API 의원이력; NA-API ALLNAMEMBER; kowiki list oldid=41996917,1,,term_end,,term_start,term_end,,,충청북도 충주시,,,자유민주연합,자유민주연합,김선길,,,False
15,강용식,康容植,1939-05-08,남,신한국당,전국구,비례대표,1996-05-30,2000-05-29,term_end,general,3QR9592J,NA-API 의원이력; NA-API ALLNAMEMBER; kowiki list oldid=41996917,1,,term_end,,term_start,term_end,,,,신한국당,18,한나라당,신한국당,강용식,,,False
15,권노갑,權魯甲,1930-02-18,남,새정치국민회의,전국구,비례대표,1996-05-30,1997-12-26,disqualified,general,T1Z9579M,NA-API 의원이력; NA-API ALLNAMEMBER; kowiki list oldid=41996917; kowiki 의석변동 oldid=41996916,1,,court_ruling_other_or_unspecified,권노갑 의원직 상실 송현섭 승계 / 의원직 상실,term_start,confirmed,,wikilist+wikiseat,,새정치국민회의,9,새정치국민회의,새정치국민회의,권노갑,,,False
15,권영자,權英子,1937-03-03,여,신한국당,전국구,비례대표,1996-05-30,2000-05-29,term_end,general,VZY4811C,NA-API 의원이력; NA-API ALLNAMEMBER; kowiki list oldid=41996917,1,,term_end,,term_start,term_end,,,,신한국당,5,한나라당,신한국당,권영자,,,False
15,길승흠,吉昇欽,1937-07-11,남,새정치국민회의,전국구,비례대표,1996-05-30,2000-05-29,term_end,general,RRZ9938R,NA-API 의원이력; NA-API ALLNAMEMBER; kowiki list oldid=41996917,1,,term_end,,term_start,term_end,,,,새정치국민회의,4,새천년민주당,새정치국민회의,길승흠,,,False
15,김광수,金光洙,1925-08-15,남,자유민주연합,전국구,비례대표,1996-05-30,2000-05-29,term_end,general,X0K2352F,NA-API 의원이력; NA-API ALLNAMEMBER; kowiki list oldid=41996917,1,,term_end,,term_start,term_end,,,,자유민주연합,5,자유민주연합,자유민주연합,김광수 (1925년),,,True
15,김덕,金悳,1935-05-25,남,신한국당,전국구,비례대표,1996-05-30,2000-05-29,term_end,general,WJ85609S,NA-API 의원이력; NA-API ALLNAMEMBER; kowiki list oldid=41996917,1,,term_end,,term_start,term_end,,,,신한국당,7,한나라당,신한국당,김덕,,,False
15,김명윤,金命潤,1924-05-03,남,신한국당,전국구,비례대표,1996-05-30,2000-05-29,term_end,general,KWZ9969H,NA-API 의원이력; NA-API ALLNAMEMBER; kowiki list oldid=41996917,1,,term_end,,term_start,term_end,,,,신한국당,4,한나라당,신한국당,김명윤,,,False
15,김수한,金守漢,1928-08-20,남,신한국당,전국구,비례대표,1996-05-30,2000-05-29,term_end,general,ND28358S,NA-API 의원이력; NA-API ALLNAMEMBER; kowiki list oldid=41996917,1,,term_end,,term_start,term_end,,,,신한국당,6,한나라당,신한국당,김수한,,,False
15,김영선,金映宣,1960-05-16,여,신한국당,전국구,비례대표,1996-05-30,2000-05-29,term_end,general,LBC8144B,NA-API 의원이력; NA-API ALLNAMEMBER; kowiki list oldid=41996917,1,,term_end,,term_start,term_end,,,,신한국당,16,한나라당,신한국당,김영선 (1960년),,,False
15,김종배,金宗培,1954-11-23,남,새정치국민회의,전국구,비례대표,1996-05-30,2000-05-29,term_end,general,OPC83250,NA-API 의원이력; NA-API ALLNAMEMBER; kowiki list oldid=41996917,1,,term_end,,term_start,term_end,,,,새정치국민회의,13,새천년민주당,새정치국민회의,김종배 (1954년),,,False
15,김철,金哲,1945-09-20,남,신한국당,전국구,비례대표,1996-05-30,2000-02-26,disqualified,general,1BD20308,NA-API 의원이력; NA-API ALLNAMEMBER; kowiki list oldid=41996917; kowiki 의석변동 oldid=41996916,1,,pr_seat_lost_on_leaving_party,김철 탈당으로 의원직 상실 황승민 승계 / 의원직 상실,term_start,api_later_than_wiki,,wikilist=2000-02-25; wikiseat=2000-02-22,,신한국당,14,한나라당,신한국당,김철 (1945년),,,False
15,김한길,金한길,1953-09-17,남,새정치국민회의,전국구,비례대표,1996-05-30,1999-03-03,resigned,general,1ZF7922T,NA-API 의원이력; NA-API ALLNAMEMBER; kowiki list oldid=41996917; kowiki 의석변동 oldid=41996916,1,,resigned_on_appointment,김한길 청와대 정책수석 임명으로 의원직 사퇴 이훈평 승계 / 의원직 사퇴,term_start,confirmed,,wikilist+wikiseat,,새정치국민회의,6,새정치국민회의,새정치국민회의,김한길,,,False
15,김허남,金許男,1920-04-13,남,자유민주연합,전국구,비례대표,1996-05-30,2000-05-29,term_end,general,2AS29941,NA-API 의원이력; NA-API ALLNAMEMBER; kowiki list oldid=41996917,1,,term_end,,term_start,term_end,,,,자유민주연합,4,자유민주연합,자유민주연합,김허남,,,False
15,김홍신,金洪信,1947-03-19,남,통합민주당,전국구,비례대표,1996-05-30,2000-05-29,term_end,general,ECQ9898H,NA-API 의원이력; NA-API ALLNAMEMBER; kowiki list oldid=41996917,1,,term_end,,term_start,term_end,,,,통합민주당,4,한나라당,통합민주당,김홍신,,,False
15,박상규,朴尙奎,1936-11-14,남,새정치국민회의,전국구,비례대표,1996-05-30,2000-05-29,term_end,general,TOU48854,NA-API 의원이력; NA-API ALLNAMEMBER; kowiki list oldid=41996917,1,,term_end,,term_start,term_end,,,,새정치국민회의,2,새천년민주당,새정치국민회의,박상규 (1936년),,,False
15,박세환,朴世煥,1940-04-05,남,신한국당,전국구,비례대표,1996-05-30,2000-05-29,term_end,general,VDU1630B,NA-API 의원이력; NA-API ALLNAMEMBER; kowiki list oldid=41996917,1,,term_end,,term_start,term_end,,,,신한국당,9,한나라당,신한국당,박세환 (1940년),,,True
15,박정수,朴定洙,1932-02-09,남,새정치국민회의,전국구,비례대표,1996-05-30,2000-05-29,term_end,general,LQW1875Y,NA-API 의원이력; NA-API ALLNAMEMBER; kowiki list oldid=41996917,1,,term_end,,term_start,term_end,,,,새정치국민회의,5,새천년민주당,새정치국민회의,박정수 (1932년),,,False
15,방용석,方鏞錫,1945-11-06,남,새정치국민회의,전국구,비례대표,1996-05-30,2000-05-29,term_end,general,8L98281J,NA-API 의원이력; NA-API ALLNAMEMBER; kowiki list oldid=41996917,1,,term_end,,term_start,term_end,,,,새정치국민회의,12,새천년민주당,새정치국민회의,방용석 (정치인),,,False
15,신낙균,申樂均,1941-02-01,여,새정치국민회의,전국구,비례대표,1996-05-30,2000-05-29,term_end,general,21U3017N,NA-API 의원이력; NA-API ALLNAMEMBER; kowiki list oldid=41996917,1,,term_end,,term_start,term_end,,,,새정치국민회의,8,새천년민주당,새정치국민회의,신낙균,,,False
15,신영균,申榮均,1928-11-06,남,신한국당,전국구,비례대표,1996-05-30,2000-05-29,term_end,general,KBH6263N,NA-API 의원이력; NA-API ALLNAMEMBER; kowiki list oldid=41996917,1,,term_end,,term_start,term_end,,,,신한국당,8,한나라당,신한국당,신영균 (배우),,,False
15,오양순,吳陽順,1948-05-10,여,신한국당,전국구,비례대표,1996-05-30,2000-05-29,term_end,general,D8I8826O,NA-API 의원이력; NA-API ALLNAMEMBER; kowiki list oldid=41996917,1,,term_end,,term_start,term_end,,,,신한국당,13,한나라당,신한국당,오양순,,,False
15,윤원중,尹源重,1944-12-15,남,신한국당,전국구,비례대표,1996-05-30,2000-03-09,disqualified,general,IGP58623,NA-API 의원이력; NA-API ALLNAMEMBER; kowiki list oldid=41996917; kowiki 의석변동 oldid=41996916,1,,pr_seat_lost_on_leaving_party,윤원중 탈당으로 의원직 상실 박창달 승계 / 의원직 상실,term_start,api_later_than_wiki,,wikilist=2000-02; wikiseat=2000-03-08,,신한국당,17,한나라당,신한국당,윤원중,,,False
15,이건개,李健介,1941-10-17,남,자유민주연합,전국구,비례대표,1996-05-30,2000-05-29,term_end,general,TB37609W,NA-API 의원이력; NA-API ALLNAMEMBER; kowiki list oldid=41996917,1,,term_end,,term_start,term_end,,,,자유민주연합,3,자유민주연합,자유민주연합,이건개,,,False
15,이동복,李東馥,1937-09-26,남,자유민주연합,전국구,비례대표,1996-05-30,2000-05-29,term_end,general,7JU4203F,NA-API 의원이력; NA-API ALLNAMEMBER; kowiki list oldid=41996917,1,,term_end,,term_start,term_end,,,,자유민주연합,8,자유민주연합,자유민주연합,이동복 (1937년),,,False
15,이동원,李東元,1926-09-08,남,새정치국민회의,전국구,비례대표,1996-05-30,2000-05-29,term_end,general,QAG4768Q,NA-API 의원이력; NA-API ALLNAMEMBER; kowiki list oldid=41996917,1,,term_end,,term_start,term_end,,,,새정치국민회의,7,새천년민주당,새정치국민회의,이동원 (1926년),,,False
15,이만섭,李萬燮,1932-02-25,남,신한국당,전국구,비례대표,1996-05-30,1997-10-28,disqualified,general,IYC3468T,NA-API 의원이력; NA-API ALLNAMEMBER; kowiki list oldid=41996917,1,,court_ruling_other_or_unspecified,의원직 상실,term_start,confirmed,,wikilist,,신한국당,3,신한국당,신한국당,이만섭,,,False
15,이미경,李美卿,1950-09-20,여,통합민주당,전국구,비례대표,1996-05-30,2000-05-29,term_end,general,EBU8493R,NA-API 의원이력; NA-API ALLNAMEMBER; kowiki list oldid=41996917,1,,term_end,,term_start,term_end,,,,통합민주당,2,새천년민주당,통합민주당,이미경 (1950년),,,False
15,이성재,李聖宰,1958-07-26,남,새정치국민회의,전국구,비례대표,1996-05-30,2000-05-29,term_end,general,04C1334C,NA-API 의원이력; NA-API ALLNAMEMBER; kowiki list oldid=41996917,1,,term_end,,term_start,term_end,,,,새정치국민회의,3,새천년민주당,새정치국민회의,이성재 (1958년),,,False
15,이수인,李壽仁,1941-04-29,남,통합민주당,전국구,비례대표,1996-05-30,2000-05-29,term_end,general,66U24346,NA-API 의원이력; NA-API ALLNAMEMBER; kowiki list oldid=41996917,1,,term_end,,term_start,term_end,,,,통합민주당,3,무소속,통합민주당,이수인 (1941년),,,False
15,이중재,李重載,1925-01-20,남,통합민주당,전국구,비례대표,1996-05-30,2000-05-29,term_end,general,TN53355N,NA-API 의원이력; NA-API ALLNAMEMBER; kowiki list oldid=41996917,1,,term_end,,term_start,term_end,,,,통합민주당,1,한나라당,통합민주당,이중재,,,False
15,이홍구,李洪九,1934-05-09,남,신한국당,전국구,비례대표,1996-05-30,1998-04-14,disqualified,general,S369529X,NA-API 의원이력; NA-API ALLNAMEMBER; kowiki list oldid=41996917; kowiki 의석변동 oldid=41996916,1,,pr_seat_lost_on_leaving_party,이홍구 탈당으로 의원직 상실 조익현 승계 / 의원직 사퇴,term_start,confirmed,,wikilist+wikiseat,,신한국당,2,한나라당,신한국당,이홍구 (1934년),,,False
15,이회창,李會昌,1935-06-02,남,신한국당,전국구,비례대표,1996-05-30,2000-05-29,term_end,general,0P85685J,NA-API 의원이력; NA-API ALLNAMEMBER; kowiki list oldid=41996917; kowiki 의석변동 oldid=41996916; manual_checks.csv,2,1996-05-30~1997-11-26 비례대표 전국구 (general->resigned) ; 1999-06-03~2000-05-29 지역구 서울 송파구갑 (by_election->term_end),term_end,,term_start,term_end,,,,신한국당,1,한나라당,신한국당,이회창,,,False
15,전석홍,全錫洪,1934-01-13,남,신한국당,전국구,비례대표,1996-05-30,2000-05-29,term_end,general,3ZQ9830G,NA-API 의원이력; NA-API ALLNAMEMBER; kowiki list oldid=41996917,1,,term_end,,term_start,term_end,,,,신한국당,11,한나라당,신한국당,전석홍,,,False
15,정상구,鄭相九,1925-04-28,남,자유민주연합,전국구,비례대표,1996-05-30,2000-05-29,term_end,general,HFG6145J,NA-API 의원이력; NA-API ALLNAMEMBER; kowiki list oldid=41996917,1,,term_end,,term_start,term_end,,,,자유민주연합,1,자유민주연합,자유민주연합,정상구,,,False
15,정상천,鄭相千,1931-08-25,남,자유민주연합,전국구,비례대표,1996-05-30,1999-04-02,resigned,general,WI12765F,NA-API 의원이력; NA-API ALLNAMEMBER; kowiki list oldid=41996917; kowiki 의석변동 oldid=41996916,1,,resigned_on_appointment,정상천 해양수산부 장관 임명으로 의원직 사퇴 송업교 승계 / 의원직 사퇴,term_start,api_later_than_wiki,,wikilist=1999-03-30; wikiseat=1999-03-31,,자유민주연합,7,자유민주연합,자유민주연합,정상천,,,False
15,정재철,鄭在哲,1928-02-25,남,신한국당,전국구,비례대표,1996-05-30,1997-12-26,disqualified,general,KXY6183K,NA-API 의원이력; NA-API ALLNAMEMBER; kowiki list oldid=41996917; kowiki 의석변동 oldid=41996916,1,,court_ruling_other_or_unspecified,정재철 의원직 상실 김정숙 승계 / 의원직 상실,term_start,confirmed,,wikilist+wikiseat,,신한국당,10,한나라당,신한국당,정재철,,,False
15,정희경,鄭喜卿,1932-05-24,여,새정치국민회의,전국구,비례대표,1996-05-30,2000-05-29,term_end,general,TFZ9143S,NA-API 의원이력; NA-API ALLNAMEMBER; kowiki list oldid=41996917,1,,term_end,,term_start,term_end,,,,새정치국민회의,1,새천년민주당,새정치국민회의,정희경 (교육인),,,False
15,조웅규,曺雄奎,1937-08-10,남,신한국당,전국구,비례대표,1996-05-30,2000-05-29,term_end,general,AXG1225G,NA-API 의원이력; NA-API ALLNAMEMBER; kowiki list oldid=41996917,1,,term_end,,term_start,term_end,,,,신한국당,12,한나라당,신한국당,조웅규,,,False
15,조중연,趙重衍,1936-07-22,남,통합민주당,전국구,비례대표,1996-05-30,1998-11-17,died,general,BTC9315F,NA-API 의원이력; NA-API ALLNAMEMBER; kowiki list oldid=41996917; kowiki 의석변동 oldid=41996916,1,,died,조중연 사망 이형배 승계 / 사망,term_start,confirmed,,wikilist+wikiseat,,통합민주당,5,한나라당,민주당,조중연 (정치인),,,False
15,지대섭,池大燮,1943-10-27,남,자유민주연합,전국구,비례대표,1996-05-30,2000-02-07,disqualified,general,48Y5944Y,NA-API 의원이력; NA-API ALLNAMEMBER; kowiki list oldid=41996917; kowiki 의석변동 oldid=41996916,1,,pr_seat_lost_on_leaving_party,지대섭 탈당으로 의원직 상실 주양자 승계 / 의원직 상실,term_start,confirmed,,wikilist+wikiseat,,자유민주연합,6,자유민주연합,자유민주연합,지대섭 (1943년),,,False
15,천용택,千容宅,1937-08-28,남,새정치국민회의,전국구,비례대표,1996-05-30,1999-05-25,resigned,general,O8Z3184P,NA-API 의원이력; NA-API ALLNAMEMBER; kowiki list oldid=41996917; kowiki 의석변동 oldid=41996916,1,,resigned_on_appointment,천용택 국가정보원장 임명으로 의원직 사퇴 김태랑 승계 / 의원직 사퇴,term_start,confirmed,,wikilist+wikiseat,,새정치국민회의,10,새정치국민회의,새정치국민회의,천용택,,,False
15,하경근,河璟根,1932-04-01,남,통합민주당,전국구,비례대표,1996-05-30,2000-05-29,term_end,general,2502554M,NA-API 의원이력; NA-API ALLNAMEMBER; kowiki list oldid=41996917,1,,term_end,,term_start,term_end,,,,통합민주당,6,한나라당,민주당,하경근,,,False
15,한영수,韓英洙,1934-12-01,남,자유민주연합,전국구,비례대표,1996-05-30,2000-05-29,term_end,general,MOX89811,NA-API 의원이력; NA-API ALLNAMEMBER; kowiki list oldid=41996917,1,,term_end,,term_start,term_end,,,,자유민주연합,2,자유민주연합,자유민주연합,한영수 (정치인),,,False
15,한영애,韓英愛,1941-08-10,여,새정치국민회의,전국구,비례대표,1996-05-30,2000-05-29,term_end,general,TW15816B,NA-API 의원이력; NA-API ALLNAMEMBER; kowiki list oldid=41996917,1,,term_end,,term_start,term_end,,,,새정치국민회의,11,새천년민주당,새정치국민회의,한영애 (1941년),,,False
15,한호선,韓灝鮮,1936-09-28,남,자유민주연합,전국구,비례대표,1996-05-30,1998-04-06,resigned,general,BL43649M,NA-API 의원이력; NA-API ALLNAMEMBER; kowiki list oldid=41996917; kowiki 의석변동 oldid=41996916,1,,resigned_to_run_for_other_office,한호선 강원지사 출마로 사퇴 강종희 승계 / 의원직 사퇴,term_start,confirmed,,wikilist,,자유민주연합,9,자유민주연합,자유민주연합,한호선,,,False
15,황우여,黃祐呂,1947-08-03,남,신한국당,전국구,비례대표,1996-05-30,2000-05-29,term_end,general,Q5X4506F,NA-API 의원이력; NA-API ALLNAMEMBER; kowiki list oldid=41996917,1,,term_end,,term_start,term_end,,,,신한국당,15,한나라당,신한국당,황우여,,,False
15,김찬진,金贊鎭,1941-02-24,남,신한국당,전국구,비례대표,1997-10-29,2000-05-29,term_end,succession_pr,O272385D,NA-API 의원이력; NA-API ALLNAMEMBER; kowiki list oldid=41996917; kowiki 의석변동 oldid=41996916,1,,term_end,,api_later_than_wiki,term_end,wikilist=1997-10-28; wikiseat=1997-10-28,,,신한국당,19,한나라당,신한국당,김찬진 (1941년),,,False
15,이찬진,李燦振,1965-10-25,남,한나라당,전국구,비례대표,1997-12-20,1998-05-16,resigned,succession_pr,HIN1320F,NA-API 의원이력; NA-API ALLNAMEMBER; kowiki list oldid=41996917; kowiki 의석변동 oldid=41996916,1,,resigned_other,이찬진 사퇴 안재홍 승계 / 의원직 사퇴,api_later_than_wiki,api_earlier_than_wiki,wikilist=1997-11-26; wikiseat=1997-11-26,wikilist=1998-05-19; wikiseat=1998-05-19,,신한국당,20,한나라당,한나라당,이찬진 (1965년),,,False
15,김정숙,金貞淑,1946-08-21,여,한나라당,전국구,비례대표,1998-01-09,2000-05-29,term_end,succession_pr,O4X7540B,NA-API 의원이력; NA-API ALLNAMEMBER; kowiki list oldid=41996917; kowiki 의석변동 oldid=41996916,1,,term_end,,api_later_than_wiki,term_end,wikilist=1997-11-21; wikiseat=1997-12-26,,,신한국당,22,한나라당,한나라당,김정숙 (1946년),,,False
15,송현섭,宋鉉燮,1936-10-12,남,새정치국민회의,전국구,비례대표,1998-01-09,2000-05-29,term_end,succession_pr,T1R43759,NA-API 의원이력; NA-API ALLNAMEMBER; kowiki list oldid=41996917; kowiki 의석변동 oldid=41996916,1,,term_end,,api_later_than_wiki,term_end,wikilist=1997-12-26; wikiseat=1997-12-26,,,새정치국민회의,15,새천년민주당,새정치국민회의,송현섭,,,False
15,강종희,姜宗熙,1936-01-08,남,자유민주연합,전국구,비례대표,1998-04-10,2000-05-29,term_end,succession_pr,5E34737X,NA-API 의원이력; NA-API ALLNAMEMBER; kowiki list oldid=41996917; kowiki 의석변동 oldid=41996916,1,,term_end,,api_later_than_wiki,term_end,wikilist=1998-04-06; wikiseat=1998-03-06,,,자유민주연합,10,자유민주연합,자유민주연합,강종희,,,False
15,조익현,曺益鉉,1943-12-03,남,한나라당,전국구,비례대표,1998-04-17,2000-05-29,term_end,succession_pr,G449650W,NA-API 의원이력; NA-API ALLNAMEMBER; kowiki list oldid=41996917; kowiki 의석변동 oldid=41996916,1,,term_end,,api_later_than_wiki,term_end,wikilist=1998-04-14; wikiseat=1998-04-14,,,신한국당,23,한나라당,한나라당,조익현,,,False
15,안재홍,安在烘,1947-03-30,남,한나라당,전국구,비례대표,1998-05-18,2000-05-29,term_end,succession_pr,Z9T8211D,NA-API 의원이력; NA-API ALLNAMEMBER; kowiki list oldid=41996917; kowiki 의석변동 oldid=41996916,1,,term_end,,api_earlier_than_wiki,term_end,wikilist=1998-05-19; wikiseat=1998-05-19,,,신한국당,24,한나라당,한나라당,안재홍 (1947년),,,False
15,이형배,李炯培,1938-12-27,남,한나라당,전국구,비례대표,1998-11-23,2000-05-29,term_end,succession_pr,SW948730,NA-API 의원이력; NA-API ALLNAMEMBER; kowiki list oldid=41996917; kowiki 의석변동 oldid=41996916,1,,term_end,,api_later_than_wiki,term_end,wikilist=1998-11-17; wikiseat=1998-11-17,,,통합민주당,7,한나라당,한나라당,이형배,,,False
15,이훈평,李訓平,1943-04-26,남,새정치국민회의,전국구,비례대표,1999-03-06,2000-05-29,term_end,succession_pr,7DB9465K,NA-API 의원이력; NA-API ALLNAMEMBER; kowiki list oldid=41996917; kowiki 의석변동 oldid=41996916,1,,term_end,,api_later_than_wiki,term_end,wikilist=1999-03-03; wikiseat=1999-03-03,,,새정치국민회의,16,새천년민주당,새정치국민회의,이훈평,,,False
15,송업교,宋業敎,1941-05-16,남,자유민주연합,전국구,비례대표,1999-04-07,2000-02-15,disqualified,succession_pr,EFP41028,NA-API 의원이력; NA-API ALLNAMEMBER; kowiki list oldid=41996917; kowiki 의석변동 oldid=41996916,1,,pr_seat_lost_on_leaving_party,송업교 탈당으로 의원직 상실 박상복 승계 / 의원직 상실,api_later_than_wiki,confirmed,wikilist=1999-03-30; wikiseat=1999-03-31,wikilist+wikiseat,,자유민주연합,11,자유민주연합,자유민주연합,송업교,,,False
15,김태랑,金太郞,1943-10-01,남,새정치국민회의,전국구,비례대표,1999-05-27,2000-05-29,term_end,succession_pr,I2I23566,NA-API 의원이력; NA-API ALLNAMEMBER; kowiki list oldid=41996917; kowiki 의석변동 oldid=41996916,1,,term_end,,api_later_than_wiki,term_end,wikilist=1999-05-25; wikiseat=1999-05-25,,,새정치국민회의,17,새천년민주당,새정치국민회의,김태랑,,,False
15,주양자,朱良子,1931-01-01,여,자유민주연합,전국구,비례대표,2000-02-08,2000-05-29,term_end,succession_pr,RF233621,NA-API 의원이력; NA-API ALLNAMEMBER; kowiki list oldid=41996917; kowiki 의석변동 oldid=41996916,1,,term_end,,api_later_than_wiki,term_end,wikilist=2000-02-07; wikiseat=2000-02-07,,,자유민주연합,12,자유민주연합,자유민주연합,주양자,,,False
15,박상복,朴商福,1934-09-05,남,자유민주연합,전국구,비례대표,2000-02-21,2000-05-29,term_end,succession_pr,T1A5618F,NA-API 의원이력; NA-API ALLNAMEMBER; kowiki list oldid=41996917; kowiki 의석변동 oldid=41996916,1,,term_end,,api_later_than_wiki,term_end,wikilist=2000-02-15; wikiseat=2000-02-15,,,자유민주연합,14,자유민주연합,자유민주연합,박상복,,,False
15,황승민,黃勝敏,1937-01-06,남,한나라당,전국구,비례대표,2000-03-04,2000-05-29,term_end,succession_pr,D9M6920Z,NA-API 의원이력; NA-API ALLNAMEMBER; kowiki list oldid=41996917; kowiki 의석변동 oldid=41996916,1,,term_end,,api_later_than_wiki,term_end,wikilist=2000-02-25; wikiseat=2000-02-22,,,신한국당,25,한나라당,한나라당,황승민,,,False
15,박창달,朴昌達,1946-03-17,남,한나라당,전국구,비례대표,2000-03-14,2000-05-29,term_end,succession_pr,2GM8059R,NA-API 의원이력; NA-API ALLNAMEMBER; kowiki list oldid=41996917; kowiki 의석변동 oldid=41996916,1,,term_end,,api_later_than_wiki,term_end,wikilist=2000-02; wikiseat=2000-03-08,,,신한국당,26,한나라당,한나라당,박창달,,,False
16,최돈웅,崔燉雄,1935-03-25,남,한나라당,강원 강릉시,지역구,2000-05-30,2004-05-29,term_end,general,NQL1515T,NA-API 의원이력; NA-API ALLNAMEMBER; kowiki list oldid=42446179; kowiki 의석변동 oldid=42446181,2,2000-05-30~2001-09-03 지역구 강원 강릉시 (general->disqualified) ; 2001-10-26~2004-05-29 지역구 강원 강릉시 (by_election->term_end),term_end,,term_start,term_end,,,강원도 강릉시,,,한나라당,한나라당,최돈웅,,,False
16,최연희,崔鉛熙,1944-12-29,남,한나라당,강원 동해삼척시,지역구,2000-05-30,2004-05-29,term_end,general,T8H6713N,NA-API 의원이력; NA-API ALLNAMEMBER; kowiki list oldid=42446179,1,,term_end,,term_start,term_end,,,강원도 동해시·삼척시,,,한나라당,한나라당,최연희,,,False
16,송훈석,宋勳錫,1950-10-08,남,새천년민주당,"강원 속초,고성,양양,인제",지역구,2000-05-30,2004-05-29,term_end,general,AQZ80083,NA-API 의원이력; NA-API ALLNAMEMBER; kowiki list oldid=42446179,1,,term_end,,term_start,term_end,,,강원도 속초시·고성군·양양군·인제군,,,새천년민주당,새천년민주당,송훈석,,,False
16,김용학,金龍學,1956-10-20,남,한나라당,"강원 영월,평창군",지역구,2000-05-30,2004-05-29,term_end,general,9U337234,NA-API 의원이력; NA-API ALLNAMEMBER; kowiki list oldid=42446179,1,,term_end,,term_start,term_end,,,강원도 영월군·평창군,,,한나라당,한나라당,김용학 (1956년),,,False
16,이창복,李昌馥,1938-08-29,남,새천년민주당,강원 원주시,지역구,2000-05-30,2004-05-29,term_end,general,T0R9325Q,NA-API 의원이력; NA-API ALLNAMEMBER; kowiki list oldid=42446179,1,,term_end,,term_start,term_end,,,강원도 원주시,,,열린우리당,새천년민주당,이창복 (1938년),,,False
16,이용삼,李龍三,1957-09-12,남,새천년민주당,"강원 철원,화천,양구",지역구,2000-05-30,2004-05-29,term_end,general,GBP60233,NA-API 의원이력; NA-API ALLNAMEMBER; kowiki list oldid=42446179,1,,term_end,,term_start,term_end,,,강원도 철원군·화천군·양구군,,,새천년민주당,새천년민주당,이용삼,,,False
16,한승수,韓昇洙,1936-12-28,남,민주국민당,강원 춘천시,지역구,2000-05-30,2004-05-29,term_end,general,AML4805R,NA-API 의원이력; NA-API ALLNAMEMBER; kowiki list oldid=42446179,1,,term_end,,term_start,term_end,,,강원도 춘천시,,,한나라당,민주국민당,한승수,,,False
16,김택기,金宅起,1950-07-03,남,새천년민주당,"강원 태백,정선",지역구,2000-05-30,2004-05-29,term_end,general,HG726977,NA-API 의원이력; NA-API ALLNAMEMBER; kowiki list oldid=42446179,1,,term_end,,term_start,term_end,,,강원도 태백시·정선군,,,열린우리당,새천년민주당,김택기,,,False
16,유재규,柳在珪,1933-10-16,남,새천년민주당,"강원 홍천,횡성군",지역구,2000-05-30,2004-05-29,term_end,general,QYJ10060,NA-API 의원이력; NA-API ALLNAMEMBER; kowiki list oldid=42446179,1,,term_end,,term_start,term_end,,,강원도 홍천군·횡성군,,,새천년민주당,새천년민주당,유재규,,,False
16,정병국,鄭柄國,1958-02-10,남,한나라당,"경기 가평군,양평군",지역구,2000-05-30,2004-05-29,term_end,general,P303213F,NA-API 의원이력; NA-API ALLNAMEMBER; kowiki list oldid=42446179,1,,term_end,,term_start,term_end,,,경기도 가평군·양평군,,,한나라당,한나라당,정병국,,,False
16,곽치영,郭治榮,1941-04-22,남,새천년민주당,경기 고양시덕양구갑,지역구,2000-05-30,2002-11-26,disqualified,general,UPI8940O,NA-API 의원이력; NA-API ALLNAMEMBER; kowiki list oldid=42446179; kowiki 의석변동 oldid=42446181,1,,court_ruling_election_law,당선무효 / 의원직 상실,term_start,confirmed,,wikilist+wikiseat,경기도 고양시 덕양구 갑,,,새천년민주당,새천년민주당,곽치영,,,False
16,유시민,柳時敏,1959-07-28,남,개혁국민정당,경기 고양시덕양구갑,지역구,2003-04-24,2004-05-29,term_end,by_election,XFH9918T,NA-API 의원이력; NA-API ALLNAMEMBER; kowiki list oldid=42446179,1,,term_end,,confirmed,term_end,wikilist,,경기도 고양시 덕양구 갑,,,열린우리당,개혁국민정당,유시민,,,False
16,이근진,李根鎭,1942-12-24,남,새천년민주당,경기 고양시덕양구을,지역구,2000-05-30,2004-05-29,term_end,general,FLL5120Y,NA-API 의원이력; NA-API ALLNAMEMBER; kowiki list oldid=42446179,1,,term_end,,term_start,term_end,,,경기도 고양시 덕양구 을,,,한나라당,새천년민주당,이근진,,,False
16,정범구,鄭範九,1954-03-27,남,새천년민주당,경기 고양시일산구갑,지역구,2000-05-30,2004-05-29,term_end,general,LHG6788P,NA-API 의원이력; NA-API ALLNAMEMBER; kowiki list oldid=42446179,1,,term_end,,term_start,term_end,,,경기도 고양시 일산구 갑,,,무소속,새천년민주당,정범구,,,False
16,김덕배,金德培,1954-12-17,남,새천년민주당,경기 고양시일산구을,지역구,2000-05-30,2004-05-29,term_end,general,YWI3350Y,NA-API 의원이력; NA-API ALLNAMEMBER; kowiki list oldid=42446179,1,,term_end,,term_start,term_end,,,경기도 고양시 일산구 을,,,열린우리당,새천년민주당,김덕배,,,False
16,안상수,安商守,1946-02-09,남,한나라당,"경기 과천시,의왕시",지역구,2000-05-30,2004-05-29,term_end,general,ACS7139Z,NA-API 의원이력; NA-API ALLNAMEMBER; kowiki list oldid=42446179,1,,term_end,,term_start,term_end,,,경기도 과천시·의왕시,,,한나라당,한나라당,안상수 (창원 출신 정치인),,,True
16,손학규,孫鶴圭,1947-11-22,남,한나라당,경기 광명시,지역구,2000-05-30,2002-07-01,elected_other_office,general,FND7010Q,NA-API 의원이력; NA-API ALLNAMEMBER; kowiki list oldid=42446179; kowiki 의석변동 oldid=42446181,1,,took_office_as_elected_local_head,경기지사 취임으로 의원직 사퇴 / 의원직 사퇴,term_start,confirmed,,wikiseat,경기도 광명시,,,한나라당,한나라당,손학규,,,False
16,박혁규,朴赫圭,1954-09-05,남,한나라당,경기 광주군,지역구,2000-05-30,2004-05-29,term_end,general,WZL8101U,NA-API 의원이력; NA-API ALLNAMEMBER; kowiki list oldid=42446179,1,,term_end,,term_start,term_end,,,경기도 광주군,,,한나라당,한나라당,박혁규,,,False
16,전용원,田瑢源,1944-04-24,남,한나라당,경기 구리시,지역구,2000-05-30,2004-05-29,term_end,general,C6N4172N,NA-API 의원이력; NA-API ALLNAMEMBER; kowiki list oldid=42446179,1,,term_end,,term_start,term_end,,,경기도 구리시,,,한나라당,한나라당,전용원,,,False
16,김부겸,金富謙,1958-01-21,남,한나라당,경기 군포시,지역구,2000-05-30,2004-05-29,term_end,general,UIZ3103R,NA-API 의원이력; NA-API ALLNAMEMBER; kowiki list oldid=42446179,1,,term_end,,term_start,term_end,,,경기도 군포시,,,열린우리당,한나라당,김부겸,,,False
16,박종우,朴宗雨,1938-11-10,남,새천년민주당,경기 김포시,지역구,2000-05-30,2004-05-29,term_end,general,RST3993C,NA-API 의원이력; NA-API ALLNAMEMBER; kowiki list oldid=42446179,1,,term_end,,term_start,term_end,,,경기도 김포시,,,새천년민주당,새천년민주당,박종우 (정치인),,,False
16,조정무,曺正茂,1940-08-14,남,한나라당,경기 남양주시,지역구,2000-05-30,2004-05-29,term_end,general,NU724914,NA-API 의원이력; NA-API ALLNAMEMBER; kowiki list oldid=42446179,1,,term_end,,term_start,term_end,,,경기도 남양주시,,,한나라당,한나라당,조정무,,,False
16,목요상,睦堯相,1935-09-09,남,한나라당,경기 동두천시양주군,지역구,2000-05-30,2004-05-29,term_end,general,IB22144F,NA-API 의원이력; NA-API ALLNAMEMBER; kowiki list oldid=42446179,1,,term_end,,term_start,term_end,,,경기도 동두천시·양주군,,,한나라당,한나라당,목요상,,,False
16,김문수,金文洙,1951-08-27,남,한나라당,경기 부천시소사구,지역구,2000-05-30,2004-05-29,term_end,general,RVR78866,NA-API 의원이력; NA-API ALLNAMEMBER; kowiki list oldid=42446179,1,,term_end,,term_start,term_end,,,경기도 부천시 소사구,,,한나라당,한나라당,김문수,,,True
16,최선영,崔善榮,1940-04-13,남,새천년민주당,경기 부천시오정구,지역구,2000-05-30,2004-05-29,term_end,general,BNT6492X,NA-API 의원이력; NA-API ALLNAMEMBER; kowiki list oldid=42446179,1,,term_end,,term_start,term_end,,,경기도 부천시 오정구,,,새천년민주당,새천년민주당,최선영 (1940년),,,False
16,안동선,安東善,1935-10-05,남,새천년민주당,경기 부천시원미구갑,지역구,2000-05-30,2004-05-29,term_end,general,GVS3975B,NA-API 의원이력; NA-API ALLNAMEMBER; kowiki list oldid=42446179,1,,term_end,,term_start,term_end,,,경기도 부천시 원미구 갑,,,새천년민주당,새천년민주당,안동선,,,False
16,배기선,裵基善,1950-09-15,남,새천년민주당,경기 부천시원미구을,지역구,2000-05-30,2004-05-29,term_end,general,Y009633J,NA-API 의원이력; NA-API ALLNAMEMBER; kowiki list oldid=42446179,1,,term_end,,term_start,term_end,,,경기도 부천시 원미구 을,,,열린우리당,새천년민주당,배기선,,,False
16,고흥길,高興吉,1944-08-13,남,한나라당,경기 성남시분당구갑,지역구,2000-05-30,2004-05-29,term_end,general,JGX8852O,NA-API 의원이력; NA-API ALLNAMEMBER; kowiki list oldid=42446179,1,,term_end,,term_start,term_end,,,경기도 성남시 분당구 갑,,,한나라당,한나라당,고흥길,,,False
16,임태희,任太熙,1956-12-01,남,한나라당,경기 성남시분당구을,지역구,2000-05-30,2004-05-29,term_end,general,PJ76653N,NA-API 의원이력; NA-API ALLNAMEMBER; kowiki list oldid=42446179,1,,term_end,,term_start,term_end,,,경기도 성남시 분당구 을,,,한나라당,한나라당,임태희,,,False
16,이윤수,李允洙,1938-09-16,남,새천년민주당,경기 성남시수정구,지역구,2000-05-30,2004-05-29,term_end,general,I9K4876K,NA-API 의원이력; NA-API ALLNAMEMBER; kowiki list oldid=42446179,1,,term_end,,term_start,term_end,,,경기도 성남시 수정구,,,새천년민주당,새천년민주당,이윤수 (정치인),,,False
16,조성준,趙誠俊,1948-12-18,남,새천년민주당,경기 성남시중원구,지역구,2000-05-30,2004-05-29,term_end,general,NLM21386,NA-API 의원이력; NA-API ALLNAMEMBER; kowiki list oldid=42446179,1,,term_end,,term_start,term_end,,,경기도 성남시 중원구,,,열린우리당,새천년민주당,조성준 (1948년),,,False
16,신현태,申鉉泰,1946-09-22,남,한나라당,경기 수원시권선구,지역구,2000-05-30,2004-05-29,term_end,general,DAT9444X,NA-API 의원이력; NA-API ALLNAMEMBER; kowiki list oldid=42446179,1,,term_end,,term_start,term_end,,,경기도 수원시 권선구,,,한나라당,한나라당,신현태 (1946년),,,False
16,박종희,朴鍾熙,1960-05-06,남,한나라당,경기 수원시장안구,지역구,2000-05-30,2004-05-29,term_end,general,IVT5000L,NA-API 의원이력; NA-API ALLNAMEMBER; kowiki list oldid=42446179,1,,term_end,,term_start,term_end,,,경기도 수원시 장안구,,,한나라당,한나라당,박종희,,,False
16,남경필,南景弼,1965-01-20,남,한나라당,경기 수원시팔달구,지역구,2000-05-30,2004-05-29,term_end,general,EI023764,NA-API 의원이력; NA-API ALLNAMEMBER; kowiki list oldid=42446179,1,,term_end,,term_start,term_end,,,경기도 수원시 팔달구,,,한나라당,한나라당,남경필,,,False
16,박병윤,朴炳潤,1941-04-19,남,새천년민주당,경기 시흥시,지역구,2000-05-30,2004-05-29,term_end,general,KBS96958,NA-API 의원이력; NA-API ALLNAMEMBER; kowiki list oldid=42446179,1,,term_end,,term_start,term_end,,,경기도 시흥시,,,새천년민주당,새천년민주당,박병윤,,,False
16,김영환,金榮煥,1955-05-27,남,새천년민주당,경기 안산시갑,지역구,2000-05-30,2004-05-29,term_end,general,1C04271Z,NA-API 의원이력; NA-API ALLNAMEMBER; kowiki list oldid=42446179,1,,term_end,,term_start,term_end,,,경기도 안산시 갑,,,새천년민주당,새천년민주당,김영환 (1955년),,,True
16,천정배,千正培,1954-12-12,남,새천년민주당,경기 안산시을,지역구,2000-05-30,2004-05-29,term_end,general,3SP89633,NA-API 의원이력; NA-API ALLNAMEMBER; kowiki list oldid=42446179,1,,term_end,,term_start,term_end,,,경기도 안산시 을,,,열린우리당,새천년민주당,천정배,,,False
16,심규섭,沈奎燮,1958-09-27,남,새천년민주당,경기 안성시,지역구,2000-05-30,2002-01-27,died,general,URP65047,NA-API 의원이력; NA-API ALLNAMEMBER; kowiki list oldid=42446179; kowiki 의석변동 oldid=42446181,1,,died,사망 / 사망,term_start,confirmed,,wikilist+wikiseat,경기도 안성시,,,새천년민주당,새천년민주당,심규섭,,,False
16,이해구,李海龜,1937-09-10,남,한나라당,경기 안성시,지역구,2002-08-08,2004-05-29,term_end,by_election,WMD2190C,NA-API 의원이력; NA-API ALLNAMEMBER; kowiki list oldid=42446179; kowiki 의석변동 oldid=42446181,1,,term_end,,confirmed,term_end,wikilist+wikiseat,,경기도 안성시,,,한나라당,한나라당,이해구,,,False
16,심재철,沈在哲,1958-01-18,남,한나라당,경기 안양시동안구,지역구,2000-05-30,2004-05-29,term_end,general,FGX4881A,NA-API 의원이력; NA-API ALLNAMEMBER; kowiki list oldid=42446179,1,,term_end,,term_start,term_end,,,경기도 안양시 동안구,,,한나라당,한나라당,심재철 (정치인),,,False
16,이종걸,李鍾杰,1957-05-22,남,새천년민주당,경기 안양시만안구,지역구,2000-05-30,2004-05-29,term_end,general,WDR7061Y,NA-API 의원이력; NA-API ALLNAMEMBER; kowiki list oldid=42446179,1,,term_end,,term_start,term_end,,,경기도 안양시 만안구,,,열린우리당,새천년민주당,이종걸,,,False
16,이규택,李揆澤,1942-07-20,남,한나라당,경기 여주군,지역구,2000-05-30,2004-05-29,term_end,general,YE691699,NA-API 의원이력; NA-API ALLNAMEMBER; kowiki list oldid=42446179,1,,term_end,,term_start,term_end,,,경기도 여주군,,,한나라당,한나라당,이규택,,,False
16,이한동,李漢東,1934-12-05,남,자유민주연합,경기 연천군포천군,지역구,2000-05-30,2004-05-29,term_end,general,NUX49887,NA-API 의원이력; NA-API ALLNAMEMBER; kowiki list oldid=42446179,1,,term_end,,term_start,term_end,,,경기도 연천군·포천군,,,자유민주연합,자유민주연합,이한동,,,False
16,강성구,姜成求,1940-09-12,남,새천년민주당,경기 오산시화성군,지역구,2000-05-30,2004-05-29,term_end,general,AO340526,NA-API 의원이력; NA-API ALLNAMEMBER; kowiki list oldid=42446179,1,,term_end,,term_start,term_end,,,경기도 오산시·화성군,,,한나라당,새천년민주당,강성구,,,False
16,남궁석,南宮晳,1938-09-20,남,새천년민주당,경기 용인시갑,지역구,2000-05-30,2004-05-29,term_end,general,T8T6598Q,NA-API 의원이력; NA-API ALLNAMEMBER; kowiki list oldid=42446179,1,,term_end,,term_start,term_end,,,경기도 용인시 갑,,,열린우리당,새천년민주당,남궁석,,,False
16,김윤식,金允式,1947-08-10,남,새천년민주당,경기 용인시을,지역구,2000-05-30,2003-12-26,disqualified,general,EH73790O,NA-API 의원이력; NA-API ALLNAMEMBER; kowiki list oldid=42446179; kowiki 의석변동 oldid=42446181,1,,court_ruling_election_law,대법원에서 공직 선거법 위반으로 당선무효형 확정 / 의원직 상실,term_start,confirmed,,wikilist+wikiseat,경기도 용인시 을,,,한나라당,새천년민주당,김윤식 (1947년),,,False
16,문희상,文喜相,1945-03-03,남,새천년민주당,경기 의정부시,지역구,2000-05-30,2003-03-07,resigned,general,IYD4143Y,NA-API 의원이력; NA-API ALLNAMEMBER; kowiki list oldid=42446179; kowiki 의석변동 oldid=42446181,1,,resigned_on_appointment,청와대 대통령 비서실장 임명으로 의원직 사퇴 / 의원직 사퇴,term_start,confirmed,,wikilist+wikiseat,경기도 의정부시,,,새천년민주당,새천년민주당,문희상,,,False
16,홍문종,洪文鐘,1955-04-05,남,한나라당,경기 의정부시,지역구,2003-04-24,2004-05-29,term_end,by_election,T2K9554I,NA-API 의원이력; NA-API ALLNAMEMBER; kowiki list oldid=42446179; kowiki 의석변동 oldid=42446181,1,,term_end,,confirmed,term_end,wikilist+wikiseat,,경기도 의정부시,,,한나라당,한나라당,홍문종 (정치인),,,False
16,이희규,李熙圭,1955-03-18,남,새천년민주당,경기 이천시,지역구,2000-05-30,2004-05-29,term_end,general,U9Z11055,NA-API 의원이력; NA-API ALLNAMEMBER; kowiki list oldid=42446179,1,,term_end,,term_start,term_end,,,경기도 이천시,,,새천년민주당,새천년민주당,이희규,,,False
16,이재창,李在昌,1936-10-25,남,한나라당,경기 파주시,지역구,2000-05-30,2004-05-29,term_end,general,QFQ8496R,NA-API 의원이력; NA-API ALLNAMEMBER; kowiki list oldid=42446179,1,,term_end,,term_start,term_end,,,경기도 파주시,,,한나라당,한나라당,이재창,,,False
16,원유철,元裕哲,1962-09-26,남,새천년민주당,경기 평택시갑,지역구,2000-05-30,2004-05-29,term_end,general,TZD17894,NA-API 의원이력; NA-API ALLNAMEMBER; kowiki list oldid=42446179,1,,term_end,,term_start,term_end,,,경기도 평택시 갑,,,한나라당,새천년민주당,원유철,,,False
16,정장선,鄭長善,1958-03-16,남,새천년민주당,경기 평택시을,지역구,2000-05-30,2004-05-29,term_end,general,GKV4796M,NA-API 의원이력; NA-API ALLNAMEMBER; kowiki list oldid=42446179,1,,term_end,,term_start,term_end,,,경기도 평택시 을,,,열린우리당,새천년민주당,정장선,,,False
16,유성근,兪成根,1950-02-15,남,한나라당,경기 하남시,지역구,2000-05-30,2002-05-24,disqualified,general,3SK6343V,NA-API 의원이력; NA-API ALLNAMEMBER; kowiki list oldid=42446179; kowiki 의석변동 oldid=42446181,1,,court_ruling_election_law,대법원에서 공직선거법 위반으로 당선무효형 확정 / 의원직 상실,term_start,confirmed,,wikilist+wikiseat,경기도 하남시,,,한나라당,한나라당,유성근,,,False
16,김황식,金晃植,1950-08-06,남,한나라당,경기 하남시,지역구,2002-08-08,2004-05-29,term_end,by_election,GLY9970V,NA-API 의원이력; NA-API ALLNAMEMBER; kowiki list oldid=42446179; kowiki 의석변동 oldid=42446181,1,,term_end,,confirmed,term_end,wikilist+wikiseat,,경기도 하남시,,,무소속,한나라당,김황식 (1950년),,,False
16,김기춘,金淇春,1939-11-25,남,한나라당,경남 거제시,지역구,2000-05-30,2004-05-29,term_end,general,WVT1840E,NA-API 의원이력; NA-API ALLNAMEMBER; kowiki list oldid=42446179,1,,term_end,,term_start,term_end,,,경상남도 거제시,,,한나라당,한나라당,김기춘,,,False
16,김영일,金榮馹,1942-07-07,남,한나라당,경남 김해시,지역구,2000-05-30,2004-05-29,term_end,general,T0C2301Q,NA-API 의원이력; NA-API ALLNAMEMBER; kowiki list oldid=42446179,1,,term_end,,term_start,term_end,,,경상남도 김해시,,,한나라당,한나라당,김영일 (1942년),,,False
16,박희태,朴熺太,1938-08-09,남,한나라당,"경남 남해,하동군",지역구,2000-05-30,2004-05-29,term_end,general,FSN5613H,NA-API 의원이력; NA-API ALLNAMEMBER; kowiki list oldid=42446179,1,,term_end,,term_start,term_end,,,경상남도 남해군·하동군,,,한나라당,한나라당,박희태,,,False
16,김호일,金浩一,1942-12-12,남,한나라당,경남 마산시 합포군,지역구,2000-05-30,2002-02-21,disqualified,general,X9Z79695,NA-API 의원이력; NA-API ALLNAMEMBER; kowiki list oldid=42446179; kowiki 의석변동 oldid=42446181,1,,court_ruling_election_law,대법원에서 공직선거법 위반으로 당선무효형 확정 / 의원직 상실,term_start,confirmed,,wikilist+wikiseat,경상남도 마산시 합포구,,,한나라당,한나라당,김호일,,,False
16,김정부,金政夫,1942-02-14,남,한나라당,경남 마산시 합포군,지역구,2002-08-08,2004-05-29,term_end,by_election,9406274S,NA-API 의원이력; NA-API ALLNAMEMBER; kowiki list oldid=42446179; kowiki 의석변동 oldid=42446181,1,,term_end,,confirmed,term_end,wikilist+wikiseat,,경상남도 마산시 합포구,,,한나라당,한나라당,김정부,,,False
16,강삼재,姜三載,1952-07-01,남,한나라당,경남 마산시회원구,지역구,2000-05-30,2004-05-29,term_end,general,35I30124,NA-API 의원이력; NA-API ALLNAMEMBER; kowiki list oldid=42446179,1,,term_end,,term_start,term_end,,,경상남도 마산시 회원구,,,한나라당,한나라당,강삼재,,,False
16,김용갑,金容甲,1936-09-28,남,한나라당,경남 밀양시창녕군,지역구,2000-05-30,2004-05-29,term_end,general,H2X6452Y,NA-API 의원이력; NA-API ALLNAMEMBER; kowiki list oldid=42446179,1,,term_end,,term_start,term_end,,,경상남도 밀양시·창녕군,,,한나라당,한나라당,김용갑 (1936년),,,False
16,이방호,李方鎬,1945-03-06,남,한나라당,경남 사천시,지역구,2000-05-30,2004-05-29,term_end,general,MZD1909P,NA-API 의원이력; NA-API ALLNAMEMBER; kowiki list oldid=42446179,1,,term_end,,term_start,term_end,,,경상남도 사천시,,,한나라당,한나라당,이방호,,,False
16,김용균,金容鈞,1942-02-18,남,한나라당,"경남 산청,합천",지역구,2000-05-30,2004-05-29,term_end,general,NIO3292X,NA-API 의원이력; NA-API ALLNAMEMBER; kowiki list oldid=42446179,1,,term_end,,term_start,term_end,,,경상남도 산청군·합천군,,,한나라당,한나라당,김용균 (1942년),,,False
16,나오연,羅午淵,1932-08-27,남,한나라당,경남 양산시,지역구,2000-05-30,2004-05-29,term_end,general,XF32334M,NA-API 의원이력; NA-API ALLNAMEMBER; kowiki list oldid=42446179,1,,term_end,,term_start,term_end,,,경상남도 양산시,,,무소속,한나라당,나오연,,,False
16,윤한도,尹漢道,1937-10-10,남,한나라당,"경남 의령,함안군",지역구,2000-05-30,2004-05-29,term_end,general,RLH4613I,NA-API 의원이력; NA-API ALLNAMEMBER; kowiki list oldid=42446179,1,,term_end,,term_start,term_end,,,경상남도 의령군·함안군,,,한나라당,한나라당,윤한도,,,False
16,하순봉,河舜鳳,1941-10-08,남,한나라당,경남 진주시,지역구,2000-05-30,2004-05-03,,general,BIY4474S,NA-API 의원이력; NA-API ALLNAMEMBER; kowiki list oldid=42446179,1,,unknown,,term_start,single_source,,,경상남도 진주시,,,무소속,한나라당,하순봉,,,False
16,김학송,金鶴松,1952-07-06,남,한나라당,경남 진해시,지역구,2000-05-30,2004-05-29,term_end,general,KDL4367Q,NA-API 의원이력; NA-API ALLNAMEMBER; kowiki list oldid=42446179,1,,term_end,,term_start,term_end,,,경상남도 진해시,,,한나라당,한나라당,김학송,,,False
16,김종하,金鍾河,1934-08-10,남,한나라당,경남 창원시갑,지역구,2000-05-30,2004-05-29,term_end,general,HZI5846H,NA-API 의원이력; NA-API ALLNAMEMBER; kowiki list oldid=42446179,1,,term_end,,term_start,term_end,,,경상남도 창원시 갑,,,한나라당,한나라당,김종하 (정치인),,,False
16,이주영,李柱榮,1951-09-30,남,한나라당,경남 창원시을,지역구,2000-05-30,2004-05-29,term_end,general,8IN46764,NA-API 의원이력; NA-API ALLNAMEMBER; kowiki list oldid=42446179,1,,term_end,,term_start,term_end,,,경상남도 창원시 을,,,한나라당,한나라당,이주영 (1951년),,,True
16,김동욱,金東旭,1938-01-04,남,한나라당,"경남 통영시,고성군",지역구,2000-05-30,2004-05-29,term_end,general,7XD22708,NA-API 의원이력; NA-API ALLNAMEMBER; kowiki list oldid=42446179,1,,term_end,,term_start,term_end,,,경상남도 통영시·고성군,,,한나라당,한나라당,김동욱 (1934년),,,False
16,이강두,李康斗,1937-01-26,남,한나라당,"경남 함양,거창군",지역구,2000-05-30,2004-05-29,term_end,general,W8L79935,NA-API 의원이력; NA-API ALLNAMEMBER; kowiki list oldid=42446179,1,,term_end,,term_start,term_end,,,경상남도 함양군·거창군,,,한나라당,한나라당,이강두,,,False
16,박재욱,朴在旭,1938-01-04,남,한나라당,"경북 경산시,청도군",지역구,2000-05-30,2004-05-29,term_end,general,A596405J,NA-API 의원이력; NA-API ALLNAMEMBER; kowiki list oldid=42446179,1,,term_end,,term_start,term_end,,,경상북도 경산시·청도군,,,한나라당,한나라당,박재욱 (정치인),,,False
16,김일윤,金一潤,1938-12-17,남,한나라당,경북 경주시,지역구,2000-05-30,2004-05-29,term_end,general,UY23844S,NA-API 의원이력; NA-API ALLNAMEMBER; kowiki list oldid=42446179,1,,term_end,,term_start,term_end,,,경상북도 경주시,,,무소속,한나라당,김일윤,,,False
16,주진우,朱鎭旴,1949-08-28,남,한나라당,"경북 고령,성주군",지역구,2000-05-30,2004-05-29,term_end,general,IRT9826E,NA-API 의원이력; NA-API ALLNAMEMBER; kowiki list oldid=42446179,1,,term_end,,term_start,term_end,,,경상북도 고령군·성주군,,,한나라당,한나라당,주진우 (1949년),,,True
16,김성조,金晟祚,1958-11-15,남,한나라당,경북 구미시,지역구,2000-05-30,2004-05-29,term_end,general,DYN10119,NA-API 의원이력; NA-API ALLNAMEMBER; kowiki list oldid=42446179,1,,term_end,,term_start,term_end,,,경상북도 구미시,,,한나라당,한나라당,김성조,,,False
16,정창화,鄭昌和,1940-08-02,남,한나라당,"경북 군위,의성군",지역구,2000-05-30,2004-05-29,term_end,general,NBM68293,NA-API 의원이력; NA-API ALLNAMEMBER; kowiki list oldid=42446179,1,,term_end,,term_start,term_end,,,경상북도 군위군·의성군,,,한나라당,한나라당,정창화 (1940년),,,False
16,임인배,林仁培,1954-04-27,남,한나라당,경북 김천시,지역구,2000-05-30,2004-05-29,term_end,general,8NC1161S,NA-API 의원이력; NA-API ALLNAMEMBER; kowiki list oldid=42446179,1,,term_end,,term_start,term_end,,,경상북도 김천시,,,한나라당,한나라당,임인배,,,False
16,신영국,申榮國,1943-10-15,남,한나라당,"경북 문경시,예천군",지역구,2000-05-30,2004-05-29,term_end,general,OX877045,NA-API 의원이력; NA-API ALLNAMEMBER; kowiki list oldid=42446179,1,,term_end,,term_start,term_end,,,경상북도 문경시·예천군,,,한나라당,한나라당,신영국,,,False
16,김광원,金光元,1940-12-15,남,한나라당,"경북 봉화,울진군",지역구,2000-05-30,2004-05-29,term_end,general,KOC6603F,NA-API 의원이력; NA-API ALLNAMEMBER; kowiki list oldid=42446179,1,,term_end,,term_start,term_end,,,경상북도 봉화군·울진군,,,한나라당,한나라당,김광원,,,False
16,이상배,李相培,1939-10-10,남,한나라당,경북 상주시,지역구,2000-05-30,2004-05-29,term_end,general,AV73550N,NA-API 의원이력; NA-API ALLNAMEMBER; kowiki list oldid=42446179,1,,term_end,,term_start,term_end,,,경상북도 상주시,,,한나라당,한나라당,이상배 (1939년),,,False
16,권오을,權五乙,1957-03-17,남,한나라당,경북 안동시,지역구,2000-05-30,2004-05-29,term_end,general,3OA12807,NA-API 의원이력; NA-API ALLNAMEMBER; kowiki list oldid=42446179,1,,term_end,,term_start,term_end,,,경상북도 안동시,,,한나라당,한나라당,권오을,,,False
16,박시균,朴是均,1938-02-14,남,한나라당,경북 영주시,지역구,2000-05-30,2004-05-29,term_end,general,PK58741O,NA-API 의원이력; NA-API ALLNAMEMBER; kowiki list oldid=42446179,1,,term_end,,term_start,term_end,,,경상북도 영주시,,,무소속,한나라당,박시균,,,False
16,박헌기,朴憲基,1936-02-23,남,한나라당,경북 영천시,지역구,2000-05-30,2004-05-29,term_end,general,70X11962,NA-API 의원이력; NA-API ALLNAMEMBER; kowiki list oldid=42446179,1,,term_end,,term_start,term_end,,,경상북도 영천시,,,한나라당,한나라당,박헌기,,,False
16,김찬우,金燦于,1933-01-15,남,한나라당,"경북 청송,영양,영덕군",지역구,2000-05-30,2004-05-29,term_end,general,DPP5766B,NA-API 의원이력; NA-API ALLNAMEMBER; kowiki list oldid=42446179,1,,term_end,,term_start,term_end,,,경상북도 청송군·영양군·영덕군,,,한나라당,한나라당,김찬우 (1933년),,,False
16,이인기,李仁基,1953-02-26,남,한나라당,경북 칠곡군,지역구,2000-05-30,2004-05-29,term_end,general,6MT5042E,NA-API 의원이력; NA-API ALLNAMEMBER; kowiki list oldid=42446179,1,,term_end,,term_start,term_end,,,경상북도 칠곡군,,,한나라당,한나라당,이인기 (1953년),,,False
16,이상득,李相得,1935-11-29,남,한나라당,"경북 포항시남구,울릉군",지역구,2000-05-30,2004-05-29,term_end,general,RLG4231U,NA-API 의원이력; NA-API ALLNAMEMBER; kowiki list oldid=42446179,1,,term_end,,term_start,term_end,,,경상북도 포항시 남구·울릉군,,,한나라당,한나라당,이상득,,,False
16,이병석,李秉錫,1952-10-28,남,한나라당,경북 포항시북구,지역구,2000-05-30,2004-05-29,term_end,general,D7L1937J,NA-API 의원이력; NA-API ALLNAMEMBER; kowiki list oldid=42446179,1,,term_end,,term_start,term_end,,,경상북도 포항시 북구,,,한나라당,한나라당,이병석 (1952년),,,False
16,전갑길,全甲吉,1957-10-10,남,새천년민주당,광주 광산구,지역구,2000-05-30,2004-05-29,term_end,general,58Z2089C,NA-API 의원이력; NA-API ALLNAMEMBER; kowiki list oldid=42446179,1,,term_end,,term_start,term_end,,,광주광역시 광산구,,,새천년민주당,새천년민주당,전갑길,,,False
16,강운태,姜雲太,1948-11-15,남,무소속,광주 남구,지역구,2000-05-30,2004-05-29,term_end,general,9YV1627V,NA-API 의원이력; NA-API ALLNAMEMBER; kowiki list oldid=42446179,1,,term_end,,term_start,term_end,,,광주광역시 남구,,,새천년민주당,무소속,강운태,,,False
16,김경천,金敬天,1941-12-16,여,새천년민주당,광주 동구,지역구,2000-05-30,2004-05-29,term_end,general,HG32333M,NA-API 의원이력; NA-API ALLNAMEMBER; kowiki list oldid=42446179,1,,term_end,,term_start,term_end,,,광주광역시 동구,,,새천년민주당,새천년민주당,김경천 (1941년),,,False
16,박광태,朴光泰,1943-06-02,남,새천년민주당,광주 북구갑,지역구,2000-05-30,2002-07-01,elected_other_office,general,TF57207F,NA-API 의원이력; NA-API ALLNAMEMBER; kowiki list oldid=42446179; kowiki 의석변동 oldid=42446181,1,,took_office_as_elected_local_head,광주시장 취임으로 의원직 사퇴 / 의원직 사퇴,term_start,confirmed,,wikiseat,광주광역시 북구 갑,,,새천년민주당,새천년민주당,박광태,,,False
16,김상현,金相賢,1935-12-06,남,새천년민주당,광주 북구갑,지역구,2002-08-08,2004-05-29,term_end,by_election,JJ64316E,NA-API 의원이력; NA-API ALLNAMEMBER; kowiki list oldid=42446179; kowiki 의석변동 oldid=42446181,1,,term_end,,confirmed,term_end,wikilist+wikiseat,,광주광역시 북구 갑,,,새천년민주당,새천년민주당,김상현 (1935년),,,False
16,김태홍,金泰弘,1942-09-27,남,새천년민주당,광주 북구을,지역구,2000-05-30,2004-05-29,term_end,general,17671841,NA-API 의원이력; NA-API ALLNAMEMBER; kowiki list oldid=42446179,1,,term_end,,term_start,term_end,,,광주광역시 북구 을,,,열린우리당,새천년민주당,김태홍 (정치인),,,False
16,정동채,鄭東采,1950-07-03,남,새천년민주당,광주 서구,지역구,2000-05-30,2004-05-29,term_end,general,VTN3694W,NA-API 의원이력; NA-API ALLNAMEMBER; kowiki list oldid=42446179,1,,term_end,,term_start,term_end,,,광주광역시 서구,,,열린우리당,새천년민주당,정동채,,,False
16,현승일,玄勝一,1942-02-05,남,한나라당,대구 남구,지역구,2000-05-30,2004-05-29,term_end,general,PEI7872A,NA-API 의원이력; NA-API ALLNAMEMBER; kowiki list oldid=42446179,1,,term_end,,term_start,term_end,,,대구광역시 남구,,,한나라당,한나라당,현승일,,,False
16,박종근,朴鍾根,1937-02-05,남,한나라당,대구 달서구갑,지역구,2000-05-30,2004-05-29,term_end,general,44936542,NA-API 의원이력; NA-API ALLNAMEMBER; kowiki list oldid=42446179,1,,term_end,,term_start,term_end,,,대구광역시 달서구 갑,,,한나라당,한나라당,박종근 (1937년),,,False
16,이해봉,李海鳳,1942-06-15,남,한나라당,대구 달서구을,지역구,2000-05-30,2004-05-29,term_end,general,RVD1966C,NA-API 의원이력; NA-API ALLNAMEMBER; kowiki list oldid=42446179,1,,term_end,,term_start,term_end,,,대구광역시 달서구 을,,,한나라당,한나라당,이해봉 (1942년),,,False
16,박근혜,朴槿惠,1952-02-02,여,한나라당,대구 달성군,지역구,2000-05-30,2004-05-29,term_end,general,4HB8518T,NA-API 의원이력; NA-API ALLNAMEMBER; kowiki list oldid=42446179,1,,term_end,,term_start,term_end,,,대구광역시 달성군,,,한나라당,한나라당,박근혜,,,False
16,강신성일,姜申星一,1937-05-08,남,한나라당,대구 동구,지역구,2000-05-30,2004-05-29,term_end,general,4AD9396G,NA-API 의원이력; NA-API ALLNAMEMBER; kowiki list oldid=42446179,1,,term_end,,term_start,term_end,,,대구광역시 동구,,,한나라당,한나라당,강신성일,,,False
16,박승국,朴承國,1940-04-01,남,한나라당,대구 북구갑,지역구,2000-05-30,2004-05-29,term_end,general,A279211A,NA-API 의원이력; NA-API ALLNAMEMBER; kowiki list oldid=42446179,1,,term_end,,term_start,term_end,,,대구광역시 북구 갑,,,열린우리당,한나라당,박승국 (정치인),,,False
16,안택수,安澤秀,1943-11-13,남,한나라당,대구 북구을,지역구,2000-05-30,2004-05-29,term_end,general,6GM6942I,NA-API 의원이력; NA-API ALLNAMEMBER; kowiki list oldid=42446179,1,,term_end,,term_start,term_end,,,대구광역시 북구 을,,,한나라당,한나라당,안택수,,,False
16,강재섭,姜在涉,1948-03-28,남,한나라당,대구 서구을,지역구,2000-05-30,2004-05-29,term_end,general,IU67432G,NA-API 의원이력; NA-API ALLNAMEMBER; kowiki list oldid=42446179,1,,term_end,,term_start,term_end,,,대구광역시 서구,,,한나라당,한나라당,강재섭,,,False
16,김만제,金滿堤,1934-12-03,남,한나라당,대구 수성구갑,지역구,2000-05-30,2004-05-29,term_end,general,7Y578853,NA-API 의원이력; NA-API ALLNAMEMBER; kowiki list oldid=42446179,1,,term_end,,term_start,term_end,,,대구광역시 수성구 갑,,,한나라당,한나라당,김만제,,,False
16,윤영탁,尹榮卓,1933-06-04,남,한나라당,대구 수성구을,지역구,2000-05-30,2004-05-29,term_end,general,I6J48467,NA-API 의원이력; NA-API ALLNAMEMBER; kowiki list oldid=42446179,1,,term_end,,term_start,term_end,,,대구광역시 수성구 을,,,한나라당,한나라당,윤영탁,,,False
16,백승홍,白承弘,1943-11-21,남,한나라당,대구 중구,지역구,2000-05-30,2004-05-29,term_end,general,2GA5658A,NA-API 의원이력; NA-API ALLNAMEMBER; kowiki list oldid=42446179,1,,term_end,,term_start,term_end,,,대구광역시 중구,,,무소속,한나라당,백승홍,,,False
16,김원웅,金元雄,1944-03-08,남,한나라당,대전 대덕구,지역구,2000-05-30,2004-05-29,term_end,general,OKR39415,NA-API 의원이력; NA-API ALLNAMEMBER; kowiki list oldid=42446179,1,,term_end,,term_start,term_end,,,대전광역시 대덕구,,,열린우리당,한나라당,김원웅,,,False
16,이양희,李良熙,1945-05-20,남,자유민주연합,대전 동구,지역구,2000-05-30,2004-05-29,term_end,general,3L95335E,NA-API 의원이력; NA-API ALLNAMEMBER; kowiki list oldid=42446179,1,,term_end,,term_start,term_end,,,대전광역시 동구,,,한나라당,자유민주연합,이양희 (1945년),,,False
16,박병석,朴炳錫,1952-01-25,남,새천년민주당,대전 서구갑,지역구,2000-05-30,2004-05-29,term_end,general,BLC8630L,NA-API 의원이력; NA-API ALLNAMEMBER; kowiki list oldid=42446179,1,,term_end,,term_start,term_end,,,대전광역시 서구 갑,,,열린우리당,새천년민주당,박병석,,,False
16,이재선,李在善,1956-12-19,남,자유민주연합,대전 서구을,지역구,2000-05-30,2004-05-29,term_end,general,DDK4008U,NA-API 의원이력; NA-API ALLNAMEMBER; kowiki list oldid=42446179,1,,term_end,,term_start,term_end,,,대전광역시 서구 을,,,한나라당,자유민주연합,이재선 (1956년),,,False
16,송석찬,宋錫贊,1952-01-15,남,새천년민주당,대전 유성구,지역구,2000-05-30,2004-05-14,,general,K1B4342D,NA-API 의원이력; NA-API ALLNAMEMBER; kowiki list oldid=42446179,1,,unknown,,term_start,single_source,,,대전광역시 유성구,,,열린우리당,새천년민주당,송석찬,,,False
16,강창희,姜昌熙,1946-08-03,남,자유민주연합,대전 중구,지역구,2000-05-30,2004-05-29,term_end,general,PAQ11014,NA-API 의원이력; NA-API ALLNAMEMBER; kowiki list oldid=42446179,1,,term_end,,term_start,term_end,,,대전광역시 중구,,,한나라당,자유민주연합,강창희 (정치인),,,False
16,김진재,金鎭載,1943-02-19,남,한나라당,부산 금정구,지역구,2000-05-30,2004-05-29,term_end,general,IQX29457,NA-API 의원이력; NA-API ALLNAMEMBER; kowiki list oldid=42446179,1,,term_end,,term_start,term_end,,,부산광역시 금정구,,,한나라당,한나라당,김진재,,,False
16,김무성,金武星,1951-09-20,남,한나라당,부산 남구,지역구,2000-05-30,2004-05-29,term_end,general,SNJ6318D,NA-API 의원이력; NA-API ALLNAMEMBER; kowiki list oldid=42446179,1,,term_end,,term_start,term_end,,,부산광역시 남구,,,한나라당,한나라당,김무성,,,False
16,박관용,朴寬用,1938-06-06,남,한나라당,부산 동래구,지역구,2000-05-30,2004-05-29,term_end,general,TQH7044H,NA-API 의원이력; NA-API ALLNAMEMBER; kowiki list oldid=42446179,1,,term_end,,term_start,term_end,,,부산광역시 동래구,,,무소속,한나라당,박관용,,,False
16,정재문,鄭在文,1936-10-31,남,한나라당,부산 부산진구갑,지역구,2000-05-30,2002-06-28,disqualified,general,QL63675M,NA-API 의원이력; NA-API ALLNAMEMBER; kowiki list oldid=42446179; kowiki 의석변동 oldid=42446181,1,,court_ruling_election_law,당선무효 / 의원직 상실,term_start,confirmed,,wikilist+wikiseat,부산광역시 부산진구 갑,,,한나라당,한나라당,정재문,,,False
16,김병호,金秉浩,1943-01-15,남,한나라당,부산 부산진구갑,지역구,2002-08-08,2004-05-29,term_end,by_election,ZY76641C,NA-API 의원이력; NA-API ALLNAMEMBER; kowiki list oldid=42446179; kowiki 의석변동 oldid=42446181,1,,term_end,,confirmed,term_end,wikilist+wikiseat,,부산광역시 부산진구 갑,,,한나라당,한나라당,김병호 (1943년),,,False
16,도종이,都鐘伊,1941-08-17,남,한나라당,부산 부산진구을,지역구,2000-05-30,2004-05-29,term_end,general,GJC8715J,NA-API 의원이력; NA-API ALLNAMEMBER; kowiki list oldid=42446179,1,,term_end,,term_start,term_end,,,부산광역시 부산진구 을,,,한나라당,한나라당,도종이,,,False
16,정형근,鄭亨根,1945-07-26,남,한나라당,"부산 북,강서구갑",지역구,2000-05-30,2004-05-29,term_end,general,AUU8827S,NA-API 의원이력; NA-API ALLNAMEMBER; kowiki list oldid=42446179,1,,term_end,,term_start,term_end,,,부산광역시 북구·강서구 갑,,,한나라당,한나라당,정형근,,,False
16,허태열,許泰烈,1945-07-25,남,한나라당,"부산 북,강서구을",지역구,2000-05-30,2004-05-29,term_end,general,OE127272,NA-API 의원이력; NA-API ALLNAMEMBER; kowiki list oldid=42446179,1,,term_end,,term_start,term_end,,,부산광역시 북구·강서구 을,,,한나라당,한나라당,허태열,,,False
16,권철현,權哲賢,1947-01-02,남,한나라당,부산 사상구,지역구,2000-05-30,2004-05-29,term_end,general,K4669042,NA-API 의원이력; NA-API ALLNAMEMBER; kowiki list oldid=42446179,1,,term_end,,term_start,term_end,,,부산광역시 사상구,,,한나라당,한나라당,권철현,,,False
16,엄호성,嚴虎聲,1955-10-23,남,한나라당,부산 사하구갑,지역구,2000-05-30,2004-05-29,term_end,general,8TR5716Y,NA-API 의원이력; NA-API ALLNAMEMBER; kowiki list oldid=42446179,1,,term_end,,term_start,term_end,,,부산광역시 사하구 갑,,,한나라당,한나라당,엄호성,,,False
16,박종웅,朴鍾雄,1953-08-09,남,한나라당,부산 사하구을,지역구,2000-05-30,2004-05-29,term_end,general,96J8998B,NA-API 의원이력; NA-API ALLNAMEMBER; kowiki list oldid=42446179,1,,term_end,,term_start,term_end,,,부산광역시 사하구 을,,,무소속,한나라당,박종웅,,,False
16,정문화,鄭文和,1940-11-02,남,한나라당,부산 서구,지역구,2000-05-30,2004-05-29,term_end,general,JLO1005S,NA-API 의원이력; NA-API ALLNAMEMBER; kowiki list oldid=42446179,1,,term_end,,term_start,term_end,,,부산광역시 서구,,,한나라당,한나라당,정문화,,,False
16,유흥수,柳興洙,1937-12-03,남,한나라당,부산 수영구,지역구,2000-05-30,2004-05-29,term_end,general,L299333I,NA-API 의원이력; NA-API ALLNAMEMBER; kowiki list oldid=42446179,1,,term_end,,term_start,term_end,,,부산광역시 수영구,,,한나라당,한나라당,유흥수,,,False
16,권태망,權泰望,1953-10-27,남,한나라당,부산 연제구,지역구,2000-05-30,2004-05-29,term_end,general,99O5119D,NA-API 의원이력; NA-API ALLNAMEMBER; kowiki list oldid=42446179,1,,term_end,,term_start,term_end,,,부산광역시 연제구,,,무소속,한나라당,권태망,,,False
16,김형오,金炯旿,1947-11-30,남,한나라당,부산 영도구,지역구,2000-05-30,2004-05-29,term_end,general,4MX3134T,NA-API 의원이력; NA-API ALLNAMEMBER; kowiki list oldid=42446179,1,,term_end,,term_start,term_end,,,부산광역시 영도구,,,한나라당,한나라당,김형오,,,False
16,정의화,鄭義和,1948-12-18,남,한나라당,부산 중동구,지역구,2000-05-30,2004-05-29,term_end,general,V1849655,NA-API 의원이력; NA-API ALLNAMEMBER; kowiki list oldid=42446179,1,,term_end,,term_start,term_end,,,부산광역시 중구·동구,,,한나라당,한나라당,정의화,,,False
16,서병수,徐秉洙,1952-01-09,남,한나라당,부산 해운대구 기장군갑,지역구,2002-08-08,2004-05-29,term_end,by_election,CT85313K,NA-API 의원이력; NA-API ALLNAMEMBER; kowiki list oldid=42446179; kowiki 의석변동 oldid=42446181,1,,term_end,,confirmed,term_end,wikilist+wikiseat,,부산광역시 해운대구·기장군 갑,,,한나라당,한나라당,서병수,,,False
16,안경률,安炅律,1948-07-11,남,한나라당,부산 해운대구 기장군을,지역구,2000-05-30,2004-05-29,term_end,general,ZF959220,NA-API 의원이력; NA-API ALLNAMEMBER; kowiki list oldid=42446179,1,,term_end,,term_start,term_end,,,부산광역시 해운대구·기장군 을,,,한나라당,한나라당,안경률,,,False
16,손태인,孫泰仁,1946-10-18,남,한나라당,부산 해운대구기장군갑,지역구,2000-05-30,2002-01-05,died,general,GS489646,NA-API 의원이력; NA-API ALLNAMEMBER; kowiki list oldid=42446179; kowiki 의석변동 oldid=42446181,1,,died,사망 / 사망,term_start,confirmed,,wikilist+wikiseat,부산광역시 해운대구·기장군 갑,,,한나라당,한나라당,손태인,,,False
16,최병렬,崔秉烈,1938-09-16,남,한나라당,서울 강남구갑,지역구,2000-05-30,2004-05-29,term_end,general,34C34428,NA-API 의원이력; NA-API ALLNAMEMBER; kowiki list oldid=42446179,1,,term_end,,term_start,term_end,,,서울특별시 강남구 갑,,,한나라당,한나라당,최병렬 (정치인),,,False
16,오세훈,吳世勳,1961-01-04,남,한나라당,서울 강남구을,지역구,2000-05-30,2004-05-29,term_end,general,LB24097N,NA-API 의원이력; NA-API ALLNAMEMBER; kowiki list oldid=42446179,1,,term_end,,term_start,term_end,,,서울특별시 강남구 을,,,한나라당,한나라당,오세훈,,,False
16,이부영,李富榮,1942-09-26,남,한나라당,서울 강동구갑,지역구,2000-05-30,2004-05-29,term_end,general,QBY2805Y,NA-API 의원이력; NA-API ALLNAMEMBER; kowiki list oldid=42446179,1,,term_end,,term_start,term_end,,,서울특별시 강동구 갑,,,열린우리당,한나라당,이부영,,,False
16,심재권,沈載權,1946-08-15,남,새천년민주당,서울 강동구을,지역구,2000-05-30,2004-05-29,term_end,general,VXQ28579,NA-API 의원이력; NA-API ALLNAMEMBER; kowiki list oldid=42446179,1,,term_end,,term_start,term_end,,,서울특별시 강동구 을,,,새천년민주당,새천년민주당,심재권,,,False
16,김원길,金元吉,1943-01-02,남,새천년민주당,서울 강북구갑,지역구,2000-05-30,2004-05-29,term_end,general,YEB5724H,NA-API 의원이력; NA-API ALLNAMEMBER; kowiki list oldid=42446179,1,,term_end,,term_start,term_end,,,서울특별시 강북구 갑,,,한나라당,새천년민주당,김원길,,,False
16,조순형,趙舜衡,1935-03-10,남,새천년민주당,서울 강북구을,지역구,2000-05-30,2004-05-29,term_end,general,RE32613N,NA-API 의원이력; NA-API ALLNAMEMBER; kowiki list oldid=42446179,1,,term_end,,term_start,term_end,,,서울특별시 강북구 을,,,새천년민주당,새천년민주당,조순형,,,False
16,신기남,辛基南,1952-10-16,남,새천년민주당,서울 강서구갑,지역구,2000-05-30,2004-05-29,term_end,general,E2O7996B,NA-API 의원이력; NA-API ALLNAMEMBER; kowiki list oldid=42446179,1,,term_end,,term_start,term_end,,,서울특별시 강서구 갑,,,열린우리당,새천년민주당,신기남,,,False
16,김성호,金成鎬,1962-03-03,남,새천년민주당,서울 강서구을,지역구,2000-05-30,2004-05-29,term_end,general,QDK5367R,NA-API 의원이력; NA-API ALLNAMEMBER; kowiki list oldid=42446179,1,,term_end,,term_start,term_end,,,서울특별시 강서구 을,,,열린우리당,새천년민주당,김성호 (1962년),,,False
16,이훈평,李訓平,1943-04-26,남,새천년민주당,서울 관악구갑,지역구,2000-05-30,2004-05-29,term_end,general,7DB9465K,NA-API 의원이력; NA-API ALLNAMEMBER; kowiki list oldid=42446179,1,,term_end,,term_start,term_end,,,서울특별시 관악구 갑,,,새천년민주당,새천년민주당,이훈평,,,False
16,이해찬,李海瓚,1952-07-10,남,새천년민주당,서울 관악구을,지역구,2000-05-30,2004-05-29,term_end,general,9ZP9014Q,NA-API 의원이력; NA-API ALLNAMEMBER; kowiki list oldid=42446179,1,,term_end,,term_start,term_end,,,서울특별시 관악구 을,,,열린우리당,새천년민주당,이해찬,,,False
16,김영춘,金榮春,1962-02-05,남,한나라당,서울 광진구갑,지역구,2000-05-30,2004-05-29,term_end,general,TWL5801D,NA-API 의원이력; NA-API ALLNAMEMBER; kowiki list oldid=42446179,1,,term_end,,term_start,term_end,,,서울특별시 광진구 갑,,,열린우리당,한나라당,김영춘 (정치인),,,False
16,추미애,秋美愛,1958-10-23,여,새천년민주당,서울 광진구을,지역구,2000-05-30,2004-05-29,term_end,general,URV1689Q,NA-API 의원이력; NA-API ALLNAMEMBER; kowiki list oldid=42446179,1,,term_end,,term_start,term_end,,,서울특별시 광진구 을,,,새천년민주당,새천년민주당,추미애,,,False
16,김기배,金杞培,1936-08-09,남,한나라당,서울 구로구갑,지역구,2000-05-30,2004-05-29,term_end,general,6LQ1789H,NA-API 의원이력; NA-API ALLNAMEMBER; kowiki list oldid=42446179,1,,term_end,,term_start,term_end,,,서울특별시 구로구 갑,,,무소속,한나라당,김기배,,,False
16,장영신,張英信,1936-07-22,여,새천년민주당,서울 구로구을,지역구,2000-05-30,2001-07-13,disqualified,general,Z2N3716N,NA-API 의원이력; NA-API ALLNAMEMBER; kowiki list oldid=42446179; kowiki 의석변동 oldid=42446181,1,,election_voided_by_court,대법원에서 선거 무효 판결로 의원직 상실 / 의원직 상실,term_start,confirmed,,wikilist+wikiseat,서울특별시 구로구 을,,,새천년민주당,새천년민주당,장영신,,,False
16,이승철,李承哲,1964-11-12,남,한나라당,서울 구로구을,지역구,2001-10-25,2004-05-29,term_end,by_election,XHJ97828,NA-API 의원이력; NA-API ALLNAMEMBER; kowiki list oldid=42446179; kowiki 의석변동 oldid=42446181,1,,term_end,,confirmed,term_end,wikilist+wikiseat,,서울특별시 구로구 을,,,한나라당,한나라당,이승철 (1964년),,,False
16,장성민,張誠珉,1963-09-05,남,새천년민주당,서울 금천구,지역구,2000-05-30,2002-01-22,disqualified,general,I1A2946I,NA-API 의원이력; NA-API ALLNAMEMBER; kowiki list oldid=42446179; kowiki 의석변동 oldid=42446181,1,,court_ruling_election_law,대법원에서 공직선거법 위반으로 당선무효형 확정 / 의원직 상실,term_start,confirmed,,wikilist+wikiseat,서울특별시 금천구,,,새천년민주당,새천년민주당,장성민,,,False
16,이우재,李佑宰,1936-09-13,남,한나라당,서울 금천구,지역구,2002-08-08,2004-05-29,term_end,by_election,YZJ60561,NA-API 의원이력; NA-API ALLNAMEMBER; kowiki list oldid=42446179; kowiki 의석변동 oldid=42446181,1,,term_end,,confirmed,term_end,wikilist+wikiseat,,서울특별시 금천구,,,열린우리당,한나라당,이우재 (1936년),,,False
16,함승희,咸承熙,1951-02-10,남,새천년민주당,서울 노원구갑,지역구,2000-05-30,2004-05-29,term_end,general,DLT8355V,NA-API 의원이력; NA-API ALLNAMEMBER; kowiki list oldid=42446179,1,,term_end,,term_start,term_end,,,서울특별시 노원구 갑,,,새천년민주당,새천년민주당,함승희,,,False
16,임채정,林采正,1941-05-14,남,새천년민주당,서울 노원구을,지역구,2000-05-30,2004-05-29,term_end,general,UWS28633,NA-API 의원이력; NA-API ALLNAMEMBER; kowiki list oldid=42446179,1,,term_end,,term_start,term_end,,,서울특별시 노원구 을,,,열린우리당,새천년민주당,임채정,,,False
16,김근태,金槿泰,1947-02-14,남,새천년민주당,서울 도봉구갑,지역구,2000-05-30,2004-05-29,term_end,general,PJW7804X,NA-API 의원이력; NA-API ALLNAMEMBER; kowiki list oldid=42446179,1,,term_end,,term_start,term_end,,,서울특별시 도봉구 갑,,,열린우리당,새천년민주당,김근태 (1947년),,,True
16,설훈,薛勳,1953-04-23,남,새천년민주당,서울 도봉구을,지역구,2000-05-30,2004-05-29,term_end,general,OW53107J,NA-API 의원이력; NA-API ALLNAMEMBER; kowiki list oldid=42446179,1,,term_end,,term_start,term_end,,,서울특별시 도봉구 을,,,새천년민주당,새천년민주당,설훈,,,False
16,김희선,金希宣,1943-10-28,여,새천년민주당,서울 동대문구갑,지역구,2000-05-30,2004-05-29,term_end,general,A9233564,NA-API 의원이력; NA-API ALLNAMEMBER; kowiki list oldid=42446179,1,,term_end,,term_start,term_end,,,서울특별시 동대문구 갑,,,열린우리당,새천년민주당,김희선 (정치인),,,False
16,김영구,金榮龜,1940-01-12,남,한나라당,서울 동대문구을,지역구,2000-05-30,2001-06-01,disqualified,general,FSJ32138,NA-API 의원이력; NA-API ALLNAMEMBER; kowiki list oldid=42446179; kowiki 의석변동 oldid=42446181,1,,election_voided_by_court,대법원에서 선거 무효 판결로 의원직 상실 / 선거무효,term_start,confirmed,,wikilist+wikiseat,서울특별시 동대문구 을,,,한나라당,한나라당,김영구 (1940년),,,True
16,홍준표,洪準杓,1954-12-05,남,한나라당,서울 동대문구을,지역구,2001-10-26,2004-05-29,term_end,by_election,NAL4555X,NA-API 의원이력; NA-API ALLNAMEMBER; kowiki list oldid=42446179; kowiki 의석변동 oldid=42446181,1,,term_end,,confirmed_pollday_plus1,term_end,wikilist=2001-10-25; wikiseat=2001-10-25,,서울특별시 동대문구 을,,,한나라당,한나라당,홍준표,,,False
16,서청원,徐淸源,1943-04-03,남,한나라당,서울 동작구갑,지역구,2000-05-30,2004-05-29,term_end,general,4Y54669I,NA-API 의원이력; NA-API ALLNAMEMBER; kowiki list oldid=42446179,1,,term_end,,term_start,term_end,,,서울특별시 동작구 갑,,,무소속,한나라당,서청원,,,False
16,유용태,劉容泰,1938-07-02,남,새천년민주당,서울 동작구을,지역구,2000-05-30,2004-05-29,term_end,general,6WR1491M,NA-API 의원이력; NA-API ALLNAMEMBER; kowiki list oldid=42446179,1,,term_end,,term_start,term_end,,,서울특별시 동작구 을,,,새천년민주당,새천년민주당,유용태,,,False
16,박명환,朴明煥,1938-04-13,남,한나라당,서울 마포구갑,지역구,2000-05-30,2004-05-29,term_end,general,Y786057K,NA-API 의원이력; NA-API ALLNAMEMBER; kowiki list oldid=42446179,1,,term_end,,term_start,term_end,,,서울특별시 마포구 갑,,,한나라당,한나라당,박명환 (1938년),,,False
16,박주천,朴柱千,1941-07-01,남,한나라당,서울 마포구을,지역구,2000-05-30,2004-05-29,term_end,general,ACK5474A,NA-API 의원이력; NA-API ALLNAMEMBER; kowiki list oldid=42446179,1,,term_end,,term_start,term_end,,,서울특별시 마포구 을,,,무소속,한나라당,박주천,,,False
16,이성헌,李性憲,1958-05-30,남,한나라당,서울 서대문구갑,지역구,2000-05-30,2004-05-29,term_end,general,LZQ7860L,NA-API 의원이력; NA-API ALLNAMEMBER; kowiki list oldid=42446179,1,,term_end,,term_start,term_end,,,서울특별시 서대문구 갑,,,한나라당,한나라당,이성헌,,,False
16,장재식,張在植,1935-01-19,남,새천년민주당,서울 서대문구을,지역구,2000-05-30,2004-05-29,term_end,general,F5N24241,NA-API 의원이력; NA-API ALLNAMEMBER; kowiki list oldid=42446179,1,,term_end,,term_start,term_end,,,서울특별시 서대문구 을,,,새천년민주당,새천년민주당,장재식,,,False
16,박원홍,朴源弘,1942-06-11,남,한나라당,서울 서초구갑,지역구,2000-05-30,2004-05-29,term_end,general,85C2643H,NA-API 의원이력; NA-API ALLNAMEMBER; kowiki list oldid=42446179,1,,term_end,,term_start,term_end,,,서울특별시 서초구 갑,,,무소속,한나라당,박원홍,,,False
16,김덕룡,金德龍,1941-04-06,남,한나라당,서울 서초구을,지역구,2000-05-30,2004-05-29,term_end,general,WFJ6020P,NA-API 의원이력; NA-API ALLNAMEMBER; kowiki list oldid=42446179,1,,term_end,,term_start,term_end,,,서울특별시 서초구 을,,,한나라당,한나라당,김덕룡,,,False
16,임종석,任鍾晳,1966-04-24,남,새천년민주당,서울 성동구,지역구,2000-05-30,2004-05-29,term_end,general,PJB6652Y,NA-API 의원이력; NA-API ALLNAMEMBER; kowiki list oldid=42446179,1,,term_end,,term_start,term_end,,,서울특별시 성동구,,,열린우리당,새천년민주당,임종석,,,False
16,유재건,柳在乾,1937-09-19,남,새천년민주당,서울 성북구갑,지역구,2000-05-30,2004-05-29,term_end,general,AEF95742,NA-API 의원이력; NA-API ALLNAMEMBER; kowiki list oldid=42446179,1,,term_end,,term_start,term_end,,,서울특별시 성북구 갑,,,열린우리당,새천년민주당,유재건,,,False
16,신계륜,申溪輪,1954-08-13,남,새천년민주당,서울 성북구을,지역구,2000-05-30,2004-05-29,term_end,general,S2C3781V,NA-API 의원이력; NA-API ALLNAMEMBER; kowiki list oldid=42446179,1,,term_end,,term_start,term_end,,,서울특별시 성북구 을,,,열린우리당,새천년민주당,신계륜,,,False
16,맹형규,孟亨奎,1946-08-09,남,한나라당,서울 송파구갑,지역구,2000-05-30,2004-05-29,term_end,general,5PS66776,NA-API 의원이력; NA-API ALLNAMEMBER; kowiki list oldid=42446179,1,,term_end,,term_start,term_end,,,서울특별시 송파구 갑,,,한나라당,한나라당,맹형규,,,False
16,김성순,金聖順,1940-09-28,남,새천년민주당,서울 송파구을,지역구,2000-05-30,2004-05-29,term_end,general,P6Q6720D,NA-API 의원이력; NA-API ALLNAMEMBER; kowiki list oldid=42446179,1,,term_end,,term_start,term_end,,,서울특별시 송파구 을,,,새천년민주당,새천년민주당,김성순,,,False
16,원희룡,元喜龍,1964-02-14,남,한나라당,서울 양천구갑,지역구,2000-05-30,2004-05-29,term_end,general,1EL35837,NA-API 의원이력; NA-API ALLNAMEMBER; kowiki list oldid=42446179,1,,term_end,,term_start,term_end,,,서울특별시 양천구 갑,,,한나라당,한나라당,원희룡,,,False
16,김영배,金令培,1932-12-23,남,새천년민주당,서울 양천구을,지역구,2000-05-30,2003-03-28,disqualified,general,Y2W9921H,NA-API 의원이력; NA-API ALLNAMEMBER; kowiki list oldid=42446179; kowiki 의석변동 oldid=42446181,1,,court_ruling_election_law,대법원에서 공직선거법 위반으로 당선무효형 확정 / 의원직 상실,term_start,confirmed,,wikilist+wikiseat,서울특별시 양천구 을,,,새천년민주당,새천년민주당,김영배 (1932년),,,True
16,오경훈,吳慶勳,1964-03-08,남,한나라당,서울 양천구을,지역구,2003-04-24,2004-05-29,term_end,by_election,KQE57592,NA-API 의원이력; NA-API ALLNAMEMBER; kowiki list oldid=42446179; kowiki 의석변동 oldid=42446181,1,,term_end,,confirmed,term_end,wikilist+wikiseat,,서울특별시 양천구 을,,,한나라당,한나라당,오경훈,,,False
16,김명섭,金明燮,1938-07-27,남,새천년민주당,서울 영등포구갑,지역구,2000-05-30,2004-05-29,term_end,general,SX52964G,NA-API 의원이력; NA-API ALLNAMEMBER; kowiki list oldid=42446179,1,,term_end,,term_start,term_end,,,서울특별시 영등포구 갑,,,열린우리당,새천년민주당,김명섭 (1938년),,,False
16,김민석,金民錫,1964-05-29,남,새천년민주당,서울 영등포구을,지역구,2000-05-30,2002-07-08,resigned,general,MLH1404S,NA-API 의원이력; NA-API ALLNAMEMBER; kowiki list oldid=42446179; kowiki 의석변동 oldid=42446181,1,,resigned_to_run_for_other_office,서울시장 출마로 사퇴 / 의원직 사퇴,term_start,api_later_than_wiki,,wikilist=2002-05-27; wikiseat=2002-05-27,서울특별시 영등포구 을,,,새천년민주당,새천년민주당,김민석 (정치인),,,False
16,권영세,權寧世,1959-02-24,남,한나라당,서울 영등포구을,지역구,2002-08-08,2004-05-29,term_end,by_election,LG63087O,NA-API 의원이력; NA-API ALLNAMEMBER; kowiki list oldid=42446179; kowiki 의석변동 oldid=42446181,1,,term_end,,confirmed,term_end,wikilist+wikiseat,,서울특별시 영등포구 을,,,한나라당,한나라당,권영세 (1959년),,,False
16,설송웅,설松雄,1942-08-10,남,새천년민주당,서울 용산구,지역구,2000-05-30,2004-05-29,term_end,general,K1A87893,NA-API 의원이력; NA-API ALLNAMEMBER; kowiki list oldid=42446179,1,,term_end,,term_start,term_end,,,서울특별시 용산구,,,열린우리당,새천년민주당,설송웅,,,False
16,강인섭,姜仁燮,1936-08-20,남,한나라당,서울 은평구갑,지역구,2000-05-30,2004-05-29,term_end,general,CHV1403B,NA-API 의원이력; NA-API ALLNAMEMBER; kowiki list oldid=42446179,1,,term_end,,term_start,term_end,,,서울특별시 은평구 갑,,,한나라당,한나라당,강인섭,,,False
16,이재오,李在五,1945-01-11,남,한나라당,서울 은평구을,지역구,2000-05-30,2004-05-29,term_end,general,NDH62175,NA-API 의원이력; NA-API ALLNAMEMBER; kowiki list oldid=42446179,1,,term_end,,term_start,term_end,,,서울특별시 은평구 을,,,한나라당,한나라당,이재오,,,False
16,정인봉,鄭寅鳳,1953-12-10,남,한나라당,서울 종로구,지역구,2000-05-30,2002-06-25,disqualified,general,QZJ4983O,NA-API 의원이력; NA-API ALLNAMEMBER; kowiki list oldid=42446179; kowiki 의석변동 oldid=42446181,1,,court_ruling_election_law,대법원에서 공직선거법 위반으로 당선무효형 확정 / 의원직 상실,term_start,confirmed,,wikilist+wikiseat,서울특별시 종로구,,,한나라당,한나라당,정인봉,,,False
16,박진,朴振,1956-09-16,남,한나라당,서울 종로구,지역구,2002-08-08,2004-05-29,term_end,by_election,QKO6165V,NA-API 의원이력; NA-API ALLNAMEMBER; kowiki list oldid=42446179; kowiki 의석변동 oldid=42446181,1,,term_end,,confirmed,term_end,wikilist+wikiseat,,서울특별시 종로구,,,한나라당,한나라당,박진 (정치인),,,False
16,정대철,鄭大哲,1944-01-04,남,새천년민주당,서울 중구,지역구,2000-05-30,2004-05-29,term_end,general,LU06564Z,NA-API 의원이력; NA-API ALLNAMEMBER; kowiki list oldid=42446179,1,,term_end,,term_start,term_end,,,서울특별시 중구,,,열린우리당,새천년민주당,정대철,,,False
16,이상수,李相洙,1946-12-10,남,새천년민주당,서울 중랑구갑,지역구,2000-05-30,2004-05-29,term_end,general,5W34729L,NA-API 의원이력; NA-API ALLNAMEMBER; kowiki list oldid=42446179,1,,term_end,,term_start,term_end,,,서울특별시 중랑구 갑,,,열린우리당,새천년민주당,이상수 (1946년),,,False
16,김덕규,金德圭,1941-03-09,남,새천년민주당,서울 중랑구을,지역구,2000-05-30,2004-05-29,term_end,general,KDB6892X,NA-API 의원이력; NA-API ALLNAMEMBER; kowiki list oldid=42446179,1,,term_end,,term_start,term_end,,,서울특별시 중랑구 을,,,열린우리당,새천년민주당,김덕규,,,False
16,최병국,崔炳國,1942-01-27,남,한나라당,울산 남구,지역구,2000-05-30,2004-05-29,term_end,general,RN65198P,NA-API 의원이력; NA-API ALLNAMEMBER; kowiki list oldid=42446179,1,,term_end,,term_start,term_end,,,울산광역시 남구,,,한나라당,한나라당,최병국 (1942년),,,False
16,정몽준,鄭夢準,1951-10-17,남,무소속,울산 동구,지역구,2000-05-30,2004-05-29,term_end,general,5YX7831C,NA-API 의원이력; NA-API ALLNAMEMBER; kowiki list oldid=42446179,1,,term_end,,term_start,term_end,,,울산광역시 동구,,,국민통합21,무소속,정몽준,,,False
16,윤두환,尹斗煥,1955-03-05,남,한나라당,울산 북구,지역구,2000-05-30,2004-05-29,term_end,general,Q3X5279D,NA-API 의원이력; NA-API ALLNAMEMBER; kowiki list oldid=42446179,1,,term_end,,term_start,term_end,,,울산광역시 북구,,,한나라당,한나라당,윤두환,,,False
16,권기술,權琪述,1938-04-01,남,한나라당,울산 울주군,지역구,2000-05-30,2004-05-29,term_end,general,WJC7553A,NA-API 의원이력; NA-API ALLNAMEMBER; kowiki list oldid=42446179,1,,term_end,,term_start,term_end,,,울산광역시 울주군,,,한나라당,한나라당,권기술,,,False
16,김태호,金泰鎬,1935-03-03,남,한나라당,울산 중구,지역구,2000-05-30,2002-07-10,died,general,DTM59312,NA-API 의원이력; NA-API ALLNAMEMBER; kowiki list oldid=42446179; kowiki 의석변동 oldid=42446181,1,,died,사망 / 사망,term_start,confirmed,,wikilist+wikiseat,울산광역시 중구,,,한나라당,한나라당,김태호 (1935년),,,True
16,정갑윤,鄭甲潤,1950-11-08,남,한나라당,울산 중구,지역구,2002-12-19,2004-05-29,term_end,by_election,CYD5815E,NA-API 의원이력; NA-API ALLNAMEMBER; kowiki list oldid=42446179; kowiki 의석변동 oldid=42446181,1,,term_end,,confirmed,term_end,wikilist+wikiseat,,울산광역시 중구,,,한나라당,한나라당,정갑윤,,,False
16,송영길,宋永吉,1963-03-21,남,새천년민주당,인천 계양구,지역구,2000-05-30,2004-05-29,term_end,general,PAO22428,NA-API 의원이력; NA-API ALLNAMEMBER; kowiki list oldid=42446179,1,,term_end,,term_start,term_end,,,인천광역시 계양구,,,열린우리당,새천년민주당,송영길 (정치인),,,False
16,민봉기,閔鳳基,1936-05-28,남,한나라당,인천 남구갑,지역구,2000-05-30,2004-05-29,term_end,general,I6C34213,NA-API 의원이력; NA-API ALLNAMEMBER; kowiki list oldid=42446179,1,,term_end,,term_start,term_end,,,인천광역시 남구 갑,,,무소속,한나라당,민봉기,,,False
16,안영근,安泳根,1958-02-20,남,한나라당,인천 남구을,지역구,2000-05-30,2004-05-29,term_end,general,IH33403A,NA-API 의원이력; NA-API ALLNAMEMBER; kowiki list oldid=42446179,1,,term_end,,term_start,term_end,,,인천광역시 남구 을,,,열린우리당,한나라당,안영근,,,False
16,이윤성,李允盛,1944-10-02,남,한나라당,인천 남동구갑,지역구,2000-05-30,2004-05-29,term_end,general,NET6850O,NA-API 의원이력; NA-API ALLNAMEMBER; kowiki list oldid=42446179,1,,term_end,,term_start,term_end,,,인천광역시 남동구 갑,,,한나라당,한나라당,이윤성 (1944년),,,False
16,이호웅,李浩雄,1949-08-01,남,새천년민주당,인천 남동구을,지역구,2000-05-30,2004-05-29,term_end,general,KFP7066Z,NA-API 의원이력; NA-API ALLNAMEMBER; kowiki list oldid=42446179,1,,term_end,,term_start,term_end,,,인천광역시 남동구 을,,,열린우리당,새천년민주당,이호웅,,,False
16,박상규,朴尙奎,1936-11-14,남,새천년민주당,인천 부평구갑,지역구,2000-05-30,2004-05-29,term_end,general,TOU48854,NA-API 의원이력; NA-API ALLNAMEMBER; kowiki list oldid=42446179,1,,term_end,,term_start,term_end,,,인천광역시 부평구 갑,,,한나라당,새천년민주당,박상규 (1936년),,,False
16,최용규,崔龍圭,1956-03-10,남,새천년민주당,인천 부평구을,지역구,2000-05-30,2004-05-29,term_end,general,7W28547U,NA-API 의원이력; NA-API ALLNAMEMBER; kowiki list oldid=42446179,1,,term_end,,term_start,term_end,,,인천광역시 부평구 을,,,열린우리당,새천년민주당,최용규 (1956년),,,False
16,조한천,趙漢天,1942-12-18,남,새천년민주당,인천 서구강화군갑,지역구,2000-05-30,2004-05-29,term_end,general,QQC8138L,NA-API 의원이력; NA-API ALLNAMEMBER; kowiki list oldid=42446179,1,,term_end,,term_start,term_end,,,인천광역시 서구·강화군 갑,,,새천년민주당,새천년민주당,조한천,,,False
16,박용호,朴容琥,1947-05-28,남,새천년민주당,인천 서구강화군을,지역구,2000-05-30,2002-06-14,disqualified,general,FSB70307,NA-API 의원이력; NA-API ALLNAMEMBER; kowiki list oldid=42446179; kowiki 의석변동 oldid=42446181,1,,court_ruling_election_law,대법원에서 공직선거법 위반으로 당선무효형 확정 / 의원직 상실,term_start,confirmed,,wikilist+wikiseat,인천광역시 서구·강화군 을,,,새천년민주당,새천년민주당,박용호 (1947년),,,False
16,이경재,李敬在,1941-12-17,남,한나라당,인천 서구강화군을,지역구,2002-08-08,2004-05-29,term_end,by_election,H6577987,NA-API 의원이력; NA-API ALLNAMEMBER; kowiki list oldid=42446179; kowiki 의석변동 oldid=42446181,1,,term_end,,confirmed,term_end,wikilist+wikiseat,,인천광역시 서구·강화군 을,,,한나라당,한나라당,이경재 (1941년),,,False
16,황우여,黃祐呂,1947-08-03,남,한나라당,인천 연수구,지역구,2000-05-30,2004-05-29,term_end,general,Q5X4506F,NA-API 의원이력; NA-API ALLNAMEMBER; kowiki list oldid=42446179,1,,term_end,,term_start,term_end,,,인천광역시 연수구,,,한나라당,한나라당,황우여,,,False
16,서상섭,徐相燮,1950-09-19,남,한나라당,"인천 중,동구,옹진군",지역구,2000-05-30,2004-05-29,term_end,general,3349190D,NA-API 의원이력; NA-API ALLNAMEMBER; kowiki list oldid=42446179,1,,term_end,,term_start,term_end,,,인천광역시 중구·동구·옹진군,,,한나라당,한나라당,서상섭,,,False
16,천용택,千容宅,1937-08-28,남,새천년민주당,"전남 강진,완도군",지역구,2000-05-30,2004-05-14,,general,O8Z3184P,NA-API 의원이력; NA-API ALLNAMEMBER; kowiki list oldid=42446179,1,,unknown,,term_start,single_source,,,전라남도 강진군·완도군,,,열린우리당,새천년민주당,천용택,,,False
16,박상천,朴相千,1938-10-31,남,새천년민주당,전남 고흥군,지역구,2000-05-30,2004-05-29,term_end,general,MHE1145A,NA-API 의원이력; NA-API ALLNAMEMBER; kowiki list oldid=42446179,1,,term_end,,term_start,term_end,,,전라남도 고흥군,,,새천년민주당,새천년민주당,박상천,,,False
16,정철기,鄭哲基,1937-04-15,남,새천년민주당,"전남 광양시,구례군",지역구,2000-05-30,2004-05-29,term_end,general,Y2E7602X,NA-API 의원이력; NA-API ALLNAMEMBER; kowiki list oldid=42446179,1,,term_end,,term_start,term_end,,,전라남도 광양시·구례군,,,새천년민주당,새천년민주당,정철기,,,False
16,배기운,裵奇雲,1950-09-29,남,새천년민주당,전남 나주시,지역구,2000-05-30,2004-05-29,term_end,general,AIP8367M,NA-API 의원이력; NA-API ALLNAMEMBER; kowiki list oldid=42446179,1,,term_end,,term_start,term_end,,,전라남도 나주시,,,새천년민주당,새천년민주당,배기운,,,False
16,김효석,金孝錫,1949-07-15,남,새천년민주당,"전남 담양,곡성,장성군",지역구,2000-05-30,2004-05-29,term_end,general,UIN2835Q,NA-API 의원이력; NA-API ALLNAMEMBER; kowiki list oldid=42446179,1,,term_end,,term_start,term_end,,,전라남도 담양군·곡성군·장성군,,,새천년민주당,새천년민주당,김효석 (1949년),,,False
16,김홍일,金弘一,1948-01-21,남,새천년민주당,전남 목포시,지역구,2000-05-30,2004-05-29,term_end,general,1OP1897P,NA-API 의원이력; NA-API ALLNAMEMBER; kowiki list oldid=42446179,1,,term_end,,term_start,term_end,,,전라남도 목포시,,,새천년민주당,새천년민주당,김홍일 (1948년),,,False
16,한화갑,韓和甲,1939-02-01,남,새천년민주당,"전남 무안,신안군",지역구,2000-05-30,2004-05-29,term_end,general,7TU84910,NA-API 의원이력; NA-API ALLNAMEMBER; kowiki list oldid=42446179,1,,term_end,,term_start,term_end,,,전라남도 무안군·신안군,,,새천년민주당,새천년민주당,한화갑,,,False
16,박주선,朴柱宣,1949-07-23,남,무소속,"전남 보성,화순군",지역구,2000-05-30,2004-05-29,term_end,general,XT18076X,NA-API 의원이력; NA-API ALLNAMEMBER; kowiki list oldid=42446179,1,,term_end,,term_start,term_end,,,전라남도 보성군·화순군,,,무소속,무소속,박주선,,,False
16,김경재,金景梓,1942-11-03,남,새천년민주당,전남 순천시,지역구,2000-05-30,2004-05-29,term_end,general,M1E6908V,NA-API 의원이력; NA-API ALLNAMEMBER; kowiki list oldid=42446179,1,,term_end,,term_start,term_end,,,전라남도 순천시,,,새천년민주당,새천년민주당,김경재 (1942년),,,False
16,김충조,金忠兆,1942-08-24,남,새천년민주당,전남 여수시,지역구,2000-05-30,2004-05-29,term_end,general,ERX2058H,NA-API 의원이력; NA-API ALLNAMEMBER; kowiki list oldid=42446179,1,,term_end,,term_start,term_end,,,전라남도 여수시,,,새천년민주당,새천년민주당,김충조,,,False
16,김옥두,金玉斗,1938-08-18,남,새천년민주당,"전남 장흥,영암군",지역구,2000-05-30,2004-05-29,term_end,general,W0L3395K,NA-API 의원이력; NA-API ALLNAMEMBER; kowiki list oldid=42446179,1,,term_end,,term_start,term_end,,,전라남도 장흥군·영암군,,,새천년민주당,새천년민주당,김옥두,,,False
16,이낙연,李洛淵,1952-12-20,남,새천년민주당,"전남 함평,영광군",지역구,2000-05-30,2004-05-29,term_end,general,0767470D,NA-API 의원이력; NA-API ALLNAMEMBER; kowiki list oldid=42446179,1,,term_end,,term_start,term_end,,,전라남도 함평군·영광군,,,새천년민주당,새천년민주당,이낙연,,,False
16,이정일,李正一,1947-11-07,남,무소속,"전남 해남,진도군",지역구,2000-05-30,2004-05-29,term_end,general,PU35479A,NA-API 의원이력; NA-API ALLNAMEMBER; kowiki list oldid=42446179,1,,term_end,,term_start,term_end,,,전라남도 해남군·진도군,,,새천년민주당,무소속,이정일 (1947년),,,False
16,정균환,鄭均桓,1943-07-23,남,새천년민주당,"전북 고창,부안군",지역구,2000-05-30,2004-05-29,term_end,general,2PO2218L,NA-API 의원이력; NA-API ALLNAMEMBER; kowiki list oldid=42446179,1,,term_end,,term_start,term_end,,,전라북도 고창군·부안군,,,새천년민주당,새천년민주당,정균환,,,False
16,강현욱,姜賢旭,1938-03-27,남,새천년민주당,전북 군산시,지역구,2000-05-30,2002-07-01,elected_other_office,general,R328185H,NA-API 의원이력; NA-API ALLNAMEMBER; kowiki list oldid=42446179; kowiki 의석변동 oldid=42446181,1,,took_office_as_elected_local_head,전북지사 취임으로 의원직 사퇴 / 의원직 사퇴,term_start,confirmed,,wikiseat,전라북도 군산시,,,새천년민주당,새천년민주당,강현욱,,,False
16,강봉균,康奉均,1943-08-13,남,새천년민주당,전북 군산시,지역구,2002-08-08,2004-05-29,term_end,by_election,7PU7009N,NA-API 의원이력; NA-API ALLNAMEMBER; kowiki list oldid=42446179; kowiki 의석변동 oldid=42446181,1,,term_end,,confirmed,term_end,wikilist+wikiseat,,전라북도 군산시,,,열린우리당,새천년민주당,강봉균 (1943년),,,False
16,장성원,張誠源,1939-10-14,남,새천년민주당,전북 김제시,지역구,2000-05-30,2004-05-29,term_end,general,4OP2362T,NA-API 의원이력; NA-API ALLNAMEMBER; kowiki list oldid=42446179,1,,term_end,,term_start,term_end,,,전라북도 김제시,,,새천년민주당,새천년민주당,장성원 (1939년),,,False
16,이강래,李康來,1953-03-02,남,무소속,"전북 남원시,순창군",지역구,2000-05-30,2004-05-29,term_end,general,QM028409,NA-API 의원이력; NA-API ALLNAMEMBER; kowiki list oldid=42446179,1,,term_end,,term_start,term_end,,,전라북도 남원시·순창군,,,열린우리당,무소속,이강래 (1953년),,,False
16,김태식,金台植,1939-08-12,남,새천년민주당,"전북 완주,임실군",지역구,2000-05-30,2004-05-29,term_end,general,UWR1927I,NA-API 의원이력; NA-API ALLNAMEMBER; kowiki list oldid=42446179,1,,term_end,,term_start,term_end,,,전라북도 완주군·임실군,,,새천년민주당,새천년민주당,김태식 (정치인),,,False
16,이협,李協,1941-04-19,남,새천년민주당,전북 익산시,지역구,2000-05-30,2004-05-29,term_end,general,BJG5829N,NA-API 의원이력; NA-API ALLNAMEMBER; kowiki list oldid=42446179,1,,term_end,,term_start,term_end,,,전라북도 익산시,,,새천년민주당,새천년민주당,이협,,,False
16,정동영,鄭東泳,1953-07-27,남,새천년민주당,전북 전주시덕진구,지역구,2000-05-30,2004-05-29,term_end,general,ARP89147,NA-API 의원이력; NA-API ALLNAMEMBER; kowiki list oldid=42446179,1,,term_end,,term_start,term_end,,,전라북도 전주시 덕진구,,,열린우리당,새천년민주당,정동영,,,False
16,장영달,張永達,1948-08-24,남,새천년민주당,전북 전주시완산구,지역구,2000-05-30,2004-05-29,term_end,general,G7D4763A,NA-API 의원이력; NA-API ALLNAMEMBER; kowiki list oldid=42446179,1,,term_end,,term_start,term_end,,,전라북도 전주시 완산구,,,열린우리당,새천년민주당,장영달,,,False
16,김원기,金元基,1937-02-16,남,새천년민주당,전북 정읍시,지역구,2000-05-30,2004-05-29,term_end,general,4RF2451S,NA-API 의원이력; NA-API ALLNAMEMBER; kowiki list oldid=42446179,1,,term_end,,term_start,term_end,,,전라북도 정읍시,,,열린우리당,새천년민주당,김원기 (1937년),,,False
16,정세균,丁世均,1950-09-26,남,새천년민주당,"전북 진안,무주,장수",지역구,2000-05-30,2004-05-29,term_end,general,DCN7433W,NA-API 의원이력; NA-API ALLNAMEMBER; kowiki list oldid=42446179,1,,term_end,,term_start,term_end,,,전라북도 진안군·무주군·장수군,,,열린우리당,새천년민주당,정세균,,,False
16,장정언,張正彦,1936-04-27,남,새천년민주당,제주 북제주군,지역구,2000-05-30,2002-06-28,disqualified,general,DKK3355S,NA-API 의원이력; NA-API ALLNAMEMBER; kowiki list oldid=42446179; kowiki 의석변동 oldid=42446181,1,,court_ruling_election_law,당선무효 / 의원직 상실,term_start,confirmed,,wikilist+wikiseat,제주도 북제주군,,,새천년민주당,새천년민주당,장정언,,,False
16,양정규,梁正圭,1933-02-05,남,한나라당,제주 북제주군,지역구,2002-08-08,2004-05-29,term_end,by_election,MIM8629D,NA-API 의원이력; NA-API ALLNAMEMBER; kowiki list oldid=42446179; kowiki 의석변동 oldid=42446181,1,,term_end,,confirmed,term_end,wikilist+wikiseat,,제주도 북제주군,,,한나라당,한나라당,양정규,,,False
16,고진부,高珍富,1946-05-11,남,새천년민주당,"제주 서귀포시,남제주군",지역구,2000-05-30,2004-05-29,term_end,general,VQS1607Y,NA-API 의원이력; NA-API ALLNAMEMBER; kowiki list oldid=42446179,1,,term_end,,term_start,term_end,,,제주도 서귀포시·남제주군,,,새천년민주당,새천년민주당,고진부,,,False
16,현경대,玄敬大,1939-02-21,남,한나라당,제주 제주시,지역구,2000-05-30,2004-05-29,term_end,general,WZK3380B,NA-API 의원이력; NA-API ALLNAMEMBER; kowiki list oldid=42446179,1,,term_end,,term_start,term_end,,,제주도 제주시,,,한나라당,한나라당,현경대,,,False
16,정진석,鄭鎭碩,1960-09-04,남,자유민주연합,"충남 공주시,연기군",지역구,2000-05-30,2004-05-29,term_end,general,NQR1206Q,NA-API 의원이력; NA-API ALLNAMEMBER; kowiki list oldid=42446179,1,,term_end,,term_start,term_end,,,충청남도 공주시·연기군,,,자유민주연합,자유민주연합,정진석 (정치인),,,False
16,이인제,李仁濟,1948-12-11,남,새천년민주당,"충남 논산,금산군",지역구,2000-05-30,2004-05-29,term_end,general,HJI9845B,NA-API 의원이력; NA-API ALLNAMEMBER; kowiki list oldid=42446179,1,,term_end,,term_start,term_end,,,충청남도 논산시·금산군,,,자유민주연합,새천년민주당,이인제,,,False
16,송영진,宋榮珍,1947-08-16,남,새천년민주당,충남 당진군,지역구,2000-05-30,2004-05-29,term_end,general,8U25041C,NA-API 의원이력; NA-API ALLNAMEMBER; kowiki list oldid=42446179,1,,term_end,,term_start,term_end,,,충청남도 당진군,,,무소속,새천년민주당,송영진 (정치인),,,False
16,김용환,金龍煥,1932-02-05,남,희망의한국신당,"충남 보령시,서천군",지역구,2000-05-30,2004-05-29,term_end,general,GTH3618V,NA-API 의원이력; NA-API ALLNAMEMBER; kowiki list oldid=42446179,1,,term_end,,term_start,term_end,,,충청남도 보령시·서천군,,,한나라당,한국신당,김용환 (1932년),,,False
16,김학원,金學元,1947-10-15,남,자유민주연합,충남 부여군,지역구,2000-05-30,2004-05-29,term_end,general,I5T29903,NA-API 의원이력; NA-API ALLNAMEMBER; kowiki list oldid=42446179; manual_checks.csv,1,,term_end,,term_start,term_end,,,충청남도 부여군,,,자유민주연합,자유민주연합,김학원 (정치인),,district set by manual_checks.csv (was 충남 당진군),False
16,문석호,文錫鎬,1959-07-12,남,새천년민주당,"충남 서산시,태안군",지역구,2000-05-30,2004-05-29,term_end,general,XXJ47169,NA-API 의원이력; NA-API ALLNAMEMBER; kowiki list oldid=42446179,1,,term_end,,term_start,term_end,,,충청남도 서산시·태안군,,,열린우리당,새천년민주당,문석호,,,False
16,원철희,元喆喜,1938-06-29,남,자유민주연합,충남 아산시,지역구,2000-05-30,2003-04-08,disqualified,general,T7P8695T,NA-API 의원이력; NA-API ALLNAMEMBER; kowiki list oldid=42446179; kowiki 의석변동 oldid=42446181,1,,court_ruling_election_law,대법원에서 공직선거법 위반으로 당선무효형 확정 / 의원직 상실,term_start,confirmed,,wikilist+wikiseat,충청남도 아산시,,,자유민주연합,자유민주연합,원철희,,,False
16,오장섭,吳長燮,1947-08-13,남,자유민주연합,충남 예산군,지역구,2000-05-30,2004-05-29,term_end,general,NJ55552S,NA-API 의원이력; NA-API ALLNAMEMBER; kowiki list oldid=42446179,1,,term_end,,term_start,term_end,,,충청남도 예산군,,,무소속,자유민주연합,오장섭,,,False
16,전용학,田溶鶴,1952-11-28,남,새천년민주당,충남 천안시갑,지역구,2000-05-30,2004-05-29,term_end,general,R4H2074H,NA-API 의원이력; NA-API ALLNAMEMBER; kowiki list oldid=42446179,1,,term_end,,term_start,term_end,,,충청남도 천안시 갑,,,한나라당,새천년민주당,전용학,,,False
16,함석재,咸錫宰,1938-11-28,남,자유민주연합,충남 천안시을,지역구,2000-05-30,2004-05-29,term_end,general,PT581709,NA-API 의원이력; NA-API ALLNAMEMBER; kowiki list oldid=42446179,1,,term_end,,term_start,term_end,,,충청남도 천안시 을,,,한나라당,자유민주연합,함석재,,,False
16,이완구,李完九,1950-06-02,남,자유민주연합,"충남 청양,홍성군",지역구,2000-05-30,2004-05-29,term_end,general,WCA3290J,NA-API 의원이력; NA-API ALLNAMEMBER; kowiki list oldid=42446179,1,,term_end,,term_start,term_end,,,충청남도 청양군·홍성군,,,한나라당,자유민주연합,이완구,,,False
16,심규철,沈揆喆,1958-03-27,남,한나라당,"충북 보은,옥천,영동군",지역구,2000-05-30,2004-05-29,term_end,general,M188261A,NA-API 의원이력; NA-API ALLNAMEMBER; kowiki list oldid=42446179,1,,term_end,,term_start,term_end,,,충청북도 보은군·옥천군·영동군,,,한나라당,한나라당,심규철,,,False
16,송광호,宋光浩,1942-05-10,남,자유민주연합,충북 제천시단양군,지역구,2000-05-30,2004-05-29,term_end,general,LJJ52334,NA-API 의원이력; NA-API ALLNAMEMBER; kowiki list oldid=42446179,1,,term_end,,term_start,term_end,,,충청북도 제천시·단양군,,,한나라당,자유민주연합,송광호,,,False
16,정우택,鄭宇澤,1953-02-18,남,자유민주연합,"충북 진천,괴산,음성군",지역구,2000-05-30,2004-05-29,term_end,general,VHK3402G,NA-API 의원이력; NA-API ALLNAMEMBER; kowiki list oldid=42446179,1,,term_end,,term_start,term_end,,,충청북도 진천군·괴산군·음성군,,,무소속,자유민주연합,정우택 (1953년),,,False
16,신경식,辛卿植,1938-10-14,남,한나라당,충북 청원군,지역구,2000-05-30,2004-05-29,term_end,general,S4B6672D,NA-API 의원이력; NA-API ALLNAMEMBER; kowiki list oldid=42446179,1,,term_end,,term_start,term_end,,,충청북도 청원군,,,한나라당,한나라당,신경식,,,False
16,홍재형,洪在馨,1938-03-27,남,새천년민주당,충북 청주시상당구,지역구,2000-05-30,2004-05-29,term_end,general,YKA9050K,NA-API 의원이력; NA-API ALLNAMEMBER; kowiki list oldid=42446179,1,,term_end,,term_start,term_end,,,충청북도 청주시 상당구,,,열린우리당,새천년민주당,홍재형,,,False
16,윤경식,尹景湜,1962-03-20,남,한나라당,충북 청주시흥덕구,지역구,2000-05-30,2004-05-29,term_end,general,X4S23695,NA-API 의원이력; NA-API ALLNAMEMBER; kowiki list oldid=42446179,1,,term_end,,term_start,term_end,,,충청북도 청주시 흥덕구,,,한나라당,한나라당,윤경식,,,False
16,이원성,李源性,1941-11-27,남,새천년민주당,충북 충주시,지역구,2000-05-30,2004-05-29,term_end,general,A7577909,NA-API 의원이력; NA-API ALLNAMEMBER; kowiki list oldid=42446179,1,,term_end,,term_start,term_end,,,충청북도 충주시,,,열린우리당,새천년민주당,이원성,,,False
16,강숙자,姜淑子,1945-12-30,여,민주국민당,비례대표,비례대표,2000-05-30,2004-05-29,term_end,general,GAL5556G,NA-API 의원이력; NA-API ALLNAMEMBER; kowiki list oldid=42446179,1,,term_end,,term_start,term_end,,,,민주국민당,1,무소속,민주국민당,강숙자,,,False
16,강창성,姜昌成,1927-09-01,남,한나라당,비례대표,비례대표,2000-05-30,2004-05-29,term_end,general,MFE1178B,NA-API 의원이력; NA-API ALLNAMEMBER; kowiki list oldid=42446179,1,,term_end,,term_start,term_end,,,,한나라당,4,한나라당,한나라당,강창성,,,False
16,김기재,金杞載,1946-09-06,남,새천년민주당,비례대표,비례대표,2000-05-30,2004-05-29,term_end,general,E0N47877,NA-API 의원이력; NA-API ALLNAMEMBER; kowiki list oldid=42446179,1,,term_end,,term_start,term_end,,,,새천년민주당,15,새천년민주당,새천년민주당,김기재 (1946년),,,False
16,김락기,金樂冀,1941-08-08,남,한나라당,비례대표,비례대표,2000-05-30,2004-05-29,term_end,general,YAY1886G,NA-API 의원이력; NA-API ALLNAMEMBER; kowiki list oldid=42446179,1,,term_end,,term_start,term_end,,,,한나라당,14,한나라당,한나라당,김락기 (정치인),,,False
16,김방림,金芳林,1940-01-16,여,새천년민주당,비례대표,비례대표,2000-05-30,2004-05-29,term_end,general,HCT6121U,NA-API 의원이력; NA-API ALLNAMEMBER; kowiki list oldid=42446179,1,,term_end,,term_start,term_end,,,,새천년민주당,14,새천년민주당,새천년민주당,김방림,,,False
16,김영진,金泳鎭,1947-11-17,남,새천년민주당,비례대표,비례대표,2000-05-30,2003-03-04,resigned,general,BCO6264C,NA-API 의원이력; NA-API ALLNAMEMBER; kowiki list oldid=42446179; kowiki 의석변동 oldid=42446181,1,,resigned_on_appointment,김영진 농림부 장관 임명으로 사퇴 오영식 승계 / 의원직 사퇴,term_start,confirmed,,wikilist+wikiseat,,새천년민주당,16,새천년민주당,새천년민주당,김영진 (1947년),,,True
16,김운용,金雲龍,1931-03-19,남,새천년민주당,비례대표,비례대표,2000-05-30,2004-05-29,term_end,general,QG29833U,NA-API 의원이력; NA-API ALLNAMEMBER; kowiki list oldid=42446179,1,,term_end,,term_start,term_end,,,,새천년민주당,6,새천년민주당,새천년민주당,김운용,,,False
16,김정숙,金貞淑,1946-08-21,여,한나라당,비례대표,비례대표,2000-05-30,2004-05-29,term_end,general,O4X7540B,NA-API 의원이력; NA-API ALLNAMEMBER; kowiki list oldid=42446179,1,,term_end,,term_start,term_end,,,,한나라당,13,한나라당,한나라당,김정숙 (1946년),,,False
16,김종필,金鍾泌,1926-01-07,남,자유민주연합,비례대표,비례대표,2000-05-30,2004-05-29,term_end,general,PAR7137B,NA-API 의원이력; NA-API ALLNAMEMBER; kowiki list oldid=42446179,1,,term_end,,term_start,term_end,,,,자유민주연합,1,자유민주연합,자유민주연합,김종필,,,False
16,김종호,金宗鎬,1935-11-30,남,자유민주연합,비례대표,비례대표,2000-05-30,2004-03-23,disqualified,general,OQ09860C,NA-API 의원이력; NA-API ALLNAMEMBER; kowiki list oldid=42446179; kowiki 의석변동 oldid=42446181,1,,pr_seat_lost_on_leaving_party,김종호 탈당으로 의원직 상실 변웅전 승계 / 의원직 상실,term_start,api_later_than_wiki,,wikilist=2004-03-22; wikiseat=2004-03-22,,자유민주연합,3,자유민주연합,자유민주연합,김종호 (1935년),,,False
16,김한길,金한길,1953-09-17,남,새천년민주당,비례대표,비례대표,2000-05-30,2000-10-09,resigned,general,1ZF7922T,NA-API 의원이력; NA-API ALLNAMEMBER; kowiki list oldid=42446179; kowiki 의석변동 oldid=42446181,1,,resigned_on_appointment,김한길 문화관광부 장관 임명으로 사퇴 김화중 승계 / 의원직 사퇴,term_start,api_later_than_wiki,,wikilist=2000-09-20; wikiseat=2000-09-20,,새천년민주당,13,새천년민주당,새천년민주당,김한길,,,False
16,김홍신,金洪信,1947-03-19,남,한나라당,비례대표,비례대표,2000-05-30,2003-12-10,disqualified,general,ECQ9898H,NA-API 의원이력; NA-API ALLNAMEMBER; kowiki list oldid=42446179; kowiki 의석변동 oldid=42446181,1,,pr_seat_lost_on_leaving_party,김홍신 탈당으로 의원직 상실 송병대 승계 / 의원직 사퇴,term_start,confirmed,,wikilist,,한나라당,16,한나라당,한나라당,김홍신,,,False
16,박상희,朴相熙,1951-08-06,남,새천년민주당,비례대표,비례대표,2000-05-30,2004-05-29,term_end,general,6776870M,NA-API 의원이력; NA-API ALLNAMEMBER; kowiki list oldid=42446179,1,,term_end,,term_start,term_end,,,,새천년민주당,9,새천년민주당,새천년민주당,박상희 (1951년),,,False
16,박세환,朴世煥,1940-04-05,남,한나라당,비례대표,비례대표,2000-05-30,2004-05-29,term_end,general,VDU1630B,NA-API 의원이력; NA-API ALLNAMEMBER; kowiki list oldid=42446179,1,,term_end,,term_start,term_end,,,,한나라당,8,한나라당,한나라당,박세환 (1940년),,,True
16,박인상,朴仁相,1939-12-05,남,새천년민주당,비례대표,비례대표,2000-05-30,2004-03-30,disqualified,general,N5X9374J,NA-API 의원이력; NA-API ALLNAMEMBER; kowiki list oldid=42446179; kowiki 의석변동 oldid=42446181,1,,pr_seat_lost_on_leaving_party,박인상 탈당으로 의원직 상실 이종성 승계 / 의원직 상실,term_start,api_earlier_than_wiki,,wikilist=2004-03-31; wikiseat=2004-03-31,,새천년민주당,7,새천년민주당,새천년민주당,박인상,,,False
16,박창달,朴昌達,1946-03-17,남,한나라당,비례대표,비례대표,2000-05-30,2004-05-29,term_end,general,2GM8059R,NA-API 의원이력; NA-API ALLNAMEMBER; kowiki list oldid=42446179,1,,term_end,,term_start,term_end,,,,한나라당,15,한나라당,한나라당,박창달,,,False
16,서영훈,徐英勳,1920-10-20,남,새천년민주당,비례대표,비례대표,2000-05-30,2000-12-28,disqualified,general,DZB59365,NA-API 의원이력; NA-API ALLNAMEMBER; kowiki list oldid=42446179; kowiki 의석변동 oldid=42446181,1,,pr_seat_lost_on_leaving_party,서영훈 탈당으로 의원직 상실 최명헌 승계 / 의원직 상실,term_start,confirmed,,wikiseat,,새천년민주당,1,새천년민주당,새천년민주당,서영훈,,,False
16,서정화,徐廷和,1933-03-04,남,한나라당,비례대표,비례대표,2000-05-30,2004-05-29,term_end,general,MLN4587W,NA-API 의원이력; NA-API ALLNAMEMBER; kowiki list oldid=42446179,1,,term_end,,term_start,term_end,,,,한나라당,6,한나라당,한나라당,서정화 (1933년),,,True
16,손희정,孫希政,1938-07-15,여,한나라당,비례대표,비례대표,2000-05-30,2004-05-29,term_end,general,4PP40693,NA-API 의원이력; NA-API ALLNAMEMBER; kowiki list oldid=42446179,1,,term_end,,term_start,term_end,,,,한나라당,21,한나라당,한나라당,손희정 (정치인),,,False
16,신영균,申榮均,1928-11-06,남,한나라당,비례대표,비례대표,2000-05-30,2004-05-29,term_end,general,KBH6263N,NA-API 의원이력; NA-API ALLNAMEMBER; kowiki list oldid=42446179,1,,term_end,,term_start,term_end,,,,한나라당,5,한나라당,한나라당,신영균 (배우),,,False
16,안대륜,安大崙,1940-01-25,남,자유민주연합,비례대표,비례대표,2000-05-30,2004-05-29,term_end,general,BAR6880D,NA-API 의원이력; NA-API ALLNAMEMBER; kowiki list oldid=42446179,1,,term_end,,term_start,term_end,,,,자유민주연합,5,자유민주연합,자유민주연합,안대륜,,,False
16,유삼남,柳三男,1941-09-10,남,새천년민주당,비례대표,비례대표,2000-05-30,2001-09-07,resigned,general,XKE15891,NA-API 의원이력; NA-API ALLNAMEMBER; kowiki list oldid=42446179; kowiki 의석변동 oldid=42446181,1,,resigned_on_appointment,유삼남 해양수산부 장관 임명으로 사퇴 조배숙 승계 / 의원직 사퇴,term_start,confirmed,,wikilist+wikiseat,,새천년민주당,19,새천년민주당,새천년민주당,유삼남,,,False
16,윤여준,尹汝儁,1939-10-17,남,한나라당,비례대표,비례대표,2000-05-30,2004-05-29,term_end,general,YDT17694,NA-API 의원이력; NA-API ALLNAMEMBER; kowiki list oldid=42446179,1,,term_end,,term_start,term_end,,,,한나라당,11,한나라당,한나라당,윤여준,,,False
16,윤철상,尹鐵相,1952-11-28,남,새천년민주당,비례대표,비례대표,2000-05-30,2004-05-29,term_end,general,3N322891,NA-API 의원이력; NA-API ALLNAMEMBER; kowiki list oldid=42446179,1,,term_end,,term_start,term_end,,,,새천년민주당,17,새천년민주당,새천년민주당,윤철상,,,False
16,이만섭,李萬燮,1932-02-25,남,새천년민주당,비례대표,비례대표,2000-05-30,2004-05-29,term_end,general,IYC3468T,NA-API 의원이력; NA-API ALLNAMEMBER; kowiki list oldid=42446179,1,,term_end,,term_start,term_end,,,,새천년민주당,4,새천년민주당,새천년민주당,이만섭,,,False
16,이미경,李美卿,1950-09-20,여,새천년민주당,비례대표,비례대표,2000-05-30,2003-10-27,disqualified,general,EBU8493R,NA-API 의원이력; NA-API ALLNAMEMBER; kowiki list oldid=42446179; manual_checks.csv,1,,pr_seat_lost_on_leaving_party,의원직 상실,term_start,verified_manual,,api=2003-10-27; chosen=2003-10-27; API date kept and confirmed. kowiki list gives the announcement day 2003-10-26.,,새천년민주당,8,새천년민주당,새천년민주당,이미경 (1950년),,exit_detail set by manual_checks.csv (was court_ruling_other_or_unspecified),False
16,이상희,李祥羲,1938-09-01,남,한나라당,비례대표,비례대표,2000-05-30,2004-03-04,disqualified,general,78Y31029,NA-API 의원이력; NA-API ALLNAMEMBER; kowiki list oldid=42446179; kowiki 의석변동 oldid=42446181,1,,pr_seat_lost_on_leaving_party,이상희 탈당으로 의원직 상실 김영구 승계 / 의원직 상실,term_start,confirmed,,wikilist,,한나라당,7,한나라당,한나라당,이상희 (1938년),,,False
16,이연숙,李연淑,1935-12-11,여,한나라당,비례대표,비례대표,2000-05-30,2004-05-29,term_end,general,S8266690,NA-API 의원이력; NA-API ALLNAMEMBER; kowiki list oldid=42446179,1,,term_end,,term_start,term_end,,,,한나라당,3,한나라당,한나라당,이연숙 (정치인),,,False
16,이원창,李元昌,1942-07-09,남,한나라당,비례대표,비례대표,2000-05-30,2004-05-29,term_end,general,PA52576I,NA-API 의원이력; NA-API ALLNAMEMBER; kowiki list oldid=42446179,1,,term_end,,term_start,term_end,,,,한나라당,17,한나라당,한나라당,이원창 (1942년),,,False
16,이원형,李源炯,1951-10-29,남,한나라당,비례대표,비례대표,2000-05-30,2004-05-29,term_end,general,91155917,NA-API 의원이력; NA-API ALLNAMEMBER; kowiki list oldid=42446179,1,,term_end,,term_start,term_end,,,,한나라당,20,한나라당,한나라당,이원형 (1951년),,,False
16,이재정,李在禎,1944-03-01,남,새천년민주당,비례대표,비례대표,2000-05-30,2003-10-27,disqualified,general,RP62407F,NA-API 의원이력; NA-API ALLNAMEMBER; kowiki list oldid=42446179; manual_checks.csv,1,,pr_seat_lost_on_leaving_party,의원직 상실,term_start,verified_manual,,api=2003-10-27; chosen=2003-10-27; API date kept and confirmed. kowiki list gives the announcement day 2003-10-26.,,새천년민주당,10,새천년민주당,새천년민주당,이재정 (1944년),,exit_detail set by manual_checks.csv (was court_ruling_other_or_unspecified),True
16,이한구,李漢久,1945-12-12,남,한나라당,비례대표,비례대표,2000-05-30,2004-05-29,term_end,general,XGQ9659R,NA-API 의원이력; NA-API ALLNAMEMBER; kowiki list oldid=42446179,1,,term_end,,term_start,term_end,,,,한나라당,12,한나라당,한나라당,이한구 (정치인),,,False
16,이회창,李會昌,1935-06-02,남,한나라당,비례대표,비례대표,2000-05-30,2002-12-11,resigned,general,0P85685J,NA-API 의원이력; NA-API ALLNAMEMBER; kowiki list oldid=42446179; kowiki 의석변동 oldid=42446181,1,,resigned_to_run_for_other_office,이회창 16대 대선 출마로 의원직 사퇴 유한열 승계 / 의원직 사퇴,term_start,api_later_than_wiki,,wikilist=2002-11-26; wikiseat=2002-11-26,,한나라당,1,한나라당,한나라당,이회창,,,False
16,임진출,林鎭出,1941-10-10,여,한나라당,비례대표,비례대표,2000-05-30,2004-03-30,disqualified,general,N0V51841,NA-API 의원이력; NA-API ALLNAMEMBER; kowiki list oldid=42446179; kowiki 의석변동 oldid=42446181,1,,pr_seat_lost_on_leaving_party,임진출 탈당으로 의원직 상실 이만재 승계 / 의원직 상실,term_start,api_later_than_wiki,,wikilist=2004-03-29; wikiseat=2004-03-29,,한나라당,19,한나라당,한나라당,임진출,,,False
16,장태완,張泰玩,1931-09-13,남,새천년민주당,비례대표,비례대표,2000-05-30,2004-05-29,term_end,general,QMK2322V,NA-API 의원이력; NA-API ALLNAMEMBER; kowiki list oldid=42446179,1,,term_end,,term_start,term_end,,,,새천년민주당,3,새천년민주당,새천년민주당,장태완,,,False
16,전재희,全在姬,1949-09-06,여,한나라당,비례대표,비례대표,2000-05-30,2004-05-29,term_end,general,0WH9705X,NA-API 의원이력; NA-API ALLNAMEMBER; kowiki list oldid=42446179; kowiki 의석변동 oldid=42446181,2,2000-05-30~2002-07-22 비례대표 비례대표 (general->resigned) ; 2002-08-08~2004-05-29 지역구 경기 광명시 (by_election->term_end),term_end,,term_start,term_end,,,,한나라당,9,한나라당,한나라당,전재희,,,False
16,조부영,趙富英,1936-02-09,남,자유민주연합,비례대표,비례대표,2000-05-30,2004-05-29,term_end,general,PY75021S,NA-API 의원이력; NA-API ALLNAMEMBER; kowiki list oldid=42446179,1,,term_end,,term_start,term_end,,,,자유민주연합,4,자유민주연합,자유민주연합,조부영,,,False
16,조웅규,曺雄奎,1937-08-10,남,한나라당,비례대표,비례대표,2000-05-30,2004-03-24,disqualified,general,AXG1225G,NA-API 의원이력; NA-API ALLNAMEMBER; kowiki list oldid=42446179; kowiki 의석변동 oldid=42446181,1,,pr_seat_lost_on_leaving_party,조웅규 탈당으로 의원직 상실 박경섭 승계 / 의원직 상실,term_start,api_earlier_than_wiki,,wikilist=2004-03-25; wikiseat=2004-03-25,,한나라당,10,한나라당,한나라당,조웅규,,,False
16,조재환,趙在煥,1949-01-11,남,새천년민주당,비례대표,비례대표,2000-05-30,2004-05-29,term_end,general,9QU6193H,NA-API 의원이력; NA-API ALLNAMEMBER; kowiki list oldid=42446179,1,,term_end,,term_start,term_end,,,,새천년민주당,18,새천년민주당,새천년민주당,조재환 (1949년),,,False
16,조희욱,曺喜旭,1946-09-13,남,자유민주연합,비례대표,비례대표,2000-05-30,2004-05-29,term_end,general,RIH3256C,NA-API 의원이력; NA-API ALLNAMEMBER; kowiki list oldid=42446179,1,,term_end,,term_start,term_end,,,,자유민주연합,2,자유민주연합,자유민주연합,조희욱,,,False
16,최영희,崔榮熙,1939-10-23,여,새천년민주당,비례대표,비례대표,2000-05-30,2004-05-29,term_end,general,4SF3150L,NA-API 의원이력; NA-API ALLNAMEMBER; kowiki list oldid=42446179,1,,term_end,,term_start,term_end,,,,새천년민주당,2,새천년민주당,새천년민주당,최영희 (1939년),,,True
16,최재승,崔在昇,1946-02-04,남,새천년민주당,비례대표,비례대표,2000-05-30,2004-05-29,term_end,general,LIE6050F,NA-API 의원이력; NA-API ALLNAMEMBER; kowiki list oldid=42446179,1,,term_end,,term_start,term_end,,,,새천년민주당,12,새천년민주당,새천년민주당,최재승,,,False
16,한명숙,韓明淑,1944-03-24,여,새천년민주당,비례대표,비례대표,2000-05-30,2001-02-05,resigned,general,PYP5878A,NA-API 의원이력; NA-API ALLNAMEMBER; kowiki list oldid=42446179; kowiki 의석변동 oldid=42446181,1,,resigned_on_appointment,한명숙 여성부 장관 임명으로 사퇴 박양수 승계 / 의원직 사퇴,term_start,api_later_than_wiki,,wikilist=2001-01-29; wikiseat=2001-01-28,,새천년민주당,5,새천년민주당,새천년민주당,한명숙,,,False
16,허운나,許雲那,1949-01-30,여,새천년민주당,비례대표,비례대표,2000-05-30,2003-10-27,disqualified,general,FD899099,NA-API 의원이력; NA-API ALLNAMEMBER; kowiki list oldid=42446179; manual_checks.csv,1,,pr_seat_lost_on_leaving_party,의원직 상실,term_start,verified_manual,,api=2003-10-27; chosen=2003-10-27; API date kept and confirmed. kowiki list gives the announcement day 2003-10-26.,,새천년민주당,11,새천년민주당,새천년민주당,허운나,,exit_detail set by manual_checks.csv (was court_ruling_other_or_unspecified),False
16,홍사덕,洪思德,1943-03-05,남,한나라당,비례대표,비례대표,2000-05-30,2004-05-29,term_end,general,BW19186J,NA-API 의원이력; NA-API ALLNAMEMBER; kowiki list oldid=42446179,1,,term_end,,term_start,term_end,,,,한나라당,2,한나라당,한나라당,홍사덕,,,False
16,황승민,黃勝敏,1937-01-06,남,한나라당,비례대표,비례대표,2000-05-30,2003-02-06,died,general,D9M6920Z,NA-API 의원이력; NA-API ALLNAMEMBER; kowiki list oldid=42446179; kowiki 의석변동 oldid=42446181,1,,died,황승민 사망 장광근 승계 / 사망,term_start,confirmed,,wikilist+wikiseat,,한나라당,18,한나라당,한나라당,황승민,,,False
16,김화중,金花中,1945-01-03,여,새천년민주당,비례대표,비례대표,2000-10-11,2003-03-04,resigned,succession_pr,5ZO7509R,NA-API 의원이력; NA-API ALLNAMEMBER; kowiki list oldid=42446179; kowiki 의석변동 oldid=42446181,1,,resigned_on_appointment,김화중 보건복지부 장관 임명으로 사퇴 구종태 승계 / 의원직 사퇴,api_later_than_wiki,confirmed,wikilist=2000-09-20; wikiseat=2000-09-20,wikilist+wikiseat,,새천년민주당,20,새천년민주당,새천년민주당,김화중,,,False
16,최명헌,崔明憲,1929-06-16,남,새천년민주당,비례대표,비례대표,2001-01-04,2004-05-29,term_end,succession_pr,ARB2312Q,NA-API 의원이력; NA-API ALLNAMEMBER; kowiki list oldid=42446179; kowiki 의석변동 oldid=42446181,1,,term_end,,api_later_than_wiki,term_end,wikilist=2000-12-31; wikiseat=2000-12-28,,,새천년민주당,21,새천년민주당,새천년민주당,최명헌,,,False
16,박양수,朴洋洙,1938-01-05,남,새천년민주당,비례대표,비례대표,2001-02-06,2003-10-27,disqualified,succession_pr,KZ319820,NA-API 의원이력; NA-API ALLNAMEMBER; kowiki list oldid=42446179; kowiki 의석변동 oldid=42446181; manual_checks.csv,1,,pr_seat_lost_on_leaving_party,의원직 상실,api_later_than_wiki,verified_manual,wikilist=2001-01-29; wikiseat=2001-01-28,api=2003-10-27; chosen=2003-10-27; API date kept and confirmed. kowiki list gives the announcement day 2003-10-26.,,새천년민주당,22,새천년민주당,새천년민주당,박양수,,exit_detail set by manual_checks.csv (was court_ruling_other_or_unspecified),False
16,조배숙,趙培淑,1956-09-10,여,새천년민주당,비례대표,비례대표,2001-09-10,2003-12-15,disqualified,succession_pr,IWK63872,NA-API 의원이력; NA-API ALLNAMEMBER; kowiki list oldid=42446179; kowiki 의석변동 oldid=42446181,1,,pr_seat_lost_on_leaving_party,조배숙 탈당으로 의원직 상실 박금자 승계 / 의원직 상실,api_later_than_wiki,api_later_than_wiki,wikilist=2001-09-07; wikiseat=2001-09-07,wikilist=2003-12-12; wikiseat=2003-12-12,,새천년민주당,23,새천년민주당,새천년민주당,조배숙,,,False
16,김영선,金映宣,1960-05-16,여,한나라당,비례대표,비례대표,2002-07-22,2004-05-29,term_end,succession_pr,LBC8144B,NA-API 의원이력; NA-API ALLNAMEMBER; kowiki list oldid=42446179; kowiki 의석변동 oldid=42446181,1,,term_end,,confirmed,term_end,wikilist+wikiseat,,,한나라당,22,한나라당,한나라당,김영선 (1960년),,,False
16,유한열,柳漢烈,1938-01-15,남,한나라당,비례대표,비례대표,2002-12-11,2004-05-29,term_end,succession_pr,8AZ5362W,NA-API 의원이력; NA-API ALLNAMEMBER; kowiki list oldid=42446179; kowiki 의석변동 oldid=42446181,1,,term_end,,api_later_than_wiki,term_end,wikilist=2002-11-26; wikiseat=2002-11-26,,,한나라당,23,한나라당,한나라당,유한열,,,False
16,장광근,張光根,1954-01-08,남,한나라당,비례대표,비례대표,2003-02-07,2004-05-29,term_end,succession_pr,JUM9212Y,NA-API 의원이력; NA-API ALLNAMEMBER; kowiki list oldid=42446179; kowiki 의석변동 oldid=42446181,1,,term_end,,api_later_than_wiki,term_end,wikilist=2003-02-06; wikiseat=2003-02-06,,,한나라당,24,한나라당,한나라당,장광근,,,False
16,구종태,具鍾泰,1934-07-25,남,새천년민주당,비례대표,비례대표,2003-03-05,2004-05-29,term_end,succession_pr,SAL2139X,NA-API 의원이력; NA-API ALLNAMEMBER; kowiki list oldid=42446179; kowiki 의석변동 oldid=42446181,1,,term_end,,api_later_than_wiki,term_end,wikilist=2003-03-04; wikiseat=2003-03-04,,,새천년민주당,25,새천년민주당,새천년민주당,구종태,,,False
16,오영식,吳泳食,1967-02-28,남,새천년민주당,비례대표,비례대표,2003-03-05,2003-10-27,disqualified,succession_pr,OK55632O,NA-API 의원이력; NA-API ALLNAMEMBER; kowiki list oldid=42446179; kowiki 의석변동 oldid=42446181; manual_checks.csv,1,,pr_seat_lost_on_leaving_party,의원직 상실,api_later_than_wiki,verified_manual,wikilist=2003-03-04; wikiseat=2003-03-04,api=2003-10-27; chosen=2003-10-27; API date kept and confirmed. kowiki list gives the announcement day 2003-10-26.,,새천년민주당,24,새천년민주당,새천년민주당,오영식,,exit_detail set by manual_checks.csv (was court_ruling_other_or_unspecified),False
16,박종완,朴鍾浣,1939-05-24,남,새천년민주당,비례대표,비례대표,2003-11-01,2004-05-03,disqualified,succession_pr,PKC2242M,NA-API 의원이력; NA-API ALLNAMEMBER; kowiki list oldid=42446179; kowiki 의석변동 oldid=42446181,1,,pr_seat_lost_on_leaving_party,박종완 탈당으로 의원직 상실 안희옥 승계 / 의원직 사퇴,api_later_than_wiki,api_earlier_than_wiki,wikilist=2003-10-26,wikilist=2004-05-04; wikiseat=2004-05-21,,새천년민주당,28,새천년민주당,새천년민주당,박종완,,,False
16,안상현,安相賢,1963-07-16,여,새천년민주당,비례대표,비례대표,2003-11-01,2004-05-29,term_end,succession_pr,7GA3057C,NA-API 의원이력; NA-API ALLNAMEMBER; kowiki list oldid=42446179,1,,term_end,,api_later_than_wiki,term_end,wikilist=2003-10-26,,,새천년민주당,26,새천년민주당,새천년민주당,안상현 (1963년),,,False
16,양승부,梁承富,1954-12-10,남,새천년민주당,비례대표,비례대표,2003-11-01,2004-05-29,term_end,succession_pr,H6T8617M,NA-API 의원이력; NA-API ALLNAMEMBER; kowiki list oldid=42446179,1,,term_end,,api_later_than_wiki,term_end,wikilist=2003-10-26,,,새천년민주당,31,새천년민주당,새천년민주당,양승부,,,False
16,한충수,韓忠洙,1942-08-12,남,새천년민주당,비례대표,비례대표,2003-11-01,2004-05-29,term_end,succession_pr,LUY92654,NA-API 의원이력; NA-API ALLNAMEMBER; kowiki list oldid=42446179,1,,term_end,,api_later_than_wiki,term_end,wikilist=2003-10-26,,,새천년민주당,30,새천년민주당,새천년민주당,한충수,,,False
16,황창주,黃昌柱,1955-07-03,남,새천년민주당,비례대표,비례대표,2003-11-01,2004-05-29,term_end,succession_pr,9VN1421O,NA-API 의원이력; NA-API ALLNAMEMBER; kowiki list oldid=42446179,1,,term_end,,api_later_than_wiki,term_end,wikilist=2003-10-26,,,새천년민주당,27,새천년민주당,새천년민주당,황창주 (1955년),,,False
16,송병대,宋丙大,1949-01-20,남,한나라당,비례대표,비례대표,2003-12-12,2004-05-29,term_end,succession_pr,V8J2562C,NA-API 의원이력; NA-API ALLNAMEMBER; kowiki list oldid=42446179; kowiki 의석변동 oldid=42446181,1,,term_end,,api_later_than_wiki,term_end,wikilist=2003-12-10; wikiseat=2003-12-09,,,한나라당,26,한나라당,한나라당,송병대,,,False
16,박금자,朴錦子,1953-02-15,여,새천년민주당,비례대표,비례대표,2003-12-22,2004-05-29,term_end,succession_pr,0664957K,NA-API 의원이력; NA-API ALLNAMEMBER; kowiki list oldid=42446179; kowiki 의석변동 oldid=42446181,1,,term_end,,api_later_than_wiki,term_end,wikilist=2003-12-12; wikiseat=2003-12-12,,,새천년민주당,32,새천년민주당,새천년민주당,박금자,,,False
16,김영구,金永求,1941-09-12,남,한나라당,비례대표,비례대표,2004-03-11,2004-05-29,term_end,succession_pr,0MY78908,NA-API 의원이력; NA-API ALLNAMEMBER; kowiki list oldid=42446179; kowiki 의석변동 oldid=42446181,1,,term_end,,api_later_than_wiki,term_end,wikilist=2004-03-04; wikiseat=2004-02-01,,,한나라당,27,한나라당,한나라당,김영구 (1941년),,,True
16,박경섭,朴景燮,1952-04-13,남,한나라당,비례대표,비례대표,2004-03-29,2004-05-29,term_end,succession_pr,DZG7656A,NA-API 의원이력; NA-API ALLNAMEMBER; kowiki list oldid=42446179; kowiki 의석변동 oldid=42446181,1,,term_end,,api_later_than_wiki,term_end,wikilist=2004-03-25; wikiseat=2004-03-25,,,한나라당,28,한나라당,한나라당,박경섭 (정치인),,,False
16,변웅전,邊雄田,1940-10-15,남,자유민주연합,비례대표,비례대표,2004-03-29,2004-05-29,term_end,succession_pr,BJW1335W,NA-API 의원이력; NA-API ALLNAMEMBER; kowiki list oldid=42446179; kowiki 의석변동 oldid=42446181,1,,term_end,,api_later_than_wiki,term_end,wikilist=2004-03-22; wikiseat=2004-03-22,,,자유민주연합,6,자유민주연합,자유민주연합,변웅전,,,False
16,이종성,李鍾成,1948-05-24,남,새천년민주당,비례대표,비례대표,2004-03-31,2004-05-29,term_end,succession_pr,BH845359,NA-API 의원이력; NA-API ALLNAMEMBER; kowiki list oldid=42446179; kowiki 의석변동 oldid=42446181,1,,term_end,,confirmed,term_end,wikilist+wikiseat,,,새천년민주당,33,새천년민주당,새천년민주당,이종성 (1948년),,,True
16,이만재,李萬載,1952-05-23,남,한나라당,비례대표,비례대표,2004-04-01,2004-05-29,term_end,succession_pr,WDL36426,NA-API 의원이력; NA-API ALLNAMEMBER; kowiki list oldid=42446179; kowiki 의석변동 oldid=42446181,1,,term_end,,api_later_than_wiki,term_end,wikilist=2004-03-29; wikiseat=2004-03-29,,,한나라당,29,한나라당,한나라당,이만재 (1952년),,,False
16,안희옥,安熙玉,1940-09-29,여,새천년민주당,비례대표,비례대표,2004-05-12,2004-05-29,term_end,succession_pr,GP07368N,NA-API 의원이력; NA-API ALLNAMEMBER; kowiki list oldid=42446179; kowiki 의석변동 oldid=42446181,1,,term_end,,conflict,term_end,wikilist=2004-05-04; wikiseat=2004-05-21,,,새천년민주당,35,새천년민주당,새천년민주당,안희옥,,,False
17,심재엽,沈在曄,1946-03-02,남,한나라당,강원 강릉시,지역구,2004-05-30,2008-05-29,term_end,general,AI14411Y,kna members_17.parquet; NA-API 의원이력; NA-API ALLNAMEMBER; kowiki list oldid=41080768,1,,term_end,,term_start,term_end,,,강원도 강릉시,,,한나라당,한나라당,심재엽,True,,False
17,최연희,崔鉛熙,1944-12-29,남,한나라당,강원 동해삼척시,지역구,2004-05-30,2008-05-29,term_end,general,T8H6713N,kna members_17.parquet; NA-API 의원이력; NA-API ALLNAMEMBER; kowiki list oldid=41080768,1,,term_end,,term_start,term_end,,,강원도 동해시·삼척시,,,무소속,한나라당,최연희,True,,False
17,정문헌,鄭文憲,1966-05-04,남,한나라당,"강원 속초시,고성군,양양군",지역구,2004-05-30,2008-05-29,term_end,general,39938231,kna members_17.parquet; NA-API 의원이력; NA-API ALLNAMEMBER; kowiki list oldid=41080768,1,,term_end,,term_start,term_end,,,강원도 속초시·고성군·양양군,,,한나라당,한나라당,정문헌,True,,False
17,이계진,李季振,1946-11-23,남,한나라당,강원 원주시,지역구,2004-05-30,2008-05-29,term_end,general,D0K32445,kna members_17.parquet; NA-API 의원이력; NA-API ALLNAMEMBER; kowiki list oldid=41080768,1,,term_end,,term_start,term_end,,,강원도 원주시,,,한나라당,한나라당,이계진,True,,False
17,박세환,朴世煥,1957-02-03,남,한나라당,"강원 철원,화천,양구군",지역구,2004-05-30,2008-05-29,term_end,general,OEY60882,kna members_17.parquet; NA-API 의원이력; NA-API ALLNAMEMBER; kowiki list oldid=41080768,1,,term_end,,term_start,term_end,,,강원도 철원군·화천군·양구군·인제군,,,한나라당,한나라당,박세환 (1957년),True,,True
17,허천,,1943-04-10,남,한나라당,강원 춘천시,지역구,2004-05-30,2008-05-29,term_end,general,ZAD6422F,kna members_17.parquet; NA-API 의원이력; NA-API ALLNAMEMBER; kowiki list oldid=41080768,1,,term_end,,term_start,term_end,,,강원도 춘천시,,,한나라당,한나라당,허천 (정치인),True,,False
17,이광재,李光宰,1965-02-28,남,열린우리당,강원 태백시정선군,지역구,2004-05-30,2008-05-29,term_end,general,4A067125,kna members_17.parquet; NA-API 의원이력; NA-API ALLNAMEMBER; kowiki list oldid=41080768,1,,term_end,,term_start,term_end,,,강원도 태백시·영월군·평창군·정선군,,,통합민주당,열린우리당,이광재 (정치인),True,,False
17,조일현,曺馹鉉,1955-07-15,남,열린우리당,"강원 홍천,횡성군",지역구,2004-05-30,2008-05-29,term_end,general,AKX56559,kna members_17.parquet; NA-API 의원이력; NA-API ALLNAMEMBER; kowiki list oldid=41080768,1,,term_end,,term_start,term_end,,,강원도 홍천군·횡성군,,,통합민주당,열린우리당,조일현,True,,False
17,정병국,鄭柄國,1958-02-10,남,한나라당,"경기 가평군,양평군",지역구,2004-05-30,2008-05-29,term_end,general,P303213F,kna members_17.parquet; NA-API 의원이력; NA-API ALLNAMEMBER; kowiki list oldid=41080768,1,,term_end,,term_start,term_end,,,경기도 양평군·가평군,,,한나라당,한나라당,정병국,True,,False
17,유시민,柳時敏,1959-07-28,남,열린우리당,경기 고양시덕양구갑,지역구,2004-05-30,2008-05-29,term_end,general,XFH9918T,kna members_17.parquet; NA-API 의원이력; NA-API ALLNAMEMBER; kowiki list oldid=41080768,1,,term_end,,term_start,term_end,,,경기도 고양시 덕양구 갑,,,무소속,열린우리당,유시민,True,,False
17,최성,崔星,1963-08-10,남,열린우리당,경기 고양시덕양구을,지역구,2004-05-30,2008-05-29,term_end,general,6NE2017V,kna members_17.parquet; NA-API 의원이력; NA-API ALLNAMEMBER; kowiki list oldid=41080768,1,,term_end,,term_start,term_end,,,경기도 고양시 덕양구 을,,,통합민주당,열린우리당,최성 (1963년),True,,False
17,한명숙,韓明淑,1944-03-24,여,열린우리당,경기 고양시일산구갑,지역구,2004-05-30,2008-05-29,term_end,general,PYP5878A,kna members_17.parquet; NA-API 의원이력; NA-API ALLNAMEMBER; kowiki list oldid=41080768,1,,term_end,,term_start,term_end,,,경기도 고양시 일산구 갑,,,통합민주당,열린우리당,한명숙,True,,False
17,김영선,金映宣,1960-05-16,여,한나라당,경기 고양시일산구을,지역구,2004-05-30,2008-05-29,term_end,general,LBC8144B,kna members_17.parquet; NA-API 의원이력; NA-API ALLNAMEMBER; kowiki list oldid=41080768,1,,term_end,,term_start,term_end,,,경기도 고양시 일산구 을,,,한나라당,한나라당,김영선 (1960년),True,,False
17,이원영,李源榮,1954-04-07,남,열린우리당,경기 광명시갑,지역구,2004-05-30,2008-05-29,term_end,general,F0P9129B,kna members_17.parquet; NA-API 의원이력; NA-API ALLNAMEMBER; kowiki list oldid=41080768,1,,term_end,,term_start,term_end,,,경기도 광명시 갑,,,통합민주당,열린우리당,이원영 (1954년),True,,False
17,전재희,全在姬,1949-09-06,여,한나라당,경기 광명시을,지역구,2004-05-30,2008-05-29,term_end,general,0WH9705X,kna members_17.parquet; NA-API 의원이력; NA-API ALLNAMEMBER; kowiki list oldid=41080768,1,,term_end,,term_start,term_end,,,경기도 광명시 을,,,한나라당,한나라당,전재희,True,,False
17,박혁규,朴赫圭,1954-09-05,남,한나라당,경기 광주군,지역구,2004-05-30,2005-09-09,disqualified,general,WZL8101U,kna members_17.parquet; NA-API 의원이력; NA-API ALLNAMEMBER; kowiki list oldid=41080768; kowiki 의석변동 oldid=41820105,1,,court_ruling_election_law,선거법 위반으로 의원직 상실 / 의원직 상실,term_start,confirmed,,wikilist+wikiseat,경기도 광주시,,,한나라당,한나라당,박혁규,True,,False
17,정진섭,鄭鎭燮,1952-04-16,남,한나라당,경기 광주시,지역구,2005-10-26,2008-05-29,term_end,by_election,PTC64957,kna members_17.parquet; NA-API 의원이력; NA-API ALLNAMEMBER; kowiki list oldid=41080768; kowiki 의석변동 oldid=41820105,1,,term_end,,confirmed,term_end,wikilist+wikiseat,,경기도 광주시,,,한나라당,한나라당,정진섭 (정치인),True,,False
17,윤호중,尹昊重,1963-03-27,남,열린우리당,경기 구리시,지역구,2004-05-30,2008-05-29,term_end,general,M0A1658U,kna members_17.parquet; NA-API 의원이력; NA-API ALLNAMEMBER; kowiki list oldid=41080768,1,,term_end,,term_start,term_end,,,경기도 구리시,,,통합민주당,열린우리당,윤호중,True,,False
17,김부겸,金富謙,1958-01-21,남,열린우리당,경기 군포시,지역구,2004-05-30,2008-05-29,term_end,general,UIZ3103R,kna members_17.parquet; NA-API 의원이력; NA-API ALLNAMEMBER; kowiki list oldid=41080768,1,,term_end,,term_start,term_end,,,경기도 군포시,,,통합민주당,열린우리당,김부겸,True,,False
17,유정복,劉正福,1957-06-16,남,한나라당,경기 김포시,지역구,2004-05-30,2008-05-29,term_end,general,63J3777V,kna members_17.parquet; NA-API 의원이력; NA-API ALLNAMEMBER; kowiki list oldid=41080768,1,,term_end,,term_start,term_end,,,경기도 김포시,,,한나라당,한나라당,유정복,True,,False
17,최재성,崔宰誠,1965-09-09,남,열린우리당,경기 남양주시,지역구,2004-05-30,2008-05-29,term_end,general,VE469451,kna members_17.parquet; NA-API 의원이력; NA-API ALLNAMEMBER; kowiki list oldid=41080768,1,,term_end,,term_start,term_end,,,경기도 남양주시 갑,,,통합민주당,열린우리당,최재성 (정치인),True,,False
17,박기춘,朴起春,1956-05-01,남,열린우리당,경기 남양주시을,지역구,2004-05-30,2008-05-29,term_end,general,3ZP1685J,kna members_17.parquet; NA-API 의원이력; NA-API ALLNAMEMBER; kowiki list oldid=41080768,1,,term_end,,term_start,term_end,,,경기도 남양주시 을,,,통합민주당,열린우리당,박기춘,True,,False
17,김문수,金文洙,1951-08-27,남,한나라당,경기 부천시소사구,지역구,2004-05-30,2006-04-24,resigned,general,RVR78866,kna members_17.parquet; NA-API 의원이력; NA-API ALLNAMEMBER; kowiki list oldid=41080768; kowiki 의석변동 oldid=41820105; NA bill 034925,1,,resigned_to_run_for_other_office,경기지사 출마로 사퇴 / 의원직 사퇴,term_start,confirmed,,wikilist+wikiseat+nabill,경기도 부천시 소사구,,,한나라당,한나라당,김문수,True,,True
17,차명진,車明進,1959-08-14,남,한나라당,경기 부천시소사구,지역구,2006-07-26,2008-05-29,term_end,by_election,54B18425,kna members_17.parquet; NA-API 의원이력; NA-API ALLNAMEMBER; kowiki list oldid=41080768; kowiki 의석변동 oldid=41820105,1,,term_end,,confirmed,term_end,wikilist+wikiseat,,경기도 부천시 소사구,,,한나라당,한나라당,차명진,True,,False
17,원혜영,元惠榮,1951-09-27,남,열린우리당,경기 부천시오정구,지역구,2004-05-30,2008-05-29,term_end,general,6DG91769,kna members_17.parquet; NA-API 의원이력; NA-API ALLNAMEMBER; kowiki list oldid=41080768,1,,term_end,,term_start,term_end,,,경기도 부천시 오정구,,,통합민주당,열린우리당,원혜영,True,,False
17,김기석,金基錫,1946-12-05,남,열린우리당,경기 부천시원미구갑,지역구,2004-05-30,2005-08-19,disqualified,general,3KB30916,kna members_17.parquet; NA-API 의원이력; NA-API ALLNAMEMBER; kowiki list oldid=41080768,1,,court_ruling_other_or_unspecified,의원직 상실,term_start,confirmed,,wikilist,경기도 부천시 원미구 갑,,,열린우리당,열린우리당,김기석 (1946년),True,,False
17,임해규,林亥圭,1960-03-07,남,한나라당,경기 부천시원미구갑,지역구,2005-10-26,2008-05-29,term_end,by_election,34Y32105,kna members_17.parquet; NA-API 의원이력; NA-API ALLNAMEMBER; kowiki list oldid=41080768; kowiki 의석변동 oldid=41820105,1,,term_end,,confirmed,term_end,wikilist+wikiseat,,경기도 부천시 원미구 갑,,,한나라당,한나라당,임해규,True,,False
17,배기선,裵基善,1950-09-15,남,열린우리당,경기 부천시원미구을,지역구,2004-05-30,2008-05-29,term_end,general,Y009633J,kna members_17.parquet; NA-API 의원이력; NA-API ALLNAMEMBER; kowiki list oldid=41080768,1,,term_end,,term_start,term_end,,,경기도 부천시 원미구 을,,,통합민주당,열린우리당,배기선,True,,False
17,고흥길,高興吉,1944-08-13,남,한나라당,경기 성남시분당구갑,지역구,2004-05-30,2008-05-29,term_end,general,JGX8852O,kna members_17.parquet; NA-API 의원이력; NA-API ALLNAMEMBER; kowiki list oldid=41080768,1,,term_end,,term_start,term_end,,,경기도 성남시 분당구 갑,,,한나라당,한나라당,고흥길,True,,False
17,임태희,任太熙,1956-12-01,남,한나라당,경기 성남시분당구을,지역구,2004-05-30,2008-05-29,term_end,general,PJ76653N,kna members_17.parquet; NA-API 의원이력; NA-API ALLNAMEMBER; kowiki list oldid=41080768,1,,term_end,,term_start,term_end,,,경기도 성남시 분당구 을,,,한나라당,한나라당,임태희,True,,False
17,김태년,金太年,1965-03-20,남,열린우리당,경기 성남시수정구,지역구,2004-05-30,2008-05-29,term_end,general,1WE5693J,kna members_17.parquet; NA-API 의원이력; NA-API ALLNAMEMBER; kowiki list oldid=41080768,1,,term_end,,term_start,term_end,,,경기도 성남시 수정구,,,통합민주당,열린우리당,김태년 (1965년),True,,False
17,이상락,李相樂,1953-05-30,남,열린우리당,경기 성남시중원구,지역구,2004-05-30,2004-12-10,disqualified,general,7XG93147,kna members_17.parquet; NA-API 의원이력; NA-API ALLNAMEMBER; kowiki list oldid=41080768; kowiki 의석변동 oldid=41820105,1,,court_ruling_election_law,선거법 위반으로 의원직 상실 / 의원직 상실,term_start,confirmed,,wikilist+wikiseat,경기도 성남시 중원구,,,열린우리당,열린우리당,이상락,True,,False
17,신상진,申相珍,1956-06-28,남,한나라당,경기 성남시중원구,지역구,2005-04-30,2008-05-29,term_end,by_election,71M8132V,kna members_17.parquet; NA-API 의원이력; NA-API ALLNAMEMBER; kowiki list oldid=41080768; kowiki 의석변동 oldid=41820105,1,,term_end,,confirmed,term_end,wikilist+wikiseat,,경기도 성남시 중원구,,,한나라당,한나라당,신상진,True,,False
17,이기우,李基宇,1966-08-16,남,열린우리당,경기 수원시권선구,지역구,2004-05-30,2008-05-29,term_end,general,FP331081,kna members_17.parquet; NA-API 의원이력; NA-API ALLNAMEMBER; kowiki list oldid=41080768,1,,term_end,,term_start,term_end,,,경기도 수원시 권선구,,,통합민주당,열린우리당,이기우 (1966년),True,,False
17,김진표,金振杓,1947-05-04,남,열린우리당,경기 수원시영통구,지역구,2004-05-30,2008-05-29,term_end,general,Q9H5708M,kna members_17.parquet; NA-API 의원이력; NA-API ALLNAMEMBER; kowiki list oldid=41080768,1,,term_end,,term_start,term_end,,,경기도 수원시 영통구,,,통합민주당,열린우리당,김진표 (정치인),True,,False
17,심재덕,沈載德,1939-01-15,남,열린우리당,경기 수원시장안구,지역구,2004-05-30,2008-05-29,term_end,general,G523339H,kna members_17.parquet; NA-API 의원이력; NA-API ALLNAMEMBER; kowiki list oldid=41080768,1,,term_end,,term_start,term_end,,,경기도 수원시 장안구,,,무소속,열린우리당,심재덕,True,,False
17,남경필,南景弼,1965-01-20,남,한나라당,경기 수원시팔달구,지역구,2004-05-30,2008-05-29,term_end,general,EI023764,kna members_17.parquet; NA-API 의원이력; NA-API ALLNAMEMBER; kowiki list oldid=41080768,1,,term_end,,term_start,term_end,,,경기도 수원시 팔달구,,,한나라당,한나라당,남경필,True,,False
17,백원우,白元宇,1966-05-02,남,열린우리당,경기 시흥시,지역구,2004-05-30,2008-05-29,term_end,general,TA88758O,kna members_17.parquet; NA-API 의원이력; NA-API ALLNAMEMBER; kowiki list oldid=41080768,1,,term_end,,term_start,term_end,,,경기도 시흥시 갑,,,통합민주당,열린우리당,백원우,True,,False
17,조정식,趙正湜,1963-12-25,남,열린우리당,경기 시흥시을,지역구,2004-05-30,2008-05-29,term_end,general,IN328264,kna members_17.parquet; NA-API 의원이력; NA-API ALLNAMEMBER; kowiki list oldid=41080768,1,,term_end,,term_start,term_end,,,경기도 시흥시 을,,,통합민주당,열린우리당,조정식 (정치인),True,,False
17,천정배,千正培,1954-12-12,남,열린우리당,경기 안산시단원구갑,지역구,2004-05-30,2008-05-29,term_end,general,3SP89633,kna members_17.parquet; NA-API 의원이력; NA-API ALLNAMEMBER; kowiki list oldid=41080768,1,,term_end,,term_start,term_end,,,경기도 안산시 단원구 갑,,,통합민주당,열린우리당,천정배,True,,False
17,제종길,諸淙吉,1955-03-21,남,열린우리당,경기 안산시단원구을,지역구,2004-05-30,2008-05-29,term_end,general,R403874L,kna members_17.parquet; NA-API 의원이력; NA-API ALLNAMEMBER; kowiki list oldid=41080768,1,,term_end,,term_start,term_end,,,경기도 안산시 단원구 을,,,통합민주당,열린우리당,제종길,True,,False
17,장경수,張炅秀,1959-08-16,남,열린우리당,경기 안산시상록구갑,지역구,2004-05-30,2008-05-29,term_end,general,KZA7680N,kna members_17.parquet; NA-API 의원이력; NA-API ALLNAMEMBER; kowiki list oldid=41080768,1,,term_end,,term_start,term_end,,,경기도 안산시 상록구 갑,,,통합민주당,열린우리당,장경수 (1959년),True,,False
17,임종인,林鍾仁,1956-08-28,남,열린우리당,경기 안산시상록구을,지역구,2004-05-30,2008-05-29,term_end,general,32X1773B,kna members_17.parquet; NA-API 의원이력; NA-API ALLNAMEMBER; kowiki list oldid=41080768,1,,term_end,,term_start,term_end,,,경기도 안산시 상록구 을,,,무소속,열린우리당,임종인 (1956년),True,,False
17,김선미,金善美,1961-03-20,여,열린우리당,경기 안성시,지역구,2004-05-30,2008-05-29,term_end,general,QMQ4659V,kna members_17.parquet; NA-API 의원이력; NA-API ALLNAMEMBER; kowiki list oldid=41080768,1,,term_end,,term_start,term_end,,,경기도 안성시,,,무소속,열린우리당,김선미 (1961년),True,,False
17,이석현,李錫玄,1951-03-16,남,열린우리당,경기 안양시동안구,지역구,2004-05-30,2008-05-29,term_end,general,GMK1374L,kna members_17.parquet; NA-API 의원이력; NA-API ALLNAMEMBER; kowiki list oldid=41080768,1,,term_end,,term_start,term_end,,,경기도 안양시 동안구 갑,,,통합민주당,열린우리당,이석현 (1951년),True,,False
17,심재철,沈在哲,1958-01-18,남,한나라당,경기 안양시동안구을,지역구,2004-05-30,2008-05-29,term_end,general,FGX4881A,kna members_17.parquet; NA-API 의원이력; NA-API ALLNAMEMBER; kowiki list oldid=41080768,1,,term_end,,term_start,term_end,,,경기도 안양시 동안구 을,,,한나라당,한나라당,심재철 (정치인),True,,False
17,이종걸,李鍾杰,1957-05-22,남,열린우리당,경기 안양시만안구,지역구,2004-05-30,2008-05-29,term_end,general,WDR7061Y,kna members_17.parquet; NA-API 의원이력; NA-API ALLNAMEMBER; kowiki list oldid=41080768,1,,term_end,,term_start,term_end,,,경기도 안양시 만안구,,,통합민주당,열린우리당,이종걸,True,,False
17,정성호,鄭成湖,1961-09-10,남,열린우리당,"경기 양주,동두천시",지역구,2004-05-30,2008-05-29,term_end,general,V429892C,kna members_17.parquet; NA-API 의원이력; NA-API ALLNAMEMBER; kowiki list oldid=41080768,1,,term_end,,term_start,term_end,,,경기도 양주시·동두천시,,,통합민주당,열린우리당,정성호 (1962년),True,,False
17,이철우,李哲禹,1960-08-09,남,열린우리당,"경기 연천군,포천군",지역구,2004-05-30,2005-03-25,disqualified,general,ZO74670Y,kna members_17.parquet; NA-API 의원이력; NA-API ALLNAMEMBER; kowiki list oldid=41080768; kowiki 의석변동 oldid=41820105,1,,court_ruling_election_law,선거법 위반으로 의원직 상실 / 의원직 상실,term_start,confirmed,,wikilist,경기도 포천시·연천군,,,열린우리당,열린우리당,이철우 (1960년),True,,True
17,고조흥,高照興,1952-11-23,남,한나라당,"경기 연천군,포천군",지역구,2005-05-01,2008-05-29,term_end,by_election,CSB26402,kna members_17.parquet; NA-API 의원이력; NA-API ALLNAMEMBER; kowiki list oldid=41080768; kowiki 의석변동 oldid=41820105,1,,term_end,,confirmed_pollday_plus1,term_end,wikilist=2005-04-30; wikiseat=2005-04-30,,경기도 포천시·연천군,,,한나라당,한나라당,고조흥,True,,False
17,안민석,安敏錫,1966-08-13,남,열린우리당,경기 오산시화성군,지역구,2004-05-30,2008-05-29,term_end,general,ZA54991S,kna members_17.parquet; NA-API 의원이력; NA-API ALLNAMEMBER; kowiki list oldid=41080768,1,,term_end,,term_start,term_end,,,경기도 오산시,,,통합민주당,열린우리당,안민석,True,,False
17,우제창,禹濟昌,1963-04-25,남,열린우리당,경기 용인시갑,지역구,2004-05-30,2008-05-29,term_end,general,GFO6700V,kna members_17.parquet; NA-API 의원이력; NA-API ALLNAMEMBER; kowiki list oldid=41080768,1,,term_end,,term_start,term_end,,,경기도 용인시 갑,,,통합민주당,열린우리당,우제창,True,,False
17,한선교,韓善敎,1959-06-23,남,한나라당,경기 용인시을,지역구,2004-05-30,2008-05-29,term_end,general,ZX71333R,kna members_17.parquet; NA-API 의원이력; NA-API ALLNAMEMBER; kowiki list oldid=41080768,1,,term_end,,term_start,term_end,,,경기도 용인시 을,,,무소속,한나라당,한선교,True,,False
17,안상수,安商守,1946-02-09,남,한나라당,"경기 의왕,과천시",지역구,2004-05-30,2008-05-29,term_end,general,ACS7139Z,kna members_17.parquet; NA-API 의원이력; NA-API ALLNAMEMBER; kowiki list oldid=41080768,1,,term_end,,term_start,term_end,,,경기도 의왕시·과천시,,,한나라당,한나라당,안상수 (창원 출신 정치인),True,,True
17,문희상,文喜相,1945-03-03,남,열린우리당,경기 의정부시,지역구,2004-05-30,2008-05-29,term_end,general,IYD4143Y,kna members_17.parquet; NA-API 의원이력; NA-API ALLNAMEMBER; kowiki list oldid=41080768,1,,term_end,,term_start,term_end,,,경기도 의정부시 갑,,,통합민주당,열린우리당,문희상,True,,False
17,강성종,康聖鐘,1966-07-18,남,열린우리당,경기 의정부시을,지역구,2004-05-30,2008-05-29,term_end,general,2ML68608,kna members_17.parquet; NA-API 의원이력; NA-API ALLNAMEMBER; kowiki list oldid=41080768,1,,term_end,,term_start,term_end,,,경기도 의정부시 을,,,통합민주당,열린우리당,강성종 (1966년),True,,False
17,이규택,李揆澤,1942-07-20,남,한나라당,"경기 이천시,여주군",지역구,2004-05-30,2008-05-29,term_end,general,YE691699,kna members_17.parquet; NA-API 의원이력; NA-API ALLNAMEMBER; kowiki list oldid=41080768,1,,term_end,,term_start,term_end,,,경기도 이천시·여주군,,,친박연대,한나라당,이규택,True,,False
17,이재창,李在昌,1936-10-25,남,한나라당,경기 파주시,지역구,2004-05-30,2008-05-29,term_end,general,QFQ8496R,kna members_17.parquet; NA-API 의원이력; NA-API ALLNAMEMBER; kowiki list oldid=41080768,1,,term_end,,term_start,term_end,,,경기도 파주시,,,한나라당,한나라당,이재창,True,,False
17,우제항,禹濟恒,1948-10-26,남,열린우리당,경기 평택시갑,지역구,2004-05-30,2008-05-29,term_end,general,TAJ3272G,kna members_17.parquet; NA-API 의원이력; NA-API ALLNAMEMBER; kowiki list oldid=41080768,1,,term_end,,term_start,term_end,,,경기도 평택시 갑,,,통합민주당,열린우리당,우제항,True,,False
17,정장선,鄭長善,1958-03-16,남,열린우리당,경기 평택시을,지역구,2004-05-30,2008-05-29,term_end,general,GKV4796M,kna members_17.parquet; NA-API 의원이력; NA-API ALLNAMEMBER; kowiki list oldid=41080768,1,,term_end,,term_start,term_end,,,경기도 평택시 을,,,통합민주당,열린우리당,정장선,True,,False
17,문학진,文學振,1954-10-26,남,열린우리당,경기 하남시,지역구,2004-05-30,2008-05-29,term_end,general,K3672835,kna members_17.parquet; NA-API 의원이력; NA-API ALLNAMEMBER; kowiki list oldid=41080768,1,,term_end,,term_start,term_end,,,경기도 하남시,,,통합민주당,열린우리당,문학진,True,,False
17,안병엽,安炳燁,1945-02-17,남,열린우리당,경기 화성시,지역구,2004-05-30,2006-11-10,disqualified,general,MWY71007,kna members_17.parquet; NA-API 의원이력; NA-API ALLNAMEMBER; kowiki list oldid=41080768; kowiki 의석변동 oldid=41820105,1,,court_ruling_election_law,정치자금법 위반으로 당선무효 / 의원직 상실,term_start,confirmed,,wikilist+wikiseat,경기도 화성시,,,열린우리당,열린우리당,안병엽,True,,False
17,고희선,高羲善,1949-09-21,남,한나라당,경기 화성시,지역구,2007-04-25,2008-05-29,term_end,by_election,OIU86868,kna members_17.parquet; NA-API 의원이력; NA-API ALLNAMEMBER; kowiki list oldid=41080768; kowiki 의석변동 oldid=41820105,1,,term_end,,confirmed,term_end,wikilist+wikiseat,,경기도 화성시,,,한나라당,한나라당,고희선,True,,False
17,김기춘,金淇春,1939-11-25,남,한나라당,경남 거제시,지역구,2004-05-30,2008-05-29,term_end,general,WVT1840E,kna members_17.parquet; NA-API 의원이력; NA-API ALLNAMEMBER; kowiki list oldid=41080768,1,,term_end,,term_start,term_end,,,경상남도 거제시,,,한나라당,한나라당,김기춘,True,,False
17,김맹곤,金孟坤,1945-10-20,남,열린우리당,경남 김해시,지역구,2004-05-30,2005-03-25,disqualified,general,XY451321,kna members_17.parquet; NA-API 의원이력; NA-API ALLNAMEMBER; kowiki list oldid=41080768; kowiki 의석변동 oldid=41820105,1,,court_ruling_election_law,선거법 위반으로 의원직 상실 / 의원직 상실,term_start,confirmed,,wikilist,경상남도 김해시 갑,,,열린우리당,열린우리당,김맹곤,True,,False
17,김정권,金正權,1960-01-12,남,한나라당,경남 김해시갑,지역구,2005-04-30,2008-05-29,term_end,by_election,X316937B,kna members_17.parquet; NA-API 의원이력; NA-API ALLNAMEMBER; kowiki list oldid=41080768; kowiki 의석변동 oldid=41820105,1,,term_end,,confirmed,term_end,wikilist+wikiseat,,경상남도 김해시 갑,,,한나라당,한나라당,김정권 (정치인),True,,False
17,최철국,崔喆國,1952-12-30,남,열린우리당,경남 김해시을,지역구,2004-05-30,2008-05-29,term_end,general,0Y39862U,kna members_17.parquet; NA-API 의원이력; NA-API ALLNAMEMBER; kowiki list oldid=41080768,1,,term_end,,term_start,term_end,,,경상남도 김해시 을,,,통합민주당,열린우리당,최철국,True,,False
17,박희태,朴熺太,1938-08-09,남,한나라당,"경남 남해,하동군",지역구,2004-05-30,2008-05-29,term_end,general,FSN5613H,kna members_17.parquet; NA-API 의원이력; NA-API ALLNAMEMBER; kowiki list oldid=41080768,1,,term_end,,term_start,term_end,,,경상남도 남해군·하동군,,,한나라당,한나라당,박희태,True,,False
17,이주영,李柱榮,1951-09-30,남,한나라당,경남 마산시갑,지역구,2006-07-26,2008-05-29,term_end,by_election,8IN46764,kna members_17.parquet; NA-API 의원이력; NA-API ALLNAMEMBER; kowiki list oldid=41080768; kowiki 의석변동 oldid=41820105,1,,term_end,,confirmed,term_end,wikilist+wikiseat,,경상남도 마산시 갑,,,한나라당,한나라당,이주영 (1951년),True,,True
17,김정부,金政夫,1942-02-14,남,한나라당,경남 마산시합포구,지역구,2004-05-30,2006-05-12,disqualified,general,9406274S,kna members_17.parquet; NA-API 의원이력; NA-API ALLNAMEMBER; kowiki list oldid=41080768; kowiki 의석변동 oldid=41820105,1,,court_ruling_election_law,선거법 위반으로 의원직 상실 / 의원직 상실,term_start,confirmed,,wikilist+wikiseat,경상남도 마산시 갑,,,한나라당,한나라당,김정부,True,,False
17,안홍준,安鴻俊,1951-03-02,남,한나라당,경남 마산시회원구,지역구,2004-05-30,2008-05-29,term_end,general,FPX1564S,kna members_17.parquet; NA-API 의원이력; NA-API ALLNAMEMBER; kowiki list oldid=41080768,1,,term_end,,term_start,term_end,,,경상남도 마산시 을,,,한나라당,한나라당,안홍준,True,,False
17,김용갑,金容甲,1936-09-28,남,한나라당,"경남 밀양시,창녕군",지역구,2004-05-30,2008-05-29,term_end,general,H2X6452Y,kna members_17.parquet; NA-API 의원이력; NA-API ALLNAMEMBER; kowiki list oldid=41080768,1,,term_end,,term_start,term_end,,,경상남도 밀양시·창녕군,,,한나라당,한나라당,김용갑 (1936년),True,,False
17,이방호,李方鎬,1945-03-06,남,한나라당,경남 사천시,지역구,2004-05-30,2008-05-29,term_end,general,MZD1909P,kna members_17.parquet; NA-API 의원이력; NA-API ALLNAMEMBER; kowiki list oldid=41080768,1,,term_end,,term_start,term_end,,,경상남도 사천시,,,한나라당,한나라당,이방호,True,,False
17,이강두,李康斗,1937-01-26,남,한나라당,"경남 산청,함양,거창군",지역구,2004-05-30,2008-05-29,term_end,general,W8L79935,kna members_17.parquet; NA-API 의원이력; NA-API ALLNAMEMBER; kowiki list oldid=41080768,1,,term_end,,term_start,term_end,,,경상남도 산청군·함양군·거창군,,,한나라당,한나라당,이강두,True,,False
17,김양수,金陽秀,1960-11-01,남,한나라당,경남 양산시,지역구,2004-05-30,2008-05-29,term_end,general,81X5760Z,kna members_17.parquet; NA-API 의원이력; NA-API ALLNAMEMBER; kowiki list oldid=41080768,1,,term_end,,term_start,term_end,,,경상남도 양산시,,,한나라당,한나라당,김양수 (1960년),True,,False
17,김영덕,金榮德,1953-01-28,남,한나라당,"경남 의령,함안군",지역구,2004-05-30,2008-05-29,term_end,general,1TW34594,kna members_17.parquet; NA-API 의원이력; NA-API ALLNAMEMBER; kowiki list oldid=41080768,1,,term_end,,term_start,term_end,,,경상남도 의령군·함안군·합천군,,,한나라당,한나라당,김영덕 (정치인),True,,False
17,최구식,崔球植,1960-10-11,남,한나라당,경남 진주시,지역구,2004-05-30,2008-05-29,term_end,general,DGA8069B,kna members_17.parquet; NA-API 의원이력; NA-API ALLNAMEMBER; kowiki list oldid=41080768,1,,term_end,,term_start,term_end,,,경상남도 진주시 갑,,,무소속,한나라당,최구식,True,,False
17,김재경,金在庚,1961-10-10,남,한나라당,경남 진주시을,지역구,2004-05-30,2008-05-29,term_end,general,M3Z17237,kna members_17.parquet; NA-API 의원이력; NA-API ALLNAMEMBER; kowiki list oldid=41080768,1,,term_end,,term_start,term_end,,,경상남도 진주시 을,,,한나라당,한나라당,김재경 (1961년),True,,False
17,김학송,金鶴松,1952-07-06,남,한나라당,경남 진해시,지역구,2004-05-30,2008-05-29,term_end,general,KDL4367Q,kna members_17.parquet; NA-API 의원이력; NA-API ALLNAMEMBER; kowiki list oldid=41080768,1,,term_end,,term_start,term_end,,,경상남도 진해시,,,한나라당,한나라당,김학송,True,,False
17,권경석,權炅錫,1946-01-02,남,한나라당,경남 창원시갑,지역구,2004-05-30,2008-05-29,term_end,general,1MB8686B,kna members_17.parquet; NA-API 의원이력; NA-API ALLNAMEMBER; kowiki list oldid=41080768,1,,term_end,,term_start,term_end,,,경상남도 창원시 갑,,,한나라당,한나라당,권경석,True,,False
17,권영길,權永吉,1941-11-05,남,민주노동당,경남 창원시을,지역구,2004-05-30,2008-05-29,term_end,general,3TF1550T,kna members_17.parquet; NA-API 의원이력; NA-API ALLNAMEMBER; kowiki list oldid=41080768,1,,term_end,,term_start,term_end,,,경상남도 창원시 을,,,민주노동당,민주노동당,권영길,True,,False
17,김명주,金命柱,1967-03-07,남,한나라당,"경남 통영시,고성군",지역구,2004-05-30,2008-05-29,term_end,general,BVE2865R,kna members_17.parquet; NA-API 의원이력; NA-API ALLNAMEMBER; kowiki list oldid=41080768,1,,term_end,,term_start,term_end,,,경상남도 통영시·고성군,,,무소속,한나라당,김명주 (1967년),True,,False
17,최경환,崔炅煥,1955-02-27,남,한나라당,"경북 경산시,청도군",지역구,2004-05-30,2008-05-29,term_end,general,FJ03481D,kna members_17.parquet; NA-API 의원이력; NA-API ALLNAMEMBER; kowiki list oldid=41080768,1,,term_end,,term_start,term_end,,,경상북도 경산시·청도군,,,한나라당,한나라당,최경환 (1955년),True,,True
17,정종복,鄭鍾福,1950-07-14,남,한나라당,경북 경주시,지역구,2004-05-30,2008-05-29,term_end,general,4QP35150,kna members_17.parquet; NA-API 의원이력; NA-API ALLNAMEMBER; kowiki list oldid=41080768,1,,term_end,,term_start,term_end,,,경상북도 경주시,,,한나라당,한나라당,정종복 (1950년),True,,False
17,이인기,李仁基,1953-02-26,남,한나라당,"경북 고령,성주군",지역구,2004-05-30,2008-05-29,term_end,general,6MT5042E,kna members_17.parquet; NA-API 의원이력; NA-API ALLNAMEMBER; kowiki list oldid=41080768,1,,term_end,,term_start,term_end,,,경상북도 고령군·성주군·칠곡군,,,무소속,한나라당,이인기 (1953년),True,,False
17,김성조,金晟祚,1958-11-15,남,한나라당,경북 구미시,지역구,2004-05-30,2008-05-29,term_end,general,DYN10119,kna members_17.parquet; NA-API 의원이력; NA-API ALLNAMEMBER; kowiki list oldid=41080768,1,,term_end,,term_start,term_end,,,경상북도 구미시 갑,,,한나라당,한나라당,김성조,True,,False
17,김태환,金泰煥,1943-09-24,남,한나라당,경북 구미시을,지역구,2004-05-30,2008-05-29,term_end,general,PMU9608V,kna members_17.parquet; NA-API 의원이력; NA-API ALLNAMEMBER; kowiki list oldid=41080768,1,,term_end,,term_start,term_end,,,경상북도 구미시 을,,,무소속,한나라당,김태환 (1943년),True,,False
17,김재원,金在原,1964-12-20,남,한나라당,"경북 군위,의성군",지역구,2004-05-30,2008-05-29,term_end,general,QZU9232M,kna members_17.parquet; NA-API 의원이력; NA-API ALLNAMEMBER; kowiki list oldid=41080768,1,,term_end,,term_start,term_end,,,경상북도 군위군·의성군·청송군,,,한나라당,한나라당,김재원 (1964년),True,,True
17,임인배,林仁培,1954-04-27,남,한나라당,경북 김천시,지역구,2004-05-30,2008-05-29,term_end,general,8NC1161S,kna members_17.parquet; NA-API 의원이력; NA-API ALLNAMEMBER; kowiki list oldid=41080768,1,,term_end,,term_start,term_end,,,경상북도 김천시,,,한나라당,한나라당,임인배,True,,False
17,신국환,辛國煥,1939-09-02,남,무소속,"경북 문경시,예천군",지역구,2004-05-30,2008-05-29,term_end,general,52Z10964,kna members_17.parquet; NA-API 의원이력; NA-API ALLNAMEMBER; kowiki list oldid=41080768,1,,term_end,,term_start,term_end,,,경상북도 문경시·예천군,,,통합민주당,무소속,신국환 (1939년),True,,False
17,김광원,金光元,1940-12-15,남,한나라당,"경북 봉화,울진군",지역구,2004-05-30,2008-05-29,term_end,general,KOC6603F,kna members_17.parquet; NA-API 의원이력; NA-API ALLNAMEMBER; kowiki list oldid=41080768,1,,term_end,,term_start,term_end,,,경상북도 영양군·영덕군·봉화군·울진군,,,한나라당,한나라당,김광원,True,,False
17,이상배,李相培,1939-10-10,남,한나라당,경북 상주시,지역구,2004-05-30,2008-05-29,term_end,general,AV73550N,kna members_17.parquet; NA-API 의원이력; NA-API ALLNAMEMBER; kowiki list oldid=41080768,1,,term_end,,term_start,term_end,,,경상북도 상주시,,,한나라당,한나라당,이상배 (1939년),True,,False
17,권오을,權五乙,1957-03-17,남,한나라당,경북 안동시,지역구,2004-05-30,2008-05-29,term_end,general,3OA12807,kna members_17.parquet; NA-API 의원이력; NA-API ALLNAMEMBER; kowiki list oldid=41080768,1,,term_end,,term_start,term_end,,,경상북도 안동시,,,한나라당,한나라당,권오을,True,,False
17,장윤석,張倫碩,1950-01-05,남,한나라당,경북 영주시,지역구,2004-05-30,2008-05-29,term_end,general,2QE48823,kna members_17.parquet; NA-API 의원이력; NA-API ALLNAMEMBER; kowiki list oldid=41080768,1,,term_end,,term_start,term_end,,,경상북도 영주시,,,한나라당,한나라당,장윤석 (1950년),True,,False
17,이덕모,李德模,1953-03-16,남,한나라당,경북 영천시,지역구,2004-05-30,2005-02-18,disqualified,general,RRD80903,kna members_17.parquet; NA-API 의원이력; NA-API ALLNAMEMBER; kowiki list oldid=41080768; kowiki 의석변동 oldid=41820105,1,,court_ruling_election_law,선거법 위반 혐의로 의원직 상실 / 의원직 상실,term_start,confirmed,,wikiseat,경상북도 영천시,,,한나라당,한나라당,이덕모,True,,False
17,정희수,鄭熙秀,1953-10-25,남,한나라당,경북 영천시,지역구,2005-05-01,2008-05-29,term_end,by_election,JR141579,kna members_17.parquet; NA-API 의원이력; NA-API ALLNAMEMBER; kowiki list oldid=41080768; kowiki 의석변동 oldid=41820105,1,,term_end,,confirmed_pollday_plus1,term_end,wikilist=2005-04-30; wikiseat=2005-04-30,,경상북도 영천시,,,한나라당,한나라당,정희수,True,,False
17,이상득,李相得,1935-11-29,남,한나라당,"경북 포항시남구,울릉군",지역구,2004-05-30,2008-05-29,term_end,general,RLG4231U,kna members_17.parquet; NA-API 의원이력; NA-API ALLNAMEMBER; kowiki list oldid=41080768,1,,term_end,,term_start,term_end,,,경상북도 포항시 남구·울릉군,,,한나라당,한나라당,이상득,True,,False
17,이병석,李秉錫,1952-10-28,남,한나라당,경북 포항시북구,지역구,2004-05-30,2008-05-29,term_end,general,D7L1937J,kna members_17.parquet; NA-API 의원이력; NA-API ALLNAMEMBER; kowiki list oldid=41080768,1,,term_end,,term_start,term_end,,,경상북도 포항시 북구,,,한나라당,한나라당,이병석 (1952년),True,,False
17,김동철,金東喆,1955-06-30,남,열린우리당,광주 광산구,지역구,2004-05-30,2008-05-29,term_end,general,DCR84445,kna members_17.parquet; NA-API 의원이력; NA-API ALLNAMEMBER; kowiki list oldid=41080768,1,,term_end,,term_start,term_end,,,광주광역시 광산구,,,통합민주당,열린우리당,김동철 (1955년생 정치인),True,,False
17,지병문,池秉文,1953-10-14,남,열린우리당,광주 남구,지역구,2004-05-30,2008-05-29,term_end,general,N151609U,kna members_17.parquet; NA-API 의원이력; NA-API ALLNAMEMBER; kowiki list oldid=41080768,1,,term_end,,term_start,term_end,,,광주광역시 남구,,,통합민주당,열린우리당,지병문,True,,False
17,양형일,梁亨一,1951-03-02,남,열린우리당,광주 동구,지역구,2004-05-30,2008-05-29,term_end,general,NHU2547U,kna members_17.parquet; NA-API 의원이력; NA-API ALLNAMEMBER; kowiki list oldid=41080768,1,,term_end,,term_start,term_end,,,광주광역시 동구,,,통합민주당,열린우리당,양형일,True,,False
17,강기정,姜琪正,1964-12-03,남,열린우리당,광주 북구갑,지역구,2004-05-30,2008-05-29,term_end,general,1PK82111,kna members_17.parquet; NA-API 의원이력; NA-API ALLNAMEMBER; kowiki list oldid=41080768,1,,term_end,,term_start,term_end,,,광주광역시 북구 갑,,,통합민주당,열린우리당,강기정,True,,False
17,김태홍,金泰弘,1942-09-27,남,열린우리당,광주 북구을,지역구,2004-05-30,2008-05-29,term_end,general,17671841,kna members_17.parquet; NA-API 의원이력; NA-API ALLNAMEMBER; kowiki list oldid=41080768,1,,term_end,,term_start,term_end,,,광주광역시 북구 을,,,통합민주당,열린우리당,김태홍 (정치인),True,,False
17,염동연,廉東淵,1946-01-28,남,열린우리당,광주 서구,지역구,2004-05-30,2008-05-29,term_end,general,Q4G3261X,kna members_17.parquet; NA-API 의원이력; NA-API ALLNAMEMBER; kowiki list oldid=41080768,1,,term_end,,term_start,term_end,,,광주광역시 서구 갑,,,통합민주당,열린우리당,염동연,True,,False
17,정동채,鄭東采,1950-07-03,남,열린우리당,광주 서구을,지역구,2004-05-30,2008-05-29,term_end,general,VTN3694W,kna members_17.parquet; NA-API 의원이력; NA-API ALLNAMEMBER; kowiki list oldid=41080768,1,,term_end,,term_start,term_end,,,광주광역시 서구 을,,,통합민주당,열린우리당,정동채,True,,False
17,박종근,朴鍾根,1937-02-05,남,한나라당,대구 달서구갑,지역구,2004-05-30,2008-05-29,term_end,general,44936542,kna members_17.parquet; NA-API 의원이력; NA-API ALLNAMEMBER; kowiki list oldid=41080768,1,,term_end,,term_start,term_end,,,대구광역시 달서구 갑,,,친박연대,한나라당,박종근 (1937년),True,,False
17,김석준,金錫俊,1952-06-15,남,한나라당,대구 달서구병,지역구,2004-05-30,2008-05-29,term_end,general,CJ73668M,kna members_17.parquet; NA-API 의원이력; NA-API ALLNAMEMBER; kowiki list oldid=41080768,1,,term_end,,term_start,term_end,,,대구광역시 달서구 병,,,한나라당,한나라당,김석준 (1952년),True,,False
17,이해봉,李海鳳,1942-06-15,남,한나라당,대구 달서구을,지역구,2004-05-30,2008-05-29,term_end,general,RVD1966C,kna members_17.parquet; NA-API 의원이력; NA-API ALLNAMEMBER; kowiki list oldid=41080768,1,,term_end,,term_start,term_end,,,대구광역시 달서구 을,,,무소속,한나라당,이해봉 (1942년),True,,False
17,박근혜,朴槿惠,1952-02-02,여,한나라당,대구 달성군,지역구,2004-05-30,2008-05-29,term_end,general,4HB8518T,kna members_17.parquet; NA-API 의원이력; NA-API ALLNAMEMBER; kowiki list oldid=41080768,1,,term_end,,term_start,term_end,,,대구광역시 달성군,,,한나라당,한나라당,박근혜,True,,False
17,주성영,朱盛英,1958-04-27,남,한나라당,대구 동구갑,지역구,2004-05-30,2008-05-29,term_end,general,EWR39555,kna members_17.parquet; NA-API 의원이력; NA-API ALLNAMEMBER; kowiki list oldid=41080768,1,,term_end,,term_start,term_end,,,대구광역시 동구 갑,,,한나라당,한나라당,주성영,True,,False
17,박창달,朴昌達,1946-03-17,남,한나라당,대구 동구을,지역구,2004-05-30,2005-09-15,disqualified,general,2GM8059R,kna members_17.parquet; NA-API 의원이력; NA-API ALLNAMEMBER; kowiki list oldid=41080768; kowiki 의석변동 oldid=41820105,1,,court_ruling_election_law,선거법 위반으로 의원직 상실 / 의원직 상실,term_start,confirmed,,wikilist+wikiseat,대구광역시 동구 을,,,한나라당,한나라당,박창달,True,,False
17,이명규,李明奎,1956-01-10,남,한나라당,대구 북구갑,지역구,2004-05-30,2008-05-29,term_end,general,04H1337G,kna members_17.parquet; NA-API 의원이력; NA-API ALLNAMEMBER; kowiki list oldid=41080768,1,,term_end,,term_start,term_end,,,대구광역시 북구 갑,,,한나라당,한나라당,이명규 (1956년),True,,False
17,안택수,安澤秀,1943-11-13,남,한나라당,대구 북구을,지역구,2004-05-30,2008-05-29,term_end,general,6GM6942I,kna members_17.parquet; NA-API 의원이력; NA-API ALLNAMEMBER; kowiki list oldid=41080768,1,,term_end,,term_start,term_end,,,대구광역시 북구 을,,,한나라당,한나라당,안택수,True,,False
17,강재섭,姜在涉,1948-03-28,남,한나라당,대구 서구,지역구,2004-05-30,2008-05-29,term_end,general,IU67432G,kna members_17.parquet; NA-API 의원이력; NA-API ALLNAMEMBER; kowiki list oldid=41080768,1,,term_end,,term_start,term_end,,,대구광역시 서구,,,한나라당,한나라당,강재섭,True,,False
17,이한구,李漢久,1945-12-12,남,한나라당,대구 수성구갑,지역구,2004-05-30,2008-05-29,term_end,general,XGQ9659R,kna members_17.parquet; NA-API 의원이력; NA-API ALLNAMEMBER; kowiki list oldid=41080768,1,,term_end,,term_start,term_end,,,대구광역시 수성구 갑,,,한나라당,한나라당,이한구 (정치인),True,,False
17,주호영,朱豪英,1960-12-10,남,한나라당,대구 수성구을,지역구,2004-05-30,2008-05-29,term_end,general,8SV6917G,kna members_17.parquet; NA-API 의원이력; NA-API ALLNAMEMBER; kowiki list oldid=41080768,1,,term_end,,term_start,term_end,,,대구광역시 수성구 을,,,한나라당,한나라당,주호영,True,,False
17,곽성문,郭成文,1952-11-24,남,한나라당,"대구 중구,남구",지역구,2004-05-30,2008-05-29,term_end,general,HGU6642R,kna members_17.parquet; NA-API 의원이력; NA-API ALLNAMEMBER; kowiki list oldid=41080768,1,,term_end,,term_start,term_end,,,대구광역시 중구·남구,,,자유선진당,한나라당,곽성문,True,,False
17,김원웅,金元雄,1944-03-08,남,열린우리당,대전 대덕구,지역구,2004-05-30,2008-05-29,term_end,general,OKR39415,kna members_17.parquet; NA-API 의원이력; NA-API ALLNAMEMBER; kowiki list oldid=41080768,1,,term_end,,term_start,term_end,,,대전광역시 대덕구,,,통합민주당,열린우리당,김원웅,True,,False
17,선병렬,宣炳烈,1958-04-03,남,열린우리당,대전 동구,지역구,2004-05-30,2008-05-29,term_end,general,39R30936,kna members_17.parquet; NA-API 의원이력; NA-API ALLNAMEMBER; kowiki list oldid=41080768,1,,term_end,,term_start,term_end,,,대전광역시 동구,,,통합민주당,열린우리당,선병렬,True,,False
17,박병석,朴炳錫,1952-01-25,남,열린우리당,대전 서구갑,지역구,2004-05-30,2008-05-29,term_end,general,BLC8630L,kna members_17.parquet; NA-API 의원이력; NA-API ALLNAMEMBER; kowiki list oldid=41080768,1,,term_end,,term_start,term_end,,,대전광역시 서구 갑,,,통합민주당,열린우리당,박병석,True,,False
17,구논회,具論會,1960-06-20,남,열린우리당,대전 서구을,지역구,2004-05-30,2006-11-05,died,general,ZLG77338,kna members_17.parquet; NA-API 의원이력; NA-API ALLNAMEMBER; kowiki list oldid=41080768; kowiki 의석변동 oldid=41820105,1,,died,암으로 인한 사망로 인해 퇴직 / 사망,term_start,confirmed,,wikilist+wikiseat,대전광역시 서구 을,,,열린우리당,열린우리당,구논회,True,,False
17,심대평,沈大平,1941-04-07,남,국민중심당,대전 서구을,지역구,2007-04-25,2008-05-29,term_end,by_election,4G45218X,kna members_17.parquet; NA-API 의원이력; NA-API ALLNAMEMBER; kowiki list oldid=41080768; kowiki 의석변동 oldid=41820105,1,,term_end,,confirmed,term_end,wikilist+wikiseat,,대전광역시 서구 을,,,자유선진당,국민중심당,심대평,True,,False
17,이상민,李相珉,1958-01-22,남,열린우리당,대전 유성구,지역구,2004-05-30,2008-05-29,term_end,general,ZYH1940A,kna members_17.parquet; NA-API 의원이력; NA-API ALLNAMEMBER; kowiki list oldid=41080768,1,,term_end,,term_start,term_end,,,대전광역시 유성구,,,자유선진당,열린우리당,이상민 (1958년),True,,False
17,권선택,權善宅,1955-12-01,남,열린우리당,대전 중구,지역구,2004-05-30,2008-05-29,term_end,general,SOB8871D,kna members_17.parquet; NA-API 의원이력; NA-API ALLNAMEMBER; kowiki list oldid=41080768,1,,term_end,,term_start,term_end,,,대전광역시 중구,,,자유선진당,열린우리당,권선택,True,,False
17,박승환,朴勝煥,1957-10-08,남,한나라당,부산 금정구,지역구,2004-05-30,2008-05-29,term_end,general,E6S86397,kna members_17.parquet; NA-API 의원이력; NA-API ALLNAMEMBER; kowiki list oldid=41080768,1,,term_end,,term_start,term_end,,,부산광역시 금정구,,,한나라당,한나라당,박승환 (1957년),True,,False
17,김정훈,金正薰,1957-11-03,남,한나라당,부산 남구,지역구,2004-05-30,2008-05-29,term_end,general,64G6894C,kna members_17.parquet; NA-API 의원이력; NA-API ALLNAMEMBER; kowiki list oldid=41080768,1,,term_end,,term_start,term_end,,,부산광역시 남구 갑,,,한나라당,한나라당,김정훈 (정치인),True,,False
17,김무성,金武星,1951-09-20,남,한나라당,부산 남구을,지역구,2004-05-30,2008-05-29,term_end,general,SNJ6318D,kna members_17.parquet; NA-API 의원이력; NA-API ALLNAMEMBER; kowiki list oldid=41080768,1,,term_end,,term_start,term_end,,,부산광역시 남구 을,,,무소속,한나라당,김무성,True,,False
17,이재웅,李在雄,1953-08-24,남,한나라당,부산 동래구,지역구,2004-05-30,2008-05-29,term_end,general,SVO8520I,kna members_17.parquet; NA-API 의원이력; NA-API ALLNAMEMBER; kowiki list oldid=41080768,1,,term_end,,term_start,term_end,,,부산광역시 동래구,,,한나라당,한나라당,이재웅 (1953년),True,,False
17,김병호,金秉浩,1943-01-15,남,한나라당,부산 부산진구갑,지역구,2004-05-30,2007-12-13,disqualified,general,ZY76641C,kna members_17.parquet; NA-API 의원이력; NA-API ALLNAMEMBER; kowiki list oldid=41080768; kowiki 의석변동 oldid=41820105,1,,court_ruling_election_law,선거법 위반으로 대법원에서 의원직 상실 / 의원직 상실,term_start,confirmed,,wikilist+wikiseat,부산광역시 부산진구 갑,,,무소속,한나라당,김병호 (1943년),True,,False
17,이성권,李成權,1968-10-15,남,한나라당,부산 부산진구을,지역구,2004-05-30,2008-05-29,term_end,general,WXJ8352N,kna members_17.parquet; NA-API 의원이력; NA-API ALLNAMEMBER; kowiki list oldid=41080768,1,,term_end,,term_start,term_end,,,부산광역시 부산진구 을,,,한나라당,한나라당,이성권 (1968년),True,,False
17,정형근,鄭亨根,1945-07-26,남,한나라당,"부산 북,강서구갑",지역구,2004-05-30,2008-05-29,term_end,general,AUU8827S,kna members_17.parquet; NA-API 의원이력; NA-API ALLNAMEMBER; kowiki list oldid=41080768,1,,term_end,,term_start,term_end,,,부산광역시 북구·강서구 갑,,,한나라당,한나라당,정형근,True,,False
17,허태열,許泰烈,1945-07-25,남,한나라당,"부산 북,강서구을",지역구,2004-05-30,2008-05-29,term_end,general,OE127272,kna members_17.parquet; NA-API 의원이력; NA-API ALLNAMEMBER; kowiki list oldid=41080768,1,,term_end,,term_start,term_end,,,부산광역시 북구·강서구 을,,,한나라당,한나라당,허태열,True,,False
17,권철현,權哲賢,1947-01-02,남,한나라당,부산 사상구,지역구,2004-05-30,2008-04-14,resigned,general,K4669042,kna members_17.parquet; NA-API 의원이력; NA-API ALLNAMEMBER; kowiki list oldid=41080768; NA bill PRC_X0T8X0W4U1R4Y1B0O5Q0B2F1A0C5R6,1,,resigned_other,,term_start,confirmed,,nabill,부산광역시 사상구,,,한나라당,한나라당,권철현,True,,False
17,엄호성,嚴虎聲,1955-10-23,남,한나라당,부산 사하구갑,지역구,2004-05-30,2008-05-29,term_end,general,8TR5716Y,kna members_17.parquet; NA-API 의원이력; NA-API ALLNAMEMBER; kowiki list oldid=41080768,1,,term_end,,term_start,term_end,,,부산광역시 사하구 갑,,,친박연대,한나라당,엄호성,True,,False
17,조경태,趙慶泰,1968-01-10,남,열린우리당,부산 사하구을,지역구,2004-05-30,2008-05-29,term_end,general,5KV82250,kna members_17.parquet; NA-API 의원이력; NA-API ALLNAMEMBER; kowiki list oldid=41080768,1,,term_end,,term_start,term_end,,,부산광역시 사하구 을,,,통합민주당,열린우리당,조경태,True,,False
17,유기준,兪奇濬,1959-08-10,남,한나라당,부산 서구,지역구,2004-05-30,2008-05-29,term_end,general,CAL85655,kna members_17.parquet; NA-API 의원이력; NA-API ALLNAMEMBER; kowiki list oldid=41080768,1,,term_end,,term_start,term_end,,,부산광역시 서구,,,무소속,한나라당,유기준 (1959년),True,,False
17,박형준,朴亨埈,1960-01-19,남,한나라당,부산 수영구,지역구,2004-05-30,2008-05-29,term_end,general,OGA6675L,kna members_17.parquet; NA-API 의원이력; NA-API ALLNAMEMBER; kowiki list oldid=41080768,1,,term_end,,term_start,term_end,,,부산광역시 수영구,,,한나라당,한나라당,박형준 (1960년),True,,False
17,김희정,金姬廷,1971-04-13,여,한나라당,부산 연제구,지역구,2004-05-30,2008-05-29,term_end,general,HRG9655C,kna members_17.parquet; NA-API 의원이력; NA-API ALLNAMEMBER; kowiki list oldid=41080768,1,,term_end,,term_start,term_end,,,부산광역시 연제구,,,한나라당,한나라당,김희정 (1971년),True,,False
17,김형오,金炯旿,1947-11-30,남,한나라당,부산 영도구,지역구,2004-05-30,2008-05-29,term_end,general,4MX3134T,kna members_17.parquet; NA-API 의원이력; NA-API ALLNAMEMBER; kowiki list oldid=41080768,1,,term_end,,term_start,term_end,,,부산광역시 영도구,,,한나라당,한나라당,김형오,True,,False
17,정의화,鄭義和,1948-12-18,남,한나라당,부산 중동구,지역구,2004-05-30,2008-05-29,term_end,general,V1849655,kna members_17.parquet; NA-API 의원이력; NA-API ALLNAMEMBER; kowiki list oldid=41080768,1,,term_end,,term_start,term_end,,,부산광역시 중구·동구,,,한나라당,한나라당,정의화,True,,False
17,서병수,徐秉洙,1952-01-09,남,한나라당,부산 해운대구 기장군갑,지역구,2004-05-30,2008-05-29,term_end,general,CT85313K,kna members_17.parquet; NA-API 의원이력; NA-API ALLNAMEMBER; kowiki list oldid=41080768,1,,term_end,,term_start,term_end,,,부산광역시 해운대구·기장군 갑,,,한나라당,한나라당,서병수,True,,False
17,안경률,安炅律,1948-07-11,남,한나라당,부산 해운대구 기장군을,지역구,2004-05-30,2008-05-29,term_end,general,ZF959220,kna members_17.parquet; NA-API 의원이력; NA-API ALLNAMEMBER; kowiki list oldid=41080768,1,,term_end,,term_start,term_end,,,부산광역시 해운대구·기장군 을,,,한나라당,한나라당,안경률,True,,False
17,이종구,李鍾九,1950-09-22,남,한나라당,서울 강남구갑,지역구,2004-05-30,2008-05-29,term_end,general,2XI97689,kna members_17.parquet; NA-API 의원이력; NA-API ALLNAMEMBER; kowiki list oldid=41080768,1,,term_end,,term_start,term_end,,,서울특별시 강남구 갑,,,한나라당,한나라당,이종구 (1950년),True,,False
17,공성진,孔星鎭,1953-04-20,남,한나라당,서울 강남구을,지역구,2004-05-30,2008-05-29,term_end,general,99J1216Q,kna members_17.parquet; NA-API 의원이력; NA-API ALLNAMEMBER; kowiki list oldid=41080768,1,,term_end,,term_start,term_end,,,서울특별시 강남구 을,,,한나라당,한나라당,공성진,True,,False
17,김충환,金忠環,1954-03-09,남,한나라당,서울 강동구갑,지역구,2004-05-30,2008-05-29,term_end,general,H0G8409H,kna members_17.parquet; NA-API 의원이력; NA-API ALLNAMEMBER; kowiki list oldid=41080768,1,,term_end,,term_start,term_end,,,서울특별시 강동구 갑,,,한나라당,한나라당,김충환 (1954년생 정치인),True,,False
17,이상경,李相庚,1964-02-22,남,열린우리당,서울 강동구을,지역구,2004-05-30,2008-05-29,term_end,general,OWQ6217E,kna members_17.parquet; NA-API 의원이력; NA-API ALLNAMEMBER; kowiki list oldid=41080768,1,,term_end,,term_start,term_end,,,서울특별시 강동구 을,,,통합민주당,열린우리당,이상경 (1964년),True,,False
17,오영식,吳泳食,1967-02-28,남,열린우리당,서울 강북구갑,지역구,2004-05-30,2008-05-29,term_end,general,OK55632O,kna members_17.parquet; NA-API 의원이력; NA-API ALLNAMEMBER; kowiki list oldid=41080768,1,,term_end,,term_start,term_end,,,서울특별시 강북구 갑,,,통합민주당,열린우리당,오영식,True,,False
17,최규식,崔奎植,1953-11-17,남,열린우리당,서울 강북구을,지역구,2004-05-30,2008-05-29,term_end,general,K8Q3437F,kna members_17.parquet; NA-API 의원이력; NA-API ALLNAMEMBER; kowiki list oldid=41080768,1,,term_end,,term_start,term_end,,,서울특별시 강북구 을,,,통합민주당,열린우리당,최규식 (정치인),True,,False
17,신기남,辛基南,1952-10-16,남,열린우리당,서울 강서구갑,지역구,2004-05-30,2008-05-29,term_end,general,E2O7996B,kna members_17.parquet; NA-API 의원이력; NA-API ALLNAMEMBER; kowiki list oldid=41080768,1,,term_end,,term_start,term_end,,,서울특별시 강서구 갑,,,통합민주당,열린우리당,신기남,True,,False
17,노현송,盧顯松,1954-01-28,남,열린우리당,서울 강서구을,지역구,2004-05-30,2008-05-29,term_end,general,ZKU1175F,kna members_17.parquet; NA-API 의원이력; NA-API ALLNAMEMBER; kowiki list oldid=41080768,1,,term_end,,term_start,term_end,,,서울특별시 강서구 을,,,통합민주당,열린우리당,노현송,True,,False
17,유기홍,柳基洪,1958-06-11,남,열린우리당,서울 관악구갑,지역구,2004-05-30,2008-05-29,term_end,general,8FC9697X,kna members_17.parquet; NA-API 의원이력; NA-API ALLNAMEMBER; kowiki list oldid=41080768,1,,term_end,,term_start,term_end,,,서울특별시 관악구 갑,,,통합민주당,열린우리당,유기홍,True,,False
17,이해찬,李海瓚,1952-07-10,남,열린우리당,서울 관악구을,지역구,2004-05-30,2008-05-29,term_end,general,9ZP9014Q,kna members_17.parquet; NA-API 의원이력; NA-API ALLNAMEMBER; kowiki list oldid=41080768,1,,term_end,,term_start,term_end,,,서울특별시 관악구 을,,,무소속,열린우리당,이해찬,True,,False
17,김영춘,金榮春,1962-02-05,남,열린우리당,서울 광진구갑,지역구,2004-05-30,2008-05-29,term_end,general,TWL5801D,kna members_17.parquet; NA-API 의원이력; NA-API ALLNAMEMBER; kowiki list oldid=41080768,1,,term_end,,term_start,term_end,,,서울특별시 광진구 갑,,,무소속,열린우리당,김영춘 (정치인),True,,False
17,김형주,金炯柱,1963-09-24,남,열린우리당,서울 광진구을,지역구,2004-05-30,2008-05-29,term_end,general,F1M3009R,kna members_17.parquet; NA-API 의원이력; NA-API ALLNAMEMBER; kowiki list oldid=41080768,1,,term_end,,term_start,term_end,,,서울특별시 광진구 을,,,통합민주당,열린우리당,김형주 (정치인),True,,False
17,이인영,李仁榮,1964-06-28,남,열린우리당,서울 구로구갑,지역구,2004-05-30,2008-05-29,term_end,general,3ZR4438W,kna members_17.parquet; NA-API 의원이력; NA-API ALLNAMEMBER; kowiki list oldid=41080768,1,,term_end,,term_start,term_end,,,서울특별시 구로구 갑,,,통합민주당,열린우리당,이인영 (1964년),True,,False
17,김한길,金한길,1953-09-17,남,열린우리당,서울 구로구을,지역구,2004-05-30,2008-05-29,term_end,general,1ZF7922T,kna members_17.parquet; NA-API 의원이력; NA-API ALLNAMEMBER; kowiki list oldid=41080768,1,,term_end,,term_start,term_end,,,서울특별시 구로구 을,,,통합민주당,열린우리당,김한길,True,,False
17,이목희,李穆熙,1953-09-10,남,열린우리당,서울 금천구,지역구,2004-05-30,2008-05-29,term_end,general,V822582Y,kna members_17.parquet; NA-API 의원이력; NA-API ALLNAMEMBER; kowiki list oldid=41080768,1,,term_end,,term_start,term_end,,,서울특별시 금천구,,,통합민주당,열린우리당,이목희,True,,False
17,정봉주,鄭鳳株,1960-07-02,남,열린우리당,서울 노원구갑,지역구,2004-05-30,2008-05-29,term_end,general,P9D91805,kna members_17.parquet; NA-API 의원이력; NA-API ALLNAMEMBER; kowiki list oldid=41080768,1,,term_end,,term_start,term_end,,,서울특별시 노원구 갑,,,통합민주당,열린우리당,정봉주,True,,False
17,임채정,林采正,1941-05-14,남,열린우리당,서울 노원구병,지역구,2004-05-30,2008-05-29,term_end,general,UWS28633,kna members_17.parquet; NA-API 의원이력; NA-API ALLNAMEMBER; kowiki list oldid=41080768,1,,term_end,,term_start,term_end,,,서울특별시 노원구 병,,,무소속,열린우리당,임채정,True,,False
17,우원식,禹元植,1957-09-18,남,열린우리당,서울 노원구을,지역구,2004-05-30,2008-05-29,term_end,general,XBT9550Q,kna members_17.parquet; NA-API 의원이력; NA-API ALLNAMEMBER; kowiki list oldid=41080768,1,,term_end,,term_start,term_end,,,서울특별시 노원구 을,,,통합민주당,열린우리당,우원식,True,,False
17,김근태,金槿泰,1947-02-14,남,열린우리당,서울 도봉구갑,지역구,2004-05-30,2008-05-29,term_end,general,PJW7804X,kna members_17.parquet; NA-API 의원이력; NA-API ALLNAMEMBER; kowiki list oldid=41080768,1,,term_end,,term_start,term_end,,,서울특별시 도봉구 갑,,,통합민주당,열린우리당,김근태 (1947년),True,,True
17,유인태,柳寅泰,1948-09-05,남,열린우리당,서울 도봉구을,지역구,2004-05-30,2008-05-29,term_end,general,VO548788,kna members_17.parquet; NA-API 의원이력; NA-API ALLNAMEMBER; kowiki list oldid=41080768,1,,term_end,,term_start,term_end,,,서울특별시 도봉구 을,,,통합민주당,열린우리당,유인태,True,,False
17,김희선,金希宣,1943-10-28,여,열린우리당,서울 동대문구갑,지역구,2004-05-30,2008-05-29,term_end,general,A9233564,kna members_17.parquet; NA-API 의원이력; NA-API ALLNAMEMBER; kowiki list oldid=41080768,1,,term_end,,term_start,term_end,,,서울특별시 동대문구 갑,,,통합민주당,열린우리당,김희선 (정치인),True,,False
17,홍준표,洪準杓,1954-12-05,남,한나라당,서울 동대문구을,지역구,2004-05-30,2008-05-29,term_end,general,NAL4555X,kna members_17.parquet; NA-API 의원이력; NA-API ALLNAMEMBER; kowiki list oldid=41080768,1,,term_end,,term_start,term_end,,,서울특별시 동대문구 을,,,한나라당,한나라당,홍준표,True,,False
17,전병헌,田炳憲,1958-03-17,남,열린우리당,서울 동작구갑,지역구,2004-05-30,2008-05-29,term_end,general,NG55346W,kna members_17.parquet; NA-API 의원이력; NA-API ALLNAMEMBER; kowiki list oldid=41080768,1,,term_end,,term_start,term_end,,,서울특별시 동작구 갑,,,통합민주당,열린우리당,전병헌,True,,False
17,이계안,李啓安,1952-03-28,남,열린우리당,서울 동작구을,지역구,2004-05-30,2008-05-29,term_end,general,BU250813,kna members_17.parquet; NA-API 의원이력; NA-API ALLNAMEMBER; kowiki list oldid=41080768,1,,term_end,,term_start,term_end,,,서울특별시 동작구 을,,,통합민주당,열린우리당,이계안,True,,False
17,노웅래,盧雄來,1957-08-03,남,열린우리당,서울 마포구갑,지역구,2004-05-30,2008-05-29,term_end,general,0827740Q,kna members_17.parquet; NA-API 의원이력; NA-API ALLNAMEMBER; kowiki list oldid=41080768,1,,term_end,,term_start,term_end,,,서울특별시 마포구 갑,,,통합민주당,열린우리당,노웅래,True,,False
17,정청래,鄭淸來,1965-04-18,남,열린우리당,서울 마포구을,지역구,2004-05-30,2008-05-29,term_end,general,2385336L,kna members_17.parquet; NA-API 의원이력; NA-API ALLNAMEMBER; kowiki list oldid=41080768,1,,term_end,,term_start,term_end,,,서울특별시 마포구 을,,,통합민주당,열린우리당,정청래,True,,False
17,우상호,禹相虎,1962-12-12,남,열린우리당,서울 서대문구갑,지역구,2004-05-30,2008-05-29,term_end,general,V0O5343U,kna members_17.parquet; NA-API 의원이력; NA-API ALLNAMEMBER; kowiki list oldid=41080768,1,,term_end,,term_start,term_end,,,서울특별시 서대문구 갑,,,통합민주당,열린우리당,우상호,True,,False
17,정두언,鄭斗彦,1957-03-06,남,한나라당,서울 서대문구을,지역구,2004-05-30,2008-05-29,term_end,general,EIV1009T,kna members_17.parquet; NA-API 의원이력; NA-API ALLNAMEMBER; kowiki list oldid=41080768,1,,term_end,,term_start,term_end,,,서울특별시 서대문구 을,,,한나라당,한나라당,정두언,True,,False
17,이혜훈,李惠薰,1964-06-15,여,한나라당,서울 서초구갑,지역구,2004-05-30,2008-05-29,term_end,general,LCJ77278,kna members_17.parquet; NA-API 의원이력; NA-API ALLNAMEMBER; kowiki list oldid=41080768,1,,term_end,,term_start,term_end,,,서울특별시 서초구 갑,,,한나라당,한나라당,이혜훈,True,,False
17,김덕룡,金德龍,1941-04-06,남,한나라당,서울 서초구을,지역구,2004-05-30,2008-05-29,term_end,general,WFJ6020P,kna members_17.parquet; NA-API 의원이력; NA-API ALLNAMEMBER; kowiki list oldid=41080768,1,,term_end,,term_start,term_end,,,서울특별시 서초구 을,,,한나라당,한나라당,김덕룡,True,,False
17,최재천,崔載千,1963-11-19,남,열린우리당,서울 성동구갑,지역구,2004-05-30,2008-05-29,term_end,general,2Z21631Z,kna members_17.parquet; NA-API 의원이력; NA-API ALLNAMEMBER; kowiki list oldid=41080768,1,,term_end,,term_start,term_end,,,서울특별시 성동구 갑,,,통합민주당,열린우리당,최재천 (정치인),True,,False
17,임종석,任鍾晳,1966-04-24,남,열린우리당,서울 성동구을,지역구,2004-05-30,2008-05-29,term_end,general,PJB6652Y,kna members_17.parquet; NA-API 의원이력; NA-API ALLNAMEMBER; kowiki list oldid=41080768,1,,term_end,,term_start,term_end,,,서울특별시 성동구 을,,,통합민주당,열린우리당,임종석,True,,False
17,유재건,柳在乾,1937-09-19,남,열린우리당,서울 성북구갑,지역구,2004-05-30,2008-05-29,term_end,general,AEF95742,kna members_17.parquet; NA-API 의원이력; NA-API ALLNAMEMBER; kowiki list oldid=41080768,1,,term_end,,term_start,term_end,,,서울특별시 성북구 갑,,,무소속,열린우리당,유재건,True,,False
17,신계륜,申溪輪,1954-08-13,남,열린우리당,서울 성북구을,지역구,2004-05-30,2006-02-10,disqualified,general,S2C3781V,kna members_17.parquet; NA-API 의원이력; NA-API ALLNAMEMBER; kowiki list oldid=41080768; kowiki 의석변동 oldid=41820105,1,,court_ruling_election_law,불법 정치자금으로 의원직 상실 / 의원직 상실,term_start,confirmed,,wikilist+wikiseat,서울특별시 성북구 을,,,열린우리당,열린우리당,신계륜,True,,False
17,조순형,趙舜衡,1935-03-10,남,민주당,서울 성북구을,지역구,2006-07-26,2008-05-29,term_end,by_election,RE32613N,kna members_17.parquet; NA-API 의원이력; NA-API ALLNAMEMBER; kowiki list oldid=41080768; kowiki 의석변동 oldid=41820105,1,,term_end,,confirmed,term_end,wikilist+wikiseat,,서울특별시 성북구 을,,,자유선진당,민주당,조순형,True,,False
17,맹형규,孟亨奎,1946-08-09,남,한나라당,서울 송파구갑,지역구,2004-05-30,2008-05-29,term_end,general,5PS66776,kna members_17.parquet; NA-API 의원이력; NA-API ALLNAMEMBER; kowiki list oldid=41080768; kowiki 의석변동 oldid=41820105; NA bill 033754,2,2004-05-30~2006-01-31 지역구 서울 송파구갑 (general->resigned) ; 2006-07-26~2008-05-29 지역구 서울 송파구갑 (by_election->term_end),term_end,,term_start,term_end,,,서울특별시 송파구 갑,,,한나라당,한나라당,맹형규,True,,False
17,이근식,李根植,1946-02-10,남,열린우리당,서울 송파구병,지역구,2004-05-30,2008-05-29,term_end,general,KXZ3061M,kna members_17.parquet; NA-API 의원이력; NA-API ALLNAMEMBER; kowiki list oldid=41080768,1,,term_end,,term_start,term_end,,,서울특별시 송파구 병,,,무소속,열린우리당,이근식 (정치인),True,,False
17,박계동,朴啓東,1952-12-20,남,한나라당,서울 송파구을,지역구,2004-05-30,2008-05-29,term_end,general,2LX5217V,kna members_17.parquet; NA-API 의원이력; NA-API ALLNAMEMBER; kowiki list oldid=41080768,1,,term_end,,term_start,term_end,,,서울특별시 송파구 을,,,한나라당,한나라당,박계동,True,,False
17,원희룡,元喜龍,1964-02-14,남,한나라당,서울 양천구갑,지역구,2004-05-30,2008-05-29,term_end,general,1EL35837,kna members_17.parquet; NA-API 의원이력; NA-API ALLNAMEMBER; kowiki list oldid=41080768,1,,term_end,,term_start,term_end,,,서울특별시 양천구 갑,,,한나라당,한나라당,원희룡,True,,False
17,김낙순,金洛淳,1957-08-24,남,열린우리당,서울 양천구을,지역구,2004-05-30,2008-05-29,term_end,general,X6I1342Z,kna members_17.parquet; NA-API 의원이력; NA-API ALLNAMEMBER; kowiki list oldid=41080768,1,,term_end,,term_start,term_end,,,서울특별시 양천구 을,,,통합민주당,열린우리당,김낙순,True,,False
17,고진화,高鎭和,1963-02-27,남,한나라당,서울 영등포구갑,지역구,2004-05-30,2008-05-29,term_end,general,9A03059M,kna members_17.parquet; NA-API 의원이력; NA-API ALLNAMEMBER; kowiki list oldid=41080768,1,,term_end,,term_start,term_end,,,서울특별시 영등포구 갑,,,무소속,한나라당,고진화,True,,False
17,권영세,權寧世,1959-02-24,남,한나라당,서울 영등포구을,지역구,2004-05-30,2008-05-29,term_end,general,LG63087O,kna members_17.parquet; NA-API 의원이력; NA-API ALLNAMEMBER; kowiki list oldid=41080768,1,,term_end,,term_start,term_end,,,서울특별시 영등포구 을,,,한나라당,한나라당,권영세 (1959년),True,,False
17,진영,陳永,1950-10-23,남,한나라당,서울 용산구,지역구,2004-05-30,2008-05-29,term_end,general,IDV9108J,kna members_17.parquet; NA-API 의원이력; NA-API ALLNAMEMBER; kowiki list oldid=41080768,1,,term_end,,term_start,term_end,,,서울특별시 용산구,,,한나라당,한나라당,진영 (정치인),True,,False
17,이미경,李美卿,1950-09-20,여,열린우리당,서울 은평구갑,지역구,2004-05-30,2008-05-29,term_end,general,EBU8493R,kna members_17.parquet; NA-API 의원이력; NA-API ALLNAMEMBER; kowiki list oldid=41080768,1,,term_end,,term_start,term_end,,,서울특별시 은평구 갑,,,통합민주당,열린우리당,이미경 (1950년),True,,False
17,이재오,李在五,1945-01-11,남,한나라당,서울 은평구을,지역구,2004-05-30,2008-05-29,term_end,general,NDH62175,kna members_17.parquet; NA-API 의원이력; NA-API ALLNAMEMBER; kowiki list oldid=41080768,1,,term_end,,term_start,term_end,,,서울특별시 은평구 을,,,한나라당,한나라당,이재오,True,,False
17,박진,朴振,1956-09-16,남,한나라당,서울 종로구,지역구,2004-05-30,2008-05-29,term_end,general,QKO6165V,kna members_17.parquet; NA-API 의원이력; NA-API ALLNAMEMBER; kowiki list oldid=41080768,1,,term_end,,term_start,term_end,,,서울특별시 종로구,,,한나라당,한나라당,박진 (정치인),True,,False
17,박성범,朴成範,1940-03-17,남,한나라당,서울 중구,지역구,2004-05-30,2008-05-29,term_end,general,X7K8338U,kna members_17.parquet; NA-API 의원이력; NA-API ALLNAMEMBER; kowiki list oldid=41080768,1,,term_end,,term_start,term_end,,,서울특별시 중구,,,무소속,한나라당,박성범 (정치인),True,,False
17,이화영,李華泳,1963-12-11,남,열린우리당,서울 중랑구갑,지역구,2004-05-30,2008-05-29,term_end,general,26N9259T,kna members_17.parquet; NA-API 의원이력; NA-API ALLNAMEMBER; kowiki list oldid=41080768,1,,term_end,,term_start,term_end,,,서울특별시 중랑구 갑,,,통합민주당,열린우리당,이화영,True,,False
17,김덕규,金德圭,1941-03-09,남,열린우리당,서울 중랑구을,지역구,2004-05-30,2008-05-29,term_end,general,KDB6892X,kna members_17.parquet; NA-API 의원이력; NA-API ALLNAMEMBER; kowiki list oldid=41080768,1,,term_end,,term_start,term_end,,,서울특별시 중랑구 을,,,통합민주당,열린우리당,김덕규,True,,False
17,최병국,崔炳國,1942-01-27,남,한나라당,울산 남구갑,지역구,2004-05-30,2008-05-29,term_end,general,RN65198P,kna members_17.parquet; NA-API 의원이력; NA-API ALLNAMEMBER; kowiki list oldid=41080768,1,,term_end,,term_start,term_end,,,울산광역시 남구 갑,,,한나라당,한나라당,최병국 (1942년),True,,False
17,김기현,金起炫,1959-02-21,남,한나라당,울산 남구을,지역구,2004-05-30,2008-05-29,term_end,general,X7I4680R,kna members_17.parquet; NA-API 의원이력; NA-API ALLNAMEMBER; kowiki list oldid=41080768,1,,term_end,,term_start,term_end,,,울산광역시 남구 을,,,한나라당,한나라당,김기현 (1959년),True,,False
17,정몽준,鄭夢準,1951-10-17,남,국민통합21,울산 동구,지역구,2004-05-30,2008-05-29,term_end,general,5YX7831C,kna members_17.parquet; NA-API 의원이력; NA-API ALLNAMEMBER; kowiki list oldid=41080768,1,,term_end,,term_start,term_end,,,울산광역시 동구,,,한나라당,국민통합21,정몽준,True,,False
17,조승수,趙承洙,1963-01-22,남,민주노동당,울산 북구,지역구,2004-05-30,2005-09-29,disqualified,general,NBF6548X,kna members_17.parquet; NA-API 의원이력; NA-API ALLNAMEMBER; kowiki list oldid=41080768; kowiki 의석변동 oldid=41820105,1,,court_ruling_election_law,선거법 위반으로 의원직 상실 / 의원직 상실,term_start,confirmed,,wikilist+wikiseat,울산광역시 북구,,,민주노동당,민주노동당,조승수,True,,False
17,윤두환,尹斗煥,1955-03-05,남,한나라당,울산 북구,지역구,2005-10-26,2008-05-29,term_end,by_election,Q3X5279D,kna members_17.parquet; NA-API 의원이력; NA-API ALLNAMEMBER; kowiki list oldid=41080768; kowiki 의석변동 oldid=41820105,1,,term_end,,confirmed,term_end,wikilist+wikiseat,,울산광역시 북구,,,한나라당,한나라당,윤두환,True,,False
17,강길부,姜吉夫,1942-06-05,남,열린우리당,울산 울주군,지역구,2004-05-30,2008-05-29,term_end,general,XQ98168F,kna members_17.parquet; NA-API 의원이력; NA-API ALLNAMEMBER; kowiki list oldid=41080768,1,,term_end,,term_start,term_end,,,울산광역시 울주군,,,무소속,열린우리당,강길부,True,,False
17,정갑윤,鄭甲潤,1950-11-08,남,한나라당,울산 중구,지역구,2004-05-30,2008-05-29,term_end,general,CYD5815E,kna members_17.parquet; NA-API 의원이력; NA-API ALLNAMEMBER; kowiki list oldid=41080768,1,,term_end,,term_start,term_end,,,울산광역시 중구,,,한나라당,한나라당,정갑윤,True,,False
17,신학용,辛鶴用,1952-01-21,남,열린우리당,인천 계양구갑,지역구,2004-05-30,2008-05-29,term_end,general,QT984813,kna members_17.parquet; NA-API 의원이력; NA-API ALLNAMEMBER; kowiki list oldid=41080768,1,,term_end,,term_start,term_end,,,인천광역시 계양구 갑,,,통합민주당,열린우리당,신학용,True,,False
17,송영길,宋永吉,1963-03-21,남,열린우리당,인천 계양구을,지역구,2004-05-30,2008-05-29,term_end,general,PAO22428,kna members_17.parquet; NA-API 의원이력; NA-API ALLNAMEMBER; kowiki list oldid=41080768,1,,term_end,,term_start,term_end,,,인천광역시 계양구 을,,,통합민주당,열린우리당,송영길 (정치인),True,,False
17,유필우,柳弼祐,1945-01-14,남,열린우리당,인천 남구갑,지역구,2004-05-30,2008-05-29,term_end,general,YLM7354D,kna members_17.parquet; NA-API 의원이력; NA-API ALLNAMEMBER; kowiki list oldid=41080768,1,,term_end,,term_start,term_end,,,인천광역시 남구 갑,,,통합민주당,열린우리당,유필우,True,,False
17,안영근,安泳根,1958-02-20,남,열린우리당,인천 남구을,지역구,2004-05-30,2008-05-29,term_end,general,IH33403A,kna members_17.parquet; NA-API 의원이력; NA-API ALLNAMEMBER; kowiki list oldid=41080768,1,,term_end,,term_start,term_end,,,인천광역시 남구 을,,,무소속,열린우리당,안영근,True,,False
17,이윤성,李允盛,1944-10-02,남,한나라당,인천 남동구갑,지역구,2004-05-30,2008-05-29,term_end,general,NET6850O,kna members_17.parquet; NA-API 의원이력; NA-API ALLNAMEMBER; kowiki list oldid=41080768,1,,term_end,,term_start,term_end,,,인천광역시 남동구 갑,,,한나라당,한나라당,이윤성 (1944년),True,,False
17,이호웅,李浩雄,1949-08-01,남,열린우리당,인천 남동구을,지역구,2004-05-30,2006-09-14,disqualified,general,KFP7066Z,kna members_17.parquet; NA-API 의원이력; NA-API ALLNAMEMBER; kowiki list oldid=41080768; kowiki 의석변동 oldid=41820105,1,,court_ruling_election_law,불법 정치자금으로 의원직 상실 / 의원직 상실,term_start,confirmed,,wikilist+wikiseat,인천광역시 남동구 을,,,열린우리당,열린우리당,이호웅,True,,False
17,이원복,李源馥,1957-07-15,남,한나라당,인천 남동구을,지역구,2006-10-25,2008-05-29,term_end,by_election,BPZ8472N,kna members_17.parquet; NA-API 의원이력; NA-API ALLNAMEMBER; kowiki list oldid=41080768; kowiki 의석변동 oldid=41820105,1,,term_end,,confirmed,term_end,wikiseat,,인천광역시 남동구 을,,,무소속,한나라당,이원복 (정치인),True,,False
17,문병호,文炳浩,1959-12-27,남,열린우리당,인천 부평구갑,지역구,2004-05-30,2008-05-29,term_end,general,RYL1698T,kna members_17.parquet; NA-API 의원이력; NA-API ALLNAMEMBER; kowiki list oldid=41080768,1,,term_end,,term_start,term_end,,,인천광역시 부평구 갑,,,통합민주당,열린우리당,문병호,True,,False
17,최용규,崔龍圭,1956-03-10,남,열린우리당,인천 부평구을,지역구,2004-05-30,2008-05-29,term_end,general,7W28547U,kna members_17.parquet; NA-API 의원이력; NA-API ALLNAMEMBER; kowiki list oldid=41080768,1,,term_end,,term_start,term_end,,,인천광역시 부평구 을,,,통합민주당,열린우리당,최용규 (1956년),True,,False
17,김교흥,金敎興,1960-08-30,남,열린우리당,인천 서구강화군갑,지역구,2004-05-30,2008-05-29,term_end,general,X1K3667J,kna members_17.parquet; NA-API 의원이력; NA-API ALLNAMEMBER; kowiki list oldid=41080768,1,,term_end,,term_start,term_end,,,인천광역시 서구·강화군 갑,,,통합민주당,열린우리당,김교흥,True,,False
17,이경재,李敬在,1941-12-17,남,한나라당,인천 서구강화군을,지역구,2004-05-30,2008-05-29,term_end,general,H6577987,kna members_17.parquet; NA-API 의원이력; NA-API ALLNAMEMBER; kowiki list oldid=41080768,1,,term_end,,term_start,term_end,,,인천광역시 서구·강화군 을,,,무소속,한나라당,이경재 (1941년),True,,False
17,황우여,黃祐呂,1947-08-03,남,한나라당,인천 연수구,지역구,2004-05-30,2008-05-29,term_end,general,Q5X4506F,kna members_17.parquet; NA-API 의원이력; NA-API ALLNAMEMBER; kowiki list oldid=41080768,1,,term_end,,term_start,term_end,,,인천광역시 연수구,,,한나라당,한나라당,황우여,True,,False
17,한광원,韓光元,1957-04-01,남,열린우리당,"인천 중,동구,옹진군",지역구,2004-05-30,2008-05-29,term_end,general,L4F3519L,kna members_17.parquet; NA-API 의원이력; NA-API ALLNAMEMBER; kowiki list oldid=41080768,1,,term_end,,term_start,term_end,,,인천광역시 중구·동구·옹진군,,,통합민주당,열린우리당,한광원,True,,False
17,이영호,李泳鎬,1959-12-03,남,열린우리당,"전남 강진,완도군",지역구,2004-05-30,2008-05-29,term_end,general,37Q5759R,kna members_17.parquet; NA-API 의원이력; NA-API ALLNAMEMBER; kowiki list oldid=41080768,1,,term_end,,term_start,term_end,,,전라남도 강진군·완도군,,,통합민주당,열린우리당,이영호 (1959년),True,,False
17,신중식,申仲植,1940-12-27,남,열린우리당,전남 고흥군,지역구,2004-05-30,2008-05-29,term_end,general,MXF7830L,kna members_17.parquet; NA-API 의원이력; NA-API ALLNAMEMBER; kowiki list oldid=41080768,1,,term_end,,term_start,term_end,,,전라남도 고흥군·보성군,,,통합민주당,열린우리당,신중식,True,,False
17,우윤근,禹潤根,1957-09-24,남,열린우리당,"전남 광양시,구례군",지역구,2004-05-30,2008-05-29,term_end,general,R7753197,kna members_17.parquet; NA-API 의원이력; NA-API ALLNAMEMBER; kowiki list oldid=41080768,1,,term_end,,term_start,term_end,,,전라남도 광양시·구례군,,,통합민주당,열린우리당,우윤근,True,,False
17,최인기,崔仁基,1944-03-18,남,무소속,전남 나주시,지역구,2004-05-30,2008-05-29,term_end,general,L3X8851C,kna members_17.parquet; NA-API 의원이력; NA-API ALLNAMEMBER; kowiki list oldid=41080768,1,,term_end,,term_start,term_end,,,전라남도 나주시·화순군,,,통합민주당,무소속,최인기,True,,False
17,김효석,金孝錫,1949-07-15,남,새천년민주당,"전남 담양,곡성,장성군",지역구,2004-05-30,2008-05-29,term_end,general,UIN2835Q,kna members_17.parquet; NA-API 의원이력; NA-API ALLNAMEMBER; kowiki list oldid=41080768,1,,term_end,,term_start,term_end,,,전라남도 담양군·곡성군·장성군,,,통합민주당,새천년민주당,김효석 (1949년),True,,False
17,이상열,李相烈,1952-01-22,남,새천년민주당,전남 목포시,지역구,2004-05-30,2008-05-29,term_end,general,CNP7535A,kna members_17.parquet; NA-API 의원이력; NA-API ALLNAMEMBER; kowiki list oldid=41080768,1,,term_end,,term_start,term_end,,,전라남도 목포시,,,무소속,새천년민주당,이상열 (1952년),True,,False
17,한화갑,韓和甲,1939-02-01,남,새천년민주당,"전남 무안,신안군",지역구,2004-05-30,2006-12-22,disqualified,general,7TU84910,kna members_17.parquet; NA-API 의원이력; NA-API ALLNAMEMBER; kowiki list oldid=41080768; kowiki 의석변동 oldid=41820105,1,,court_ruling_election_law,불법 정치자금으로 의원직 상실 / 의원직 상실,term_start,confirmed,,wikilist+wikiseat,전라남도 무안군·신안군,,,민주당,새천년민주당,한화갑,True,,False
17,김홍업,金弘業,1950-07-29,남,민주당,"전남 무안군,신안군",지역구,2007-04-26,2008-05-29,term_end,by_election,95C2897K,kna members_17.parquet; NA-API 의원이력; NA-API ALLNAMEMBER; kowiki list oldid=41080768; kowiki 의석변동 oldid=41820105,1,,term_end,,confirmed_pollday_plus1,term_end,wikilist=2007-04-25; wikiseat=2007-04-25,,전라남도 무안군·신안군,,,무소속,민주당,김홍업,True,,False
17,서갑원,徐甲源,1962-06-24,남,열린우리당,전남 순천시,지역구,2004-05-30,2008-05-29,term_end,general,V8Y41572,kna members_17.parquet; NA-API 의원이력; NA-API ALLNAMEMBER; kowiki list oldid=41080768,1,,term_end,,term_start,term_end,,,전라남도 순천시,,,통합민주당,열린우리당,서갑원,True,,False
17,김성곤,金星坤,1952-11-06,남,열린우리당,전남 여수시,지역구,2004-05-30,2008-05-29,term_end,general,3O66539X,kna members_17.parquet; NA-API 의원이력; NA-API ALLNAMEMBER; kowiki list oldid=41080768,1,,term_end,,term_start,term_end,,,전라남도 여수시 갑,,,통합민주당,열린우리당,김성곤 (1952년),True,,False
17,주승용,朱昇鎔,1952-07-27,남,열린우리당,전남 여수시을,지역구,2004-05-30,2008-05-29,term_end,general,GCA42857,kna members_17.parquet; NA-API 의원이력; NA-API ALLNAMEMBER; kowiki list oldid=41080768,1,,term_end,,term_start,term_end,,,전라남도 여수시 을,,,통합민주당,열린우리당,주승용,True,,False
17,유선호,柳宣浩,1953-09-27,남,열린우리당,"전남 장흥,영암군",지역구,2004-05-30,2008-05-29,term_end,general,SKV1971K,kna members_17.parquet; NA-API 의원이력; NA-API ALLNAMEMBER; kowiki list oldid=41080768,1,,term_end,,term_start,term_end,,,전라남도 장흥군·영암군,,,통합민주당,열린우리당,유선호 (정치인),True,,False
17,이낙연,李洛淵,1952-12-20,남,새천년민주당,"전남 함평,영광군",지역구,2004-05-30,2008-05-29,term_end,general,0767470D,kna members_17.parquet; NA-API 의원이력; NA-API ALLNAMEMBER; kowiki list oldid=41080768,1,,term_end,,term_start,term_end,,,전라남도 함평군·영광군,,,통합민주당,새천년민주당,이낙연,True,,False
17,이정일,李正一,1947-11-07,남,새천년민주당,"전남 해남,진도군",지역구,2004-05-30,2006-08-24,disqualified,general,PU35479A,kna members_17.parquet; NA-API 의원이력; NA-API ALLNAMEMBER; kowiki list oldid=41080768; kowiki 의석변동 oldid=41820105,1,,court_ruling_other_or_unspecified,불법감청으로 의원직 상실 / 의원직 상실,term_start,confirmed,,wikilist,전라남도 해남군·진도군,,,민주당,새천년민주당,이정일 (1947년),True,,False
17,채일병,蔡日炳,1947-08-08,남,민주당,"전남 해남군,진도군",지역구,2006-10-25,2008-05-29,term_end,by_election,N467888G,kna members_17.parquet; NA-API 의원이력; NA-API ALLNAMEMBER; kowiki list oldid=41080768; kowiki 의석변동 oldid=41820105,1,,term_end,,confirmed,term_end,wikilist+wikiseat,,전라남도 해남군·진도군,,,통합민주당,민주당,채일병,True,,False
17,김춘진,金椿鎭,1953-01-24,남,열린우리당,"전북 고창,부안군",지역구,2004-05-30,2008-05-29,term_end,general,QZG38143,kna members_17.parquet; NA-API 의원이력; NA-API ALLNAMEMBER; kowiki list oldid=41080768,1,,term_end,,term_start,term_end,,,전라북도 고창군·부안군,,,통합민주당,열린우리당,김춘진,True,,False
17,강봉균,康奉均,1943-08-13,남,열린우리당,전북 군산시,지역구,2004-05-30,2008-05-29,term_end,general,7PU7009N,kna members_17.parquet; NA-API 의원이력; NA-API ALLNAMEMBER; kowiki list oldid=41080768,1,,term_end,,term_start,term_end,,,전라북도 군산시,,,통합민주당,열린우리당,강봉균 (1943년),True,,False
17,최규성,崔圭成,1950-02-04,남,열린우리당,"전북 김제시,완주군",지역구,2004-05-30,2008-05-29,term_end,general,53Y1887H,kna members_17.parquet; NA-API 의원이력; NA-API ALLNAMEMBER; kowiki list oldid=41080768,1,,term_end,,term_start,term_end,,,전라북도 김제시·완주군,,,통합민주당,열린우리당,최규성,True,,False
17,이강래,李康來,1953-03-02,남,열린우리당,"전북 남원시,순창군",지역구,2004-05-30,2008-05-29,term_end,general,QM028409,kna members_17.parquet; NA-API 의원이력; NA-API ALLNAMEMBER; kowiki list oldid=41080768,1,,term_end,,term_start,term_end,,,전라북도 남원시·순창군,,,통합민주당,열린우리당,이강래 (정치인),True,,False
17,한병도,韓秉道,1967-12-07,남,열린우리당,전북 익산시,지역구,2004-05-30,2008-05-29,term_end,general,H5476989,kna members_17.parquet; NA-API 의원이력; NA-API ALLNAMEMBER; kowiki list oldid=41080768,1,,term_end,,term_start,term_end,,,전라북도 익산시 갑,,,통합민주당,열린우리당,한병도,True,,False
17,조배숙,趙培淑,1956-09-10,여,열린우리당,전북 익산시을,지역구,2004-05-30,2008-05-29,term_end,general,IWK63872,kna members_17.parquet; NA-API 의원이력; NA-API ALLNAMEMBER; kowiki list oldid=41080768,1,,term_end,,term_start,term_end,,,전라북도 익산시 을,,,통합민주당,열린우리당,조배숙,True,,False
17,채수찬,蔡秀燦,1955-02-27,남,열린우리당,전북 전주시덕진구,지역구,2004-05-30,2008-05-29,term_end,general,8DY7297I,kna members_17.parquet; NA-API 의원이력; NA-API ALLNAMEMBER; kowiki list oldid=41080768,1,,term_end,,term_start,term_end,,,전라북도 전주시 덕진구,,,통합민주당,열린우리당,채수찬,True,,False
17,이광철,李光喆,1956-05-02,남,열린우리당,전북 전주시완산구,지역구,2004-05-30,2008-05-29,term_end,general,21B8160Y,kna members_17.parquet; NA-API 의원이력; NA-API ALLNAMEMBER; kowiki list oldid=41080768,1,,term_end,,term_start,term_end,,,전라북도 전주시 완산구 을,,,통합민주당,열린우리당,이광철,True,,False
17,장영달,張永達,1948-08-24,남,열린우리당,전북 전주시완산구갑,지역구,2004-05-30,2008-05-29,term_end,general,G7D4763A,kna members_17.parquet; NA-API 의원이력; NA-API ALLNAMEMBER; kowiki list oldid=41080768,1,,term_end,,term_start,term_end,,,전라북도 전주시 완산구 갑,,,통합민주당,열린우리당,장영달,True,,False
17,김원기,金元基,1937-02-16,남,열린우리당,전북 정읍시,지역구,2004-05-30,2008-05-29,term_end,general,4RF2451S,kna members_17.parquet; NA-API 의원이력; NA-API ALLNAMEMBER; kowiki list oldid=41080768,1,,term_end,,term_start,term_end,,,전라북도 정읍시,,,통합민주당,열린우리당,김원기 (1937년),True,,False
17,정세균,丁世均,1950-09-26,남,열린우리당,"전북 진안,무주,장수군,임실군",지역구,2004-05-30,2008-05-29,term_end,general,DCN7433W,kna members_17.parquet; NA-API 의원이력; NA-API ALLNAMEMBER; kowiki list oldid=41080768,1,,term_end,,term_start,term_end,,,전라북도 진안군·무주군·장수군·임실군,,,통합민주당,열린우리당,정세균,True,,False
17,강창일,姜昌一,1952-01-28,남,열린우리당,제주 북제주군갑,지역구,2004-05-30,2008-05-29,term_end,general,TOU1222X,kna members_17.parquet; NA-API 의원이력; NA-API ALLNAMEMBER; kowiki list oldid=41080768,1,,term_end,,term_start,term_end,,,제주도 제주시·북제주군 갑,,,통합민주당,열린우리당,강창일,True,,False
17,김우남,金宇南,1955-05-23,남,열린우리당,제주 북제주군을,지역구,2004-05-30,2008-05-29,term_end,general,N3Q3468A,kna members_17.parquet; NA-API 의원이력; NA-API ALLNAMEMBER; kowiki list oldid=41080768,1,,term_end,,term_start,term_end,,,제주도 제주시·북제주군 을,,,통합민주당,열린우리당,김우남,True,,False
17,김재윤,金才允,1965-05-24,남,열린우리당,"제주 서귀포시,남제주군",지역구,2004-05-30,2008-05-29,term_end,general,R724713H,kna members_17.parquet; NA-API 의원이력; NA-API ALLNAMEMBER; kowiki list oldid=41080768,1,,term_end,,term_start,term_end,,,제주도 서귀포시·남제주군,,,통합민주당,열린우리당,김재윤 (1965년),True,,False
17,오시덕,吳施德,1947-06-09,남,열린우리당,"충남 공주시,연기군",지역구,2004-05-30,2005-01-27,disqualified,general,P5N77987,kna members_17.parquet; NA-API 의원이력; NA-API ALLNAMEMBER; kowiki list oldid=41080768; kowiki 의석변동 oldid=41820105,1,,court_ruling_election_law,선거법 위반으로 의원직 상실 / 열린우리당 원내 과반수 붕괴 / 의원직 상실,term_start,confirmed,,wikilist,충청남도 공주시·연기군,,,열린우리당,열린우리당,오시덕,True,,False
17,정진석,鄭鎭碩,1960-09-04,남,무소속,"충남 공주시,연기군",지역구,2005-04-30,2008-05-29,term_end,by_election,NQR1206Q,kna members_17.parquet; NA-API 의원이력; NA-API ALLNAMEMBER; kowiki list oldid=41080768; kowiki 의석변동 oldid=41820105,1,,term_end,,confirmed,term_end,wikilist+wikiseat,,충청남도 공주시·연기군,,,한나라당,무소속,정진석 (정치인),True,,False
17,이인제,李仁濟,1948-12-11,남,자유민주연합,"충남 논산시,계룡시,금산군",지역구,2004-05-30,2008-05-29,term_end,general,HJI9845B,kna members_17.parquet; NA-API 의원이력; NA-API ALLNAMEMBER; kowiki list oldid=41080768,1,,term_end,,term_start,term_end,,,충청남도 논산시·계룡시·금산군,,,무소속,자유민주연합,이인제,True,,False
17,김낙성,金洛聖,1942-12-06,남,자유민주연합,충남 당진군,지역구,2004-05-30,2008-05-29,term_end,general,SSH8397C,kna members_17.parquet; NA-API 의원이력; NA-API ALLNAMEMBER; kowiki list oldid=41080768,1,,term_end,,term_start,term_end,,,충청남도 당진군,,,자유선진당,자유민주연합,김낙성,True,,False
17,류근찬,柳根粲,1949-02-27,남,자유민주연합,"충남 보령시,서천군",지역구,2004-05-30,2008-05-29,term_end,general,1FK74463,kna members_17.parquet; NA-API 의원이력; NA-API ALLNAMEMBER; kowiki list oldid=41080768,1,,term_end,,term_start,term_end,,,충청남도 보령시·서천군,,,자유선진당,자유민주연합,류근찬,True,,False
17,김학원,金學元,1947-10-15,남,자유민주연합,"충남 부여군,청양군",지역구,2004-05-30,2008-05-29,term_end,general,I5T29903,kna members_17.parquet; NA-API 의원이력; NA-API ALLNAMEMBER; kowiki list oldid=41080768,1,,term_end,,term_start,term_end,,,충청남도 부여군·청양군,,,한나라당,자유민주연합,김학원 (정치인),True,,False
17,문석호,文錫鎬,1959-07-12,남,열린우리당,"충남 서산시,태안군",지역구,2004-05-30,2008-05-29,term_end,general,XXJ47169,kna members_17.parquet; NA-API 의원이력; NA-API ALLNAMEMBER; kowiki list oldid=41080768,1,,term_end,,term_start,term_end,,,충청남도 서산시·태안군,,,통합민주당,열린우리당,문석호,True,,False
17,복기왕,卜箕旺,1968-04-10,남,열린우리당,충남 아산시,지역구,2004-05-30,2005-03-10,disqualified,general,GJ56729D,kna members_17.parquet; NA-API 의원이력; NA-API ALLNAMEMBER; kowiki list oldid=41080768; kowiki 의석변동 oldid=41820105,1,,court_ruling_election_law,선거법 위반 혐의로 의원직 상실 / 의원직 상실,term_start,confirmed,,wikilist+wikiseat,충청남도 아산시,,,열린우리당,열린우리당,복기왕,True,,False
17,이진구,李珍求,1940-02-01,남,한나라당,충남 아산시,지역구,2005-04-30,2008-05-29,term_end,by_election,D9R93445,kna members_17.parquet; NA-API 의원이력; NA-API ALLNAMEMBER; kowiki list oldid=41080768; kowiki 의석변동 oldid=41820105,1,,term_end,,confirmed,term_end,wikilist+wikiseat,,충청남도 아산시,,,한나라당,한나라당,이진구 (1940년),True,,False
17,홍문표,洪文杓,1947-10-05,남,한나라당,충남 예산군,지역구,2004-05-30,2008-05-29,term_end,general,GD131760,kna members_17.parquet; NA-API 의원이력; NA-API ALLNAMEMBER; kowiki list oldid=41080768,1,,term_end,,term_start,term_end,,,충청남도 홍성군·예산군,,,한나라당,한나라당,홍문표,True,,False
17,양승조,梁承晁,1959-03-21,남,열린우리당,충남 천안시갑,지역구,2004-05-30,2008-05-29,term_end,general,TIS61927,kna members_17.parquet; NA-API 의원이력; NA-API ALLNAMEMBER; kowiki list oldid=41080768,1,,term_end,,term_start,term_end,,,충청남도 천안시 갑,,,통합민주당,열린우리당,양승조,True,,False
17,박상돈,朴商敦,1949-09-03,남,열린우리당,충남 천안시을,지역구,2004-05-30,2008-05-29,term_end,general,WNQ9029K,kna members_17.parquet; NA-API 의원이력; NA-API ALLNAMEMBER; kowiki list oldid=41080768,1,,term_end,,term_start,term_end,,,충청남도 천안시 을,,,자유선진당,열린우리당,박상돈,True,,False
17,이용희,李龍熙,1931-06-10,남,열린우리당,"충북 보은,옥천,영동군",지역구,2004-05-30,2008-05-29,term_end,general,8BY8620U,kna members_17.parquet; NA-API 의원이력; NA-API ALLNAMEMBER; kowiki list oldid=41080768,1,,term_end,,term_start,term_end,,,충청북도 보은군·옥천군·영동군,,,자유선진당,열린우리당,이용희 (1931년),True,,False
17,서재관,徐載寬,1946-02-10,남,열린우리당,충북 제천시단양군,지역구,2004-05-30,2008-05-29,term_end,general,OKK31241,kna members_17.parquet; NA-API 의원이력; NA-API ALLNAMEMBER; kowiki list oldid=41080768,1,,term_end,,term_start,term_end,,,충청북도 제천시·단양군,,,통합민주당,열린우리당,서재관,True,,False
17,김종률,金鍾律,1962-12-25,남,열린우리당,"충북 진천,괴산,음성군",지역구,2004-05-30,2008-05-29,term_end,general,AFM9947E,kna members_17.parquet; NA-API 의원이력; NA-API ALLNAMEMBER; kowiki list oldid=41080768,1,,term_end,,term_start,term_end,,,충청북도 증평군·진천군·괴산군·음성군,,,통합민주당,열린우리당,김종률,True,,False
17,변재일,卞在一,1948-09-02,남,열린우리당,충북 청원군,지역구,2004-05-30,2008-05-29,term_end,general,MO52543L,kna members_17.parquet; NA-API 의원이력; NA-API ALLNAMEMBER; kowiki list oldid=41080768,1,,term_end,,term_start,term_end,,,충청북도 청원군,,,통합민주당,열린우리당,변재일,True,,False
17,홍재형,洪在馨,1938-03-27,남,열린우리당,충북 청주시상당구,지역구,2004-05-30,2008-05-29,term_end,general,YKA9050K,kna members_17.parquet; NA-API 의원이력; NA-API ALLNAMEMBER; kowiki list oldid=41080768,1,,term_end,,term_start,term_end,,,충청북도 청주시 상당구,,,통합민주당,열린우리당,홍재형,True,,False
17,오제세,吳濟世,1949-04-05,남,열린우리당,충북 청주시흥덕구,지역구,2004-05-30,2008-05-29,term_end,general,SVH30067,kna members_17.parquet; NA-API 의원이력; NA-API ALLNAMEMBER; kowiki list oldid=41080768,1,,term_end,,term_start,term_end,,,충청북도 청주시 흥덕구 갑,,,통합민주당,열린우리당,오제세,True,,False
17,노영민,盧英敏,1957-11-25,남,열린우리당,충북 청주시흥덕구을,지역구,2004-05-30,2008-05-29,term_end,general,XBJ9297Q,kna members_17.parquet; NA-API 의원이력; NA-API ALLNAMEMBER; kowiki list oldid=41080768,1,,term_end,,term_start,term_end,,,충청북도 청주시 흥덕구 을,,,통합민주당,열린우리당,노영민,True,,False
17,이시종,李始鍾,1947-04-18,남,열린우리당,충북 충주시,지역구,2004-05-30,2008-05-29,term_end,general,8G72444I,kna members_17.parquet; NA-API 의원이력; NA-API ALLNAMEMBER; kowiki list oldid=41080768,1,,term_end,,term_start,term_end,,,충청북도 충주시,,,통합민주당,열린우리당,이시종,True,,False
17,강기갑,姜基甲,1953-06-07,남,민주노동당,비례대표,비례대표,2004-05-30,2008-05-29,term_end,general,X0R95148,kna members_17.parquet; NA-API 의원이력; NA-API ALLNAMEMBER; kowiki list oldid=41080768,1,,term_end,,term_start,term_end,,,,민주노동당,6,민주노동당,민주노동당,강기갑,True,,False
17,강혜숙,姜惠淑,1947-09-30,여,열린우리당,비례대표,비례대표,2004-05-30,2008-05-29,term_end,general,IUR8211H,kna members_17.parquet; NA-API 의원이력; NA-API ALLNAMEMBER; kowiki list oldid=41080768,1,,term_end,,term_start,term_end,,,,열린우리당,15,통합민주당,열린우리당,강혜숙,True,,False
17,고경화,高京華,1962-07-18,여,한나라당,비례대표,비례대표,2004-05-30,2008-05-29,term_end,general,TOM5642Y,kna members_17.parquet; NA-API 의원이력; NA-API ALLNAMEMBER; kowiki list oldid=41080768,1,,term_end,,term_start,term_end,,,,한나라당,15,한나라당,한나라당,고경화,True,,False
17,김명자,金明子,1944-07-13,여,열린우리당,비례대표,비례대표,2004-05-30,2008-05-29,term_end,general,6A77393C,kna members_17.parquet; NA-API 의원이력; NA-API ALLNAMEMBER; kowiki list oldid=41080768,1,,term_end,,term_start,term_end,,,,열린우리당,3,통합민주당,열린우리당,김명자,True,,False
17,김애실,金愛實,1946-08-01,여,한나라당,비례대표,비례대표,2004-05-30,2008-05-29,term_end,general,I4W1829R,kna members_17.parquet; NA-API 의원이력; NA-API ALLNAMEMBER; kowiki list oldid=41080768,1,,term_end,,term_start,term_end,,,,한나라당,1,한나라당,한나라당,김애실,True,,False
17,김영숙,金英淑,1943-01-20,여,한나라당,비례대표,비례대표,2004-05-30,2008-05-29,term_end,general,LLT3669K,kna members_17.parquet; NA-API 의원이력; NA-API ALLNAMEMBER; kowiki list oldid=41080768,1,,term_end,,term_start,term_end,,,,한나라당,13,한나라당,한나라당,김영숙 (1943년),True,,False
17,김영주,金榮珠,1955-07-27,여,열린우리당,비례대표,비례대표,2004-05-30,2008-05-29,term_end,general,0W194007,kna members_17.parquet; NA-API 의원이력; NA-API ALLNAMEMBER; kowiki list oldid=41080768,1,,term_end,,term_start,term_end,,,,열린우리당,13,통합민주당,열린우리당,김영주 (1955년),True,,True
17,김재홍,金在洪,1950-01-03,남,열린우리당,비례대표,비례대표,2004-05-30,2008-05-29,term_end,general,G756492A,kna members_17.parquet; NA-API 의원이력; NA-API ALLNAMEMBER; kowiki list oldid=41080768,1,,term_end,,term_start,term_end,,,,열린우리당,24,통합민주당,열린우리당,김재홍 (1950년),True,,False
17,김종인,金鍾仁,1940-07-11,남,새천년민주당,비례대표,비례대표,2004-05-30,2008-05-29,term_end,general,E5N8503B,kna members_17.parquet; NA-API 의원이력; NA-API ALLNAMEMBER; kowiki list oldid=41080768,1,,term_end,,term_start,term_end,,,,새천년민주당,2,통합민주당,새천년민주당,김종인,True,,False
17,김혁규,金爀珪,1939-08-01,남,열린우리당,비례대표,비례대표,2004-05-30,2007-10-12,resigned,general,QPC3365A,kna members_17.parquet; NA-API 의원이력; NA-API ALLNAMEMBER; kowiki list oldid=41080768; kowiki 의석변동 oldid=41820105,1,,resigned_other,김혁규 의원직 사퇴 / 김영대 승계 / 의원직 사퇴,term_start,conflict,,wikilist=2007-08-13; wikiseat=2007-10-15,,열린우리당,4,열린우리당,열린우리당,김혁규,True,,False
17,김현미,金賢美,1962-11-29,여,열린우리당,비례대표,비례대표,2004-05-30,2008-05-29,term_end,general,9XB6464U,kna members_17.parquet; NA-API 의원이력; NA-API ALLNAMEMBER; kowiki list oldid=41080768,1,,term_end,,term_start,term_end,,,,열린우리당,11,통합민주당,열린우리당,김현미 (정치인),True,,False
17,김홍일,金弘一,1948-01-21,남,새천년민주당,비례대표,비례대표,2004-05-30,2006-09-28,disqualified,general,1OP1897P,kna members_17.parquet; NA-API 의원이력; NA-API ALLNAMEMBER; kowiki list oldid=41080768; kowiki 의석변동 oldid=41820105,1,,court_ruling_other_or_unspecified,김홍일 뇌물 수수로 의원직 상실 김송자 승계 / 의원직 상실,term_start,confirmed,,wikilist+wikiseat,,새천년민주당,4,민주당,새천년민주당,김홍일 (1948년),True,,False
17,나경원,羅景垣,1963-12-06,여,한나라당,비례대표,비례대표,2004-05-30,2008-05-29,term_end,general,SLW27496,kna members_17.parquet; NA-API 의원이력; NA-API ALLNAMEMBER; kowiki list oldid=41080768,1,,term_end,,term_start,term_end,,,,한나라당,11,한나라당,한나라당,나경원,True,,False
17,노회찬,魯會燦,1956-08-31,남,민주노동당,비례대표,비례대표,2004-05-30,2008-03-07,disqualified,general,GN240959,kna members_17.parquet; NA-API 의원이력; NA-API ALLNAMEMBER; kowiki list oldid=41080768; kowiki 의석변동 oldid=41820105,1,,pr_seat_lost_on_leaving_party,탈당으로 의원직 상실 / 의원직 상실,term_start,api_later_than_wiki,,wikilist=2008-02-20; wikiseat=2008-02-14,,민주노동당,8,민주노동당,민주노동당,노회찬,True,,False
17,단병호,段炳浩,1949-07-13,남,민주노동당,비례대표,비례대표,2004-05-30,2008-03-20,disqualified,general,H059875B,kna members_17.parquet; NA-API 의원이력; NA-API ALLNAMEMBER; kowiki list oldid=41080768; kowiki 의석변동 oldid=41820105,1,,pr_seat_lost_on_leaving_party,탈당으로 의원직 상실 / 의원직 상실,term_start,api_later_than_wiki,,wikilist=2008-02-20; wikiseat=2008-02-20,,민주노동당,2,민주노동당,민주노동당,단병호,True,,False
17,민병두,閔丙두,1958-06-10,남,열린우리당,비례대표,비례대표,2004-05-30,2008-05-29,term_end,general,39P2522W,kna members_17.parquet; NA-API 의원이력; NA-API ALLNAMEMBER; kowiki list oldid=41080768,1,,term_end,,term_start,term_end,,,,열린우리당,18,통합민주당,열린우리당,민병두,True,,False
17,박명광,朴明光,1945-02-01,남,열린우리당,비례대표,비례대표,2004-05-30,2008-05-29,term_end,general,XTQ62716,kna members_17.parquet; NA-API 의원이력; NA-API ALLNAMEMBER; kowiki list oldid=41080768,1,,term_end,,term_start,term_end,,,,열린우리당,12,통합민주당,열린우리당,박명광,True,,False
17,박세일,朴世逸,1948-04-04,남,한나라당,비례대표,비례대표,2004-05-30,2005-03-25,resigned,general,U0H3584N,kna members_17.parquet; NA-API 의원이력; NA-API ALLNAMEMBER; kowiki list oldid=41080768,1,,resigned_other,의원직 사퇴,term_start,api_later_than_wiki,,wikilist=2005-03-23,,한나라당,2,한나라당,한나라당,박세일,True,,False
17,박순자,朴順子,1958-10-12,여,한나라당,비례대표,비례대표,2004-05-30,2008-05-29,term_end,general,YLM92014,kna members_17.parquet; NA-API 의원이력; NA-API ALLNAMEMBER; kowiki list oldid=41080768,1,,term_end,,term_start,term_end,,,,한나라당,21,한나라당,한나라당,박순자,True,,False
17,박영선,朴映宣,1960-01-22,여,열린우리당,비례대표,비례대표,2004-05-30,2008-05-29,term_end,general,S8431719,kna members_17.parquet; NA-API 의원이력; NA-API ALLNAMEMBER; kowiki list oldid=41080768,1,,term_end,,term_start,term_end,,,,열린우리당,9,통합민주당,열린우리당,박영선 (정치인),True,,False
17,박재완,朴宰完,1955-01-24,남,한나라당,비례대표,비례대표,2004-05-30,2008-03-01,,general,JPE16970,kna members_17.parquet; NA-API 의원이력; NA-API ALLNAMEMBER; kowiki list oldid=41080768,1,,unknown,,term_start,single_source,,,,한나라당,10,한나라당,한나라당,박재완 (1955년),True,,False
17,박찬석,朴贊石,1940-09-05,남,열린우리당,비례대표,비례대표,2004-05-30,2008-05-29,term_end,general,F7R8891K,kna members_17.parquet; NA-API 의원이력; NA-API ALLNAMEMBER; kowiki list oldid=41080768,1,,term_end,,term_start,term_end,,,,열린우리당,6,통합민주당,열린우리당,박찬석,True,,False
17,박찬숙,朴贊淑,1945-12-05,여,한나라당,비례대표,비례대표,2004-05-30,2008-05-29,term_end,general,CPX9210C,kna members_17.parquet; NA-API 의원이력; NA-API ALLNAMEMBER; kowiki list oldid=41080768,1,,term_end,,term_start,term_end,,,,한나라당,3,한나라당,한나라당,박찬숙 (정치인),True,,False
17,박홍수,朴弘綬,1955-04-18,남,열린우리당,비례대표,비례대표,2004-05-30,2005-01-10,resigned,general,5JX61739,kna members_17.parquet; NA-API 의원이력; NA-API ALLNAMEMBER; kowiki list oldid=41080768; NA bill 029745,1,,resigned_other,의원직 사퇴,term_start,confirmed,,nabill,,열린우리당,20,열린우리당,열린우리당,박홍수 (1955년),True,,False
17,배일도,裵一道,1950-09-14,남,한나라당,비례대표,비례대표,2004-05-30,2008-05-29,term_end,general,T3M8349A,kna members_17.parquet; NA-API 의원이력; NA-API ALLNAMEMBER; kowiki list oldid=41080768,1,,term_end,,term_start,term_end,,,,한나라당,18,한나라당,한나라당,배일도,True,,False
17,서상기,徐相箕,1946-01-29,남,한나라당,비례대표,비례대표,2004-05-30,2008-05-29,term_end,general,Z206474J,kna members_17.parquet; NA-API 의원이력; NA-API ALLNAMEMBER; kowiki list oldid=41080768,1,,term_end,,term_start,term_end,,,,한나라당,20,한나라당,한나라당,서상기 (정치인),True,,False
17,손봉숙,孫鳳淑,1944-03-17,여,새천년민주당,비례대표,비례대표,2004-05-30,2008-05-29,term_end,general,Z7A57920,kna members_17.parquet; NA-API 의원이력; NA-API ALLNAMEMBER; kowiki list oldid=41080768,1,,term_end,,term_start,term_end,,,,새천년민주당,1,통합민주당,새천년민주당,손봉숙,True,,False
17,송영선,宋永仙,1953-08-09,여,한나라당,비례대표,비례대표,2004-05-30,2008-03-23,disqualified,general,PHE6239O,kna members_17.parquet; NA-API 의원이력; NA-API ALLNAMEMBER; kowiki list oldid=41080768; kowiki 의석변동 oldid=41820105,1,,pr_seat_lost_on_leaving_party,탈당으로 의원직 상실 / 의원직 상실,term_start,confirmed,,wikilist+wikiseat,,한나라당,5,한나라당,한나라당,송영선 (1953년),True,,False
17,심상정,沈相정,1959-02-20,여,민주노동당,비례대표,비례대표,2004-05-30,2008-03-11,disqualified,general,SU53086M,kna members_17.parquet; NA-API 의원이력; NA-API ALLNAMEMBER; kowiki list oldid=41080768; kowiki 의석변동 oldid=41820105,1,,pr_seat_lost_on_leaving_party,탈당으로 의원직 상실 / 의원직 상실,term_start,api_later_than_wiki,,wikilist=2008-02-17; wikiseat=2008-02-14,,민주노동당,1,민주노동당,민주노동당,심상정,True,,False
17,안명옥,安明玉,1954-08-31,여,한나라당,비례대표,비례대표,2004-05-30,2008-05-29,term_end,general,C687242Z,kna members_17.parquet; NA-API 의원이력; NA-API ALLNAMEMBER; kowiki list oldid=41080768,1,,term_end,,term_start,term_end,,,,한나라당,19,한나라당,한나라당,안명옥 (1954년),True,,False
17,유승민,劉承旼,1958-01-07,남,한나라당,비례대표,비례대표,2004-05-30,2008-05-29,term_end,general,PWU27609,kna members_17.parquet; NA-API 의원이력; NA-API ALLNAMEMBER; kowiki list oldid=41080768; kowiki 의석변동 oldid=41820105; NA bill 032039,2,2004-05-30~2005-10-12 비례대표 비례대표 (general->resigned) ; 2005-10-26~2008-05-29 지역구 대구 동구을 (by_election->term_end),term_end,,term_start,term_end,,,,한나라당,14,한나라당,한나라당,유승민 (정치인),True,,False
17,유승희,兪承希,1960-04-26,여,열린우리당,비례대표,비례대표,2004-05-30,2008-05-29,term_end,general,9BE5694R,kna members_17.parquet; NA-API 의원이력; NA-API ALLNAMEMBER; kowiki list oldid=41080768,1,,term_end,,term_start,term_end,,,,열린우리당,21,통합민주당,열린우리당,유승희,True,,False
17,윤건영,尹建永,1952-03-08,남,한나라당,비례대표,비례대표,2004-05-30,2008-05-29,term_end,general,OHW68320,kna members_17.parquet; NA-API 의원이력; NA-API ALLNAMEMBER; kowiki list oldid=41080768,1,,term_end,,term_start,term_end,,,,한나라당,4,한나라당,한나라당,윤건영 (1952년),True,,True
17,윤원호,尹元昊,1943-07-04,여,열린우리당,비례대표,비례대표,2004-05-30,2008-05-29,term_end,general,TQS1780I,kna members_17.parquet; NA-API 의원이력; NA-API ALLNAMEMBER; kowiki list oldid=41080768,1,,term_end,,term_start,term_end,,,,열린우리당,19,통합민주당,열린우리당,윤원호,True,,False
17,이경숙,李景淑,1953-08-15,여,열린우리당,비례대표,비례대표,2004-05-30,2008-05-29,term_end,general,MFX9451F,kna members_17.parquet; NA-API 의원이력; NA-API ALLNAMEMBER; kowiki list oldid=41080768,1,,term_end,,term_start,term_end,,,,열린우리당,5,통합민주당,열린우리당,이경숙 (1953년),True,,False
17,이계경,李啓卿,1950-12-21,여,한나라당,비례대표,비례대표,2004-05-30,2008-05-29,term_end,general,BEH5300E,kna members_17.parquet; NA-API 의원이력; NA-API ALLNAMEMBER; kowiki list oldid=41080768,1,,term_end,,term_start,term_end,,,,한나라당,9,한나라당,한나라당,이계경,True,,False
17,이군현,李君賢,1952-03-12,남,한나라당,비례대표,비례대표,2004-05-30,2008-05-29,term_end,general,0135473I,kna members_17.parquet; NA-API 의원이력; NA-API ALLNAMEMBER; kowiki list oldid=41080768,1,,term_end,,term_start,term_end,,,,한나라당,16,한나라당,한나라당,이군현,True,,False
17,이승희,李承姬,1956-03-03,여,새천년민주당,비례대표,비례대표,2004-05-30,2008-05-29,term_end,general,FEQ4857T,kna members_17.parquet; NA-API 의원이력; NA-API ALLNAMEMBER; kowiki list oldid=41080768,1,,term_end,,term_start,term_end,,,,새천년민주당,3,통합민주당,새천년민주당,이승희 (1956년),True,,False
17,이영순,李永順,1962-03-05,여,민주노동당,비례대표,비례대표,2004-05-30,2008-05-29,term_end,general,B9410875,kna members_17.parquet; NA-API 의원이력; NA-API ALLNAMEMBER; kowiki list oldid=41080768,1,,term_end,,term_start,term_end,,,,민주노동당,3,민주노동당,민주노동당,이영순 (1962년),True,,False
17,이은영,李銀榮,1952-03-01,여,열린우리당,비례대표,비례대표,2004-05-30,2008-05-29,term_end,general,F5E4993M,kna members_17.parquet; NA-API 의원이력; NA-API ALLNAMEMBER; kowiki list oldid=41080768,1,,term_end,,term_start,term_end,,,,열린우리당,17,통합민주당,열린우리당,이은영 (1952년),True,,False
17,이주호,李周浩,1961-02-17,남,한나라당,비례대표,비례대표,2004-05-30,2008-03-01,,general,NEF96536,kna members_17.parquet; NA-API 의원이력; NA-API ALLNAMEMBER; kowiki list oldid=41080768,1,,unknown,,term_start,single_source,,,,한나라당,12,한나라당,한나라당,이주호 (1961년),True,,False
17,장복심,張福心,1946-06-16,여,열린우리당,비례대표,비례대표,2004-05-30,2008-05-29,term_end,general,VTB9705E,kna members_17.parquet; NA-API 의원이력; NA-API ALLNAMEMBER; kowiki list oldid=41080768,1,,term_end,,term_start,term_end,,,,열린우리당,23,통합민주당,열린우리당,장복심 (정치인),True,,False
17,장향숙,張香淑,1961-02-03,여,열린우리당,비례대표,비례대표,2004-05-30,2008-05-29,term_end,general,UUE26413,kna members_17.parquet; NA-API 의원이력; NA-API ALLNAMEMBER; kowiki list oldid=41080768,1,,term_end,,term_start,term_end,,,,열린우리당,1,통합민주당,열린우리당,장향숙,True,,False
17,전여옥,田麗玉,1959-04-19,여,한나라당,비례대표,비례대표,2004-05-30,2008-05-29,term_end,general,NH229893,kna members_17.parquet; NA-API 의원이력; NA-API ALLNAMEMBER; kowiki list oldid=41080768,1,,term_end,,term_start,term_end,,,,한나라당,7,한나라당,한나라당,전여옥,True,,False
17,정덕구,鄭德龜,1948-11-01,남,열린우리당,비례대표,비례대표,2004-05-30,2007-02-01,resigned,general,FOH4263F,kna members_17.parquet; NA-API 의원이력; NA-API ALLNAMEMBER; kowiki list oldid=41080768; kowiki 의석변동 oldid=41820105; NA bill PRC_L0Q7F0I2N0I1Z1Q8U1P3O0N0G6A8I5,1,,resigned_other,정덕구 의원직 사퇴 / 의원직 사퇴,term_start,confirmed,,wikilist+wikiseat+nabill,,열린우리당,16,열린우리당,열린우리당,정덕구,True,,False
17,정의용,鄭義溶,1946-04-14,남,열린우리당,비례대표,비례대표,2004-05-30,2008-05-29,term_end,general,DTO5670Y,kna members_17.parquet; NA-API 의원이력; NA-API ALLNAMEMBER; kowiki list oldid=41080768,1,,term_end,,term_start,term_end,,,,열린우리당,10,통합민주당,열린우리당,정의용,True,,False
17,정화원,鄭和元,1948-07-08,남,한나라당,비례대표,비례대표,2004-05-30,2008-05-29,term_end,general,P924524G,kna members_17.parquet; NA-API 의원이력; NA-API ALLNAMEMBER; kowiki list oldid=41080768,1,,term_end,,term_start,term_end,,,,한나라당,8,한나라당,한나라당,정화원,True,,False
17,조성래,趙誠來,1941-10-24,남,열린우리당,비례대표,비례대표,2004-05-30,2008-05-29,term_end,general,L808164D,kna members_17.parquet; NA-API 의원이력; NA-API ALLNAMEMBER; kowiki list oldid=41080768,1,,term_end,,term_start,term_end,,,,열린우리당,14,통합민주당,열린우리당,조성래,True,,False
17,조성태,趙成台,1942-11-03,남,열린우리당,비례대표,비례대표,2004-05-30,2008-05-29,term_end,general,VZ33903V,kna members_17.parquet; NA-API 의원이력; NA-API ALLNAMEMBER; kowiki list oldid=41080768,1,,term_end,,term_start,term_end,,,,열린우리당,8,통합민주당,열린우리당,조성태 (정치인),True,,False
17,진수희,陳壽姬,1955-11-12,여,한나라당,비례대표,비례대표,2004-05-30,2008-05-29,term_end,general,PPY48864,kna members_17.parquet; NA-API 의원이력; NA-API ALLNAMEMBER; kowiki list oldid=41080768,1,,term_end,,term_start,term_end,,,,한나라당,17,한나라당,한나라당,진수희,True,,False
17,천영세,千永世,1943-08-20,남,민주노동당,비례대표,비례대표,2004-05-30,2008-05-29,term_end,general,T7P49316,kna members_17.parquet; NA-API 의원이력; NA-API ALLNAMEMBER; kowiki list oldid=41080768,1,,term_end,,term_start,term_end,,,,민주노동당,4,민주노동당,민주노동당,천영세,True,,False
17,최순영,崔順永,1953-09-15,여,민주노동당,비례대표,비례대표,2004-05-30,2008-05-29,term_end,general,I553607U,kna members_17.parquet; NA-API 의원이력; NA-API ALLNAMEMBER; kowiki list oldid=41080768,1,,term_end,,term_start,term_end,,,,민주노동당,5,민주노동당,민주노동당,최순영 (정치인),True,,False
17,현애자,玄愛子,1962-10-28,여,민주노동당,비례대표,비례대표,2004-05-30,2008-05-29,term_end,general,ARF1960L,kna members_17.parquet; NA-API 의원이력; NA-API ALLNAMEMBER; kowiki list oldid=41080768,1,,term_end,,term_start,term_end,,,,민주노동당,7,민주노동당,민주노동당,현애자,True,,False
17,홍미영,洪美英,1955-09-10,여,열린우리당,비례대표,비례대표,2004-05-30,2008-05-29,term_end,general,VF63237H,kna members_17.parquet; NA-API 의원이력; NA-API ALLNAMEMBER; kowiki list oldid=41080768,1,,term_end,,term_start,term_end,,,,열린우리당,7,통합민주당,열린우리당,홍미영,True,,False
17,홍창선,洪昌善,1944-03-01,남,열린우리당,비례대표,비례대표,2004-05-30,2008-05-29,term_end,general,GYW4323N,kna members_17.parquet; NA-API 의원이력; NA-API ALLNAMEMBER; kowiki list oldid=41080768,1,,term_end,,term_start,term_end,,,,열린우리당,2,통합민주당,열린우리당,홍창선,True,,False
17,황진하,黃震夏,1946-08-25,남,한나라당,비례대표,비례대표,2004-05-30,2008-05-29,term_end,general,RUW8681N,kna members_17.parquet; NA-API 의원이력; NA-API ALLNAMEMBER; kowiki list oldid=41080768,1,,term_end,,term_start,term_end,,,,한나라당,6,한나라당,한나라당,황진하,True,,False
17,서혜석,徐惠錫,1953-11-14,여,열린우리당,비례대표,비례대표,2005-01-11,2008-05-29,term_end,succession_pr,D019409S,kna members_17.parquet; NA-API 의원이력; NA-API ALLNAMEMBER; kowiki list oldid=41080768; kowiki 의석변동 oldid=41820105,1,,term_end,,api_later_than_wiki,term_end,wikilist=2005-01-06; wikiseat=2005-01-06,,,열린우리당,25,통합민주당,열린우리당,서혜석,True,,False
17,이성구,李聲九,1942-03-17,남,한나라당,비례대표,비례대표,2005-03-29,2008-05-29,term_end,succession_pr,HQZ6238Q,kna members_17.parquet; NA-API 의원이력; NA-API ALLNAMEMBER; kowiki list oldid=41080768; kowiki 의석변동 oldid=41820105,1,,term_end,,api_later_than_wiki,term_end,wikilist=2005-03-23; wikiseat=2005-03-23,,,한나라당,22,한나라당,한나라당,이성구 (1942년),True,,False
17,문희,文姬,1936-04-08,여,한나라당,비례대표,비례대표,2005-10-13,2008-05-29,term_end,succession_pr,8QY4415F,kna members_17.parquet; NA-API 의원이력; NA-API ALLNAMEMBER; kowiki list oldid=41080768; kowiki 의석변동 oldid=41820105,1,,term_end,,confirmed,term_end,wikiseat,,,한나라당,23,한나라당,한나라당,문희 (1936년),True,,False
17,김송자,金松子,1940-05-05,여,민주당,비례대표,비례대표,2006-09-29,2008-05-29,term_end,succession_pr,AB85417F,kna members_17.parquet; NA-API 의원이력; NA-API ALLNAMEMBER; kowiki list oldid=41080768; kowiki 의석변동 oldid=41820105,1,,term_end,,api_later_than_wiki,term_end,wikilist=2006-09-28; wikiseat=2006-09-28,,,새천년민주당,5,통합민주당,민주당,김송자,True,,False
17,신명,,1946-02-17,여,열린우리당,비례대표,비례대표,2007-02-02,2008-05-29,term_end,succession_pr,SJ050998,kna members_17.parquet; NA-API 의원이력; NA-API ALLNAMEMBER; kowiki list oldid=41080768; kowiki 의석변동 oldid=41820105,1,,term_end,,api_later_than_wiki,term_end,wikilist=2007-02-01; wikiseat=2007-02-01,,,열린우리당,26,통합민주당,열린우리당,신명 (1946년),True,,False
17,김영대,金榮大,1960-10-15,남,열린우리당,비례대표,비례대표,2007-10-15,2008-05-29,term_end,succession_pr,K2813994,kna members_17.parquet; NA-API 의원이력; NA-API ALLNAMEMBER; kowiki list oldid=41080768; kowiki 의석변동 oldid=41820105,1,,term_end,,confirmed,term_end,wikiseat,,,열린우리당,27,통합민주당,대통합민주신당,김영대 (1960년),True,,False
18,최욱철,崔旭澈,1953-02-09,남,무소속,강원 강릉시,지역구,2008-05-30,2009-07-23,disqualified,general,MPQ32684,kna members_18.parquet; NA-API 의원이력; NA-API ALLNAMEMBER; kowiki list oldid=40331558; kowiki 의석변동 oldid=41820092,1,,court_ruling_election_law,당선무효판결 확정 / 의원직 상실,term_start,confirmed,,wikilist+wikiseat,강원도 강릉시,,,무소속,무소속,최욱철,True,,False
18,권성동,權性東,1960-04-29,남,한나라당,강원 강릉시,지역구,2009-10-28,2012-05-29,term_end,by_election,GDG1847Z,kna members_18.parquet; NA-API 의원이력; NA-API ALLNAMEMBER; kowiki list oldid=40331558; kowiki 의석변동 oldid=41820092,1,,term_end,,confirmed,term_end,wikilist,,강원도 강릉시,,,새누리당,한나라당,권성동,True,,False
18,최연희,崔鉛熙,1944-12-29,남,무소속,강원 동해시삼척시,지역구,2008-05-30,2012-05-29,term_end,general,T8H6713N,kna members_18.parquet; NA-API 의원이력; NA-API ALLNAMEMBER; kowiki list oldid=40331558,1,,term_end,,term_start,term_end,,,강원도 동해시·삼척시,,,무소속,무소속,최연희,True,,False
18,송훈석,宋勳錫,1950-10-08,남,무소속,강원 속초시고성군양양군,지역구,2008-05-30,2012-05-29,term_end,general,AQZ80083,kna members_18.parquet; NA-API 의원이력; NA-API ALLNAMEMBER; kowiki list oldid=40331558,1,,term_end,,term_start,term_end,,,강원도 속초시·고성군·양양군,,,민주통합당,무소속,송훈석,True,,False
18,이계진,李季振,1946-11-23,남,한나라당,강원 원주시,지역구,2008-05-30,2010-05-13,resigned,general,D0K32445,kna members_18.parquet; NA-API 의원이력; NA-API ALLNAMEMBER; kowiki list oldid=40331558; kowiki 의석변동 oldid=41820092,1,,resigned_to_run_for_other_office,강원지사 출마로 인한 의원직 사퇴 / 의원직 사퇴,term_start,api_later_than_wiki,,wikilist=2010-04-30; wikiseat=2010-04-30,강원도 원주시,,,한나라당,한나라당,이계진,True,,False
18,박우순,朴宇淳,1950-09-15,남,민주당,강원 원주시,지역구,2010-07-28,2012-05-29,term_end,by_election,Z344466I,kna members_18.parquet; NA-API 의원이력; NA-API ALLNAMEMBER; kowiki list oldid=40331558; kowiki 의석변동 oldid=41820092,1,,term_end,,confirmed,term_end,wikilist,,강원도 원주시,,,민주통합당,민주당,박우순,True,,False
18,이용삼,李龍三,1957-09-12,남,통합민주당,"강원 철원,화천,양구,인제군",지역구,2008-05-30,2010-01-20,died,general,GBP60233,kna members_18.parquet; NA-API 의원이력; NA-API ALLNAMEMBER; kowiki list oldid=40331558; kowiki 의석변동 oldid=41820092,1,,died,위암으로 사망 / 사망,term_start,confirmed,,wikilist+wikiseat,강원도 철원군·화천군·양구군·인제군,,,민주당,통합민주당,이용삼,True,,False
18,한기호,韓起鎬,1952-08-13,남,한나라당,강원 철원군화천군양구군인제군,지역구,2010-07-28,2012-05-29,term_end,by_election,JQA21112,kna members_18.parquet; NA-API 의원이력; NA-API ALLNAMEMBER; kowiki list oldid=40331558; kowiki 의석변동 oldid=41820092,1,,term_end,,confirmed,term_end,wikilist,,강원도 철원군·화천군·양구군·인제군,,,새누리당,한나라당,한기호 (1952년),True,,False
18,허천,,1943-04-10,남,한나라당,강원 춘천시,지역구,2008-05-30,2012-05-29,term_end,general,ZAD6422F,kna members_18.parquet; NA-API 의원이력; NA-API ALLNAMEMBER; kowiki list oldid=40331558,1,,term_end,,term_start,term_end,,,강원도 춘천시,,,무소속,한나라당,허천 (1943년),True,,False
18,이광재,李光宰,1965-02-28,남,통합민주당,"강원 태백시,영월,평창,정선군",지역구,2008-05-30,2010-05-13,resigned,general,4A067125,kna members_18.parquet; NA-API 의원이력; NA-API ALLNAMEMBER; kowiki list oldid=40331558; kowiki 의석변동 oldid=41820092,1,,resigned_to_run_for_other_office,강원지사 출마로 인한 사퇴 / 의원직 사퇴,term_start,api_later_than_wiki,,wikilist=2010-04-28; wikiseat=2010-04-28,강원도 태백시·영월군·평창군·정선군,,,민주당,통합민주당,이광재 (정치인),True,,False
18,최종원,崔鍾元,1950-01-27,남,민주당,강원 태백시영월군평창군정선군,지역구,2010-07-28,2012-05-29,term_end,by_election,SCA7983X,kna members_18.parquet; NA-API 의원이력; NA-API ALLNAMEMBER; kowiki list oldid=40331558; kowiki 의석변동 oldid=41820092,1,,term_end,,confirmed,term_end,wikilist,,강원도 태백시·영월군·평창군·정선군,,,민주통합당,민주당,최종원,True,,False
18,황영철,黃永哲,1965-07-13,남,한나라당,"강원 홍천군,횡성군",지역구,2008-05-30,2012-05-29,term_end,general,C7Z8238W,kna members_18.parquet; NA-API 의원이력; NA-API ALLNAMEMBER; kowiki list oldid=40331558,1,,term_end,,term_start,term_end,,,강원도 홍천군·횡성군,,,새누리당,한나라당,황영철,True,,False
18,손범규,孫範奎,1966-12-19,남,한나라당,경기 고양시덕양구갑,지역구,2008-05-30,2012-05-29,term_end,general,PVV68260,kna members_18.parquet; NA-API 의원이력; NA-API ALLNAMEMBER; kowiki list oldid=40331558,1,,term_end,,term_start,term_end,,,경기도 고양시 덕양구 갑,,,새누리당,한나라당,손범규,True,,False
18,김태원,金兌原,1951-03-19,남,한나라당,경기 고양시덕양구을,지역구,2008-05-30,2012-05-29,term_end,general,LXP1076C,kna members_18.parquet; NA-API 의원이력; NA-API ALLNAMEMBER; kowiki list oldid=40331558,1,,term_end,,term_start,term_end,,,경기도 고양시 덕양구 을,,,새누리당,한나라당,김태원 (1951년),True,,False
18,백성운,白成雲,1949-06-16,남,한나라당,경기 고양시일산동구,지역구,2008-05-30,2012-05-29,term_end,general,TVF5566E,kna members_18.parquet; NA-API 의원이력; NA-API ALLNAMEMBER; kowiki list oldid=40331558,1,,term_end,,term_start,term_end,,,경기도 고양시 일산동구,,,새누리당,한나라당,백성운,True,,False
18,김영선,金映宣,1960-05-16,여,한나라당,경기 고양시일산서구,지역구,2008-05-30,2012-05-29,term_end,general,LBC8144B,kna members_18.parquet; NA-API 의원이력; NA-API ALLNAMEMBER; kowiki list oldid=40331558,1,,term_end,,term_start,term_end,,,경기도 고양시 일산서구,,,새누리당,한나라당,김영선 (1960년),True,,False
18,백재현,白在鉉,1951-07-04,남,통합민주당,경기 광명시갑,지역구,2008-05-30,2012-05-29,term_end,general,8DK7238W,kna members_18.parquet; NA-API 의원이력; NA-API ALLNAMEMBER; kowiki list oldid=40331558,1,,term_end,,term_start,term_end,,,경기도 광명시 갑,,,민주통합당,통합민주당,백재현 (정치인),True,,False
18,전재희,全在姬,1949-09-06,여,한나라당,경기 광명시을,지역구,2008-05-30,2012-05-29,term_end,general,0WH9705X,kna members_18.parquet; NA-API 의원이력; NA-API ALLNAMEMBER; kowiki list oldid=40331558,1,,term_end,,term_start,term_end,,,경기도 광명시 을,,,새누리당,한나라당,전재희,True,,False
18,정진섭,鄭鎭燮,1952-04-16,남,한나라당,경기 광주시,지역구,2008-05-30,2012-05-29,term_end,general,PTC64957,kna members_18.parquet; NA-API 의원이력; NA-API ALLNAMEMBER; kowiki list oldid=40331558,1,,term_end,,term_start,term_end,,,경기도 광주시,,,무소속,한나라당,정진섭 (정치인),True,,False
18,주광덕,朱光德,1960-07-26,남,한나라당,경기 구리시,지역구,2008-05-30,2012-05-29,term_end,general,AFQ26679,kna members_18.parquet; NA-API 의원이력; NA-API ALLNAMEMBER; kowiki list oldid=40331558,1,,term_end,,term_start,term_end,,,경기도 구리시,,,새누리당,한나라당,주광덕,True,,False
18,김부겸,金富謙,1958-01-21,남,통합민주당,경기 군포시,지역구,2008-05-30,2012-05-29,term_end,general,UIZ3103R,kna members_18.parquet; NA-API 의원이력; NA-API ALLNAMEMBER; kowiki list oldid=40331558,1,,term_end,,term_start,term_end,,,경기도 군포시,,,민주통합당,통합민주당,김부겸,True,,False
18,유정복,劉正福,1957-06-16,남,한나라당,경기 김포시,지역구,2008-05-30,2012-05-29,term_end,general,63J3777V,kna members_18.parquet; NA-API 의원이력; NA-API ALLNAMEMBER; kowiki list oldid=40331558,1,,term_end,,term_start,term_end,,,경기도 김포시,,,새누리당,한나라당,유정복,True,,False
18,최재성,崔宰誠,1965-09-09,남,통합민주당,경기 남양주시갑,지역구,2008-05-30,2012-05-29,term_end,general,VE469451,kna members_18.parquet; NA-API 의원이력; NA-API ALLNAMEMBER; kowiki list oldid=40331558,1,,term_end,,term_start,term_end,,,경기도 남양주시 갑,,,민주통합당,통합민주당,최재성 (정치인),True,,False
18,박기춘,朴起春,1956-05-01,남,통합민주당,경기 남양주시을,지역구,2008-05-30,2012-05-29,term_end,general,3ZP1685J,kna members_18.parquet; NA-API 의원이력; NA-API ALLNAMEMBER; kowiki list oldid=40331558,1,,term_end,,term_start,term_end,,,경기도 남양주시 을,,,민주통합당,통합민주당,박기춘,True,,False
18,차명진,車明進,1959-08-14,남,한나라당,경기 부천시소사구,지역구,2008-05-30,2012-05-29,term_end,general,54B18425,kna members_18.parquet; NA-API 의원이력; NA-API ALLNAMEMBER; kowiki list oldid=40331558,1,,term_end,,term_start,term_end,,,경기도 부천시 소사구,,,새누리당,한나라당,차명진,True,,False
18,원혜영,元惠榮,1951-09-27,남,통합민주당,경기 부천시오정구,지역구,2008-05-30,2012-05-29,term_end,general,6DG91769,kna members_18.parquet; NA-API 의원이력; NA-API ALLNAMEMBER; kowiki list oldid=40331558,1,,term_end,,term_start,term_end,,,경기도 부천시 오정구,,,민주통합당,통합민주당,원혜영,True,,False
18,임해규,林亥圭,1960-03-07,남,한나라당,경기 부천시원미구갑,지역구,2008-05-30,2012-05-29,term_end,general,34Y32105,kna members_18.parquet; NA-API 의원이력; NA-API ALLNAMEMBER; kowiki list oldid=40331558,1,,term_end,,term_start,term_end,,,경기도 부천시 원미구 갑,,,새누리당,한나라당,임해규,True,,False
18,이사철,李思哲,1952-09-15,남,한나라당,경기 부천시원미구을,지역구,2008-05-30,2012-05-29,term_end,general,QG36879J,kna members_18.parquet; NA-API 의원이력; NA-API ALLNAMEMBER; kowiki list oldid=40331558,1,,term_end,,term_start,term_end,,,경기도 부천시 원미구 을,,,새누리당,한나라당,이사철 (1952년),True,,False
18,고흥길,高興吉,1944-08-13,남,한나라당,경기 성남시분당구갑,지역구,2008-05-30,2012-05-29,term_end,general,JGX8852O,kna members_18.parquet; NA-API 의원이력; NA-API ALLNAMEMBER; kowiki list oldid=40331558,1,,term_end,,term_start,term_end,,,경기도 성남시 분당구 갑,,,새누리당,한나라당,고흥길,True,,False
18,임태희,任太熙,1956-12-01,남,한나라당,경기 성남시분당구을,지역구,2008-05-30,2010-10-01,resigned,general,PJ76653N,kna members_18.parquet; NA-API 의원이력; NA-API ALLNAMEMBER; kowiki list oldid=40331558; kowiki 의석변동 oldid=41820092; NA bill PRC_B1A0P0R7O1R6C1V0G4N8T2J7L6E7K3,1,,resigned_on_appointment,청와대 대통령실장 임명으로 사퇴 / 의원직 사퇴,term_start,confirmed,,wikilist+wikiseat+nabill,경기도 성남시 분당구 을,,,한나라당,한나라당,임태희,True,,False
18,손학규,孫鶴圭,1947-11-22,남,민주당,경기 성남시분당구을,지역구,2011-04-27,2012-05-29,term_end,by_election,FND7010Q,kna members_18.parquet; NA-API 의원이력; NA-API ALLNAMEMBER; kowiki list oldid=40331558; kowiki 의석변동 oldid=41820092,1,,term_end,,confirmed,term_end,wikilist,,경기도 성남시 분당구 을,,,민주통합당,민주당,손학규,True,,False
18,신영수,申榮洙,1951-12-24,남,한나라당,경기 성남시수정구,지역구,2008-05-30,2012-05-29,term_end,general,7XM9484U,kna members_18.parquet; NA-API 의원이력; NA-API ALLNAMEMBER; kowiki list oldid=40331558,1,,term_end,,term_start,term_end,,,경기도 성남시 수정구,,,새누리당,한나라당,신영수 (1951년),True,,False
18,신상진,申相珍,1956-06-28,남,한나라당,경기 성남시중원구,지역구,2008-05-30,2012-05-29,term_end,general,71M8132V,kna members_18.parquet; NA-API 의원이력; NA-API ALLNAMEMBER; kowiki list oldid=40331558,1,,term_end,,term_start,term_end,,,경기도 성남시 중원구,,,새누리당,한나라당,신상진,True,,False
18,정미경,鄭美京,1965-09-17,여,한나라당,경기 수원시권선구,지역구,2008-05-30,2012-05-29,term_end,general,OTR59398,kna members_18.parquet; NA-API 의원이력; NA-API ALLNAMEMBER; kowiki list oldid=40331558,1,,term_end,,term_start,term_end,,,경기도 수원시 권선구,,,무소속,한나라당,정미경 (정치인),True,,False
18,김진표,金振杓,1947-05-04,남,통합민주당,경기 수원시영통구,지역구,2008-05-30,2012-05-29,term_end,general,Q9H5708M,kna members_18.parquet; NA-API 의원이력; NA-API ALLNAMEMBER; kowiki list oldid=40331558,1,,term_end,,term_start,term_end,,,경기도 수원시 영통구,,,민주통합당,통합민주당,김진표 (정치인),True,,False
18,박종희,朴鍾熙,1960-05-06,남,한나라당,경기 수원시장안구,지역구,2008-05-30,2009-09-10,disqualified,general,IVT5000L,kna members_18.parquet; NA-API 의원이력; NA-API ALLNAMEMBER; kowiki list oldid=40331558; kowiki 의석변동 oldid=41820092,1,,court_ruling_election_law,당선무효판결 확정 / 의원직 상실,term_start,confirmed,,wikilist+wikiseat,경기도 수원시 장안구,,,한나라당,한나라당,박종희,True,,False
18,이찬열,李燦烈,1959-07-15,남,민주당,경기 수원시장안구,지역구,2009-10-28,2012-05-29,term_end,by_election,BWD92364,kna members_18.parquet; NA-API 의원이력; NA-API ALLNAMEMBER; kowiki list oldid=40331558; kowiki 의석변동 oldid=41820092,1,,term_end,,confirmed,term_end,wikilist,,경기도 수원시 장안구,,,민주통합당,민주당,이찬열,True,,False
18,남경필,南景弼,1965-01-20,남,한나라당,경기 수원시팔달구,지역구,2008-05-30,2012-05-29,term_end,general,EI023764,kna members_18.parquet; NA-API 의원이력; NA-API ALLNAMEMBER; kowiki list oldid=40331558,1,,term_end,,term_start,term_end,,,경기도 수원시 팔달구,,,새누리당,한나라당,남경필,True,,False
18,백원우,白元宇,1966-05-02,남,통합민주당,경기 시흥시갑,지역구,2008-05-30,2012-05-29,term_end,general,TA88758O,kna members_18.parquet; NA-API 의원이력; NA-API ALLNAMEMBER; kowiki list oldid=40331558,1,,term_end,,term_start,term_end,,,경기도 시흥시 갑,,,민주통합당,통합민주당,백원우,True,,False
18,조정식,趙正湜,1963-12-25,남,통합민주당,경기 시흥시을,지역구,2008-05-30,2012-05-29,term_end,general,IN328264,kna members_18.parquet; NA-API 의원이력; NA-API ALLNAMEMBER; kowiki list oldid=40331558,1,,term_end,,term_start,term_end,,,경기도 시흥시 을,,,민주통합당,통합민주당,조정식 (정치인),True,,False
18,천정배,千正培,1954-12-12,남,통합민주당,경기 안산시단원구갑,지역구,2008-05-30,2012-05-29,term_end,general,3SP89633,kna members_18.parquet; NA-API 의원이력; NA-API ALLNAMEMBER; kowiki list oldid=40331558,1,,term_end,,term_start,term_end,,,경기도 안산시 단원구 갑,,,민주통합당,통합민주당,천정배,True,,False
18,박순자,朴順子,1958-10-12,여,한나라당,경기 안산시단원구을,지역구,2008-05-30,2012-05-29,term_end,general,YLM92014,kna members_18.parquet; NA-API 의원이력; NA-API ALLNAMEMBER; kowiki list oldid=40331558,1,,term_end,,term_start,term_end,,,경기도 안산시 단원구 을,,,새누리당,한나라당,박순자,True,,False
18,이화수,李和洙,1953-01-05,남,한나라당,경기 안산시상록구갑,지역구,2008-05-30,2012-05-29,term_end,general,L3P9125A,kna members_18.parquet; NA-API 의원이력; NA-API ALLNAMEMBER; kowiki list oldid=40331558,1,,term_end,,term_start,term_end,,,경기도 안산시 상록구 갑,,,새누리당,한나라당,이화수,True,,False
18,홍장표,洪章杓,1959-08-19,남,친박연대,경기 안산시상록구을,지역구,2008-05-30,2009-07-23,disqualified,general,VBE6017U,kna members_18.parquet; NA-API 의원이력; NA-API ALLNAMEMBER; kowiki list oldid=40331558; kowiki 의석변동 oldid=41820092,1,,court_ruling_election_law,당선무효판결 확정 / 의원직 상실,term_start,confirmed,,wikilist+wikiseat,경기도 안산시 상록구 을,,,한나라당,친박연대,홍장표 (1959년),True,,False
18,김영환,金榮煥,1955-05-27,남,민주당,경기 안산시상록구을,지역구,2009-10-28,2012-05-29,term_end,by_election,1C04271Z,kna members_18.parquet; NA-API 의원이력; NA-API ALLNAMEMBER; kowiki list oldid=40331558; kowiki 의석변동 oldid=41820092,1,,term_end,,confirmed,term_end,wikilist,,경기도 안산시 상록구 을,,,민주통합당,민주당,김영환 (1955년),True,,True
18,김학용,金學容,1961-12-10,남,한나라당,경기 안성시,지역구,2008-05-30,2012-05-29,term_end,general,F5U2979W,kna members_18.parquet; NA-API 의원이력; NA-API ALLNAMEMBER; kowiki list oldid=40331558,1,,term_end,,term_start,term_end,,,경기도 안성시,,,새누리당,한나라당,김학용,True,,False
18,이석현,李錫玄,1951-03-16,남,통합민주당,경기 안양시동안구갑,지역구,2008-05-30,2012-05-29,term_end,general,GMK1374L,kna members_18.parquet; NA-API 의원이력; NA-API ALLNAMEMBER; kowiki list oldid=40331558,1,,term_end,,term_start,term_end,,,경기도 안양시 동안구 갑,,,민주통합당,통합민주당,이석현 (1951년),True,,False
18,심재철,沈在哲,1958-01-18,남,한나라당,경기 안양시동안구을,지역구,2008-05-30,2012-05-29,term_end,general,FGX4881A,kna members_18.parquet; NA-API 의원이력; NA-API ALLNAMEMBER; kowiki list oldid=40331558,1,,term_end,,term_start,term_end,,,경기도 안양시 동안구 을,,,새누리당,한나라당,심재철 (정치인),True,,False
18,이종걸,李鍾杰,1957-05-22,남,통합민주당,경기 안양시만안구,지역구,2008-05-30,2012-05-29,term_end,general,WDR7061Y,kna members_18.parquet; NA-API 의원이력; NA-API ALLNAMEMBER; kowiki list oldid=40331558,1,,term_end,,term_start,term_end,,,경기도 안양시 만안구,,,민주통합당,통합민주당,이종걸,True,,False
18,김성수,金性洙,1953-05-20,남,한나라당,"경기 양주시,동두천시",지역구,2008-05-30,2012-05-29,term_end,general,M7I8728R,kna members_18.parquet; NA-API 의원이력; NA-API ALLNAMEMBER; kowiki list oldid=40331558,1,,term_end,,term_start,term_end,,,경기도 양주시·동두천시,,,새누리당,한나라당,김성수 (1953년),True,,True
18,정병국,鄭柄國,1958-02-10,남,한나라당,경기 양평군가평군,지역구,2008-05-30,2012-05-29,term_end,general,P303213F,kna members_18.parquet; NA-API 의원이력; NA-API ALLNAMEMBER; kowiki list oldid=40331558,1,,term_end,,term_start,term_end,,,경기도 양평군·가평군,,,새누리당,한나라당,정병국,True,,False
18,안민석,安敏錫,1966-08-13,남,통합민주당,경기 오산시,지역구,2008-05-30,2012-05-29,term_end,general,ZA54991S,kna members_18.parquet; NA-API 의원이력; NA-API ALLNAMEMBER; kowiki list oldid=40331558,1,,term_end,,term_start,term_end,,,경기도 오산시,,,민주통합당,통합민주당,안민석,True,,False
18,박준선,朴俊宣,1966-06-23,남,한나라당,경기 용인시기흥구,지역구,2008-05-30,2012-05-29,term_end,general,W1W1462T,kna members_18.parquet; NA-API 의원이력; NA-API ALLNAMEMBER; kowiki list oldid=40331558,1,,term_end,,term_start,term_end,,,경기도 용인시 기흥구,,,새누리당,한나라당,박준선 (1966년),True,,False
18,한선교,韓善敎,1959-06-23,남,무소속,경기 용인시수지구,지역구,2008-05-30,2012-05-29,term_end,general,ZX71333R,kna members_18.parquet; NA-API 의원이력; NA-API ALLNAMEMBER; kowiki list oldid=40331558,1,,term_end,,term_start,term_end,,,경기도 용인시 수지구,,,새누리당,무소속,한선교,True,,False
18,우제창,禹濟昌,1963-04-25,남,통합민주당,경기 용인시처인구,지역구,2008-05-30,2012-05-29,term_end,general,GFO6700V,kna members_18.parquet; NA-API 의원이력; NA-API ALLNAMEMBER; kowiki list oldid=40331558,1,,term_end,,term_start,term_end,,,경기도 용인시 처인구,,,민주통합당,통합민주당,우제창,True,,False
18,안상수,安商守,1946-02-09,남,한나라당,경기 의왕시과천시,지역구,2008-05-30,2012-05-29,term_end,general,ACS7139Z,kna members_18.parquet; NA-API 의원이력; NA-API ALLNAMEMBER; kowiki list oldid=40331558,1,,term_end,,term_start,term_end,,,경기도 의왕시·과천시,,,새누리당,한나라당,안상수 (창원 출신 정치인),True,,True
18,문희상,文喜相,1945-03-03,남,통합민주당,경기 의정부시갑,지역구,2008-05-30,2012-05-29,term_end,general,IYD4143Y,kna members_18.parquet; NA-API 의원이력; NA-API ALLNAMEMBER; kowiki list oldid=40331558,1,,term_end,,term_start,term_end,,,경기도 의정부시 갑,,,민주통합당,통합민주당,문희상,True,,False
18,강성종,康聖鐘,1966-07-18,남,통합민주당,경기 의정부시을,지역구,2008-05-30,2012-05-10,disqualified,general,2ML68608,kna members_18.parquet; NA-API 의원이력; NA-API ALLNAMEMBER; kowiki list oldid=40331558; kowiki 의석변동 oldid=41820092,1,,court_ruling_other_or_unspecified,학교 자금 횡령 혐의으로 의원직 상실 / 의원직 상실,term_start,confirmed,,wikilist,경기도 의정부시 을,,,민주통합당,통합민주당,강성종 (정치인),True,,False
18,이범관,李範觀,1943-08-04,남,한나라당,경기 이천시여주군,지역구,2008-05-30,2012-05-29,term_end,general,4Z38561R,kna members_18.parquet; NA-API 의원이력; NA-API ALLNAMEMBER; kowiki list oldid=40331558,1,,term_end,,term_start,term_end,,,경기도 이천시·여주군,,,새누리당,한나라당,이범관 (1943년),True,,False
18,황진하,黃震夏,1946-08-25,남,한나라당,경기 파주시,지역구,2008-05-30,2012-05-29,term_end,general,RUW8681N,kna members_18.parquet; NA-API 의원이력; NA-API ALLNAMEMBER; kowiki list oldid=40331558,1,,term_end,,term_start,term_end,,,경기도 파주시,,,새누리당,한나라당,황진하,True,,False
18,원유철,元裕哲,1962-09-26,남,한나라당,경기 평택시갑,지역구,2008-05-30,2012-05-29,term_end,general,TZD17894,kna members_18.parquet; NA-API 의원이력; NA-API ALLNAMEMBER; kowiki list oldid=40331558,1,,term_end,,term_start,term_end,,,경기도 평택시 갑,,,새누리당,한나라당,원유철,True,,False
18,정장선,鄭長善,1958-03-16,남,통합민주당,경기 평택시을,지역구,2008-05-30,2012-05-29,term_end,general,GKV4796M,kna members_18.parquet; NA-API 의원이력; NA-API ALLNAMEMBER; kowiki list oldid=40331558,1,,term_end,,term_start,term_end,,,경기도 평택시 을,,,민주통합당,통합민주당,정장선,True,,False
18,김영우,金榮宇,1967-01-20,남,한나라당,경기 포천시연천군,지역구,2008-05-30,2012-05-29,term_end,general,PLR62452,kna members_18.parquet; NA-API 의원이력; NA-API ALLNAMEMBER; kowiki list oldid=40331558,1,,term_end,,term_start,term_end,,,경기도 포천시·연천군,,,새누리당,한나라당,김영우 (1967년),True,,False
18,문학진,文學振,1954-10-26,남,통합민주당,경기 하남시,지역구,2008-05-30,2012-05-29,term_end,general,K3672835,kna members_18.parquet; NA-API 의원이력; NA-API ALLNAMEMBER; kowiki list oldid=40331558,1,,term_end,,term_start,term_end,,,경기도 하남시,,,민주통합당,통합민주당,문학진,True,,False
18,김성회,金成會,1956-09-05,남,한나라당,경기 화성시갑,지역구,2008-05-30,2012-05-29,term_end,general,BEJ7022K,kna members_18.parquet; NA-API 의원이력; NA-API ALLNAMEMBER; kowiki list oldid=40331558,1,,term_end,,term_start,term_end,,,경기도 화성시 갑,,,새누리당,한나라당,김성회 (1956년),True,,True
18,박보환,朴普煥,1956-01-08,남,한나라당,경기 화성시을,지역구,2008-05-30,2012-05-29,term_end,general,XJT56751,kna members_18.parquet; NA-API 의원이력; NA-API ALLNAMEMBER; kowiki list oldid=40331558,1,,term_end,,term_start,term_end,,,경기도 화성시 을,,,새누리당,한나라당,박보환,True,,False
18,윤영,尹英,1955-04-03,남,한나라당,경남 거제시,지역구,2008-05-30,2012-05-29,term_end,general,DGR8579Q,kna members_18.parquet; NA-API 의원이력; NA-API ALLNAMEMBER; kowiki list oldid=40331558,1,,term_end,,term_start,term_end,,,경상남도 거제시,,,새누리당,한나라당,윤영 (1955년),True,,False
18,김정권,金正權,1960-01-12,남,한나라당,경남 김해시갑,지역구,2008-05-30,2012-05-29,term_end,general,X316937B,kna members_18.parquet; NA-API 의원이력; NA-API ALLNAMEMBER; kowiki list oldid=40331558,1,,term_end,,term_start,term_end,,,경상남도 김해시 갑,,,새누리당,한나라당,김정권 (정치인),True,,False
18,최철국,崔喆國,1952-12-30,남,통합민주당,경남 김해시을,지역구,2008-05-30,2010-12-09,disqualified,general,0Y39862U,kna members_18.parquet; NA-API 의원이력; NA-API ALLNAMEMBER; kowiki list oldid=40331558; kowiki 의석변동 oldid=41820092,1,,court_ruling_election_law,정치자금법 위반으로 의원직 상실 / 의원직 상실,term_start,confirmed,,wikilist,경상남도 김해시 을,,,민주당,통합민주당,최철국,True,,False
18,김태호,金台鎬,1962-08-21,남,한나라당,경남 김해시을,지역구,2011-04-27,2012-05-29,term_end,by_election,P0F1530P,kna members_18.parquet; NA-API 의원이력; NA-API ALLNAMEMBER; kowiki list oldid=40331558; kowiki 의석변동 oldid=41820092,1,,term_end,,confirmed,term_end,wikilist,,경상남도 김해시 을,,,새누리당,한나라당,김태호 (1962년),True,,True
18,여상규,余尙奎,1948-09-15,남,한나라당,경남 남해군하동군,지역구,2008-05-30,2012-05-29,term_end,general,QKY38290,kna members_18.parquet; NA-API 의원이력; NA-API ALLNAMEMBER; kowiki list oldid=40331558,1,,term_end,,term_start,term_end,,,경상남도 남해군·하동군,,,새누리당,한나라당,여상규,True,,False
18,이주영,李柱榮,1951-09-30,남,한나라당,경남 마산시갑,지역구,2008-05-30,2012-05-29,term_end,general,8IN46764,kna members_18.parquet; NA-API 의원이력; NA-API ALLNAMEMBER; kowiki list oldid=40331558,1,,term_end,,term_start,term_end,,,경상남도 마산시 갑,,,새누리당,한나라당,이주영 (1951년),True,,True
18,안홍준,安鴻俊,1951-03-02,남,한나라당,경남 마산시을,지역구,2008-05-30,2012-05-29,term_end,general,FPX1564S,kna members_18.parquet; NA-API 의원이력; NA-API ALLNAMEMBER; kowiki list oldid=40331558,1,,term_end,,term_start,term_end,,,경상남도 마산시 을,,,새누리당,한나라당,안홍준,True,,False
18,조해진,曺海珍,1963-08-04,남,한나라당,경남 밀양시창녕군,지역구,2008-05-30,2012-05-29,term_end,general,Z6R3959C,kna members_18.parquet; NA-API 의원이력; NA-API ALLNAMEMBER; kowiki list oldid=40331558,1,,term_end,,term_start,term_end,,,경상남도 밀양시·창녕군,,,새누리당,한나라당,조해진 (1963년),True,,False
18,강기갑,姜基甲,1953-06-07,남,민주노동당,경남 사천시,지역구,2008-05-30,2012-05-29,term_end,general,X0R95148,kna members_18.parquet; NA-API 의원이력; NA-API ALLNAMEMBER; kowiki list oldid=40331558,1,,term_end,,term_start,term_end,,,경상남도 사천시,,,통합진보당,민주노동당,강기갑,True,,False
18,신성범,愼聖範,1963-06-01,남,한나라당,경남 산청군함양군거창군,지역구,2008-05-30,2012-05-29,term_end,general,RMC1840P,kna members_18.parquet; NA-API 의원이력; NA-API ALLNAMEMBER; kowiki list oldid=40331558,1,,term_end,,term_start,term_end,,,경상남도 산청군·함양군·거창군,,,새누리당,한나라당,신성범,True,,False
18,허범도,許範道,1950-02-18,남,한나라당,경남 양산시,지역구,2008-05-30,2009-06-23,disqualified,general,9DF85543,kna members_18.parquet; NA-API 의원이력; NA-API ALLNAMEMBER; kowiki list oldid=40331558; kowiki 의석변동 oldid=41820092,1,,court_ruling_election_law,당선무효판결 확정 / 의원직 상실,term_start,confirmed,,wikilist+wikiseat,경상남도 양산시,,,한나라당,한나라당,허범도,True,,False
18,박희태,朴熺太,1938-08-09,남,한나라당,경남 양산시,지역구,2009-10-28,2012-05-29,term_end,by_election,FSN5613H,kna members_18.parquet; NA-API 의원이력; NA-API ALLNAMEMBER; kowiki list oldid=40331558; kowiki 의석변동 oldid=41820092,1,,term_end,,confirmed,term_end,wikilist,,경상남도 양산시,,,새누리당,한나라당,박희태,True,,False
18,조진래,趙辰來,1965-11-20,남,한나라당,경남 의령군함안군합천군,지역구,2008-05-30,2012-05-29,term_end,general,THS8807E,kna members_18.parquet; NA-API 의원이력; NA-API ALLNAMEMBER; kowiki list oldid=40331558,1,,term_end,,term_start,term_end,,,경상남도 의령군·함안군·합천군,,,새누리당,한나라당,조진래,True,,False
18,최구식,崔球植,1960-10-11,남,무소속,경남 진주시갑,지역구,2008-05-30,2012-05-29,term_end,general,DGA8069B,kna members_18.parquet; NA-API 의원이력; NA-API ALLNAMEMBER; kowiki list oldid=40331558,1,,term_end,,term_start,term_end,,,경상남도 진주시 갑,,,무소속,무소속,최구식,True,,False
18,김재경,金在庚,1961-10-10,남,한나라당,경남 진주시을,지역구,2008-05-30,2012-05-29,term_end,general,M3Z17237,kna members_18.parquet; NA-API 의원이력; NA-API ALLNAMEMBER; kowiki list oldid=40331558,1,,term_end,,term_start,term_end,,,경상남도 진주시 을,,,새누리당,한나라당,김재경 (1961년),True,,False
18,김학송,金鶴松,1952-07-06,남,한나라당,경남 진해시,지역구,2008-05-30,2012-05-29,term_end,general,KDL4367Q,kna members_18.parquet; NA-API 의원이력; NA-API ALLNAMEMBER; kowiki list oldid=40331558,1,,term_end,,term_start,term_end,,,경상남도 진해시,,,새누리당,한나라당,김학송,True,,False
18,권경석,權炅錫,1946-01-02,남,한나라당,경남 창원시갑,지역구,2008-05-30,2012-05-29,term_end,general,1MB8686B,kna members_18.parquet; NA-API 의원이력; NA-API ALLNAMEMBER; kowiki list oldid=40331558,1,,term_end,,term_start,term_end,,,경상남도 창원시 갑,,,새누리당,한나라당,권경석,True,,False
18,권영길,權永吉,1941-11-05,남,민주노동당,경남 창원시을,지역구,2008-05-30,2012-05-29,term_end,general,3TF1550T,kna members_18.parquet; NA-API 의원이력; NA-API ALLNAMEMBER; kowiki list oldid=40331558,1,,term_end,,term_start,term_end,,,경상남도 창원시 을,,,통합진보당,민주노동당,권영길,True,,False
18,이군현,李君賢,1952-03-12,남,한나라당,경남 통영시고성군,지역구,2008-05-30,2012-05-29,term_end,general,0135473I,kna members_18.parquet; NA-API 의원이력; NA-API ALLNAMEMBER; kowiki list oldid=40331558,1,,term_end,,term_start,term_end,,,경상남도 통영시·고성군,,,새누리당,한나라당,이군현,True,,False
18,최경환,崔炅煥,1955-02-27,남,한나라당,경북 경산시청도군,지역구,2008-05-30,2012-05-29,term_end,general,FJ03481D,kna members_18.parquet; NA-API 의원이력; NA-API ALLNAMEMBER; kowiki list oldid=40331558,1,,term_end,,term_start,term_end,,,경상북도 경산시·청도군,,,새누리당,한나라당,최경환 (1955년),True,,True
18,김일윤,金一潤,1938-12-17,남,친박연대,경북 경주시,지역구,2008-05-30,2008-12-24,disqualified,general,UY23844S,kna members_18.parquet; NA-API 의원이력; NA-API ALLNAMEMBER; kowiki list oldid=40331558; kowiki 의석변동 oldid=41820092,1,,court_ruling_election_law,당선무효판결 확정 / 의원직 상실,term_start,confirmed,,wikilist+wikiseat,경상북도 경주시,,,무소속,무소속,김일윤,True,,False
18,정수성,鄭壽星,1946-01-02,남,무소속,경북 경주시,지역구,2009-04-30,2012-05-29,term_end,by_election,IUZ2177I,kna members_18.parquet; NA-API 의원이력; NA-API ALLNAMEMBER; kowiki list oldid=40331558; kowiki 의석변동 oldid=41820092,1,,term_end,,confirmed,term_end,wikiseat,,경상북도 경주시,,,새누리당,무소속,정수성 (정치인),True,,False
18,이인기,李仁基,1953-02-26,남,무소속,경북 고령군성주군칠곡군,지역구,2008-05-30,2012-05-29,term_end,general,6MT5042E,kna members_18.parquet; NA-API 의원이력; NA-API ALLNAMEMBER; kowiki list oldid=40331558,1,,term_end,,term_start,term_end,,,경상북도 고령군·성주군·칠곡군,,,새누리당,무소속,이인기 (1953년),True,,False
18,김성조,金晟祚,1958-11-15,남,한나라당,경북 구미시갑,지역구,2008-05-30,2012-05-29,term_end,general,DYN10119,kna members_18.parquet; NA-API 의원이력; NA-API ALLNAMEMBER; kowiki list oldid=40331558,1,,term_end,,term_start,term_end,,,경상북도 구미시 갑,,,무소속,한나라당,김성조,True,,False
18,김태환,金泰煥,1943-09-24,남,무소속,경북 구미시을,지역구,2008-05-30,2012-05-29,term_end,general,PMU9608V,kna members_18.parquet; NA-API 의원이력; NA-API ALLNAMEMBER; kowiki list oldid=40331558,1,,term_end,,term_start,term_end,,,경상북도 구미시 을,,,새누리당,무소속,김태환 (1943년),True,,False
18,정해걸,丁海杰,1939-05-09,남,무소속,"경북 군위군,의성군,청송군",지역구,2008-05-30,2012-05-29,term_end,general,0GX8381G,kna members_18.parquet; NA-API 의원이력; NA-API ALLNAMEMBER; kowiki list oldid=40331558,1,,term_end,,term_start,term_end,,,경상북도 군위군·의성군·청송군,,,새누리당,무소속,정해걸,True,,False
18,이철우,李喆雨,1955-08-15,남,한나라당,경북 김천시,지역구,2008-05-30,2012-05-29,term_end,general,NS06841K,kna members_18.parquet; NA-API 의원이력; NA-API ALLNAMEMBER; kowiki list oldid=40331558,1,,term_end,,term_start,term_end,,,경상북도 김천시,,,새누리당,한나라당,이철우 (1955년),True,,True
18,이한성,李翰成,1957-04-05,남,한나라당,경북 문경시예천군,지역구,2008-05-30,2012-05-29,term_end,general,SAA7309Q,kna members_18.parquet; NA-API 의원이력; NA-API ALLNAMEMBER; kowiki list oldid=40331558,1,,term_end,,term_start,term_end,,,경상북도 문경시·예천군,,,새누리당,한나라당,이한성,True,,False
18,성윤환,成允煥,1956-08-29,남,무소속,경북 상주시,지역구,2008-05-30,2012-05-29,term_end,general,4T21524D,kna members_18.parquet; NA-API 의원이력; NA-API ALLNAMEMBER; kowiki list oldid=40331558,1,,term_end,,term_start,term_end,,,경상북도 상주시,,,무소속,무소속,성윤환,True,,False
18,김광림,金光琳,1948-04-28,남,무소속,경북 안동시,지역구,2008-05-30,2012-05-29,term_end,general,MGE7194M,kna members_18.parquet; NA-API 의원이력; NA-API ALLNAMEMBER; kowiki list oldid=40331558,1,,term_end,,term_start,term_end,,,경상북도 안동시,,,새누리당,무소속,김광림 (정치인),True,,False
18,강석호,姜碩鎬,1955-12-03,남,한나라당,"경북 영양,영덕,봉화,울진군",지역구,2008-05-30,2012-05-29,term_end,general,8I61593E,kna members_18.parquet; NA-API 의원이력; NA-API ALLNAMEMBER; kowiki list oldid=40331558,1,,term_end,,term_start,term_end,,,경상북도 영양군·영덕군·봉화군·울진군,,,새누리당,한나라당,강석호 (1955년),True,,False
18,장윤석,張倫碩,1950-01-05,남,한나라당,경북 영주시,지역구,2008-05-30,2012-05-29,term_end,general,2QE48823,kna members_18.parquet; NA-API 의원이력; NA-API ALLNAMEMBER; kowiki list oldid=40331558,1,,term_end,,term_start,term_end,,,경상북도 영주시,,,새누리당,한나라당,장윤석 (1950년),True,,False
18,정희수,鄭熙秀,1953-10-25,남,한나라당,경북 영천시,지역구,2008-05-30,2012-05-29,term_end,general,JR141579,kna members_18.parquet; NA-API 의원이력; NA-API ALLNAMEMBER; kowiki list oldid=40331558,1,,term_end,,term_start,term_end,,,경상북도 영천시,,,새누리당,한나라당,정희수,True,,False
18,이상득,李相得,1935-11-29,남,한나라당,경북 포항시남구울릉군,지역구,2008-05-30,2012-05-29,term_end,general,RLG4231U,kna members_18.parquet; NA-API 의원이력; NA-API ALLNAMEMBER; kowiki list oldid=40331558,1,,term_end,,term_start,term_end,,,경상북도 포항시 남구·울릉군,,,새누리당,한나라당,이상득,True,,False
18,이병석,李秉錫,1952-10-28,남,한나라당,경북 포항시북구,지역구,2008-05-30,2012-05-29,term_end,general,D7L1937J,kna members_18.parquet; NA-API 의원이력; NA-API ALLNAMEMBER; kowiki list oldid=40331558,1,,term_end,,term_start,term_end,,,경상북도 포항시 북구,,,새누리당,한나라당,이병석 (1952년),True,,False
18,김동철,金東喆,1955-06-30,남,통합민주당,광주 광산구갑,지역구,2008-05-30,2012-05-29,term_end,general,DCR84445,kna members_18.parquet; NA-API 의원이력; NA-API ALLNAMEMBER; kowiki list oldid=40331558,1,,term_end,,term_start,term_end,,,광주광역시 광산구 갑,,,민주통합당,통합민주당,김동철 (1955년생 정치인),True,,False
18,이용섭,李庸燮,1951-08-11,남,통합민주당,광주 광산구을,지역구,2008-05-30,2012-05-29,term_end,general,DN76694L,kna members_18.parquet; NA-API 의원이력; NA-API ALLNAMEMBER; kowiki list oldid=40331558,1,,term_end,,term_start,term_end,,,광주광역시 광산구 을,,,민주통합당,통합민주당,이용섭,True,,False
18,강운태,姜雲太,1948-11-15,남,무소속,광주 남구,지역구,2008-05-30,2010-05-13,resigned,general,9YV1627V,kna members_18.parquet; NA-API 의원이력; NA-API ALLNAMEMBER; kowiki list oldid=40331558; kowiki 의석변동 oldid=41820092,1,,resigned_to_run_for_other_office,광주시장 출마로 인한 의원직 사퇴 / 의원직 사퇴,term_start,api_later_than_wiki,,wikilist=2010-05-07; wikiseat=2010-05-07,광주광역시 남구,,,민주당,무소속,강운태,True,,False
18,장병완,張秉浣,1952-05-05,남,민주당,광주 남구,지역구,2010-07-28,2012-05-29,term_end,by_election,V8I36226,kna members_18.parquet; NA-API 의원이력; NA-API ALLNAMEMBER; kowiki list oldid=40331558; kowiki 의석변동 oldid=41820092,1,,term_end,,confirmed,term_end,wikilist,,광주광역시 남구,,,민주통합당,민주통합당,장병완,True,,False
18,박주선,朴柱宣,1949-07-23,남,통합민주당,광주 동구,지역구,2008-05-30,2012-05-29,term_end,general,XT18076X,kna members_18.parquet; NA-API 의원이력; NA-API ALLNAMEMBER; kowiki list oldid=40331558,1,,term_end,,term_start,term_end,,,광주광역시 동구,,,무소속,통합민주당,박주선,True,,False
18,강기정,姜琪正,1964-12-03,남,통합민주당,광주 북구갑,지역구,2008-05-30,2012-05-29,term_end,general,1PK82111,kna members_18.parquet; NA-API 의원이력; NA-API ALLNAMEMBER; kowiki list oldid=40331558,1,,term_end,,term_start,term_end,,,광주광역시 북구 갑,,,민주통합당,통합민주당,강기정,True,,False
18,김재균,金載均,1952-10-17,남,통합민주당,광주 북구을,지역구,2008-05-30,2012-05-29,term_end,general,IKQ8876M,kna members_18.parquet; NA-API 의원이력; NA-API ALLNAMEMBER; kowiki list oldid=40331558,1,,term_end,,term_start,term_end,,,광주광역시 북구 을,,,무소속,통합민주당,김재균 (1952년),True,,False
18,조영택,趙泳澤,1951-01-21,남,통합민주당,광주 서구갑,지역구,2008-05-30,2012-05-29,term_end,general,8JS3570T,kna members_18.parquet; NA-API 의원이력; NA-API ALLNAMEMBER; kowiki list oldid=40331558,1,,term_end,,term_start,term_end,,,광주광역시 서구 갑,,,무소속,통합민주당,조영택,True,,False
18,김영진,金泳鎭,1947-11-17,남,통합민주당,광주 서구을,지역구,2008-05-30,2012-05-29,term_end,general,BCO6264C,kna members_18.parquet; NA-API 의원이력; NA-API ALLNAMEMBER; kowiki list oldid=40331558,1,,term_end,,term_start,term_end,,,광주광역시 서구 을,,,민주통합당,통합민주당,김영진 (1947년),True,,True
18,박종근,朴鍾根,1937-02-05,남,친박연대,대구 달서구갑,지역구,2008-05-30,2012-05-29,term_end,general,44936542,kna members_18.parquet; NA-API 의원이력; NA-API ALLNAMEMBER; kowiki list oldid=40331558,1,,term_end,,term_start,term_end,,,대구광역시 달서구 갑,,,무소속,친박연대,박종근 (1937년),True,,False
18,조원진,趙源震,1959-01-07,남,친박연대,대구 달서구병,지역구,2008-05-30,2012-05-29,term_end,general,VNF2868Z,kna members_18.parquet; NA-API 의원이력; NA-API ALLNAMEMBER; kowiki list oldid=40331558,1,,term_end,,term_start,term_end,,,대구광역시 달서구 병,,,새누리당,친박연대,조원진,True,,False
18,이해봉,李海鳳,1942-06-15,남,무소속,대구 달서구을,지역구,2008-05-30,2012-05-29,term_end,general,RVD1966C,kna members_18.parquet; NA-API 의원이력; NA-API ALLNAMEMBER; kowiki list oldid=40331558,1,,term_end,,term_start,term_end,,,대구광역시 달서구 을,,,새누리당,무소속,이해봉 (1942년),True,,False
18,박근혜,朴槿惠,1952-02-02,여,한나라당,대구 달성군,지역구,2008-05-30,2012-05-29,term_end,general,4HB8518T,kna members_18.parquet; NA-API 의원이력; NA-API ALLNAMEMBER; kowiki list oldid=40331558,1,,term_end,,term_start,term_end,,,대구광역시 달성군,,,새누리당,한나라당,박근혜,True,,False
18,주성영,朱盛英,1958-04-27,남,한나라당,대구 동구갑,지역구,2008-05-30,2012-05-29,term_end,general,EWR39555,kna members_18.parquet; NA-API 의원이력; NA-API ALLNAMEMBER; kowiki list oldid=40331558,1,,term_end,,term_start,term_end,,,대구광역시 동구 갑,,,새누리당,한나라당,주성영,True,,False
18,유승민,劉承旼,1958-01-07,남,한나라당,대구 동구을,지역구,2008-05-30,2012-05-29,term_end,general,PWU27609,kna members_18.parquet; NA-API 의원이력; NA-API ALLNAMEMBER; kowiki list oldid=40331558,1,,term_end,,term_start,term_end,,,대구광역시 동구 을,,,새누리당,한나라당,유승민 (정치인),True,,False
18,이명규,李明奎,1956-01-10,남,한나라당,대구 북구갑,지역구,2008-05-30,2012-05-29,term_end,general,04H1337G,kna members_18.parquet; NA-API 의원이력; NA-API ALLNAMEMBER; kowiki list oldid=40331558,1,,term_end,,term_start,term_end,,,대구광역시 북구 갑,,,무소속,한나라당,이명규 (1956년),True,,False
18,서상기,徐相箕,1946-01-29,남,한나라당,대구 북구을,지역구,2008-05-30,2012-05-29,term_end,general,Z206474J,kna members_18.parquet; NA-API 의원이력; NA-API ALLNAMEMBER; kowiki list oldid=40331558,1,,term_end,,term_start,term_end,,,대구광역시 북구 을,,,새누리당,한나라당,서상기 (1946년),True,,False
18,홍사덕,洪思德,1943-03-05,남,친박연대,대구 서구,지역구,2008-05-30,2012-05-29,term_end,general,BW19186J,kna members_18.parquet; NA-API 의원이력; NA-API ALLNAMEMBER; kowiki list oldid=40331558,1,,term_end,,term_start,term_end,,,대구광역시 서구,,,새누리당,친박연대,홍사덕,True,,False
18,이한구,李漢久,1945-12-12,남,한나라당,대구 수성구갑,지역구,2008-05-30,2012-05-29,term_end,general,XGQ9659R,kna members_18.parquet; NA-API 의원이력; NA-API ALLNAMEMBER; kowiki list oldid=40331558,1,,term_end,,term_start,term_end,,,대구광역시 수성구 갑,,,새누리당,한나라당,이한구 (정치인),True,,False
18,주호영,朱豪英,1960-12-10,남,한나라당,대구 수성구을,지역구,2008-05-30,2012-05-29,term_end,general,8SV6917G,kna members_18.parquet; NA-API 의원이력; NA-API ALLNAMEMBER; kowiki list oldid=40331558,1,,term_end,,term_start,term_end,,,대구광역시 수성구 을,,,새누리당,한나라당,주호영,True,,False
18,배영식,裵英植,1949-03-15,남,한나라당,"대구 중구,남구",지역구,2008-05-30,2012-05-29,term_end,general,IBT51219,kna members_18.parquet; NA-API 의원이력; NA-API ALLNAMEMBER; kowiki list oldid=40331558,1,,term_end,,term_start,term_end,,,대구광역시 중구·남구,,,무소속,한나라당,배영식,True,,False
18,김창수,金昌洙,1955-02-13,남,자유선진당,대전 대덕구,지역구,2008-05-30,2012-05-29,term_end,general,DTX6052I,kna members_18.parquet; NA-API 의원이력; NA-API ALLNAMEMBER; kowiki list oldid=40331558,1,,term_end,,term_start,term_end,,,대전광역시 대덕구,,,무소속,자유선진당,김창수 (1955년),True,,False
18,임영호,林榮鎬,1955-05-15,남,자유선진당,대전 동구,지역구,2008-05-30,2012-05-29,term_end,general,DX05874I,kna members_18.parquet; NA-API 의원이력; NA-API ALLNAMEMBER; kowiki list oldid=40331558,1,,term_end,,term_start,term_end,,,대전광역시 동구,,,자유선진당,자유선진당,임영호,True,,False
18,박병석,朴炳錫,1952-01-25,남,통합민주당,대전 서구갑,지역구,2008-05-30,2012-05-29,term_end,general,BLC8630L,kna members_18.parquet; NA-API 의원이력; NA-API ALLNAMEMBER; kowiki list oldid=40331558,1,,term_end,,term_start,term_end,,,대전광역시 서구 갑,,,민주통합당,통합민주당,박병석,True,,False
18,이재선,李在善,1956-12-19,남,자유선진당,대전 서구을,지역구,2008-05-30,2012-05-29,term_end,general,DDK4008U,kna members_18.parquet; NA-API 의원이력; NA-API ALLNAMEMBER; kowiki list oldid=40331558,1,,term_end,,term_start,term_end,,,대전광역시 서구 을,,,자유선진당,자유선진당,이재선 (1956년),True,,False
18,이상민,李相珉,1958-01-22,남,자유선진당,대전 유성구,지역구,2008-05-30,2012-05-29,term_end,general,ZYH1940A,kna members_18.parquet; NA-API 의원이력; NA-API ALLNAMEMBER; kowiki list oldid=40331558,1,,term_end,,term_start,term_end,,,대전광역시 유성구,,,민주통합당,자유선진당,이상민 (1958년),True,,False
18,권선택,權善宅,1955-12-01,남,자유선진당,대전 중구,지역구,2008-05-30,2012-05-29,term_end,general,SOB8871D,kna members_18.parquet; NA-API 의원이력; NA-API ALLNAMEMBER; kowiki list oldid=40331558,1,,term_end,,term_start,term_end,,,대전광역시 중구,,,자유선진당,자유선진당,권선택,True,,False
18,김세연,金世淵,1972-07-15,남,무소속,부산 금정구,지역구,2008-05-30,2012-05-29,term_end,general,2WQ6656P,kna members_18.parquet; NA-API 의원이력; NA-API ALLNAMEMBER; kowiki list oldid=40331558,1,,term_end,,term_start,term_end,,,부산광역시 금정구,,,새누리당,무소속,김세연 (1972년),True,,False
18,김정훈,金正薰,1957-11-03,남,한나라당,부산 남구갑,지역구,2008-05-30,2012-05-29,term_end,general,64G6894C,kna members_18.parquet; NA-API 의원이력; NA-API ALLNAMEMBER; kowiki list oldid=40331558,1,,term_end,,term_start,term_end,,,부산광역시 남구 갑,,,새누리당,한나라당,김정훈 (정치인),True,,False
18,김무성,金武星,1951-09-20,남,무소속,부산 남구을,지역구,2008-05-30,2012-05-29,term_end,general,SNJ6318D,kna members_18.parquet; NA-API 의원이력; NA-API ALLNAMEMBER; kowiki list oldid=40331558,1,,term_end,,term_start,term_end,,,부산광역시 남구 을,,,새누리당,무소속,김무성,True,,False
18,이진복,李珍福,1957-10-18,남,무소속,부산 동래구,지역구,2008-05-30,2012-05-29,term_end,general,0ID22746,kna members_18.parquet; NA-API 의원이력; NA-API ALLNAMEMBER; kowiki list oldid=40331558,1,,term_end,,term_start,term_end,,,부산광역시 동래구,,,새누리당,무소속,이진복 (1957년),True,,False
18,허원제,許元齊,1951-09-27,남,한나라당,부산 부산진구갑,지역구,2008-05-30,2012-05-29,term_end,general,M8X1458S,kna members_18.parquet; NA-API 의원이력; NA-API ALLNAMEMBER; kowiki list oldid=40331558,1,,term_end,,term_start,term_end,,,부산광역시 부산진구 갑,,,새누리당,한나라당,허원제,True,,False
18,이종혁,李鍾赫,1956-08-02,남,한나라당,부산 부산진구을,지역구,2008-05-30,2012-05-29,term_end,general,M8T3316Q,kna members_18.parquet; NA-API 의원이력; NA-API ALLNAMEMBER; kowiki list oldid=40331558,1,,term_end,,term_start,term_end,,,부산광역시 부산진구 을,,,새누리당,한나라당,이종혁 (1956년),True,,False
18,박민식,朴敏植,1965-11-20,남,한나라당,부산 북구강서구갑,지역구,2008-05-30,2012-05-29,term_end,general,P318485D,kna members_18.parquet; NA-API 의원이력; NA-API ALLNAMEMBER; kowiki list oldid=40331558,1,,term_end,,term_start,term_end,,,부산광역시 북구·강서구 갑,,,새누리당,한나라당,박민식,True,,False
18,허태열,許泰烈,1945-07-25,남,한나라당,부산 북구강서구을,지역구,2008-05-30,2012-05-29,term_end,general,OE127272,kna members_18.parquet; NA-API 의원이력; NA-API ALLNAMEMBER; kowiki list oldid=40331558,1,,term_end,,term_start,term_end,,,부산광역시 북구·강서구 을,,,새누리당,한나라당,허태열,True,,False
18,장제원,張濟元,1967-04-13,남,한나라당,부산 사상구,지역구,2008-05-30,2012-05-29,term_end,general,CZB4125D,kna members_18.parquet; NA-API 의원이력; NA-API ALLNAMEMBER; kowiki list oldid=40331558,1,,term_end,,term_start,term_end,,,부산광역시 사상구,,,새누리당,한나라당,장제원,True,,False
18,현기환,玄伎煥,1959-06-10,남,한나라당,부산 사하구갑,지역구,2008-05-30,2012-05-29,term_end,general,TJT1453B,kna members_18.parquet; NA-API 의원이력; NA-API ALLNAMEMBER; kowiki list oldid=40331558,1,,term_end,,term_start,term_end,,,부산광역시 사하구 갑,,,새누리당,한나라당,현기환,True,,False
18,조경태,趙慶泰,1968-01-10,남,통합민주당,부산 사하구을,지역구,2008-05-30,2012-05-29,term_end,general,5KV82250,kna members_18.parquet; NA-API 의원이력; NA-API ALLNAMEMBER; kowiki list oldid=40331558,1,,term_end,,term_start,term_end,,,부산광역시 사하구 을,,,민주통합당,통합민주당,조경태,True,,False
18,유기준,兪奇濬,1959-08-10,남,무소속,부산 서구,지역구,2008-05-30,2012-05-29,term_end,general,CAL85655,kna members_18.parquet; NA-API 의원이력; NA-API ALLNAMEMBER; kowiki list oldid=40331558,1,,term_end,,term_start,term_end,,,부산광역시 서구,,,새누리당,무소속,유기준 (1959년),True,,False
18,유재중,柳在仲,1956-03-27,남,무소속,부산 수영구,지역구,2008-05-30,2012-05-29,term_end,general,SEK1881Q,kna members_18.parquet; NA-API 의원이력; NA-API ALLNAMEMBER; kowiki list oldid=40331558,1,,term_end,,term_start,term_end,,,부산광역시 수영구,,,새누리당,무소속,유재중,True,,False
18,박대해,朴大海,1943-10-25,남,친박연대,부산 연제구,지역구,2008-05-30,2012-05-29,term_end,general,S0S7941O,kna members_18.parquet; NA-API 의원이력; NA-API ALLNAMEMBER; kowiki list oldid=40331558,1,,term_end,,term_start,term_end,,,부산광역시 연제구,,,새누리당,친박연대,박대해,True,,False
18,김형오,金炯旿,1947-11-30,남,한나라당,부산 영도구,지역구,2008-05-30,2012-05-29,term_end,general,4MX3134T,kna members_18.parquet; NA-API 의원이력; NA-API ALLNAMEMBER; kowiki list oldid=40331558,1,,term_end,,term_start,term_end,,,부산광역시 영도구,,,새누리당,한나라당,김형오,True,,False
18,정의화,鄭義和,1948-12-18,남,한나라당,부산 중구동구,지역구,2008-05-30,2012-05-29,term_end,general,V1849655,kna members_18.parquet; NA-API 의원이력; NA-API ALLNAMEMBER; kowiki list oldid=40331558,1,,term_end,,term_start,term_end,,,부산광역시 중구·동구,,,새누리당,한나라당,정의화,True,,False
18,서병수,徐秉洙,1952-01-09,남,한나라당,부산 해운대구기장군갑,지역구,2008-05-30,2012-05-29,term_end,general,CT85313K,kna members_18.parquet; NA-API 의원이력; NA-API ALLNAMEMBER; kowiki list oldid=40331558,1,,term_end,,term_start,term_end,,,부산광역시 해운대구·기장군 갑,,,새누리당,한나라당,서병수,True,,False
18,안경률,安炅律,1948-07-11,남,한나라당,부산 해운대구기장군을,지역구,2008-05-30,2012-05-29,term_end,general,ZF959220,kna members_18.parquet; NA-API 의원이력; NA-API ALLNAMEMBER; kowiki list oldid=40331558,1,,term_end,,term_start,term_end,,,부산광역시 해운대구·기장군 을,,,새누리당,한나라당,안경률,True,,False
18,이종구,李鍾九,1950-09-22,남,한나라당,서울 강남구갑,지역구,2008-05-30,2012-05-29,term_end,general,2XI97689,kna members_18.parquet; NA-API 의원이력; NA-API ALLNAMEMBER; kowiki list oldid=40331558,1,,term_end,,term_start,term_end,,,서울특별시 강남구 갑,,,새누리당,한나라당,이종구 (1950년),True,,False
18,공성진,孔星鎭,1953-04-20,남,한나라당,서울 강남구을,지역구,2008-05-30,2011-06-09,disqualified,general,99J1216Q,kna members_18.parquet; NA-API 의원이력; NA-API ALLNAMEMBER; kowiki list oldid=40331558; kowiki 의석변동 oldid=41820092,1,,court_ruling_election_law,대법원에서 정치자금법 위반으로 의원직 상실 / 의원직 상실,term_start,confirmed,,wikilist+wikiseat,서울특별시 강남구 을,,,한나라당,한나라당,공성진,True,,False
18,김충환,金忠環,1954-03-09,남,한나라당,서울 강동구갑,지역구,2008-05-30,2012-05-29,term_end,general,H0G8409H,kna members_18.parquet; NA-API 의원이력; NA-API ALLNAMEMBER; kowiki list oldid=40331558,1,,term_end,,term_start,term_end,,,서울특별시 강동구 갑,,,새누리당,한나라당,김충환 (1954년생 정치인),True,,False
18,윤석용,尹碩鎔,1951-11-16,남,한나라당,서울 강동구을,지역구,2008-05-30,2012-05-29,term_end,general,S312791R,kna members_18.parquet; NA-API 의원이력; NA-API ALLNAMEMBER; kowiki list oldid=40331558,1,,term_end,,term_start,term_end,,,서울특별시 강동구 을,,,새누리당,한나라당,윤석용,True,,False
18,정양석,鄭亮碩,1958-11-25,남,한나라당,서울 강북구갑,지역구,2008-05-30,2012-05-29,term_end,general,0E97245Y,kna members_18.parquet; NA-API 의원이력; NA-API ALLNAMEMBER; kowiki list oldid=40331558,1,,term_end,,term_start,term_end,,,서울특별시 강북구 갑,,,새누리당,한나라당,정양석,True,,False
18,최규식,崔奎植,1953-11-17,남,통합민주당,서울 강북구을,지역구,2008-05-30,2012-05-29,term_end,general,K8Q3437F,kna members_18.parquet; NA-API 의원이력; NA-API ALLNAMEMBER; kowiki list oldid=40331558,1,,term_end,,term_start,term_end,,,서울특별시 강북구 을,,,민주통합당,통합민주당,최규식 (정치인),True,,False
18,구상찬,具相燦,1957-07-07,남,한나라당,서울 강서구갑,지역구,2008-05-30,2012-05-29,term_end,general,4NU4867S,kna members_18.parquet; NA-API 의원이력; NA-API ALLNAMEMBER; kowiki list oldid=40331558,1,,term_end,,term_start,term_end,,,서울특별시 강서구 갑,,,새누리당,한나라당,구상찬,True,,False
18,김성태,金聖泰,1958-05-23,남,한나라당,서울 강서구을,지역구,2008-05-30,2012-05-29,term_end,general,BQS2021C,kna members_18.parquet; NA-API 의원이력; NA-API ALLNAMEMBER; kowiki list oldid=40331558,1,,term_end,,term_start,term_end,,,서울특별시 강서구 을,,,새누리당,한나라당,김성태 (1958년),True,,True
18,김성식,金成植,1958-12-16,남,한나라당,서울 관악구갑,지역구,2008-05-30,2012-05-29,term_end,general,RCF90176,kna members_18.parquet; NA-API 의원이력; NA-API ALLNAMEMBER; kowiki list oldid=40331558,1,,term_end,,term_start,term_end,,,서울특별시 관악구 갑,,,무소속,한나라당,김성식 (1958년),True,,False
18,김희철,金熙喆,1947-12-15,남,통합민주당,서울 관악구을,지역구,2008-05-30,2012-05-29,term_end,general,BGF3673X,kna members_18.parquet; NA-API 의원이력; NA-API ALLNAMEMBER; kowiki list oldid=40331558,1,,term_end,,term_start,term_end,,,서울특별시 관악구 을,,,무소속,통합민주당,김희철 (정치인),True,,False
18,권택기,權宅起,1965-07-27,남,한나라당,서울 광진구갑,지역구,2008-05-30,2012-05-29,term_end,general,6GI61964,kna members_18.parquet; NA-API 의원이력; NA-API ALLNAMEMBER; kowiki list oldid=40331558,1,,term_end,,term_start,term_end,,,서울특별시 광진구 갑,,,새누리당,한나라당,권택기,True,,False
18,추미애,秋美愛,1958-10-23,여,통합민주당,서울 광진구을,지역구,2008-05-30,2012-05-29,term_end,general,URV1689Q,kna members_18.parquet; NA-API 의원이력; NA-API ALLNAMEMBER; kowiki list oldid=40331558,1,,term_end,,term_start,term_end,,,서울특별시 광진구 을,,,민주통합당,통합민주당,추미애,True,,False
18,이범래,李泛來,1959-01-26,남,한나라당,서울 구로구갑,지역구,2008-05-30,2012-05-29,term_end,general,ZHD57353,kna members_18.parquet; NA-API 의원이력; NA-API ALLNAMEMBER; kowiki list oldid=40331558,1,,term_end,,term_start,term_end,,,서울특별시 구로구 갑,,,새누리당,한나라당,이범래 (정치인),True,,False
18,박영선,朴映宣,1960-01-22,여,통합민주당,서울 구로구을,지역구,2008-05-30,2012-05-29,term_end,general,S8431719,kna members_18.parquet; NA-API 의원이력; NA-API ALLNAMEMBER; kowiki list oldid=40331558,1,,term_end,,term_start,term_end,,,서울특별시 구로구 을,,,민주통합당,통합민주당,박영선 (정치인),True,,False
18,안형환,安亨奐,1963-06-07,남,한나라당,서울 금천구,지역구,2008-05-30,2012-05-29,term_end,general,L726240M,kna members_18.parquet; NA-API 의원이력; NA-API ALLNAMEMBER; kowiki list oldid=40331558,1,,term_end,,term_start,term_end,,,서울특별시 금천구,,,새누리당,한나라당,안형환,True,,False
18,현경병,玄鏡柄,1962-11-05,남,한나라당,서울 노원구갑,지역구,2008-05-30,2011-06-10,disqualified,general,DQ92548C,kna members_18.parquet; NA-API 의원이력; NA-API ALLNAMEMBER; kowiki list oldid=40331558; kowiki 의석변동 oldid=41820092,1,,court_ruling_election_law,대법원에서 정치자금법 위반으로 의원직 상실 / 의원직 상실,term_start,confirmed,,wikilist+wikiseat,서울특별시 노원구 갑,,,한나라당,한나라당,현경병,True,,False
18,홍정욱,洪政旭,1970-03-14,남,한나라당,서울 노원구병,지역구,2008-05-30,2012-05-29,term_end,general,ALY71988,kna members_18.parquet; NA-API 의원이력; NA-API ALLNAMEMBER; kowiki list oldid=40331558,1,,term_end,,term_start,term_end,,,서울특별시 노원구 병,,,새누리당,한나라당,홍정욱,True,,False
18,권영진,權泳臻,1962-12-10,남,한나라당,서울 노원구을,지역구,2008-05-30,2012-05-29,term_end,general,LYY5513O,kna members_18.parquet; NA-API 의원이력; NA-API ALLNAMEMBER; kowiki list oldid=40331558,1,,term_end,,term_start,term_end,,,서울특별시 노원구 을,,,새누리당,한나라당,권영진 (정치인),True,,False
18,신지호,申志鎬,1963-06-23,남,한나라당,서울 도봉구갑,지역구,2008-05-30,2012-05-29,term_end,general,3D684981,kna members_18.parquet; NA-API 의원이력; NA-API ALLNAMEMBER; kowiki list oldid=40331558,1,,term_end,,term_start,term_end,,,서울특별시 도봉구 갑,,,새누리당,한나라당,신지호 (정치인),True,,False
18,김선동,金善東,1963-10-09,남,한나라당,서울 도봉구을,지역구,2008-05-30,2012-05-29,term_end,general,DTG4846A,kna members_18.parquet; NA-API 의원이력; NA-API ALLNAMEMBER; kowiki list oldid=40331558,1,,term_end,,term_start,term_end,,,서울특별시 도봉구 을,,,새누리당,한나라당,김선동 (1963년),True,,True
18,장광근,張光根,1954-01-08,남,한나라당,서울 동대문구갑,지역구,2008-05-30,2012-03-15,disqualified,general,JUM9212Y,kna members_18.parquet; NA-API 의원이력; NA-API ALLNAMEMBER; kowiki list oldid=40331558; kowiki 의석변동 oldid=41820092,1,,court_ruling_election_law,정치자금법 위반으로 의원직 상실 / 의원직 상실,term_start,confirmed,,wikilist+wikiseat,서울특별시 동대문구 갑,,,새누리당,한나라당,장광근,True,,False
18,홍준표,洪準杓,1954-12-05,남,한나라당,서울 동대문구을,지역구,2008-05-30,2012-05-29,term_end,general,NAL4555X,kna members_18.parquet; NA-API 의원이력; NA-API ALLNAMEMBER; kowiki list oldid=40331558,1,,term_end,,term_start,term_end,,,서울특별시 동대문구 을,,,새누리당,한나라당,홍준표,True,,False
18,전병헌,田炳憲,1958-03-17,남,통합민주당,서울 동작구갑,지역구,2008-05-30,2012-05-29,term_end,general,NG55346W,kna members_18.parquet; NA-API 의원이력; NA-API ALLNAMEMBER; kowiki list oldid=40331558,1,,term_end,,term_start,term_end,,,서울특별시 동작구 갑,,,민주통합당,통합민주당,전병헌,True,,False
18,정몽준,鄭夢準,1951-10-17,남,한나라당,서울 동작구을,지역구,2008-05-30,2012-05-29,term_end,general,5YX7831C,kna members_18.parquet; NA-API 의원이력; NA-API ALLNAMEMBER; kowiki list oldid=40331558,1,,term_end,,term_start,term_end,,,서울특별시 동작구 을,,,새누리당,한나라당,정몽준,True,,False
18,강승규,姜升圭,1963-09-20,남,한나라당,서울 마포구갑,지역구,2008-05-30,2012-05-29,term_end,general,42K7317Y,kna members_18.parquet; NA-API 의원이력; NA-API ALLNAMEMBER; kowiki list oldid=40331558,1,,term_end,,term_start,term_end,,,서울특별시 마포구 갑,,,새누리당,한나라당,강승규,True,,False
18,강용석,康容碩,1969-12-03,남,한나라당,서울 마포구을,지역구,2008-05-30,2012-05-29,term_end,general,P2G3854D,kna members_18.parquet; NA-API 의원이력; NA-API ALLNAMEMBER; kowiki list oldid=40331558,1,,term_end,,term_start,term_end,,,서울특별시 마포구 을,,,무소속,한나라당,강용석,True,,False
18,이성헌,李性憲,1958-05-30,남,한나라당,서울 서대문구갑,지역구,2008-05-30,2012-05-29,term_end,general,LZQ7860L,kna members_18.parquet; NA-API 의원이력; NA-API ALLNAMEMBER; kowiki list oldid=40331558,1,,term_end,,term_start,term_end,,,서울특별시 서대문구 갑,,,새누리당,한나라당,이성헌,True,,False
18,정두언,鄭斗彦,1957-03-06,남,한나라당,서울 서대문구을,지역구,2008-05-30,2012-05-29,term_end,general,EIV1009T,kna members_18.parquet; NA-API 의원이력; NA-API ALLNAMEMBER; kowiki list oldid=40331558,1,,term_end,,term_start,term_end,,,서울특별시 서대문구 을,,,새누리당,한나라당,정두언,True,,False
18,이혜훈,李惠薰,1964-06-15,여,한나라당,서울 서초구갑,지역구,2008-05-30,2012-05-29,term_end,general,LCJ77278,kna members_18.parquet; NA-API 의원이력; NA-API ALLNAMEMBER; kowiki list oldid=40331558,1,,term_end,,term_start,term_end,,,서울특별시 서초구 갑,,,새누리당,한나라당,이혜훈,True,,False
18,고승덕,高承德,1957-11-12,남,한나라당,서울 서초구을,지역구,2008-05-30,2012-05-29,term_end,general,IU54544T,kna members_18.parquet; NA-API 의원이력; NA-API ALLNAMEMBER; kowiki list oldid=40331558,1,,term_end,,term_start,term_end,,,서울특별시 서초구 을,,,새누리당,한나라당,고승덕,True,,False
18,진수희,陳壽姬,1955-11-12,여,한나라당,서울 성동구갑,지역구,2008-05-30,2012-05-29,term_end,general,PPY48864,kna members_18.parquet; NA-API 의원이력; NA-API ALLNAMEMBER; kowiki list oldid=40331558,1,,term_end,,term_start,term_end,,,서울특별시 성동구 갑,,,새누리당,한나라당,진수희,True,,False
18,김동성,金東聖,1971-01-11,남,한나라당,서울 성동구을,지역구,2008-05-30,2012-05-29,term_end,general,0AQ3265T,kna members_18.parquet; NA-API 의원이력; NA-API ALLNAMEMBER; kowiki list oldid=40331558,1,,term_end,,term_start,term_end,,,서울특별시 성동구 을,,,새누리당,한나라당,김동성 (1971년),True,,False
18,정태근,鄭泰根,1964-01-08,남,한나라당,서울 성북구갑,지역구,2008-05-30,2012-05-29,term_end,general,HY29614Q,kna members_18.parquet; NA-API 의원이력; NA-API ALLNAMEMBER; kowiki list oldid=40331558,1,,term_end,,term_start,term_end,,,서울특별시 성북구 갑,,,무소속,한나라당,정태근,True,,False
18,김효재,金孝在,1952-05-14,남,한나라당,서울 성북구을,지역구,2008-05-30,2011-08-04,resigned,general,NYV25701,kna members_18.parquet; NA-API 의원이력; NA-API ALLNAMEMBER; kowiki list oldid=40331558; kowiki 의석변동 oldid=41820092; NA bill PRC_Z1Q1Y0T7Q0K6Z1U0Q4S7S1G2A1V3O7,1,,resigned_on_appointment,청와대 정무수석 임명으로 의원직 사퇴 / 의원직 사퇴,term_start,confirmed,,wikilist+wikiseat+nabill,서울특별시 성북구 을,,,한나라당,한나라당,김효재,True,,False
18,박영아,朴英娥,1960-06-18,여,한나라당,서울 송파구갑,지역구,2008-05-30,2012-05-29,term_end,general,ILN1240B,kna members_18.parquet; NA-API 의원이력; NA-API ALLNAMEMBER; kowiki list oldid=40331558,1,,term_end,,term_start,term_end,,,서울특별시 송파구 갑,,,새누리당,한나라당,박영아,True,,False
18,김성순,金聖順,1940-09-28,남,통합민주당,서울 송파구병,지역구,2008-05-30,2012-05-29,term_end,general,P6Q6720D,kna members_18.parquet; NA-API 의원이력; NA-API ALLNAMEMBER; kowiki list oldid=40331558,1,,term_end,,term_start,term_end,,,서울특별시 송파구 병,,,민주통합당,통합민주당,김성순,True,,False
18,유일호,柳一鎬,1955-03-30,남,한나라당,서울 송파구을,지역구,2008-05-30,2012-05-29,term_end,general,DMR40160,kna members_18.parquet; NA-API 의원이력; NA-API ALLNAMEMBER; kowiki list oldid=40331558,1,,term_end,,term_start,term_end,,,서울특별시 송파구 을,,,새누리당,한나라당,유일호,True,,False
18,원희룡,元喜龍,1964-02-14,남,한나라당,서울 양천구갑,지역구,2008-05-30,2012-05-29,term_end,general,1EL35837,kna members_18.parquet; NA-API 의원이력; NA-API ALLNAMEMBER; kowiki list oldid=40331558,1,,term_end,,term_start,term_end,,,서울특별시 양천구 갑,,,새누리당,한나라당,원희룡,True,,False
18,김용태,金容兌,1968-03-26,남,한나라당,서울 양천구을,지역구,2008-05-30,2012-05-29,term_end,general,AMF4093D,kna members_18.parquet; NA-API 의원이력; NA-API ALLNAMEMBER; kowiki list oldid=40331558,1,,term_end,,term_start,term_end,,,서울특별시 양천구 을,,,새누리당,한나라당,김용태 (1968년),True,,True
18,전여옥,田麗玉,1959-04-19,여,한나라당,서울 영등포구갑,지역구,2008-05-30,2012-05-29,term_end,general,NH229893,kna members_18.parquet; NA-API 의원이력; NA-API ALLNAMEMBER; kowiki list oldid=40331558,1,,term_end,,term_start,term_end,,,서울특별시 영등포구 갑,,,무소속,한나라당,전여옥,True,,False
18,권영세,權寧世,1959-02-24,남,한나라당,서울 영등포구을,지역구,2008-05-30,2012-05-29,term_end,general,LG63087O,kna members_18.parquet; NA-API 의원이력; NA-API ALLNAMEMBER; kowiki list oldid=40331558,1,,term_end,,term_start,term_end,,,서울특별시 영등포구 을,,,새누리당,한나라당,권영세 (1959년),True,,False
18,진영,陳永,1950-10-23,남,한나라당,서울 용산구,지역구,2008-05-30,2012-05-29,term_end,general,IDV9108J,kna members_18.parquet; NA-API 의원이력; NA-API ALLNAMEMBER; kowiki list oldid=40331558,1,,term_end,,term_start,term_end,,,서울특별시 용산구,,,새누리당,한나라당,진영 (정치인),True,,False
18,이미경,李美卿,1950-09-20,여,통합민주당,서울 은평구갑,지역구,2008-05-30,2012-05-29,term_end,general,EBU8493R,kna members_18.parquet; NA-API 의원이력; NA-API ALLNAMEMBER; kowiki list oldid=40331558,1,,term_end,,term_start,term_end,,,서울특별시 은평구 갑,,,민주통합당,통합민주당,이미경 (1950년),True,,False
18,문국현,文國現,1949-01-12,남,창조한국당,서울 은평구을,지역구,2008-05-30,2009-10-22,disqualified,general,6UE9476K,kna members_18.parquet; NA-API 의원이력; NA-API ALLNAMEMBER; kowiki list oldid=40331558; kowiki 의석변동 oldid=41820092,1,,court_ruling_election_law,당선무효판결 확정 / 의원직 상실,term_start,confirmed,,wikilist+wikiseat,서울특별시 은평구 을,,,창조한국당,창조한국당,문국현,True,,False
18,이재오,李在五,1945-01-11,남,한나라당,서울 은평구을,지역구,2010-07-28,2012-05-29,term_end,by_election,NDH62175,kna members_18.parquet; NA-API 의원이력; NA-API ALLNAMEMBER; kowiki list oldid=40331558; kowiki 의석변동 oldid=41820092,1,,term_end,,confirmed,term_end,wikilist,,서울특별시 은평구 을,,,새누리당,한나라당,이재오,True,,False
18,박진,朴振,1956-09-16,남,한나라당,서울 종로구,지역구,2008-05-30,2012-05-29,term_end,general,QKO6165V,kna members_18.parquet; NA-API 의원이력; NA-API ALLNAMEMBER; kowiki list oldid=40331558,1,,term_end,,term_start,term_end,,,서울특별시 종로구,,,새누리당,한나라당,박진 (정치인),True,,False
18,나경원,羅景垣,1963-12-06,여,한나라당,서울 중구,지역구,2008-05-30,2011-10-06,resigned,general,SLW27496,kna members_18.parquet; NA-API 의원이력; NA-API ALLNAMEMBER; kowiki list oldid=40331558; kowiki 의석변동 oldid=41820092,1,,resigned_to_run_for_other_office,서울시장 보궐선거 출마로 인한 의원직 사퇴 / 의원직 사퇴,term_start,api_later_than_wiki,,wikilist=2011-09-28; wikiseat=2011-09-28,서울특별시 중구,,,한나라당,한나라당,나경원,True,,False
18,유정현,柳政鉉,1967-10-24,남,한나라당,서울 중랑구갑,지역구,2008-05-30,2012-05-29,term_end,general,3EW5478Q,kna members_18.parquet; NA-API 의원이력; NA-API ALLNAMEMBER; kowiki list oldid=40331558,1,,term_end,,term_start,term_end,,,서울특별시 중랑구 갑,,,무소속,한나라당,유정현 (1967년),True,,False
18,진성호,秦聖昊,1962-11-26,남,한나라당,서울 중랑구을,지역구,2008-05-30,2012-05-29,term_end,general,S3072602,kna members_18.parquet; NA-API 의원이력; NA-API ALLNAMEMBER; kowiki list oldid=40331558,1,,term_end,,term_start,term_end,,,서울특별시 중랑구 을,,,무소속,한나라당,진성호,True,,False
18,최병국,崔炳國,1942-01-27,남,한나라당,울산 남구갑,지역구,2008-05-30,2012-05-29,term_end,general,RN65198P,kna members_18.parquet; NA-API 의원이력; NA-API ALLNAMEMBER; kowiki list oldid=40331558,1,,term_end,,term_start,term_end,,,울산광역시 남구 갑,,,무소속,한나라당,최병국 (1942년),True,,False
18,김기현,金起炫,1959-02-21,남,한나라당,울산 남구을,지역구,2008-05-30,2012-05-29,term_end,general,X7I4680R,kna members_18.parquet; NA-API 의원이력; NA-API ALLNAMEMBER; kowiki list oldid=40331558,1,,term_end,,term_start,term_end,,,울산광역시 남구 을,,,새누리당,한나라당,김기현 (1959년),True,,False
18,안효대,安孝大,1955-07-27,남,한나라당,울산 동구,지역구,2008-05-30,2012-05-29,term_end,general,0XK21509,kna members_18.parquet; NA-API 의원이력; NA-API ALLNAMEMBER; kowiki list oldid=40331558,1,,term_end,,term_start,term_end,,,울산광역시 동구,,,새누리당,한나라당,안효대,True,,False
18,윤두환,尹斗煥,1955-03-05,남,한나라당,울산 북구,지역구,2008-05-30,2009-03-12,disqualified,general,Q3X5279D,kna members_18.parquet; NA-API 의원이력; NA-API ALLNAMEMBER; kowiki list oldid=40331558; kowiki 의석변동 oldid=41820092,1,,court_ruling_election_law,당선무효판결 확정 / 의원직 상실,term_start,confirmed,,wikilist+wikiseat,울산광역시 북구,,,한나라당,한나라당,윤두환,True,,False
18,조승수,趙承洙,1963-01-22,남,진보신당,울산 북구,지역구,2009-04-29,2012-05-29,term_end,by_election,NBF6548X,kna members_18.parquet; NA-API 의원이력; NA-API ALLNAMEMBER; kowiki list oldid=40331558; kowiki 의석변동 oldid=41820092,1,,term_end,,confirmed,term_end,wikilist,,울산광역시 북구,,,통합진보당,진보신당,조승수,True,,False
18,강길부,姜吉夫,1942-06-05,남,무소속,울산 울주군,지역구,2008-05-30,2012-05-29,term_end,general,XQ98168F,kna members_18.parquet; NA-API 의원이력; NA-API ALLNAMEMBER; kowiki list oldid=40331558,1,,term_end,,term_start,term_end,,,울산광역시 울주군,,,새누리당,무소속,강길부,True,,False
18,정갑윤,鄭甲潤,1950-11-08,남,한나라당,울산 중구,지역구,2008-05-30,2012-05-29,term_end,general,CYD5815E,kna members_18.parquet; NA-API 의원이력; NA-API ALLNAMEMBER; kowiki list oldid=40331558,1,,term_end,,term_start,term_end,,,울산광역시 중구,,,새누리당,한나라당,정갑윤,True,,False
18,신학용,辛鶴用,1952-01-21,남,통합민주당,인천 계양구갑,지역구,2008-05-30,2012-05-29,term_end,general,QT984813,kna members_18.parquet; NA-API 의원이력; NA-API ALLNAMEMBER; kowiki list oldid=40331558,1,,term_end,,term_start,term_end,,,인천광역시 계양구 갑,,,민주통합당,통합민주당,신학용,True,,False
18,송영길,宋永吉,1963-03-21,남,통합민주당,인천 계양구을,지역구,2008-05-30,2010-05-13,resigned,general,PAO22428,kna members_18.parquet; NA-API 의원이력; NA-API ALLNAMEMBER; kowiki list oldid=40331558; kowiki 의석변동 oldid=41820092,1,,resigned_to_run_for_other_office,인천시장 출마로 인한 의원직 사퇴 / 의원직 사퇴,term_start,api_later_than_wiki,,wikilist=2010-04-26; wikiseat=2010-04-26,인천광역시 계양구 을,,,민주당,통합민주당,송영길 (정치인),True,,False
18,이상권,李商權,1955-01-27,남,한나라당,인천 계양구을,지역구,2010-07-28,2012-05-29,term_end,by_election,ZG482421,kna members_18.parquet; NA-API 의원이력; NA-API ALLNAMEMBER; kowiki list oldid=40331558; kowiki 의석변동 oldid=41820092,1,,term_end,,confirmed,term_end,wikilist,,인천광역시 계양구 을,,,새누리당,한나라당,이상권,True,,False
18,홍일표,洪日杓,1956-02-11,남,한나라당,인천 남구갑,지역구,2008-05-30,2012-05-29,term_end,general,06L2365K,kna members_18.parquet; NA-API 의원이력; NA-API ALLNAMEMBER; kowiki list oldid=40331558,1,,term_end,,term_start,term_end,,,인천광역시 남구 갑,,,새누리당,한나라당,홍일표,True,,False
18,윤상현,尹相現,1962-12-01,남,한나라당,인천 남구을,지역구,2008-05-30,2012-05-29,term_end,general,MSY7784L,kna members_18.parquet; NA-API 의원이력; NA-API ALLNAMEMBER; kowiki list oldid=40331558,1,,term_end,,term_start,term_end,,,인천광역시 남구 을,,,새누리당,한나라당,윤상현 (정치인),True,,False
18,이윤성,李允盛,1944-10-02,남,한나라당,인천 남동구갑,지역구,2008-05-30,2012-05-29,term_end,general,NET6850O,kna members_18.parquet; NA-API 의원이력; NA-API ALLNAMEMBER; kowiki list oldid=40331558,1,,term_end,,term_start,term_end,,,인천광역시 남동구 갑,,,무소속,한나라당,이윤성 (정치인),True,,False
18,조전혁,趙全赫,1960-07-14,남,한나라당,인천 남동구을,지역구,2008-05-30,2012-05-29,term_end,general,6SQ9031K,kna members_18.parquet; NA-API 의원이력; NA-API ALLNAMEMBER; kowiki list oldid=40331558,1,,term_end,,term_start,term_end,,,인천광역시 남동구 을,,,새누리당,한나라당,조전혁,True,,False
18,조진형,趙鎭衡,1943-02-14,남,한나라당,인천 부평구갑,지역구,2008-05-30,2012-05-29,term_end,general,1G96387U,kna members_18.parquet; NA-API 의원이력; NA-API ALLNAMEMBER; kowiki list oldid=40331558,1,,term_end,,term_start,term_end,,,인천광역시 부평구 갑,,,새누리당,한나라당,조진형,True,,False
18,구본철,具本喆,1959-01-24,남,한나라당,인천 부평구을,지역구,2008-05-30,2009-01-15,disqualified,general,99O59850,kna members_18.parquet; NA-API 의원이력; NA-API ALLNAMEMBER; kowiki list oldid=40331558; kowiki 의석변동 oldid=41820092,1,,court_ruling_other_or_unspecified,대법원에서 당선 무효형 판결으로 의원직 상실 / 의원직 상실,term_start,confirmed,,wikilist+wikiseat,인천광역시 부평구 을,,,한나라당,한나라당,구본철 (1959년),True,,False
18,홍영표,洪永杓,1957-04-30,남,민주당,인천 부평구을,지역구,2009-04-29,2012-05-29,term_end,by_election,KR14136C,kna members_18.parquet; NA-API 의원이력; NA-API ALLNAMEMBER; kowiki list oldid=40331558; kowiki 의석변동 oldid=41820092,1,,term_end,,confirmed,term_end,wikilist,,인천광역시 부평구 을,,,민주통합당,민주당,홍영표,True,,False
18,이학재,李鶴宰,1964-08-19,남,한나라당,인천 서구강화군갑,지역구,2008-05-30,2012-05-29,term_end,general,AJV31724,kna members_18.parquet; NA-API 의원이력; NA-API ALLNAMEMBER; kowiki list oldid=40331558,1,,term_end,,term_start,term_end,,,인천광역시 서구·강화군 갑,,,새누리당,한나라당,이학재 (정치인),True,,False
18,이경재,李敬在,1941-12-17,남,무소속,인천 서구강화군을,지역구,2008-05-30,2012-05-29,term_end,general,H6577987,kna members_18.parquet; NA-API 의원이력; NA-API ALLNAMEMBER; kowiki list oldid=40331558,1,,term_end,,term_start,term_end,,,인천광역시 서구·강화군 을,,,새누리당,무소속,이경재 (1941년),True,,False
18,황우여,黃祐呂,1947-08-03,남,한나라당,인천 연수구,지역구,2008-05-30,2012-05-29,term_end,general,Q5X4506F,kna members_18.parquet; NA-API 의원이력; NA-API ALLNAMEMBER; kowiki list oldid=40331558,1,,term_end,,term_start,term_end,,,인천광역시 연수구,,,새누리당,한나라당,황우여,True,,False
18,박상은,朴商銀,1949-09-01,남,한나라당,인천 중구동구옹진군,지역구,2008-05-30,2012-05-29,term_end,general,RK22879B,kna members_18.parquet; NA-API 의원이력; NA-API ALLNAMEMBER; kowiki list oldid=40331558,1,,term_end,,term_start,term_end,,,인천광역시 중구·동구·옹진군,,,새누리당,한나라당,박상은 (1949년),True,,False
18,박상천,朴相千,1938-10-31,남,통합민주당,"전남 고흥군,보성군",지역구,2008-05-30,2012-05-29,term_end,general,MHE1145A,kna members_18.parquet; NA-API 의원이력; NA-API ALLNAMEMBER; kowiki list oldid=40331558,1,,term_end,,term_start,term_end,,,전라남도 고흥군·보성군,,,민주통합당,통합민주당,박상천,True,,False
18,우윤근,禹潤根,1957-09-24,남,통합민주당,전남 광양시,지역구,2008-05-30,2012-05-29,term_end,general,R7753197,kna members_18.parquet; NA-API 의원이력; NA-API ALLNAMEMBER; kowiki list oldid=40331558,1,,term_end,,term_start,term_end,,,전라남도 광양시,,,민주통합당,통합민주당,우윤근,True,,False
18,최인기,崔仁基,1944-03-18,남,통합민주당,전남 나주시화순군,지역구,2008-05-30,2012-05-29,term_end,general,L3X8851C,kna members_18.parquet; NA-API 의원이력; NA-API ALLNAMEMBER; kowiki list oldid=40331558,1,,term_end,,term_start,term_end,,,전라남도 나주시·화순군,,,무소속,통합민주당,최인기,True,,False
18,김효석,金孝錫,1949-07-15,남,통합민주당,전남 담양군곡성군구례군,지역구,2008-05-30,2012-05-29,term_end,general,UIN2835Q,kna members_18.parquet; NA-API 의원이력; NA-API ALLNAMEMBER; kowiki list oldid=40331558,1,,term_end,,term_start,term_end,,,전라남도 담양군·곡성군·구례군,,,민주통합당,통합민주당,김효석 (1949년),True,,False
18,박지원,朴智元,1942-06-05,남,무소속,전남 목포시,지역구,2008-05-30,2012-05-29,term_end,general,8BF5855P,kna members_18.parquet; NA-API 의원이력; NA-API ALLNAMEMBER; kowiki list oldid=40331558,1,,term_end,,term_start,term_end,,,전라남도 목포시,,,민주통합당,무소속,박지원 (1942년),True,,True
18,이윤석,李潤錫,1960-03-16,남,무소속,"전남 무안군,신안군",지역구,2008-05-30,2012-05-29,term_end,general,0667420L,kna members_18.parquet; NA-API 의원이력; NA-API ALLNAMEMBER; kowiki list oldid=40331558,1,,term_end,,term_start,term_end,,,전라남도 무안군·신안군,,,민주통합당,무소속,이윤석 (1960년),True,,False
18,서갑원,徐甲源,1962-06-24,남,통합민주당,전남 순천시,지역구,2008-05-30,2011-01-27,disqualified,general,V8Y41572,kna members_18.parquet; NA-API 의원이력; NA-API ALLNAMEMBER; kowiki list oldid=40331558; kowiki 의석변동 oldid=41820092,1,,court_ruling_election_law,정치자금법 위반으로 의원직 상실 / 의원직 상실,term_start,confirmed,,wikilist+wikiseat,전라남도 순천시,,,민주당,통합민주당,서갑원,True,,False
18,김선동,金先東,1967-09-09,남,민주노동당,전남 순천시,지역구,2011-04-27,2012-05-29,term_end,by_election,ZC87486D,kna members_18.parquet; NA-API 의원이력; NA-API ALLNAMEMBER; kowiki list oldid=40331558; kowiki 의석변동 oldid=41820092,1,,term_end,,confirmed,term_end,wikilist,,전라남도 순천시,,,통합진보당,민주노동당,김선동 (1967년),True,,True
18,김성곤,金星坤,1952-11-06,남,통합민주당,전남 여수시갑,지역구,2008-05-30,2012-05-29,term_end,general,3O66539X,kna members_18.parquet; NA-API 의원이력; NA-API ALLNAMEMBER; kowiki list oldid=40331558,1,,term_end,,term_start,term_end,,,전라남도 여수시 갑,,,민주통합당,통합민주당,김성곤 (1952년),True,,False
18,주승용,朱昇鎔,1952-07-27,남,통합민주당,전남 여수시을,지역구,2008-05-30,2012-05-29,term_end,general,GCA42857,kna members_18.parquet; NA-API 의원이력; NA-API ALLNAMEMBER; kowiki list oldid=40331558,1,,term_end,,term_start,term_end,,,전라남도 여수시 을,,,민주통합당,통합민주당,주승용,True,,False
18,유선호,柳宣浩,1953-09-27,남,통합민주당,전남 장흥군강진군영암군,지역구,2008-05-30,2012-05-29,term_end,general,SKV1971K,kna members_18.parquet; NA-API 의원이력; NA-API ALLNAMEMBER; kowiki list oldid=40331558,1,,term_end,,term_start,term_end,,,전라남도 장흥군·강진군·영암군,,,민주통합당,통합민주당,유선호 (정치인),True,,False
18,이낙연,李洛淵,1952-12-20,남,통합민주당,전남 함평군영광군장성군,지역구,2008-05-30,2012-05-29,term_end,general,0767470D,kna members_18.parquet; NA-API 의원이력; NA-API ALLNAMEMBER; kowiki list oldid=40331558,1,,term_end,,term_start,term_end,,,전라남도 함평군·영광군·장성군,,,민주통합당,통합민주당,이낙연,True,,False
18,김영록,金瑛錄,1955-02-17,남,무소속,"전남 해남,완도,진도군",지역구,2008-05-30,2012-05-29,term_end,general,5JA4781U,kna members_18.parquet; NA-API 의원이력; NA-API ALLNAMEMBER; kowiki list oldid=40331558,1,,term_end,,term_start,term_end,,,전라남도 해남군·완도군·진도군,,,민주통합당,무소속,김영록,True,,False
18,김춘진,金椿鎭,1953-01-24,남,통합민주당,전북 고창군부안군,지역구,2008-05-30,2012-05-29,term_end,general,QZG38143,kna members_18.parquet; NA-API 의원이력; NA-API ALLNAMEMBER; kowiki list oldid=40331558,1,,term_end,,term_start,term_end,,,전라북도 고창군·부안군,,,민주통합당,통합민주당,김춘진,True,,False
18,강봉균,康奉均,1943-08-13,남,통합민주당,전북 군산시,지역구,2008-05-30,2012-05-29,term_end,general,7PU7009N,kna members_18.parquet; NA-API 의원이력; NA-API ALLNAMEMBER; kowiki list oldid=40331558,1,,term_end,,term_start,term_end,,,전라북도 군산시,,,무소속,통합민주당,강봉균 (정치인),True,,False
18,최규성,崔圭成,1950-02-04,남,통합민주당,전북 김제시완주군,지역구,2008-05-30,2012-05-29,term_end,general,53Y1887H,kna members_18.parquet; NA-API 의원이력; NA-API ALLNAMEMBER; kowiki list oldid=40331558,1,,term_end,,term_start,term_end,,,전라북도 김제시·완주군,,,민주통합당,통합민주당,최규성,True,,False
18,이강래,李康來,1953-03-02,남,통합민주당,전북 남원시순창군,지역구,2008-05-30,2012-05-29,term_end,general,QM028409,kna members_18.parquet; NA-API 의원이력; NA-API ALLNAMEMBER; kowiki list oldid=40331558,1,,term_end,,term_start,term_end,,,전라북도 남원시·순창군,,,민주통합당,통합민주당,이강래 (1953년),True,,False
18,이춘석,李春錫,1963-03-07,남,통합민주당,전북 익산시갑,지역구,2008-05-30,2012-05-29,term_end,general,V2R7430Z,kna members_18.parquet; NA-API 의원이력; NA-API ALLNAMEMBER; kowiki list oldid=40331558,1,,term_end,,term_start,term_end,,,전라북도 익산시 갑,,,민주통합당,통합민주당,이춘석,True,,False
18,조배숙,趙培淑,1956-09-10,여,통합민주당,전북 익산시을,지역구,2008-05-30,2012-05-29,term_end,general,IWK63872,kna members_18.parquet; NA-API 의원이력; NA-API ALLNAMEMBER; kowiki list oldid=40331558,1,,term_end,,term_start,term_end,,,전라북도 익산시 을,,,무소속,통합민주당,조배숙,True,,False
18,김세웅,金世雄,1953-08-14,남,통합민주당,전북 전주시덕진구,지역구,2008-05-30,2008-12-24,disqualified,general,NFR83567,kna members_18.parquet; NA-API 의원이력; NA-API ALLNAMEMBER; kowiki list oldid=40331558; kowiki 의석변동 oldid=41820092,1,,court_ruling_election_law,당선무효판결 확정 / 의원직 상실,term_start,confirmed,,wikilist+wikiseat,전라북도 전주시 덕진구,,,민주당,통합민주당,김세웅,True,,False
18,정동영,鄭東泳,1953-07-27,남,무소속,전북 전주시덕진구,지역구,2009-04-29,2012-05-29,term_end,by_election,ARP89147,kna members_18.parquet; NA-API 의원이력; NA-API ALLNAMEMBER; kowiki list oldid=40331558; kowiki 의석변동 oldid=41820092,1,,term_end,,confirmed,term_end,wikilist,,전라북도 전주시 덕진구,,,민주통합당,무소속,정동영,True,,False
18,이무영,李茂永,1944-12-05,남,무소속,전북 전주시완산구갑,지역구,2008-05-30,2008-12-11,disqualified,general,WMY7084J,kna members_18.parquet; NA-API 의원이력; NA-API ALLNAMEMBER; kowiki list oldid=40331558; kowiki 의석변동 oldid=41820092,1,,court_ruling_election_law,당선무효판결 확정 / 의원직 상실,term_start,confirmed,,wikilist+wikiseat,전라북도 전주시 완산구 갑,,,무소속,무소속,이무영 (경찰),True,,False
18,신건,辛建,1941-02-12,남,무소속,전북 전주시완산구갑,지역구,2009-04-29,2012-05-29,term_end,by_election,8QG6926L,kna members_18.parquet; NA-API 의원이력; NA-API ALLNAMEMBER; kowiki list oldid=40331558; kowiki 의석변동 oldid=41820092,1,,term_end,,confirmed,term_end,wikilist,,전라북도 전주시 완산구 갑,,,무소속,무소속,신건 (법조인),True,,False
18,장세환,張世煥,1953-01-14,남,통합민주당,전북 전주시완산구을,지역구,2008-05-30,2012-05-29,term_end,general,1U115589,kna members_18.parquet; NA-API 의원이력; NA-API ALLNAMEMBER; kowiki list oldid=40331558,1,,term_end,,term_start,term_end,,,전라북도 전주시 완산구 을,,,민주통합당,통합민주당,장세환,True,,False
18,유성엽,柳成葉,1960-01-25,남,무소속,전북 정읍시,지역구,2008-05-30,2012-05-29,term_end,general,I7Z3068X,kna members_18.parquet; NA-API 의원이력; NA-API ALLNAMEMBER; kowiki list oldid=40331558,1,,term_end,,term_start,term_end,,,전라북도 정읍시,,,무소속,무소속,유성엽,True,,False
18,정세균,丁世均,1950-09-26,남,통합민주당,"전북 진안,무주,장수군,임실군",지역구,2008-05-30,2012-05-29,term_end,general,DCN7433W,kna members_18.parquet; NA-API 의원이력; NA-API ALLNAMEMBER; kowiki list oldid=40331558,1,,term_end,,term_start,term_end,,,전라북도 진안군·무주군·장수군·임실군,,,민주통합당,통합민주당,정세균,True,,False
18,김재윤,金才允,1965-05-24,남,통합민주당,제주 서귀포시,지역구,2008-05-30,2012-05-29,term_end,general,R724713H,kna members_18.parquet; NA-API 의원이력; NA-API ALLNAMEMBER; kowiki list oldid=40331558,1,,term_end,,term_start,term_end,,,제주특별자치도 서귀포시,,,민주통합당,통합민주당,김재윤 (1965년),True,,False
18,강창일,姜昌一,1952-01-28,남,통합민주당,제주 제주시갑,지역구,2008-05-30,2012-05-29,term_end,general,TOU1222X,kna members_18.parquet; NA-API 의원이력; NA-API ALLNAMEMBER; kowiki list oldid=40331558,1,,term_end,,term_start,term_end,,,제주특별자치도 제주시 갑,,,민주통합당,통합민주당,강창일,True,,False
18,김우남,金宇南,1955-05-23,남,통합민주당,제주 제주시을,지역구,2008-05-30,2012-05-29,term_end,general,N3Q3468A,kna members_18.parquet; NA-API 의원이력; NA-API ALLNAMEMBER; kowiki list oldid=40331558,1,,term_end,,term_start,term_end,,,제주특별자치도 제주시 을,,,민주통합당,통합민주당,김우남,True,,False
18,심대평,沈大平,1941-04-07,남,자유선진당,충남 공주시연기군,지역구,2008-05-30,2012-05-29,term_end,general,4G45218X,kna members_18.parquet; NA-API 의원이력; NA-API ALLNAMEMBER; kowiki list oldid=40331558,1,,term_end,,term_start,term_end,,,충청남도 공주시·연기군,,,자유선진당,자유선진당,심대평,True,,False
18,이인제,李仁濟,1948-12-11,남,무소속,충남 논산시계룡시금산군,지역구,2008-05-30,2012-05-29,term_end,general,HJI9845B,kna members_18.parquet; NA-API 의원이력; NA-API ALLNAMEMBER; kowiki list oldid=40331558,1,,term_end,,term_start,term_end,,,충청남도 논산시·계룡시·금산군,,,자유선진당,무소속,이인제,True,,False
18,김낙성,金洛聖,1942-12-06,남,자유선진당,충남 당진군,지역구,2008-05-30,2012-05-29,term_end,general,SSH8397C,kna members_18.parquet; NA-API 의원이력; NA-API ALLNAMEMBER; kowiki list oldid=40331558,1,,term_end,,term_start,term_end,,,충청남도 당진군,,,자유선진당,자유선진당,김낙성,True,,False
18,류근찬,柳根粲,1949-02-27,남,자유선진당,충남 보령시서천군,지역구,2008-05-30,2012-05-29,term_end,general,1FK74463,kna members_18.parquet; NA-API 의원이력; NA-API ALLNAMEMBER; kowiki list oldid=40331558,1,,term_end,,term_start,term_end,,,충청남도 보령시·서천군,,,자유선진당,자유선진당,류근찬,True,,False
18,이진삼,李鎭三,1937-02-10,남,자유선진당,"충남 부여군,청양군",지역구,2008-05-30,2012-05-29,term_end,general,LR83348R,kna members_18.parquet; NA-API 의원이력; NA-API ALLNAMEMBER; kowiki list oldid=40331558,1,,term_end,,term_start,term_end,,,충청남도 부여군·청양군,,,무소속,자유선진당,이진삼,True,,False
18,변웅전,邊雄田,1940-10-15,남,자유선진당,"충남 서산시,태안군",지역구,2008-05-30,2012-05-29,term_end,general,BJW1335W,kna members_18.parquet; NA-API 의원이력; NA-API ALLNAMEMBER; kowiki list oldid=40331558,1,,term_end,,term_start,term_end,,,충청남도 서산시·태안군,,,자유선진당,자유선진당,변웅전,True,,False
18,이명수,李明洙,1955-02-11,남,자유선진당,충남 아산시,지역구,2008-05-30,2012-05-29,term_end,general,6YT83269,kna members_18.parquet; NA-API 의원이력; NA-API ALLNAMEMBER; kowiki list oldid=40331558,1,,term_end,,term_start,term_end,,,충청남도 아산시,,,자유선진당,자유선진당,이명수 (1955년),True,,False
18,양승조,梁承晁,1959-03-21,남,통합민주당,충남 천안시갑,지역구,2008-05-30,2012-05-29,term_end,general,TIS61927,kna members_18.parquet; NA-API 의원이력; NA-API ALLNAMEMBER; kowiki list oldid=40331558,1,,term_end,,term_start,term_end,,,충청남도 천안시 갑,,,민주통합당,통합민주당,양승조,True,,False
18,박상돈,朴商敦,1949-09-03,남,자유선진당,충남 천안시을,지역구,2008-05-30,2010-05-13,resigned,general,WNQ9029K,kna members_18.parquet; NA-API 의원이력; NA-API ALLNAMEMBER; kowiki list oldid=40331558; kowiki 의석변동 oldid=41820092,1,,resigned_to_run_for_other_office,충남지사 출마로 인한 의원직 사퇴 / 의원직 사퇴,term_start,api_later_than_wiki,,wikilist=2010-05-04; wikiseat=2010-05-04,충청남도 천안시 을,,,자유선진당,자유선진당,박상돈,True,,False
18,김호연,金昊淵,1955-04-29,남,한나라당,충남 천안시을,지역구,2010-07-28,2012-05-29,term_end,by_election,UDB9699P,kna members_18.parquet; NA-API 의원이력; NA-API ALLNAMEMBER; kowiki list oldid=40331558; kowiki 의석변동 oldid=41820092,1,,term_end,,confirmed,term_end,wikilist,,충청남도 천안시 을,,,새누리당,한나라당,김호연 (1955년),True,,False
18,이회창,李會昌,1935-06-02,남,자유선진당,충남 홍성군예산군,지역구,2008-05-30,2012-05-29,term_end,general,0P85685J,kna members_18.parquet; NA-API 의원이력; NA-API ALLNAMEMBER; kowiki list oldid=40331558,1,,term_end,,term_start,term_end,,,충청남도 홍성군·예산군,,,무소속,자유선진당,이회창,True,,False
18,이용희,李龍熙,1931-06-10,남,자유선진당,충북 보은군옥천군영동군,지역구,2008-05-30,2012-05-29,term_end,general,8BY8620U,kna members_18.parquet; NA-API 의원이력; NA-API ALLNAMEMBER; kowiki list oldid=40331558,1,,term_end,,term_start,term_end,,,충청북도 보은군·옥천군·영동군,,,민주통합당,자유선진당,이용희 (1931년),True,,False
18,송광호,宋光浩,1942-05-10,남,한나라당,충북 제천시단양군,지역구,2008-05-30,2012-05-29,term_end,general,LJJ52334,kna members_18.parquet; NA-API 의원이력; NA-API ALLNAMEMBER; kowiki list oldid=40331558,1,,term_end,,term_start,term_end,,,충청북도 제천시·단양군,,,새누리당,한나라당,송광호,True,,False
18,김종률,金鍾律,1962-12-25,남,통합민주당,"충북 증평,진천,괴산,음성군",지역구,2008-05-30,2009-09-24,disqualified,general,AFM9947E,kna members_18.parquet; NA-API 의원이력; NA-API ALLNAMEMBER; kowiki list oldid=40331558; kowiki 의석변동 oldid=41820092,1,,court_ruling_other_or_unspecified,피선거권 상실 / 의원직 상실,term_start,confirmed,,wikilist+wikiseat,충청북도 증평군·진천군·괴산군·음성군,,,민주당,통합민주당,김종률,True,,False
18,정범구,鄭範九,1954-03-27,남,민주당,충북 증평군진천군괴산군음성군,지역구,2009-10-28,2012-05-29,term_end,by_election,LHG6788P,kna members_18.parquet; NA-API 의원이력; NA-API ALLNAMEMBER; kowiki list oldid=40331558; kowiki 의석변동 oldid=41820092,1,,term_end,,confirmed,term_end,wikilist,,충청북도 증평군·진천군·괴산군·음성군,,,민주통합당,민주당,정범구,True,,False
18,변재일,卞在一,1948-09-02,남,통합민주당,충북 청원군,지역구,2008-05-30,2012-05-29,term_end,general,MO52543L,kna members_18.parquet; NA-API 의원이력; NA-API ALLNAMEMBER; kowiki list oldid=40331558,1,,term_end,,term_start,term_end,,,충청북도 청원군,,,민주통합당,통합민주당,변재일,True,,False
18,홍재형,洪在馨,1938-03-27,남,통합민주당,충북 청주시상당구,지역구,2008-05-30,2012-05-29,term_end,general,YKA9050K,kna members_18.parquet; NA-API 의원이력; NA-API ALLNAMEMBER; kowiki list oldid=40331558,1,,term_end,,term_start,term_end,,,충청북도 청주시 상당구,,,민주통합당,통합민주당,홍재형,True,,False
18,오제세,吳濟世,1949-04-05,남,통합민주당,충북 청주시흥덕구갑,지역구,2008-05-30,2012-05-29,term_end,general,SVH30067,kna members_18.parquet; NA-API 의원이력; NA-API ALLNAMEMBER; kowiki list oldid=40331558,1,,term_end,,term_start,term_end,,,충청북도 청주시 흥덕구 갑,,,민주통합당,통합민주당,오제세,True,,False
18,노영민,盧英敏,1957-11-25,남,통합민주당,충북 청주시흥덕구을,지역구,2008-05-30,2012-05-29,term_end,general,XBJ9297Q,kna members_18.parquet; NA-API 의원이력; NA-API ALLNAMEMBER; kowiki list oldid=40331558,1,,term_end,,term_start,term_end,,,충청북도 청주시 흥덕구 을,,,민주통합당,통합민주당,노영민,True,,False
18,이시종,李始鍾,1947-04-18,남,통합민주당,충북 충주시,지역구,2008-05-30,2010-05-13,resigned,general,8G72444I,kna members_18.parquet; NA-API 의원이력; NA-API ALLNAMEMBER; kowiki list oldid=40331558; kowiki 의석변동 oldid=41820092,1,,resigned_to_run_for_other_office,충북지사 출마로 인한 의원직 사퇴 / 의원직 사퇴,term_start,api_later_than_wiki,,wikilist=2010-04-12; wikiseat=2010-04-12,충청북도 충주시,,,민주당,통합민주당,이시종,True,,False
18,윤진식,尹鎭植,1946-03-04,남,한나라당,충북 충주시,지역구,2010-07-28,2012-05-29,term_end,by_election,S7E4736F,kna members_18.parquet; NA-API 의원이력; NA-API ALLNAMEMBER; kowiki list oldid=40331558; kowiki 의석변동 oldid=41820092,1,,term_end,,confirmed,term_end,wikilist,,충청북도 충주시,,,새누리당,한나라당,윤진식,True,,False
18,강명순,姜命順,1952-03-29,여,한나라당,비례대표,비례대표,2008-05-30,2012-05-29,term_end,general,OSC50359,kna members_18.parquet; NA-API 의원이력; NA-API ALLNAMEMBER; kowiki list oldid=40331558,1,,term_end,,term_start,term_end,,,,한나라당,1,새누리당,한나라당,강명순 (정치인),True,,False
18,강성천,姜成天,1940-08-15,남,한나라당,비례대표,비례대표,2008-05-30,2012-05-29,term_end,general,H8S93115,kna members_18.parquet; NA-API 의원이력; NA-API ALLNAMEMBER; kowiki list oldid=40331558,1,,term_end,,term_start,term_end,,,,한나라당,4,새누리당,한나라당,강성천 (정치인),True,,False
18,곽정숙,郭貞淑,1960-08-29,여,민주노동당,비례대표,비례대표,2008-05-30,2012-05-29,term_end,general,C0V2172Q,kna members_18.parquet; NA-API 의원이력; NA-API ALLNAMEMBER; kowiki list oldid=40331558,1,,term_end,,term_start,term_end,,,,민주노동당,1,통합진보당,민주노동당,곽정숙,True,,False
18,김금래,金錦來,1952-08-06,여,한나라당,비례대표,비례대표,2008-05-30,2011-09-29,resigned,general,J1G1329F,kna members_18.parquet; NA-API 의원이력; NA-API ALLNAMEMBER; kowiki list oldid=40331558; kowiki 의석변동 oldid=41820092,1,,resigned_on_appointment,여성가족부장관 임명으로 사퇴 이영애 승계 / 의원직 사퇴,term_start,confirmed,,wikilist,,한나라당,11,한나라당,한나라당,김금래,True,,False
18,김노식,金魯植,1945-05-10,남,친박연대,비례대표,비례대표,2008-05-30,2009-05-14,disqualified,general,5KI6669W,kna members_18.parquet; NA-API 의원이력; NA-API ALLNAMEMBER; kowiki list oldid=40331558; kowiki 의석변동 oldid=41820092,1,,court_ruling_election_law,당선무효판결 확정 / 의원직 상실,term_start,confirmed,,wikilist+wikiseat,,친박연대,3,친박연대,친박연대,김노식,True,,False
18,김상희,金相姬,1954-05-18,여,통합민주당,비례대표,비례대표,2008-05-30,2012-05-29,term_end,general,UGH6481E,kna members_18.parquet; NA-API 의원이력; NA-API ALLNAMEMBER; kowiki list oldid=40331558,1,,term_end,,term_start,term_end,,,,통합민주당,11,민주통합당,통합민주당,김상희 (1954년),True,,False
18,김소남,金小南,1949-08-14,여,한나라당,비례대표,비례대표,2008-05-30,2012-05-29,term_end,general,JOM36883,kna members_18.parquet; NA-API 의원이력; NA-API ALLNAMEMBER; kowiki list oldid=40331558,1,,term_end,,term_start,term_end,,,,한나라당,7,새누리당,한나라당,김소남,True,,False
18,김옥이,金玉伊,1947-12-02,여,한나라당,비례대표,비례대표,2008-05-30,2012-05-29,term_end,general,RSE18860,kna members_18.parquet; NA-API 의원이력; NA-API ALLNAMEMBER; kowiki list oldid=40331558,1,,term_end,,term_start,term_end,,,,한나라당,21,새누리당,한나라당,김옥이,True,,False
18,김용구,金容九,1940-03-30,남,자유선진당,비례대표,비례대표,2008-05-30,2012-05-29,term_end,general,U8D30778,kna members_18.parquet; NA-API 의원이력; NA-API ALLNAMEMBER; kowiki list oldid=40331558,1,,term_end,,term_start,term_end,,,,자유선진당,4,자유선진당,자유선진당,김용구 (1940년),True,,False
18,김유정,金裕貞,1969-01-18,여,통합민주당,비례대표,비례대표,2008-05-30,2012-05-29,term_end,general,QNI3781H,kna members_18.parquet; NA-API 의원이력; NA-API ALLNAMEMBER; kowiki list oldid=40331558,1,,term_end,,term_start,term_end,,,,통합민주당,15,민주통합당,통합민주당,김유정 (국회의원),True,,False
18,김을동,金乙東,1945-09-05,여,친박연대,비례대표,비례대표,2008-05-30,2012-05-29,term_end,general,3538970J,kna members_18.parquet; NA-API 의원이력; NA-API ALLNAMEMBER; kowiki list oldid=40331558,1,,term_end,,term_start,term_end,,,,친박연대,5,새누리당,친박연대,김을동,True,,False
18,김장수,金章洙,1948-02-26,남,한나라당,비례대표,비례대표,2008-05-30,2012-05-29,term_end,general,H6Z15266,kna members_18.parquet; NA-API 의원이력; NA-API ALLNAMEMBER; kowiki list oldid=40331558,1,,term_end,,term_start,term_end,,,,한나라당,6,새누리당,한나라당,김장수 (1948년),True,,False
18,김충조,金忠兆,1942-08-24,남,통합민주당,비례대표,비례대표,2008-05-30,2012-03-13,disqualified,general,ERX2058H,kna members_18.parquet; NA-API 의원이력; NA-API ALLNAMEMBER; kowiki list oldid=40331558; kowiki 의석변동 oldid=41820092,1,,pr_seat_lost_on_leaving_party,민주통합당 탈당 및 의원직 상실 / 의원직 상실,term_start,confirmed,,wikilist+wikiseat,,통합민주당,12,민주통합당,통합민주당,김충조,True,,False
18,나성린,羅城麟,1953-03-27,남,한나라당,비례대표,비례대표,2008-05-30,2012-05-29,term_end,general,IRQ5741O,kna members_18.parquet; NA-API 의원이력; NA-API ALLNAMEMBER; kowiki list oldid=40331558,1,,term_end,,term_start,term_end,,,,한나라당,12,새누리당,한나라당,나성린,True,,False
18,노철래,盧喆來,1950-01-02,남,친박연대,비례대표,비례대표,2008-05-30,2012-05-29,term_end,general,CKH5381Y,kna members_18.parquet; NA-API 의원이력; NA-API ALLNAMEMBER; kowiki list oldid=40331558,1,,term_end,,term_start,term_end,,,,친박연대,8,새누리당,친박연대,노철래,True,,False
18,박선숙,朴仙淑,1960-12-01,여,통합민주당,비례대표,비례대표,2008-05-30,2012-05-29,term_end,general,MC32279F,kna members_18.parquet; NA-API 의원이력; NA-API ALLNAMEMBER; kowiki list oldid=40331558,1,,term_end,,term_start,term_end,,,,통합민주당,13,민주통합당,통합민주당,박선숙,True,,False
18,박선영,朴宣映,1956-04-06,여,자유선진당,비례대표,비례대표,2008-05-30,2012-05-29,term_end,general,C6R4461P,kna members_18.parquet; NA-API 의원이력; NA-API ALLNAMEMBER; kowiki list oldid=40331558,1,,term_end,,term_start,term_end,,,,자유선진당,3,자유선진당,자유선진당,박선영 (1956년),True,,False
18,박은수,朴殷秀,1956-09-15,남,통합민주당,비례대표,비례대표,2008-05-30,2012-05-29,term_end,general,7GP7701F,kna members_18.parquet; NA-API 의원이력; NA-API ALLNAMEMBER; kowiki list oldid=40331558,1,,term_end,,term_start,term_end,,,,통합민주당,2,민주통합당,통합민주당,박은수 (1956년),True,,False
18,배은희,裵恩姬,1959-07-19,여,한나라당,비례대표,비례대표,2008-05-30,2012-05-29,term_end,general,JBM92636,kna members_18.parquet; NA-API 의원이력; NA-API ALLNAMEMBER; kowiki list oldid=40331558,1,,term_end,,term_start,term_end,,,,한나라당,3,새누리당,한나라당,배은희 (1959년),True,,False
18,서종표,徐鍾杓,1945-07-10,남,통합민주당,비례대표,비례대표,2008-05-30,2012-05-29,term_end,general,4B859597,kna members_18.parquet; NA-API 의원이력; NA-API ALLNAMEMBER; kowiki list oldid=40331558,1,,term_end,,term_start,term_end,,,,통합민주당,8,민주통합당,통합민주당,서종표,True,,False
18,서청원,徐淸源,1943-04-03,남,친박연대,비례대표,비례대표,2008-05-30,2009-05-14,disqualified,general,4Y54669I,kna members_18.parquet; NA-API 의원이력; NA-API ALLNAMEMBER; kowiki list oldid=40331558; kowiki 의석변동 oldid=41820092,1,,court_ruling_election_law,당선무효판결 확정 / 의원직 상실,term_start,confirmed,,wikilist+wikiseat,,친박연대,2,친박연대,친박연대,서청원,True,,False
18,손숙미,孫淑美,1954-09-10,여,한나라당,비례대표,비례대표,2008-05-30,2012-05-29,term_end,general,INO4490Y,kna members_18.parquet; NA-API 의원이력; NA-API ALLNAMEMBER; kowiki list oldid=40331558,1,,term_end,,term_start,term_end,,,,한나라당,15,새누리당,한나라당,손숙미,True,,False
18,송민순,宋旻淳,1948-07-28,남,통합민주당,비례대표,비례대표,2008-05-30,2012-05-29,term_end,general,A1M4510O,kna members_18.parquet; NA-API 의원이력; NA-API ALLNAMEMBER; kowiki list oldid=40331558,1,,term_end,,term_start,term_end,,,,통합민주당,4,민주통합당,통합민주당,송민순,True,,False
18,송영선,宋永仙,1953-08-09,여,친박연대,비례대표,비례대표,2008-05-30,2012-05-29,term_end,general,PHE6239O,kna members_18.parquet; NA-API 의원이력; NA-API ALLNAMEMBER; kowiki list oldid=40331558,1,,term_end,,term_start,term_end,,,,친박연대,4,새누리당,친박연대,송영선 (1953년),True,,False
18,신낙균,申樂均,1941-02-01,여,통합민주당,비례대표,비례대표,2008-05-30,2012-05-29,term_end,general,21U3017N,kna members_18.parquet; NA-API 의원이력; NA-API ALLNAMEMBER; kowiki list oldid=40331558,1,,term_end,,term_start,term_end,,,,통합민주당,9,민주통합당,통합민주당,신낙균,True,,False
18,안규백,安圭伯,1961-04-29,남,통합민주당,비례대표,비례대표,2008-05-30,2012-05-29,term_end,general,TST4507I,kna members_18.parquet; NA-API 의원이력; NA-API ALLNAMEMBER; kowiki list oldid=40331558,1,,term_end,,term_start,term_end,,,,통합민주당,14,민주통합당,통합민주당,안규백,True,,False
18,양정례,梁貞禮,1977-05-07,여,친박연대,비례대표,비례대표,2008-05-30,2009-05-14,disqualified,general,X1E79772,kna members_18.parquet; NA-API 의원이력; NA-API ALLNAMEMBER; kowiki list oldid=40331558; kowiki 의석변동 oldid=41820092,1,,court_ruling_election_law,당선무효판결 확정 / 의원직 상실,term_start,confirmed,,wikilist+wikiseat,,친박연대,1,친박연대,친박연대,양정례,True,,False
18,원희목,元喜睦,1954-06-10,남,한나라당,비례대표,비례대표,2008-05-30,2012-05-29,term_end,general,4D93608C,kna members_18.parquet; NA-API 의원이력; NA-API ALLNAMEMBER; kowiki list oldid=40331558,1,,term_end,,term_start,term_end,,,,한나라당,16,새누리당,한나라당,원희목,True,,False
18,이달곤,李達坤,1953-09-11,남,한나라당,비례대표,비례대표,2008-05-30,2009-03-02,resigned,general,QUM8288K,kna members_18.parquet; NA-API 의원이력; NA-API ALLNAMEMBER; kowiki list oldid=40331558; kowiki 의석변동 oldid=41820092; NA bill PRC_X0S9X0C2X0S3S1L4U3L7K2J2M6A1G6,1,,resigned_on_appointment,행정안전부 장관 임명 관계로 의원직 사퇴 / 의원직 사퇴,term_start,confirmed,,nabill,,한나라당,10,한나라당,한나라당,이달곤,True,,False
18,이성남,李成男,1947-11-11,여,통합민주당,비례대표,비례대표,2008-05-30,2012-05-29,term_end,general,SPY40975,kna members_18.parquet; NA-API 의원이력; NA-API ALLNAMEMBER; kowiki list oldid=40331558,1,,term_end,,term_start,term_end,,,,통합민주당,1,민주통합당,통합민주당,이성남 (1947년),True,,False
18,이애주,李愛珠,1946-01-11,여,한나라당,비례대표,비례대표,2008-05-30,2012-05-29,term_end,general,JVR5259R,kna members_18.parquet; NA-API 의원이력; NA-API ALLNAMEMBER; kowiki list oldid=40331558,1,,term_end,,term_start,term_end,,,,한나라당,17,새누리당,한나라당,이애주 (1946년),True,,False
18,이영애,李玲愛,1948-09-21,여,자유선진당,비례대표,비례대표,2008-05-30,2012-05-29,term_end,general,8TG3670K,kna members_18.parquet; NA-API 의원이력; NA-API ALLNAMEMBER; kowiki list oldid=40331558,1,,term_end,,term_start,term_end,,,,자유선진당,1,자유선진당,자유선진당,이영애 (법조인),True,,True
18,이용경,李容璟,1943-06-11,남,창조한국당,비례대표,비례대표,2008-05-30,2012-05-29,term_end,general,HC725148,kna members_18.parquet; NA-API 의원이력; NA-API ALLNAMEMBER; kowiki list oldid=40331558,1,,term_end,,term_start,term_end,,,,창조한국당,1,무소속,창조한국당,이용경,True,,False
18,이은재,李恩宰,1952-03-27,여,한나라당,비례대표,비례대표,2008-05-30,2012-05-29,term_end,general,IQN7588X,kna members_18.parquet; NA-API 의원이력; NA-API ALLNAMEMBER; kowiki list oldid=40331558,1,,term_end,,term_start,term_end,,,,한나라당,9,새누리당,한나라당,이은재 (정치인),True,,False
18,이정선,李貞善,1960-08-15,여,한나라당,비례대표,비례대표,2008-05-30,2012-05-29,term_end,general,3RK46312,kna members_18.parquet; NA-API 의원이력; NA-API ALLNAMEMBER; kowiki list oldid=40331558,1,,term_end,,term_start,term_end,,,,한나라당,5,새누리당,한나라당,이정선 (1960년),True,,False
18,이정현,李貞鉉,1958-09-01,남,한나라당,비례대표,비례대표,2008-05-30,2012-05-29,term_end,general,7AN97172,kna members_18.parquet; NA-API 의원이력; NA-API ALLNAMEMBER; kowiki list oldid=40331558,1,,term_end,,term_start,term_end,,,,한나라당,22,새누리당,한나라당,이정현 (정치인),True,,False
18,이정희,李正姬,1969-12-22,여,민주노동당,비례대표,비례대표,2008-05-30,2012-05-29,term_end,general,A5D8747O,kna members_18.parquet; NA-API 의원이력; NA-API ALLNAMEMBER; kowiki list oldid=40331558,1,,term_end,,term_start,term_end,,,,민주노동당,3,통합진보당,민주노동당,이정희 (1969년),True,,False
18,이춘식,李春植,1949-05-21,남,한나라당,비례대표,비례대표,2008-05-30,2012-05-29,term_end,general,LZW5716C,kna members_18.parquet; NA-API 의원이력; NA-API ALLNAMEMBER; kowiki list oldid=40331558,1,,term_end,,term_start,term_end,,,,한나라당,18,새누리당,한나라당,이춘식 (정치인),True,,False
18,이한정,李漢正,1951-01-22,남,창조한국당,비례대표,비례대표,2008-05-30,2008-12-11,disqualified,general,LIR7134B,kna members_18.parquet; NA-API 의원이력; NA-API ALLNAMEMBER; kowiki list oldid=40331558; kowiki 의석변동 oldid=41820092,1,,court_ruling_election_law,당선무효판결 확정 / 의원직 상실,term_start,confirmed,,wikilist+wikiseat,,창조한국당,2,창조한국당,창조한국당,이한정,True,,False
18,임동규,林東奎,1944-11-09,남,한나라당,비례대표,비례대표,2008-05-30,2012-05-29,term_end,general,9MG6704Y,kna members_18.parquet; NA-API 의원이력; NA-API ALLNAMEMBER; kowiki list oldid=40331558,1,,term_end,,term_start,term_end,,,,한나라당,20,새누리당,한나라당,임동규 (1944년),True,,False
18,임두성,林斗成,1949-07-17,남,한나라당,비례대표,비례대표,2008-05-30,2010-09-09,disqualified,general,7NN1740A,kna members_18.parquet; NA-API 의원이력; NA-API ALLNAMEMBER; kowiki list oldid=40331558; kowiki 의석변동 oldid=41820092,1,,court_ruling_election_law,임두성 정치자금법 위반 혐의로 당선무효형 최경희 승계 / 의원직 상실,term_start,confirmed,,wikilist+wikiseat,,한나라당,2,한나라당,한나라당,임두성,True,,False
18,전현희,全賢姬,1964-11-04,여,통합민주당,비례대표,비례대표,2008-05-30,2012-05-29,term_end,general,25G2571T,kna members_18.parquet; NA-API 의원이력; NA-API ALLNAMEMBER; kowiki list oldid=40331558,1,,term_end,,term_start,term_end,,,,통합민주당,7,민주통합당,통합민주당,전현희,True,,False
18,전혜숙,全惠淑,1955-05-05,여,통합민주당,비례대표,비례대표,2008-05-30,2012-05-29,term_end,general,N9X9673B,kna members_18.parquet; NA-API 의원이력; NA-API ALLNAMEMBER; kowiki list oldid=40331558,1,,term_end,,term_start,term_end,,,,통합민주당,5,민주통합당,통합민주당,전혜숙,True,,False
18,정국교,鄭國敎,1960-06-26,남,통합민주당,비례대표,비례대표,2008-05-30,2009-07-09,disqualified,general,A523052O,kna members_18.parquet; NA-API 의원이력; NA-API ALLNAMEMBER; kowiki list oldid=40331558; kowiki 의석변동 oldid=41820092,1,,court_ruling_election_law,당선무효판결 확정 / 의원직 상실,term_start,confirmed,,wikiseat,,통합민주당,6,민주당,통합민주당,정국교,True,,False
18,정영희,丁英姬,1945-10-01,여,친박연대,비례대표,비례대표,2008-05-30,2012-05-29,term_end,general,ZB494869,kna members_18.parquet; NA-API 의원이력; NA-API ALLNAMEMBER; kowiki list oldid=40331558,1,,term_end,,term_start,term_end,,,,친박연대,7,새누리당,친박연대,정영희 (1945년),True,,False
18,정옥임,鄭玉任,1960-01-25,여,한나라당,비례대표,비례대표,2008-05-30,2012-05-29,term_end,general,OSM57783,kna members_18.parquet; NA-API 의원이력; NA-API ALLNAMEMBER; kowiki list oldid=40331558,1,,term_end,,term_start,term_end,,,,한나라당,19,새누리당,한나라당,정옥임 (1960년),True,,False
18,정진석,鄭鎭碩,1960-09-04,남,한나라당,비례대표,비례대표,2008-05-30,2010-07-16,resigned,general,NQR1206Q,kna members_18.parquet; NA-API 의원이력; NA-API ALLNAMEMBER; kowiki list oldid=40331558; kowiki 의석변동 oldid=41820092,1,,resigned_on_appointment,정진석 청와대 정무수석 임명으로 사퇴 김성동 승계 / 의원직 사퇴,term_start,confirmed,,wikiseat,,한나라당,8,한나라당,한나라당,정진석 (정치인),True,,False
18,정하균,鄭河均,1958-01-02,남,친박연대,비례대표,비례대표,2008-05-30,2012-05-29,term_end,general,HJG1284F,kna members_18.parquet; NA-API 의원이력; NA-API ALLNAMEMBER; kowiki list oldid=40331558,1,,term_end,,term_start,term_end,,,,친박연대,6,새누리당,친박연대,정하균,True,,False
18,조문환,曺文煥,1959-11-08,남,한나라당,비례대표,비례대표,2008-05-30,2012-05-29,term_end,general,L3981924,kna members_18.parquet; NA-API 의원이력; NA-API ALLNAMEMBER; kowiki list oldid=40331558,1,,term_end,,term_start,term_end,,,,한나라당,14,새누리당,한나라당,조문환 (1959년),True,,False
18,조순형,趙舜衡,1935-03-10,남,자유선진당,비례대표,비례대표,2008-05-30,2012-05-29,term_end,general,RE32613N,kna members_18.parquet; NA-API 의원이력; NA-API ALLNAMEMBER; kowiki list oldid=40331558,1,,term_end,,term_start,term_end,,,,자유선진당,2,자유선진당,자유선진당,조순형,True,,False
18,조윤선,趙允旋,1966-07-22,여,한나라당,비례대표,비례대표,2008-05-30,2012-05-29,term_end,general,D8O8176K,kna members_18.parquet; NA-API 의원이력; NA-API ALLNAMEMBER; kowiki list oldid=40331558,1,,term_end,,term_start,term_end,,,,한나라당,13,새누리당,한나라당,조윤선,True,,False
18,최문순,崔文洵,1956-02-04,남,통합민주당,비례대표,비례대표,2008-05-30,2011-03-31,resigned,general,I3B8061W,kna members_18.parquet; NA-API 의원이력; NA-API ALLNAMEMBER; kowiki list oldid=40331558; kowiki 의석변동 oldid=41820092; NA bill PRC_Q1L1K0L2G2V8T1E4Y0E4U2H0L5H4D4,1,,resigned_to_run_for_other_office,최문순 강원지사 출마로 인한 의원직 사퇴 김학재 승계 / 의원직 사퇴,term_start,confirmed,,wikilist+nabill,,통합민주당,10,민주당,통합민주당,최문순 (1956년),True,,False
18,최영희,崔英姬,1950-07-20,여,통합민주당,비례대표,비례대표,2008-05-30,2012-05-29,term_end,general,W0E4362P,kna members_18.parquet; NA-API 의원이력; NA-API ALLNAMEMBER; kowiki list oldid=40331558,1,,term_end,,term_start,term_end,,,,통합민주당,3,민주통합당,통합민주당,최영희 (1950년),True,,True
18,홍희덕,洪熙德,1949-12-11,남,민주노동당,비례대표,비례대표,2008-05-30,2012-05-29,term_end,general,37K34903,kna members_18.parquet; NA-API 의원이력; NA-API ALLNAMEMBER; kowiki list oldid=40331558,1,,term_end,,term_start,term_end,,,,민주노동당,2,통합진보당,민주노동당,홍희덕,True,,False
18,유원일,柳元一,1957-06-17,남,창조한국당,비례대표,비례대표,2008-12-15,2012-01-25,resigned,succession_pr,UCD59119,kna members_18.parquet; NA-API 의원이력; NA-API ALLNAMEMBER; kowiki list oldid=40331558; kowiki 의석변동 oldid=41820092,1,,resigned_other,"유원일 의원직 사퇴, 선경식 승계 / 의원직 사퇴",confirmed,confirmed,wikilist,wikilist+wikiseat,,창조한국당,3,창조한국당,창조한국당,유원일,True,,False
18,이두아,李枓娥,1971-01-17,여,한나라당,비례대표,비례대표,2009-03-04,2012-05-29,term_end,succession_pr,EIV1883J,kna members_18.parquet; NA-API 의원이력; NA-API ALLNAMEMBER; kowiki list oldid=40331558; kowiki 의석변동 oldid=41820092,1,,term_end,,confirmed,term_end,wikilist+wikiseat,,,한나라당,23,새누리당,한나라당,이두아,True,,False
18,김정,金情,1951-12-31,여,친박연대,비례대표,비례대표,2009-11-03,2012-05-29,term_end,succession_pr,CZN3813Q,kna members_18.parquet; NA-API 의원이력; NA-API ALLNAMEMBER; kowiki list oldid=40331558; kowiki 의석변동 oldid=41820092,1,,term_end,,confirmed,term_end,wikilist+wikiseat,,,친박연대,11,새누리당,친박연대,김정 (1951년),True,,False
18,김진애,金鎭愛,1953-02-16,여,민주당,비례대표,비례대표,2009-11-03,2012-05-29,term_end,succession_pr,LNR7932L,kna members_18.parquet; NA-API 의원이력; NA-API ALLNAMEMBER; kowiki list oldid=40331558; kowiki 의석변동 oldid=41820092,1,,term_end,,confirmed,term_end,wikilist+wikiseat,,,통합민주당,17,민주통합당,민주당,김진애,True,,False
18,김혜성,金惠聖,1955-10-29,여,친박연대,비례대표,비례대표,2009-11-03,2012-05-29,term_end,succession_pr,WYI5610U,kna members_18.parquet; NA-API 의원이력; NA-API ALLNAMEMBER; kowiki list oldid=40331558; kowiki 의석변동 oldid=41820092,1,,term_end,,confirmed,term_end,wikilist+wikiseat,,,친박연대,9,새누리당,친박연대,김혜성 (정치인),True,,False
18,윤상일,尹相逸,1955-01-19,남,친박연대,비례대표,비례대표,2009-11-03,2012-05-29,term_end,succession_pr,GW154990,kna members_18.parquet; NA-API 의원이력; NA-API ALLNAMEMBER; kowiki list oldid=40331558; kowiki 의석변동 oldid=41820092,1,,term_end,,confirmed,term_end,wikilist+wikiseat,,,친박연대,10,새누리당,친박연대,윤상일 (1955년),True,,False
18,김성동,金盛東,1954-10-26,남,한나라당,비례대표,비례대표,2010-07-19,2012-05-29,term_end,succession_pr,C4T1051R,kna members_18.parquet; NA-API 의원이력; NA-API ALLNAMEMBER; kowiki list oldid=40331558; kowiki 의석변동 oldid=41820092,1,,term_end,,conflict,term_end,wikilist=2010-07-20; wikiseat=2010-07-16,,,한나라당,24,새누리당,한나라당,김성동 (1954년),True,,False
18,최경희,崔敬禧,1947-04-19,여,한나라당,비례대표,비례대표,2010-09-13,2012-05-29,term_end,succession_pr,FP15333B,kna members_18.parquet; NA-API 의원이력; NA-API ALLNAMEMBER; kowiki list oldid=40331558; kowiki 의석변동 oldid=41820092,1,,term_end,,conflict,term_end,wikilist=2010-09-14; wikiseat=2010-09-09,,,한나라당,25,새누리당,한나라당,최경희 (1947년),True,,False
18,김학재,金鶴在,1945-12-14,남,민주당,비례대표,비례대표,2011-04-05,2012-05-29,term_end,succession_pr,CRW93712,kna members_18.parquet; NA-API 의원이력; NA-API ALLNAMEMBER; kowiki list oldid=40331558; kowiki 의석변동 oldid=41820092,1,,term_end,,confirmed,term_end,wikilist+wikiseat,,,통합민주당,18,민주통합당,민주당,김학재,True,,False
18,이영애,李榮愛,1951-09-23,여,한나라당,비례대표,비례대표,2011-10-04,2012-05-29,term_end,succession_pr,PU97362N,kna members_18.parquet; NA-API 의원이력; NA-API ALLNAMEMBER; kowiki list oldid=40331558; kowiki 의석변동 oldid=41820092,1,,term_end,,confirmed,term_end,wikiseat,,,한나라당,27,새누리당,한나라당,이영애 (1951년),True,,True
18,선경식,宣炅植,1949-02-10,남,창조한국당,비례대표,비례대표,2012-01-26,2012-04-27,died,succession_pr,RG97851G,kna members_18.parquet; NA-API 의원이력; NA-API ALLNAMEMBER; kowiki list oldid=40331558; kowiki 의석변동 oldid=41820092,1,,died,뇌출혈로 사망 / 사망,confirmed,confirmed,wikilist,wikilist+wikiseat,,창조한국당,4,무소속,창조한국당,선경식,True,,False
19,권성동,權性東,1960-04-29,남,새누리당,강원 강릉시,지역구,2012-05-30,2016-05-29,term_end,general,GDG1847Z,kna members_19.parquet; NA-API 의원이력; NA-API ALLNAMEMBER; kowiki list oldid=40914874,1,,term_end,,term_start,term_end,,,강원도 강릉시,,,새누리당,새누리당,권성동,True,,False
19,이이재,李利在,1959-03-17,남,새누리당,강원 동해시삼척시,지역구,2012-05-30,2016-05-29,term_end,general,XYI1730O,kna members_19.parquet; NA-API 의원이력; NA-API ALLNAMEMBER; kowiki list oldid=40914874,1,,term_end,,term_start,term_end,,,강원도 동해시·삼척시,,,새누리당,새누리당,이이재,True,,False
19,정문헌,鄭文憲,1966-05-04,남,새누리당,강원 속초시고성군양양군,지역구,2012-05-30,2016-05-29,term_end,general,39938231,kna members_19.parquet; NA-API 의원이력; NA-API ALLNAMEMBER; kowiki list oldid=40914874,1,,term_end,,term_start,term_end,,,강원도 속초시·고성군·양양군,,,새누리당,새누리당,정문헌,True,,False
19,김기선,金起善,1952-10-29,남,새누리당,강원 원주시갑,지역구,2012-05-30,2016-05-29,term_end,general,NNP30098,kna members_19.parquet; NA-API 의원이력; NA-API ALLNAMEMBER; kowiki list oldid=40914874,1,,term_end,,term_start,term_end,,,강원도 원주시 갑,,,새누리당,새누리당,김기선,True,,False
19,이강후,李康厚,1953-06-04,남,새누리당,강원 원주시을,지역구,2012-05-30,2016-05-29,term_end,general,1599843H,kna members_19.parquet; NA-API 의원이력; NA-API ALLNAMEMBER; kowiki list oldid=40914874,1,,term_end,,term_start,term_end,,,강원도 원주시 을,,,새누리당,새누리당,이강후,True,,False
19,한기호,韓起鎬,1952-08-13,남,새누리당,강원 철원군화천군양구군인제군,지역구,2012-05-30,2016-05-29,term_end,general,JQA21112,kna members_19.parquet; NA-API 의원이력; NA-API ALLNAMEMBER; kowiki list oldid=40914874,1,,term_end,,term_start,term_end,,,강원도 철원군·화천군·양구군·인제군,,,새누리당,새누리당,한기호 (1952년),True,,False
19,김진태,金鎭台,1964-10-13,남,새누리당,강원 춘천시,지역구,2012-05-30,2016-05-29,term_end,general,N6C1899K,kna members_19.parquet; NA-API 의원이력; NA-API ALLNAMEMBER; kowiki list oldid=40914874,1,,term_end,,term_start,term_end,,,강원도 춘천시,,,새누리당,새누리당,김진태 (1964년),True,,False
19,염동열,廉東烈,1961-02-28,남,새누리당,강원 태백시영월군평창군정선군,지역구,2012-05-30,2016-05-29,term_end,general,SSF6805Q,kna members_19.parquet; NA-API 의원이력; NA-API ALLNAMEMBER; kowiki list oldid=40914874,1,,term_end,,term_start,term_end,,,강원도 태백시·영월군·평창군·정선군,,,새누리당,새누리당,염동열,True,,False
19,황영철,黃永哲,1965-07-13,남,새누리당,강원 홍천군횡성군,지역구,2012-05-30,2016-05-29,term_end,general,C7Z8238W,kna members_19.parquet; NA-API 의원이력; NA-API ALLNAMEMBER; kowiki list oldid=40914874,1,,term_end,,term_start,term_end,,,강원도 홍천군·횡성군,,,새누리당,새누리당,황영철,True,,False
19,심상정,沈相정,1959-02-20,여,통합진보당,경기 고양시덕양구갑,지역구,2012-05-30,2016-05-29,term_end,general,SU53086M,kna members_19.parquet; NA-API 의원이력; NA-API ALLNAMEMBER; kowiki list oldid=40914874,1,,term_end,,term_start,term_end,,,경기도 고양시 덕양구 갑,,,정의당,통합진보당,심상정,True,,False
19,김태원,金兌原,1951-03-19,남,새누리당,경기 고양시덕양구을,지역구,2012-05-30,2016-05-29,term_end,general,LXP1076C,kna members_19.parquet; NA-API 의원이력; NA-API ALLNAMEMBER; kowiki list oldid=40914874,1,,term_end,,term_start,term_end,,,경기도 고양시 덕양구 을,,,새누리당,새누리당,김태원 (1951년),True,,False
19,유은혜,兪銀惠,1962-10-02,여,민주통합당,경기 고양시일산동구,지역구,2012-05-30,2016-05-29,term_end,general,5CO4531H,kna members_19.parquet; NA-API 의원이력; NA-API ALLNAMEMBER; kowiki list oldid=40914874,1,,term_end,,term_start,term_end,,,경기도 고양시 일산동구,,,더불어민주당,민주통합당,유은혜,True,,False
19,김현미,金賢美,1962-11-29,여,민주통합당,경기 고양시일산서구,지역구,2012-05-30,2016-05-29,term_end,general,9XB6464U,kna members_19.parquet; NA-API 의원이력; NA-API ALLNAMEMBER; kowiki list oldid=40914874,1,,term_end,,term_start,term_end,,,경기도 고양시 일산서구,,,더불어민주당,민주통합당,김현미 (정치인),True,,False
19,백재현,白在鉉,1951-07-04,남,민주통합당,경기 광명시갑,지역구,2012-05-30,2016-05-29,term_end,general,8DK7238W,kna members_19.parquet; NA-API 의원이력; NA-API ALLNAMEMBER; kowiki list oldid=40914874,1,,term_end,,term_start,term_end,,,경기도 광명시 갑,,,더불어민주당,민주통합당,백재현 (정치인),True,,False
19,이언주,李彦周,1972-11-08,여,민주통합당,경기 광명시을,지역구,2012-05-30,2016-05-29,term_end,general,JG77046J,kna members_19.parquet; NA-API 의원이력; NA-API ALLNAMEMBER; kowiki list oldid=40914874,1,,term_end,,term_start,term_end,,,경기도 광명시 을,,,더불어민주당,민주통합당,이언주,True,,False
19,노철래,盧喆來,1950-01-02,남,새누리당,경기 광주시,지역구,2012-05-30,2016-05-29,term_end,general,CKH5381Y,kna members_19.parquet; NA-API 의원이력; NA-API ALLNAMEMBER; kowiki list oldid=40914874,1,,term_end,,term_start,term_end,,,경기도 광주시,,,새누리당,새누리당,노철래,True,,False
19,윤호중,尹昊重,1963-03-27,남,민주통합당,경기 구리시,지역구,2012-05-30,2016-05-29,term_end,general,M0A1658U,kna members_19.parquet; NA-API 의원이력; NA-API ALLNAMEMBER; kowiki list oldid=40914874,1,,term_end,,term_start,term_end,,,경기도 구리시,,,더불어민주당,민주통합당,윤호중,True,,False
19,이학영,李學永,1952-04-16,남,민주통합당,경기 군포시,지역구,2012-05-30,2016-05-29,term_end,general,K5F2023J,kna members_19.parquet; NA-API 의원이력; NA-API ALLNAMEMBER; kowiki list oldid=40914874,1,,term_end,,term_start,term_end,,,경기도 군포시,,,더불어민주당,민주통합당,이학영,True,,False
19,유정복,劉正福,1957-06-16,남,새누리당,경기 김포시,지역구,2012-05-30,2014-05-15,resigned,general,63J3777V,kna members_19.parquet; NA-API 의원이력; NA-API ALLNAMEMBER; kowiki list oldid=40914874; kowiki 의석변동 oldid=42216872,1,,resigned_to_run_for_other_office,인천시장 후보자로 등록에 따른 퇴직 / 의원직 사퇴,term_start,confirmed,,wikiseat,경기도 김포시,,,새누리당,새누리당,유정복,True,,False
19,홍철호,洪哲鎬,1958-08-13,남,새누리당,경기 김포시,지역구,2014-07-30,2016-05-29,term_end,by_election,R365233W,kna members_19.parquet; NA-API 의원이력; NA-API ALLNAMEMBER; kowiki list oldid=40914874; kowiki 의석변동 oldid=42216872,1,,term_end,,confirmed,term_end,wikilist,,경기도 김포시,,,새누리당,새누리당,홍철호,True,,False
19,최재성,崔宰誠,1965-09-09,남,민주통합당,경기 남양주시갑,지역구,2012-05-30,2016-05-29,term_end,general,VE469451,kna members_19.parquet; NA-API 의원이력; NA-API ALLNAMEMBER; kowiki list oldid=40914874,1,,term_end,,term_start,term_end,,,경기도 남양주시 갑,,,더불어민주당,민주통합당,최재성 (정치인),True,,False
19,박기춘,朴起春,1956-05-01,남,민주통합당,경기 남양주시을,지역구,2012-05-30,2016-05-29,term_end,general,3ZP1685J,kna members_19.parquet; NA-API 의원이력; NA-API ALLNAMEMBER; kowiki list oldid=40914874,1,,term_end,,term_start,term_end,,,경기도 남양주시 을,,,무소속,민주통합당,박기춘,True,,False
19,김상희,金相姬,1954-05-18,여,민주통합당,경기 부천시소사구,지역구,2012-05-30,2016-05-29,term_end,general,UGH6481E,kna members_19.parquet; NA-API 의원이력; NA-API ALLNAMEMBER; kowiki list oldid=40914874,1,,term_end,,term_start,term_end,,,경기도 부천시 소사구,,,더불어민주당,민주통합당,김상희 (1954년),True,,False
19,원혜영,元惠榮,1951-09-27,남,민주통합당,경기 부천시오정구,지역구,2012-05-30,2016-05-29,term_end,general,6DG91769,kna members_19.parquet; NA-API 의원이력; NA-API ALLNAMEMBER; kowiki list oldid=40914874,1,,term_end,,term_start,term_end,,,경기도 부천시 오정구,,,더불어민주당,민주통합당,원혜영,True,,False
19,김경협,金炅俠,1962-11-07,남,민주통합당,경기 부천시원미구갑,지역구,2012-05-30,2016-05-29,term_end,general,ZKU88693,kna members_19.parquet; NA-API 의원이력; NA-API ALLNAMEMBER; kowiki list oldid=40914874,1,,term_end,,term_start,term_end,,,경기도 부천시 원미구 갑,,,더불어민주당,민주통합당,김경협,True,,False
19,설훈,薛勳,1953-04-23,남,민주통합당,경기 부천시원미구을,지역구,2012-05-30,2016-05-29,term_end,general,OW53107J,kna members_19.parquet; NA-API 의원이력; NA-API ALLNAMEMBER; kowiki list oldid=40914874,1,,term_end,,term_start,term_end,,,경기도 부천시 원미구 을,,,더불어민주당,민주통합당,설훈,True,,False
19,이종훈,李宗勳,1960-07-01,남,새누리당,경기 성남시분당구갑,지역구,2012-05-30,2016-05-29,term_end,general,ZBL82850,kna members_19.parquet; NA-API 의원이력; NA-API ALLNAMEMBER; kowiki list oldid=40914874,1,,term_end,,term_start,term_end,,,경기도 성남시 분당구 갑,,,새누리당,새누리당,이종훈 (1960년),True,,False
19,전하진,田夏鎭,1958-09-02,남,새누리당,경기 성남시분당구을,지역구,2012-05-30,2016-05-29,term_end,general,1TX50241,kna members_19.parquet; NA-API 의원이력; NA-API ALLNAMEMBER; kowiki list oldid=40914874,1,,term_end,,term_start,term_end,,,경기도 성남시 분당구 을,,,새누리당,새누리당,전하진,True,,False
19,김태년,金太年,1965-03-20,남,민주통합당,경기 성남시수정구,지역구,2012-05-30,2016-05-29,term_end,general,1WE5693J,kna members_19.parquet; NA-API 의원이력; NA-API ALLNAMEMBER; kowiki list oldid=40914874,1,,term_end,,term_start,term_end,,,경기도 성남시 수정구,,,더불어민주당,민주통합당,김태년 (1965년),True,,False
19,김미희,金美希,1966-01-18,여,통합진보당,경기 성남시중원구,지역구,2012-05-30,2014-12-19,disqualified,general,DW737223,kna members_19.parquet; NA-API 의원이력; NA-API ALLNAMEMBER; kowiki list oldid=40914874; kowiki 의석변동 oldid=42216872,1,,court_ruling_other_or_unspecified,헌법재판소가 위헌정당 판결로 해산되어 의원직 상실 / 의원직 상실,term_start,confirmed,,wikilist+wikiseat,경기도 성남시 중원구,,,통합진보당,통합진보당,김미희 (1966년),True,,False
19,신상진,申相珍,1956-06-28,남,새누리당,경기 성남시중원구,지역구,2015-04-29,2016-05-29,term_end,by_election,71M8132V,kna members_19.parquet; NA-API 의원이력; NA-API ALLNAMEMBER; kowiki list oldid=40914874; kowiki 의석변동 oldid=42216872,1,,term_end,,confirmed,term_end,wikilist,,경기도 성남시 중원구,,,새누리당,새누리당,신상진,True,,False
19,이찬열,李燦烈,1959-07-15,남,민주통합당,경기 수원시갑,지역구,2012-05-30,2016-05-29,term_end,general,BWD92364,kna members_19.parquet; NA-API 의원이력; NA-API ALLNAMEMBER; kowiki list oldid=40914874,1,,term_end,,term_start,term_end,,,경기도 수원시 갑,,,더불어민주당,민주통합당,이찬열,True,,False
19,남경필,南景弼,1965-01-20,남,새누리당,경기 수원시병,지역구,2012-05-30,2014-05-15,resigned,general,EI023764,kna members_19.parquet; NA-API 의원이력; NA-API ALLNAMEMBER; kowiki list oldid=40914874; kowiki 의석변동 oldid=42216872,1,,resigned_to_run_for_other_office,경기지사 후보자로 등록에 따른 퇴직 / 의원직 사퇴,term_start,confirmed,,wikiseat,경기도 수원시 병,,,새누리당,새누리당,남경필,True,,False
19,김용남,金勇男,1970-02-14,남,새누리당,경기 수원시병,지역구,2014-07-30,2016-05-29,term_end,by_election,2796588I,kna members_19.parquet; NA-API 의원이력; NA-API ALLNAMEMBER; kowiki list oldid=40914874; kowiki 의석변동 oldid=42216872,1,,term_end,,confirmed,term_end,wikilist,,경기도 수원시 병,,,새누리당,새누리당,김용남 (1970년),True,,False
19,신장용,申長容,1963-12-01,남,민주통합당,경기 수원시을,지역구,2012-05-30,2014-01-16,disqualified,general,5XZ8670E,kna members_19.parquet; NA-API 의원이력; NA-API ALLNAMEMBER; kowiki list oldid=40914874; kowiki 의석변동 oldid=42216872,1,,court_ruling_election_law,공직선거법 위반으로 대법원에서 당선 무효형 확정 / 의원직 상실,term_start,confirmed,,wikilist+wikiseat,경기도 수원시 을,,,민주당,민주통합당,신장용,True,,False
19,정미경,鄭美京,1965-09-17,여,새누리당,경기 수원시을,지역구,2014-07-30,2016-05-29,term_end,by_election,OTR59398,kna members_19.parquet; NA-API 의원이력; NA-API ALLNAMEMBER; kowiki list oldid=40914874; kowiki 의석변동 oldid=42216872,1,,term_end,,confirmed,term_end,wikilist,,경기도 수원시 을,,,새누리당,새누리당,정미경 (정치인),True,,False
19,김진표,金振杓,1947-05-04,남,민주통합당,경기 수원시정,지역구,2012-05-30,2014-05-15,resigned,general,Q9H5708M,kna members_19.parquet; NA-API 의원이력; NA-API ALLNAMEMBER; kowiki list oldid=40914874; kowiki 의석변동 oldid=42216872,1,,resigned_to_run_for_other_office,경기지사 후보자로 등록에 따른 퇴직 / 의원직 사퇴,term_start,confirmed,,wikiseat,경기도 수원시 정,,,새정치민주연합,민주통합당,김진표 (정치인),True,,False
19,박광온,朴洸瑥,1957-03-26,남,새정치민주연합,경기 수원시정,지역구,2014-07-30,2016-05-29,term_end,by_election,K3W33496,kna members_19.parquet; NA-API 의원이력; NA-API ALLNAMEMBER; kowiki list oldid=40914874; kowiki 의석변동 oldid=42216872,1,,term_end,,confirmed,term_end,wikilist,,경기도 수원시 정,,,더불어민주당,새정치민주연합,박광온,True,,False
19,함진규,咸珍圭,1959-08-13,남,새누리당,경기 시흥시갑,지역구,2012-05-30,2016-05-29,term_end,general,1KD95875,kna members_19.parquet; NA-API 의원이력; NA-API ALLNAMEMBER; kowiki list oldid=40914874,1,,term_end,,term_start,term_end,,,경기도 시흥시 갑,,,새누리당,새누리당,함진규,True,,False
19,조정식,趙正湜,1963-12-25,남,민주통합당,경기 시흥시을,지역구,2012-05-30,2016-05-29,term_end,general,IN328264,kna members_19.parquet; NA-API 의원이력; NA-API ALLNAMEMBER; kowiki list oldid=40914874,1,,term_end,,term_start,term_end,,,경기도 시흥시 을,,,더불어민주당,민주통합당,조정식 (정치인),True,,False
19,김명연,金明淵,1964-02-28,남,새누리당,경기 안산시단원구갑,지역구,2012-05-30,2016-05-29,term_end,general,9EA39580,kna members_19.parquet; NA-API 의원이력; NA-API ALLNAMEMBER; kowiki list oldid=40914874,1,,term_end,,term_start,term_end,,,경기도 안산시 단원구 갑,,,새누리당,새누리당,김명연 (1964년),True,,False
19,부좌현,夫佐炫,1956-05-13,남,민주통합당,경기 안산시단원구을,지역구,2012-05-30,2016-05-29,term_end,general,92I3002P,kna members_19.parquet; NA-API 의원이력; NA-API ALLNAMEMBER; kowiki list oldid=40914874,1,,term_end,,term_start,term_end,,,경기도 안산시 단원구 을,,,국민의당,민주통합당,부좌현,True,,False
19,전해철,全海澈,1962-05-18,남,민주통합당,경기 안산시상록구갑,지역구,2012-05-30,2016-05-29,term_end,general,BM63269Y,kna members_19.parquet; NA-API 의원이력; NA-API ALLNAMEMBER; kowiki list oldid=40914874,1,,term_end,,term_start,term_end,,,경기도 안산시 상록구 갑,,,더불어민주당,민주통합당,전해철,True,,False
19,김영환,金榮煥,1955-05-27,남,민주통합당,경기 안산시상록구을,지역구,2012-05-30,2016-05-29,term_end,general,1C04271Z,kna members_19.parquet; NA-API 의원이력; NA-API ALLNAMEMBER; kowiki list oldid=40914874,1,,term_end,,term_start,term_end,,,경기도 안산시 상록구 을,,,국민의당,민주통합당,김영환 (1955년),True,,True
19,김학용,金學容,1961-12-10,남,새누리당,경기 안성시,지역구,2012-05-30,2016-05-29,term_end,general,F5U2979W,kna members_19.parquet; NA-API 의원이력; NA-API ALLNAMEMBER; kowiki list oldid=40914874,1,,term_end,,term_start,term_end,,,경기도 안성시,,,새누리당,새누리당,김학용,True,,False
19,이석현,李錫玄,1951-03-16,남,민주통합당,경기 안양시동안구갑,지역구,2012-05-30,2016-05-29,term_end,general,GMK1374L,kna members_19.parquet; NA-API 의원이력; NA-API ALLNAMEMBER; kowiki list oldid=40914874,1,,term_end,,term_start,term_end,,,경기도 안양시 동안구 갑,,,더불어민주당,민주통합당,이석현 (1951년),True,,False
19,심재철,沈在哲,1958-01-18,남,새누리당,경기 안양시동안구을,지역구,2012-05-30,2016-05-29,term_end,general,FGX4881A,kna members_19.parquet; NA-API 의원이력; NA-API ALLNAMEMBER; kowiki list oldid=40914874,1,,term_end,,term_start,term_end,,,경기도 안양시 동안구 을,,,새누리당,새누리당,심재철 (정치인),True,,False
19,이종걸,李鍾杰,1957-05-22,남,민주통합당,경기 안양시만안구,지역구,2012-05-30,2016-05-29,term_end,general,WDR7061Y,kna members_19.parquet; NA-API 의원이력; NA-API ALLNAMEMBER; kowiki list oldid=40914874,1,,term_end,,term_start,term_end,,,경기도 안양시 만안구,,,더불어민주당,민주통합당,이종걸,True,,False
19,정성호,鄭成湖,1961-09-10,남,민주통합당,경기 양주시동두천시,지역구,2012-05-30,2016-05-29,term_end,general,V429892C,kna members_19.parquet; NA-API 의원이력; NA-API ALLNAMEMBER; kowiki list oldid=40914874,1,,term_end,,term_start,term_end,,,경기도 양주시·동두천시,,,더불어민주당,민주통합당,정성호 (1962년),True,,False
19,정병국,鄭柄國,1958-02-10,남,새누리당,경기 여주군양평군가평군,지역구,2012-05-30,2016-05-29,term_end,general,P303213F,kna members_19.parquet; NA-API 의원이력; NA-API ALLNAMEMBER; kowiki list oldid=40914874,1,,term_end,,term_start,term_end,,,경기도 여주군·양평군·가평군,,,새누리당,새누리당,정병국,True,,False
19,안민석,安敏錫,1966-08-13,남,민주통합당,경기 오산시,지역구,2012-05-30,2016-05-29,term_end,general,ZA54991S,kna members_19.parquet; NA-API 의원이력; NA-API ALLNAMEMBER; kowiki list oldid=40914874,1,,term_end,,term_start,term_end,,,경기도 오산시,,,더불어민주당,민주통합당,안민석,True,,False
19,이우현,李愚鉉,1957-01-03,남,새누리당,경기 용인시갑,지역구,2012-05-30,2016-05-29,term_end,general,0582116P,kna members_19.parquet; NA-API 의원이력; NA-API ALLNAMEMBER; kowiki list oldid=40914874,1,,term_end,,term_start,term_end,,,경기도 용인시 갑,,,새누리당,새누리당,이우현 (1957년),True,,False
19,한선교,韓善敎,1959-06-23,남,새누리당,경기 용인시병,지역구,2012-05-30,2016-05-29,term_end,general,ZX71333R,kna members_19.parquet; NA-API 의원이력; NA-API ALLNAMEMBER; kowiki list oldid=40914874,1,,term_end,,term_start,term_end,,,경기도 용인시 병,,,새누리당,새누리당,한선교,True,,False
19,김민기,金敏基,1966-04-28,남,민주통합당,경기 용인시을,지역구,2012-05-30,2016-05-29,term_end,general,NTT8182Q,kna members_19.parquet; NA-API 의원이력; NA-API ALLNAMEMBER; kowiki list oldid=40914874,1,,term_end,,term_start,term_end,,,경기도 용인시 을,,,더불어민주당,민주통합당,김민기 (정치인),True,,False
19,송호창,宋皓彰,1967-02-14,남,민주통합당,경기 의왕시과천시,지역구,2012-05-30,2016-05-29,term_end,general,YUV9402W,kna members_19.parquet; NA-API 의원이력; NA-API ALLNAMEMBER; kowiki list oldid=40914874,1,,term_end,,term_start,term_end,,,경기도 의왕시·과천시,,,더불어민주당,민주통합당,송호창 (1967년),True,,False
19,문희상,文喜相,1945-03-03,남,민주통합당,경기 의정부시갑,지역구,2012-05-30,2016-05-29,term_end,general,IYD4143Y,kna members_19.parquet; NA-API 의원이력; NA-API ALLNAMEMBER; kowiki list oldid=40914874,1,,term_end,,term_start,term_end,,,경기도 의정부시 갑,,,더불어민주당,민주통합당,문희상,True,,False
19,홍문종,洪文鐘,1955-04-05,남,새누리당,경기 의정부시을,지역구,2012-05-30,2016-05-29,term_end,general,T2K9554I,kna members_19.parquet; NA-API 의원이력; NA-API ALLNAMEMBER; kowiki list oldid=40914874,1,,term_end,,term_start,term_end,,,경기도 의정부시 을,,,새누리당,새누리당,홍문종 (정치인),True,,False
19,유승우,柳勝優,1948-11-25,남,새누리당,경기 이천시,지역구,2012-05-30,2016-05-29,term_end,general,05179989,kna members_19.parquet; NA-API 의원이력; NA-API ALLNAMEMBER; kowiki list oldid=40914874,1,,term_end,,term_start,term_end,,,경기도 이천시,,,무소속,새누리당,유승우 (1948년),True,,False
19,윤후덕,尹厚德,1957-01-09,남,민주통합당,경기 파주시갑,지역구,2012-05-30,2016-05-29,term_end,general,O7R5461J,kna members_19.parquet; NA-API 의원이력; NA-API ALLNAMEMBER; kowiki list oldid=40914874,1,,term_end,,term_start,term_end,,,경기도 파주시 갑,,,더불어민주당,민주통합당,윤후덕,True,,False
19,황진하,黃震夏,1946-08-25,남,새누리당,경기 파주시을,지역구,2012-05-30,2016-05-29,term_end,general,RUW8681N,kna members_19.parquet; NA-API 의원이력; NA-API ALLNAMEMBER; kowiki list oldid=40914874,1,,term_end,,term_start,term_end,,,경기도 파주시 을,,,새누리당,새누리당,황진하,True,,False
19,원유철,元裕哲,1962-09-26,남,새누리당,경기 평택시갑,지역구,2012-05-30,2016-05-29,term_end,general,TZD17894,kna members_19.parquet; NA-API 의원이력; NA-API ALLNAMEMBER; kowiki list oldid=40914874,1,,term_end,,term_start,term_end,,,경기도 평택시 갑,,,새누리당,새누리당,원유철,True,,False
19,이재영,李在暎,1956-08-24,남,새누리당,경기 평택시을,지역구,2012-05-30,2014-01-16,disqualified,general,1XO42697,kna members_19.parquet; NA-API 의원이력; NA-API ALLNAMEMBER; kowiki list oldid=40914874; kowiki 의석변동 oldid=42216872,1,,court_ruling_election_law,공직선거법 위반 및 업무상 횡령으로 대법원에서 당선 무효형 확정 / 의원직 상실,term_start,confirmed,,wikilist+wikiseat,경기도 평택시 을,,,새누리당,새누리당,이재영 (1956년),True,,True
19,유의동,兪義東,1971-06-23,남,새누리당,경기 평택시을,지역구,2014-07-30,2016-05-29,term_end,by_election,MRK4871S,kna members_19.parquet; NA-API 의원이력; NA-API ALLNAMEMBER; kowiki list oldid=40914874; kowiki 의석변동 oldid=42216872,1,,term_end,,confirmed,term_end,wikilist,,경기도 평택시 을,,,새누리당,새누리당,유의동,True,,False
19,김영우,金榮宇,1967-01-20,남,새누리당,경기 포천시연천군,지역구,2012-05-30,2016-05-29,term_end,general,PLR62452,kna members_19.parquet; NA-API 의원이력; NA-API ALLNAMEMBER; kowiki list oldid=40914874,1,,term_end,,term_start,term_end,,,경기도 포천시·연천군,,,새누리당,새누리당,김영우 (1967년),True,,False
19,이현재,李賢在,1949-04-25,남,새누리당,경기 하남시,지역구,2012-05-30,2016-05-29,term_end,general,MBS2896E,kna members_19.parquet; NA-API 의원이력; NA-API ALLNAMEMBER; kowiki list oldid=40914874,1,,term_end,,term_start,term_end,,,경기도 하남시,,,새누리당,새누리당,이현재 (1949년),True,,False
19,고희선,高羲善,1949-09-21,남,새누리당,경기 화성시갑,지역구,2012-05-30,2013-08-25,died,general,OIU86868,kna members_19.parquet; NA-API 의원이력; NA-API ALLNAMEMBER; kowiki list oldid=40914874; kowiki 의석변동 oldid=42216872,1,,died,폐암으로 인한 사망 / 사망,term_start,confirmed,,wikilist+wikiseat,경기도 화성시 갑,,,새누리당,새누리당,고희선,True,,False
19,서청원,徐淸源,1943-04-03,남,새누리당,경기 화성시갑,지역구,2013-10-30,2016-05-29,term_end,by_election,4Y54669I,kna members_19.parquet; NA-API 의원이력; NA-API ALLNAMEMBER; kowiki list oldid=40914874; kowiki 의석변동 oldid=42216872,1,,term_end,,confirmed,term_end,wikilist,,경기도 화성시 갑,,,새누리당,새누리당,서청원,True,,False
19,이원욱,李元旭,1963-03-20,남,민주통합당,경기 화성시을,지역구,2012-05-30,2016-05-29,term_end,general,16D7652C,kna members_19.parquet; NA-API 의원이력; NA-API ALLNAMEMBER; kowiki list oldid=40914874,1,,term_end,,term_start,term_end,,,경기도 화성시 을,,,더불어민주당,민주통합당,이원욱,True,,False
19,김한표,金漢杓,1954-08-24,남,무소속,경남 거제시,지역구,2012-05-30,2016-05-29,term_end,general,YBM9779M,kna members_19.parquet; NA-API 의원이력; NA-API ALLNAMEMBER; kowiki list oldid=40914874,1,,term_end,,term_start,term_end,,,경상남도 거제시,,,새누리당,무소속,김한표,True,,False
19,민홍철,閔洪喆,1961-04-18,남,민주통합당,경남 김해시갑,지역구,2012-05-30,2016-05-29,term_end,general,O6D8329R,kna members_19.parquet; NA-API 의원이력; NA-API ALLNAMEMBER; kowiki list oldid=40914874,1,,term_end,,term_start,term_end,,,경상남도 김해시 갑,,,더불어민주당,민주통합당,민홍철,True,,False
19,김태호,金台鎬,1962-08-21,남,새누리당,경남 김해시을,지역구,2012-05-30,2016-05-29,term_end,general,P0F1530P,kna members_19.parquet; NA-API 의원이력; NA-API ALLNAMEMBER; kowiki list oldid=40914874,1,,term_end,,term_start,term_end,,,경상남도 김해시 을,,,새누리당,새누리당,김태호 (1962년),True,,True
19,조해진,曺海珍,1963-08-04,남,새누리당,경남 밀양시창녕군,지역구,2012-05-30,2016-05-29,term_end,general,Z6R3959C,kna members_19.parquet; NA-API 의원이력; NA-API ALLNAMEMBER; kowiki list oldid=40914874,1,,term_end,,term_start,term_end,,,경상남도 밀양시·창녕군,,,무소속,새누리당,조해진 (1963년),True,,False
19,여상규,余尙奎,1948-09-15,남,새누리당,경남 사천시남해군하동군,지역구,2012-05-30,2016-05-29,term_end,general,QKY38290,kna members_19.parquet; NA-API 의원이력; NA-API ALLNAMEMBER; kowiki list oldid=40914874,1,,term_end,,term_start,term_end,,,경상남도 사천시·남해군·하동군,,,새누리당,새누리당,여상규,True,,False
19,신성범,愼聖範,1963-06-01,남,새누리당,경남 산청군함양군거창군,지역구,2012-05-30,2016-05-29,term_end,general,RMC1840P,kna members_19.parquet; NA-API 의원이력; NA-API ALLNAMEMBER; kowiki list oldid=40914874,1,,term_end,,term_start,term_end,,,경상남도 산청군·함양군·거창군,,,새누리당,새누리당,신성범,True,,False
19,윤영석,尹永碩,1964-10-07,남,새누리당,경남 양산시,지역구,2012-05-30,2016-05-29,term_end,general,9VR65006,kna members_19.parquet; NA-API 의원이력; NA-API ALLNAMEMBER; kowiki list oldid=40914874,1,,term_end,,term_start,term_end,,,경상남도 양산시,,,새누리당,새누리당,윤영석,True,,False
19,조현룡,趙顯龍,1945-12-30,남,새누리당,경남 의령군함안군합천군,지역구,2012-05-30,2015-11-27,disqualified,general,SIL7886Y,kna members_19.parquet; NA-API 의원이력; NA-API ALLNAMEMBER; kowiki list oldid=40914874; kowiki 의석변동 oldid=42216872,1,,court_ruling_other_or_unspecified,철도비리 혐의으로 대법원에서 의원직 상실 / 의원직 상실,term_start,confirmed,,wikilist+wikiseat,경상남도 의령군·함안군·합천군,,,새누리당,새누리당,조현룡,True,,False
19,박대출,朴大出,1961-03-18,남,새누리당,경남 진주시갑,지역구,2012-05-30,2016-05-29,term_end,general,W4X85128,kna members_19.parquet; NA-API 의원이력; NA-API ALLNAMEMBER; kowiki list oldid=40914874,1,,term_end,,term_start,term_end,,,경상남도 진주시 갑,,,새누리당,새누리당,박대출,True,,False
19,김재경,金在庚,1961-10-10,남,새누리당,경남 진주시을,지역구,2012-05-30,2016-05-29,term_end,general,M3Z17237,kna members_19.parquet; NA-API 의원이력; NA-API ALLNAMEMBER; kowiki list oldid=40914874,1,,term_end,,term_start,term_end,,,경상남도 진주시 을,,,새누리당,새누리당,김재경 (1961년),True,,False
19,이주영,李柱榮,1951-09-30,남,새누리당,경남 창원시마산합포구,지역구,2012-05-30,2016-05-29,term_end,general,8IN46764,kna members_19.parquet; NA-API 의원이력; NA-API ALLNAMEMBER; kowiki list oldid=40914874,1,,term_end,,term_start,term_end,,,경상남도 창원시 마산합포구,,,새누리당,새누리당,이주영 (1951년),True,,True
19,안홍준,安鴻俊,1951-03-02,남,새누리당,경남 창원시마산회원구,지역구,2012-05-30,2016-05-29,term_end,general,FPX1564S,kna members_19.parquet; NA-API 의원이력; NA-API ALLNAMEMBER; kowiki list oldid=40914874,1,,term_end,,term_start,term_end,,,경상남도 창원시 마산회원구,,,새누리당,새누리당,안홍준,True,,False
19,강기윤,姜起潤,1960-06-04,남,새누리당,경남 창원시성산구,지역구,2012-05-30,2016-05-29,term_end,general,14M56632,kna members_19.parquet; NA-API 의원이력; NA-API ALLNAMEMBER; kowiki list oldid=40914874,1,,term_end,,term_start,term_end,,,경상남도 창원시 성산구,,,새누리당,새누리당,강기윤,True,,False
19,박성호,朴成浩,1957-03-13,남,새누리당,경남 창원시의창구,지역구,2012-05-30,2016-05-29,term_end,general,9HH8057S,kna members_19.parquet; NA-API 의원이력; NA-API ALLNAMEMBER; kowiki list oldid=40914874,1,,term_end,,term_start,term_end,,,경상남도 창원시 의창구,,,새누리당,새누리당,박성호 (1957년),True,,False
19,김성찬,金盛贊,1954-05-07,남,새누리당,경남 창원시진해구,지역구,2012-05-30,2016-05-29,term_end,general,PAB29217,kna members_19.parquet; NA-API 의원이력; NA-API ALLNAMEMBER; kowiki list oldid=40914874,1,,term_end,,term_start,term_end,,,경상남도 창원시 진해구,,,새누리당,새누리당,김성찬 (1954년),True,,False
19,이군현,李君賢,1952-03-12,남,새누리당,경남 통영시고성군,지역구,2012-05-30,2016-05-29,term_end,general,0135473I,kna members_19.parquet; NA-API 의원이력; NA-API ALLNAMEMBER; kowiki list oldid=40914874,1,,term_end,,term_start,term_end,,,경상남도 통영시·고성군,,,새누리당,새누리당,이군현,True,,False
19,최경환,崔炅煥,1955-02-27,남,새누리당,경북 경산시청도군,지역구,2012-05-30,2016-05-29,term_end,general,FJ03481D,kna members_19.parquet; NA-API 의원이력; NA-API ALLNAMEMBER; kowiki list oldid=40914874,1,,term_end,,term_start,term_end,,,경상북도 경산시·청도군,,,새누리당,새누리당,최경환 (1955년),True,,True
19,정수성,鄭壽星,1946-01-02,남,새누리당,경북 경주시,지역구,2012-05-30,2016-05-29,term_end,general,IUZ2177I,kna members_19.parquet; NA-API 의원이력; NA-API ALLNAMEMBER; kowiki list oldid=40914874,1,,term_end,,term_start,term_end,,,경상북도 경주시,,,새누리당,새누리당,정수성 (정치인),True,,False
19,이완영,李完永,1957-07-07,남,새누리당,경북 고령군성주군칠곡군,지역구,2012-05-30,2016-05-29,term_end,general,8WV8289I,kna members_19.parquet; NA-API 의원이력; NA-API ALLNAMEMBER; kowiki list oldid=40914874,1,,term_end,,term_start,term_end,,,경상북도 고령군·성주군·칠곡군,,,새누리당,새누리당,이완영,True,,False
19,심학봉,沈學鳳,1961-04-11,남,새누리당,경북 구미시갑,지역구,2012-05-30,2015-10-12,resigned,general,FY756149,kna members_19.parquet; NA-API 의원이력; NA-API ALLNAMEMBER; kowiki list oldid=40914874; kowiki 의석변동 oldid=42216872; NA bill PRC_H1W5H1K0Z1M2G1Q0Q5I5T0O5H4O2H8,1,,resigned_other,국회의원 제명안 처리를 앞두고 의원직 사퇴 / 의원직 사퇴,term_start,confirmed,,wikilist+wikiseat+nabill,경상북도 구미시 갑,,,무소속,새누리당,심학봉,True,,False
19,김태환,金泰煥,1943-09-24,남,새누리당,경북 구미시을,지역구,2012-05-30,2016-05-29,term_end,general,PMU9608V,kna members_19.parquet; NA-API 의원이력; NA-API ALLNAMEMBER; kowiki list oldid=40914874,1,,term_end,,term_start,term_end,,,경상북도 구미시 을,,,무소속,새누리당,김태환 (1943년),True,,False
19,김재원,金在原,1964-12-20,남,새누리당,경북 군위군의성군청송군,지역구,2012-05-30,2016-05-29,term_end,general,QZU9232M,kna members_19.parquet; NA-API 의원이력; NA-API ALLNAMEMBER; kowiki list oldid=40914874,1,,term_end,,term_start,term_end,,,경상북도 군위군·의성군·청송군,,,새누리당,새누리당,김재원 (1964년),True,,True
19,이철우,李喆雨,1955-08-15,남,새누리당,경북 김천시,지역구,2012-05-30,2016-05-29,term_end,general,NS06841K,kna members_19.parquet; NA-API 의원이력; NA-API ALLNAMEMBER; kowiki list oldid=40914874,1,,term_end,,term_start,term_end,,,경상북도 김천시,,,새누리당,새누리당,이철우 (1955년),True,,True
19,이한성,李翰成,1957-04-05,남,새누리당,경북 문경시예천군,지역구,2012-05-30,2016-05-29,term_end,general,SAA7309Q,kna members_19.parquet; NA-API 의원이력; NA-API ALLNAMEMBER; kowiki list oldid=40914874,1,,term_end,,term_start,term_end,,,경상북도 문경시·예천군,,,새누리당,새누리당,이한성,True,,False
19,김종태,金鍾泰,1949-03-16,남,새누리당,경북 상주시,지역구,2012-05-30,2016-05-29,term_end,general,K1Y45873,kna members_19.parquet; NA-API 의원이력; NA-API ALLNAMEMBER; kowiki list oldid=40914874,1,,term_end,,term_start,term_end,,,경상북도 상주시,,,새누리당,새누리당,김종태 (1949년),True,,False
19,김광림,金光琳,1948-04-28,남,새누리당,경북 안동시,지역구,2012-05-30,2016-05-29,term_end,general,MGE7194M,kna members_19.parquet; NA-API 의원이력; NA-API ALLNAMEMBER; kowiki list oldid=40914874,1,,term_end,,term_start,term_end,,,경상북도 안동시,,,새누리당,새누리당,김광림 (정치인),True,,False
19,강석호,姜碩鎬,1955-12-03,남,새누리당,경북 영양군영덕군봉화군울진군,지역구,2012-05-30,2016-05-29,term_end,general,8I61593E,kna members_19.parquet; NA-API 의원이력; NA-API ALLNAMEMBER; kowiki list oldid=40914874,1,,term_end,,term_start,term_end,,,경상북도 영양군·영덕군·봉화군·울진군,,,새누리당,새누리당,강석호 (1955년),True,,False
19,장윤석,張倫碩,1950-01-05,남,새누리당,경북 영주시,지역구,2012-05-30,2016-05-29,term_end,general,2QE48823,kna members_19.parquet; NA-API 의원이력; NA-API ALLNAMEMBER; kowiki list oldid=40914874,1,,term_end,,term_start,term_end,,,경상북도 영주시,,,새누리당,새누리당,장윤석 (1950년),True,,False
19,정희수,鄭熙秀,1953-10-25,남,새누리당,경북 영천시,지역구,2012-05-30,2016-05-29,term_end,general,JR141579,kna members_19.parquet; NA-API 의원이력; NA-API ALLNAMEMBER; kowiki list oldid=40914874,1,,term_end,,term_start,term_end,,,경상북도 영천시,,,새누리당,새누리당,정희수,True,,False
19,김형태,金亨泰,1952-12-10,남,새누리당,경북 포항시남구울릉군,지역구,2012-05-30,2013-07-25,disqualified,general,1O81498A,kna members_19.parquet; NA-API 의원이력; NA-API ALLNAMEMBER; kowiki list oldid=40914874; kowiki 의석변동 oldid=42216872,1,,court_ruling_election_law,공직선거법 위반으로 대법원에서 당선 무효형 확정 / 의원직 상실,term_start,confirmed,,wikilist+wikiseat,경상북도 포항시 남구·울릉군,,,무소속,새누리당,김형태 (1952년),True,,False
19,박명재,朴明在,1947-07-05,남,새누리당,경북 포항시남구울릉군,지역구,2013-10-30,2016-05-29,term_end,by_election,OTE19384,kna members_19.parquet; NA-API 의원이력; NA-API ALLNAMEMBER; kowiki list oldid=40914874; kowiki 의석변동 oldid=42216872,1,,term_end,,confirmed,term_end,wikilist,,경상북도 포항시 남구·울릉군,,,새누리당,새누리당,박명재,True,,False
19,이병석,李秉錫,1952-10-28,남,새누리당,경북 포항시북구,지역구,2012-05-30,2016-05-29,term_end,general,D7L1937J,kna members_19.parquet; NA-API 의원이력; NA-API ALLNAMEMBER; kowiki list oldid=40914874,1,,term_end,,term_start,term_end,,,경상북도 포항시 북구,,,새누리당,새누리당,이병석 (1952년),True,,False
19,김동철,金東喆,1955-06-30,남,민주통합당,광주 광산구갑,지역구,2012-05-30,2016-05-29,term_end,general,DCR84445,kna members_19.parquet; NA-API 의원이력; NA-API ALLNAMEMBER; kowiki list oldid=40914874,1,,term_end,,term_start,term_end,,,광주광역시 광산구 갑,,,국민의당,민주통합당,김동철 (1955년생 정치인),True,,False
19,이용섭,李庸燮,1951-08-11,남,민주통합당,광주 광산구을,지역구,2012-05-30,2014-05-15,resigned,general,DN76694L,kna members_19.parquet; NA-API 의원이력; NA-API ALLNAMEMBER; kowiki list oldid=40914874; kowiki 의석변동 oldid=42216872,1,,resigned_to_run_for_other_office,광주시장 후보자로 등록에 따른 퇴직 / 의원직 사퇴,term_start,confirmed,,wikiseat,광주광역시 광산구 을,,,무소속,민주통합당,이용섭,True,,False
19,권은희,權垠希,1974-02-15,여,새정치민주연합,광주 광산구을,지역구,2014-07-30,2016-05-29,term_end,by_election,YKW37422,kna members_19.parquet; NA-API 의원이력; NA-API ALLNAMEMBER; kowiki list oldid=40914874; kowiki 의석변동 oldid=42216872,1,,term_end,,confirmed,term_end,wikilist,,광주광역시 광산구 을,,,국민의당,새정치민주연합,권은희 (1974년),True,,True
19,장병완,張秉浣,1952-05-05,남,민주통합당,광주 남구,지역구,2012-05-30,2016-05-29,term_end,general,V8I36226,kna members_19.parquet; NA-API 의원이력; NA-API ALLNAMEMBER; kowiki list oldid=40914874,1,,term_end,,term_start,term_end,,,광주광역시 남구,,,국민의당,민주통합당,장병완,True,,False
19,박주선,朴柱宣,1949-07-23,남,무소속,광주 동구,지역구,2012-05-30,2016-05-29,term_end,general,XT18076X,kna members_19.parquet; NA-API 의원이력; NA-API ALLNAMEMBER; kowiki list oldid=40914874,1,,term_end,,term_start,term_end,,,광주광역시 동구,,,국민의당,무소속,박주선,True,,False
19,강기정,姜琪正,1964-12-03,남,민주통합당,광주 북구갑,지역구,2012-05-30,2016-05-29,term_end,general,1PK82111,kna members_19.parquet; NA-API 의원이력; NA-API ALLNAMEMBER; kowiki list oldid=40914874,1,,term_end,,term_start,term_end,,,광주광역시 북구 갑,,,더불어민주당,민주통합당,강기정,True,,False
19,임내현,林來玄,1952-12-21,남,민주통합당,광주 북구을,지역구,2012-05-30,2016-05-29,term_end,general,Z7S62260,kna members_19.parquet; NA-API 의원이력; NA-API ALLNAMEMBER; kowiki list oldid=40914874,1,,term_end,,term_start,term_end,,,광주광역시 북구 을,,,국민의당,민주통합당,임내현,True,,False
19,박혜자,朴惠子,1956-05-23,여,민주통합당,광주 서구갑,지역구,2012-05-30,2016-05-29,term_end,general,0A02586D,kna members_19.parquet; NA-API 의원이력; NA-API ALLNAMEMBER; kowiki list oldid=40914874,1,,term_end,,term_start,term_end,,,광주광역시 서구 갑,,,더불어민주당,민주통합당,박혜자,True,,False
19,오병윤,吳秉潤,1957-06-26,남,통합진보당,광주 서구을,지역구,2012-05-30,2014-12-19,disqualified,general,2LY1272R,kna members_19.parquet; NA-API 의원이력; NA-API ALLNAMEMBER; kowiki list oldid=40914874; kowiki 의석변동 oldid=42216872,1,,court_ruling_other_or_unspecified,헌법재판소가 위헌정당 판결로 해산되어 의원직 상실 / 의원직 상실,term_start,confirmed,,wikilist+wikiseat,광주광역시 서구 을,,,통합진보당,통합진보당,오병윤,True,,False
19,천정배,千正培,1954-12-12,남,무소속,광주 서구을,지역구,2015-04-29,2016-05-29,term_end,by_election,3SP89633,kna members_19.parquet; NA-API 의원이력; NA-API ALLNAMEMBER; kowiki list oldid=40914874; kowiki 의석변동 oldid=42216872,1,,term_end,,confirmed,term_end,wikilist,,광주광역시 서구 을,,,국민의당,무소속,천정배,True,,False
19,홍지만,洪志晩,1968-02-01,남,새누리당,대구 달서구갑,지역구,2012-05-30,2016-05-29,term_end,general,Z5V67692,kna members_19.parquet; NA-API 의원이력; NA-API ALLNAMEMBER; kowiki list oldid=40914874,1,,term_end,,term_start,term_end,,,대구광역시 달서구 갑,,,새누리당,새누리당,홍지만,True,,False
19,조원진,趙源震,1959-01-07,남,새누리당,대구 달서구병,지역구,2012-05-30,2016-05-29,term_end,general,VNF2868Z,kna members_19.parquet; NA-API 의원이력; NA-API ALLNAMEMBER; kowiki list oldid=40914874,1,,term_end,,term_start,term_end,,,대구광역시 달서구 병,,,새누리당,새누리당,조원진,True,,False
19,윤재옥,尹在玉,1961-09-10,남,새누리당,대구 달서구을,지역구,2012-05-30,2016-05-29,term_end,general,ZRF3039U,kna members_19.parquet; NA-API 의원이력; NA-API ALLNAMEMBER; kowiki list oldid=40914874,1,,term_end,,term_start,term_end,,,대구광역시 달서구 을,,,새누리당,새누리당,윤재옥,True,,False
19,이종진,李鐘鎭,1950-05-05,남,새누리당,대구 달성군,지역구,2012-05-30,2016-05-29,term_end,general,D3V12361,kna members_19.parquet; NA-API 의원이력; NA-API ALLNAMEMBER; kowiki list oldid=40914874,1,,term_end,,term_start,term_end,,,대구광역시 달성군,,,새누리당,새누리당,이종진 (1950년),True,,False
19,류성걸,柳性杰,1957-07-12,남,새누리당,대구 동구갑,지역구,2012-05-30,2016-05-29,term_end,general,8VY63414,kna members_19.parquet; NA-API 의원이력; NA-API ALLNAMEMBER; kowiki list oldid=40914874,1,,term_end,,term_start,term_end,,,대구광역시 동구 갑,,,무소속,새누리당,류성걸,True,,False
19,유승민,劉承旼,1958-01-07,남,새누리당,대구 동구을,지역구,2012-05-30,2016-05-29,term_end,general,PWU27609,kna members_19.parquet; NA-API 의원이력; NA-API ALLNAMEMBER; kowiki list oldid=40914874,1,,term_end,,term_start,term_end,,,대구광역시 동구 을,,,무소속,새누리당,유승민 (정치인),True,,False
19,권은희,權恩嬉,1959-05-24,여,새누리당,대구 북구갑,지역구,2012-05-30,2016-05-29,term_end,general,PFM7673W,kna members_19.parquet; NA-API 의원이력; NA-API ALLNAMEMBER; kowiki list oldid=40914874,1,,term_end,,term_start,term_end,,,대구광역시 북구 갑,,,무소속,새누리당,권은희 (1959년),True,,True
19,서상기,徐相箕,1946-01-29,남,새누리당,대구 북구을,지역구,2012-05-30,2016-05-29,term_end,general,Z206474J,kna members_19.parquet; NA-API 의원이력; NA-API ALLNAMEMBER; kowiki list oldid=40914874,1,,term_end,,term_start,term_end,,,대구광역시 북구 을,,,새누리당,새누리당,서상기 (1946년),True,,False
19,김상훈,金相勳,1963-01-25,남,새누리당,대구 서구,지역구,2012-05-30,2016-05-29,term_end,general,1Y73132H,kna members_19.parquet; NA-API 의원이력; NA-API ALLNAMEMBER; kowiki list oldid=40914874,1,,term_end,,term_start,term_end,,,대구광역시 서구,,,새누리당,새누리당,김상훈 (1963년),True,,False
19,이한구,李漢久,1945-12-12,남,새누리당,대구 수성구갑,지역구,2012-05-30,2016-05-29,term_end,general,XGQ9659R,kna members_19.parquet; NA-API 의원이력; NA-API ALLNAMEMBER; kowiki list oldid=40914874,1,,term_end,,term_start,term_end,,,대구광역시 수성구 갑,,,새누리당,새누리당,이한구 (정치인),True,,False
19,주호영,朱豪英,1960-12-10,남,새누리당,대구 수성구을,지역구,2012-05-30,2016-05-29,term_end,general,8SV6917G,kna members_19.parquet; NA-API 의원이력; NA-API ALLNAMEMBER; kowiki list oldid=40914874,1,,term_end,,term_start,term_end,,,대구광역시 수성구 을,,,무소속,새누리당,주호영,True,,False
19,김희국,金熙國,1958-10-20,남,새누리당,대구 중구남구,지역구,2012-05-30,2016-05-29,term_end,general,6AR6743G,kna members_19.parquet; NA-API 의원이력; NA-API ALLNAMEMBER; kowiki list oldid=40914874,1,,term_end,,term_start,term_end,,,대구광역시 중구·남구,,,새누리당,새누리당,김희국,True,,False
19,박성효,朴城孝,1955-02-20,남,새누리당,대전 대덕구,지역구,2012-05-30,2014-05-15,resigned,general,TS24083U,kna members_19.parquet; NA-API 의원이력; NA-API ALLNAMEMBER; kowiki list oldid=40914874; kowiki 의석변동 oldid=42216872,1,,resigned_to_run_for_other_office,대전시장 후보자로 등록에 따른 퇴직 / 의원직 사퇴,term_start,confirmed,,wikiseat,대전광역시 대덕구,,,새누리당,새누리당,박성효,True,,False
19,정용기,鄭容起,1962-06-01,남,새누리당,대전 대덕구,지역구,2014-07-30,2016-05-29,term_end,by_election,ZGA4092Y,kna members_19.parquet; NA-API 의원이력; NA-API ALLNAMEMBER; kowiki list oldid=40914874; kowiki 의석변동 oldid=42216872,1,,term_end,,confirmed,term_end,wikilist,,대전광역시 대덕구,,,새누리당,새누리당,정용기 (1962년),True,,False
19,이장우,李莊雨,1965-02-10,남,새누리당,대전 동구,지역구,2012-05-30,2016-05-29,term_end,general,2SE64657,kna members_19.parquet; NA-API 의원이력; NA-API ALLNAMEMBER; kowiki list oldid=40914874,1,,term_end,,term_start,term_end,,,대전광역시 동구,,,새누리당,새누리당,이장우 (1965년),True,,False
19,박병석,朴炳錫,1952-01-25,남,민주통합당,대전 서구갑,지역구,2012-05-30,2016-05-29,term_end,general,BLC8630L,kna members_19.parquet; NA-API 의원이력; NA-API ALLNAMEMBER; kowiki list oldid=40914874,1,,term_end,,term_start,term_end,,,대전광역시 서구 갑,,,더불어민주당,민주통합당,박병석,True,,False
19,박범계,朴範界,1963-04-27,남,민주통합당,대전 서구을,지역구,2012-05-30,2016-05-29,term_end,general,7R156073,kna members_19.parquet; NA-API 의원이력; NA-API ALLNAMEMBER; kowiki list oldid=40914874,1,,term_end,,term_start,term_end,,,대전광역시 서구 을,,,더불어민주당,민주통합당,박범계,True,,False
19,이상민,李相珉,1958-01-22,남,민주통합당,대전 유성구,지역구,2012-05-30,2016-05-29,term_end,general,ZYH1940A,kna members_19.parquet; NA-API 의원이력; NA-API ALLNAMEMBER; kowiki list oldid=40914874,1,,term_end,,term_start,term_end,,,대전광역시 유성구,,,더불어민주당,민주통합당,이상민 (1958년),True,,False
19,강창희,姜昌熙,1946-08-03,남,새누리당,대전 중구,지역구,2012-05-30,2016-05-29,term_end,general,PAQ11014,kna members_19.parquet; NA-API 의원이력; NA-API ALLNAMEMBER; kowiki list oldid=40914874,1,,term_end,,term_start,term_end,,,대전광역시 중구,,,새누리당,새누리당,강창희 (정치인),True,,False
19,김세연,金世淵,1972-07-15,남,새누리당,부산 금정구,지역구,2012-05-30,2016-05-29,term_end,general,2WQ6656P,kna members_19.parquet; NA-API 의원이력; NA-API ALLNAMEMBER; kowiki list oldid=40914874,1,,term_end,,term_start,term_end,,,부산광역시 금정구,,,새누리당,새누리당,김세연 (1972년),True,,False
19,김정훈,金正薰,1957-11-03,남,새누리당,부산 남구갑,지역구,2012-05-30,2016-05-29,term_end,general,64G6894C,kna members_19.parquet; NA-API 의원이력; NA-API ALLNAMEMBER; kowiki list oldid=40914874,1,,term_end,,term_start,term_end,,,부산광역시 남구 갑,,,새누리당,새누리당,김정훈 (정치인),True,,False
19,서용교,徐瑢敎,1968-01-21,남,새누리당,부산 남구을,지역구,2012-05-30,2016-05-29,term_end,general,8V02734T,kna members_19.parquet; NA-API 의원이력; NA-API ALLNAMEMBER; kowiki list oldid=40914874,1,,term_end,,term_start,term_end,,,부산광역시 남구 을,,,새누리당,새누리당,서용교,True,,False
19,이진복,李珍福,1957-10-18,남,새누리당,부산 동래구,지역구,2012-05-30,2016-05-29,term_end,general,0ID22746,kna members_19.parquet; NA-API 의원이력; NA-API ALLNAMEMBER; kowiki list oldid=40914874,1,,term_end,,term_start,term_end,,,부산광역시 동래구,,,새누리당,새누리당,이진복 (1957년),True,,False
19,나성린,羅城麟,1953-03-27,남,새누리당,부산 부산진구갑,지역구,2012-05-30,2016-05-29,term_end,general,IRQ5741O,kna members_19.parquet; NA-API 의원이력; NA-API ALLNAMEMBER; kowiki list oldid=40914874,1,,term_end,,term_start,term_end,,,부산광역시 부산진구 갑,,,새누리당,새누리당,나성린,True,,False
19,이헌승,李憲昇,1963-05-11,남,새누리당,부산 부산진구을,지역구,2012-05-30,2016-05-29,term_end,general,EVH1507C,kna members_19.parquet; NA-API 의원이력; NA-API ALLNAMEMBER; kowiki list oldid=40914874,1,,term_end,,term_start,term_end,,,부산광역시 부산진구 을,,,새누리당,새누리당,이헌승,True,,False
19,박민식,朴敏植,1965-11-20,남,새누리당,부산 북구강서구갑,지역구,2012-05-30,2016-05-29,term_end,general,P318485D,kna members_19.parquet; NA-API 의원이력; NA-API ALLNAMEMBER; kowiki list oldid=40914874,1,,term_end,,term_start,term_end,,,부산광역시 북구·강서구 갑,,,새누리당,새누리당,박민식,True,,False
19,김도읍,金度邑,1964-07-06,남,새누리당,부산 북구강서구을,지역구,2012-05-30,2016-05-29,term_end,general,LH97552Q,kna members_19.parquet; NA-API 의원이력; NA-API ALLNAMEMBER; kowiki list oldid=40914874,1,,term_end,,term_start,term_end,,,부산광역시 북구·강서구 을,,,새누리당,새누리당,김도읍,True,,False
19,문재인,文在寅,1953-01-24,남,민주통합당,부산 사상구,지역구,2012-05-30,2016-05-29,term_end,general,8D298611,kna members_19.parquet; NA-API 의원이력; NA-API ALLNAMEMBER; kowiki list oldid=40914874,1,,term_end,,term_start,term_end,,,부산광역시 사상구,,,더불어민주당,민주통합당,문재인,True,,False
19,문대성,文大成,1976-09-03,남,새누리당,부산 사하구갑,지역구,2012-05-30,2016-05-29,term_end,general,V4P1608C,kna members_19.parquet; NA-API 의원이력; NA-API ALLNAMEMBER; kowiki list oldid=40914874,1,,term_end,,term_start,term_end,,,부산광역시 사하구 갑,,,새누리당,새누리당,문대성,True,,False
19,조경태,趙慶泰,1968-01-10,남,민주통합당,부산 사하구을,지역구,2012-05-30,2016-05-29,term_end,general,5KV82250,kna members_19.parquet; NA-API 의원이력; NA-API ALLNAMEMBER; kowiki list oldid=40914874,1,,term_end,,term_start,term_end,,,부산광역시 사하구 을,,,새누리당,민주통합당,조경태,True,,False
19,유기준,兪奇濬,1959-08-10,남,새누리당,부산 서구,지역구,2012-05-30,2016-05-29,term_end,general,CAL85655,kna members_19.parquet; NA-API 의원이력; NA-API ALLNAMEMBER; kowiki list oldid=40914874,1,,term_end,,term_start,term_end,,,부산광역시 서구,,,새누리당,새누리당,유기준 (1959년),True,,False
19,유재중,柳在仲,1956-03-27,남,새누리당,부산 수영구,지역구,2012-05-30,2016-05-29,term_end,general,SEK1881Q,kna members_19.parquet; NA-API 의원이력; NA-API ALLNAMEMBER; kowiki list oldid=40914874,1,,term_end,,term_start,term_end,,,부산광역시 수영구,,,새누리당,새누리당,유재중,True,,False
19,김희정,金姬廷,1971-04-13,여,새누리당,부산 연제구,지역구,2012-05-30,2016-05-29,term_end,general,HRG9655C,kna members_19.parquet; NA-API 의원이력; NA-API ALLNAMEMBER; kowiki list oldid=40914874,1,,term_end,,term_start,term_end,,,부산광역시 연제구,,,새누리당,새누리당,김희정 (1971년),True,,False
19,이재균,李在均,1954-09-20,남,새누리당,부산 영도구,지역구,2012-05-30,2013-02-14,disqualified,general,W136716J,kna members_19.parquet; NA-API 의원이력; NA-API ALLNAMEMBER; kowiki list oldid=40914874; kowiki 의석변동 oldid=42216872,1,,court_ruling_election_law,선거사무장의 공직선거법 위반으로 대법원에서 당선 무효형 확정 / 의원직 상실,term_start,confirmed,,wikilist+wikiseat,부산광역시 영도구,,,새누리당,새누리당,이재균 (정치인),True,,False
19,김무성,金武星,1951-09-20,남,새누리당,부산 영도구,지역구,2013-04-24,2016-05-29,term_end,by_election,SNJ6318D,kna members_19.parquet; NA-API 의원이력; NA-API ALLNAMEMBER; kowiki list oldid=40914874; kowiki 의석변동 oldid=42216872,1,,term_end,,confirmed,term_end,wikilist,,부산광역시 영도구,,,새누리당,새누리당,김무성,True,,False
19,정의화,鄭義和,1948-12-18,남,새누리당,부산 중구동구,지역구,2012-05-30,2016-05-29,term_end,general,V1849655,kna members_19.parquet; NA-API 의원이력; NA-API ALLNAMEMBER; kowiki list oldid=40914874,1,,term_end,,term_start,term_end,,,부산광역시 중구·동구,,,무소속,새누리당,정의화,True,,False
19,서병수,徐秉洙,1952-01-09,남,새누리당,부산 해운대구기장군갑,지역구,2012-05-30,2014-05-15,resigned,general,CT85313K,kna members_19.parquet; NA-API 의원이력; NA-API ALLNAMEMBER; kowiki list oldid=40914874; kowiki 의석변동 oldid=42216872,1,,resigned_to_run_for_other_office,부산시장 후보자로 등록에 따른 퇴직 / 의원직 사퇴,term_start,confirmed,,wikilist+wikiseat,부산광역시 해운대구·기장군 갑,,,새누리당,새누리당,서병수,True,,False
19,배덕광,裵德光,1948-06-22,남,새누리당,부산 해운대구기장군갑,지역구,2014-07-30,2016-05-29,term_end,by_election,9CR4440H,kna members_19.parquet; NA-API 의원이력; NA-API ALLNAMEMBER; kowiki list oldid=40914874; kowiki 의석변동 oldid=42216872,1,,term_end,,confirmed,term_end,wikilist,,부산광역시 해운대구·기장군 갑,,,새누리당,새누리당,배덕광,True,,False
19,하태경,河泰慶,1968-03-29,남,새누리당,부산 해운대구기장군을,지역구,2012-05-30,2016-05-29,term_end,general,I0S53762,kna members_19.parquet; NA-API 의원이력; NA-API ALLNAMEMBER; kowiki list oldid=40914874,1,,term_end,,term_start,term_end,,,부산광역시 해운대구·기장군 을,,,새누리당,새누리당,하태경,True,,False
19,심윤조,沈允肇,1954-07-26,남,새누리당,서울 강남구갑,지역구,2012-05-30,2016-05-29,term_end,general,NR221895,kna members_19.parquet; NA-API 의원이력; NA-API ALLNAMEMBER; kowiki list oldid=40914874,1,,term_end,,term_start,term_end,,,서울특별시 강남구 갑,,,새누리당,새누리당,심윤조,True,,False
19,김종훈,金宗壎,1952-05-05,남,새누리당,서울 강남구을,지역구,2012-05-30,2016-05-29,term_end,general,6V68130W,kna members_19.parquet; NA-API 의원이력; NA-API ALLNAMEMBER; kowiki list oldid=40914874,1,,term_end,,term_start,term_end,,,서울특별시 강남구 을,,,새누리당,새누리당,김종훈 (1952년),True,,True
19,신동우,申東雨,1953-06-06,남,새누리당,서울 강동구갑,지역구,2012-05-30,2016-05-29,term_end,general,EED3932M,kna members_19.parquet; NA-API 의원이력; NA-API ALLNAMEMBER; kowiki list oldid=40914874,1,,term_end,,term_start,term_end,,,서울특별시 강동구 갑,,,새누리당,새누리당,신동우 (정치인),True,,False
19,심재권,沈載權,1946-08-15,남,민주통합당,서울 강동구을,지역구,2012-05-30,2016-05-29,term_end,general,VXQ28579,kna members_19.parquet; NA-API 의원이력; NA-API ALLNAMEMBER; kowiki list oldid=40914874,1,,term_end,,term_start,term_end,,,서울특별시 강동구 을,,,더불어민주당,민주통합당,심재권,True,,False
19,오영식,吳泳食,1967-02-28,남,민주통합당,서울 강북구갑,지역구,2012-05-30,2016-05-29,term_end,general,OK55632O,kna members_19.parquet; NA-API 의원이력; NA-API ALLNAMEMBER; kowiki list oldid=40914874,1,,term_end,,term_start,term_end,,,서울특별시 강북구 갑,,,더불어민주당,민주통합당,오영식,True,,False
19,유대운,劉大運,1950-01-10,남,민주통합당,서울 강북구을,지역구,2012-05-30,2016-05-29,term_end,general,BUA6864N,kna members_19.parquet; NA-API 의원이력; NA-API ALLNAMEMBER; kowiki list oldid=40914874,1,,term_end,,term_start,term_end,,,서울특별시 강북구 을,,,더불어민주당,민주통합당,유대운,True,,False
19,신기남,辛基南,1952-10-16,남,민주통합당,서울 강서구갑,지역구,2012-05-30,2016-05-29,term_end,general,E2O7996B,kna members_19.parquet; NA-API 의원이력; NA-API ALLNAMEMBER; kowiki list oldid=40914874,1,,term_end,,term_start,term_end,,,서울특별시 강서구 갑,,,민주당,민주통합당,신기남,True,,False
19,김성태,金聖泰,1958-05-23,남,새누리당,서울 강서구을,지역구,2012-05-30,2016-05-29,term_end,general,BQS2021C,kna members_19.parquet; NA-API 의원이력; NA-API ALLNAMEMBER; kowiki list oldid=40914874,1,,term_end,,term_start,term_end,,,서울특별시 강서구 을,,,새누리당,새누리당,김성태 (1958년),True,,True
19,유기홍,柳基洪,1958-06-11,남,민주통합당,서울 관악구갑,지역구,2012-05-30,2016-05-29,term_end,general,8FC9697X,kna members_19.parquet; NA-API 의원이력; NA-API ALLNAMEMBER; kowiki list oldid=40914874,1,,term_end,,term_start,term_end,,,서울특별시 관악구 갑,,,더불어민주당,민주통합당,유기홍,True,,False
19,이상규,李相奎,1965-01-07,남,통합진보당,서울 관악구을,지역구,2012-05-30,2014-12-19,disqualified,general,XC039067,kna members_19.parquet; NA-API 의원이력; NA-API ALLNAMEMBER; kowiki list oldid=40914874; kowiki 의석변동 oldid=42216872,1,,court_ruling_other_or_unspecified,헌법재판소가 위헌정당 판결로 해산되어 의원직 상실 / 의원직 상실,term_start,confirmed,,wikilist+wikiseat,서울특별시 관악구 을,,,통합진보당,통합진보당,이상규 (정치인),True,,False
19,오신환,吳晨煥,1971-02-07,남,새누리당,서울 관악구을,지역구,2015-04-29,2016-05-29,term_end,by_election,H337332S,kna members_19.parquet; NA-API 의원이력; NA-API ALLNAMEMBER; kowiki list oldid=40914874; kowiki 의석변동 oldid=42216872,1,,term_end,,confirmed,term_end,wikilist,,서울특별시 관악구 을,,,새누리당,새누리당,오신환,True,,False
19,김한길,金한길,1953-09-17,남,민주통합당,서울 광진구갑,지역구,2012-05-30,2016-05-29,term_end,general,1ZF7922T,kna members_19.parquet; NA-API 의원이력; NA-API ALLNAMEMBER; kowiki list oldid=40914874,1,,term_end,,term_start,term_end,,,서울특별시 광진구 갑,,,국민의당,민주통합당,김한길,True,,False
19,추미애,秋美愛,1958-10-23,여,민주통합당,서울 광진구을,지역구,2012-05-30,2016-05-29,term_end,general,URV1689Q,kna members_19.parquet; NA-API 의원이력; NA-API ALLNAMEMBER; kowiki list oldid=40914874,1,,term_end,,term_start,term_end,,,서울특별시 광진구 을,,,더불어민주당,민주통합당,추미애,True,,False
19,이인영,李仁榮,1964-06-28,남,민주통합당,서울 구로구갑,지역구,2012-05-30,2016-05-29,term_end,general,3ZR4438W,kna members_19.parquet; NA-API 의원이력; NA-API ALLNAMEMBER; kowiki list oldid=40914874,1,,term_end,,term_start,term_end,,,서울특별시 구로구 갑,,,더불어민주당,민주통합당,이인영 (1964년),True,,False
19,박영선,朴映宣,1960-01-22,여,민주통합당,서울 구로구을,지역구,2012-05-30,2016-05-29,term_end,general,S8431719,kna members_19.parquet; NA-API 의원이력; NA-API ALLNAMEMBER; kowiki list oldid=40914874,1,,term_end,,term_start,term_end,,,서울특별시 구로구 을,,,더불어민주당,민주통합당,박영선 (정치인),True,,False
19,이목희,李穆熙,1953-09-10,남,민주통합당,서울 금천구,지역구,2012-05-30,2016-05-29,term_end,general,V822582Y,kna members_19.parquet; NA-API 의원이력; NA-API ALLNAMEMBER; kowiki list oldid=40914874,1,,term_end,,term_start,term_end,,,서울특별시 금천구,,,더불어민주당,민주통합당,이목희,True,,False
19,이노근,李老根,1954-03-09,남,새누리당,서울 노원구갑,지역구,2012-05-30,2016-05-29,term_end,general,BHA7868N,kna members_19.parquet; NA-API 의원이력; NA-API ALLNAMEMBER; kowiki list oldid=40914874,1,,term_end,,term_start,term_end,,,서울특별시 노원구 갑,,,새누리당,새누리당,이노근,True,,False
19,노회찬,魯會燦,1956-08-31,남,통합진보당,서울 노원구병,지역구,2012-05-30,2013-02-14,disqualified,general,GN240959,kna members_19.parquet; NA-API 의원이력; NA-API ALLNAMEMBER; kowiki list oldid=40914874; kowiki 의석변동 oldid=42216872,1,,court_ruling_other_or_unspecified,통신비밀보호법 위반으로 대법원에서 의원직 상실 / 의원직 상실,term_start,confirmed,,wikilist+wikiseat,서울특별시 노원구 병,,,진보정의당,통합진보당,노회찬,True,,False
19,안철수,安哲秀,1962-01-22,남,무소속,서울 노원구병,지역구,2013-04-24,2016-05-29,term_end,by_election,YOG1280B,kna members_19.parquet; NA-API 의원이력; NA-API ALLNAMEMBER; kowiki list oldid=40914874; kowiki 의석변동 oldid=42216872,1,,term_end,,confirmed,term_end,wikilist,,서울특별시 노원구 병,,,국민의당,무소속,안철수,True,,False
19,우원식,禹元植,1957-09-18,남,민주통합당,서울 노원구을,지역구,2012-05-30,2016-05-29,term_end,general,XBT9550Q,kna members_19.parquet; NA-API 의원이력; NA-API ALLNAMEMBER; kowiki list oldid=40914874,1,,term_end,,term_start,term_end,,,서울특별시 노원구 을,,,더불어민주당,민주통합당,우원식,True,,False
19,인재근,印在謹,1953-11-11,여,민주통합당,서울 도봉구갑,지역구,2012-05-30,2016-05-29,term_end,general,UM51067K,kna members_19.parquet; NA-API 의원이력; NA-API ALLNAMEMBER; kowiki list oldid=40914874,1,,term_end,,term_start,term_end,,,서울특별시 도봉구 갑,,,더불어민주당,민주통합당,인재근,True,,False
19,유인태,柳寅泰,1948-09-05,남,민주통합당,서울 도봉구을,지역구,2012-05-30,2016-05-29,term_end,general,VO548788,kna members_19.parquet; NA-API 의원이력; NA-API ALLNAMEMBER; kowiki list oldid=40914874,1,,term_end,,term_start,term_end,,,서울특별시 도봉구 을,,,더불어민주당,민주통합당,유인태,True,,False
19,안규백,安圭伯,1961-04-29,남,민주통합당,서울 동대문구갑,지역구,2012-05-30,2016-05-29,term_end,general,TST4507I,kna members_19.parquet; NA-API 의원이력; NA-API ALLNAMEMBER; kowiki list oldid=40914874,1,,term_end,,term_start,term_end,,,서울특별시 동대문구 갑,,,더불어민주당,민주통합당,안규백,True,,False
19,민병두,閔丙두,1958-06-10,남,민주통합당,서울 동대문구을,지역구,2012-05-30,2016-05-29,term_end,general,39P2522W,kna members_19.parquet; NA-API 의원이력; NA-API ALLNAMEMBER; kowiki list oldid=40914874,1,,term_end,,term_start,term_end,,,서울특별시 동대문구 을,,,더불어민주당,민주통합당,민병두,True,,False
19,전병헌,田炳憲,1958-03-17,남,민주통합당,서울 동작구갑,지역구,2012-05-30,2016-05-29,term_end,general,NG55346W,kna members_19.parquet; NA-API 의원이력; NA-API ALLNAMEMBER; kowiki list oldid=40914874,1,,term_end,,term_start,term_end,,,서울특별시 동작구 갑,,,더불어민주당,민주통합당,전병헌,True,,False
19,정몽준,鄭夢準,1951-10-17,남,새누리당,서울 동작구을,지역구,2012-05-30,2014-05-15,resigned,general,5YX7831C,kna members_19.parquet; NA-API 의원이력; NA-API ALLNAMEMBER; kowiki list oldid=40914874; kowiki 의석변동 oldid=42216872,1,,resigned_to_run_for_other_office,서울시장 후보자로 등록에 따른 퇴직 / 새누리당 원내 과반수 붕괴 / 의원직 사퇴,term_start,confirmed,,wikilist+wikiseat,서울특별시 동작구 을,,,새누리당,새누리당,정몽준,True,,False
19,나경원,羅景垣,1963-12-06,여,새누리당,서울 동작구을,지역구,2014-07-30,2016-05-29,term_end,by_election,SLW27496,kna members_19.parquet; NA-API 의원이력; NA-API ALLNAMEMBER; kowiki list oldid=40914874; kowiki 의석변동 oldid=42216872,1,,term_end,,confirmed,term_end,wikilist,,서울특별시 동작구 을,,,새누리당,새누리당,나경원,True,,False
19,노웅래,盧雄來,1957-08-03,남,민주통합당,서울 마포구갑,지역구,2012-05-30,2016-05-29,term_end,general,0827740Q,kna members_19.parquet; NA-API 의원이력; NA-API ALLNAMEMBER; kowiki list oldid=40914874,1,,term_end,,term_start,term_end,,,서울특별시 마포구 갑,,,더불어민주당,민주통합당,노웅래,True,,False
19,정청래,鄭淸來,1965-04-18,남,민주통합당,서울 마포구을,지역구,2012-05-30,2016-05-29,term_end,general,2385336L,kna members_19.parquet; NA-API 의원이력; NA-API ALLNAMEMBER; kowiki list oldid=40914874,1,,term_end,,term_start,term_end,,,서울특별시 마포구 을,,,더불어민주당,민주통합당,정청래,True,,False
19,우상호,禹相虎,1962-12-12,남,민주통합당,서울 서대문구갑,지역구,2012-05-30,2016-05-29,term_end,general,V0O5343U,kna members_19.parquet; NA-API 의원이력; NA-API ALLNAMEMBER; kowiki list oldid=40914874,1,,term_end,,term_start,term_end,,,서울특별시 서대문구 갑,,,더불어민주당,민주통합당,우상호,True,,False
19,정두언,鄭斗彦,1957-03-06,남,새누리당,서울 서대문구을,지역구,2012-05-30,2016-05-29,term_end,general,EIV1009T,kna members_19.parquet; NA-API 의원이력; NA-API ALLNAMEMBER; kowiki list oldid=40914874,1,,term_end,,term_start,term_end,,,서울특별시 서대문구 을,,,새누리당,새누리당,정두언,True,,False
19,김회선,金會瑄,1955-05-03,남,새누리당,서울 서초구갑,지역구,2012-05-30,2016-05-29,term_end,general,1QC51111,kna members_19.parquet; NA-API 의원이력; NA-API ALLNAMEMBER; kowiki list oldid=40914874,1,,term_end,,term_start,term_end,,,서울특별시 서초구 갑,,,새누리당,새누리당,김회선,True,,False
19,강석훈,姜錫勳,1964-08-15,남,새누리당,서울 서초구을,지역구,2012-05-30,2016-05-19,resigned,general,ZX891805,kna members_19.parquet; NA-API 의원이력; NA-API ALLNAMEMBER; kowiki list oldid=40914874; kowiki 의석변동 oldid=42216872; NA bill PRC_F1B6H0Q5O1P7T1U5H2U2A3N3H3T7H1,1,,resigned_on_appointment,청와대 경제수석 임명으로 의원직 사퇴 / 의원직 사퇴,term_start,confirmed,,wikilist+wikiseat+nabill,서울특별시 서초구 을,,,새누리당,새누리당,강석훈 (1964년),True,,False
19,최재천,崔載千,1963-11-19,남,민주통합당,서울 성동구갑,지역구,2012-05-30,2016-05-29,term_end,general,2Z21631Z,kna members_19.parquet; NA-API 의원이력; NA-API ALLNAMEMBER; kowiki list oldid=40914874,1,,term_end,,term_start,term_end,,,서울특별시 성동구 갑,,,무소속,민주통합당,최재천 (정치인),True,,False
19,홍익표,洪翼杓,1967-11-20,남,민주통합당,서울 성동구을,지역구,2012-05-30,2016-05-29,term_end,general,FRN1867O,kna members_19.parquet; NA-API 의원이력; NA-API ALLNAMEMBER; kowiki list oldid=40914874,1,,term_end,,term_start,term_end,,,서울특별시 성동구 을,,,더불어민주당,민주통합당,홍익표 (1967년),True,,False
19,유승희,兪承希,1960-04-26,여,민주통합당,서울 성북구갑,지역구,2012-05-30,2016-05-29,term_end,general,9BE5694R,kna members_19.parquet; NA-API 의원이력; NA-API ALLNAMEMBER; kowiki list oldid=40914874,1,,term_end,,term_start,term_end,,,서울특별시 성북구 갑,,,더불어민주당,민주통합당,유승희,True,,False
19,신계륜,申溪輪,1954-08-13,남,민주통합당,서울 성북구을,지역구,2012-05-30,2016-05-29,term_end,general,S2C3781V,kna members_19.parquet; NA-API 의원이력; NA-API ALLNAMEMBER; kowiki list oldid=40914874,1,,term_end,,term_start,term_end,,,서울특별시 성북구 을,,,더불어민주당,민주통합당,신계륜,True,,False
19,박인숙,朴仁淑,1948-11-10,여,새누리당,서울 송파구갑,지역구,2012-05-30,2016-05-29,term_end,general,IQ54138I,kna members_19.parquet; NA-API 의원이력; NA-API ALLNAMEMBER; kowiki list oldid=40914874,1,,term_end,,term_start,term_end,,,서울특별시 송파구 갑,,,새누리당,새누리당,박인숙 (1948년),True,,False
19,김을동,金乙東,1945-09-05,여,새누리당,서울 송파구병,지역구,2012-05-30,2016-05-29,term_end,general,3538970J,kna members_19.parquet; NA-API 의원이력; NA-API ALLNAMEMBER; kowiki list oldid=40914874,1,,term_end,,term_start,term_end,,,서울특별시 송파구 병,,,새누리당,새누리당,김을동,True,,False
19,유일호,柳一鎬,1955-03-30,남,새누리당,서울 송파구을,지역구,2012-05-30,2016-05-29,term_end,general,DMR40160,kna members_19.parquet; NA-API 의원이력; NA-API ALLNAMEMBER; kowiki list oldid=40914874,1,,term_end,,term_start,term_end,,,서울특별시 송파구 을,,,새누리당,새누리당,유일호,True,,False
19,길정우,吉炡宇,1955-02-04,남,새누리당,서울 양천구갑,지역구,2012-05-30,2016-05-29,term_end,general,N4B7983W,kna members_19.parquet; NA-API 의원이력; NA-API ALLNAMEMBER; kowiki list oldid=40914874,1,,term_end,,term_start,term_end,,,서울특별시 양천구 갑,,,새누리당,새누리당,길정우,True,,False
19,김용태,金容兌,1968-03-26,남,새누리당,서울 양천구을,지역구,2012-05-30,2016-05-29,term_end,general,AMF4093D,kna members_19.parquet; NA-API 의원이력; NA-API ALLNAMEMBER; kowiki list oldid=40914874,1,,term_end,,term_start,term_end,,,서울특별시 양천구 을,,,새누리당,새누리당,김용태 (1968년),True,,True
19,김영주,金榮珠,1955-07-27,여,민주통합당,서울 영등포구갑,지역구,2012-05-30,2016-05-29,term_end,general,0W194007,kna members_19.parquet; NA-API 의원이력; NA-API ALLNAMEMBER; kowiki list oldid=40914874,1,,term_end,,term_start,term_end,,,서울특별시 영등포구 갑,,,더불어민주당,민주통합당,김영주 (1955년),True,,True
19,신경민,辛京珉,1953-08-19,남,민주통합당,서울 영등포구을,지역구,2012-05-30,2016-05-29,term_end,general,BN49469V,kna members_19.parquet; NA-API 의원이력; NA-API ALLNAMEMBER; kowiki list oldid=40914874,1,,term_end,,term_start,term_end,,,서울특별시 영등포구 을,,,더불어민주당,민주통합당,신경민,True,,False
19,진영,陳永,1950-10-23,남,새누리당,서울 용산구,지역구,2012-05-30,2016-05-29,term_end,general,IDV9108J,kna members_19.parquet; NA-API 의원이력; NA-API ALLNAMEMBER; kowiki list oldid=40914874,1,,term_end,,term_start,term_end,,,서울특별시 용산구,,,더불어민주당,새누리당,진영 (정치인),True,,False
19,이미경,李美卿,1950-09-20,여,민주통합당,서울 은평구갑,지역구,2012-05-30,2016-05-29,term_end,general,EBU8493R,kna members_19.parquet; NA-API 의원이력; NA-API ALLNAMEMBER; kowiki list oldid=40914874,1,,term_end,,term_start,term_end,,,서울특별시 은평구 갑,,,더불어민주당,민주통합당,이미경 (1950년),True,,False
19,이재오,李在五,1945-01-11,남,새누리당,서울 은평구을,지역구,2012-05-30,2016-05-29,term_end,general,NDH62175,kna members_19.parquet; NA-API 의원이력; NA-API ALLNAMEMBER; kowiki list oldid=40914874,1,,term_end,,term_start,term_end,,,서울특별시 은평구 을,,,무소속,새누리당,이재오,True,,False
19,정세균,丁世均,1950-09-26,남,민주통합당,서울 종로구,지역구,2012-05-30,2016-05-29,term_end,general,DCN7433W,kna members_19.parquet; NA-API 의원이력; NA-API ALLNAMEMBER; kowiki list oldid=40914874,1,,term_end,,term_start,term_end,,,서울특별시 종로구,,,더불어민주당,민주통합당,정세균,True,,False
19,정호준,鄭皓駿,1971-02-19,남,민주통합당,서울 중구,지역구,2012-05-30,2016-05-29,term_end,general,V772925Y,kna members_19.parquet; NA-API 의원이력; NA-API ALLNAMEMBER; kowiki list oldid=40914874,1,,term_end,,term_start,term_end,,,서울특별시 중구,,,국민의당,민주통합당,정호준,True,,False
19,서영교,徐瑛敎,1964-11-11,여,민주통합당,서울 중랑구갑,지역구,2012-05-30,2016-05-29,term_end,general,TKJ4800F,kna members_19.parquet; NA-API 의원이력; NA-API ALLNAMEMBER; kowiki list oldid=40914874,1,,term_end,,term_start,term_end,,,서울특별시 중랑구 갑,,,더불어민주당,민주통합당,서영교,True,,False
19,박홍근,朴洪根,1969-10-08,남,민주통합당,서울 중랑구을,지역구,2012-05-30,2016-05-29,term_end,general,S824682L,kna members_19.parquet; NA-API 의원이력; NA-API ALLNAMEMBER; kowiki list oldid=40914874,1,,term_end,,term_start,term_end,,,서울특별시 중랑구 을,,,더불어민주당,민주통합당,박홍근 (정치인),True,,False
19,이해찬,李海瓚,1952-07-10,남,민주통합당,세종특별자치시,지역구,2012-05-30,2016-05-29,term_end,general,9ZP9014Q,kna members_19.parquet; NA-API 의원이력; NA-API ALLNAMEMBER; kowiki list oldid=40914874,1,,term_end,,term_start,term_end,,,세종특별자치시 세종특별자치시,,,무소속,민주통합당,이해찬,True,,False
19,이채익,李埰益,1955-05-27,남,새누리당,울산 남구갑,지역구,2012-05-30,2016-05-29,term_end,general,WDS6044S,kna members_19.parquet; NA-API 의원이력; NA-API ALLNAMEMBER; kowiki list oldid=40914874,1,,term_end,,term_start,term_end,,,울산광역시 남구 갑,,,새누리당,새누리당,이채익,True,,False
19,김기현,金起炫,1959-02-21,남,새누리당,울산 남구을,지역구,2012-05-30,2014-05-15,resigned,general,X7I4680R,kna members_19.parquet; NA-API 의원이력; NA-API ALLNAMEMBER; kowiki list oldid=40914874; kowiki 의석변동 oldid=42216872,1,,resigned_to_run_for_other_office,울산시장 후보자로 등록에 따른 퇴직 / 의원직 사퇴,term_start,confirmed,,wikilist+wikiseat,울산광역시 남구 을,,,새누리당,새누리당,김기현 (1959년),True,,False
19,박맹우,朴孟雨,1951-12-06,남,새누리당,울산 남구을,지역구,2014-07-30,2016-05-29,term_end,by_election,EUR98126,kna members_19.parquet; NA-API 의원이력; NA-API ALLNAMEMBER; kowiki list oldid=40914874; kowiki 의석변동 oldid=42216872,1,,term_end,,confirmed,term_end,wikilist,,울산광역시 남구 을,,,새누리당,새누리당,박맹우,True,,False
19,안효대,安孝大,1955-07-27,남,새누리당,울산 동구,지역구,2012-05-30,2016-05-29,term_end,general,0XK21509,kna members_19.parquet; NA-API 의원이력; NA-API ALLNAMEMBER; kowiki list oldid=40914874,1,,term_end,,term_start,term_end,,,울산광역시 동구,,,새누리당,새누리당,안효대,True,,False
19,박대동,朴大東,1951-05-13,남,새누리당,울산 북구,지역구,2012-05-30,2016-05-29,term_end,general,DSU7667M,kna members_19.parquet; NA-API 의원이력; NA-API ALLNAMEMBER; kowiki list oldid=40914874,1,,term_end,,term_start,term_end,,,울산광역시 북구,,,새누리당,새누리당,박대동,True,,False
19,강길부,姜吉夫,1942-06-05,남,새누리당,울산 울주군,지역구,2012-05-30,2016-05-29,term_end,general,XQ98168F,kna members_19.parquet; NA-API 의원이력; NA-API ALLNAMEMBER; kowiki list oldid=40914874,1,,term_end,,term_start,term_end,,,울산광역시 울주군,,,무소속,새누리당,강길부,True,,False
19,정갑윤,鄭甲潤,1950-11-08,남,새누리당,울산 중구,지역구,2012-05-30,2016-05-29,term_end,general,CYD5815E,kna members_19.parquet; NA-API 의원이력; NA-API ALLNAMEMBER; kowiki list oldid=40914874,1,,term_end,,term_start,term_end,,,울산광역시 중구,,,새누리당,새누리당,정갑윤,True,,False
19,신학용,辛鶴用,1952-01-21,남,민주통합당,인천 계양구갑,지역구,2012-05-30,2016-05-29,term_end,general,QT984813,kna members_19.parquet; NA-API 의원이력; NA-API ALLNAMEMBER; kowiki list oldid=40914874,1,,term_end,,term_start,term_end,,,인천광역시 계양구 갑,,,국민의당,민주통합당,신학용,True,,False
19,최원식,崔元植,1963-03-08,남,민주통합당,인천 계양구을,지역구,2012-05-30,2016-05-29,term_end,general,EOY55268,kna members_19.parquet; NA-API 의원이력; NA-API ALLNAMEMBER; kowiki list oldid=40914874,1,,term_end,,term_start,term_end,,,인천광역시 계양구 을,,,국민의당,민주통합당,최원식 (1963년),True,,False
19,홍일표,洪日杓,1956-02-11,남,새누리당,인천 남구갑,지역구,2012-05-30,2016-05-29,term_end,general,06L2365K,kna members_19.parquet; NA-API 의원이력; NA-API ALLNAMEMBER; kowiki list oldid=40914874,1,,term_end,,term_start,term_end,,,인천광역시 남구 갑,,,새누리당,새누리당,홍일표,True,,False
19,윤상현,尹相現,1962-12-01,남,새누리당,인천 남구을,지역구,2012-05-30,2016-05-29,term_end,general,MSY7784L,kna members_19.parquet; NA-API 의원이력; NA-API ALLNAMEMBER; kowiki list oldid=40914874,1,,term_end,,term_start,term_end,,,인천광역시 남구 을,,,무소속,새누리당,윤상현 (정치인),True,,False
19,박남춘,朴南春,1958-07-02,남,민주통합당,인천 남동구갑,지역구,2012-05-30,2016-05-29,term_end,general,24E9427D,kna members_19.parquet; NA-API 의원이력; NA-API ALLNAMEMBER; kowiki list oldid=40914874,1,,term_end,,term_start,term_end,,,인천광역시 남동구 갑,,,더불어민주당,민주통합당,박남춘,True,,False
19,윤관석,尹官石,1960-08-17,남,민주통합당,인천 남동구을,지역구,2012-05-30,2016-05-29,term_end,general,JMY9959W,kna members_19.parquet; NA-API 의원이력; NA-API ALLNAMEMBER; kowiki list oldid=40914874,1,,term_end,,term_start,term_end,,,인천광역시 남동구 을,,,더불어민주당,민주통합당,윤관석,True,,False
19,문병호,文炳浩,1959-12-27,남,민주통합당,인천 부평구갑,지역구,2012-05-30,2016-05-29,term_end,general,RYL1698T,kna members_19.parquet; NA-API 의원이력; NA-API ALLNAMEMBER; kowiki list oldid=40914874,1,,term_end,,term_start,term_end,,,인천광역시 부평구 갑,,,국민의당,민주통합당,문병호,True,,False
19,홍영표,洪永杓,1957-04-30,남,민주통합당,인천 부평구을,지역구,2012-05-30,2016-05-29,term_end,general,KR14136C,kna members_19.parquet; NA-API 의원이력; NA-API ALLNAMEMBER; kowiki list oldid=40914874,1,,term_end,,term_start,term_end,,,인천광역시 부평구 을,,,더불어민주당,민주통합당,홍영표,True,,False
19,이학재,李鶴宰,1964-08-19,남,새누리당,인천 서구강화군갑,지역구,2012-05-30,2016-05-29,term_end,general,AJV31724,kna members_19.parquet; NA-API 의원이력; NA-API ALLNAMEMBER; kowiki list oldid=40914874,1,,term_end,,term_start,term_end,,,인천광역시 서구·강화군 갑,,,새누리당,새누리당,이학재 (정치인),True,,False
19,안덕수,安德壽,1946-01-26,남,새누리당,인천 서구강화군을,지역구,2012-05-30,2015-03-12,disqualified,general,6YO6092T,kna members_19.parquet; NA-API 의원이력; NA-API ALLNAMEMBER; kowiki list oldid=40914874; kowiki 의석변동 oldid=42216872,1,,court_ruling_election_law,대법원에서 회계 책임자의 선거법 위반으로 의원직 당선 무효형 확정 / 의원직 상실,term_start,confirmed,,wikilist+wikiseat,인천광역시 서구·강화군 을,,,새누리당,새누리당,안덕수,True,,False
19,안상수,安相洙,1946-05-28,남,새누리당,인천 서구강화군을,지역구,2015-04-29,2016-05-29,term_end,by_election,A486635H,kna members_19.parquet; NA-API 의원이력; NA-API ALLNAMEMBER; kowiki list oldid=40914874; kowiki 의석변동 oldid=42216872,1,,term_end,,confirmed,term_end,wikilist,,인천광역시 서구·강화군 을,,,무소속,새누리당,안상수 (인천 출신 정치인),True,,True
19,황우여,黃祐呂,1947-08-03,남,새누리당,인천 연수구,지역구,2012-05-30,2016-05-29,term_end,general,Q5X4506F,kna members_19.parquet; NA-API 의원이력; NA-API ALLNAMEMBER; kowiki list oldid=40914874,1,,term_end,,term_start,term_end,,,인천광역시 연수구,,,새누리당,새누리당,황우여,True,,False
19,박상은,朴商銀,1949-09-01,남,새누리당,인천 중구동구옹진군,지역구,2012-05-30,2015-12-24,disqualified,general,RK22879B,kna members_19.parquet; NA-API 의원이력; NA-API ALLNAMEMBER; kowiki list oldid=40914874; kowiki 의석변동 oldid=42216872,1,,court_ruling_election_law,공직선거법 위반 및 정치자금법 위반으로 당선 무효 / 의원직 상실,term_start,confirmed,,wikilist+wikiseat,인천광역시 중구·동구·옹진군,,,새누리당,새누리당,박상은 (1949년),True,,False
19,김승남,金承南,1965-10-06,남,민주통합당,전남 고흥군보성군,지역구,2012-05-30,2016-05-29,term_end,general,P2N4585G,kna members_19.parquet; NA-API 의원이력; NA-API ALLNAMEMBER; kowiki list oldid=40914874,1,,term_end,,term_start,term_end,,,전라남도 고흥군·보성군,,,더불어민주당,민주통합당,김승남 (정치인),True,,False
19,우윤근,禹潤根,1957-09-24,남,민주통합당,전남 광양시구례군,지역구,2012-05-30,2016-05-29,term_end,general,R7753197,kna members_19.parquet; NA-API 의원이력; NA-API ALLNAMEMBER; kowiki list oldid=40914874,1,,term_end,,term_start,term_end,,,전라남도 광양시·구례군,,,더불어민주당,민주통합당,우윤근,True,,False
19,배기운,裵奇雲,1950-09-29,남,민주통합당,전남 나주시화순군,지역구,2012-05-30,2014-06-12,disqualified,general,AIP8367M,kna members_19.parquet; NA-API 의원이력; NA-API ALLNAMEMBER; kowiki list oldid=40914874; kowiki 의석변동 oldid=42216872,1,,court_ruling_election_law,공직 선거법 위반에 대법원에서 의해 당선 무효형 확정 / 의원직 상실,term_start,confirmed,,wikilist+wikiseat,전라남도 나주시·화순군,,,새정치민주연합,민주통합당,배기운,True,,False
19,신정훈,辛正勳,1964-12-06,남,새정치민주연합,전남 나주시화순군,지역구,2014-07-30,2016-05-29,term_end,by_election,M7O7878U,kna members_19.parquet; NA-API 의원이력; NA-API ALLNAMEMBER; kowiki list oldid=40914874; kowiki 의석변동 oldid=42216872,1,,term_end,,confirmed,term_end,wikilist,,전라남도 나주시·화순군,,,더불어민주당,새정치민주연합,신정훈,True,,False
19,이낙연,李洛淵,1952-12-20,남,민주통합당,전남 담양군함평군영광군장성군,지역구,2012-05-30,2014-05-15,resigned,general,0767470D,kna members_19.parquet; NA-API 의원이력; NA-API ALLNAMEMBER; kowiki list oldid=40914874; kowiki 의석변동 oldid=42216872,1,,resigned_to_run_for_other_office,전남지사 후보자로 등록에 따른 퇴직 / 의원직 사퇴,term_start,confirmed,,wikiseat,전라남도 담양군·함평군·영광군·장성군,,,민주당,민주통합당,이낙연,True,,False
19,이개호,李介昊,1959-06-23,남,새정치민주연합,전남 담양군함평군영광군장성군,지역구,2014-07-30,2016-05-29,term_end,by_election,I7R13867,kna members_19.parquet; NA-API 의원이력; NA-API ALLNAMEMBER; kowiki list oldid=40914874; kowiki 의석변동 oldid=42216872,1,,term_end,,confirmed,term_end,wikilist,,전라남도 담양군·함평군·영광군·장성군,,,더불어민주당,새정치민주연합,이개호,True,,False
19,박지원,朴智元,1942-06-05,남,민주통합당,전남 목포시,지역구,2012-05-30,2016-05-29,term_end,general,8BF5855P,kna members_19.parquet; NA-API 의원이력; NA-API ALLNAMEMBER; kowiki list oldid=40914874,1,,term_end,,term_start,term_end,,,전라남도 목포시,,,국민의당,민주통합당,박지원 (1942년),True,,True
19,이윤석,李潤錫,1960-03-16,남,민주통합당,전남 무안군신안군,지역구,2012-05-30,2016-05-29,term_end,general,0667420L,kna members_19.parquet; NA-API 의원이력; NA-API ALLNAMEMBER; kowiki list oldid=40914874,1,,term_end,,term_start,term_end,,,전라남도 무안군·신안군,,,무소속,민주통합당,이윤석 (1960년),True,,False
19,김선동,金先東,1967-09-09,남,통합진보당,전남 순천시곡성군,지역구,2012-05-30,2014-06-12,disqualified,general,ZC87486D,kna members_19.parquet; NA-API 의원이력; NA-API ALLNAMEMBER; kowiki list oldid=40914874; kowiki 의석변동 oldid=42216872,1,,court_ruling_other_or_unspecified,총포·도검·화약류등 단속법 위반에 따른 대법원에서 의원직 상실 / 의원직 상실,term_start,confirmed,,wikilist+wikiseat,전라남도 순천시·곡성군,,,통합진보당,통합진보당,김선동 (1967년),True,,True
19,이정현,李貞鉉,1958-09-01,남,새누리당,전남 순천시곡성군,지역구,2014-07-31,2016-05-29,term_end,by_election,7AN97172,kna members_19.parquet; NA-API 의원이력; NA-API ALLNAMEMBER; kowiki list oldid=40914874; kowiki 의석변동 oldid=42216872,1,,term_end,,confirmed,term_end,wikiseat,,전라남도 순천시·곡성군,,,새누리당,새누리당,이정현 (정치인),True,,False
19,김성곤,金星坤,1952-11-06,남,민주통합당,전남 여수시갑,지역구,2012-05-30,2016-05-29,term_end,general,3O66539X,kna members_19.parquet; NA-API 의원이력; NA-API ALLNAMEMBER; kowiki list oldid=40914874,1,,term_end,,term_start,term_end,,,전라남도 여수시 갑,,,더불어민주당,민주통합당,김성곤 (1952년),True,,False
19,주승용,朱昇鎔,1952-07-27,남,민주통합당,전남 여수시을,지역구,2012-05-30,2016-05-29,term_end,general,GCA42857,kna members_19.parquet; NA-API 의원이력; NA-API ALLNAMEMBER; kowiki list oldid=40914874,1,,term_end,,term_start,term_end,,,전라남도 여수시 을,,,국민의당,민주통합당,주승용,True,,False
19,황주홍,黃柱洪,1952-02-27,남,민주통합당,전남 장흥군강진군영암군,지역구,2012-05-30,2016-05-29,term_end,general,JOY4394O,kna members_19.parquet; NA-API 의원이력; NA-API ALLNAMEMBER; kowiki list oldid=40914874,1,,term_end,,term_start,term_end,,,전라남도 장흥군·강진군·영암군,,,국민의당,민주통합당,황주홍,True,,False
19,김영록,金瑛錄,1955-02-17,남,민주통합당,전남 해남군완도군진도군,지역구,2012-05-30,2016-05-29,term_end,general,5JA4781U,kna members_19.parquet; NA-API 의원이력; NA-API ALLNAMEMBER; kowiki list oldid=40914874,1,,term_end,,term_start,term_end,,,전라남도 해남군·완도군·진도군,,,더불어민주당,민주통합당,김영록,True,,False
19,김춘진,金椿鎭,1953-01-24,남,민주통합당,전북 고창군부안군,지역구,2012-05-30,2016-05-29,term_end,general,QZG38143,kna members_19.parquet; NA-API 의원이력; NA-API ALLNAMEMBER; kowiki list oldid=40914874,1,,term_end,,term_start,term_end,,,전라북도 고창군·부안군,,,더불어민주당,민주통합당,김춘진,True,,False
19,김관영,金寬永,1969-11-15,남,민주통합당,전북 군산시,지역구,2012-05-30,2016-05-29,term_end,general,W168182V,kna members_19.parquet; NA-API 의원이력; NA-API ALLNAMEMBER; kowiki list oldid=40914874,1,,term_end,,term_start,term_end,,,전라북도 군산시,,,국민의당,민주통합당,김관영,True,,False
19,최규성,崔圭成,1950-02-04,남,민주통합당,전북 김제시완주군,지역구,2012-05-30,2016-05-29,term_end,general,53Y1887H,kna members_19.parquet; NA-API 의원이력; NA-API ALLNAMEMBER; kowiki list oldid=40914874,1,,term_end,,term_start,term_end,,,전라북도 김제시·완주군,,,더불어민주당,민주통합당,최규성,True,,False
19,강동원,姜東遠,1953-01-20,남,통합진보당,전북 남원시순창군,지역구,2012-05-30,2016-05-29,term_end,general,1WP9325U,kna members_19.parquet; NA-API 의원이력; NA-API ALLNAMEMBER; kowiki list oldid=40914874,1,,term_end,,term_start,term_end,,,전라북도 남원시·순창군,,,무소속,통합진보당,강동원 (1953년),True,,False
19,이춘석,李春錫,1963-03-07,남,민주통합당,전북 익산시갑,지역구,2012-05-30,2016-05-29,term_end,general,V2R7430Z,kna members_19.parquet; NA-API 의원이력; NA-API ALLNAMEMBER; kowiki list oldid=40914874,1,,term_end,,term_start,term_end,,,전라북도 익산시 갑,,,더불어민주당,민주통합당,이춘석,True,,False
19,전정희,全正姬,1960-10-24,여,민주통합당,전북 익산시을,지역구,2012-05-30,2016-05-29,term_end,general,0WM96169,kna members_19.parquet; NA-API 의원이력; NA-API ALLNAMEMBER; kowiki list oldid=40914874,1,,term_end,,term_start,term_end,,,전라북도 익산시 을,,,국민의당,민주통합당,전정희 (정치인),True,,False
19,김성주,金成柱,1964-04-10,남,민주통합당,전북 전주시덕진구,지역구,2012-05-30,2016-05-29,term_end,general,2UD1340H,kna members_19.parquet; NA-API 의원이력; NA-API ALLNAMEMBER; kowiki list oldid=40914874,1,,term_end,,term_start,term_end,,,전라북도 전주시 덕진구,,,더불어민주당,민주통합당,김성주 (1964년),True,,False
19,김윤덕,金潤德,1966-05-23,남,민주통합당,전북 전주시완산구갑,지역구,2012-05-30,2016-05-29,term_end,general,JZY9937U,kna members_19.parquet; NA-API 의원이력; NA-API ALLNAMEMBER; kowiki list oldid=40914874,1,,term_end,,term_start,term_end,,,전라북도 전주시 완산구 갑,,,더불어민주당,민주통합당,김윤덕 (1966년),True,,False
19,이상직,李相稷,1963-01-30,남,민주통합당,전북 전주시완산구을,지역구,2012-05-30,2016-05-29,term_end,general,CFE3998F,kna members_19.parquet; NA-API 의원이력; NA-API ALLNAMEMBER; kowiki list oldid=40914874,1,,term_end,,term_start,term_end,,,전라북도 전주시 완산구 을,,,더불어민주당,민주통합당,이상직,True,,False
19,유성엽,柳成葉,1960-01-25,남,무소속,전북 정읍시,지역구,2012-05-30,2016-05-29,term_end,general,I7Z3068X,kna members_19.parquet; NA-API 의원이력; NA-API ALLNAMEMBER; kowiki list oldid=40914874,1,,term_end,,term_start,term_end,,,전라북도 정읍시,,,국민의당,무소속,유성엽,True,,False
19,박민수,朴敏秀,1964-09-21,남,민주통합당,전북 진안군무주군장수군임실군,지역구,2012-05-30,2016-05-29,term_end,general,J8545024,kna members_19.parquet; NA-API 의원이력; NA-API ALLNAMEMBER; kowiki list oldid=40914874,1,,term_end,,term_start,term_end,,,전라북도 진안군·무주군·장수군·임실군,,,더불어민주당,민주통합당,박민수 (변호사),True,,False
19,김재윤,金才允,1965-05-24,남,민주통합당,제주 서귀포시,지역구,2012-05-30,2015-11-12,disqualified,general,R724713H,kna members_19.parquet; NA-API 의원이력; NA-API ALLNAMEMBER; kowiki list oldid=40914874; kowiki 의석변동 oldid=42216872,1,,court_ruling_other_or_unspecified,입법로비 혐의으로 대법원에서 의원직 상실 / 의원직 상실,term_start,confirmed,,wikilist+wikiseat,제주특별자치도 서귀포시,,,새정치민주연합,민주통합당,김재윤 (1965년),True,,False
19,강창일,姜昌一,1952-01-28,남,민주통합당,제주 제주시갑,지역구,2012-05-30,2016-05-29,term_end,general,TOU1222X,kna members_19.parquet; NA-API 의원이력; NA-API ALLNAMEMBER; kowiki list oldid=40914874,1,,term_end,,term_start,term_end,,,제주특별자치도 제주시 갑,,,더불어민주당,민주통합당,강창일,True,,False
19,김우남,金宇南,1955-05-23,남,민주통합당,제주 제주시을,지역구,2012-05-30,2016-05-29,term_end,general,N3Q3468A,kna members_19.parquet; NA-API 의원이력; NA-API ALLNAMEMBER; kowiki list oldid=40914874,1,,term_end,,term_start,term_end,,,제주특별자치도 제주시 을,,,더불어민주당,민주통합당,김우남,True,,False
19,박수현,朴洙賢,1964-08-14,남,민주통합당,충남 공주시,지역구,2012-05-30,2016-05-29,term_end,general,5TQ6306B,kna members_19.parquet; NA-API 의원이력; NA-API ALLNAMEMBER; kowiki list oldid=40914874,1,,term_end,,term_start,term_end,,,충청남도 공주시,,,더불어민주당,민주통합당,박수현 (1964년),True,,False
19,이인제,李仁濟,1948-12-11,남,자유선진당,충남 논산시계룡시금산군,지역구,2012-05-30,2016-05-29,term_end,general,HJI9845B,kna members_19.parquet; NA-API 의원이력; NA-API ALLNAMEMBER; kowiki list oldid=40914874,1,,term_end,,term_start,term_end,,,충청남도 논산시·계룡시·금산군,,,새누리당,자유선진당,이인제,True,,False
19,김동완,金東完,1958-06-20,남,새누리당,충남 당진시,지역구,2012-05-30,2016-05-29,term_end,general,NKU2941B,kna members_19.parquet; NA-API 의원이력; NA-API ALLNAMEMBER; kowiki list oldid=40914874,1,,term_end,,term_start,term_end,,,충청남도 당진시,,,새누리당,새누리당,김동완 (1958년),True,,False
19,김태흠,金泰欽,1963-01-11,남,새누리당,충남 보령시서천군,지역구,2012-05-30,2016-05-29,term_end,general,TVF3669B,kna members_19.parquet; NA-API 의원이력; NA-API ALLNAMEMBER; kowiki list oldid=40914874,1,,term_end,,term_start,term_end,,,충청남도 보령시·서천군,,,새누리당,새누리당,김태흠,True,,False
19,김근태,金瑾泰,1952-11-26,남,새누리당,충남 부여군청양군,지역구,2012-05-30,2013-02-28,disqualified,general,U168240U,kna members_19.parquet; NA-API 의원이력; NA-API ALLNAMEMBER; kowiki list oldid=40914874; kowiki 의석변동 oldid=42216872,1,,court_ruling_election_law,공직선거법 위반 혐의으로 인한 대법원에서 당선 무효형 확정 / 의원직 상실,term_start,confirmed,,wikilist+wikiseat,충청남도 부여군·청양군,,,새누리당,새누리당,김근태 (군인),True,,True
19,이완구,李完九,1950-06-02,남,새누리당,충남 부여군청양군,지역구,2013-04-25,2016-05-29,term_end,by_election,WCA3290J,kna members_19.parquet; NA-API 의원이력; NA-API ALLNAMEMBER; kowiki list oldid=40914874; kowiki 의석변동 oldid=42216872,1,,term_end,,confirmed,term_end,wikiseat,,충청남도 부여군·청양군,,,새누리당,새누리당,이완구,True,,False
19,성완종,成完鍾,1951-08-20,남,자유선진당,충남 서산시태안군,지역구,2012-05-30,2014-06-26,disqualified,general,4I848418,kna members_19.parquet; NA-API 의원이력; NA-API ALLNAMEMBER; kowiki list oldid=40914874; kowiki 의석변동 oldid=42216872,1,,court_ruling_election_law,공직 선거법 위반에 따른 혐의로 대법원에서 당선 무효형 확정 / 의원직 상실,term_start,confirmed,,wikilist+wikiseat,충청남도 서산시·태안군,,,새누리당,자유선진당,성완종,True,,False
19,김제식,金濟植,1957-07-10,남,새누리당,충남 서산시태안군,지역구,2014-07-30,2016-05-29,term_end,by_election,5Z47834I,kna members_19.parquet; NA-API 의원이력; NA-API ALLNAMEMBER; kowiki list oldid=40914874; kowiki 의석변동 oldid=42216872,1,,term_end,,confirmed,term_end,wikilist,,충청남도 서산시·태안군,,,새누리당,새누리당,김제식,True,,False
19,이명수,李明洙,1955-02-11,남,자유선진당,충남 아산시,지역구,2012-05-30,2016-05-29,term_end,general,6YT83269,kna members_19.parquet; NA-API 의원이력; NA-API ALLNAMEMBER; kowiki list oldid=40914874,1,,term_end,,term_start,term_end,,,충청남도 아산시,,,새누리당,자유선진당,이명수 (1955년),True,,False
19,양승조,梁承晁,1959-03-21,남,민주통합당,충남 천안시갑,지역구,2012-05-30,2016-05-29,term_end,general,TIS61927,kna members_19.parquet; NA-API 의원이력; NA-API ALLNAMEMBER; kowiki list oldid=40914874,1,,term_end,,term_start,term_end,,,충청남도 천안시 갑,,,더불어민주당,민주통합당,양승조,True,,False
19,박완주,朴完柱,1966-11-10,남,민주통합당,충남 천안시을,지역구,2012-05-30,2016-05-29,term_end,general,A3H7195R,kna members_19.parquet; NA-API 의원이력; NA-API ALLNAMEMBER; kowiki list oldid=40914874,1,,term_end,,term_start,term_end,,,충청남도 천안시 을,,,더불어민주당,민주통합당,박완주,True,,False
19,홍문표,洪文杓,1947-10-05,남,새누리당,충남 홍성군예산군,지역구,2012-05-30,2016-05-29,term_end,general,GD131760,kna members_19.parquet; NA-API 의원이력; NA-API ALLNAMEMBER; kowiki list oldid=40914874,1,,term_end,,term_start,term_end,,,충청남도 홍성군·예산군,,,새누리당,새누리당,홍문표,True,,False
19,박덕흠,朴德欽,1953-10-18,남,새누리당,충북 보은군옥천군영동군,지역구,2012-05-30,2016-05-29,term_end,general,N4R2421C,kna members_19.parquet; NA-API 의원이력; NA-API ALLNAMEMBER; kowiki list oldid=40914874,1,,term_end,,term_start,term_end,,,충청북도 보은군·옥천군·영동군,,,새누리당,새누리당,박덕흠,True,,False
19,송광호,宋光浩,1942-05-10,남,새누리당,충북 제천시단양군,지역구,2012-05-30,2015-11-12,disqualified,general,LJJ52334,kna members_19.parquet; NA-API 의원이력; NA-API ALLNAMEMBER; kowiki list oldid=40914874; kowiki 의석변동 oldid=42216872,1,,court_ruling_other_or_unspecified,철도비리 혐의으로 대법원에서 의원직 상실 / 의원직 상실,term_start,confirmed,,wikilist+wikiseat,충청북도 제천시·단양군,,,새누리당,새누리당,송광호,True,,False
19,경대수,慶大秀,1958-03-18,남,새누리당,충북 증평군진천군괴산군음성군,지역구,2012-05-30,2016-05-29,term_end,general,23D73143,kna members_19.parquet; NA-API 의원이력; NA-API ALLNAMEMBER; kowiki list oldid=40914874,1,,term_end,,term_start,term_end,,,충청북도 증평군·진천군·괴산군·음성군,,,새누리당,새누리당,경대수,True,,False
19,변재일,卞在一,1948-09-02,남,민주통합당,충북 청원군,지역구,2012-05-30,2016-05-29,term_end,general,MO52543L,kna members_19.parquet; NA-API 의원이력; NA-API ALLNAMEMBER; kowiki list oldid=40914874,1,,term_end,,term_start,term_end,,,충청북도 청원군,,,더불어민주당,민주통합당,변재일,True,,False
19,정우택,鄭宇澤,1953-02-18,남,새누리당,충북 청주시상당구,지역구,2012-05-30,2016-05-29,term_end,general,VHK3402G,kna members_19.parquet; NA-API 의원이력; NA-API ALLNAMEMBER; kowiki list oldid=40914874,1,,term_end,,term_start,term_end,,,충청북도 청주시 상당구,,,새누리당,새누리당,정우택 (1953년),True,,False
19,오제세,吳濟世,1949-04-05,남,민주통합당,충북 청주시흥덕구갑,지역구,2012-05-30,2016-05-29,term_end,general,SVH30067,kna members_19.parquet; NA-API 의원이력; NA-API ALLNAMEMBER; kowiki list oldid=40914874,1,,term_end,,term_start,term_end,,,충청북도 청주시 흥덕구 갑,,,더불어민주당,민주통합당,오제세,True,,False
19,노영민,盧英敏,1957-11-25,남,민주통합당,충북 청주시흥덕구을,지역구,2012-05-30,2016-05-29,term_end,general,XBJ9297Q,kna members_19.parquet; NA-API 의원이력; NA-API ALLNAMEMBER; kowiki list oldid=40914874,1,,term_end,,term_start,term_end,,,충청북도 청주시 흥덕구 을,,,더불어민주당,민주통합당,노영민,True,,False
19,윤진식,尹鎭植,1946-03-04,남,새누리당,충북 충주시,지역구,2012-05-30,2014-05-15,resigned,general,S7E4736F,kna members_19.parquet; NA-API 의원이력; NA-API ALLNAMEMBER; kowiki list oldid=40914874; kowiki 의석변동 oldid=42216872,1,,resigned_to_run_for_other_office,충북지사 후보자로 등록에 따른 퇴직 / 의원직 사퇴,term_start,confirmed,,wikiseat,충청북도 충주시,,,새누리당,새누리당,윤진식,True,,False
19,이종배,李鍾培,1957-05-30,남,새누리당,충북 충주시,지역구,2014-07-30,2016-05-29,term_end,by_election,HSW1214Q,kna members_19.parquet; NA-API 의원이력; NA-API ALLNAMEMBER; kowiki list oldid=40914874; kowiki 의석변동 oldid=42216872,1,,term_end,,confirmed,term_end,wikilist,,충청북도 충주시,,,새누리당,새누리당,이종배,True,,False
19,강은희,姜恩姬,1964-10-23,여,새누리당,비례대표,비례대표,2012-05-30,2016-01-18,resigned,general,3MR75193,kna members_19.parquet; NA-API 의원이력; NA-API ALLNAMEMBER; kowiki list oldid=40914874; kowiki 의석변동 oldid=42216872,1,,resigned_on_appointment,여성가족부 장관 임명후 의원직 사퇴 / 의원직 사퇴,term_start,conflict,,wikilist=2015-12-21; wikiseat=2016-01-19,,새누리당,5,새누리당,새누리당,강은희,True,,False
19,김광진,金光珍,1981-04-28,남,민주통합당,비례대표,비례대표,2012-05-30,2016-05-29,term_end,general,9LK1769G,kna members_19.parquet; NA-API 의원이력; NA-API ALLNAMEMBER; kowiki list oldid=40914874,1,,term_end,,term_start,term_end,,,,민주통합당,10,더불어민주당,민주통합당,김광진 (정치인),True,,False
19,김기식,金起式,1966-03-06,남,민주통합당,비례대표,비례대표,2012-05-30,2016-05-29,term_end,general,EC57622S,kna members_19.parquet; NA-API 의원이력; NA-API ALLNAMEMBER; kowiki list oldid=40914874,1,,term_end,,term_start,term_end,,,,민주통합당,14,더불어민주당,민주통합당,김기식,True,,False
19,김기준,金基俊,1957-07-04,남,민주통합당,비례대표,비례대표,2012-05-30,2016-05-29,term_end,general,YNC4052A,kna members_19.parquet; NA-API 의원이력; NA-API ALLNAMEMBER; kowiki list oldid=40914874,1,,term_end,,term_start,term_end,,,,민주통합당,12,더불어민주당,민주통합당,김기준,True,,False
19,김상민,金相珉,1973-07-14,남,새누리당,비례대표,비례대표,2012-05-30,2016-05-29,term_end,general,WXO1612R,kna members_19.parquet; NA-API 의원이력; NA-API ALLNAMEMBER; kowiki list oldid=40914874,1,,term_end,,term_start,term_end,,,,새누리당,22,새누리당,새누리당,김상민 (정치인),True,,False
19,김영주,金永柱,1954-08-26,남,자유선진당,비례대표,비례대표,2012-05-30,2013-12-12,disqualified,general,E6S73230,kna members_19.parquet; NA-API 의원이력; NA-API ALLNAMEMBER; kowiki list oldid=40914874; kowiki 의석변동 oldid=42216872,1,,court_ruling_election_law,공직선거법 위반 혐의로 대법원에서 당선 무효형 확정 / 의원직 상실,term_start,confirmed,,wikilist+wikiseat,,자유선진당,2,새누리당,자유선진당,김영주 (1954년),True,,True
19,김용익,金容益,1952-08-22,남,민주통합당,비례대표,비례대표,2012-05-30,2016-05-29,term_end,general,ZP141168,kna members_19.parquet; NA-API 의원이력; NA-API ALLNAMEMBER; kowiki list oldid=40914874,1,,term_end,,term_start,term_end,,,,민주통합당,6,더불어민주당,민주통합당,김용익 (1952년),True,,False
19,김장실,金長實,1956-03-15,남,새누리당,비례대표,비례대표,2012-05-30,2016-05-29,term_end,general,CHN4172Q,kna members_19.parquet; NA-API 의원이력; NA-API ALLNAMEMBER; kowiki list oldid=40914874,1,,term_end,,term_start,term_end,,,,새누리당,14,새누리당,새누리당,김장실,True,,False
19,김재연,金在姸,1980-10-30,여,통합진보당,비례대표,비례대표,2012-05-30,2014-12-19,disqualified,general,S7O71101,kna members_19.parquet; NA-API 의원이력; NA-API ALLNAMEMBER; kowiki list oldid=40914874; kowiki 의석변동 oldid=42216872,1,,court_ruling_other_or_unspecified,헌법재판소가 위헌정당 판결로 해산되어 의원직 상실 / 의원직 상실,term_start,confirmed,,wikilist+wikiseat,,통합진보당,3,통합진보당,통합진보당,김재연 (정치인),True,,False
19,김정록,金正錄,1951-06-22,남,새누리당,비례대표,비례대표,2012-05-30,2016-05-29,term_end,general,XZT48020,kna members_19.parquet; NA-API 의원이력; NA-API ALLNAMEMBER; kowiki list oldid=40914874,1,,term_end,,term_start,term_end,,,,새누리당,2,새누리당,새누리당,김정록 (1951년),True,,False
19,김제남,金霽南,1963-06-12,여,통합진보당,비례대표,비례대표,2012-05-30,2016-05-29,term_end,general,06K9071F,kna members_19.parquet; NA-API 의원이력; NA-API ALLNAMEMBER; kowiki list oldid=40914874,1,,term_end,,term_start,term_end,,,,통합진보당,5,정의당,통합진보당,김제남 (1963년),True,,False
19,김현,金玄,1965-10-15,여,민주통합당,비례대표,비례대표,2012-05-30,2016-05-29,term_end,general,7YL9580G,kna members_19.parquet; NA-API 의원이력; NA-API ALLNAMEMBER; kowiki list oldid=40914874,1,,term_end,,term_start,term_end,,,,민주통합당,17,더불어민주당,민주통합당,김현 (정치인),True,,False
19,김현숙,金賢淑,1966-05-10,여,새누리당,비례대표,비례대표,2012-05-30,2015-08-04,resigned,general,LGG10412,kna members_19.parquet; NA-API 의원이력; NA-API ALLNAMEMBER; kowiki list oldid=40914874; kowiki 의석변동 oldid=42216872,1,,resigned_on_appointment,청와대 고용복지수석 임명에 따른 의원직 사퇴 / 의원직 상실,term_start,confirmed,,wikilist+wikiseat,,새누리당,13,새누리당,새누리당,김현숙 (1966년),True,,False
19,남인순,南仁順,1958-11-05,여,민주통합당,비례대표,비례대표,2012-05-30,2016-05-29,term_end,general,04T3751T,kna members_19.parquet; NA-API 의원이력; NA-API ALLNAMEMBER; kowiki list oldid=40914874,1,,term_end,,term_start,term_end,,,,민주통합당,9,더불어민주당,민주통합당,남인순,True,,False
19,도종환,都鍾煥,1955-09-27,남,민주통합당,비례대표,비례대표,2012-05-30,2016-05-29,term_end,general,J2O8643H,kna members_19.parquet; NA-API 의원이력; NA-API ALLNAMEMBER; kowiki list oldid=40914874,1,,term_end,,term_start,term_end,,,,민주통합당,16,더불어민주당,민주통합당,도종환,True,,False
19,류지영,柳知영,1950-03-04,여,새누리당,비례대표,비례대표,2012-05-30,2016-05-29,term_end,general,EJS5449A,kna members_19.parquet; NA-API 의원이력; NA-API ALLNAMEMBER; kowiki list oldid=40914874,1,,term_end,,term_start,term_end,,,,새누리당,17,새누리당,새누리당,류지영,True,,False
19,문정림,文靜林,1961-12-22,여,자유선진당,비례대표,비례대표,2012-05-30,2016-05-29,term_end,general,3EF4589Q,kna members_19.parquet; NA-API 의원이력; NA-API ALLNAMEMBER; kowiki list oldid=40914874,1,,term_end,,term_start,term_end,,,,자유선진당,1,새누리당,자유선진당,문정림,True,,False
19,민병주,閔丙珠,1959-02-26,여,새누리당,비례대표,비례대표,2012-05-30,2016-05-29,term_end,general,PTC5301T,kna members_19.parquet; NA-API 의원이력; NA-API ALLNAMEMBER; kowiki list oldid=40914874,1,,term_end,,term_start,term_end,,,,새누리당,1,새누리당,새누리당,민병주,True,,False
19,민현주,閔炫珠,1969-07-23,여,새누리당,비례대표,비례대표,2012-05-30,2016-05-29,term_end,general,97C8328D,kna members_19.parquet; NA-API 의원이력; NA-API ALLNAMEMBER; kowiki list oldid=40914874,1,,term_end,,term_start,term_end,,,,새누리당,19,새누리당,새누리당,민현주,True,,False
19,박근혜,朴槿惠,1952-02-02,여,새누리당,비례대표,비례대표,2012-05-30,2012-12-10,resigned,general,4HB8518T,kna members_19.parquet; NA-API 의원이력; NA-API ALLNAMEMBER; kowiki list oldid=40914874; kowiki 의석변동 oldid=42216872; NA bill PRC_L1L2B1K1E2F6C1P8E0D2I0Z0A4C8O1,1,,resigned_to_run_for_other_office,18대 대선 출마의 사유로 의원직 사퇴 / 의원직 사퇴,term_start,confirmed,,wikiseat+nabill,,새누리당,11,새누리당,새누리당,박근혜,True,,False
19,박원석,朴元錫,1970-02-22,남,통합진보당,비례대표,비례대표,2012-05-30,2016-05-29,term_end,general,RO47676W,kna members_19.parquet; NA-API 의원이력; NA-API ALLNAMEMBER; kowiki list oldid=40914874,1,,term_end,,term_start,term_end,,,,통합진보당,6,정의당,통합진보당,박원석 (1970년),True,,False
19,박창식,朴昌植,1959-10-17,남,새누리당,비례대표,비례대표,2012-05-30,2016-05-29,term_end,general,WAL2715Z,kna members_19.parquet; NA-API 의원이력; NA-API ALLNAMEMBER; kowiki list oldid=40914874,1,,term_end,,term_start,term_end,,,,새누리당,20,새누리당,새누리당,박창식 (1959년),True,,False
19,배재정,裵在禎,1968-02-16,여,민주통합당,비례대표,비례대표,2012-05-30,2016-05-29,term_end,general,VWJ7674Q,kna members_19.parquet; NA-API 의원이력; NA-API ALLNAMEMBER; kowiki list oldid=40914874,1,,term_end,,term_start,term_end,,,,민주통합당,7,더불어민주당,민주통합당,배재정,True,,False
19,백군기,白君基,1950-02-12,남,민주통합당,비례대표,비례대표,2012-05-30,2016-05-29,term_end,general,Y4896106,kna members_19.parquet; NA-API 의원이력; NA-API ALLNAMEMBER; kowiki list oldid=40914874,1,,term_end,,term_start,term_end,,,,민주통합당,8,더불어민주당,민주통합당,백군기,True,,False
19,손인춘,孫仁春,1959-05-13,여,새누리당,비례대표,비례대표,2012-05-30,2016-05-29,term_end,general,WCN6711J,kna members_19.parquet; NA-API 의원이력; NA-API ALLNAMEMBER; kowiki list oldid=40914874,1,,term_end,,term_start,term_end,,,,새누리당,21,새누리당,새누리당,손인춘,True,,False
19,송영근,宋泳勤,1947-09-28,남,새누리당,비례대표,비례대표,2012-05-30,2016-05-29,term_end,general,4CH4157I,kna members_19.parquet; NA-API 의원이력; NA-API ALLNAMEMBER; kowiki list oldid=40914874,1,,term_end,,term_start,term_end,,,,새누리당,18,새누리당,새누리당,송영근 (1947년),True,,False
19,신경림,辛瓊林,1954-03-22,여,새누리당,비례대표,비례대표,2012-05-30,2016-05-29,term_end,general,LAU79556,kna members_19.parquet; NA-API 의원이력; NA-API ALLNAMEMBER; kowiki list oldid=40914874,1,,term_end,,term_start,term_end,,,,새누리당,25,새누리당,새누리당,신경림 (정치인),True,,False
19,신의진,申宜眞,1964-04-10,여,새누리당,비례대표,비례대표,2012-05-30,2016-05-29,term_end,general,KKD3190X,kna members_19.parquet; NA-API 의원이력; NA-API ALLNAMEMBER; kowiki list oldid=40914874,1,,term_end,,term_start,term_end,,,,새누리당,7,새누리당,새누리당,신의진,True,,False
19,안종범,安鍾範,1959-07-15,남,새누리당,비례대표,비례대표,2012-05-30,2014-06-12,resigned,general,96A2025Q,kna members_19.parquet; NA-API 의원이력; NA-API ALLNAMEMBER; kowiki list oldid=40914874; kowiki 의석변동 oldid=42216872; manual_checks.csv,1,,resigned_on_appointment,청와대 경제수석 임명에 따른 의원직 사퇴 / 의원직 상실,term_start,api_earlier_than_wiki,,wikilist=2014-06-13; wikiseat=2014-06-16,,새누리당,12,새누리당,새누리당,안종범,True,exit_reason set by manual_checks.csv (was resigned); exit_detail set by manual_checks.csv (was resigned_on_appointment),False
19,윤금순,尹今順,1959-10-01,여,통합진보당,비례대표,비례대표,2012-05-30,2012-07-09,resigned,general,YB364276,kna members_19.parquet; NA-API 의원이력; NA-API ALLNAMEMBER; kowiki list oldid=40914874; kowiki 의석변동 oldid=42216872; NA bill PRC_Q1A2B0Y7S0A5B1W5M5W3E5T4B5T7E3,1,,resigned_other,통합진보당 부정 경선 사건과 관련된 사유로 사퇴 / 의원직 사퇴,term_start,confirmed,,wikilist+wikiseat+nabill,,통합진보당,1,통합진보당,통합진보당,윤금순,True,,False
19,윤명희,尹明熙,1956-08-26,여,새누리당,비례대표,비례대표,2012-05-30,2016-05-29,term_end,general,ETV7396M,kna members_19.parquet; NA-API 의원이력; NA-API ALLNAMEMBER; kowiki list oldid=40914874,1,,term_end,,term_start,term_end,,,,새누리당,3,새누리당,새누리당,윤명희 (1956년),True,,False
19,은수미,殷秀美,1963-12-06,여,민주통합당,비례대표,비례대표,2012-05-30,2016-05-29,term_end,general,G8Y72423,kna members_19.parquet; NA-API 의원이력; NA-API ALLNAMEMBER; kowiki list oldid=40914874,1,,term_end,,term_start,term_end,,,,민주통합당,3,더불어민주당,민주통합당,은수미,True,,False
19,이만우,李萬雨,1950-08-25,남,새누리당,비례대표,비례대표,2012-05-30,2016-05-29,term_end,general,SBQ65245,kna members_19.parquet; NA-API 의원이력; NA-API ALLNAMEMBER; kowiki list oldid=40914874,1,,term_end,,term_start,term_end,,,,새누리당,10,새누리당,새누리당,이만우 (1950년),True,,False
19,이상일,李相逸,1961-10-31,남,새누리당,비례대표,비례대표,2012-05-30,2016-05-29,term_end,general,ZPC8171Z,kna members_19.parquet; NA-API 의원이력; NA-API ALLNAMEMBER; kowiki list oldid=40914874,1,,term_end,,term_start,term_end,,,,새누리당,8,새누리당,새누리당,이상일 (1961년),True,,False
19,이석기,李石基,1962-02-02,남,통합진보당,비례대표,비례대표,2012-05-30,2014-12-19,disqualified,general,9FZ9424U,kna members_19.parquet; NA-API 의원이력; NA-API ALLNAMEMBER; kowiki list oldid=40914874; kowiki 의석변동 oldid=42216872,1,,court_ruling_other_or_unspecified,헌법재판소가 위헌정당 판결로 해산되어 의원직 상실 / 의원직 상실,term_start,confirmed,,wikilist+wikiseat,,통합진보당,2,통합진보당,통합진보당,이석기,True,,False
19,이에리사,李에리사,1954-08-15,여,새누리당,비례대표,비례대표,2012-05-30,2016-05-29,term_end,general,C8L89785,kna members_19.parquet; NA-API 의원이력; NA-API ALLNAMEMBER; kowiki list oldid=40914874,1,,term_end,,term_start,term_end,,,,새누리당,9,새누리당,새누리당,이에리사,True,,False
19,이자스민,李자스민,1977-01-06,여,새누리당,비례대표,비례대표,2012-05-30,2016-05-29,term_end,general,SZ51175J,kna members_19.parquet; NA-API 의원이력; NA-API ALLNAMEMBER; kowiki list oldid=40914874,1,,term_end,,term_start,term_end,,,,새누리당,15,새누리당,새누리당,이자스민,True,,False
19,이재영,李宰榮,1975-11-16,남,새누리당,비례대표,비례대표,2012-05-30,2016-05-29,term_end,general,URQ4401W,kna members_19.parquet; NA-API 의원이력; NA-API ALLNAMEMBER; kowiki list oldid=40914874,1,,term_end,,term_start,term_end,,,,새누리당,24,새누리당,새누리당,이재영 (1975년),True,,True
19,임수경,林秀卿,1968-11-06,여,민주통합당,비례대표,비례대표,2012-05-30,2016-05-29,term_end,general,WQ12168I,kna members_19.parquet; NA-API 의원이력; NA-API ALLNAMEMBER; kowiki list oldid=40914874,1,,term_end,,term_start,term_end,,,,민주통합당,21,더불어민주당,민주통합당,임수경,True,,False
19,장하나,張하나,1977-06-19,여,민주통합당,비례대표,비례대표,2012-05-30,2016-05-29,term_end,general,SPF4589S,kna members_19.parquet; NA-API 의원이력; NA-API ALLNAMEMBER; kowiki list oldid=40914874,1,,term_end,,term_start,term_end,,,,민주통합당,13,더불어민주당,민주통합당,장하나 (1977년),True,,False
19,전순옥,全順玉,1953-05-05,여,민주통합당,비례대표,비례대표,2012-05-30,2016-05-29,term_end,general,MOW97559,kna members_19.parquet; NA-API 의원이력; NA-API ALLNAMEMBER; kowiki list oldid=40914874,1,,term_end,,term_start,term_end,,,,민주통합당,1,더불어민주당,민주통합당,전순옥,True,,False
19,정진후,鄭鎭珝,1957-11-06,남,통합진보당,비례대표,비례대표,2012-05-30,2016-05-29,term_end,general,T7Q3589Y,kna members_19.parquet; NA-API 의원이력; NA-API ALLNAMEMBER; kowiki list oldid=40914874,1,,term_end,,term_start,term_end,,,,통합진보당,4,정의당,통합진보당,정진후,True,,False
19,조명철,趙明哲,1959-04-02,남,새누리당,비례대표,비례대표,2012-05-30,2016-05-29,term_end,general,TBB59984,kna members_19.parquet; NA-API 의원이력; NA-API ALLNAMEMBER; kowiki list oldid=40914874,1,,term_end,,term_start,term_end,,,,새누리당,4,새누리당,새누리당,조명철,True,,False
19,주영순,朱永順,1946-04-08,남,새누리당,비례대표,비례대표,2012-05-30,2016-05-29,term_end,general,AHO78623,kna members_19.parquet; NA-API 의원이력; NA-API ALLNAMEMBER; kowiki list oldid=40914874,1,,term_end,,term_start,term_end,,,,새누리당,6,새누리당,새누리당,주영순,True,,False
19,진선미,陳善美,1967-05-14,여,민주통합당,비례대표,비례대표,2012-05-30,2016-05-29,term_end,general,68P7228G,kna members_19.parquet; NA-API 의원이력; NA-API ALLNAMEMBER; kowiki list oldid=40914874,1,,term_end,,term_start,term_end,,,,민주통합당,5,더불어민주당,민주통합당,진선미,True,,False
19,진성준,陳聲準,1967-04-19,남,민주통합당,비례대표,비례대표,2012-05-30,2016-05-29,term_end,general,3C23171A,kna members_19.parquet; NA-API 의원이력; NA-API ALLNAMEMBER; kowiki list oldid=40914874,1,,term_end,,term_start,term_end,,,,민주통합당,18,더불어민주당,민주통합당,진성준,True,,False
19,최동익,崔東益,1962-04-08,남,민주통합당,비례대표,비례대표,2012-05-30,2016-05-29,term_end,general,KM010870,kna members_19.parquet; NA-API 의원이력; NA-API ALLNAMEMBER; kowiki list oldid=40914874,1,,term_end,,term_start,term_end,,,,민주통합당,2,더불어민주당,민주통합당,최동익,True,,False
19,최민희,崔民熙,1960-12-03,여,민주통합당,비례대표,비례대표,2012-05-30,2016-05-29,term_end,general,YS38221N,kna members_19.parquet; NA-API 의원이력; NA-API ALLNAMEMBER; kowiki list oldid=40914874,1,,term_end,,term_start,term_end,,,,민주통합당,19,더불어민주당,민주통합당,최민희 (1960년),True,,False
19,최봉홍,崔奉弘,1942-11-28,남,새누리당,비례대표,비례대표,2012-05-30,2016-05-29,term_end,general,0X75519K,kna members_19.parquet; NA-API 의원이력; NA-API ALLNAMEMBER; kowiki list oldid=40914874,1,,term_end,,term_start,term_end,,,,새누리당,16,새누리당,새누리당,최봉홍,True,,False
19,한명숙,韓明淑,1944-03-24,여,민주통합당,비례대표,비례대표,2012-05-30,2015-08-20,disqualified,general,PYP5878A,kna members_19.parquet; NA-API 의원이력; NA-API ALLNAMEMBER; kowiki list oldid=40914874; kowiki 의석변동 oldid=42216872,1,,court_ruling_election_law,정치자금법 위반 혐의으로 대법원에서 의원직 상실 / 의원직 상실,term_start,confirmed,,wikilist+wikiseat,,민주통합당,15,새정치민주연합,민주통합당,한명숙,True,,False
19,한정애,韓貞愛,1965-01-08,여,민주통합당,비례대표,비례대표,2012-05-30,2016-05-29,term_end,general,XPP2564T,kna members_19.parquet; NA-API 의원이력; NA-API ALLNAMEMBER; kowiki list oldid=40914874,1,,term_end,,term_start,term_end,,,,민주통합당,11,더불어민주당,민주통합당,한정애,True,,False
19,현영희,玄永姬,1951-12-25,여,새누리당,비례대표,비례대표,2012-05-30,2014-01-16,disqualified,general,9I451000,kna members_19.parquet; NA-API 의원이력; NA-API ALLNAMEMBER; kowiki list oldid=40914874; kowiki 의석변동 oldid=42216872,1,,court_ruling_election_law,공직선거법 위반 및 정치자금법 위반으로 당선 무효 / 의원직 상실,term_start,confirmed,,wikilist+wikiseat,,새누리당,23,무소속,새누리당,현영희,True,,False
19,홍의락,洪宜洛,1955-03-11,남,민주통합당,비례대표,비례대표,2012-05-30,2016-03-21,disqualified,general,GW55008L,kna members_19.parquet; NA-API 의원이력; NA-API ALLNAMEMBER; kowiki list oldid=40914874; kowiki 의석변동 oldid=42216872,1,,pr_seat_lost_on_leaving_party,더불어민주당 탈당으로 인해 의원직 상실 / 의원직 상실,term_start,api_later_than_wiki,,wikilist=2016-02-25; wikiseat=2016-03-18,,민주통합당,20,더불어민주당,민주통합당,홍의락,True,,False
19,홍종학,洪鍾學,1959-05-12,남,민주통합당,비례대표,비례대표,2012-05-30,2016-05-29,term_end,general,BEF9073K,kna members_19.parquet; NA-API 의원이력; NA-API ALLNAMEMBER; kowiki list oldid=40914874,1,,term_end,,term_start,term_end,,,,민주통합당,4,더불어민주당,민주통합당,홍종학,True,,False
19,서기호,徐基鎬,1970-03-09,남,통합진보당,비례대표,비례대표,2012-07-10,2016-05-29,term_end,succession_pr,6PK53823,kna members_19.parquet; NA-API 의원이력; NA-API ALLNAMEMBER; kowiki list oldid=40914874; kowiki 의석변동 oldid=42216872,1,,term_end,,confirmed,term_end,wikilist,,,통합진보당,14,정의당,통합진보당,서기호,True,,False
19,이운룡,李雲龍,1961-07-15,남,새누리당,비례대표,비례대표,2012-12-11,2016-05-29,term_end,succession_pr,FI898377,kna members_19.parquet; NA-API 의원이력; NA-API ALLNAMEMBER; kowiki list oldid=40914874; kowiki 의석변동 oldid=42216872,1,,term_end,,confirmed,term_end,wikilist,,,새누리당,26,새누리당,새누리당,이운룡 (1961년),True,,False
19,황인자,黃仁子,1955-10-16,여,새누리당,비례대표,비례대표,2013-12-16,2016-05-29,term_end,succession_pr,QF159955,kna members_19.parquet; NA-API 의원이력; NA-API ALLNAMEMBER; kowiki list oldid=40914874; kowiki 의석변동 oldid=42216872,1,,term_end,,confirmed,term_end,wikilist,,,자유선진당,3,새누리당,새누리당,황인자,True,,False
19,박윤옥,朴允玉,1949-01-22,여,새누리당,비례대표,비례대표,2014-01-17,2016-05-29,term_end,succession_pr,54Q4619H,kna members_19.parquet; NA-API 의원이력; NA-API ALLNAMEMBER; kowiki list oldid=40914874; kowiki 의석변동 oldid=42216872,1,,term_end,,confirmed,term_end,wikilist,,,새누리당,27,새누리당,새누리당,박윤옥,True,,False
19,양창영,楊昶榮,1943-03-10,남,새누리당,비례대표,비례대표,2014-06-16,2016-05-29,term_end,succession_pr,F363102R,kna members_19.parquet; NA-API 의원이력; NA-API ALLNAMEMBER; kowiki list oldid=40914874; kowiki 의석변동 oldid=42216872,1,,term_end,,confirmed,term_end,wikilist+wikiseat,,,새누리당,28,새누리당,새누리당,양창영 (정치인),True,,False
19,장정은,張廷銀,1967-06-21,여,새누리당,비례대표,비례대표,2015-08-10,2016-05-29,term_end,succession_pr,YSL5919D,kna members_19.parquet; NA-API 의원이력; NA-API ALLNAMEMBER; kowiki list oldid=40914874; kowiki 의석변동 oldid=42216872,1,,term_end,,api_later_than_wiki,term_end,wikilist=2015-08-04; wikiseat=2015-08-04,,,새누리당,29,새누리당,새누리당,장정은,True,,False
19,신문식,申文植,1955-03-28,남,새정치민주연합,비례대표,비례대표,2015-08-24,2016-05-29,term_end,succession_pr,8GH3836P,kna members_19.parquet; NA-API 의원이력; NA-API ALLNAMEMBER; kowiki list oldid=40914874; kowiki 의석변동 oldid=42216872,1,,term_end,,conflict,term_end,wikilist=2015-08-26; wikiseat=2015-08-20,,,민주통합당,22,더불어민주당,새정치민주연합,신문식,True,,False
19,정윤숙,鄭潤淑,1956-09-23,여,새누리당,비례대표,비례대표,2016-01-22,2016-05-29,term_end,succession_pr,SE71196I,kna members_19.parquet; NA-API 의원이력; NA-API ALLNAMEMBER; kowiki list oldid=40914874; kowiki 의석변동 oldid=42216872,1,,term_end,,confirmed,term_end,wikilist,,,새누리당,31,새누리당,새누리당,정윤숙,True,,False
20,권성동,權性東,1960-04-29,남,새누리당,강원 강릉시,지역구,2016-05-30,2020-05-29,term_end,general,GDG1847Z,kna members_20.parquet; NA-API 의원이력; NA-API ALLNAMEMBER; kowiki list oldid=40331548,1,,term_end,,term_start,term_end,,,강원도 강릉시,,,무소속,새누리당,권성동,True,,False
20,이철규,李喆圭,1957-09-20,남,무소속,강원 동해시삼척시,지역구,2016-05-30,2020-05-29,term_end,general,TZP9391O,kna members_20.parquet; NA-API 의원이력; NA-API ALLNAMEMBER; kowiki list oldid=40331548,1,,term_end,,term_start,term_end,,,강원도 동해시·삼척시,,,미래통합당,무소속,이철규 (1957년),True,,False
20,이양수,李亮壽,1967-08-15,남,새누리당,강원 속초시고성군양양군,지역구,2016-05-30,2020-05-29,term_end,general,S9U45255,kna members_20.parquet; NA-API 의원이력; NA-API ALLNAMEMBER; kowiki list oldid=40331548,1,,term_end,,term_start,term_end,,,강원도 속초시·고성군·양양군,,,미래통합당,새누리당,이양수,True,,False
20,김기선,金起善,1952-10-29,남,새누리당,강원 원주시갑,지역구,2016-05-30,2020-05-29,term_end,general,NNP30098,kna members_20.parquet; NA-API 의원이력; NA-API ALLNAMEMBER; kowiki list oldid=40331548,1,,term_end,,term_start,term_end,,,강원도 원주시 갑,,,미래통합당,새누리당,김기선,True,,False
20,송기헌,宋基憲,1963-10-02,남,더불어민주당,강원 원주시을,지역구,2016-05-30,2020-05-29,term_end,general,SQ36001H,kna members_20.parquet; NA-API 의원이력; NA-API ALLNAMEMBER; kowiki list oldid=40331548,1,,term_end,,term_start,term_end,,,강원도 원주시 을,,,더불어민주당,더불어민주당,송기헌,True,,False
20,김진태,金鎭台,1964-10-13,남,새누리당,강원 춘천시,지역구,2016-05-30,2020-05-29,term_end,general,N6C1899K,kna members_20.parquet; NA-API 의원이력; NA-API ALLNAMEMBER; kowiki list oldid=40331548,1,,term_end,,term_start,term_end,,,강원도 춘천시,,,미래통합당,새누리당,김진태 (1964년),True,,False
20,염동열,廉東烈,1961-02-28,남,새누리당,강원 태백시횡성군영월군평창군정선군,지역구,2016-05-30,2020-05-29,term_end,general,SSF6805Q,kna members_20.parquet; NA-API 의원이력; NA-API ALLNAMEMBER; kowiki list oldid=40331548,1,,term_end,,term_start,term_end,,,강원도 태백시·횡성군·영월군·평창군·정선군,,,미래통합당,새누리당,염동열,True,,False
20,황영철,黃永哲,1965-07-13,남,새누리당,강원 홍천군철원군화천군양구군인제군,지역구,2016-05-30,2019-10-31,disqualified,general,C7Z8238W,kna members_20.parquet; NA-API 의원이력; NA-API ALLNAMEMBER; kowiki list oldid=40331548; kowiki 의석변동 oldid=41820069,1,,court_ruling_election_law,정치자금법 위반으로 의원직 상실 / 의원직 상실,term_start,confirmed,,wikilist+wikiseat,강원도 홍천군·철원군·화천군·양구군·인제군,,,자유한국당,새누리당,황영철,True,,False
20,심상정,沈相정,1959-02-20,여,정의당,경기 고양시갑,지역구,2016-05-30,2020-05-29,term_end,general,SU53086M,kna members_20.parquet; NA-API 의원이력; NA-API ALLNAMEMBER; kowiki list oldid=40331548,1,,term_end,,term_start,term_end,,,경기도 고양시 갑,,,정의당,정의당,심상정,True,,False
20,유은혜,兪銀惠,1962-10-02,여,더불어민주당,경기 고양시병,지역구,2016-05-30,2020-05-29,term_end,general,5CO4531H,kna members_20.parquet; NA-API 의원이력; NA-API ALLNAMEMBER; kowiki list oldid=40331548,1,,term_end,,term_start,term_end,,,경기도 고양시 병,,,더불어민주당,더불어민주당,유은혜,True,,False
20,정재호,鄭在浩,1965-10-22,남,더불어민주당,경기 고양시을,지역구,2016-05-30,2020-05-29,term_end,general,9S468336,kna members_20.parquet; NA-API 의원이력; NA-API ALLNAMEMBER; kowiki list oldid=40331548,1,,term_end,,term_start,term_end,,,경기도 고양시 을,,,더불어민주당,더불어민주당,정재호 (1965년),True,,False
20,김현미,金賢美,1962-11-29,여,더불어민주당,경기 고양시정,지역구,2016-05-30,2020-05-29,term_end,general,9XB6464U,kna members_20.parquet; NA-API 의원이력; NA-API ALLNAMEMBER; kowiki list oldid=40331548,1,,term_end,,term_start,term_end,,,경기도 고양시 정,,,더불어민주당,더불어민주당,김현미 (정치인),True,,False
20,백재현,白在鉉,1951-07-04,남,더불어민주당,경기 광명시갑,지역구,2016-05-30,2020-05-29,term_end,general,8DK7238W,kna members_20.parquet; NA-API 의원이력; NA-API ALLNAMEMBER; kowiki list oldid=40331548,1,,term_end,,term_start,term_end,,,경기도 광명시 갑,,,더불어민주당,더불어민주당,백재현 (정치인),True,,False
20,이언주,李彦周,1972-11-08,여,더불어민주당,경기 광명시을,지역구,2016-05-30,2020-05-29,term_end,general,JG77046J,kna members_20.parquet; NA-API 의원이력; NA-API ALLNAMEMBER; kowiki list oldid=40331548,1,,term_end,,term_start,term_end,,,경기도 광명시 을,,,미래통합당,더불어민주당,이언주,True,,False
20,소병훈,蘇秉勳,1954-06-03,남,더불어민주당,경기 광주시갑,지역구,2016-05-30,2020-05-29,term_end,general,ZDR63255,kna members_20.parquet; NA-API 의원이력; NA-API ALLNAMEMBER; kowiki list oldid=40331548,1,,term_end,,term_start,term_end,,,경기도 광주시 갑,,,더불어민주당,더불어민주당,소병훈,True,,False
20,임종성,林鍾聲,1965-08-05,남,더불어민주당,경기 광주시을,지역구,2016-05-30,2020-05-29,term_end,general,E6U4345C,kna members_20.parquet; NA-API 의원이력; NA-API ALLNAMEMBER; kowiki list oldid=40331548,1,,term_end,,term_start,term_end,,,경기도 광주시 을,,,더불어민주당,더불어민주당,임종성,True,,False
20,윤호중,尹昊重,1963-03-27,남,더불어민주당,경기 구리시,지역구,2016-05-30,2020-05-29,term_end,general,M0A1658U,kna members_20.parquet; NA-API 의원이력; NA-API ALLNAMEMBER; kowiki list oldid=40331548,1,,term_end,,term_start,term_end,,,경기도 구리시,,,더불어민주당,더불어민주당,윤호중,True,,False
20,김정우,金政祐,1968-06-18,남,더불어민주당,경기 군포시갑,지역구,2016-05-30,2020-05-29,term_end,general,6RP89579,kna members_20.parquet; NA-API 의원이력; NA-API ALLNAMEMBER; kowiki list oldid=40331548,1,,term_end,,term_start,term_end,,,경기도 군포시 갑,,,더불어민주당,더불어민주당,김정우 (1968년),True,,False
20,이학영,李學永,1952-04-16,남,더불어민주당,경기 군포시을,지역구,2016-05-30,2020-05-29,term_end,general,K5F2023J,kna members_20.parquet; NA-API 의원이력; NA-API ALLNAMEMBER; kowiki list oldid=40331548,1,,term_end,,term_start,term_end,,,경기도 군포시 을,,,더불어민주당,더불어민주당,이학영,True,,False
20,김두관,金斗官,1959-04-10,남,더불어민주당,경기 김포시갑,지역구,2016-05-30,2020-05-29,term_end,general,CI15627C,kna members_20.parquet; NA-API 의원이력; NA-API ALLNAMEMBER; kowiki list oldid=40331548,1,,term_end,,term_start,term_end,,,경기도 김포시 갑,,,더불어민주당,더불어민주당,김두관,True,,False
20,홍철호,洪哲鎬,1958-08-13,남,새누리당,경기 김포시을,지역구,2016-05-30,2020-05-29,term_end,general,R365233W,kna members_20.parquet; NA-API 의원이력; NA-API ALLNAMEMBER; kowiki list oldid=40331548,1,,term_end,,term_start,term_end,,,경기도 김포시 을,,,미래통합당,새누리당,홍철호,True,,False
20,조응천,趙應天,1962-09-17,남,더불어민주당,경기 남양주시갑,지역구,2016-05-30,2020-05-29,term_end,general,CDL93608,kna members_20.parquet; NA-API 의원이력; NA-API ALLNAMEMBER; kowiki list oldid=40331548,1,,term_end,,term_start,term_end,,,경기도 남양주시 갑,,,더불어민주당,더불어민주당,조응천,True,,False
20,주광덕,朱光德,1960-07-26,남,새누리당,경기 남양주시병,지역구,2016-05-30,2020-05-29,term_end,general,AFQ26679,kna members_20.parquet; NA-API 의원이력; NA-API ALLNAMEMBER; kowiki list oldid=40331548,1,,term_end,,term_start,term_end,,,경기도 남양주시 병,,,미래통합당,새누리당,주광덕,True,,False
20,김한정,金漢正,1963-09-06,남,더불어민주당,경기 남양주시을,지역구,2016-05-30,2020-05-29,term_end,general,09I2323E,kna members_20.parquet; NA-API 의원이력; NA-API ALLNAMEMBER; kowiki list oldid=40331548,1,,term_end,,term_start,term_end,,,경기도 남양주시 을,,,더불어민주당,더불어민주당,김한정,True,,False
20,김성원,金成願,1973-10-15,남,새누리당,경기 동두천시연천군,지역구,2016-05-30,2020-05-29,term_end,general,9D939735,kna members_20.parquet; NA-API 의원이력; NA-API ALLNAMEMBER; kowiki list oldid=40331548,1,,term_end,,term_start,term_end,,,경기도 동두천시·연천군,,,미래통합당,새누리당,김성원 (정치인),True,,False
20,김상희,金相姬,1954-05-18,여,더불어민주당,경기 부천시소사구,지역구,2016-05-30,2020-05-29,term_end,general,UGH6481E,kna members_20.parquet; NA-API 의원이력; NA-API ALLNAMEMBER; kowiki list oldid=40331548,1,,term_end,,term_start,term_end,,,경기도 부천시 소사구,,,더불어민주당,더불어민주당,김상희 (1954년),True,,False
20,원혜영,元惠榮,1951-09-27,남,더불어민주당,경기 부천시오정구,지역구,2016-05-30,2020-05-29,term_end,general,6DG91769,kna members_20.parquet; NA-API 의원이력; NA-API ALLNAMEMBER; kowiki list oldid=40331548,1,,term_end,,term_start,term_end,,,경기도 부천시 오정구,,,더불어민주당,더불어민주당,원혜영,True,,False
20,김경협,金炅俠,1962-11-07,남,더불어민주당,경기 부천시원미구갑,지역구,2016-05-30,2020-05-29,term_end,general,ZKU88693,kna members_20.parquet; NA-API 의원이력; NA-API ALLNAMEMBER; kowiki list oldid=40331548,1,,term_end,,term_start,term_end,,,경기도 부천시 원미구 갑,,,더불어민주당,더불어민주당,김경협,True,,False
20,설훈,薛勳,1953-04-23,남,더불어민주당,경기 부천시원미구을,지역구,2016-05-30,2020-05-29,term_end,general,OW53107J,kna members_20.parquet; NA-API 의원이력; NA-API ALLNAMEMBER; kowiki list oldid=40331548,1,,term_end,,term_start,term_end,,,경기도 부천시 원미구 을,,,더불어민주당,더불어민주당,설훈,True,,False
20,김병관,金炳官,1973-01-15,남,더불어민주당,경기 성남시분당구갑,지역구,2016-05-30,2020-05-29,term_end,general,QB390802,kna members_20.parquet; NA-API 의원이력; NA-API ALLNAMEMBER; kowiki list oldid=40331548,1,,term_end,,term_start,term_end,,,경기도 성남시 분당구 갑,,,더불어민주당,더불어민주당,김병관 (1973년),True,,False
20,김병욱,金炳旭,1965-04-15,남,더불어민주당,경기 성남시분당구을,지역구,2016-05-30,2020-05-29,term_end,general,GFF1986K,kna members_20.parquet; NA-API 의원이력; NA-API ALLNAMEMBER; kowiki list oldid=40331548,1,,term_end,,term_start,term_end,,,경기도 성남시 분당구 을,,,더불어민주당,더불어민주당,김병욱 (1965년),True,,True
20,김태년,金太年,1965-03-20,남,더불어민주당,경기 성남시수정구,지역구,2016-05-30,2020-05-29,term_end,general,1WE5693J,kna members_20.parquet; NA-API 의원이력; NA-API ALLNAMEMBER; kowiki list oldid=40331548,1,,term_end,,term_start,term_end,,,경기도 성남시 수정구,,,더불어민주당,더불어민주당,김태년 (1965년),True,,False
20,신상진,申相珍,1956-06-28,남,새누리당,경기 성남시중원구,지역구,2016-05-30,2020-05-29,term_end,general,71M8132V,kna members_20.parquet; NA-API 의원이력; NA-API ALLNAMEMBER; kowiki list oldid=40331548,1,,term_end,,term_start,term_end,,,경기도 성남시 중원구,,,미래통합당,새누리당,신상진,True,,False
20,이찬열,李燦烈,1959-07-15,남,더불어민주당,경기 수원시갑,지역구,2016-05-30,2020-05-29,term_end,general,BWD92364,kna members_20.parquet; NA-API 의원이력; NA-API ALLNAMEMBER; kowiki list oldid=40331548,1,,term_end,,term_start,term_end,,,경기도 수원시 갑,,,미래통합당,더불어민주당,이찬열,True,,False
20,김진표,金振杓,1947-05-04,남,더불어민주당,경기 수원시무,지역구,2016-05-30,2020-05-29,term_end,general,Q9H5708M,kna members_20.parquet; NA-API 의원이력; NA-API ALLNAMEMBER; kowiki list oldid=40331548,1,,term_end,,term_start,term_end,,,경기도 수원시 무,,,더불어민주당,더불어민주당,김진표 (정치인),True,,False
20,김영진,金榮鎭,1967-09-10,남,더불어민주당,경기 수원시병,지역구,2016-05-30,2020-05-29,term_end,general,5765663F,kna members_20.parquet; NA-API 의원이력; NA-API ALLNAMEMBER; kowiki list oldid=40331548,1,,term_end,,term_start,term_end,,,경기도 수원시 병,,,더불어민주당,더불어민주당,김영진 (1967년),True,,True
20,백혜련,白惠蓮,1967-02-17,여,더불어민주당,경기 수원시을,지역구,2016-05-30,2020-05-29,term_end,general,HSS7466Y,kna members_20.parquet; NA-API 의원이력; NA-API ALLNAMEMBER; kowiki list oldid=40331548,1,,term_end,,term_start,term_end,,,경기도 수원시 을,,,더불어민주당,더불어민주당,백혜련,True,,False
20,박광온,朴洸瑥,1957-03-26,남,더불어민주당,경기 수원시정,지역구,2016-05-30,2020-05-29,term_end,general,K3W33496,kna members_20.parquet; NA-API 의원이력; NA-API ALLNAMEMBER; kowiki list oldid=40331548,1,,term_end,,term_start,term_end,,,경기도 수원시 정,,,더불어민주당,더불어민주당,박광온,True,,False
20,함진규,咸珍圭,1959-08-13,남,새누리당,경기 시흥시갑,지역구,2016-05-30,2020-05-29,term_end,general,1KD95875,kna members_20.parquet; NA-API 의원이력; NA-API ALLNAMEMBER; kowiki list oldid=40331548,1,,term_end,,term_start,term_end,,,경기도 시흥시 갑,,,미래통합당,새누리당,함진규,True,,False
20,조정식,趙正湜,1963-12-25,남,더불어민주당,경기 시흥시을,지역구,2016-05-30,2020-05-29,term_end,general,IN328264,kna members_20.parquet; NA-API 의원이력; NA-API ALLNAMEMBER; kowiki list oldid=40331548,1,,term_end,,term_start,term_end,,,경기도 시흥시 을,,,더불어민주당,더불어민주당,조정식 (정치인),True,,False
20,김명연,金明淵,1964-02-28,남,새누리당,경기 안산시단원구갑,지역구,2016-05-30,2020-05-29,term_end,general,9EA39580,kna members_20.parquet; NA-API 의원이력; NA-API ALLNAMEMBER; kowiki list oldid=40331548,1,,term_end,,term_start,term_end,,,경기도 안산시 단원구 갑,,,미래통합당,새누리당,김명연 (1964년),True,,False
20,박순자,朴順子,1958-10-12,여,새누리당,경기 안산시단원구을,지역구,2016-05-30,2020-05-29,term_end,general,YLM92014,kna members_20.parquet; NA-API 의원이력; NA-API ALLNAMEMBER; kowiki list oldid=40331548,1,,term_end,,term_start,term_end,,,경기도 안산시 단원구 을,,,미래통합당,새누리당,박순자,True,,False
20,전해철,全海澈,1962-05-18,남,더불어민주당,경기 안산시상록구갑,지역구,2016-05-30,2020-05-29,term_end,general,BM63269Y,kna members_20.parquet; NA-API 의원이력; NA-API ALLNAMEMBER; kowiki list oldid=40331548,1,,term_end,,term_start,term_end,,,경기도 안산시 상록구 갑,,,더불어민주당,더불어민주당,전해철,True,,False
20,김철민,金哲玟,1957-02-15,남,더불어민주당,경기 안산시상록구을,지역구,2016-05-30,2020-05-29,term_end,general,1MU99298,kna members_20.parquet; NA-API 의원이력; NA-API ALLNAMEMBER; kowiki list oldid=40331548,1,,term_end,,term_start,term_end,,,경기도 안산시 상록구 을,,,더불어민주당,더불어민주당,김철민 (1957년),True,,False
20,김학용,金學容,1961-12-10,남,새누리당,경기 안성시,지역구,2016-05-30,2020-05-29,term_end,general,F5U2979W,kna members_20.parquet; NA-API 의원이력; NA-API ALLNAMEMBER; kowiki list oldid=40331548,1,,term_end,,term_start,term_end,,,경기도 안성시,,,미래통합당,새누리당,김학용,True,,False
20,이석현,李錫玄,1951-03-16,남,더불어민주당,경기 안양시동안구갑,지역구,2016-05-30,2020-05-29,term_end,general,GMK1374L,kna members_20.parquet; NA-API 의원이력; NA-API ALLNAMEMBER; kowiki list oldid=40331548,1,,term_end,,term_start,term_end,,,경기도 안양시 동안구 갑,,,더불어민주당,더불어민주당,이석현 (1951년),True,,False
20,심재철,沈在哲,1958-01-18,남,새누리당,경기 안양시동안구을,지역구,2016-05-30,2020-05-29,term_end,general,FGX4881A,kna members_20.parquet; NA-API 의원이력; NA-API ALLNAMEMBER; kowiki list oldid=40331548,1,,term_end,,term_start,term_end,,,경기도 안양시 동안구 을,,,미래통합당,새누리당,심재철 (정치인),True,,False
20,이종걸,李鍾杰,1957-05-22,남,더불어민주당,경기 안양시만안구,지역구,2016-05-30,2020-05-29,term_end,general,WDR7061Y,kna members_20.parquet; NA-API 의원이력; NA-API ALLNAMEMBER; kowiki list oldid=40331548,1,,term_end,,term_start,term_end,,,경기도 안양시 만안구,,,더불어민주당,더불어민주당,이종걸,True,,False
20,정성호,鄭成湖,1961-09-10,남,더불어민주당,경기 양주시,지역구,2016-05-30,2020-05-29,term_end,general,V429892C,kna members_20.parquet; NA-API 의원이력; NA-API ALLNAMEMBER; kowiki list oldid=40331548,1,,term_end,,term_start,term_end,,,경기도 양주시,,,더불어민주당,더불어민주당,정성호 (1962년),True,,False
20,정병국,鄭柄國,1958-02-10,남,새누리당,경기 여주시양평군,지역구,2016-05-30,2020-05-29,term_end,general,P303213F,kna members_20.parquet; NA-API 의원이력; NA-API ALLNAMEMBER; kowiki list oldid=40331548,1,,term_end,,term_start,term_end,,,경기도 여주시·양평군,,,미래통합당,새누리당,정병국,True,,False
20,안민석,安敏錫,1966-08-13,남,더불어민주당,경기 오산시,지역구,2016-05-30,2020-05-29,term_end,general,ZA54991S,kna members_20.parquet; NA-API 의원이력; NA-API ALLNAMEMBER; kowiki list oldid=40331548,1,,term_end,,term_start,term_end,,,경기도 오산시,,,더불어민주당,더불어민주당,안민석,True,,False
20,이우현,李愚鉉,1957-01-03,남,새누리당,경기 용인시갑,지역구,2016-05-30,2019-05-30,disqualified,general,0582116P,kna members_20.parquet; NA-API 의원이력; NA-API ALLNAMEMBER; kowiki list oldid=40331548; kowiki 의석변동 oldid=41820069,1,,court_ruling_election_law,"정치자금법 위반, 뇌물 수수로 의원직 상실 / 의원직 상실",term_start,confirmed,,wikilist+wikiseat,경기도 용인시 갑,,,자유한국당,새누리당,이우현 (1957년),True,,False
20,한선교,韓善敎,1959-06-23,남,새누리당,경기 용인시병,지역구,2016-05-30,2020-05-29,term_end,general,ZX71333R,kna members_20.parquet; NA-API 의원이력; NA-API ALLNAMEMBER; kowiki list oldid=40331548,1,,term_end,,term_start,term_end,,,경기도 용인시 병,,,미래통합당,새누리당,한선교,True,,False
20,김민기,金敏基,1966-04-28,남,더불어민주당,경기 용인시을,지역구,2016-05-30,2020-05-29,term_end,general,NTT8182Q,kna members_20.parquet; NA-API 의원이력; NA-API ALLNAMEMBER; kowiki list oldid=40331548,1,,term_end,,term_start,term_end,,,경기도 용인시 을,,,더불어민주당,더불어민주당,김민기 (정치인),True,,False
20,표창원,表蒼園,1966-05-03,남,더불어민주당,경기 용인시정,지역구,2016-05-30,2020-05-29,term_end,general,EX94352K,kna members_20.parquet; NA-API 의원이력; NA-API ALLNAMEMBER; kowiki list oldid=40331548,1,,term_end,,term_start,term_end,,,경기도 용인시 정,,,더불어민주당,더불어민주당,표창원,True,,False
20,신창현,申昌賢,1953-06-27,남,더불어민주당,경기 의왕시과천시,지역구,2016-05-30,2020-05-29,term_end,general,WYC63862,kna members_20.parquet; NA-API 의원이력; NA-API ALLNAMEMBER; kowiki list oldid=40331548,1,,term_end,,term_start,term_end,,,경기도 의왕시·과천시,,,더불어민주당,더불어민주당,신창현 (정치인),True,,False
20,문희상,文喜相,1945-03-03,남,더불어민주당,경기 의정부시갑,지역구,2016-05-30,2020-05-29,term_end,general,IYD4143Y,kna members_20.parquet; NA-API 의원이력; NA-API ALLNAMEMBER; kowiki list oldid=40331548,1,,term_end,,term_start,term_end,,,경기도 의정부시 갑,,,무소속,더불어민주당,문희상,True,,False
20,홍문종,洪文鐘,1955-04-05,남,새누리당,경기 의정부시을,지역구,2016-05-30,2020-05-29,term_end,general,T2K9554I,kna members_20.parquet; NA-API 의원이력; NA-API ALLNAMEMBER; kowiki list oldid=40331548,1,,term_end,,term_start,term_end,,,경기도 의정부시 을,,,친박신당,새누리당,홍문종 (정치인),True,,False
20,송석준,宋錫俊,1964-03-10,남,새누리당,경기 이천시,지역구,2016-05-30,2020-05-29,term_end,general,CNW5754J,kna members_20.parquet; NA-API 의원이력; NA-API ALLNAMEMBER; kowiki list oldid=40331548,1,,term_end,,term_start,term_end,,,경기도 이천시,,,미래통합당,새누리당,송석준,True,,False
20,윤후덕,尹厚德,1957-01-09,남,더불어민주당,경기 파주시갑,지역구,2016-05-30,2020-05-29,term_end,general,O7R5461J,kna members_20.parquet; NA-API 의원이력; NA-API ALLNAMEMBER; kowiki list oldid=40331548,1,,term_end,,term_start,term_end,,,경기도 파주시 갑,,,더불어민주당,더불어민주당,윤후덕,True,,False
20,박정,朴釘,1962-11-19,남,더불어민주당,경기 파주시을,지역구,2016-05-30,2020-05-29,term_end,general,4019850M,kna members_20.parquet; NA-API 의원이력; NA-API ALLNAMEMBER; kowiki list oldid=40331548,1,,term_end,,term_start,term_end,,,경기도 파주시 을,,,더불어민주당,더불어민주당,박정 (1962년),True,,False
20,원유철,元裕哲,1962-09-26,남,새누리당,경기 평택시갑,지역구,2016-05-30,2020-05-29,term_end,general,TZD17894,kna members_20.parquet; NA-API 의원이력; NA-API ALLNAMEMBER; kowiki list oldid=40331548,1,,term_end,,term_start,term_end,,,경기도 평택시 갑,,,미래통합당,새누리당,원유철,True,,False
20,유의동,兪義東,1971-06-23,남,새누리당,경기 평택시을,지역구,2016-05-30,2020-05-29,term_end,general,MRK4871S,kna members_20.parquet; NA-API 의원이력; NA-API ALLNAMEMBER; kowiki list oldid=40331548,1,,term_end,,term_start,term_end,,,경기도 평택시 을,,,미래통합당,새누리당,유의동,True,,False
20,김영우,金榮宇,1967-01-20,남,새누리당,경기 포천시가평군,지역구,2016-05-30,2020-05-29,term_end,general,PLR62452,kna members_20.parquet; NA-API 의원이력; NA-API ALLNAMEMBER; kowiki list oldid=40331548,1,,term_end,,term_start,term_end,,,경기도 포천시·가평군,,,미래통합당,새누리당,김영우 (1967년),True,,False
20,이현재,李賢在,1949-04-25,남,새누리당,경기 하남시,지역구,2016-05-30,2020-05-29,term_end,general,MBS2896E,kna members_20.parquet; NA-API 의원이력; NA-API ALLNAMEMBER; kowiki list oldid=40331548,1,,term_end,,term_start,term_end,,,경기도 하남시,,,무소속,새누리당,이현재 (1949년),True,,False
20,서청원,徐淸源,1943-04-03,남,새누리당,경기 화성시갑,지역구,2016-05-30,2020-05-29,term_end,general,4Y54669I,kna members_20.parquet; NA-API 의원이력; NA-API ALLNAMEMBER; kowiki list oldid=40331548,1,,term_end,,term_start,term_end,,,경기도 화성시 갑,,,우리공화당,새누리당,서청원,True,,False
20,권칠승,權七勝,1965-11-18,남,더불어민주당,경기 화성시병,지역구,2016-05-30,2020-05-29,term_end,general,C7E79345,kna members_20.parquet; NA-API 의원이력; NA-API ALLNAMEMBER; kowiki list oldid=40331548,1,,term_end,,term_start,term_end,,,경기도 화성시 병,,,더불어민주당,더불어민주당,권칠승,True,,False
20,이원욱,李元旭,1963-03-20,남,더불어민주당,경기 화성시을,지역구,2016-05-30,2020-05-29,term_end,general,16D7652C,kna members_20.parquet; NA-API 의원이력; NA-API ALLNAMEMBER; kowiki list oldid=40331548,1,,term_end,,term_start,term_end,,,경기도 화성시 을,,,더불어민주당,더불어민주당,이원욱,True,,False
20,김한표,金漢杓,1954-08-24,남,새누리당,경남 거제시,지역구,2016-05-30,2020-05-29,term_end,general,YBM9779M,kna members_20.parquet; NA-API 의원이력; NA-API ALLNAMEMBER; kowiki list oldid=40331548,1,,term_end,,term_start,term_end,,,경상남도 거제시,,,미래통합당,새누리당,김한표,True,,False
20,민홍철,閔洪喆,1961-04-18,남,더불어민주당,경남 김해시갑,지역구,2016-05-30,2020-05-29,term_end,general,O6D8329R,kna members_20.parquet; NA-API 의원이력; NA-API ALLNAMEMBER; kowiki list oldid=40331548,1,,term_end,,term_start,term_end,,,경상남도 김해시 갑,,,더불어민주당,더불어민주당,민홍철,True,,False
20,김경수,金慶洙,1967-12-01,남,더불어민주당,경남 김해시을,지역구,2016-05-30,2018-05-14,resigned,general,PP08673W,kna members_20.parquet; NA-API 의원이력; NA-API ALLNAMEMBER; kowiki list oldid=40331548; kowiki 의석변동 oldid=41820069; NA bill PRC_Z1D8V0D5W0C3G0N9D0X1E1U1O5Z9D6,1,,resigned_to_run_for_other_office,경남지사 출마를 위해 의원직 사퇴 / 의원직 사퇴,term_start,confirmed,,wikiseat+nabill,경상남도 김해시 을,,,더불어민주당,더불어민주당,김경수 (정치인),True,,False
20,김정호,金禎鎬,1960-06-18,남,더불어민주당,경남 김해시을,지역구,2018-06-14,2020-05-29,term_end,by_election,9LD2641Q,kna members_20.parquet; NA-API 의원이력; NA-API ALLNAMEMBER; kowiki list oldid=40331548; kowiki 의석변동 oldid=41820069,1,,term_end,,confirmed,term_end,wikiseat,,경상남도 김해시 을,,,더불어민주당,더불어민주당,김정호 (1960년),True,,False
20,엄용수,嚴龍洙,1965-01-20,남,새누리당,경남 밀양시의령군함안군창녕군,지역구,2016-05-30,2019-11-15,disqualified,general,B6F5266B,kna members_20.parquet; NA-API 의원이력; NA-API ALLNAMEMBER; kowiki list oldid=40331548; kowiki 의석변동 oldid=41820069,1,,court_ruling_election_law,정치자금법 위반으로 의원직 상실 / 의원직 상실,term_start,confirmed,,wikilist+wikiseat,경상남도 밀양시·의령군·함안군·창녕군,,,자유한국당,새누리당,엄용수 (1965년),True,,False
20,여상규,余尙奎,1948-09-15,남,새누리당,경남 사천시남해군하동군,지역구,2016-05-30,2020-05-29,term_end,general,QKY38290,kna members_20.parquet; NA-API 의원이력; NA-API ALLNAMEMBER; kowiki list oldid=40331548,1,,term_end,,term_start,term_end,,,경상남도 사천시·남해군·하동군,,,미래통합당,새누리당,여상규,True,,False
20,강석진,姜錫振,1959-12-07,남,새누리당,경남 산청군함양군거창군합천군,지역구,2016-05-30,2020-05-29,term_end,general,IH436704,kna members_20.parquet; NA-API 의원이력; NA-API ALLNAMEMBER; kowiki list oldid=40331548,1,,term_end,,term_start,term_end,,,경상남도 산청군·함양군·거창군·합천군,,,미래통합당,새누리당,강석진 (1959년),True,,False
20,윤영석,尹永碩,1964-10-07,남,새누리당,경남 양산시갑,지역구,2016-05-30,2020-05-29,term_end,general,9VR65006,kna members_20.parquet; NA-API 의원이력; NA-API ALLNAMEMBER; kowiki list oldid=40331548,1,,term_end,,term_start,term_end,,,경상남도 양산시 갑,,,미래통합당,새누리당,윤영석,True,,False
20,서형수,徐炯洙,1957-04-05,남,더불어민주당,경남 양산시을,지역구,2016-05-30,2020-05-29,term_end,general,6N28669V,kna members_20.parquet; NA-API 의원이력; NA-API ALLNAMEMBER; kowiki list oldid=40331548,1,,term_end,,term_start,term_end,,,경상남도 양산시 을,,,더불어민주당,더불어민주당,서형수 (1957년),True,,False
20,박대출,朴大出,1961-03-18,남,새누리당,경남 진주시갑,지역구,2016-05-30,2020-05-29,term_end,general,W4X85128,kna members_20.parquet; NA-API 의원이력; NA-API ALLNAMEMBER; kowiki list oldid=40331548,1,,term_end,,term_start,term_end,,,경상남도 진주시 갑,,,미래통합당,새누리당,박대출,True,,False
20,김재경,金在庚,1961-10-10,남,새누리당,경남 진주시을,지역구,2016-05-30,2020-05-29,term_end,general,M3Z17237,kna members_20.parquet; NA-API 의원이력; NA-API ALLNAMEMBER; kowiki list oldid=40331548,1,,term_end,,term_start,term_end,,,경상남도 진주시 을,,,미래통합당,새누리당,김재경 (1961년),True,,False
20,이주영,李柱榮,1951-09-30,남,새누리당,경남 창원시마산합포구,지역구,2016-05-30,2020-05-29,term_end,general,8IN46764,kna members_20.parquet; NA-API 의원이력; NA-API ALLNAMEMBER; kowiki list oldid=40331548,1,,term_end,,term_start,term_end,,,경상남도 창원시 마산합포구,,,미래통합당,새누리당,이주영 (1951년),True,,True
20,윤한홍,尹漢洪,1962-11-01,남,새누리당,경남 창원시마산회원구,지역구,2016-05-30,2020-05-29,term_end,general,8X15119P,kna members_20.parquet; NA-API 의원이력; NA-API ALLNAMEMBER; kowiki list oldid=40331548,1,,term_end,,term_start,term_end,,,경상남도 창원시 마산회원구,,,미래통합당,새누리당,윤한홍,True,,False
20,노회찬,魯會燦,1956-08-31,남,정의당,경남 창원시성산구,지역구,2016-05-30,2018-07-23,died,general,GN240959,kna members_20.parquet; NA-API 의원이력; NA-API ALLNAMEMBER; kowiki list oldid=40331548; kowiki 의석변동 oldid=41820069,1,,died,본인 사망으로 인한 당연퇴직 / 사망,term_start,confirmed,,wikilist+wikiseat,경상남도 창원시 성산구,,,정의당,정의당,노회찬,True,,False
20,여영국,余永國,1964-12-26,남,정의당,경남 창원시성산구,지역구,2019-04-03,2020-05-29,term_end,by_election,B751170H,kna members_20.parquet; NA-API 의원이력; NA-API ALLNAMEMBER; kowiki list oldid=40331548; kowiki 의석변동 oldid=41820069,1,,term_end,,confirmed,term_end,wikilist+wikiseat,,경상남도 창원시 성산구,,,정의당,정의당,여영국,True,,False
20,박완수,朴完洙,1955-08-26,남,새누리당,경남 창원시의창구,지역구,2016-05-30,2020-05-29,term_end,general,D0C85236,kna members_20.parquet; NA-API 의원이력; NA-API ALLNAMEMBER; kowiki list oldid=40331548,1,,term_end,,term_start,term_end,,,경상남도 창원시 의창구,,,미래통합당,새누리당,박완수,True,,False
20,김성찬,金盛贊,1954-05-07,남,새누리당,경남 창원시진해구,지역구,2016-05-30,2020-05-29,term_end,general,PAB29217,kna members_20.parquet; NA-API 의원이력; NA-API ALLNAMEMBER; kowiki list oldid=40331548,1,,term_end,,term_start,term_end,,,경상남도 창원시 진해구,,,미래통합당,새누리당,김성찬 (1954년),True,,False
20,이군현,李君賢,1952-03-12,남,새누리당,경남 통영시고성군,지역구,2016-05-30,2018-12-27,disqualified,general,0135473I,kna members_20.parquet; NA-API 의원이력; NA-API ALLNAMEMBER; kowiki list oldid=40331548; kowiki 의석변동 oldid=41820069,1,,court_ruling_election_law,정치자금법 위반으로 의원직 상실 / 의원직 상실,term_start,confirmed,,wikilist+wikiseat,경상남도 통영시·고성군,,,자유한국당,새누리당,이군현,True,,False
20,정점식,鄭点植,1965-07-15,남,자유한국당,경남 통영시고성군,지역구,2019-04-04,2020-05-29,term_end,by_election,LJK4960Z,kna members_20.parquet; NA-API 의원이력; NA-API ALLNAMEMBER; kowiki list oldid=40331548; kowiki 의석변동 oldid=41820069,1,,term_end,,confirmed_pollday_plus1,term_end,wikilist=2019-04-03; wikiseat=2019-04-03,,경상남도 통영시·고성군,,,미래통합당,자유한국당,정점식,True,,False
20,최경환,崔炅煥,1955-02-27,남,새누리당,경북 경산시,지역구,2016-05-30,2019-07-11,disqualified,general,FJ03481D,kna members_20.parquet; NA-API 의원이력; NA-API ALLNAMEMBER; kowiki list oldid=40331548; kowiki 의석변동 oldid=41820069,1,,court_ruling_other_or_unspecified,뇌물수수로 의원직 상실 / 의원직 상실,term_start,confirmed,,wikilist+wikiseat,경상북도 경산시,,,자유한국당,자유한국당,최경환 (1955년),True,,True
20,김석기,金碩基,1954-08-06,남,새누리당,경북 경주시,지역구,2016-05-30,2020-05-29,term_end,general,ZYP7962W,kna members_20.parquet; NA-API 의원이력; NA-API ALLNAMEMBER; kowiki list oldid=40331548,1,,term_end,,term_start,term_end,,,경상북도 경주시,,,미래통합당,새누리당,김석기 (1954년),True,,False
20,이완영,李完永,1957-07-07,남,새누리당,경북 고령군성주군칠곡군,지역구,2016-05-30,2019-06-13,disqualified,general,8WV8289I,kna members_20.parquet; NA-API 의원이력; NA-API ALLNAMEMBER; kowiki list oldid=40331548; kowiki 의석변동 oldid=41820069,1,,court_ruling_election_law,정치자금법 위반으로 의원직 상실 / 의원직 상실,term_start,confirmed,,wikilist+wikiseat,경상북도 고령군·성주군·칠곡군,,,자유한국당,새누리당,이완영,True,,False
20,백승주,白承周,1961-03-20,남,새누리당,경북 구미시갑,지역구,2016-05-30,2020-05-29,term_end,general,O0G3169T,kna members_20.parquet; NA-API 의원이력; NA-API ALLNAMEMBER; kowiki list oldid=40331548,1,,term_end,,term_start,term_end,,,경상북도 구미시 갑,,,미래통합당,새누리당,백승주 (1961년),True,,False
20,장석춘,張錫春,1957-08-18,남,새누리당,경북 구미시을,지역구,2016-05-30,2020-05-29,term_end,general,WNN9272X,kna members_20.parquet; NA-API 의원이력; NA-API ALLNAMEMBER; kowiki list oldid=40331548,1,,term_end,,term_start,term_end,,,경상북도 구미시 을,,,미래통합당,새누리당,장석춘,True,,False
20,이철우,李喆雨,1955-08-15,남,새누리당,경북 김천시,지역구,2016-05-30,2018-05-14,resigned,general,NS06841K,kna members_20.parquet; NA-API 의원이력; NA-API ALLNAMEMBER; kowiki list oldid=40331548; kowiki 의석변동 oldid=41820069; NA bill PRC_T1R8G0O5H0W2U1O6G4Z1H0N0I6I0E1,1,,resigned_to_run_for_other_office,경북지사 출마를 위해 의원직 사퇴 / 의원직 사퇴,term_start,confirmed,,wikiseat+nabill,경상북도 김천시,,,자유한국당,새누리당,이철우 (1955년),True,,True
20,송언석,宋彦錫,1963-05-16,남,자유한국당,경북 김천시,지역구,2018-06-14,2020-05-29,term_end,by_election,6EN68926,kna members_20.parquet; NA-API 의원이력; NA-API ALLNAMEMBER; kowiki list oldid=40331548; kowiki 의석변동 oldid=41820069,1,,term_end,,confirmed,term_end,wikiseat,,경상북도 김천시,,,미래통합당,자유한국당,송언석,True,,False
20,김종태,金鍾泰,1949-03-16,남,새누리당,경북 상주시군위군의성군청송군,지역구,2016-05-30,2017-02-09,disqualified,general,K1Y45873,kna members_20.parquet; NA-API 의원이력; NA-API ALLNAMEMBER; kowiki list oldid=40331548; kowiki 의석변동 oldid=41820069,1,,court_ruling_election_law,공직선거법 위반으로 의원직 상실 / 의원직 상실,term_start,confirmed,,wikilist+wikiseat,경상북도 상주시·군위군·의성군·청송군,,,새누리당,새누리당,김종태 (1949년),True,,False
20,김재원,金在原,1964-12-20,남,자유한국당,경북 상주시군위군의성군청송군,지역구,2017-04-13,2020-05-29,term_end,by_election,QZU9232M,kna members_20.parquet; NA-API 의원이력; NA-API ALLNAMEMBER; kowiki list oldid=40331548; kowiki 의석변동 oldid=41820069,1,,term_end,,confirmed,term_end,wikilist,,경상북도 상주시·군위군·의성군·청송군,,,미래통합당,자유한국당,김재원 (1964년),True,,True
20,김광림,金光琳,1948-04-28,남,새누리당,경북 안동시,지역구,2016-05-30,2020-05-29,term_end,general,MGE7194M,kna members_20.parquet; NA-API 의원이력; NA-API ALLNAMEMBER; kowiki list oldid=40331548,1,,term_end,,term_start,term_end,,,경상북도 안동시,,,미래통합당,새누리당,김광림 (정치인),True,,False
20,강석호,姜碩鎬,1955-12-03,남,새누리당,경북 영양군영덕군봉화군울진군,지역구,2016-05-30,2020-05-29,term_end,general,8I61593E,kna members_20.parquet; NA-API 의원이력; NA-API ALLNAMEMBER; kowiki list oldid=40331548,1,,term_end,,term_start,term_end,,,경상북도 영양군·영덕군·봉화군·울진군,,,미래통합당,새누리당,강석호 (1955년),True,,False
20,최교일,崔敎一,1962-02-28,남,새누리당,경북 영주시문경시예천군,지역구,2016-05-30,2020-05-29,term_end,general,TO79481Z,kna members_20.parquet; NA-API 의원이력; NA-API ALLNAMEMBER; kowiki list oldid=40331548,1,,term_end,,term_start,term_end,,,경상북도 영주시·문경시·예천군,,,미래통합당,새누리당,최교일,True,,False
20,이만희,李晩熙,1963-12-11,남,새누리당,경북 영천시청도군,지역구,2016-05-30,2020-05-29,term_end,general,OSV9142K,kna members_20.parquet; NA-API 의원이력; NA-API ALLNAMEMBER; kowiki list oldid=40331548,1,,term_end,,term_start,term_end,,,경상북도 영천시·청도군,,,미래통합당,새누리당,이만희 (정치인),True,,False
20,박명재,朴明在,1947-07-05,남,새누리당,경북 포항시남구울릉군,지역구,2016-05-30,2020-05-29,term_end,general,OTE19384,kna members_20.parquet; NA-API 의원이력; NA-API ALLNAMEMBER; kowiki list oldid=40331548,1,,term_end,,term_start,term_end,,,경상북도 포항시 남구·울릉군,,,미래통합당,새누리당,박명재,True,,False
20,김정재,金汀才,1966-02-15,여,새누리당,경북 포항시북구,지역구,2016-05-30,2020-05-29,term_end,general,E1J8836Y,kna members_20.parquet; NA-API 의원이력; NA-API ALLNAMEMBER; kowiki list oldid=40331548,1,,term_end,,term_start,term_end,,,경상북도 포항시 북구,,,미래통합당,새누리당,김정재,True,,False
20,김동철,金東喆,1955-06-30,남,국민의당,광주 광산구갑,지역구,2016-05-30,2020-05-29,term_end,general,DCR84445,kna members_20.parquet; NA-API 의원이력; NA-API ALLNAMEMBER; kowiki list oldid=40331548,1,,term_end,,term_start,term_end,,,광주광역시 광산구 갑,,,민생당,국민의당,김동철 (1955년생 정치인),True,,False
20,권은희,權垠希,1974-02-15,여,국민의당,광주 광산구을,지역구,2016-05-30,2020-05-29,term_end,general,YKW37422,kna members_20.parquet; NA-API 의원이력; NA-API ALLNAMEMBER; kowiki list oldid=40331548,1,,term_end,,term_start,term_end,,,광주광역시 광산구 을,,,국민의당,국민의당,권은희 (1974년),True,,True
20,장병완,張秉浣,1952-05-05,남,국민의당,광주 동구남구갑,지역구,2016-05-30,2020-05-29,term_end,general,V8I36226,kna members_20.parquet; NA-API 의원이력; NA-API ALLNAMEMBER; kowiki list oldid=40331548,1,,term_end,,term_start,term_end,,,광주광역시 동구·남구 갑,,,민생당,국민의당,장병완,True,,False
20,박주선,朴柱宣,1949-07-23,남,국민의당,광주 동구남구을,지역구,2016-05-30,2020-05-29,term_end,general,XT18076X,kna members_20.parquet; NA-API 의원이력; NA-API ALLNAMEMBER; kowiki list oldid=40331548,1,,term_end,,term_start,term_end,,,광주광역시 동구·남구 을,,,민생당,국민의당,박주선,True,,False
20,김경진,金京鎭,1966-07-14,남,국민의당,광주 북구갑,지역구,2016-05-30,2020-05-29,term_end,general,YVN3115U,kna members_20.parquet; NA-API 의원이력; NA-API ALLNAMEMBER; kowiki list oldid=40331548,1,,term_end,,term_start,term_end,,,광주광역시 북구 갑,,,무소속,국민의당,김경진 (정치인),True,,False
20,최경환,崔敬煥,1959-07-28,남,국민의당,광주 북구을,지역구,2016-05-30,2020-05-29,term_end,general,KA04352K,kna members_20.parquet; NA-API 의원이력; NA-API ALLNAMEMBER; kowiki list oldid=40331548,1,,term_end,,term_start,term_end,,,광주광역시 북구 을,,,민생당,국민의당,최경환 (1959년),True,,True
20,송기석,宋基錫,1963-10-28,남,국민의당,광주 서구갑,지역구,2016-05-30,2018-02-08,disqualified,general,7BV5480O,kna members_20.parquet; NA-API 의원이력; NA-API ALLNAMEMBER; kowiki list oldid=40331548; kowiki 의석변동 oldid=41820069,1,,court_ruling_election_law,공직선거법과 정치자금법 위반으로 / 의원직 상실 / 의원직 상실,term_start,confirmed,,wikilist+wikiseat,광주광역시 서구 갑,,,국민의당,국민의당,송기석,True,,False
20,송갑석,宋甲錫,1966-10-10,남,더불어민주당,광주 서구갑,지역구,2018-06-14,2020-05-29,term_end,by_election,RD42006Y,kna members_20.parquet; NA-API 의원이력; NA-API ALLNAMEMBER; kowiki list oldid=40331548; kowiki 의석변동 oldid=41820069,1,,term_end,,confirmed,term_end,wikiseat,,광주광역시 서구 갑,,,더불어민주당,더불어민주당,송갑석,True,,False
20,천정배,千正培,1954-12-12,남,국민의당,광주 서구을,지역구,2016-05-30,2020-05-29,term_end,general,3SP89633,kna members_20.parquet; NA-API 의원이력; NA-API ALLNAMEMBER; kowiki list oldid=40331548,1,,term_end,,term_start,term_end,,,광주광역시 서구 을,,,민생당,국민의당,천정배,True,,False
20,곽대훈,郭大勳,1955-06-05,남,새누리당,대구 달서구갑,지역구,2016-05-30,2020-05-29,term_end,general,Q6A9034Q,kna members_20.parquet; NA-API 의원이력; NA-API ALLNAMEMBER; kowiki list oldid=40331548,1,,term_end,,term_start,term_end,,,대구광역시 달서구 갑,,,무소속,새누리당,곽대훈,True,,False
20,조원진,趙源震,1959-01-07,남,새누리당,대구 달서구병,지역구,2016-05-30,2020-05-29,term_end,general,VNF2868Z,kna members_20.parquet; NA-API 의원이력; NA-API ALLNAMEMBER; kowiki list oldid=40331548,1,,term_end,,term_start,term_end,,,대구광역시 달서구 병,,,우리공화당,새누리당,조원진,True,,False
20,윤재옥,尹在玉,1961-09-10,남,새누리당,대구 달서구을,지역구,2016-05-30,2020-05-29,term_end,general,ZRF3039U,kna members_20.parquet; NA-API 의원이력; NA-API ALLNAMEMBER; kowiki list oldid=40331548,1,,term_end,,term_start,term_end,,,대구광역시 달서구 을,,,미래통합당,새누리당,윤재옥,True,,False
20,추경호,秋慶鎬,1960-07-29,남,새누리당,대구 달성군,지역구,2016-05-30,2020-05-29,term_end,general,G152611B,kna members_20.parquet; NA-API 의원이력; NA-API ALLNAMEMBER; kowiki list oldid=40331548,1,,term_end,,term_start,term_end,,,대구광역시 달성군,,,미래통합당,새누리당,추경호,True,,False
20,정종섭,鄭宗燮,1957-06-16,남,새누리당,대구 동구갑,지역구,2016-05-30,2020-05-29,term_end,general,CJX51868,kna members_20.parquet; NA-API 의원이력; NA-API ALLNAMEMBER; kowiki list oldid=40331548,1,,term_end,,term_start,term_end,,,대구광역시 동구 갑,,,미래통합당,새누리당,정종섭,True,,False
20,유승민,劉承旼,1958-01-07,남,무소속,대구 동구을,지역구,2016-05-30,2020-05-29,term_end,general,PWU27609,kna members_20.parquet; NA-API 의원이력; NA-API ALLNAMEMBER; kowiki list oldid=40331548,1,,term_end,,term_start,term_end,,,대구광역시 동구 을,,,미래통합당,무소속,유승민 (정치인),True,,False
20,정태옥,鄭泰沃,1961-11-27,남,새누리당,대구 북구갑,지역구,2016-05-30,2020-05-29,term_end,general,06571503,kna members_20.parquet; NA-API 의원이력; NA-API ALLNAMEMBER; kowiki list oldid=40331548,1,,term_end,,term_start,term_end,,,대구광역시 북구 갑,,,무소속,새누리당,정태옥,True,,False
20,홍의락,洪宜洛,1955-03-11,남,무소속,대구 북구을,지역구,2016-05-30,2020-05-29,term_end,general,GW55008L,kna members_20.parquet; NA-API 의원이력; NA-API ALLNAMEMBER; kowiki list oldid=40331548,1,,term_end,,term_start,term_end,,,대구광역시 북구 을,,,더불어민주당,무소속,홍의락,True,,False
20,김상훈,金相勳,1963-01-25,남,새누리당,대구 서구,지역구,2016-05-30,2020-05-29,term_end,general,1Y73132H,kna members_20.parquet; NA-API 의원이력; NA-API ALLNAMEMBER; kowiki list oldid=40331548,1,,term_end,,term_start,term_end,,,대구광역시 서구,,,미래통합당,새누리당,김상훈 (1963년),True,,False
20,김부겸,金富謙,1958-01-21,남,더불어민주당,대구 수성구갑,지역구,2016-05-30,2020-05-29,term_end,general,UIZ3103R,kna members_20.parquet; NA-API 의원이력; NA-API ALLNAMEMBER; kowiki list oldid=40331548,1,,term_end,,term_start,term_end,,,대구광역시 수성구 갑,,,더불어민주당,더불어민주당,김부겸,True,,False
20,주호영,朱豪英,1960-12-10,남,무소속,대구 수성구을,지역구,2016-05-30,2020-05-29,term_end,general,8SV6917G,kna members_20.parquet; NA-API 의원이력; NA-API ALLNAMEMBER; kowiki list oldid=40331548,1,,term_end,,term_start,term_end,,,대구광역시 수성구 을,,,미래통합당,무소속,주호영,True,,False
20,곽상도,郭尙道,1959-12-23,남,새누리당,대구 중구남구,지역구,2016-05-30,2020-05-29,term_end,general,MHK9919B,kna members_20.parquet; NA-API 의원이력; NA-API ALLNAMEMBER; kowiki list oldid=40331548,1,,term_end,,term_start,term_end,,,대구광역시 중구·남구,,,미래통합당,새누리당,곽상도,True,,False
20,정용기,鄭容起,1962-06-01,남,새누리당,대전 대덕구,지역구,2016-05-30,2020-05-29,term_end,general,ZGA4092Y,kna members_20.parquet; NA-API 의원이력; NA-API ALLNAMEMBER; kowiki list oldid=40331548,1,,term_end,,term_start,term_end,,,대전광역시 대덕구,,,미래통합당,새누리당,정용기 (1962년),True,,False
20,이장우,李莊雨,1965-02-10,남,새누리당,대전 동구,지역구,2016-05-30,2020-05-29,term_end,general,2SE64657,kna members_20.parquet; NA-API 의원이력; NA-API ALLNAMEMBER; kowiki list oldid=40331548,1,,term_end,,term_start,term_end,,,대전광역시 동구,,,미래통합당,새누리당,이장우 (1965년),True,,False
20,박병석,朴炳錫,1952-01-25,남,더불어민주당,대전 서구갑,지역구,2016-05-30,2020-05-29,term_end,general,BLC8630L,kna members_20.parquet; NA-API 의원이력; NA-API ALLNAMEMBER; kowiki list oldid=40331548,1,,term_end,,term_start,term_end,,,대전광역시 서구 갑,,,더불어민주당,더불어민주당,박병석,True,,False
20,박범계,朴範界,1963-04-27,남,더불어민주당,대전 서구을,지역구,2016-05-30,2020-05-29,term_end,general,7R156073,kna members_20.parquet; NA-API 의원이력; NA-API ALLNAMEMBER; kowiki list oldid=40331548,1,,term_end,,term_start,term_end,,,대전광역시 서구 을,,,더불어민주당,더불어민주당,박범계,True,,False
20,조승래,趙承來,1968-02-21,남,더불어민주당,대전 유성구갑,지역구,2016-05-30,2020-05-29,term_end,general,FYI20317,kna members_20.parquet; NA-API 의원이력; NA-API ALLNAMEMBER; kowiki list oldid=40331548,1,,term_end,,term_start,term_end,,,대전광역시 유성구 갑,,,더불어민주당,더불어민주당,조승래,True,,False
20,이상민,李相珉,1958-01-22,남,더불어민주당,대전 유성구을,지역구,2016-05-30,2020-05-29,term_end,general,ZYH1940A,kna members_20.parquet; NA-API 의원이력; NA-API ALLNAMEMBER; kowiki list oldid=40331548,1,,term_end,,term_start,term_end,,,대전광역시 유성구 을,,,더불어민주당,더불어민주당,이상민 (1958년),True,,False
20,이은권,李殷權,1957-02-25,남,새누리당,대전 중구,지역구,2016-05-30,2020-05-29,term_end,general,DVD2735W,kna members_20.parquet; NA-API 의원이력; NA-API ALLNAMEMBER; kowiki list oldid=40331548,1,,term_end,,term_start,term_end,,,대전광역시 중구,,,미래통합당,새누리당,이은권,True,,False
20,김세연,金世淵,1972-07-15,남,새누리당,부산 금정구,지역구,2016-05-30,2020-05-29,term_end,general,2WQ6656P,kna members_20.parquet; NA-API 의원이력; NA-API ALLNAMEMBER; kowiki list oldid=40331548,1,,term_end,,term_start,term_end,,,부산광역시 금정구,,,미래통합당,새누리당,김세연 (1972년),True,,False
20,윤상직,尹相直,1956-05-25,남,새누리당,부산 기장군,지역구,2016-05-30,2020-05-29,term_end,general,LDY9563L,kna members_20.parquet; NA-API 의원이력; NA-API ALLNAMEMBER; kowiki list oldid=40331548,1,,term_end,,term_start,term_end,,,부산광역시 기장군,,,미래통합당,새누리당,윤상직,True,,False
20,김정훈,金正薰,1957-11-03,남,새누리당,부산 남구갑,지역구,2016-05-30,2020-05-29,term_end,general,64G6894C,kna members_20.parquet; NA-API 의원이력; NA-API ALLNAMEMBER; kowiki list oldid=40331548,1,,term_end,,term_start,term_end,,,부산광역시 남구 갑,,,미래통합당,새누리당,김정훈 (정치인),True,,False
20,박재호,朴在昊,1959-02-13,남,더불어민주당,부산 남구을,지역구,2016-05-30,2020-05-29,term_end,general,QUO78839,kna members_20.parquet; NA-API 의원이력; NA-API ALLNAMEMBER; kowiki list oldid=40331548,1,,term_end,,term_start,term_end,,,부산광역시 남구 을,,,더불어민주당,더불어민주당,박재호,True,,False
20,이진복,李珍福,1957-10-18,남,새누리당,부산 동래구,지역구,2016-05-30,2020-05-29,term_end,general,0ID22746,kna members_20.parquet; NA-API 의원이력; NA-API ALLNAMEMBER; kowiki list oldid=40331548,1,,term_end,,term_start,term_end,,,부산광역시 동래구,,,미래통합당,새누리당,이진복 (1957년),True,,False
20,김영춘,金榮春,1962-02-05,남,더불어민주당,부산 부산진구갑,지역구,2016-05-30,2020-05-29,term_end,general,TWL5801D,kna members_20.parquet; NA-API 의원이력; NA-API ALLNAMEMBER; kowiki list oldid=40331548,1,,term_end,,term_start,term_end,,,부산광역시 부산진구 갑,,,더불어민주당,더불어민주당,김영춘 (1962년),True,,False
20,이헌승,李憲昇,1963-05-11,남,새누리당,부산 부산진구을,지역구,2016-05-30,2020-05-29,term_end,general,EVH1507C,kna members_20.parquet; NA-API 의원이력; NA-API ALLNAMEMBER; kowiki list oldid=40331548,1,,term_end,,term_start,term_end,,,부산광역시 부산진구 을,,,미래통합당,새누리당,이헌승,True,,False
20,전재수,田載秀,1971-04-20,남,더불어민주당,부산 북구강서구갑,지역구,2016-05-30,2020-05-29,term_end,general,9YO73104,kna members_20.parquet; NA-API 의원이력; NA-API ALLNAMEMBER; kowiki list oldid=40331548,1,,term_end,,term_start,term_end,,,부산광역시 북구·강서구 갑,,,더불어민주당,더불어민주당,전재수,True,,False
20,김도읍,金度邑,1964-07-06,남,새누리당,부산 북구강서구을,지역구,2016-05-30,2020-05-29,term_end,general,LH97552Q,kna members_20.parquet; NA-API 의원이력; NA-API ALLNAMEMBER; kowiki list oldid=40331548,1,,term_end,,term_start,term_end,,,부산광역시 북구·강서구 을,,,미래통합당,새누리당,김도읍,True,,False
20,장제원,張濟元,1967-04-13,남,무소속,부산 사상구,지역구,2016-05-30,2020-05-29,term_end,general,CZB4125D,kna members_20.parquet; NA-API 의원이력; NA-API ALLNAMEMBER; kowiki list oldid=40331548,1,,term_end,,term_start,term_end,,,부산광역시 사상구,,,미래통합당,무소속,장제원,True,,False
20,최인호,崔仁昊,1966-10-15,남,더불어민주당,부산 사하구갑,지역구,2016-05-30,2020-05-29,term_end,general,LPB30152,kna members_20.parquet; NA-API 의원이력; NA-API ALLNAMEMBER; kowiki list oldid=40331548,1,,term_end,,term_start,term_end,,,부산광역시 사하구 갑,,,더불어민주당,더불어민주당,최인호 (1966년),True,,False
20,조경태,趙慶泰,1968-01-10,남,새누리당,부산 사하구을,지역구,2016-05-30,2020-05-29,term_end,general,5KV82250,kna members_20.parquet; NA-API 의원이력; NA-API ALLNAMEMBER; kowiki list oldid=40331548,1,,term_end,,term_start,term_end,,,부산광역시 사하구 을,,,미래통합당,새누리당,조경태,True,,False
20,유기준,兪奇濬,1959-08-10,남,새누리당,부산 서구동구,지역구,2016-05-30,2020-05-29,term_end,general,CAL85655,kna members_20.parquet; NA-API 의원이력; NA-API ALLNAMEMBER; kowiki list oldid=40331548,1,,term_end,,term_start,term_end,,,부산광역시 서구·동구,,,미래통합당,새누리당,유기준 (1959년),True,,False
20,유재중,柳在仲,1956-03-27,남,새누리당,부산 수영구,지역구,2016-05-30,2020-05-29,term_end,general,SEK1881Q,kna members_20.parquet; NA-API 의원이력; NA-API ALLNAMEMBER; kowiki list oldid=40331548,1,,term_end,,term_start,term_end,,,부산광역시 수영구,,,미래통합당,새누리당,유재중,True,,False
20,김해영,金海永,1977-01-02,남,더불어민주당,부산 연제구,지역구,2016-05-30,2020-05-29,term_end,general,6QU2958D,kna members_20.parquet; NA-API 의원이력; NA-API ALLNAMEMBER; kowiki list oldid=40331548,1,,term_end,,term_start,term_end,,,부산광역시 연제구,,,더불어민주당,더불어민주당,김해영,True,,False
20,김무성,金武星,1951-09-20,남,새누리당,부산 중구영도구,지역구,2016-05-30,2020-05-29,term_end,general,SNJ6318D,kna members_20.parquet; NA-API 의원이력; NA-API ALLNAMEMBER; kowiki list oldid=40331548,1,,term_end,,term_start,term_end,,,부산광역시 중구·영도구,,,미래통합당,새누리당,김무성,True,,False
20,하태경,河泰慶,1968-03-29,남,새누리당,부산 해운대구갑,지역구,2016-05-30,2020-05-29,term_end,general,I0S53762,kna members_20.parquet; NA-API 의원이력; NA-API ALLNAMEMBER; kowiki list oldid=40331548,1,,term_end,,term_start,term_end,,,부산광역시 해운대구 갑,,,미래통합당,새누리당,하태경,True,,False
20,배덕광,裵德光,1948-06-22,남,새누리당,부산 해운대구을,지역구,2016-05-30,2018-01-29,resigned,general,9CR4440H,kna members_20.parquet; NA-API 의원이력; NA-API ALLNAMEMBER; kowiki list oldid=40331548; kowiki 의석변동 oldid=41820069; NA bill PRC_A1O8J0G1Y2J3D1Y6V4H6Z4O7R8T0T3,1,,resigned_other,사퇴 / 의원직 사퇴,term_start,confirmed,,wikilist+wikiseat+nabill,부산광역시 해운대구 을,,,자유한국당,새누리당,배덕광,True,,False
20,윤준호,尹俊晧,1967-06-07,남,더불어민주당,부산 해운대구을,지역구,2018-06-14,2020-05-29,term_end,by_election,7W35098M,kna members_20.parquet; NA-API 의원이력; NA-API ALLNAMEMBER; kowiki list oldid=40331548; kowiki 의석변동 oldid=41820069,1,,term_end,,confirmed,term_end,wikiseat,,부산광역시 해운대구 을,,,더불어민주당,더불어민주당,윤준호 (정치인),True,,False
20,이종구,李鍾九,1950-09-22,남,새누리당,서울 강남구갑,지역구,2016-05-30,2020-05-29,term_end,general,2XI97689,kna members_20.parquet; NA-API 의원이력; NA-API ALLNAMEMBER; kowiki list oldid=40331548,1,,term_end,,term_start,term_end,,,서울특별시 강남구 갑,,,미래통합당,새누리당,이종구 (1950년),True,,False
20,이은재,李恩宰,1952-03-27,여,새누리당,서울 강남구병,지역구,2016-05-30,2020-05-29,term_end,general,IQN7588X,kna members_20.parquet; NA-API 의원이력; NA-API ALLNAMEMBER; kowiki list oldid=40331548,1,,term_end,,term_start,term_end,,,서울특별시 강남구 병,,,무소속,새누리당,이은재 (정치인),True,,False
20,전현희,全賢姬,1964-11-04,여,더불어민주당,서울 강남구을,지역구,2016-05-30,2020-05-29,term_end,general,25G2571T,kna members_20.parquet; NA-API 의원이력; NA-API ALLNAMEMBER; kowiki list oldid=40331548,1,,term_end,,term_start,term_end,,,서울특별시 강남구 을,,,더불어민주당,더불어민주당,전현희,True,,False
20,진선미,陳善美,1967-05-14,여,더불어민주당,서울 강동구갑,지역구,2016-05-30,2020-05-29,term_end,general,68P7228G,kna members_20.parquet; NA-API 의원이력; NA-API ALLNAMEMBER; kowiki list oldid=40331548,1,,term_end,,term_start,term_end,,,서울특별시 강동구 갑,,,더불어민주당,더불어민주당,진선미,True,,False
20,심재권,沈載權,1946-08-15,남,더불어민주당,서울 강동구을,지역구,2016-05-30,2020-05-29,term_end,general,VXQ28579,kna members_20.parquet; NA-API 의원이력; NA-API ALLNAMEMBER; kowiki list oldid=40331548,1,,term_end,,term_start,term_end,,,서울특별시 강동구 을,,,더불어민주당,더불어민주당,심재권,True,,False
20,정양석,鄭亮碩,1958-11-25,남,새누리당,서울 강북구갑,지역구,2016-05-30,2020-05-29,term_end,general,0E97245Y,kna members_20.parquet; NA-API 의원이력; NA-API ALLNAMEMBER; kowiki list oldid=40331548,1,,term_end,,term_start,term_end,,,서울특별시 강북구 갑,,,미래통합당,새누리당,정양석,True,,False
20,박용진,朴用鎭,1971-04-17,남,더불어민주당,서울 강북구을,지역구,2016-05-30,2020-05-29,term_end,general,PEP6922S,kna members_20.parquet; NA-API 의원이력; NA-API ALLNAMEMBER; kowiki list oldid=40331548,1,,term_end,,term_start,term_end,,,서울특별시 강북구 을,,,더불어민주당,더불어민주당,박용진 (정치인),True,,False
20,금태섭,琴泰燮,1967-09-29,남,더불어민주당,서울 강서구갑,지역구,2016-05-30,2020-05-29,term_end,general,QZR19240,kna members_20.parquet; NA-API 의원이력; NA-API ALLNAMEMBER; kowiki list oldid=40331548,1,,term_end,,term_start,term_end,,,서울특별시 강서구 갑,,,더불어민주당,더불어민주당,금태섭,True,,False
20,한정애,韓貞愛,1965-01-08,여,더불어민주당,서울 강서구병,지역구,2016-05-30,2020-05-29,term_end,general,XPP2564T,kna members_20.parquet; NA-API 의원이력; NA-API ALLNAMEMBER; kowiki list oldid=40331548,1,,term_end,,term_start,term_end,,,서울특별시 강서구 병,,,더불어민주당,더불어민주당,한정애,True,,False
20,김성태,金聖泰,1958-05-23,남,새누리당,서울 강서구을,지역구,2016-05-30,2020-05-29,term_end,general,BQS2021C,kna members_20.parquet; NA-API 의원이력; NA-API ALLNAMEMBER; kowiki list oldid=40331548,1,,term_end,,term_start,term_end,,,서울특별시 강서구 을,,,미래통합당,새누리당,김성태 (1958년),True,,True
20,김성식,金成植,1958-12-16,남,국민의당,서울 관악구갑,지역구,2016-05-30,2020-05-29,term_end,general,RCF90176,kna members_20.parquet; NA-API 의원이력; NA-API ALLNAMEMBER; kowiki list oldid=40331548,1,,term_end,,term_start,term_end,,,서울특별시 관악구 갑,,,무소속,국민의당,김성식 (1958년),True,,False
20,오신환,吳晨煥,1971-02-07,남,새누리당,서울 관악구을,지역구,2016-05-30,2020-05-29,term_end,general,H337332S,kna members_20.parquet; NA-API 의원이력; NA-API ALLNAMEMBER; kowiki list oldid=40331548,1,,term_end,,term_start,term_end,,,서울특별시 관악구 을,,,미래통합당,새누리당,오신환,True,,False
20,전혜숙,全惠淑,1955-05-05,여,더불어민주당,서울 광진구갑,지역구,2016-05-30,2020-05-29,term_end,general,N9X9673B,kna members_20.parquet; NA-API 의원이력; NA-API ALLNAMEMBER; kowiki list oldid=40331548,1,,term_end,,term_start,term_end,,,서울특별시 광진구 갑,,,더불어민주당,더불어민주당,전혜숙,True,,False
20,추미애,秋美愛,1958-10-23,여,더불어민주당,서울 광진구을,지역구,2016-05-30,2020-05-29,term_end,general,URV1689Q,kna members_20.parquet; NA-API 의원이력; NA-API ALLNAMEMBER; kowiki list oldid=40331548,1,,term_end,,term_start,term_end,,,서울특별시 광진구 을,,,더불어민주당,더불어민주당,추미애,True,,False
20,이인영,李仁榮,1964-06-28,남,더불어민주당,서울 구로구갑,지역구,2016-05-30,2020-05-29,term_end,general,3ZR4438W,kna members_20.parquet; NA-API 의원이력; NA-API ALLNAMEMBER; kowiki list oldid=40331548,1,,term_end,,term_start,term_end,,,서울특별시 구로구 갑,,,더불어민주당,더불어민주당,이인영 (정치인),True,,False
20,박영선,朴映宣,1960-01-22,여,더불어민주당,서울 구로구을,지역구,2016-05-30,2020-05-29,term_end,general,S8431719,kna members_20.parquet; NA-API 의원이력; NA-API ALLNAMEMBER; kowiki list oldid=40331548,1,,term_end,,term_start,term_end,,,서울특별시 구로구 을,,,더불어민주당,더불어민주당,박영선 (정치인),True,,False
20,이훈,李薰,1965-09-06,남,더불어민주당,서울 금천구,지역구,2016-05-30,2020-05-29,term_end,general,BTP28870,kna members_20.parquet; NA-API 의원이력; NA-API ALLNAMEMBER; kowiki list oldid=40331548,1,,term_end,,term_start,term_end,,,서울특별시 금천구,,,더불어민주당,더불어민주당,이훈 (1965년),True,,False
20,고용진,高榕진,1964-08-06,남,더불어민주당,서울 노원구갑,지역구,2016-05-30,2020-05-29,term_end,general,6V37131U,kna members_20.parquet; NA-API 의원이력; NA-API ALLNAMEMBER; kowiki list oldid=40331548,1,,term_end,,term_start,term_end,,,서울특별시 노원구 갑,,,더불어민주당,더불어민주당,고용진,True,,False
20,안철수,安哲秀,1962-01-22,남,국민의당,서울 노원구병,지역구,2016-05-30,2017-04-17,resigned,general,YOG1280B,kna members_20.parquet; NA-API 의원이력; NA-API ALLNAMEMBER; kowiki list oldid=40331548; kowiki 의석변동 oldid=41820069; NA bill PRC_J1I7E0T4Q1O7J1T0G4B7M3M3Y8F1L8,1,,resigned_to_run_for_other_office,19대 대선 출마로 의원직 사퇴 / 의원직 사퇴,term_start,confirmed,,wikilist+wikiseat+nabill,서울특별시 노원구 병,,,국민의당,국민의당,안철수,True,,False
20,김성환,金星煥,1965-10-15,남,더불어민주당,서울 노원구병,지역구,2018-06-14,2020-05-29,term_end,by_election,XSP20229,kna members_20.parquet; NA-API 의원이력; NA-API ALLNAMEMBER; kowiki list oldid=40331548; kowiki 의석변동 oldid=41820069,1,,term_end,,confirmed,term_end,wikiseat,,서울특별시 노원구 병,,,더불어민주당,더불어민주당,김성환 (1965년),True,,False
20,우원식,禹元植,1957-09-18,남,더불어민주당,서울 노원구을,지역구,2016-05-30,2020-05-29,term_end,general,XBT9550Q,kna members_20.parquet; NA-API 의원이력; NA-API ALLNAMEMBER; kowiki list oldid=40331548,1,,term_end,,term_start,term_end,,,서울특별시 노원구 을,,,더불어민주당,더불어민주당,우원식,True,,False
20,인재근,印在謹,1953-11-11,여,더불어민주당,서울 도봉구갑,지역구,2016-05-30,2020-05-29,term_end,general,UM51067K,kna members_20.parquet; NA-API 의원이력; NA-API ALLNAMEMBER; kowiki list oldid=40331548,1,,term_end,,term_start,term_end,,,서울특별시 도봉구 갑,,,더불어민주당,더불어민주당,인재근,True,,False
20,김선동,金善東,1963-10-09,남,새누리당,서울 도봉구을,지역구,2016-05-30,2020-05-29,term_end,general,DTG4846A,kna members_20.parquet; NA-API 의원이력; NA-API ALLNAMEMBER; kowiki list oldid=40331548,1,,term_end,,term_start,term_end,,,서울특별시 도봉구 을,,,미래통합당,새누리당,김선동 (1963년),True,,True
20,안규백,安圭伯,1961-04-29,남,더불어민주당,서울 동대문구갑,지역구,2016-05-30,2020-05-29,term_end,general,TST4507I,kna members_20.parquet; NA-API 의원이력; NA-API ALLNAMEMBER; kowiki list oldid=40331548,1,,term_end,,term_start,term_end,,,서울특별시 동대문구 갑,,,더불어민주당,더불어민주당,안규백,True,,False
20,민병두,閔丙두,1958-06-10,남,더불어민주당,서울 동대문구을,지역구,2016-05-30,2020-05-29,term_end,general,39P2522W,kna members_20.parquet; NA-API 의원이력; NA-API ALLNAMEMBER; kowiki list oldid=40331548,1,,term_end,,term_start,term_end,,,서울특별시 동대문구 을,,,무소속,더불어민주당,민병두,True,,False
20,김병기,金炳基,1961-07-10,남,더불어민주당,서울 동작구갑,지역구,2016-05-30,2020-05-29,term_end,general,8Q88373R,kna members_20.parquet; NA-API 의원이력; NA-API ALLNAMEMBER; kowiki list oldid=40331548,1,,term_end,,term_start,term_end,,,서울특별시 동작구 갑,,,더불어민주당,더불어민주당,김병기 (1961년),True,,False
20,나경원,羅景垣,1963-12-06,여,새누리당,서울 동작구을,지역구,2016-05-30,2020-05-29,term_end,general,SLW27496,kna members_20.parquet; NA-API 의원이력; NA-API ALLNAMEMBER; kowiki list oldid=40331548,1,,term_end,,term_start,term_end,,,서울특별시 동작구 을,,,미래통합당,새누리당,나경원,True,,False
20,노웅래,盧雄來,1957-08-03,남,더불어민주당,서울 마포구갑,지역구,2016-05-30,2020-05-29,term_end,general,0827740Q,kna members_20.parquet; NA-API 의원이력; NA-API ALLNAMEMBER; kowiki list oldid=40331548,1,,term_end,,term_start,term_end,,,서울특별시 마포구 갑,,,더불어민주당,더불어민주당,노웅래,True,,False
20,손혜원,孫惠園,1955-01-23,여,더불어민주당,서울 마포구을,지역구,2016-05-30,2020-05-29,term_end,general,ZBX31520,kna members_20.parquet; NA-API 의원이력; NA-API ALLNAMEMBER; kowiki list oldid=40331548,1,,term_end,,term_start,term_end,,,서울특별시 마포구 을,,,열린민주당,더불어민주당,손혜원,True,,False
20,우상호,禹相虎,1962-12-12,남,더불어민주당,서울 서대문구갑,지역구,2016-05-30,2020-05-29,term_end,general,V0O5343U,kna members_20.parquet; NA-API 의원이력; NA-API ALLNAMEMBER; kowiki list oldid=40331548,1,,term_end,,term_start,term_end,,,서울특별시 서대문구 갑,,,더불어민주당,더불어민주당,우상호,True,,False
20,김영호,金映豪,1967-09-13,남,더불어민주당,서울 서대문구을,지역구,2016-05-30,2020-05-29,term_end,general,7BM2933Y,kna members_20.parquet; NA-API 의원이력; NA-API ALLNAMEMBER; kowiki list oldid=40331548,1,,term_end,,term_start,term_end,,,서울특별시 서대문구 을,,,더불어민주당,더불어민주당,김영호 (1967년),True,,False
20,이혜훈,李惠薰,1964-06-15,여,새누리당,서울 서초구갑,지역구,2016-05-30,2020-05-29,term_end,general,LCJ77278,kna members_20.parquet; NA-API 의원이력; NA-API ALLNAMEMBER; kowiki list oldid=40331548,1,,term_end,,term_start,term_end,,,서울특별시 서초구 갑,,,미래통합당,새누리당,이혜훈,True,,False
20,박성중,朴成重,1958-08-01,남,새누리당,서울 서초구을,지역구,2016-05-30,2020-05-29,term_end,general,DAN6731C,kna members_20.parquet; NA-API 의원이력; NA-API ALLNAMEMBER; kowiki list oldid=40331548,1,,term_end,,term_start,term_end,,,서울특별시 서초구 을,,,미래통합당,새누리당,박성중,True,,False
20,유승희,兪承希,1960-04-26,여,더불어민주당,서울 성북구갑,지역구,2016-05-30,2020-05-29,term_end,general,9BE5694R,kna members_20.parquet; NA-API 의원이력; NA-API ALLNAMEMBER; kowiki list oldid=40331548,1,,term_end,,term_start,term_end,,,서울특별시 성북구 갑,,,더불어민주당,더불어민주당,유승희,True,,False
20,기동민,奇東旻,1966-02-23,남,더불어민주당,서울 성북구을,지역구,2016-05-30,2020-05-29,term_end,general,B7R2742J,kna members_20.parquet; NA-API 의원이력; NA-API ALLNAMEMBER; kowiki list oldid=40331548,1,,term_end,,term_start,term_end,,,서울특별시 성북구 을,,,더불어민주당,더불어민주당,기동민,True,,False
20,박인숙,朴仁淑,1948-11-10,여,새누리당,서울 송파구갑,지역구,2016-05-30,2020-05-29,term_end,general,IQ54138I,kna members_20.parquet; NA-API 의원이력; NA-API ALLNAMEMBER; kowiki list oldid=40331548,1,,term_end,,term_start,term_end,,,서울특별시 송파구 갑,,,미래통합당,새누리당,박인숙 (1948년),True,,False
20,남인순,南仁順,1958-11-05,여,더불어민주당,서울 송파구병,지역구,2016-05-30,2020-05-29,term_end,general,04T3751T,kna members_20.parquet; NA-API 의원이력; NA-API ALLNAMEMBER; kowiki list oldid=40331548,1,,term_end,,term_start,term_end,,,서울특별시 송파구 병,,,더불어민주당,더불어민주당,남인순,True,,False
20,최명길,崔明吉,1961-03-19,남,더불어민주당,서울 송파구을,지역구,2016-05-30,2017-12-05,disqualified,general,U013741R,kna members_20.parquet; NA-API 의원이력; NA-API ALLNAMEMBER; kowiki list oldid=40331548; kowiki 의석변동 oldid=41820069,1,,court_ruling_election_law,공직선거법 위반으로 의원직 상실 / 의원직 상실,term_start,confirmed,,wikilist+wikiseat,서울특별시 송파구 을,,,국민의당,더불어민주당,최명길 (1961년),True,,False
20,최재성,崔宰誠,1965-09-09,남,더불어민주당,서울 송파구을,지역구,2018-06-14,2020-05-29,term_end,by_election,VE469451,kna members_20.parquet; NA-API 의원이력; NA-API ALLNAMEMBER; kowiki list oldid=40331548; kowiki 의석변동 oldid=41820069,1,,term_end,,confirmed,term_end,wikiseat,,서울특별시 송파구 을,,,더불어민주당,더불어민주당,최재성 (정치인),True,,False
20,황희,黃熙,1967-07-28,남,더불어민주당,서울 양천구갑,지역구,2016-05-30,2020-05-29,term_end,general,0VU8517U,kna members_20.parquet; NA-API 의원이력; NA-API ALLNAMEMBER; kowiki list oldid=40331548,1,,term_end,,term_start,term_end,,,서울특별시 양천구 갑,,,더불어민주당,더불어민주당,황희 (1967년),True,,False
20,김용태,金容兌,1968-03-26,남,새누리당,서울 양천구을,지역구,2016-05-30,2020-05-29,term_end,general,AMF4093D,kna members_20.parquet; NA-API 의원이력; NA-API ALLNAMEMBER; kowiki list oldid=40331548,1,,term_end,,term_start,term_end,,,서울특별시 양천구 을,,,미래통합당,새누리당,김용태 (1968년),True,,True
20,김영주,金榮珠,1955-07-27,여,더불어민주당,서울 영등포구갑,지역구,2016-05-30,2020-05-29,term_end,general,0W194007,kna members_20.parquet; NA-API 의원이력; NA-API ALLNAMEMBER; kowiki list oldid=40331548,1,,term_end,,term_start,term_end,,,서울특별시 영등포구 갑,,,더불어민주당,더불어민주당,김영주 (1955년),True,,True
20,신경민,辛京珉,1953-08-19,남,더불어민주당,서울 영등포구을,지역구,2016-05-30,2020-05-29,term_end,general,BN49469V,kna members_20.parquet; NA-API 의원이력; NA-API ALLNAMEMBER; kowiki list oldid=40331548,1,,term_end,,term_start,term_end,,,서울특별시 영등포구 을,,,더불어민주당,더불어민주당,신경민,True,,False
20,진영,陳永,1950-10-23,남,더불어민주당,서울 용산구,지역구,2016-05-30,2020-05-29,term_end,general,IDV9108J,kna members_20.parquet; NA-API 의원이력; NA-API ALLNAMEMBER; kowiki list oldid=40331548,1,,term_end,,term_start,term_end,,,서울특별시 용산구,,,더불어민주당,더불어민주당,진영 (정치인),True,,False
20,박주민,朴柱民,1973-11-21,남,더불어민주당,서울 은평구갑,지역구,2016-05-30,2020-05-29,term_end,general,6AU2417B,kna members_20.parquet; NA-API 의원이력; NA-API ALLNAMEMBER; kowiki list oldid=40331548,1,,term_end,,term_start,term_end,,,서울특별시 은평구 갑,,,더불어민주당,더불어민주당,박주민,True,,False
20,강병원,姜炳遠,1971-07-09,남,더불어민주당,서울 은평구을,지역구,2016-05-30,2020-05-29,term_end,general,60490713,kna members_20.parquet; NA-API 의원이력; NA-API ALLNAMEMBER; kowiki list oldid=40331548,1,,term_end,,term_start,term_end,,,서울특별시 은평구 을,,,더불어민주당,더불어민주당,강병원,True,,False
20,정세균,丁世均,1950-09-26,남,더불어민주당,서울 종로구,지역구,2016-05-30,2020-05-29,term_end,general,DCN7433W,kna members_20.parquet; NA-API 의원이력; NA-API ALLNAMEMBER; kowiki list oldid=40331548,1,,term_end,,term_start,term_end,,,서울특별시 종로구,,,더불어민주당,더불어민주당,정세균,True,,False
20,홍익표,洪翼杓,1967-11-20,남,더불어민주당,서울 중구성동구갑,지역구,2016-05-30,2020-05-29,term_end,general,FRN1867O,kna members_20.parquet; NA-API 의원이력; NA-API ALLNAMEMBER; kowiki list oldid=40331548,1,,term_end,,term_start,term_end,,,서울특별시 중구·성동구 갑,,,더불어민주당,더불어민주당,홍익표 (1967년),True,,False
20,지상욱,池尙昱,1965-05-16,남,새누리당,서울 중구성동구을,지역구,2016-05-30,2020-05-29,term_end,general,5HG31863,kna members_20.parquet; NA-API 의원이력; NA-API ALLNAMEMBER; kowiki list oldid=40331548,1,,term_end,,term_start,term_end,,,서울특별시 중구·성동구 을,,,미래통합당,새누리당,지상욱,True,,False
20,서영교,徐瑛敎,1964-11-11,여,더불어민주당,서울 중랑구갑,지역구,2016-05-30,2020-05-29,term_end,general,TKJ4800F,kna members_20.parquet; NA-API 의원이력; NA-API ALLNAMEMBER; kowiki list oldid=40331548,1,,term_end,,term_start,term_end,,,서울특별시 중랑구 갑,,,더불어민주당,더불어민주당,서영교,True,,False
20,박홍근,朴洪根,1969-10-08,남,더불어민주당,서울 중랑구을,지역구,2016-05-30,2020-05-29,term_end,general,S824682L,kna members_20.parquet; NA-API 의원이력; NA-API ALLNAMEMBER; kowiki list oldid=40331548,1,,term_end,,term_start,term_end,,,서울특별시 중랑구 을,,,더불어민주당,더불어민주당,박홍근 (정치인),True,,False
20,이해찬,李海瓚,1952-07-10,남,무소속,세종특별자치시,지역구,2016-05-30,2020-05-29,term_end,general,9ZP9014Q,kna members_20.parquet; NA-API 의원이력; NA-API ALLNAMEMBER; kowiki list oldid=40331548,1,,term_end,,term_start,term_end,,,세종특별자치시 세종특별자치시,,,더불어민주당,무소속,이해찬,True,,False
20,이채익,李埰益,1955-05-27,남,새누리당,울산 남구갑,지역구,2016-05-30,2020-05-29,term_end,general,WDS6044S,kna members_20.parquet; NA-API 의원이력; NA-API ALLNAMEMBER; kowiki list oldid=40331548,1,,term_end,,term_start,term_end,,,울산광역시 남구 갑,,,미래통합당,새누리당,이채익,True,,False
20,박맹우,朴孟雨,1951-12-06,남,새누리당,울산 남구을,지역구,2016-05-30,2020-05-29,term_end,general,EUR98126,kna members_20.parquet; NA-API 의원이력; NA-API ALLNAMEMBER; kowiki list oldid=40331548,1,,term_end,,term_start,term_end,,,울산광역시 남구 을,,,미래통합당,새누리당,박맹우,True,,False
20,김종훈,金鍾勳,1964-07-03,남,무소속,울산 동구,지역구,2016-05-30,2020-05-29,term_end,general,A935446Z,kna members_20.parquet; NA-API 의원이력; NA-API ALLNAMEMBER; kowiki list oldid=40331548,1,,term_end,,term_start,term_end,,,울산광역시 동구,,,민중당,무소속,김종훈 (1964년),True,,True
20,윤종오,尹鍾五,1963-08-14,남,무소속,울산 북구,지역구,2016-05-30,2017-12-22,disqualified,general,3TP65086,kna members_20.parquet; NA-API 의원이력; NA-API ALLNAMEMBER; kowiki list oldid=40331548; kowiki 의석변동 oldid=41820069,1,,court_ruling_election_law,공직선거법 위반으로 의원직 상실,term_start,confirmed,,wikiseat,울산광역시 북구,,,민중당,무소속,윤종오,True,,False
20,이상헌,李相憲,1954-07-10,남,더불어민주당,울산 북구,지역구,2018-06-14,2020-05-29,term_end,by_election,WVU2479T,kna members_20.parquet; NA-API 의원이력; NA-API ALLNAMEMBER; kowiki list oldid=40331548; kowiki 의석변동 oldid=41820069,1,,term_end,,confirmed,term_end,wikiseat,,울산광역시 북구,,,더불어민주당,더불어민주당,이상헌 (1954년),True,,False
20,강길부,姜吉夫,1942-06-05,남,무소속,울산 울주군,지역구,2016-05-30,2020-05-29,term_end,general,XQ98168F,kna members_20.parquet; NA-API 의원이력; NA-API ALLNAMEMBER; kowiki list oldid=40331548,1,,term_end,,term_start,term_end,,,울산광역시 울주군,,,무소속,무소속,강길부,True,,False
20,정갑윤,鄭甲潤,1950-11-08,남,새누리당,울산 중구,지역구,2016-05-30,2020-05-29,term_end,general,CYD5815E,kna members_20.parquet; NA-API 의원이력; NA-API ALLNAMEMBER; kowiki list oldid=40331548,1,,term_end,,term_start,term_end,,,울산광역시 중구,,,미래통합당,새누리당,정갑윤,True,,False
20,유동수,柳東秀,1961-09-18,남,더불어민주당,인천 계양구갑,지역구,2016-05-30,2020-05-29,term_end,general,GX38539O,kna members_20.parquet; NA-API 의원이력; NA-API ALLNAMEMBER; kowiki list oldid=40331548,1,,term_end,,term_start,term_end,,,인천광역시 계양구 갑,,,더불어민주당,더불어민주당,유동수,True,,False
20,송영길,宋永吉,1963-03-21,남,더불어민주당,인천 계양구을,지역구,2016-05-30,2020-05-29,term_end,general,PAO22428,kna members_20.parquet; NA-API 의원이력; NA-API ALLNAMEMBER; kowiki list oldid=40331548,1,,term_end,,term_start,term_end,,,인천광역시 계양구 을,,,더불어민주당,더불어민주당,송영길 (정치인),True,,False
20,홍일표,洪日杓,1956-02-11,남,새누리당,인천 남구갑,지역구,2016-05-30,2020-05-29,term_end,general,06L2365K,kna members_20.parquet; NA-API 의원이력; NA-API ALLNAMEMBER; kowiki list oldid=40331548,1,,term_end,,term_start,term_end,,,인천광역시 남구 갑,,,미래통합당,새누리당,홍일표,True,,False
20,윤상현,尹相現,1962-12-01,남,무소속,인천 남구을,지역구,2016-05-30,2020-05-29,term_end,general,MSY7784L,kna members_20.parquet; NA-API 의원이력; NA-API ALLNAMEMBER; kowiki list oldid=40331548,1,,term_end,,term_start,term_end,,,인천광역시 남구 을,,,무소속,무소속,윤상현 (정치인),True,,False
20,박남춘,朴南春,1958-07-02,남,더불어민주당,인천 남동구갑,지역구,2016-05-30,2018-05-14,resigned,general,24E9427D,kna members_20.parquet; NA-API 의원이력; NA-API ALLNAMEMBER; kowiki list oldid=40331548; kowiki 의석변동 oldid=41820069; NA bill PRC_F1L8F0M5W0R3J1A6Z1A1K1N9V9K5Z0,1,,resigned_to_run_for_other_office,인천시장 출마를 위해 의원직 사퇴 / 의원직 사퇴,term_start,confirmed,,wikiseat+nabill,인천광역시 남동구 갑,,,더불어민주당,더불어민주당,박남춘,True,,False
20,맹성규,孟聖奎,1962-04-05,남,더불어민주당,인천 남동구갑,지역구,2018-06-14,2020-05-29,term_end,by_election,FJK3396E,kna members_20.parquet; NA-API 의원이력; NA-API ALLNAMEMBER; kowiki list oldid=40331548; kowiki 의석변동 oldid=41820069,1,,term_end,,confirmed,term_end,wikiseat,,인천광역시 남동구 갑,,,더불어민주당,더불어민주당,맹성규,True,,False
20,윤관석,尹官石,1960-08-17,남,더불어민주당,인천 남동구을,지역구,2016-05-30,2020-05-29,term_end,general,JMY9959W,kna members_20.parquet; NA-API 의원이력; NA-API ALLNAMEMBER; kowiki list oldid=40331548,1,,term_end,,term_start,term_end,,,인천광역시 남동구 을,,,더불어민주당,더불어민주당,윤관석,True,,False
20,정유섭,鄭有燮,1954-12-06,남,새누리당,인천 부평구갑,지역구,2016-05-30,2020-05-29,term_end,general,0GF6251P,kna members_20.parquet; NA-API 의원이력; NA-API ALLNAMEMBER; kowiki list oldid=40331548,1,,term_end,,term_start,term_end,,,인천광역시 부평구 갑,,,미래통합당,새누리당,정유섭,True,,False
20,홍영표,洪永杓,1957-04-30,남,더불어민주당,인천 부평구을,지역구,2016-05-30,2020-05-29,term_end,general,KR14136C,kna members_20.parquet; NA-API 의원이력; NA-API ALLNAMEMBER; kowiki list oldid=40331548,1,,term_end,,term_start,term_end,,,인천광역시 부평구 을,,,더불어민주당,더불어민주당,홍영표,True,,False
20,이학재,李鶴宰,1964-08-19,남,새누리당,인천 서구갑,지역구,2016-05-30,2020-05-29,term_end,general,AJV31724,kna members_20.parquet; NA-API 의원이력; NA-API ALLNAMEMBER; kowiki list oldid=40331548,1,,term_end,,term_start,term_end,,,인천광역시 서구 갑,,,미래통합당,새누리당,이학재 (정치인),True,,False
20,신동근,申東根,1961-12-22,남,더불어민주당,인천 서구을,지역구,2016-05-30,2020-05-29,term_end,general,G1570880,kna members_20.parquet; NA-API 의원이력; NA-API ALLNAMEMBER; kowiki list oldid=40331548,1,,term_end,,term_start,term_end,,,인천광역시 서구 을,,,더불어민주당,더불어민주당,신동근,True,,False
20,박찬대,朴贊大,1967-05-10,남,더불어민주당,인천 연수구갑,지역구,2016-05-30,2020-05-29,term_end,general,BT62420K,kna members_20.parquet; NA-API 의원이력; NA-API ALLNAMEMBER; kowiki list oldid=40331548,1,,term_end,,term_start,term_end,,,인천광역시 연수구 갑,,,더불어민주당,더불어민주당,박찬대,True,,False
20,민경욱,閔庚旭,1963-06-17,남,새누리당,인천 연수구을,지역구,2016-05-30,2020-05-29,term_end,general,Y3E8697I,kna members_20.parquet; NA-API 의원이력; NA-API ALLNAMEMBER; kowiki list oldid=40331548,1,,term_end,,term_start,term_end,,,인천광역시 연수구 을,,,미래통합당,새누리당,민경욱,True,,False
20,안상수,安相洙,1946-05-28,남,무소속,인천 중구동구강화군옹진군,지역구,2016-05-30,2020-05-29,term_end,general,A486635H,kna members_20.parquet; NA-API 의원이력; NA-API ALLNAMEMBER; kowiki list oldid=40331548,1,,term_end,,term_start,term_end,,,인천광역시 중구·동구·강화군·옹진군,,,미래통합당,무소속,안상수 (인천 출신 정치인),True,,True
20,황주홍,黃柱洪,1952-02-27,남,국민의당,전남 고흥군보성군장흥군강진군,지역구,2016-05-30,2020-05-29,term_end,general,JOY4394O,kna members_20.parquet; NA-API 의원이력; NA-API ALLNAMEMBER; kowiki list oldid=40331548,1,,term_end,,term_start,term_end,,,전라남도 고흥군·보성군·장흥군·강진군,,,민생당,국민의당,황주홍,True,,False
20,정인화,鄭仁和,1957-07-27,남,국민의당,전남 광양시곡성군구례군,지역구,2016-05-30,2020-05-29,term_end,general,DKB8522X,kna members_20.parquet; NA-API 의원이력; NA-API ALLNAMEMBER; kowiki list oldid=40331548,1,,term_end,,term_start,term_end,,,전라남도 광양시·곡성군·구례군,,,무소속,국민의당,정인화,True,,False
20,손금주,孫今柱,1971-07-29,남,국민의당,전남 나주시화순군,지역구,2016-05-30,2020-05-29,term_end,general,A8O42480,kna members_20.parquet; NA-API 의원이력; NA-API ALLNAMEMBER; kowiki list oldid=40331548,1,,term_end,,term_start,term_end,,,전라남도 나주시·화순군,,,더불어민주당,국민의당,손금주,True,,False
20,이개호,李介昊,1959-06-23,남,더불어민주당,전남 담양군함평군영광군장성군,지역구,2016-05-30,2020-05-29,term_end,general,I7R13867,kna members_20.parquet; NA-API 의원이력; NA-API ALLNAMEMBER; kowiki list oldid=40331548,1,,term_end,,term_start,term_end,,,전라남도 담양군·함평군·영광군·장성군,,,더불어민주당,더불어민주당,이개호,True,,False
20,박지원,朴智元,1942-06-05,남,국민의당,전남 목포시,지역구,2016-05-30,2020-05-29,term_end,general,8BF5855P,kna members_20.parquet; NA-API 의원이력; NA-API ALLNAMEMBER; kowiki list oldid=40331548,1,,term_end,,term_start,term_end,,,전라남도 목포시,,,민생당,국민의당,박지원 (1942년),True,,True
20,이정현,李貞鉉,1958-09-01,남,새누리당,전남 순천시,지역구,2016-05-30,2020-05-29,term_end,general,7AN97172,kna members_20.parquet; NA-API 의원이력; NA-API ALLNAMEMBER; kowiki list oldid=40331548,1,,term_end,,term_start,term_end,,,전라남도 순천시,,,무소속,새누리당,이정현 (정치인),True,,False
20,이용주,李勇周,1968-06-14,남,국민의당,전남 여수시갑,지역구,2016-05-30,2020-05-29,term_end,general,X9Y63914,kna members_20.parquet; NA-API 의원이력; NA-API ALLNAMEMBER; kowiki list oldid=40331548,1,,term_end,,term_start,term_end,,,전라남도 여수시 갑,,,무소속,국민의당,이용주 (정치인),True,,False
20,주승용,朱昇鎔,1952-07-27,남,국민의당,전남 여수시을,지역구,2016-05-30,2020-05-29,term_end,general,GCA42857,kna members_20.parquet; NA-API 의원이력; NA-API ALLNAMEMBER; kowiki list oldid=40331548,1,,term_end,,term_start,term_end,,,전라남도 여수시 을,,,민생당,국민의당,주승용,True,,False
20,박준영,朴晙瑩,1946-10-21,남,국민의당,전남 영암군무안군신안군,지역구,2016-05-30,2018-02-08,disqualified,general,8EL9225R,kna members_20.parquet; NA-API 의원이력; NA-API ALLNAMEMBER; kowiki list oldid=40331548; kowiki 의석변동 oldid=41820069,1,,court_ruling_election_law,공직선거법과 정치자금법 위반으로 / 의원직 상실 / 의원직 상실,term_start,confirmed,,wikilist+wikiseat,전라남도 영암군·무안군·신안군,,,민주평화당,국민의당,박준영 (1946년),True,,False
20,서삼석,徐參錫,1959-08-03,남,더불어민주당,전남 영암군무안군신안군,지역구,2018-06-14,2020-05-29,term_end,by_election,FOK3459D,kna members_20.parquet; NA-API 의원이력; NA-API ALLNAMEMBER; kowiki list oldid=40331548; kowiki 의석변동 oldid=41820069,1,,term_end,,confirmed,term_end,wikiseat,,전라남도 영암군·무안군·신안군,,,더불어민주당,더불어민주당,서삼석,True,,False
20,윤영일,尹英壹,1957-11-04,남,국민의당,전남 해남군완도군진도군,지역구,2016-05-30,2020-05-29,term_end,general,U9G5099O,kna members_20.parquet; NA-API 의원이력; NA-API ALLNAMEMBER; kowiki list oldid=40331548,1,,term_end,,term_start,term_end,,,전라남도 해남군·완도군·진도군,,,민생당,국민의당,윤영일,True,,False
20,김관영,金寬永,1969-11-15,남,국민의당,전북 군산시,지역구,2016-05-30,2020-05-29,term_end,general,W168182V,kna members_20.parquet; NA-API 의원이력; NA-API ALLNAMEMBER; kowiki list oldid=40331548,1,,term_end,,term_start,term_end,,,전라북도 군산시,,,무소속,국민의당,김관영,True,,False
20,김종회,金鍾懷,1965-08-24,남,국민의당,전북 김제시부안군,지역구,2016-05-30,2020-05-29,term_end,general,HTK5293K,kna members_20.parquet; NA-API 의원이력; NA-API ALLNAMEMBER; kowiki list oldid=40331548,1,,term_end,,term_start,term_end,,,전라북도 김제시·부안군,,,무소속,국민의당,김종회 (1965년),True,,False
20,이용호,李容鎬,1960-03-20,남,국민의당,전북 남원시임실군순창군,지역구,2016-05-30,2020-05-29,term_end,general,DBA1057Z,kna members_20.parquet; NA-API 의원이력; NA-API ALLNAMEMBER; kowiki list oldid=40331548,1,,term_end,,term_start,term_end,,,전라북도 남원시·임실군·순창군,,,무소속,국민의당,이용호 (1960년),True,,False
20,안호영,安浩永,1965-10-11,남,더불어민주당,전북 완주군진안군무주군장수군,지역구,2016-05-30,2020-05-29,term_end,general,XEF29171,kna members_20.parquet; NA-API 의원이력; NA-API ALLNAMEMBER; kowiki list oldid=40331548,1,,term_end,,term_start,term_end,,,전라북도 완주군·진안군·무주군·장수군,,,더불어민주당,더불어민주당,안호영 (1965년),True,,False
20,이춘석,李春錫,1963-03-07,남,더불어민주당,전북 익산시갑,지역구,2016-05-30,2020-05-29,term_end,general,V2R7430Z,kna members_20.parquet; NA-API 의원이력; NA-API ALLNAMEMBER; kowiki list oldid=40331548,1,,term_end,,term_start,term_end,,,전라북도 익산시 갑,,,더불어민주당,더불어민주당,이춘석,True,,False
20,조배숙,趙培淑,1956-09-10,여,국민의당,전북 익산시을,지역구,2016-05-30,2020-05-29,term_end,general,IWK63872,kna members_20.parquet; NA-API 의원이력; NA-API ALLNAMEMBER; kowiki list oldid=40331548,1,,term_end,,term_start,term_end,,,전라북도 익산시 을,,,민생당,국민의당,조배숙,True,,False
20,김광수,金光守,1958-06-11,남,국민의당,전북 전주시갑,지역구,2016-05-30,2020-05-29,term_end,general,3NM5411H,kna members_20.parquet; NA-API 의원이력; NA-API ALLNAMEMBER; kowiki list oldid=40331548,1,,term_end,,term_start,term_end,,,전라북도 전주시 갑,,,무소속,국민의당,김광수 (1958년),True,,True
20,정동영,鄭東泳,1953-07-27,남,국민의당,전북 전주시병,지역구,2016-05-30,2020-05-29,term_end,general,ARP89147,kna members_20.parquet; NA-API 의원이력; NA-API ALLNAMEMBER; kowiki list oldid=40331548,1,,term_end,,term_start,term_end,,,전라북도 전주시 병,,,민생당,국민의당,정동영,True,,False
20,정운천,鄭雲天,1954-04-10,남,새누리당,전북 전주시을,지역구,2016-05-30,2020-05-29,term_end,general,NZF1659U,kna members_20.parquet; NA-API 의원이력; NA-API ALLNAMEMBER; kowiki list oldid=40331548,1,,term_end,,term_start,term_end,,,전라북도 전주시 을,,,미래통합당,새누리당,정운천,True,,False
20,유성엽,柳成葉,1960-01-25,남,국민의당,전북 정읍시고창군,지역구,2016-05-30,2020-05-29,term_end,general,I7Z3068X,kna members_20.parquet; NA-API 의원이력; NA-API ALLNAMEMBER; kowiki list oldid=40331548,1,,term_end,,term_start,term_end,,,전라북도 정읍시·고창군,,,민생당,국민의당,유성엽,True,,False
20,위성곤,魏聖坤,1968-01-20,남,더불어민주당,제주 서귀포시,지역구,2016-05-30,2020-05-29,term_end,general,RQQ3807K,kna members_20.parquet; NA-API 의원이력; NA-API ALLNAMEMBER; kowiki list oldid=40331548,1,,term_end,,term_start,term_end,,,제주특별자치도 서귀포시,,,더불어민주당,더불어민주당,위성곤,True,,False
20,강창일,姜昌一,1952-01-28,남,더불어민주당,제주 제주시갑,지역구,2016-05-30,2020-05-29,term_end,general,TOU1222X,kna members_20.parquet; NA-API 의원이력; NA-API ALLNAMEMBER; kowiki list oldid=40331548,1,,term_end,,term_start,term_end,,,제주특별자치도 제주시 갑,,,더불어민주당,더불어민주당,강창일,True,,False
20,오영훈,吳怜勳,1968-12-14,남,더불어민주당,제주 제주시을,지역구,2016-05-30,2020-05-29,term_end,general,21N57758,kna members_20.parquet; NA-API 의원이력; NA-API ALLNAMEMBER; kowiki list oldid=40331548,1,,term_end,,term_start,term_end,,,제주특별자치도 제주시 을,,,더불어민주당,더불어민주당,오영훈,True,,False
20,정진석,鄭鎭碩,1960-09-04,남,새누리당,충남 공주시부여군청양군,지역구,2016-05-30,2020-05-29,term_end,general,NQR1206Q,kna members_20.parquet; NA-API 의원이력; NA-API ALLNAMEMBER; kowiki list oldid=40331548,1,,term_end,,term_start,term_end,,,충청남도 공주시·부여군·청양군,,,미래통합당,새누리당,정진석 (정치인),True,,False
20,김종민,金鍾民,1964-05-12,남,더불어민주당,충남 논산시계룡시금산군,지역구,2016-05-30,2020-05-29,term_end,general,M2Q9024I,kna members_20.parquet; NA-API 의원이력; NA-API ALLNAMEMBER; kowiki list oldid=40331548,1,,term_end,,term_start,term_end,,,충청남도 논산시·계룡시·금산군,,,더불어민주당,더불어민주당,김종민 (1964년),True,,False
20,어기구,魚基龜,1963-01-10,남,더불어민주당,충남 당진시,지역구,2016-05-30,2020-05-29,term_end,general,8FB1535Y,kna members_20.parquet; NA-API 의원이력; NA-API ALLNAMEMBER; kowiki list oldid=40331548,1,,term_end,,term_start,term_end,,,충청남도 당진시,,,더불어민주당,더불어민주당,어기구,True,,False
20,김태흠,金泰欽,1963-01-11,남,새누리당,충남 보령시서천군,지역구,2016-05-30,2020-05-29,term_end,general,TVF3669B,kna members_20.parquet; NA-API 의원이력; NA-API ALLNAMEMBER; kowiki list oldid=40331548,1,,term_end,,term_start,term_end,,,충청남도 보령시·서천군,,,미래통합당,새누리당,김태흠,True,,False
20,성일종,成一鍾,1963-03-19,남,새누리당,충남 서산시태안군,지역구,2016-05-30,2020-05-29,term_end,general,7XY7109I,kna members_20.parquet; NA-API 의원이력; NA-API ALLNAMEMBER; kowiki list oldid=40331548,1,,term_end,,term_start,term_end,,,충청남도 서산시·태안군,,,미래통합당,새누리당,성일종,True,,False
20,이명수,李明洙,1955-02-11,남,새누리당,충남 아산시갑,지역구,2016-05-30,2020-05-29,term_end,general,6YT83269,kna members_20.parquet; NA-API 의원이력; NA-API ALLNAMEMBER; kowiki list oldid=40331548,1,,term_end,,term_start,term_end,,,충청남도 아산시 갑,,,미래통합당,새누리당,이명수 (1955년),True,,False
20,강훈식,姜勳植,1973-10-24,남,더불어민주당,충남 아산시을,지역구,2016-05-30,2020-05-29,term_end,general,TRE2429O,kna members_20.parquet; NA-API 의원이력; NA-API ALLNAMEMBER; kowiki list oldid=40331548,1,,term_end,,term_start,term_end,,,충청남도 아산시 을,,,더불어민주당,더불어민주당,강훈식,True,,False
20,박찬우,朴贊佑,1959-04-15,남,새누리당,충남 천안시갑,지역구,2016-05-30,2018-02-13,disqualified,general,8T51904N,kna members_20.parquet; NA-API 의원이력; NA-API ALLNAMEMBER; kowiki list oldid=40331548; kowiki 의석변동 oldid=41820069,1,,court_ruling_election_law,공직선거법 위반으로 의원직 상실 / 의원직 상실,term_start,confirmed,,wikilist+wikiseat,충청남도 천안시 갑,,,자유한국당,새누리당,박찬우 (1959년),True,,False
20,이규희,李揆熙,1961-06-27,남,더불어민주당,충남 천안시갑,지역구,2018-06-14,2020-05-29,term_end,by_election,9FL71418,kna members_20.parquet; NA-API 의원이력; NA-API ALLNAMEMBER; kowiki list oldid=40331548; kowiki 의석변동 oldid=41820069,1,,term_end,,confirmed,term_end,wikiseat,,충청남도 천안시 갑,,,더불어민주당,더불어민주당,이규희,True,,False
20,양승조,梁承晁,1959-03-21,남,더불어민주당,충남 천안시병,지역구,2016-05-30,2018-05-14,resigned,general,TIS61927,kna members_20.parquet; NA-API 의원이력; NA-API ALLNAMEMBER; kowiki list oldid=40331548; kowiki 의석변동 oldid=41820069; NA bill PRC_R1Z8S0Y4G3N0Y1W1K1X0I2Y5X7Z0C6,1,,resigned_to_run_for_other_office,충남지사 출마를 위해 의원직 사퇴 / 의원직 사퇴,term_start,confirmed,,wikiseat+nabill,충청남도 천안시 병,,,더불어민주당,더불어민주당,양승조,True,,False
20,윤일규,尹一逵,1950-04-14,남,더불어민주당,충남 천안시병,지역구,2018-06-14,2020-05-29,term_end,by_election,5DR6334X,kna members_20.parquet; NA-API 의원이력; NA-API ALLNAMEMBER; kowiki list oldid=40331548; kowiki 의석변동 oldid=41820069,1,,term_end,,confirmed,term_end,wikiseat,,충청남도 천안시 병,,,더불어민주당,더불어민주당,윤일규,True,,False
20,박완주,朴完柱,1966-11-10,남,더불어민주당,충남 천안시을,지역구,2016-05-30,2020-05-29,term_end,general,A3H7195R,kna members_20.parquet; NA-API 의원이력; NA-API ALLNAMEMBER; kowiki list oldid=40331548,1,,term_end,,term_start,term_end,,,충청남도 천안시 을,,,더불어민주당,더불어민주당,박완주,True,,False
20,홍문표,洪文杓,1947-10-05,남,새누리당,충남 홍성군예산군,지역구,2016-05-30,2020-05-29,term_end,general,GD131760,kna members_20.parquet; NA-API 의원이력; NA-API ALLNAMEMBER; kowiki list oldid=40331548,1,,term_end,,term_start,term_end,,,충청남도 홍성군·예산군,,,미래통합당,새누리당,홍문표,True,,False
20,박덕흠,朴德欽,1953-10-18,남,새누리당,충북 보은군옥천군영동군괴산군,지역구,2016-05-30,2020-05-29,term_end,general,N4R2421C,kna members_20.parquet; NA-API 의원이력; NA-API ALLNAMEMBER; kowiki list oldid=40331548,1,,term_end,,term_start,term_end,,,충청북도 보은군·옥천군·영동군·괴산군,,,미래통합당,새누리당,박덕흠,True,,False
20,권석창,權錫昌,1966-08-06,남,새누리당,충북 제천시단양군,지역구,2016-05-30,2018-05-11,disqualified,general,O149331C,kna members_20.parquet; NA-API 의원이력; NA-API ALLNAMEMBER; kowiki list oldid=40331548; kowiki 의석변동 oldid=41820069,1,,court_ruling_election_law,당선무효 / 의원직 상실,term_start,confirmed,,wikilist+wikiseat,충청북도 제천시·단양군,,,자유한국당,새누리당,권석창,True,,False
20,이후삼,李厚三,1969-09-18,남,더불어민주당,충북 제천시단양군,지역구,2018-06-14,2020-05-29,term_end,by_election,QXD2505Y,kna members_20.parquet; NA-API 의원이력; NA-API ALLNAMEMBER; kowiki list oldid=40331548; kowiki 의석변동 oldid=41820069,1,,term_end,,confirmed,term_end,wikiseat,,충청북도 제천시·단양군,,,더불어민주당,더불어민주당,이후삼,True,,False
20,경대수,慶大秀,1958-03-18,남,새누리당,충북 증평군진천군음성군,지역구,2016-05-30,2020-05-29,term_end,general,23D73143,kna members_20.parquet; NA-API 의원이력; NA-API ALLNAMEMBER; kowiki list oldid=40331548,1,,term_end,,term_start,term_end,,,충청북도 증평군·진천군·음성군,,,미래통합당,새누리당,경대수,True,,False
20,정우택,鄭宇澤,1953-02-18,남,새누리당,충북 청주시상당구,지역구,2016-05-30,2020-05-29,term_end,general,VHK3402G,kna members_20.parquet; NA-API 의원이력; NA-API ALLNAMEMBER; kowiki list oldid=40331548,1,,term_end,,term_start,term_end,,,충청북도 청주시 상당구,,,미래통합당,새누리당,정우택 (1953년),True,,False
20,오제세,吳濟世,1949-04-05,남,더불어민주당,충북 청주시서원구,지역구,2016-05-30,2020-05-29,term_end,general,SVH30067,kna members_20.parquet; NA-API 의원이력; NA-API ALLNAMEMBER; kowiki list oldid=40331548,1,,term_end,,term_start,term_end,,,충청북도 청주시 서원구,,,더불어민주당,더불어민주당,오제세,True,,False
20,변재일,卞在一,1948-09-02,남,더불어민주당,충북 청주시청원구,지역구,2016-05-30,2020-05-29,term_end,general,MO52543L,kna members_20.parquet; NA-API 의원이력; NA-API ALLNAMEMBER; kowiki list oldid=40331548,1,,term_end,,term_start,term_end,,,충청북도 청주시 청원구,,,더불어민주당,더불어민주당,변재일,True,,False
20,도종환,都鍾煥,1955-09-27,남,더불어민주당,충북 청주시흥덕구,지역구,2016-05-30,2020-05-29,term_end,general,J2O8643H,kna members_20.parquet; NA-API 의원이력; NA-API ALLNAMEMBER; kowiki list oldid=40331548,1,,term_end,,term_start,term_end,,,충청북도 청주시 흥덕구,,,더불어민주당,더불어민주당,도종환,True,,False
20,이종배,李鍾培,1957-05-30,남,새누리당,충북 충주시,지역구,2016-05-30,2020-05-29,term_end,general,HSW1214Q,kna members_20.parquet; NA-API 의원이력; NA-API ALLNAMEMBER; kowiki list oldid=40331548,1,,term_end,,term_start,term_end,,,충청북도 충주시,,,미래통합당,새누리당,이종배,True,,False
20,강효상,姜孝祥,1961-03-01,남,새누리당,비례대표,비례대표,2016-05-30,2020-05-29,term_end,general,9WQ7845Z,kna members_20.parquet; NA-API 의원이력; NA-API ALLNAMEMBER; kowiki list oldid=40331548,1,,term_end,,term_start,term_end,,,,새누리당,16,미래통합당,새누리당,강효상,True,,False
20,권미혁,權美赫,1959-01-10,여,더불어민주당,비례대표,비례대표,2016-05-30,2020-05-29,term_end,general,RH454994,kna members_20.parquet; NA-API 의원이력; NA-API ALLNAMEMBER; kowiki list oldid=40331548,1,,term_end,,term_start,term_end,,,,더불어민주당,11,더불어민주당,더불어민주당,권미혁,True,,False
20,김규환,金奎煥,1956-06-18,남,새누리당,비례대표,비례대표,2016-05-30,2020-05-29,term_end,general,OC037566,kna members_20.parquet; NA-API 의원이력; NA-API ALLNAMEMBER; kowiki list oldid=40331548,1,,term_end,,term_start,term_end,,,,새누리당,6,미래통합당,새누리당,김규환 (1956년),True,,False
20,김삼화,金三和,1962-08-01,여,국민의당,비례대표,비례대표,2016-05-30,2020-03-19,disqualified,general,ZL32287Z,kna members_20.parquet; NA-API 의원이력; NA-API ALLNAMEMBER; kowiki list oldid=40331548; kowiki 의석변동 oldid=41820069,1,,pr_seat_lost_on_leaving_party,민생당 탈당으로 인한 의원직 상실 / 의원직 상실,term_start,confirmed,,wikilist+wikiseat,,국민의당,9,민생당,국민의당,김삼화,True,,False
20,김성수,金聖洙,1956-09-09,남,더불어민주당,비례대표,비례대표,2016-05-30,2020-01-29,resigned,general,GXT11570,kna members_20.parquet; NA-API 의원이력; NA-API ALLNAMEMBER; kowiki list oldid=40331548; kowiki 의석변동 oldid=41820069; NA bill PRC_S2T0E0S1B2S9L1G3I5D9K3L4M3J5F0,1,,resigned_on_appointment,국무총리비서실장 임명으로 의원직 사퇴 / 의원직 사퇴,term_start,confirmed,,wikilist+nabill,,더불어민주당,10,더불어민주당,더불어민주당,김성수 (1956년),True,,True
20,김성태,金成泰,1954-07-24,남,새누리당,비례대표,비례대표,2016-05-30,2020-05-29,term_end,general,9UW75767,kna members_20.parquet; NA-API 의원이력; NA-API ALLNAMEMBER; kowiki list oldid=40331548,1,,term_end,,term_start,term_end,,,,새누리당,8,미래통합당,새누리당,김성태 (1954년),True,,True
20,김수민,金秀玟,1986-12-25,여,국민의당,비례대표,비례대표,2016-05-30,2020-03-19,disqualified,general,5K343700,kna members_20.parquet; NA-API 의원이력; NA-API ALLNAMEMBER; kowiki list oldid=40331548; kowiki 의석변동 oldid=41820069,1,,pr_seat_lost_on_leaving_party,민생당 탈당으로 인한 의원직 상실 / 의원직 상실,term_start,confirmed,,wikilist+wikiseat,,국민의당,7,민생당,국민의당,김수민 (1986년),True,,False
20,김순례,金順禮,1955-06-27,여,새누리당,비례대표,비례대표,2016-05-30,2020-05-29,term_end,general,7KD2317D,kna members_20.parquet; NA-API 의원이력; NA-API ALLNAMEMBER; kowiki list oldid=40331548,1,,term_end,,term_start,term_end,,,,새누리당,15,미래통합당,새누리당,김순례,True,,False
20,김승희,金承禧,1954-02-06,여,새누리당,비례대표,비례대표,2016-05-30,2020-05-29,term_end,general,8WC7967F,kna members_20.parquet; NA-API 의원이력; NA-API ALLNAMEMBER; kowiki list oldid=40331548,1,,term_end,,term_start,term_end,,,,새누리당,11,미래통합당,새누리당,김승희 (1954년),True,,False
20,김종대,金鍾大,1966-11-13,남,정의당,비례대표,비례대표,2016-05-30,2020-05-29,term_end,general,I0F2578R,kna members_20.parquet; NA-API 의원이력; NA-API ALLNAMEMBER; kowiki list oldid=40331548,1,,term_end,,term_start,term_end,,,,정의당,2,정의당,정의당,김종대 (1966년),True,,False
20,김종석,金鍾奭,1955-08-01,남,새누리당,비례대표,비례대표,2016-05-30,2020-05-29,term_end,general,06X3845L,kna members_20.parquet; NA-API 의원이력; NA-API ALLNAMEMBER; kowiki list oldid=40331548,1,,term_end,,term_start,term_end,,,,새누리당,10,미래통합당,새누리당,김종석 (1955년),True,,False
20,김종인,金鍾仁,1940-07-11,남,더불어민주당,비례대표,비례대표,2016-05-30,2017-03-08,disqualified,general,E5N8503B,kna members_20.parquet; NA-API 의원이력; NA-API ALLNAMEMBER; kowiki list oldid=40331548; kowiki 의석변동 oldid=41820069,1,,pr_seat_lost_on_leaving_party,더불어민주당 탈당으로 의원직 상실 / 의원직 상실,term_start,confirmed,,wikilist+wikiseat,,더불어민주당,2,더불어민주당,더불어민주당,김종인,True,,False
20,김중로,金中魯,1950-10-27,남,국민의당,비례대표,비례대표,2016-05-30,2020-03-19,disqualified,general,SY09851R,kna members_20.parquet; NA-API 의원이력; NA-API ALLNAMEMBER; kowiki list oldid=40331548; kowiki 의석변동 oldid=41820069,1,,pr_seat_lost_on_leaving_party,민생당 탈당으로 인한 의원직 상실 / 의원직 상실,term_start,confirmed,,wikilist+wikiseat,,국민의당,10,민생당,국민의당,김중로,True,,False
20,김현권,金玄權,1963-04-06,남,더불어민주당,비례대표,비례대표,2016-05-30,2020-05-29,term_end,general,MPV9321A,kna members_20.parquet; NA-API 의원이력; NA-API ALLNAMEMBER; kowiki list oldid=40331548,1,,term_end,,term_start,term_end,,,,더불어민주당,6,더불어민주당,더불어민주당,김현권,True,,False
20,김현아,金炫我,1969-08-19,여,새누리당,비례대표,비례대표,2016-05-30,2020-05-29,term_end,general,CXA6162I,kna members_20.parquet; NA-API 의원이력; NA-API ALLNAMEMBER; kowiki list oldid=40331548,1,,term_end,,term_start,term_end,,,,새누리당,17,미래통합당,새누리당,김현아 (정치인),True,,False
20,문미옥,文美玉,1968-12-20,여,더불어민주당,비례대표,비례대표,2016-05-30,2017-06-20,resigned,general,TGL10010,kna members_20.parquet; NA-API 의원이력; NA-API ALLNAMEMBER; kowiki list oldid=40331548; kowiki 의석변동 oldid=41820069,1,,resigned_on_appointment,대통령비서실 과학기술보좌관 임명으로 / 의원직 사퇴 / 의원직 상실,term_start,confirmed,,wikilist+wikiseat,,더불어민주당,7,더불어민주당,더불어민주당,문미옥,True,,False
20,문진국,文鎭國,1949-02-01,남,새누리당,비례대표,비례대표,2016-05-30,2020-05-29,term_end,general,WV97281W,kna members_20.parquet; NA-API 의원이력; NA-API ALLNAMEMBER; kowiki list oldid=40331548,1,,term_end,,term_start,term_end,,,,새누리당,4,미래통합당,새누리당,문진국,True,,False
20,박경미,朴炅美,1965-10-15,여,더불어민주당,비례대표,비례대표,2016-05-30,2020-05-29,term_end,general,JMD3241I,kna members_20.parquet; NA-API 의원이력; NA-API ALLNAMEMBER; kowiki list oldid=40331548,1,,term_end,,term_start,term_end,,,,더불어민주당,1,더불어민주당,더불어민주당,박경미,True,,False
20,박선숙,朴仙淑,1960-12-01,여,국민의당,비례대표,비례대표,2016-05-30,2020-05-29,term_end,general,MC32279F,kna members_20.parquet; NA-API 의원이력; NA-API ALLNAMEMBER; kowiki list oldid=40331548,1,,term_end,,term_start,term_end,,,,국민의당,5,민생당,국민의당,박선숙,True,,False
20,박주현,朴珠賢,1963-04-11,여,국민의당,비례대표,비례대표,2016-05-30,2020-05-29,term_end,general,UDB4825U,kna members_20.parquet; NA-API 의원이력; NA-API ALLNAMEMBER; kowiki list oldid=40331548,1,,term_end,,term_start,term_end,,,,국민의당,3,민생당,국민의당,박주현 (1963년),True,,False
20,송옥주,宋玉珠,1965-12-20,여,더불어민주당,비례대표,비례대표,2016-05-30,2020-05-29,term_end,general,3249208I,kna members_20.parquet; NA-API 의원이력; NA-API ALLNAMEMBER; kowiki list oldid=40331548,1,,term_end,,term_start,term_end,,,,더불어민주당,3,더불어민주당,더불어민주당,송옥주,True,,False
20,송희경,宋喜卿,1964-07-24,여,새누리당,비례대표,비례대표,2016-05-30,2020-05-29,term_end,general,1PZ8289D,kna members_20.parquet; NA-API 의원이력; NA-API ALLNAMEMBER; kowiki list oldid=40331548,1,,term_end,,term_start,term_end,,,,새누리당,1,미래통합당,새누리당,송희경 (1964년),True,,False
20,신보라,申普羅,1983-01-07,여,새누리당,비례대표,비례대표,2016-05-30,2020-05-29,term_end,general,HE838063,kna members_20.parquet; NA-API 의원이력; NA-API ALLNAMEMBER; kowiki list oldid=40331548,1,,term_end,,term_start,term_end,,,,새누리당,7,미래통합당,새누리당,신보라 (정치인),True,,False
20,신용현,申容賢,1961-03-09,여,국민의당,비례대표,비례대표,2016-05-30,2020-05-29,term_end,general,MTK2954E,kna members_20.parquet; NA-API 의원이력; NA-API ALLNAMEMBER; kowiki list oldid=40331548,1,,term_end,,term_start,term_end,,,,국민의당,1,민생당,국민의당,신용현,True,,False
20,오세정,吳世正,1953-02-17,남,국민의당,비례대표,비례대표,2016-05-30,2018-10-01,resigned,general,M6K7940A,kna members_20.parquet; NA-API 의원이력; NA-API ALLNAMEMBER; kowiki list oldid=40331548; kowiki 의석변동 oldid=41820069; NA bill PRC_N1P8Q0K9G2U1Q1X7M4M7L5C1M1D6B0,1,,resigned_to_run_for_other_office,서울대학교 총장 재선거 출마로 의원직 사퇴 / 의원직 사퇴,term_start,confirmed,,wikilist+wikiseat+nabill,,국민의당,2,바른미래당,국민의당,오세정 (물리학자),True,,False
20,유민봉,庾敏鳳,1958-01-09,남,새누리당,비례대표,비례대표,2016-05-30,2020-05-29,term_end,general,I5V5327I,kna members_20.parquet; NA-API 의원이력; NA-API ALLNAMEMBER; kowiki list oldid=40331548,1,,term_end,,term_start,term_end,,,,새누리당,12,미래통합당,새누리당,유민봉,True,,False
20,윤소하,尹昭夏,1961-09-10,남,정의당,비례대표,비례대표,2016-05-30,2020-05-29,term_end,general,8X46899U,kna members_20.parquet; NA-API 의원이력; NA-API ALLNAMEMBER; kowiki list oldid=40331548,1,,term_end,,term_start,term_end,,,,정의당,4,정의당,정의당,윤소하,True,,False
20,윤종필,尹鍾畢,1953-10-20,여,새누리당,비례대표,비례대표,2016-05-30,2020-05-29,term_end,general,Q6G2914I,kna members_20.parquet; NA-API 의원이력; NA-API ALLNAMEMBER; kowiki list oldid=40331548,1,,term_end,,term_start,term_end,,,,새누리당,13,미래통합당,새누리당,윤종필,True,,False
20,이동섭,李銅燮,1956-11-07,남,국민의당,비례대표,비례대표,2016-05-30,2020-03-19,disqualified,general,OQO34632,kna members_20.parquet; NA-API 의원이력; NA-API ALLNAMEMBER; kowiki list oldid=40331548; kowiki 의석변동 oldid=41820069,1,,pr_seat_lost_on_leaving_party,민생당 탈당으로 인한 의원직 상실 / 의원직 상실,term_start,confirmed,,wikilist+wikiseat,,국민의당,12,민생당,국민의당,이동섭 (1956년),True,,False
20,이상돈,李相敦,1951-12-04,남,국민의당,비례대표,비례대표,2016-05-30,2020-05-29,term_end,general,JWW6081H,kna members_20.parquet; NA-API 의원이력; NA-API ALLNAMEMBER; kowiki list oldid=40331548,1,,term_end,,term_start,term_end,,,,국민의당,4,민생당,국민의당,이상돈 (1951년),True,,False
20,이용득,李龍得,1953-09-13,남,더불어민주당,비례대표,비례대표,2016-05-30,2020-05-29,term_end,general,ABT2266H,kna members_20.parquet; NA-API 의원이력; NA-API ALLNAMEMBER; kowiki list oldid=40331548,1,,term_end,,term_start,term_end,,,,더불어민주당,12,더불어민주당,더불어민주당,이용득,True,,False
20,이재정,李在汀,1974-08-02,여,더불어민주당,비례대표,비례대표,2016-05-30,2020-05-29,term_end,general,UQ282145,kna members_20.parquet; NA-API 의원이력; NA-API ALLNAMEMBER; kowiki list oldid=40331548,1,,term_end,,term_start,term_end,,,,더불어민주당,5,더불어민주당,더불어민주당,이재정 (1974년),True,,True
20,이정미,李貞味,1966-02-07,여,정의당,비례대표,비례대표,2016-05-30,2020-05-29,term_end,general,IUE5875N,kna members_20.parquet; NA-API 의원이력; NA-API ALLNAMEMBER; kowiki list oldid=40331548,1,,term_end,,term_start,term_end,,,,정의당,1,정의당,정의당,이정미 (정치인),True,,False
20,이종명,李鍾明,1959-08-08,남,새누리당,비례대표,비례대표,2016-05-30,2020-05-29,term_end,general,11N7618M,kna members_20.parquet; NA-API 의원이력; NA-API ALLNAMEMBER; kowiki list oldid=40331548,1,,term_end,,term_start,term_end,,,,새누리당,2,미래통합당,새누리당,이종명 (1959년),True,,False
20,이철희,李哲熙,1966-03-29,남,더불어민주당,비례대표,비례대표,2016-05-30,2020-05-29,term_end,general,LSK9789D,kna members_20.parquet; NA-API 의원이력; NA-API ALLNAMEMBER; kowiki list oldid=40331548,1,,term_end,,term_start,term_end,,,,더불어민주당,8,더불어민주당,더불어민주당,이철희 (1964년),True,,False
20,이태규,李泰珪,1964-03-22,남,국민의당,비례대표,비례대표,2016-05-30,2020-03-17,disqualified,general,QTW6852F,kna members_20.parquet; NA-API 의원이력; NA-API ALLNAMEMBER; kowiki list oldid=40331548; kowiki 의석변동 oldid=41820069,1,,pr_seat_lost_on_leaving_party,민생당 탈당으로 인한 의원직 상실 / 의원직 상실,term_start,confirmed,,wikilist+wikiseat,,국민의당,8,민생당,국민의당,이태규 (1964년),True,,False
20,임이자,林利子,1964-03-05,여,새누리당,비례대표,비례대표,2016-05-30,2020-05-29,term_end,general,EH27538E,kna members_20.parquet; NA-API 의원이력; NA-API ALLNAMEMBER; kowiki list oldid=40331548,1,,term_end,,term_start,term_end,,,,새누리당,3,미래통합당,새누리당,임이자,True,,False
20,장정숙,張貞淑,1952-01-17,여,국민의당,비례대표,비례대표,2016-05-30,2020-05-29,term_end,general,0AI7568W,kna members_20.parquet; NA-API 의원이력; NA-API ALLNAMEMBER; kowiki list oldid=40331548,1,,term_end,,term_start,term_end,,,,국민의당,11,민생당,국민의당,장정숙,True,,False
20,전희경,全希卿,1975-10-09,여,새누리당,비례대표,비례대표,2016-05-30,2020-05-29,term_end,general,QZF33498,kna members_20.parquet; NA-API 의원이력; NA-API ALLNAMEMBER; kowiki list oldid=40331548,1,,term_end,,term_start,term_end,,,,새누리당,9,미래통합당,새누리당,전희경,True,,False
20,정춘숙,鄭春淑,1964-01-08,여,더불어민주당,비례대표,비례대표,2016-05-30,2020-05-29,term_end,general,MD083627,kna members_20.parquet; NA-API 의원이력; NA-API ALLNAMEMBER; kowiki list oldid=40331548,1,,term_end,,term_start,term_end,,,,더불어민주당,13,더불어민주당,더불어민주당,정춘숙,True,,False
20,제윤경,諸閏景,1971-07-25,여,더불어민주당,비례대표,비례대표,2016-05-30,2020-05-29,term_end,general,8KB8281W,kna members_20.parquet; NA-API 의원이력; NA-API ALLNAMEMBER; kowiki list oldid=40331548,1,,term_end,,term_start,term_end,,,,더불어민주당,9,더불어민주당,더불어민주당,제윤경,True,,False
20,조훈현,曺薰鉉,1953-03-10,남,새누리당,비례대표,비례대표,2016-05-30,2020-05-29,term_end,general,D397960C,kna members_20.parquet; NA-API 의원이력; NA-API ALLNAMEMBER; kowiki list oldid=40331548,1,,term_end,,term_start,term_end,,,,새누리당,14,미래통합당,새누리당,조훈현,True,,False
20,채이배,蔡利培,1975-01-02,남,국민의당,비례대표,비례대표,2016-05-30,2020-05-29,term_end,general,GDN7894V,kna members_20.parquet; NA-API 의원이력; NA-API ALLNAMEMBER; kowiki list oldid=40331548,1,,term_end,,term_start,term_end,,,,국민의당,6,민생당,국민의당,채이배,True,,False
20,최도자,崔道子,1955-03-04,여,국민의당,비례대표,비례대표,2016-05-30,2020-05-29,term_end,general,O8E1566L,kna members_20.parquet; NA-API 의원이력; NA-API ALLNAMEMBER; kowiki list oldid=40331548,1,,term_end,,term_start,term_end,,,,국민의당,13,민생당,국민의당,최도자,True,,False
20,최연혜,崔然惠,1956-04-02,여,새누리당,비례대표,비례대표,2016-05-30,2020-05-29,term_end,general,16I8621J,kna members_20.parquet; NA-API 의원이력; NA-API ALLNAMEMBER; kowiki list oldid=40331548,1,,term_end,,term_start,term_end,,,,새누리당,5,미래통합당,새누리당,최연혜,True,,False
20,최운열,崔運烈,1950-04-02,남,더불어민주당,비례대표,비례대표,2016-05-30,2020-05-29,term_end,general,ZJI5740K,kna members_20.parquet; NA-API 의원이력; NA-API ALLNAMEMBER; kowiki list oldid=40331548,1,,term_end,,term_start,term_end,,,,더불어민주당,4,더불어민주당,더불어민주당,최운열,True,,False
20,추혜선,秋惠仙,1971-01-15,여,정의당,비례대표,비례대표,2016-05-30,2020-05-29,term_end,general,XTB3104O,kna members_20.parquet; NA-API 의원이력; NA-API ALLNAMEMBER; kowiki list oldid=40331548,1,,term_end,,term_start,term_end,,,,정의당,3,정의당,정의당,추혜선,True,,False
20,심기준,沈基俊,1961-10-19,남,더불어민주당,비례대표,비례대표,2017-03-14,2020-05-29,term_end,succession_pr,9414335X,kna members_20.parquet; NA-API 의원이력; NA-API ALLNAMEMBER; kowiki list oldid=40331548; kowiki 의석변동 oldid=41820069,1,,term_end,,confirmed,term_end,wikilist+wikiseat,,,더불어민주당,14,더불어민주당,더불어민주당,심기준,True,,False
20,이수혁,李秀赫,1949-01-04,남,더불어민주당,비례대표,비례대표,2017-06-22,2019-10-10,resigned,succession_pr,R7N74579,kna members_20.parquet; NA-API 의원이력; NA-API ALLNAMEMBER; kowiki list oldid=40331548; kowiki 의석변동 oldid=41820069,1,,resigned_on_appointment,주미대사 임명으로 의원직 사퇴 / 의원직 상실,confirmed,confirmed,wikilist+wikiseat,wikilist+wikiseat,,더불어민주당,15,더불어민주당,더불어민주당,이수혁 (외교관),True,,False
20,임재훈,林哉勳,1966-01-01,남,바른미래당,비례대표,비례대표,2018-10-01,2020-05-29,term_end,succession_pr,BIR8594P,kna members_20.parquet; NA-API 의원이력; NA-API ALLNAMEMBER; kowiki list oldid=40331548; kowiki 의석변동 oldid=41820069,1,,term_end,,confirmed,term_end,wikilist,,,국민의당,14,민생당,바른미래당,임재훈 (정치인),True,,False
20,정은혜,鄭恩惠,1983-09-08,여,더불어민주당,비례대표,비례대표,2019-10-11,2020-05-29,term_end,succession_pr,DQL3007B,kna members_20.parquet; NA-API 의원이력; NA-API ALLNAMEMBER; kowiki list oldid=40331548; kowiki 의석변동 oldid=41820069,1,,term_end,,confirmed,term_end,wikilist+wikiseat,,,더불어민주당,16,더불어민주당,더불어민주당,정은혜 (정치인),True,,False
20,허윤정,許允貞,1969-03-09,여,더불어민주당,비례대표,비례대표,2020-01-30,2020-05-29,term_end,succession_pr,3UZ61136,kna members_20.parquet; NA-API 의원이력; NA-API ALLNAMEMBER; kowiki list oldid=40331548; kowiki 의석변동 oldid=41820069,1,,term_end,,confirmed,term_end,wikilist,,,더불어민주당,17,더불어민주당,더불어민주당,허윤정 (1969년),True,,False
21,권성동,權性東,1960-04-29,남,무소속,강원 강릉시,지역구,2020-05-30,2024-05-29,term_end,general,GDG1847Z,kna members_21.parquet; NA-API 의원이력; NA-API ALLNAMEMBER; kowiki list oldid=42148778,1,,term_end,,term_start,term_end,,,강원특별자치도 강릉시,,,국민의힘,무소속,권성동,True,,False
21,이철규,李喆圭,1957-09-20,남,미래통합당,강원 동해시태백시삼척시정선군,지역구,2020-05-30,2024-05-29,term_end,general,TZP9391O,kna members_21.parquet; NA-API 의원이력; NA-API ALLNAMEMBER; kowiki list oldid=42148778,1,,term_end,,term_start,term_end,,,강원특별자치도 동해시·태백시·삼척시·정선군,,,국민의힘,미래통합당,이철규 (1957년),True,,False
21,이양수,李亮壽,1967-08-15,남,미래통합당,강원 속초시인제군고성군양양군,지역구,2020-05-30,2024-05-29,term_end,general,S9U45255,kna members_21.parquet; NA-API 의원이력; NA-API ALLNAMEMBER; kowiki list oldid=42148778,1,,term_end,,term_start,term_end,,,강원특별자치도 속초시·인제군·고성군·양양군,,,국민의힘,미래통합당,이양수,True,,False
21,이광재,李光宰,1965-02-28,남,더불어민주당,강원 원주시갑,지역구,2020-05-30,2022-04-29,resigned,general,4A067125,kna members_21.parquet; NA-API 의원이력; NA-API ALLNAMEMBER; kowiki list oldid=42148778; kowiki 의석변동 oldid=41820079; NA bill PRC_J2X2Q0B4Q2O5W1U6Z4N6C3X0Q4O7B8,1,,resigned_to_run_for_other_office,제8회 전국동시지방선거 출마로 사직 / 의원직 사퇴,term_start,confirmed,,wikilist+wikiseat+nabill,강원특별자치도 원주시 갑,,,더불어민주당,더불어민주당,이광재 (정치인),True,,False
21,박정하,朴正河,1966-09-26,남,국민의힘,강원 원주시갑,지역구,2022-06-02,2024-05-29,term_end,by_election,6RD62559,kna members_21.parquet; NA-API 의원이력; NA-API ALLNAMEMBER; kowiki list oldid=42148778; kowiki 의석변동 oldid=41820079,1,,term_end,,confirmed,term_end,wikiseat,,강원특별자치도 원주시 갑,,,국민의힘,국민의힘,박정하 (정치인),True,,False
21,송기헌,宋基憲,1963-10-02,남,더불어민주당,강원 원주시을,지역구,2020-05-30,2024-05-29,term_end,general,SQ36001H,kna members_21.parquet; NA-API 의원이력; NA-API ALLNAMEMBER; kowiki list oldid=42148778,1,,term_end,,term_start,term_end,,,강원특별자치도 원주시 을,,,더불어민주당,더불어민주당,송기헌,True,,False
21,허영,許榮,1970-03-29,남,더불어민주당,강원 춘천시철원군화천군양구군갑,지역구,2020-05-30,2024-05-29,term_end,general,FU53642G,kna members_21.parquet; NA-API 의원이력; NA-API ALLNAMEMBER; kowiki list oldid=42148778,1,,term_end,,term_start,term_end,,,강원특별자치도 춘천시·철원군·화천군·양구군 갑,,,더불어민주당,더불어민주당,허영 (정치인),True,,False
21,한기호,韓起鎬,1952-08-13,남,미래통합당,강원 춘천시철원군화천군양구군을,지역구,2020-05-30,2024-05-29,term_end,general,JQA21112,kna members_21.parquet; NA-API 의원이력; NA-API ALLNAMEMBER; kowiki list oldid=42148778,1,,term_end,,term_start,term_end,,,강원특별자치도 춘천시·철원군·화천군·양구군 을,,,국민의힘,미래통합당,한기호 (1952년),True,,False
21,유상범,劉相凡,1966-06-04,남,미래통합당,강원 홍천군횡성군영월군평창군,지역구,2020-05-30,2024-05-29,term_end,general,MU69217P,kna members_21.parquet; NA-API 의원이력; NA-API ALLNAMEMBER; kowiki list oldid=42148778,1,,term_end,,term_start,term_end,,,강원특별자치도 홍천군·횡성군·영월군·평창군,,,국민의힘,미래통합당,유상범 (1966년),True,,False
21,심상정,沈相정,1959-02-20,여,정의당,경기 고양시갑,지역구,2020-05-30,2024-05-29,term_end,general,SU53086M,kna members_21.parquet; NA-API 의원이력; NA-API ALLNAMEMBER; kowiki list oldid=42148778,1,,term_end,,term_start,term_end,,,경기도 고양시 갑,,,정의당,정의당,심상정,True,,False
21,홍정민,洪貞敏,1978-11-24,여,더불어민주당,경기 고양시병,지역구,2020-05-30,2024-05-29,term_end,general,XA42275R,kna members_21.parquet; NA-API 의원이력; NA-API ALLNAMEMBER; kowiki list oldid=42148778,1,,term_end,,term_start,term_end,,,경기도 고양시 병,,,더불어민주당,더불어민주당,홍정민,True,,False
21,한준호,韓俊鎬,1974-02-20,남,더불어민주당,경기 고양시을,지역구,2020-05-30,2024-05-29,term_end,general,BCQ55105,kna members_21.parquet; NA-API 의원이력; NA-API ALLNAMEMBER; kowiki list oldid=42148778,1,,term_end,,term_start,term_end,,,경기도 고양시 을,,,더불어민주당,더불어민주당,한준호 (정치인),True,,False
21,이용우,李龍雨,1964-02-01,남,더불어민주당,경기 고양시정,지역구,2020-05-30,2024-05-29,term_end,general,G7512472,kna members_21.parquet; NA-API 의원이력; NA-API ALLNAMEMBER; kowiki list oldid=42148778,1,,term_end,,term_start,term_end,,,경기도 고양시 정,,,더불어민주당,더불어민주당,이용우 (1964년),True,,True
21,임오경,林五卿,1971-12-11,여,더불어민주당,경기 광명시갑,지역구,2020-05-30,2024-05-29,term_end,general,4T026790,kna members_21.parquet; NA-API 의원이력; NA-API ALLNAMEMBER; kowiki list oldid=42148778,1,,term_end,,term_start,term_end,,,경기도 광명시 갑,,,더불어민주당,더불어민주당,임오경,True,,False
21,양기대,梁基大,1962-10-12,남,더불어민주당,경기 광명시을,지역구,2020-05-30,2024-05-29,term_end,general,KUO3574J,kna members_21.parquet; NA-API 의원이력; NA-API ALLNAMEMBER; kowiki list oldid=42148778,1,,term_end,,term_start,term_end,,,경기도 광명시 을,,,더불어민주당,더불어민주당,양기대,True,,False
21,소병훈,蘇秉勳,1954-06-03,남,더불어민주당,경기 광주시갑,지역구,2020-05-30,2024-05-29,term_end,general,ZDR63255,kna members_21.parquet; NA-API 의원이력; NA-API ALLNAMEMBER; kowiki list oldid=42148778,1,,term_end,,term_start,term_end,,,경기도 광주시 갑,,,더불어민주당,더불어민주당,소병훈,True,,False
21,임종성,林鍾聲,1965-08-05,남,더불어민주당,경기 광주시을,지역구,2020-05-30,2024-02-08,disqualified,general,E6U4345C,kna members_21.parquet; NA-API 의원이력; NA-API ALLNAMEMBER; kowiki list oldid=42148778; kowiki 의석변동 oldid=41820079,1,,court_ruling_election_law,선거법 위반으로 의원직 상실 / 의원직 상실,term_start,confirmed,,wikilist+wikiseat,경기도 광주시 을,,,더불어민주당,더불어민주당,임종성,True,,False
21,윤호중,尹昊重,1963-03-27,남,더불어민주당,경기 구리시,지역구,2020-05-30,2024-05-29,term_end,general,M0A1658U,kna members_21.parquet; NA-API 의원이력; NA-API ALLNAMEMBER; kowiki list oldid=42148778,1,,term_end,,term_start,term_end,,,경기도 구리시,,,더불어민주당,더불어민주당,윤호중,True,,False
21,이학영,李學永,1952-04-16,남,더불어민주당,경기 군포시,지역구,2020-05-30,2024-05-29,term_end,general,K5F2023J,kna members_21.parquet; NA-API 의원이력; NA-API ALLNAMEMBER; kowiki list oldid=42148778,1,,term_end,,term_start,term_end,,,경기도 군포시,,,더불어민주당,더불어민주당,이학영,True,,False
21,김주영,金周暎,1961-10-15,남,더불어민주당,경기 김포시갑,지역구,2020-05-30,2024-05-29,term_end,general,D6U6678O,kna members_21.parquet; NA-API 의원이력; NA-API ALLNAMEMBER; kowiki list oldid=42148778,1,,term_end,,term_start,term_end,,,경기도 김포시 갑,,,더불어민주당,더불어민주당,김주영 (1961년),True,,False
21,박상혁,朴商赫,1973-03-20,남,더불어민주당,경기 김포시을,지역구,2020-05-30,2024-05-29,term_end,general,HXT76735,kna members_21.parquet; NA-API 의원이력; NA-API ALLNAMEMBER; kowiki list oldid=42148778,1,,term_end,,term_start,term_end,,,경기도 김포시 을,,,더불어민주당,더불어민주당,박상혁 (1973년),True,,False
21,조응천,趙應天,1962-09-17,남,더불어민주당,경기 남양주시갑,지역구,2020-05-30,2024-05-29,term_end,general,CDL93608,kna members_21.parquet; NA-API 의원이력; NA-API ALLNAMEMBER; kowiki list oldid=42148778,1,,term_end,,term_start,term_end,,,경기도 남양주시 갑,,,개혁신당,더불어민주당,조응천,True,,False
21,김용민,金容民,1976-06-05,남,더불어민주당,경기 남양주시병,지역구,2020-05-30,2024-05-29,term_end,general,OFE45081,kna members_21.parquet; NA-API 의원이력; NA-API ALLNAMEMBER; kowiki list oldid=42148778,1,,term_end,,term_start,term_end,,,경기도 남양주시 병,,,더불어민주당,더불어민주당,김용민 (1976년),True,,False
21,김한정,金漢正,1963-09-06,남,더불어민주당,경기 남양주시을,지역구,2020-05-30,2024-05-29,term_end,general,09I2323E,kna members_21.parquet; NA-API 의원이력; NA-API ALLNAMEMBER; kowiki list oldid=42148778,1,,term_end,,term_start,term_end,,,경기도 남양주시 을,,,더불어민주당,더불어민주당,김한정,True,,False
21,김성원,金成願,1973-10-15,남,미래통합당,경기 동두천시연천군,지역구,2020-05-30,2024-05-29,term_end,general,9D939735,kna members_21.parquet; NA-API 의원이력; NA-API ALLNAMEMBER; kowiki list oldid=42148778,1,,term_end,,term_start,term_end,,,경기도 동두천시·연천군,,,국민의힘,미래통합당,김성원 (정치인),True,,False
21,김경협,金炅俠,1962-11-07,남,더불어민주당,경기 부천시갑,지역구,2020-05-30,2024-05-29,term_end,general,ZKU88693,kna members_21.parquet; NA-API 의원이력; NA-API ALLNAMEMBER; kowiki list oldid=42148778,1,,term_end,,term_start,term_end,,,경기도 부천시 갑,,,더불어민주당,더불어민주당,김경협,True,,False
21,김상희,金相姬,1954-05-18,여,더불어민주당,경기 부천시병,지역구,2020-05-30,2024-05-29,term_end,general,UGH6481E,kna members_21.parquet; NA-API 의원이력; NA-API ALLNAMEMBER; kowiki list oldid=42148778,1,,term_end,,term_start,term_end,,,경기도 부천시 병,,,더불어민주당,더불어민주당,김상희 (1954년),True,,False
21,설훈,薛勳,1953-04-23,남,더불어민주당,경기 부천시을,지역구,2020-05-30,2024-05-29,term_end,general,OW53107J,kna members_21.parquet; NA-API 의원이력; NA-API ALLNAMEMBER; kowiki list oldid=42148778,1,,term_end,,term_start,term_end,,,경기도 부천시 을,,,새로운미래,더불어민주당,설훈,True,,False
21,서영석,徐暎錫,1964-09-16,남,더불어민주당,경기 부천시정,지역구,2020-05-30,2024-05-29,term_end,general,XR24352K,kna members_21.parquet; NA-API 의원이력; NA-API ALLNAMEMBER; kowiki list oldid=42148778,1,,term_end,,term_start,term_end,,,경기도 부천시 정,,,더불어민주당,더불어민주당,서영석 (1964년),True,,False
21,김은혜,金恩慧,1971-01-06,여,미래통합당,경기 성남시분당구갑,지역구,2020-05-30,2022-04-29,resigned,general,L5P27909,kna members_21.parquet; NA-API 의원이력; NA-API ALLNAMEMBER; kowiki list oldid=42148778; kowiki 의석변동 oldid=41820079; NA bill PRC_K2B2V0H4G2Q8S1Y3K3N3F4V8V7G5F7,1,,resigned_to_run_for_other_office,제8회 전국동시지방선거 출마로 사직 / 의원직 사퇴,term_start,confirmed,,wikilist+wikiseat+nabill,경기도 성남시 분당구 갑,,,국민의힘,미래통합당,김은혜 (1971년),True,,False
21,안철수,安哲秀,1962-01-22,남,국민의힘,경기 성남시분당구갑,지역구,2022-06-02,2024-05-29,term_end,by_election,YOG1280B,kna members_21.parquet; NA-API 의원이력; NA-API ALLNAMEMBER; kowiki list oldid=42148778; kowiki 의석변동 oldid=41820079,1,,term_end,,confirmed,term_end,wikiseat,,경기도 성남시 분당구 갑,,,국민의힘,국민의힘,안철수,True,,False
21,김병욱,金炳旭,1965-04-15,남,더불어민주당,경기 성남시분당구을,지역구,2020-05-30,2024-05-29,term_end,general,GFF1986K,kna members_21.parquet; NA-API 의원이력; NA-API ALLNAMEMBER; kowiki list oldid=42148778,1,,term_end,,term_start,term_end,,,경기도 성남시 분당구 을,,,더불어민주당,더불어민주당,김병욱 (1965년),True,,True
21,김태년,金太年,1965-03-20,남,더불어민주당,경기 성남시수정구,지역구,2020-05-30,2024-05-29,term_end,general,1WE5693J,kna members_21.parquet; NA-API 의원이력; NA-API ALLNAMEMBER; kowiki list oldid=42148778,1,,term_end,,term_start,term_end,,,경기도 성남시 수정구,,,더불어민주당,더불어민주당,김태년 (1965년),True,,False
21,윤영찬,尹永燦,1964-08-05,남,더불어민주당,경기 성남시중원구,지역구,2020-05-30,2024-05-29,term_end,general,XWX1513T,kna members_21.parquet; NA-API 의원이력; NA-API ALLNAMEMBER; kowiki list oldid=42148778,1,,term_end,,term_start,term_end,,,경기도 성남시 중원구,,,더불어민주당,더불어민주당,윤영찬,True,,False
21,김승원,金勝源,1969-07-08,남,더불어민주당,경기 수원시갑,지역구,2020-05-30,2024-05-29,term_end,general,ATB59635,kna members_21.parquet; NA-API 의원이력; NA-API ALLNAMEMBER; kowiki list oldid=42148778,1,,term_end,,term_start,term_end,,,경기도 수원시 갑,,,더불어민주당,더불어민주당,김승원 (정치인),True,,False
21,김진표,金振杓,1947-05-04,남,더불어민주당,경기 수원시무,지역구,2020-05-30,2024-05-29,term_end,general,Q9H5708M,kna members_21.parquet; NA-API 의원이력; NA-API ALLNAMEMBER; kowiki list oldid=42148778,1,,term_end,,term_start,term_end,,,경기도 수원시 무,,,무소속,더불어민주당,김진표 (정치인),True,,False
21,김영진,金榮鎭,1967-09-10,남,더불어민주당,경기 수원시병,지역구,2020-05-30,2024-05-29,term_end,general,5765663F,kna members_21.parquet; NA-API 의원이력; NA-API ALLNAMEMBER; kowiki list oldid=42148778,1,,term_end,,term_start,term_end,,,경기도 수원시 병,,,더불어민주당,더불어민주당,김영진 (1967년),True,,True
21,백혜련,白惠蓮,1967-02-17,여,더불어민주당,경기 수원시을,지역구,2020-05-30,2024-05-29,term_end,general,HSS7466Y,kna members_21.parquet; NA-API 의원이력; NA-API ALLNAMEMBER; kowiki list oldid=42148778,1,,term_end,,term_start,term_end,,,경기도 수원시 을,,,더불어민주당,더불어민주당,백혜련,True,,False
21,박광온,朴洸瑥,1957-03-26,남,더불어민주당,경기 수원시정,지역구,2020-05-30,2024-05-29,term_end,general,K3W33496,kna members_21.parquet; NA-API 의원이력; NA-API ALLNAMEMBER; kowiki list oldid=42148778,1,,term_end,,term_start,term_end,,,경기도 수원시 정,,,더불어민주당,더불어민주당,박광온,True,,False
21,문정복,文貞福,1967-01-10,여,더불어민주당,경기 시흥시갑,지역구,2020-05-30,2024-05-29,term_end,general,GOC54665,kna members_21.parquet; NA-API 의원이력; NA-API ALLNAMEMBER; kowiki list oldid=42148778,1,,term_end,,term_start,term_end,,,경기도 시흥시 갑,,,더불어민주당,더불어민주당,문정복,True,,False
21,조정식,趙正湜,1963-12-25,남,더불어민주당,경기 시흥시을,지역구,2020-05-30,2024-05-29,term_end,general,IN328264,kna members_21.parquet; NA-API 의원이력; NA-API ALLNAMEMBER; kowiki list oldid=42148778,1,,term_end,,term_start,term_end,,,경기도 시흥시 을,,,더불어민주당,더불어민주당,조정식 (정치인),True,,False
21,고영인,高永寅,1963-07-07,남,더불어민주당,경기 안산시단원구갑,지역구,2020-05-30,2024-05-29,term_end,general,4XG1439M,kna members_21.parquet; NA-API 의원이력; NA-API ALLNAMEMBER; kowiki list oldid=42148778,1,,term_end,,term_start,term_end,,,경기도 안산시 단원구 갑,,,더불어민주당,더불어민주당,고영인,True,,False
21,김남국,金南局,1982-10-22,남,더불어민주당,경기 안산시단원구을,지역구,2020-05-30,2024-05-29,term_end,general,QHL3248U,kna members_21.parquet; NA-API 의원이력; NA-API ALLNAMEMBER; kowiki list oldid=42148778,1,,term_end,,term_start,term_end,,,경기도 안산시 단원구 을,,,더불어민주당,더불어민주당,김남국,True,,False
21,전해철,全海澈,1962-05-18,남,더불어민주당,경기 안산시상록구갑,지역구,2020-05-30,2024-05-29,term_end,general,BM63269Y,kna members_21.parquet; NA-API 의원이력; NA-API ALLNAMEMBER; kowiki list oldid=42148778,1,,term_end,,term_start,term_end,,,경기도 안산시 상록구 갑,,,더불어민주당,더불어민주당,전해철,True,,False
21,김철민,金哲玟,1957-02-15,남,더불어민주당,경기 안산시상록구을,지역구,2020-05-30,2024-05-29,term_end,general,1MU99298,kna members_21.parquet; NA-API 의원이력; NA-API ALLNAMEMBER; kowiki list oldid=42148778,1,,term_end,,term_start,term_end,,,경기도 안산시 상록구 을,,,더불어민주당,더불어민주당,김철민 (1957년),True,,False
21,이규민,李圭閔,1968-05-10,남,더불어민주당,경기 안성시,지역구,2020-05-30,2021-09-30,disqualified,general,AE685067,kna members_21.parquet; NA-API 의원이력; NA-API ALLNAMEMBER; kowiki list oldid=42148778; kowiki 의석변동 oldid=41820079,1,,court_ruling_election_law,선거법 위반으로 의원직 상실 / 의원직 상실,term_start,confirmed,,wikilist+wikiseat,경기도 안성시,,,더불어민주당,더불어민주당,이규민,True,,False
21,김학용,金學容,1961-12-10,남,국민의힘,경기 안성시,지역구,2022-03-10,2024-05-29,term_end,by_election,F5U2979W,kna members_21.parquet; NA-API 의원이력; NA-API ALLNAMEMBER; kowiki list oldid=42148778; kowiki 의석변동 oldid=41820079,1,,term_end,,confirmed_pollday_plus1,term_end,wikilist=2022-03-09; wikiseat=2022-03-09,,경기도 안성시,,,국민의힘,국민의힘,김학용,True,,False
21,민병덕,閔炳德,1970-12-20,남,더불어민주당,경기 안양시동안구갑,지역구,2020-05-30,2024-05-29,term_end,general,TZ228122,kna members_21.parquet; NA-API 의원이력; NA-API ALLNAMEMBER; kowiki list oldid=42148778,1,,term_end,,term_start,term_end,,,경기도 안양시 동안구 갑,,,더불어민주당,더불어민주당,민병덕 (1970년),True,,False
21,이재정,李在汀,1974-08-02,여,더불어민주당,경기 안양시동안구을,지역구,2020-05-30,2024-05-29,term_end,general,UQ282145,kna members_21.parquet; NA-API 의원이력; NA-API ALLNAMEMBER; kowiki list oldid=42148778,1,,term_end,,term_start,term_end,,,경기도 안양시 동안구 을,,,더불어민주당,더불어민주당,이재정 (1974년),True,,True
21,강득구,姜得求,1963-05-27,남,더불어민주당,경기 안양시만안구,지역구,2020-05-30,2024-05-29,term_end,general,8P37634C,kna members_21.parquet; NA-API 의원이력; NA-API ALLNAMEMBER; kowiki list oldid=42148778,1,,term_end,,term_start,term_end,,,경기도 안양시 만안구,,,더불어민주당,더불어민주당,강득구,True,,False
21,정성호,鄭成湖,1961-09-10,남,더불어민주당,경기 양주시,지역구,2020-05-30,2024-05-29,term_end,general,V429892C,kna members_21.parquet; NA-API 의원이력; NA-API ALLNAMEMBER; kowiki list oldid=42148778,1,,term_end,,term_start,term_end,,,경기도 양주시,,,더불어민주당,더불어민주당,정성호 (1962년),True,,False
21,김선교,金善敎,1960-09-18,남,미래통합당,경기 여주시양평군,지역구,2020-05-30,2023-05-18,disqualified,general,JNL7001A,kna members_21.parquet; NA-API 의원이력; NA-API ALLNAMEMBER; kowiki list oldid=42148778; kowiki 의석변동 oldid=41820079,1,,court_ruling_election_law,공직선거법 위반 혐의로 의원직 상실 / 의원직 상실,term_start,confirmed,,wikilist+wikiseat,경기도 여주시·양평군,,,국민의힘,미래통합당,김선교,True,,False
21,안민석,安敏錫,1966-08-13,남,더불어민주당,경기 오산시,지역구,2020-05-30,2024-05-29,term_end,general,ZA54991S,kna members_21.parquet; NA-API 의원이력; NA-API ALLNAMEMBER; kowiki list oldid=42148778,1,,term_end,,term_start,term_end,,,경기도 오산시,,,더불어민주당,더불어민주당,안민석,True,,False
21,정찬민,鄭燦敏,1958-05-16,남,미래통합당,경기 용인시갑,지역구,2020-05-30,2023-08-18,disqualified,general,SBK1544B,kna members_21.parquet; NA-API 의원이력; NA-API ALLNAMEMBER; kowiki list oldid=42148778; kowiki 의석변동 oldid=41820079,1,,court_ruling_other_or_unspecified,뇌물수수 유죄판결로 의원직 상실 / 의원직 상실,term_start,confirmed,,wikilist+wikiseat,경기도 용인시 갑,,,국민의힘,미래통합당,정찬민 (1958년),True,,False
21,정춘숙,鄭春淑,1964-01-08,여,더불어민주당,경기 용인시병,지역구,2020-05-30,2024-05-29,term_end,general,MD083627,kna members_21.parquet; NA-API 의원이력; NA-API ALLNAMEMBER; kowiki list oldid=42148778,1,,term_end,,term_start,term_end,,,경기도 용인시 병,,,더불어민주당,더불어민주당,정춘숙,True,,False
21,김민기,金敏基,1966-04-28,남,더불어민주당,경기 용인시을,지역구,2020-05-30,2024-05-29,term_end,general,NTT8182Q,kna members_21.parquet; NA-API 의원이력; NA-API ALLNAMEMBER; kowiki list oldid=42148778,1,,term_end,,term_start,term_end,,,경기도 용인시 을,,,더불어민주당,더불어민주당,김민기 (정치인),True,,False
21,이탄희,李誕熙,1978-11-03,남,더불어민주당,경기 용인시정,지역구,2020-05-30,2024-05-29,term_end,general,9S151177,kna members_21.parquet; NA-API 의원이력; NA-API ALLNAMEMBER; kowiki list oldid=42148778,1,,term_end,,term_start,term_end,,,경기도 용인시 정,,,더불어민주당,더불어민주당,이탄희,True,,False
21,이소영,李素永,1985-02-10,여,더불어민주당,경기 의왕시과천시,지역구,2020-05-30,2024-05-29,term_end,general,WTR5885Y,kna members_21.parquet; NA-API 의원이력; NA-API ALLNAMEMBER; kowiki list oldid=42148778,1,,term_end,,term_start,term_end,,,경기도 의왕시·과천시,,,더불어민주당,더불어민주당,이소영 (1985년),True,,False
21,오영환,吳永煥,1988-02-10,남,더불어민주당,경기 의정부시갑,지역구,2020-05-30,2024-05-29,term_end,general,MY318392,kna members_21.parquet; NA-API 의원이력; NA-API ALLNAMEMBER; kowiki list oldid=42148778,1,,term_end,,term_start,term_end,,,경기도 의정부시 갑,,,새로운미래,더불어민주당,오영환 (1988년),True,,False
21,김민철,金敏徹,1967-11-18,남,더불어민주당,경기 의정부시을,지역구,2020-05-30,2024-05-29,term_end,general,6399076T,kna members_21.parquet; NA-API 의원이력; NA-API ALLNAMEMBER; kowiki list oldid=42148778,1,,term_end,,term_start,term_end,,,경기도 의정부시 을,,,더불어민주당,더불어민주당,김민철 (1967년),True,,False
21,송석준,宋錫俊,1964-03-10,남,미래통합당,경기 이천시,지역구,2020-05-30,2024-05-29,term_end,general,CNW5754J,kna members_21.parquet; NA-API 의원이력; NA-API ALLNAMEMBER; kowiki list oldid=42148778,1,,term_end,,term_start,term_end,,,경기도 이천시,,,국민의힘,미래통합당,송석준,True,,False
21,윤후덕,尹厚德,1957-01-09,남,더불어민주당,경기 파주시갑,지역구,2020-05-30,2024-05-29,term_end,general,O7R5461J,kna members_21.parquet; NA-API 의원이력; NA-API ALLNAMEMBER; kowiki list oldid=42148778,1,,term_end,,term_start,term_end,,,경기도 파주시 갑,,,더불어민주당,더불어민주당,윤후덕,True,,False
21,박정,朴釘,1962-11-19,남,더불어민주당,경기 파주시을,지역구,2020-05-30,2024-05-29,term_end,general,4019850M,kna members_21.parquet; NA-API 의원이력; NA-API ALLNAMEMBER; kowiki list oldid=42148778,1,,term_end,,term_start,term_end,,,경기도 파주시 을,,,더불어민주당,더불어민주당,박정 (1962년),True,,False
21,홍기원,洪起元,1964-12-13,남,더불어민주당,경기 평택시갑,지역구,2020-05-30,2024-05-29,term_end,general,5MD4184K,kna members_21.parquet; NA-API 의원이력; NA-API ALLNAMEMBER; kowiki list oldid=42148778,1,,term_end,,term_start,term_end,,,경기도 평택시 갑,,,더불어민주당,더불어민주당,홍기원,True,,False
21,유의동,兪義東,1971-06-23,남,미래통합당,경기 평택시을,지역구,2020-05-30,2024-05-29,term_end,general,MRK4871S,kna members_21.parquet; NA-API 의원이력; NA-API ALLNAMEMBER; kowiki list oldid=42148778,1,,term_end,,term_start,term_end,,,경기도 평택시 을,,,국민의힘,미래통합당,유의동,True,,False
21,최춘식,崔春植,1956-03-14,남,미래통합당,경기 포천시가평군,지역구,2020-05-30,2024-05-29,term_end,general,3DK8989T,kna members_21.parquet; NA-API 의원이력; NA-API ALLNAMEMBER; kowiki list oldid=42148778,1,,term_end,,term_start,term_end,,,경기도 포천시·가평군,,,국민의힘,미래통합당,최춘식 (1956년),True,,False
21,최종윤,崔鍾允,1966-02-27,남,더불어민주당,경기 하남시,지역구,2020-05-30,2024-05-29,term_end,general,Z7Y7827F,kna members_21.parquet; NA-API 의원이력; NA-API ALLNAMEMBER; kowiki list oldid=42148778,1,,term_end,,term_start,term_end,,,경기도 하남시,,,더불어민주당,더불어민주당,최종윤 (정치인),True,,False
21,송옥주,宋玉珠,1965-12-20,여,더불어민주당,경기 화성시갑,지역구,2020-05-30,2024-05-29,term_end,general,3249208I,kna members_21.parquet; NA-API 의원이력; NA-API ALLNAMEMBER; kowiki list oldid=42148778,1,,term_end,,term_start,term_end,,,경기도 화성시 갑,,,더불어민주당,더불어민주당,송옥주,True,,False
21,권칠승,權七勝,1965-11-18,남,더불어민주당,경기 화성시병,지역구,2020-05-30,2024-05-29,term_end,general,C7E79345,kna members_21.parquet; NA-API 의원이력; NA-API ALLNAMEMBER; kowiki list oldid=42148778,1,,term_end,,term_start,term_end,,,경기도 화성시 병,,,더불어민주당,더불어민주당,권칠승,True,,False
21,이원욱,李元旭,1963-03-20,남,더불어민주당,경기 화성시을,지역구,2020-05-30,2024-05-29,term_end,general,16D7652C,kna members_21.parquet; NA-API 의원이력; NA-API ALLNAMEMBER; kowiki list oldid=42148778,1,,term_end,,term_start,term_end,,,경기도 화성시 을,,,개혁신당,더불어민주당,이원욱,True,,False
21,서일준,徐一俊,1965-05-10,남,미래통합당,경남 거제시,지역구,2020-05-30,2024-05-29,term_end,general,MR210505,kna members_21.parquet; NA-API 의원이력; NA-API ALLNAMEMBER; kowiki list oldid=42148778,1,,term_end,,term_start,term_end,,,경상남도 거제시,,,국민의힘,미래통합당,서일준,True,,False
21,민홍철,閔洪喆,1961-04-18,남,더불어민주당,경남 김해시갑,지역구,2020-05-30,2024-05-29,term_end,general,O6D8329R,kna members_21.parquet; NA-API 의원이력; NA-API ALLNAMEMBER; kowiki list oldid=42148778,1,,term_end,,term_start,term_end,,,경상남도 김해시 갑,,,더불어민주당,더불어민주당,민홍철,True,,False
21,김정호,金禎鎬,1960-06-18,남,더불어민주당,경남 김해시을,지역구,2020-05-30,2024-05-29,term_end,general,9LD2641Q,kna members_21.parquet; NA-API 의원이력; NA-API ALLNAMEMBER; kowiki list oldid=42148778,1,,term_end,,term_start,term_end,,,경상남도 김해시 을,,,더불어민주당,더불어민주당,김정호 (1960년),True,,False
21,조해진,曺海珍,1963-08-04,남,미래통합당,경남 밀양시의령군함안군창녕군,지역구,2020-05-30,2024-05-29,term_end,general,Z6R3959C,kna members_21.parquet; NA-API 의원이력; NA-API ALLNAMEMBER; kowiki list oldid=42148778,1,,term_end,,term_start,term_end,,,경상남도 밀양시·의령군·함안군·창녕군,,,국민의힘,미래통합당,조해진 (1963년),True,,False
21,하영제,河榮帝,1954-02-25,남,미래통합당,경남 사천시남해군하동군,지역구,2020-05-30,2024-05-29,term_end,general,FGI27280,kna members_21.parquet; NA-API 의원이력; NA-API ALLNAMEMBER; kowiki list oldid=42148778,1,,term_end,,term_start,term_end,,,경상남도 사천시·남해군·하동군,,,무소속,미래통합당,하영제,True,,False
21,김태호,金台鎬,1962-08-21,남,무소속,경남 산청군함양군거창군합천군,지역구,2020-05-30,2024-05-29,term_end,general,P0F1530P,kna members_21.parquet; NA-API 의원이력; NA-API ALLNAMEMBER; kowiki list oldid=42148778,1,,term_end,,term_start,term_end,,,경상남도 산청군·함양군·거창군·합천군,,,국민의힘,무소속,김태호 (1962년),True,,True
21,윤영석,尹永碩,1964-10-07,남,미래통합당,경남 양산시갑,지역구,2020-05-30,2024-05-29,term_end,general,9VR65006,kna members_21.parquet; NA-API 의원이력; NA-API ALLNAMEMBER; kowiki list oldid=42148778,1,,term_end,,term_start,term_end,,,경상남도 양산시 갑,,,국민의힘,미래통합당,윤영석,True,,False
21,김두관,金斗官,1959-04-10,남,더불어민주당,경남 양산시을,지역구,2020-05-30,2024-05-29,term_end,general,CI15627C,kna members_21.parquet; NA-API 의원이력; NA-API ALLNAMEMBER; kowiki list oldid=42148778,1,,term_end,,term_start,term_end,,,경상남도 양산시 을,,,더불어민주당,더불어민주당,김두관,True,,False
21,박대출,朴大出,1961-03-18,남,미래통합당,경남 진주시갑,지역구,2020-05-30,2024-05-29,term_end,general,W4X85128,kna members_21.parquet; NA-API 의원이력; NA-API ALLNAMEMBER; kowiki list oldid=42148778,1,,term_end,,term_start,term_end,,,경상남도 진주시 갑,,,국민의힘,미래통합당,박대출,True,,False
21,강민국,姜旻局,1971-03-03,남,미래통합당,경남 진주시을,지역구,2020-05-30,2024-05-29,term_end,general,GX22581L,kna members_21.parquet; NA-API 의원이력; NA-API ALLNAMEMBER; kowiki list oldid=42148778,1,,term_end,,term_start,term_end,,,경상남도 진주시 을,,,국민의힘,미래통합당,강민국 (정치인),True,,False
21,최형두,崔炯斗,1962-10-23,남,미래통합당,경남 창원시마산합포구,지역구,2020-05-30,2024-05-29,term_end,general,A0P4646G,kna members_21.parquet; NA-API 의원이력; NA-API ALLNAMEMBER; kowiki list oldid=42148778,1,,term_end,,term_start,term_end,,,경상남도 창원시 마산합포구,,,국민의힘,미래통합당,최형두,True,,False
21,윤한홍,尹漢洪,1962-11-01,남,미래통합당,경남 창원시마산회원구,지역구,2020-05-30,2024-05-29,term_end,general,8X15119P,kna members_21.parquet; NA-API 의원이력; NA-API ALLNAMEMBER; kowiki list oldid=42148778,1,,term_end,,term_start,term_end,,,경상남도 창원시 마산회원구,,,국민의힘,미래통합당,윤한홍,True,,False
21,강기윤,姜起潤,1960-06-04,남,미래통합당,경남 창원시성산구,지역구,2020-05-30,2024-05-29,term_end,general,14M56632,kna members_21.parquet; NA-API 의원이력; NA-API ALLNAMEMBER; kowiki list oldid=42148778,1,,term_end,,term_start,term_end,,,경상남도 창원시 성산구,,,국민의힘,미래통합당,강기윤,True,,False
21,박완수,朴完洙,1955-08-26,남,미래통합당,경남 창원시의창구,지역구,2020-05-30,2022-04-29,resigned,general,D0C85236,kna members_21.parquet; NA-API 의원이력; NA-API ALLNAMEMBER; kowiki list oldid=42148778; kowiki 의석변동 oldid=41820079; NA bill PRC_U2O2P0L4Z2J6O1X1A2J9W2V1O3T0P2,1,,resigned_to_run_for_other_office,제8회 전국동시지방선거 출마로 사직 / 의원직 사퇴,term_start,confirmed,,wikilist+wikiseat+nabill,경상남도 창원시 의창구,,,국민의힘,미래통합당,박완수,True,,False
21,김영선,金映宣,1960-05-16,여,국민의힘,경남 창원시의창구,지역구,2022-06-02,2024-05-29,term_end,by_election,LBC8144B,kna members_21.parquet; NA-API 의원이력; NA-API ALLNAMEMBER; kowiki list oldid=42148778; kowiki 의석변동 oldid=41820079,1,,term_end,,confirmed,term_end,wikiseat,,경상남도 창원시 의창구,,,국민의힘,국민의힘,김영선 (1960년),True,,False
21,이달곤,李達坤,1953-09-11,남,미래통합당,경남 창원시진해구,지역구,2020-05-30,2024-05-29,term_end,general,QUM8288K,kna members_21.parquet; NA-API 의원이력; NA-API ALLNAMEMBER; kowiki list oldid=42148778,1,,term_end,,term_start,term_end,,,경상남도 창원시 진해구,,,국민의힘,미래통합당,이달곤,True,,False
21,정점식,鄭点植,1965-07-15,남,미래통합당,경남 통영시고성군,지역구,2020-05-30,2024-05-29,term_end,general,LJK4960Z,kna members_21.parquet; NA-API 의원이력; NA-API ALLNAMEMBER; kowiki list oldid=42148778,1,,term_end,,term_start,term_end,,,경상남도 통영시·고성군,,,국민의힘,미래통합당,정점식,True,,False
21,윤두현,尹斗鉉,1961-05-12,남,미래통합당,경북 경산시,지역구,2020-05-30,2024-05-29,term_end,general,7JC3239L,kna members_21.parquet; NA-API 의원이력; NA-API ALLNAMEMBER; kowiki list oldid=42148778,1,,term_end,,term_start,term_end,,,경상북도 경산시,,,국민의힘,미래통합당,윤두현,True,,False
21,김석기,金碩基,1954-08-06,남,미래통합당,경북 경주시,지역구,2020-05-30,2024-05-29,term_end,general,ZYP7962W,kna members_21.parquet; NA-API 의원이력; NA-API ALLNAMEMBER; kowiki list oldid=42148778,1,,term_end,,term_start,term_end,,,경상북도 경주시,,,국민의힘,미래통합당,김석기 (1954년),True,,False
21,정희용,鄭熙溶,1976-10-01,남,미래통합당,경북 고령군성주군칠곡군,지역구,2020-05-30,2024-05-29,term_end,general,PFG2137X,kna members_21.parquet; NA-API 의원이력; NA-API ALLNAMEMBER; kowiki list oldid=42148778,1,,term_end,,term_start,term_end,,,경상북도 고령군·성주군·칠곡군,,,국민의힘,미래통합당,정희용,True,,False
21,구자근,具滋根,1967-10-09,남,미래통합당,경북 구미시갑,지역구,2020-05-30,2024-05-29,term_end,general,7469929V,kna members_21.parquet; NA-API 의원이력; NA-API ALLNAMEMBER; kowiki list oldid=42148778,1,,term_end,,term_start,term_end,,,경상북도 구미시 갑,,,국민의힘,미래통합당,구자근,True,,False
21,김영식,金英植,1959-07-18,남,미래통합당,경북 구미시을,지역구,2020-05-30,2024-05-29,term_end,general,IOW1101J,kna members_21.parquet; NA-API 의원이력; NA-API ALLNAMEMBER; kowiki list oldid=42148778,1,,term_end,,term_start,term_end,,,경상북도 구미시 을,,,국민의힘,미래통합당,김영식 (1959년),True,,False
21,김희국,金熙國,1958-10-20,남,미래통합당,경북 군위군의성군청송군영덕군,지역구,2020-05-30,2024-05-29,term_end,general,6AR6743G,kna members_21.parquet; NA-API 의원이력; NA-API ALLNAMEMBER; kowiki list oldid=42148778,1,,term_end,,term_start,term_end,,,경상북도 군위군·의성군·청송군·영덕군,,,국민의힘,미래통합당,김희국,True,,False
21,송언석,宋彦錫,1963-05-16,남,미래통합당,경북 김천시,지역구,2020-05-30,2024-05-29,term_end,general,6EN68926,kna members_21.parquet; NA-API 의원이력; NA-API ALLNAMEMBER; kowiki list oldid=42148778,1,,term_end,,term_start,term_end,,,경상북도 김천시,,,국민의힘,미래통합당,송언석,True,,False
21,임이자,林利子,1964-03-05,여,미래통합당,경북 상주시문경시,지역구,2020-05-30,2024-05-29,term_end,general,EH27538E,kna members_21.parquet; NA-API 의원이력; NA-API ALLNAMEMBER; kowiki list oldid=42148778,1,,term_end,,term_start,term_end,,,경상북도 상주시·문경시,,,국민의힘,미래통합당,임이자,True,,False
21,김형동,金亨東,1975-03-25,남,미래통합당,경북 안동시예천군,지역구,2020-05-30,2024-05-29,term_end,general,JEZ3130Q,kna members_21.parquet; NA-API 의원이력; NA-API ALLNAMEMBER; kowiki list oldid=42148778,1,,term_end,,term_start,term_end,,,경상북도 안동시·예천군,,,국민의힘,미래통합당,김형동,True,,False
21,박형수,朴亨修,1965-10-20,남,미래통합당,경북 영주시영양군봉화군울진군,지역구,2020-05-30,2024-05-29,term_end,general,6U243644,kna members_21.parquet; NA-API 의원이력; NA-API ALLNAMEMBER; kowiki list oldid=42148778,1,,term_end,,term_start,term_end,,,경상북도 영주시·영양군·봉화군·울진군,,,국민의힘,미래통합당,박형수 (1965년),True,,False
21,이만희,李晩熙,1963-12-11,남,미래통합당,경북 영천시청도군,지역구,2020-05-30,2024-05-29,term_end,general,OSV9142K,kna members_21.parquet; NA-API 의원이력; NA-API ALLNAMEMBER; kowiki list oldid=42148778,1,,term_end,,term_start,term_end,,,경상북도 영천시·청도군,,,국민의힘,미래통합당,이만희 (정치인),True,,False
21,김병욱,金炳旭,1977-04-30,남,미래통합당,경북 포항시남구울릉군,지역구,2020-05-30,2024-05-29,term_end,general,KB04377U,kna members_21.parquet; NA-API 의원이력; NA-API ALLNAMEMBER; kowiki list oldid=42148778,1,,term_end,,term_start,term_end,,,경상북도 포항시 남구·울릉군,,,국민의힘,미래통합당,김병욱 (1977년),True,,True
21,김정재,金汀才,1966-02-15,여,미래통합당,경북 포항시북구,지역구,2020-05-30,2024-05-29,term_end,general,E1J8836Y,kna members_21.parquet; NA-API 의원이력; NA-API ALLNAMEMBER; kowiki list oldid=42148778,1,,term_end,,term_start,term_end,,,경상북도 포항시 북구,,,국민의힘,미래통합당,김정재,True,,False
21,이용빈,李龍彬,1964-12-15,남,더불어민주당,광주 광산구갑,지역구,2020-05-30,2024-05-29,term_end,general,GKD32201,kna members_21.parquet; NA-API 의원이력; NA-API ALLNAMEMBER; kowiki list oldid=42148778,1,,term_end,,term_start,term_end,,,광주광역시 광산구 갑,,,더불어민주당,더불어민주당,이용빈,True,,False
21,민형배,閔炯培,1961-06-15,남,더불어민주당,광주 광산구을,지역구,2020-05-30,2024-05-29,term_end,general,VRY5522V,kna members_21.parquet; NA-API 의원이력; NA-API ALLNAMEMBER; kowiki list oldid=42148778,1,,term_end,,term_start,term_end,,,광주광역시 광산구 을,,,더불어민주당,더불어민주당,민형배,True,,False
21,윤영덕,尹永德,1969-09-07,남,더불어민주당,광주 동구남구갑,지역구,2020-05-30,2024-05-29,term_end,general,KFS1358P,kna members_21.parquet; NA-API 의원이력; NA-API ALLNAMEMBER; kowiki list oldid=42148778,1,,term_end,,term_start,term_end,,,광주광역시 동구·남구 갑,,,더불어민주당,더불어민주당,윤영덕,True,,False
21,이병훈,李炳勳,1957-03-18,남,더불어민주당,광주 동구남구을,지역구,2020-05-30,2024-05-29,term_end,general,HKJ99607,kna members_21.parquet; NA-API 의원이력; NA-API ALLNAMEMBER; kowiki list oldid=42148778,1,,term_end,,term_start,term_end,,,광주광역시 동구·남구 을,,,더불어민주당,더불어민주당,이병훈 (1957년),True,,False
21,조오섭,曺五燮,1968-07-19,남,더불어민주당,광주 북구갑,지역구,2020-05-30,2024-05-29,term_end,general,25I8709Q,kna members_21.parquet; NA-API 의원이력; NA-API ALLNAMEMBER; kowiki list oldid=42148778,1,,term_end,,term_start,term_end,,,광주광역시 북구 갑,,,더불어민주당,더불어민주당,조오섭,True,,False
21,이형석,李炯錫,1961-10-05,남,더불어민주당,광주 북구을,지역구,2020-05-30,2024-05-29,term_end,general,IOW8224X,kna members_21.parquet; NA-API 의원이력; NA-API ALLNAMEMBER; kowiki list oldid=42148778,1,,term_end,,term_start,term_end,,,광주광역시 북구 을,,,더불어민주당,더불어민주당,이형석 (1961년),True,,False
21,송갑석,宋甲錫,1966-10-10,남,더불어민주당,광주 서구갑,지역구,2020-05-30,2024-05-29,term_end,general,RD42006Y,kna members_21.parquet; NA-API 의원이력; NA-API ALLNAMEMBER; kowiki list oldid=42148778,1,,term_end,,term_start,term_end,,,광주광역시 서구 갑,,,더불어민주당,더불어민주당,송갑석,True,,False
21,양향자,梁香子,1967-04-04,여,더불어민주당,광주 서구을,지역구,2020-05-30,2024-05-29,term_end,general,WHV3448W,kna members_21.parquet; NA-API 의원이력; NA-API ALLNAMEMBER; kowiki list oldid=42148778,1,,term_end,,term_start,term_end,,,광주광역시 서구 을,,,개혁신당,더불어민주당,양향자,True,,False
21,홍석준,洪碩晙,1966-05-17,남,미래통합당,대구 달서구갑,지역구,2020-05-30,2024-05-29,term_end,general,EMC8812P,kna members_21.parquet; NA-API 의원이력; NA-API ALLNAMEMBER; kowiki list oldid=42148778,1,,term_end,,term_start,term_end,,,대구광역시 달서구 갑,,,국민의힘,미래통합당,홍석준 (1966년),True,,False
21,김용판,金用判,1958-01-05,남,미래통합당,대구 달서구병,지역구,2020-05-30,2024-05-29,term_end,general,SVH3899R,kna members_21.parquet; NA-API 의원이력; NA-API ALLNAMEMBER; kowiki list oldid=42148778,1,,term_end,,term_start,term_end,,,대구광역시 달서구 병,,,국민의힘,미래통합당,김용판,True,,False
21,윤재옥,尹在玉,1961-09-10,남,미래통합당,대구 달서구을,지역구,2020-05-30,2024-05-29,term_end,general,ZRF3039U,kna members_21.parquet; NA-API 의원이력; NA-API ALLNAMEMBER; kowiki list oldid=42148778,1,,term_end,,term_start,term_end,,,대구광역시 달서구 을,,,국민의힘,미래통합당,윤재옥,True,,False
21,추경호,秋慶鎬,1960-07-29,남,미래통합당,대구 달성군,지역구,2020-05-30,2024-05-29,term_end,general,G152611B,kna members_21.parquet; NA-API 의원이력; NA-API ALLNAMEMBER; kowiki list oldid=42148778,1,,term_end,,term_start,term_end,,,대구광역시 달성군,,,국민의힘,미래통합당,추경호,True,,False
21,류성걸,柳性杰,1957-07-12,남,미래통합당,대구 동구갑,지역구,2020-05-30,2024-05-29,term_end,general,8VY63414,kna members_21.parquet; NA-API 의원이력; NA-API ALLNAMEMBER; kowiki list oldid=42148778,1,,term_end,,term_start,term_end,,,대구광역시 동구 갑,,,국민의힘,미래통합당,류성걸,True,,False
21,강대식,姜大植,1959-11-02,남,미래통합당,대구 동구을,지역구,2020-05-30,2024-05-29,term_end,general,L2I9861C,kna members_21.parquet; NA-API 의원이력; NA-API ALLNAMEMBER; kowiki list oldid=42148778,1,,term_end,,term_start,term_end,,,대구광역시 동구 을,,,국민의힘,미래통합당,강대식,True,,False
21,양금희,梁琴喜,1961-11-15,여,미래통합당,대구 북구갑,지역구,2020-05-30,2024-05-29,term_end,general,VG24001G,kna members_21.parquet; NA-API 의원이력; NA-API ALLNAMEMBER; kowiki list oldid=42148778,1,,term_end,,term_start,term_end,,,대구광역시 북구 갑,,,국민의힘,미래통합당,양금희,True,,False
21,김승수,金承洙,1965-07-05,남,미래통합당,대구 북구을,지역구,2020-05-30,2024-05-29,term_end,general,5K93695T,kna members_21.parquet; NA-API 의원이력; NA-API ALLNAMEMBER; kowiki list oldid=42148778,1,,term_end,,term_start,term_end,,,대구광역시 북구 을,,,국민의힘,미래통합당,김승수 (1965년),True,,False
21,김상훈,金相勳,1963-01-25,남,미래통합당,대구 서구,지역구,2020-05-30,2024-05-29,term_end,general,1Y73132H,kna members_21.parquet; NA-API 의원이력; NA-API ALLNAMEMBER; kowiki list oldid=42148778,1,,term_end,,term_start,term_end,,,대구광역시 서구,,,국민의힘,미래통합당,김상훈 (1963년),True,,False
21,주호영,朱豪英,1960-12-10,남,미래통합당,대구 수성구갑,지역구,2020-05-30,2024-05-29,term_end,general,8SV6917G,kna members_21.parquet; NA-API 의원이력; NA-API ALLNAMEMBER; kowiki list oldid=42148778,1,,term_end,,term_start,term_end,,,대구광역시 수성구 갑,,,국민의힘,미래통합당,주호영,True,,False
21,홍준표,洪準杓,1954-12-05,남,무소속,대구 수성구을,지역구,2020-05-30,2022-04-29,resigned,general,NAL4555X,kna members_21.parquet; NA-API 의원이력; NA-API ALLNAMEMBER; kowiki list oldid=42148778; kowiki 의석변동 oldid=41820079; NA bill PRC_D2T2L0S4U2Q6K1E0V0X5S2I6G5X6J7,1,,resigned_to_run_for_other_office,제8회 전국동시지방선거 출마로 사직 / 의원직 사퇴,term_start,confirmed,,wikilist+wikiseat+nabill,대구광역시 수성구 을,,,국민의힘,무소속,홍준표,True,,False
21,이인선,李仁善,1959-05-02,여,국민의힘,대구 수성구을,지역구,2022-06-02,2024-05-29,term_end,by_election,DWK26447,kna members_21.parquet; NA-API 의원이력; NA-API ALLNAMEMBER; kowiki list oldid=42148778; kowiki 의석변동 oldid=41820079,1,,term_end,,confirmed,term_end,wikiseat,,대구광역시 수성구 을,,,국민의힘,국민의힘,이인선 (1959년),True,,False
21,곽상도,郭尙道,1959-12-23,남,미래통합당,대구 중구남구,지역구,2020-05-30,2021-11-11,resigned,general,MHK9919B,kna members_21.parquet; NA-API 의원이력; NA-API ALLNAMEMBER; kowiki list oldid=42148778; kowiki 의석변동 oldid=41820079; NA bill PRC_Z2S1B1B0U0B5C1R5E4T4S4T0Y1I9S3,1,,resigned_other,아들 화천대유 퇴직금 논란으로 사퇴 / 의원직 사퇴,term_start,confirmed,,wikilist+wikiseat+nabill,대구광역시 중구·남구,,,무소속,미래통합당,곽상도,True,,False
21,임병헌,林炳憲,1953-10-10,남,무소속,대구 중구남구,지역구,2022-03-10,2024-05-29,term_end,by_election,NLR6572J,kna members_21.parquet; NA-API 의원이력; NA-API ALLNAMEMBER; kowiki list oldid=42148778; kowiki 의석변동 oldid=41820079,1,,term_end,,confirmed_pollday_plus1,term_end,wikilist=2022-03-09; wikiseat=2022-03-09,,대구광역시 중구·남구,,,국민의힘,무소속,임병헌 (1953년),True,,False
21,박영순,朴英淳,1964-12-07,남,더불어민주당,대전 대덕구,지역구,2020-05-30,2024-05-29,term_end,general,40S1959J,kna members_21.parquet; NA-API 의원이력; NA-API ALLNAMEMBER; kowiki list oldid=42148778,1,,term_end,,term_start,term_end,,,대전광역시 대덕구,,,새로운미래,더불어민주당,박영순 (1964년),True,,False
21,장철민,張喆敏,1983-05-16,남,더불어민주당,대전 동구,지역구,2020-05-30,2024-05-29,term_end,general,2NV6751W,kna members_21.parquet; NA-API 의원이력; NA-API ALLNAMEMBER; kowiki list oldid=42148778,1,,term_end,,term_start,term_end,,,대전광역시 동구,,,더불어민주당,더불어민주당,장철민 (정치인),True,,False
21,박병석,朴炳錫,1952-01-25,남,더불어민주당,대전 서구갑,지역구,2020-05-30,2024-05-29,term_end,general,BLC8630L,kna members_21.parquet; NA-API 의원이력; NA-API ALLNAMEMBER; kowiki list oldid=42148778,1,,term_end,,term_start,term_end,,,대전광역시 서구 갑,,,더불어민주당,더불어민주당,박병석,True,,False
21,박범계,朴範界,1963-04-27,남,더불어민주당,대전 서구을,지역구,2020-05-30,2024-05-29,term_end,general,7R156073,kna members_21.parquet; NA-API 의원이력; NA-API ALLNAMEMBER; kowiki list oldid=42148778,1,,term_end,,term_start,term_end,,,대전광역시 서구 을,,,더불어민주당,더불어민주당,박범계,True,,False
21,조승래,趙承來,1968-02-21,남,더불어민주당,대전 유성구갑,지역구,2020-05-30,2024-05-29,term_end,general,FYI20317,kna members_21.parquet; NA-API 의원이력; NA-API ALLNAMEMBER; kowiki list oldid=42148778,1,,term_end,,term_start,term_end,,,대전광역시 유성구 갑,,,더불어민주당,더불어민주당,조승래,True,,False
21,이상민,李相珉,1958-01-22,남,더불어민주당,대전 유성구을,지역구,2020-05-30,2024-05-29,term_end,general,ZYH1940A,kna members_21.parquet; NA-API 의원이력; NA-API ALLNAMEMBER; kowiki list oldid=42148778,1,,term_end,,term_start,term_end,,,대전광역시 유성구 을,,,국민의힘,더불어민주당,이상민 (1958년),True,,False
21,황운하,黃雲夏,1962-09-10,남,더불어민주당,대전 중구,지역구,2020-05-30,2024-05-29,term_end,general,0YT3774N,kna members_21.parquet; NA-API 의원이력; NA-API ALLNAMEMBER; kowiki list oldid=42148778,1,,term_end,,term_start,term_end,,,대전광역시 중구,,,조국혁신당,더불어민주당,황운하,True,,False
21,백종헌,白宗憲,1962-12-23,남,미래통합당,부산 금정구,지역구,2020-05-30,2024-05-29,term_end,general,CAA7713A,kna members_21.parquet; NA-API 의원이력; NA-API ALLNAMEMBER; kowiki list oldid=42148778,1,,term_end,,term_start,term_end,,,부산광역시 금정구,,,국민의힘,미래통합당,백종헌 (1962년),True,,False
21,정동만,鄭東萬,1965-07-18,남,미래통합당,부산 기장군,지역구,2020-05-30,2024-05-29,term_end,general,DAY6557K,kna members_21.parquet; NA-API 의원이력; NA-API ALLNAMEMBER; kowiki list oldid=42148778,1,,term_end,,term_start,term_end,,,부산광역시 기장군,,,국민의힘,미래통합당,정동만,True,,False
21,박수영,朴洙瑩,1964-01-07,남,미래통합당,부산 남구갑,지역구,2020-05-30,2024-05-29,term_end,general,FU87526G,kna members_21.parquet; NA-API 의원이력; NA-API ALLNAMEMBER; kowiki list oldid=42148778,1,,term_end,,term_start,term_end,,,부산광역시 남구 갑,,,국민의힘,미래통합당,박수영 (1964년),True,,False
21,박재호,朴在昊,1959-02-13,남,더불어민주당,부산 남구을,지역구,2020-05-30,2024-05-29,term_end,general,QUO78839,kna members_21.parquet; NA-API 의원이력; NA-API ALLNAMEMBER; kowiki list oldid=42148778,1,,term_end,,term_start,term_end,,,부산광역시 남구 을,,,더불어민주당,더불어민주당,박재호,True,,False
21,김희곤,金熙坤,1964-12-17,남,미래통합당,부산 동래구,지역구,2020-05-30,2024-05-29,term_end,general,52P3934K,kna members_21.parquet; NA-API 의원이력; NA-API ALLNAMEMBER; kowiki list oldid=42148778,1,,term_end,,term_start,term_end,,,부산광역시 동래구,,,국민의힘,미래통합당,김희곤 (정치인),True,,False
21,이헌승,李憲昇,1963-05-11,남,미래통합당,부산 부산진구을,지역구,2020-05-30,2024-05-29,term_end,general,EVH1507C,kna members_21.parquet; NA-API 의원이력; NA-API ALLNAMEMBER; kowiki list oldid=42148778,1,,term_end,,term_start,term_end,,,부산광역시 부산진구 을,,,국민의힘,미래통합당,이헌승,True,,False
21,전재수,田載秀,1971-04-20,남,더불어민주당,부산 북구강서구갑,지역구,2020-05-30,2024-05-29,term_end,general,9YO73104,kna members_21.parquet; NA-API 의원이력; NA-API ALLNAMEMBER; kowiki list oldid=42148778,1,,term_end,,term_start,term_end,,,부산광역시 북구·강서구 갑,,,더불어민주당,더불어민주당,전재수,True,,False
21,김도읍,金度邑,1964-07-06,남,미래통합당,부산 북구강서구을,지역구,2020-05-30,2024-05-29,term_end,general,LH97552Q,kna members_21.parquet; NA-API 의원이력; NA-API ALLNAMEMBER; kowiki list oldid=42148778,1,,term_end,,term_start,term_end,,,부산광역시 북구·강서구 을,,,국민의힘,미래통합당,김도읍,True,,False
21,장제원,張濟元,1967-04-13,남,미래통합당,부산 사상구,지역구,2020-05-30,2024-05-29,term_end,general,CZB4125D,kna members_21.parquet; NA-API 의원이력; NA-API ALLNAMEMBER; kowiki list oldid=42148778,1,,term_end,,term_start,term_end,,,부산광역시 사상구,,,국민의힘,미래통합당,장제원,True,,False
21,최인호,崔仁昊,1966-10-15,남,더불어민주당,부산 사하구갑,지역구,2020-05-30,2024-05-29,term_end,general,LPB30152,kna members_21.parquet; NA-API 의원이력; NA-API ALLNAMEMBER; kowiki list oldid=42148778,1,,term_end,,term_start,term_end,,,부산광역시 사하구 갑,,,더불어민주당,더불어민주당,최인호 (1966년),True,,False
21,조경태,趙慶泰,1968-01-10,남,미래통합당,부산 사하구을,지역구,2020-05-30,2024-05-29,term_end,general,5KV82250,kna members_21.parquet; NA-API 의원이력; NA-API ALLNAMEMBER; kowiki list oldid=42148778,1,,term_end,,term_start,term_end,,,부산광역시 사하구 을,,,국민의힘,미래통합당,조경태,True,,False
21,안병길,安炳吉,1962-02-02,남,미래통합당,부산 서구동구,지역구,2020-05-30,2024-05-29,term_end,general,6MO8786S,kna members_21.parquet; NA-API 의원이력; NA-API ALLNAMEMBER; kowiki list oldid=42148778,1,,term_end,,term_start,term_end,,,부산광역시 서구·동구,,,국민의힘,미래통합당,안병길 (1962년),True,,False
21,전봉민,田奉珉,1972-10-21,남,미래통합당,부산 수영구,지역구,2020-05-30,2024-05-29,term_end,general,DPZ7685X,kna members_21.parquet; NA-API 의원이력; NA-API ALLNAMEMBER; kowiki list oldid=42148778,1,,term_end,,term_start,term_end,,,부산광역시 수영구,,,국민의힘,미래통합당,전봉민,True,,False
21,이주환,李周桓,1967-08-20,남,미래통합당,부산 연제구,지역구,2020-05-30,2024-05-29,term_end,general,3RW63706,kna members_21.parquet; NA-API 의원이력; NA-API ALLNAMEMBER; kowiki list oldid=42148778,1,,term_end,,term_start,term_end,,,부산광역시 연제구,,,국민의힘,미래통합당,이주환 (1967년),True,,False
21,황보승희,皇甫承希,1976-08-05,여,미래통합당,부산 중구영도구,지역구,2020-05-30,2024-05-29,term_end,general,J9S37905,kna members_21.parquet; NA-API 의원이력; NA-API ALLNAMEMBER; kowiki list oldid=42148778,1,,term_end,,term_start,term_end,,,부산광역시 중구·영도구,,,자유통일당,미래통합당,황보승희,True,,False
21,서병수,徐秉洙,1952-01-09,남,미래통합당,부산 진구갑,지역구,2020-05-30,2024-05-29,term_end,general,CT85313K,kna members_21.parquet; NA-API 의원이력; NA-API ALLNAMEMBER; kowiki list oldid=42148778,1,,term_end,,term_start,term_end,,,부산광역시 부산진구 갑,,,국민의힘,미래통합당,서병수,True,,False
21,하태경,河泰慶,1968-03-29,남,미래통합당,부산 해운대구갑,지역구,2020-05-30,2024-05-29,term_end,general,I0S53762,kna members_21.parquet; NA-API 의원이력; NA-API ALLNAMEMBER; kowiki list oldid=42148778,1,,term_end,,term_start,term_end,,,부산광역시 해운대구 갑,,,국민의힘,미래통합당,하태경,True,,False
21,김미애,金美愛,1969-10-06,여,미래통합당,부산 해운대구을,지역구,2020-05-30,2024-05-29,term_end,general,3BC6890E,kna members_21.parquet; NA-API 의원이력; NA-API ALLNAMEMBER; kowiki list oldid=42148778,1,,term_end,,term_start,term_end,,,부산광역시 해운대구 을,,,국민의힘,미래통합당,김미애 (1969년),True,,False
21,태영호,太永浩,1962-07-25,남,미래통합당,서울 강남구갑,지역구,2020-05-30,2024-05-29,term_end,general,XJC13432,kna members_21.parquet; NA-API 의원이력; NA-API ALLNAMEMBER; kowiki list oldid=42148778,1,,term_end,,term_start,term_end,,,서울특별시 강남구 갑,,,국민의힘,미래통합당,태영호,True,,False
21,유경준,兪京濬,1961-06-17,남,미래통합당,서울 강남구병,지역구,2020-05-30,2024-05-29,term_end,general,9L57027L,kna members_21.parquet; NA-API 의원이력; NA-API ALLNAMEMBER; kowiki list oldid=42148778,1,,term_end,,term_start,term_end,,,서울특별시 강남구 병,,,국민의힘,미래통합당,유경준,True,,False
21,박진,朴振,1956-09-16,남,미래통합당,서울 강남구을,지역구,2020-05-30,2024-05-29,term_end,general,QKO6165V,kna members_21.parquet; NA-API 의원이력; NA-API ALLNAMEMBER; kowiki list oldid=42148778,1,,term_end,,term_start,term_end,,,서울특별시 강남구 을,,,국민의힘,미래통합당,박진 (정치인),True,,False
21,진선미,陳善美,1967-05-14,여,더불어민주당,서울 강동구갑,지역구,2020-05-30,2024-05-29,term_end,general,68P7228G,kna members_21.parquet; NA-API 의원이력; NA-API ALLNAMEMBER; kowiki list oldid=42148778,1,,term_end,,term_start,term_end,,,서울특별시 강동구 갑,,,더불어민주당,더불어민주당,진선미,True,,False
21,이해식,李海植,1963-11-13,남,더불어민주당,서울 강동구을,지역구,2020-05-30,2024-05-29,term_end,general,CCU1009B,kna members_21.parquet; NA-API 의원이력; NA-API ALLNAMEMBER; kowiki list oldid=42148778,1,,term_end,,term_start,term_end,,,서울특별시 강동구 을,,,더불어민주당,더불어민주당,이해식,True,,False
21,천준호,千俊鎬,1971-02-15,남,더불어민주당,서울 강북구갑,지역구,2020-05-30,2024-05-29,term_end,general,A494529E,kna members_21.parquet; NA-API 의원이력; NA-API ALLNAMEMBER; kowiki list oldid=42148778,1,,term_end,,term_start,term_end,,,서울특별시 강북구 갑,,,더불어민주당,더불어민주당,천준호,True,,False
21,박용진,朴用鎭,1971-04-17,남,더불어민주당,서울 강북구을,지역구,2020-05-30,2024-05-29,term_end,general,PEP6922S,kna members_21.parquet; NA-API 의원이력; NA-API ALLNAMEMBER; kowiki list oldid=42148778,1,,term_end,,term_start,term_end,,,서울특별시 강북구 을,,,더불어민주당,더불어민주당,박용진 (정치인),True,,False
21,강선우,姜仙祐,1978-06-02,여,더불어민주당,서울 강서구갑,지역구,2020-05-30,2024-05-29,term_end,general,MNZ4401T,kna members_21.parquet; NA-API 의원이력; NA-API ALLNAMEMBER; kowiki list oldid=42148778,1,,term_end,,term_start,term_end,,,서울특별시 강서구 갑,,,더불어민주당,더불어민주당,강선우,True,,False
21,한정애,韓貞愛,1965-01-08,여,더불어민주당,서울 강서구병,지역구,2020-05-30,2024-05-29,term_end,general,XPP2564T,kna members_21.parquet; NA-API 의원이력; NA-API ALLNAMEMBER; kowiki list oldid=42148778,1,,term_end,,term_start,term_end,,,서울특별시 강서구 병,,,더불어민주당,더불어민주당,한정애,True,,False
21,진성준,陳聲準,1967-04-19,남,더불어민주당,서울 강서구을,지역구,2020-05-30,2024-05-29,term_end,general,3C23171A,kna members_21.parquet; NA-API 의원이력; NA-API ALLNAMEMBER; kowiki list oldid=42148778,1,,term_end,,term_start,term_end,,,서울특별시 강서구 을,,,더불어민주당,더불어민주당,진성준,True,,False
21,유기홍,柳基洪,1958-06-11,남,더불어민주당,서울 관악구갑,지역구,2020-05-30,2024-05-29,term_end,general,8FC9697X,kna members_21.parquet; NA-API 의원이력; NA-API ALLNAMEMBER; kowiki list oldid=42148778,1,,term_end,,term_start,term_end,,,서울특별시 관악구 갑,,,더불어민주당,더불어민주당,유기홍,True,,False
21,정태호,鄭泰浩,1963-03-20,남,더불어민주당,서울 관악구을,지역구,2020-05-30,2024-05-29,term_end,general,UHB5553T,kna members_21.parquet; NA-API 의원이력; NA-API ALLNAMEMBER; kowiki list oldid=42148778,1,,term_end,,term_start,term_end,,,서울특별시 관악구 을,,,더불어민주당,더불어민주당,정태호 (1963년),True,,False
21,전혜숙,全惠淑,1955-05-05,여,더불어민주당,서울 광진구갑,지역구,2020-05-30,2024-05-29,term_end,general,N9X9673B,kna members_21.parquet; NA-API 의원이력; NA-API ALLNAMEMBER; kowiki list oldid=42148778,1,,term_end,,term_start,term_end,,,서울특별시 광진구 갑,,,무소속,더불어민주당,전혜숙,True,,False
21,고민정,高旼廷,1979-08-23,여,더불어민주당,서울 광진구을,지역구,2020-05-30,2024-05-29,term_end,general,WCD5518S,kna members_21.parquet; NA-API 의원이력; NA-API ALLNAMEMBER; kowiki list oldid=42148778,1,,term_end,,term_start,term_end,,,서울특별시 광진구 을,,,더불어민주당,더불어민주당,고민정,True,,False
21,이인영,李仁榮,1964-06-28,남,더불어민주당,서울 구로구갑,지역구,2020-05-30,2024-05-29,term_end,general,3ZR4438W,kna members_21.parquet; NA-API 의원이력; NA-API ALLNAMEMBER; kowiki list oldid=42148778,1,,term_end,,term_start,term_end,,,서울특별시 구로구 갑,,,더불어민주당,더불어민주당,이인영 (정치인),True,,False
21,윤건영,尹建永,1969-09-26,남,더불어민주당,서울 구로구을,지역구,2020-05-30,2024-05-29,term_end,general,GP07421U,kna members_21.parquet; NA-API 의원이력; NA-API ALLNAMEMBER; kowiki list oldid=42148778,1,,term_end,,term_start,term_end,,,서울특별시 구로구 을,,,더불어민주당,더불어민주당,윤건영 (1969년),True,,True
21,최기상,崔基相,1969-10-07,남,더불어민주당,서울 금천구,지역구,2020-05-30,2024-05-29,term_end,general,I5I2468R,kna members_21.parquet; NA-API 의원이력; NA-API ALLNAMEMBER; kowiki list oldid=42148778,1,,term_end,,term_start,term_end,,,서울특별시 금천구,,,더불어민주당,더불어민주당,최기상,True,,False
21,고용진,高榕진,1964-08-06,남,더불어민주당,서울 노원구갑,지역구,2020-05-30,2024-05-29,term_end,general,6V37131U,kna members_21.parquet; NA-API 의원이력; NA-API ALLNAMEMBER; kowiki list oldid=42148778,1,,term_end,,term_start,term_end,,,서울특별시 노원구 갑,,,더불어민주당,더불어민주당,고용진,True,,False
21,김성환,金星煥,1965-10-15,남,더불어민주당,서울 노원구병,지역구,2020-05-30,2024-05-29,term_end,general,XSP20229,kna members_21.parquet; NA-API 의원이력; NA-API ALLNAMEMBER; kowiki list oldid=42148778,1,,term_end,,term_start,term_end,,,서울특별시 노원구 병,,,더불어민주당,더불어민주당,김성환 (1965년),True,,False
21,우원식,禹元植,1957-09-18,남,더불어민주당,서울 노원구을,지역구,2020-05-30,2024-05-29,term_end,general,XBT9550Q,kna members_21.parquet; NA-API 의원이력; NA-API ALLNAMEMBER; kowiki list oldid=42148778,1,,term_end,,term_start,term_end,,,서울특별시 노원구 을,,,더불어민주당,더불어민주당,우원식,True,,False
21,인재근,印在謹,1953-11-11,여,더불어민주당,서울 도봉구갑,지역구,2020-05-30,2024-05-29,term_end,general,UM51067K,kna members_21.parquet; NA-API 의원이력; NA-API ALLNAMEMBER; kowiki list oldid=42148778,1,,term_end,,term_start,term_end,,,서울특별시 도봉구 갑,,,더불어민주당,더불어민주당,인재근,True,,False
21,오기형,吳奇炯,1966-11-25,남,더불어민주당,서울 도봉구을,지역구,2020-05-30,2024-05-29,term_end,general,OIA3741M,kna members_21.parquet; NA-API 의원이력; NA-API ALLNAMEMBER; kowiki list oldid=42148778,1,,term_end,,term_start,term_end,,,서울특별시 도봉구 을,,,더불어민주당,더불어민주당,오기형,True,,False
21,안규백,安圭伯,1961-04-29,남,더불어민주당,서울 동대문구갑,지역구,2020-05-30,2024-05-29,term_end,general,TST4507I,kna members_21.parquet; NA-API 의원이력; NA-API ALLNAMEMBER; kowiki list oldid=42148778,1,,term_end,,term_start,term_end,,,서울특별시 동대문구 갑,,,더불어민주당,더불어민주당,안규백,True,,False
21,장경태,張耿態,1983-10-12,남,더불어민주당,서울 동대문구을,지역구,2020-05-30,2024-05-29,term_end,general,RPN2293B,kna members_21.parquet; NA-API 의원이력; NA-API ALLNAMEMBER; kowiki list oldid=42148778,1,,term_end,,term_start,term_end,,,서울특별시 동대문구 을,,,더불어민주당,더불어민주당,장경태,True,,False
21,김병기,金炳基,1961-07-10,남,더불어민주당,서울 동작구갑,지역구,2020-05-30,2024-05-29,term_end,general,8Q88373R,kna members_21.parquet; NA-API 의원이력; NA-API ALLNAMEMBER; kowiki list oldid=42148778,1,,term_end,,term_start,term_end,,,서울특별시 동작구 갑,,,더불어민주당,더불어민주당,김병기 (1961년),True,,False
21,이수진,李秀眞,1969-11-03,여,더불어민주당,서울 동작구을,지역구,2020-05-30,2024-05-29,term_end,general,D4L60530,kna members_21.parquet; NA-API 의원이력; NA-API ALLNAMEMBER; kowiki list oldid=42148778,1,,term_end,,term_start,term_end,,,서울특별시 동작구 을,,,무소속,더불어민주당,이수진 (1969년 11월),True,,True
21,노웅래,盧雄來,1957-08-03,남,더불어민주당,서울 마포구갑,지역구,2020-05-30,2024-05-29,term_end,general,0827740Q,kna members_21.parquet; NA-API 의원이력; NA-API ALLNAMEMBER; kowiki list oldid=42148778,1,,term_end,,term_start,term_end,,,서울특별시 마포구 갑,,,더불어민주당,더불어민주당,노웅래,True,,False
21,정청래,鄭淸來,1965-04-18,남,더불어민주당,서울 마포구을,지역구,2020-05-30,2024-05-29,term_end,general,2385336L,kna members_21.parquet; NA-API 의원이력; NA-API ALLNAMEMBER; kowiki list oldid=42148778,1,,term_end,,term_start,term_end,,,서울특별시 마포구 을,,,더불어민주당,더불어민주당,정청래,True,,False
21,우상호,禹相虎,1962-12-12,남,더불어민주당,서울 서대문구갑,지역구,2020-05-30,2024-05-29,term_end,general,V0O5343U,kna members_21.parquet; NA-API 의원이력; NA-API ALLNAMEMBER; kowiki list oldid=42148778,1,,term_end,,term_start,term_end,,,서울특별시 서대문구 갑,,,더불어민주당,더불어민주당,우상호,True,,False
21,김영호,金映豪,1967-09-13,남,더불어민주당,서울 서대문구을,지역구,2020-05-30,2024-05-29,term_end,general,7BM2933Y,kna members_21.parquet; NA-API 의원이력; NA-API ALLNAMEMBER; kowiki list oldid=42148778,1,,term_end,,term_start,term_end,,,서울특별시 서대문구 을,,,더불어민주당,더불어민주당,김영호 (1967년),True,,False
21,윤희숙,尹喜淑,1970-02-07,여,미래통합당,서울 서초구갑,지역구,2020-05-30,2021-09-13,resigned,general,IUL4848V,kna members_21.parquet; NA-API 의원이력; NA-API ALLNAMEMBER; kowiki list oldid=42148778; kowiki 의석변동 oldid=41820079; NA bill PRC_U2M1R0C8L2P5X1W0Y1G6W1L6H1L1I0,1,,resigned_other,부동신 투기 의혹으로 의원직 사퇴 / 의원직 사퇴,term_start,confirmed,,wikilist+wikiseat+nabill,서울특별시 서초구 갑,,,국민의힘,미래통합당,윤희숙 (1970년),True,,False
21,조은희,趙恩禧,1961-05-20,여,국민의힘,서울 서초구갑,지역구,2022-03-10,2024-05-29,term_end,by_election,MQU41854,kna members_21.parquet; NA-API 의원이력; NA-API ALLNAMEMBER; kowiki list oldid=42148778; kowiki 의석변동 oldid=41820079,1,,term_end,,confirmed_pollday_plus1,term_end,wikilist=2022-03-09; wikiseat=2022-03-09,,서울특별시 서초구 갑,,,국민의힘,국민의힘,조은희 (정치인),True,,False
21,박성중,朴成重,1958-08-01,남,미래통합당,서울 서초구을,지역구,2020-05-30,2024-05-29,term_end,general,DAN6731C,kna members_21.parquet; NA-API 의원이력; NA-API ALLNAMEMBER; kowiki list oldid=42148778,1,,term_end,,term_start,term_end,,,서울특별시 서초구 을,,,국민의힘,미래통합당,박성중,True,,False
21,김영배,金永培,1967-03-08,남,더불어민주당,서울 성북구갑,지역구,2020-05-30,2024-05-29,term_end,general,B7D7534L,kna members_21.parquet; NA-API 의원이력; NA-API ALLNAMEMBER; kowiki list oldid=42148778,1,,term_end,,term_start,term_end,,,서울특별시 성북구 갑,,,더불어민주당,더불어민주당,김영배 (1967년),True,,True
21,기동민,奇東旻,1966-02-23,남,더불어민주당,서울 성북구을,지역구,2020-05-30,2024-05-29,term_end,general,B7R2742J,kna members_21.parquet; NA-API 의원이력; NA-API ALLNAMEMBER; kowiki list oldid=42148778,1,,term_end,,term_start,term_end,,,서울특별시 성북구 을,,,더불어민주당,더불어민주당,기동민,True,,False
21,김웅,金雄,1970-05-05,남,미래통합당,서울 송파구갑,지역구,2020-05-30,2024-05-29,term_end,general,LQW3652K,kna members_21.parquet; NA-API 의원이력; NA-API ALLNAMEMBER; kowiki list oldid=42148778,1,,term_end,,term_start,term_end,,,서울특별시 송파구 갑,,,국민의힘,미래통합당,김웅 (정치인),True,,False
21,남인순,南仁順,1958-11-05,여,더불어민주당,서울 송파구병,지역구,2020-05-30,2024-05-29,term_end,general,04T3751T,kna members_21.parquet; NA-API 의원이력; NA-API ALLNAMEMBER; kowiki list oldid=42148778,1,,term_end,,term_start,term_end,,,서울특별시 송파구 병,,,더불어민주당,더불어민주당,남인순,True,,False
21,배현진,裵賢鎭,1983-11-06,여,미래통합당,서울 송파구을,지역구,2020-05-30,2024-05-29,term_end,general,4X525582,kna members_21.parquet; NA-API 의원이력; NA-API ALLNAMEMBER; kowiki list oldid=42148778,1,,term_end,,term_start,term_end,,,서울특별시 송파구 을,,,국민의힘,미래통합당,배현진,True,,False
21,황희,黃熙,1967-07-28,남,더불어민주당,서울 양천구갑,지역구,2020-05-30,2024-05-29,term_end,general,0VU8517U,kna members_21.parquet; NA-API 의원이력; NA-API ALLNAMEMBER; kowiki list oldid=42148778,1,,term_end,,term_start,term_end,,,서울특별시 양천구 갑,,,더불어민주당,더불어민주당,황희 (1967년),True,,False
21,이용선,李庸瑄,1958-02-12,남,더불어민주당,서울 양천구을,지역구,2020-05-30,2024-05-29,term_end,general,9JF4562W,kna members_21.parquet; NA-API 의원이력; NA-API ALLNAMEMBER; kowiki list oldid=42148778,1,,term_end,,term_start,term_end,,,서울특별시 양천구 을,,,더불어민주당,더불어민주당,이용선,True,,False
21,김영주,金榮珠,1955-07-27,여,더불어민주당,서울 영등포구갑,지역구,2020-05-30,2024-05-29,term_end,general,0W194007,kna members_21.parquet; NA-API 의원이력; NA-API ALLNAMEMBER; kowiki list oldid=42148778,1,,term_end,,term_start,term_end,,,서울특별시 영등포구 갑,,,국민의힘,더불어민주당,김영주 (1955년),True,,True
21,김민석,金民錫,1964-05-29,남,더불어민주당,서울 영등포구을,지역구,2020-05-30,2024-05-29,term_end,general,MLH1404S,kna members_21.parquet; NA-API 의원이력; NA-API ALLNAMEMBER; kowiki list oldid=42148778,1,,term_end,,term_start,term_end,,,서울특별시 영등포구 을,,,더불어민주당,더불어민주당,김민석 (정치인),True,,False
21,권영세,權寧世,1959-02-24,남,미래통합당,서울 용산구,지역구,2020-05-30,2024-05-29,term_end,general,LG63087O,kna members_21.parquet; NA-API 의원이력; NA-API ALLNAMEMBER; kowiki list oldid=42148778,1,,term_end,,term_start,term_end,,,서울특별시 용산구,,,국민의힘,미래통합당,권영세 (1959년),True,,False
21,박주민,朴柱民,1973-11-21,남,더불어민주당,서울 은평구갑,지역구,2020-05-30,2024-05-29,term_end,general,6AU2417B,kna members_21.parquet; NA-API 의원이력; NA-API ALLNAMEMBER; kowiki list oldid=42148778,1,,term_end,,term_start,term_end,,,서울특별시 은평구 갑,,,더불어민주당,더불어민주당,박주민,True,,False
21,강병원,姜炳遠,1971-07-09,남,더불어민주당,서울 은평구을,지역구,2020-05-30,2024-05-29,term_end,general,60490713,kna members_21.parquet; NA-API 의원이력; NA-API ALLNAMEMBER; kowiki list oldid=42148778,1,,term_end,,term_start,term_end,,,서울특별시 은평구 을,,,더불어민주당,더불어민주당,강병원,True,,False
21,이낙연,李洛淵,1952-12-20,남,더불어민주당,서울 종로구,지역구,2020-05-30,2021-09-15,resigned,general,0767470D,kna members_21.parquet; NA-API 의원이력; NA-API ALLNAMEMBER; kowiki list oldid=42148778; kowiki 의석변동 oldid=41820079; NA bill PRC_A2H1R0R9O0Z8K1O7P4J1K1R6L3B3I8,1,,resigned_other,제20대 대선 당경선 참여로 인해 의원직 사퇴 / 의원직 사퇴,term_start,confirmed,,wikilist+wikiseat+nabill,서울특별시 종로구,,,더불어민주당,더불어민주당,이낙연,True,,False
21,최재형,崔在亨,1956-09-02,남,국민의힘,서울 종로구,지역구,2022-03-10,2024-05-29,term_end,by_election,6RM29022,kna members_21.parquet; NA-API 의원이력; NA-API ALLNAMEMBER; kowiki list oldid=42148778; kowiki 의석변동 oldid=41820079,1,,term_end,,confirmed_pollday_plus1,term_end,wikilist=2022-03-09; wikiseat=2022-03-09,,서울특별시 종로구,,,국민의힘,국민의힘,최재형 (정치인),True,,False
21,홍익표,洪翼杓,1967-11-20,남,더불어민주당,서울 중구성동구갑,지역구,2020-05-30,2024-05-29,term_end,general,FRN1867O,kna members_21.parquet; NA-API 의원이력; NA-API ALLNAMEMBER; kowiki list oldid=42148778,1,,term_end,,term_start,term_end,,,서울특별시 중구·성동구 갑,,,더불어민주당,더불어민주당,홍익표 (1967년),True,,False
21,박성준,朴省俊,1969-04-23,남,더불어민주당,서울 중구성동구을,지역구,2020-05-30,2024-05-29,term_end,general,IL74008M,kna members_21.parquet; NA-API 의원이력; NA-API ALLNAMEMBER; kowiki list oldid=42148778,1,,term_end,,term_start,term_end,,,서울특별시 중구·성동구 을,,,더불어민주당,더불어민주당,박성준 (정치인),True,,False
21,서영교,徐瑛敎,1964-11-11,여,더불어민주당,서울 중랑구갑,지역구,2020-05-30,2024-05-29,term_end,general,TKJ4800F,kna members_21.parquet; NA-API 의원이력; NA-API ALLNAMEMBER; kowiki list oldid=42148778,1,,term_end,,term_start,term_end,,,서울특별시 중랑구 갑,,,더불어민주당,더불어민주당,서영교,True,,False
21,박홍근,朴洪根,1969-10-08,남,더불어민주당,서울 중랑구을,지역구,2020-05-30,2024-05-29,term_end,general,S824682L,kna members_21.parquet; NA-API 의원이력; NA-API ALLNAMEMBER; kowiki list oldid=42148778,1,,term_end,,term_start,term_end,,,서울특별시 중랑구 을,,,더불어민주당,더불어민주당,박홍근 (정치인),True,,False
21,홍성국,洪性國,1963-02-24,남,더불어민주당,세종특별자치시갑,지역구,2020-05-30,2024-05-29,term_end,general,2N793392,kna members_21.parquet; NA-API 의원이력; NA-API ALLNAMEMBER; kowiki list oldid=42148778,1,,term_end,,term_start,term_end,,,세종특별자치시 세종특별자치시 갑,,,더불어민주당,더불어민주당,홍성국,True,,False
21,강준현,康準鉉,1964-08-19,남,더불어민주당,세종특별자치시을,지역구,2020-05-30,2024-05-29,term_end,general,5KV96424,kna members_21.parquet; NA-API 의원이력; NA-API ALLNAMEMBER; kowiki list oldid=42148778,1,,term_end,,term_start,term_end,,,세종특별자치시 세종특별자치시 을,,,더불어민주당,더불어민주당,강준현,True,,False
21,이채익,李埰益,1955-05-27,남,미래통합당,울산 남구갑,지역구,2020-05-30,2024-05-29,term_end,general,WDS6044S,kna members_21.parquet; NA-API 의원이력; NA-API ALLNAMEMBER; kowiki list oldid=42148778,1,,term_end,,term_start,term_end,,,울산광역시 남구 갑,,,국민의힘,미래통합당,이채익,True,,False
21,김기현,金起炫,1959-02-21,남,미래통합당,울산 남구을,지역구,2020-05-30,2024-05-29,term_end,general,X7I4680R,kna members_21.parquet; NA-API 의원이력; NA-API ALLNAMEMBER; kowiki list oldid=42148778,1,,term_end,,term_start,term_end,,,울산광역시 남구 을,,,국민의힘,미래통합당,김기현 (1959년),True,,False
21,권명호,權明浩,1961-01-10,남,미래통합당,울산 동구,지역구,2020-05-30,2024-05-29,term_end,general,E9R4507P,kna members_21.parquet; NA-API 의원이력; NA-API ALLNAMEMBER; kowiki list oldid=42148778,1,,term_end,,term_start,term_end,,,울산광역시 동구,,,국민의힘,미래통합당,권명호,True,,False
21,이상헌,李相憲,1954-07-10,남,더불어민주당,울산 북구,지역구,2020-05-30,2024-05-29,term_end,general,WVU2479T,kna members_21.parquet; NA-API 의원이력; NA-API ALLNAMEMBER; kowiki list oldid=42148778,1,,term_end,,term_start,term_end,,,울산광역시 북구,,,무소속,더불어민주당,이상헌 (1954년),True,,False
21,서범수,徐範洙,1963-09-17,남,미래통합당,울산 울주군,지역구,2020-05-30,2024-05-29,term_end,general,L7J93733,kna members_21.parquet; NA-API 의원이력; NA-API ALLNAMEMBER; kowiki list oldid=42148778,1,,term_end,,term_start,term_end,,,울산광역시 울주군,,,국민의힘,미래통합당,서범수,True,,False
21,박성민,朴成敏,1959-04-19,남,미래통합당,울산 중구,지역구,2020-05-30,2024-05-29,term_end,general,X3170462,kna members_21.parquet; NA-API 의원이력; NA-API ALLNAMEMBER; kowiki list oldid=42148778,1,,term_end,,term_start,term_end,,,울산광역시 중구,,,국민의힘,미래통합당,박성민 (정치인),True,,False
21,유동수,柳東秀,1961-09-18,남,더불어민주당,인천 계양구갑,지역구,2020-05-30,2024-05-29,term_end,general,GX38539O,kna members_21.parquet; NA-API 의원이력; NA-API ALLNAMEMBER; kowiki list oldid=42148778,1,,term_end,,term_start,term_end,,,인천광역시 계양구 갑,,,더불어민주당,더불어민주당,유동수,True,,False
21,송영길,宋永吉,1963-03-21,남,더불어민주당,인천 계양구을,지역구,2020-05-30,2022-04-29,resigned,general,PAO22428,kna members_21.parquet; NA-API 의원이력; NA-API ALLNAMEMBER; kowiki list oldid=42148778; kowiki 의석변동 oldid=41820079; NA bill PRC_C2R2I0E4H2J9K1T9N3P9H3Y0Z1P5U0,1,,resigned_to_run_for_other_office,제8회 전국동시지방선거 출마로 사직 / 의원직 사퇴,term_start,confirmed,,wikilist+wikiseat+nabill,인천광역시 계양구 을,,,더불어민주당,더불어민주당,송영길 (정치인),True,,False
21,이재명,李在明,1964-12-22,남,더불어민주당,인천 계양구을,지역구,2022-06-02,2024-05-29,term_end,by_election,IUD9392R,kna members_21.parquet; NA-API 의원이력; NA-API ALLNAMEMBER; kowiki list oldid=42148778; kowiki 의석변동 oldid=41820079,1,,term_end,,confirmed,term_end,wikiseat,,인천광역시 계양구 을,,,더불어민주당,더불어민주당,이재명,True,,True
21,맹성규,孟聖奎,1962-04-05,남,더불어민주당,인천 남동구갑,지역구,2020-05-30,2024-05-29,term_end,general,FJK3396E,kna members_21.parquet; NA-API 의원이력; NA-API ALLNAMEMBER; kowiki list oldid=42148778,1,,term_end,,term_start,term_end,,,인천광역시 남동구 갑,,,더불어민주당,더불어민주당,맹성규,True,,False
21,윤관석,尹官石,1960-08-17,남,더불어민주당,인천 남동구을,지역구,2020-05-30,2024-05-29,term_end,general,JMY9959W,kna members_21.parquet; NA-API 의원이력; NA-API ALLNAMEMBER; kowiki list oldid=42148778,1,,term_end,,term_start,term_end,,,인천광역시 남동구 을,,,무소속,더불어민주당,윤관석,True,,False
21,허종식,許琮植,1962-02-08,남,더불어민주당,인천 동구미추홀구갑,지역구,2020-05-30,2024-05-29,term_end,general,VCP96419,kna members_21.parquet; NA-API 의원이력; NA-API ALLNAMEMBER; kowiki list oldid=42148778,1,,term_end,,term_start,term_end,,,인천광역시 동구·미추홀구 갑,,,더불어민주당,더불어민주당,허종식,True,,False
21,윤상현,尹相現,1962-12-01,남,무소속,인천 동구미추홀구을,지역구,2020-05-30,2024-05-29,term_end,general,MSY7784L,kna members_21.parquet; NA-API 의원이력; NA-API ALLNAMEMBER; kowiki list oldid=42148778,1,,term_end,,term_start,term_end,,,인천광역시 동구·미추홀구 을,,,국민의힘,국민의힘,윤상현 (정치인),True,,False
21,이성만,李成萬,1961-11-04,남,더불어민주당,인천 부평구갑,지역구,2020-05-30,2024-05-29,term_end,general,8KF7223D,kna members_21.parquet; NA-API 의원이력; NA-API ALLNAMEMBER; kowiki list oldid=42148778,1,,term_end,,term_start,term_end,,,인천광역시 부평구 갑,,,무소속,더불어민주당,이성만,True,,False
21,홍영표,洪永杓,1957-04-30,남,더불어민주당,인천 부평구을,지역구,2020-05-30,2024-05-29,term_end,general,KR14136C,kna members_21.parquet; NA-API 의원이력; NA-API ALLNAMEMBER; kowiki list oldid=42148778,1,,term_end,,term_start,term_end,,,인천광역시 부평구 을,,,새로운미래,더불어민주당,홍영표,True,,False
21,김교흥,金敎興,1960-08-30,남,더불어민주당,인천 서구갑,지역구,2020-05-30,2024-05-29,term_end,general,X1K3667J,kna members_21.parquet; NA-API 의원이력; NA-API ALLNAMEMBER; kowiki list oldid=42148778,1,,term_end,,term_start,term_end,,,인천광역시 서구 갑,,,더불어민주당,더불어민주당,김교흥,True,,False
21,신동근,申東根,1961-12-22,남,더불어민주당,인천 서구을,지역구,2020-05-30,2024-05-29,term_end,general,G1570880,kna members_21.parquet; NA-API 의원이력; NA-API ALLNAMEMBER; kowiki list oldid=42148778,1,,term_end,,term_start,term_end,,,인천광역시 서구 을,,,더불어민주당,더불어민주당,신동근,True,,False
21,박찬대,朴贊大,1967-05-10,남,더불어민주당,인천 연수구갑,지역구,2020-05-30,2024-05-29,term_end,general,BT62420K,kna members_21.parquet; NA-API 의원이력; NA-API ALLNAMEMBER; kowiki list oldid=42148778,1,,term_end,,term_start,term_end,,,인천광역시 연수구 갑,,,더불어민주당,더불어민주당,박찬대,True,,False
21,정일영,鄭日永,1957-08-14,남,더불어민주당,인천 연수구을,지역구,2020-05-30,2024-05-29,term_end,general,LT72093S,kna members_21.parquet; NA-API 의원이력; NA-API ALLNAMEMBER; kowiki list oldid=42148778,1,,term_end,,term_start,term_end,,,인천광역시 연수구 을,,,더불어민주당,더불어민주당,정일영 (1957년),True,,True
21,배준영,裵俊英,1970-10-21,남,미래통합당,인천 중구강화군옹진군,지역구,2020-05-30,2024-05-29,term_end,general,QQP4727N,kna members_21.parquet; NA-API 의원이력; NA-API ALLNAMEMBER; kowiki list oldid=42148778,1,,term_end,,term_start,term_end,,,인천광역시 중구·강화군·옹진군,,,국민의힘,미래통합당,배준영,True,,False
21,김승남,金承南,1965-10-06,남,더불어민주당,전남 고흥군보성군장흥군강진군,지역구,2020-05-30,2024-05-29,term_end,general,P2N4585G,kna members_21.parquet; NA-API 의원이력; NA-API ALLNAMEMBER; kowiki list oldid=42148778,1,,term_end,,term_start,term_end,,,전라남도 고흥군·보성군·장흥군·강진군,,,더불어민주당,더불어민주당,김승남 (정치인),True,,False
21,신정훈,辛正勳,1964-12-06,남,더불어민주당,전남 나주시화순군,지역구,2020-05-30,2024-05-29,term_end,general,M7O7878U,kna members_21.parquet; NA-API 의원이력; NA-API ALLNAMEMBER; kowiki list oldid=42148778,1,,term_end,,term_start,term_end,,,전라남도 나주시·화순군,,,더불어민주당,더불어민주당,신정훈,True,,False
21,이개호,李介昊,1959-06-23,남,더불어민주당,전남 담양군함평군영광군장성군,지역구,2020-05-30,2024-05-29,term_end,general,I7R13867,kna members_21.parquet; NA-API 의원이력; NA-API ALLNAMEMBER; kowiki list oldid=42148778,1,,term_end,,term_start,term_end,,,전라남도 담양군·함평군·영광군·장성군,,,더불어민주당,더불어민주당,이개호,True,,False
21,김원이,金元二,1968-11-11,남,더불어민주당,전남 목포시,지역구,2020-05-30,2024-05-29,term_end,general,4L695580,kna members_21.parquet; NA-API 의원이력; NA-API ALLNAMEMBER; kowiki list oldid=42148778,1,,term_end,,term_start,term_end,,,전라남도 목포시,,,더불어민주당,더불어민주당,김원이,True,,False
21,소병철,蘇秉哲,1958-02-15,남,더불어민주당,전남 순천시광양시곡성군구례군갑,지역구,2020-05-30,2024-05-29,term_end,general,17M85910,kna members_21.parquet; NA-API 의원이력; NA-API ALLNAMEMBER; kowiki list oldid=42148778,1,,term_end,,term_start,term_end,,,전라남도 순천시·광양시·곡성군·구례군 갑,,,더불어민주당,더불어민주당,소병철,True,,False
21,서동용,徐東榕,1964-09-02,남,더불어민주당,전남 순천시광양시곡성군구례군을,지역구,2020-05-30,2024-05-29,term_end,general,0PK7354M,kna members_21.parquet; NA-API 의원이력; NA-API ALLNAMEMBER; kowiki list oldid=42148778,1,,term_end,,term_start,term_end,,,전라남도 순천시·광양시·곡성군·구례군 을,,,더불어민주당,더불어민주당,서동용,True,,False
21,주철현,朱哲鉉,1959-03-12,남,더불어민주당,전남 여수시갑,지역구,2020-05-30,2024-05-29,term_end,general,T465023H,kna members_21.parquet; NA-API 의원이력; NA-API ALLNAMEMBER; kowiki list oldid=42148778,1,,term_end,,term_start,term_end,,,전라남도 여수시 갑,,,더불어민주당,더불어민주당,주철현,True,,False
21,김회재,金會在,1962-11-24,남,더불어민주당,전남 여수시을,지역구,2020-05-30,2024-05-29,term_end,general,M6H1705E,kna members_21.parquet; NA-API 의원이력; NA-API ALLNAMEMBER; kowiki list oldid=42148778,1,,term_end,,term_start,term_end,,,전라남도 여수시 을,,,더불어민주당,더불어민주당,김회재,True,,False
21,서삼석,徐參錫,1959-08-03,남,더불어민주당,전남 영암군무안군신안군,지역구,2020-05-30,2024-05-29,term_end,general,FOK3459D,kna members_21.parquet; NA-API 의원이력; NA-API ALLNAMEMBER; kowiki list oldid=42148778,1,,term_end,,term_start,term_end,,,전라남도 영암군·무안군·신안군,,,더불어민주당,더불어민주당,서삼석,True,,False
21,윤재갑,尹才鉀,1955-02-10,남,더불어민주당,전남 해남군완도군진도군,지역구,2020-05-30,2024-05-29,term_end,general,SE233396,kna members_21.parquet; NA-API 의원이력; NA-API ALLNAMEMBER; kowiki list oldid=42148778,1,,term_end,,term_start,term_end,,,전라남도 해남군·완도군·진도군,,,더불어민주당,더불어민주당,윤재갑,True,,False
21,신영대,申榮大,1968-01-15,남,더불어민주당,전북 군산시,지역구,2020-05-30,2024-05-29,term_end,general,AFH96856,kna members_21.parquet; NA-API 의원이력; NA-API ALLNAMEMBER; kowiki list oldid=42148778,1,,term_end,,term_start,term_end,,,전북특별자치도 군산시,,,더불어민주당,더불어민주당,신영대,True,,False
21,이원택,李源澤,1970-01-25,남,더불어민주당,전북 김제시부안군,지역구,2020-05-30,2024-05-29,term_end,general,DAV7257X,kna members_21.parquet; NA-API 의원이력; NA-API ALLNAMEMBER; kowiki list oldid=42148778,1,,term_end,,term_start,term_end,,,전북특별자치도 김제시·부안군,,,더불어민주당,더불어민주당,이원택,True,,False
21,이용호,李容鎬,1960-03-20,남,무소속,전북 남원시임실군순창군,지역구,2020-05-30,2024-05-29,term_end,general,DBA1057Z,kna members_21.parquet; NA-API 의원이력; NA-API ALLNAMEMBER; kowiki list oldid=42148778,1,,term_end,,term_start,term_end,,,전북특별자치도 남원시·임실군·순창군,,,국민의힘,무소속,이용호 (1960년),True,,False
21,안호영,安浩永,1965-10-11,남,더불어민주당,전북 완주군진안군무주군장수군,지역구,2020-05-30,2024-05-29,term_end,general,XEF29171,kna members_21.parquet; NA-API 의원이력; NA-API ALLNAMEMBER; kowiki list oldid=42148778,1,,term_end,,term_start,term_end,,,전북특별자치도 완주군·진안군·무주군·장수군,,,더불어민주당,더불어민주당,안호영 (1965년),True,,False
21,김수흥,金洙興,1961-04-29,남,더불어민주당,전북 익산시갑,지역구,2020-05-30,2024-05-29,term_end,general,L7T64271,kna members_21.parquet; NA-API 의원이력; NA-API ALLNAMEMBER; kowiki list oldid=42148778,1,,term_end,,term_start,term_end,,,전북특별자치도 익산시 갑,,,더불어민주당,더불어민주당,김수흥 (1961년),True,,False
21,한병도,韓秉道,1967-12-07,남,더불어민주당,전북 익산시을,지역구,2020-05-30,2024-05-29,term_end,general,H5476989,kna members_21.parquet; NA-API 의원이력; NA-API ALLNAMEMBER; kowiki list oldid=42148778,1,,term_end,,term_start,term_end,,,전북특별자치도 익산시 을,,,더불어민주당,더불어민주당,한병도,True,,False
21,김윤덕,金潤德,1966-05-23,남,더불어민주당,전북 전주시갑,지역구,2020-05-30,2024-05-29,term_end,general,JZY9937U,kna members_21.parquet; NA-API 의원이력; NA-API ALLNAMEMBER; kowiki list oldid=42148778,1,,term_end,,term_start,term_end,,,전북특별자치도 전주시 갑,,,더불어민주당,더불어민주당,김윤덕 (1966년),True,,False
21,김성주,金成柱,1964-04-10,남,더불어민주당,전북 전주시병,지역구,2020-05-30,2024-05-29,term_end,general,2UD1340H,kna members_21.parquet; NA-API 의원이력; NA-API ALLNAMEMBER; kowiki list oldid=42148778,1,,term_end,,term_start,term_end,,,전북특별자치도 전주시 병,,,더불어민주당,더불어민주당,김성주 (1964년),True,,False
21,이상직,李相稷,1963-01-30,남,더불어민주당,전북 전주시을,지역구,2020-05-30,2022-05-12,disqualified,general,CFE3998F,kna members_21.parquet; NA-API 의원이력; NA-API ALLNAMEMBER; kowiki list oldid=42148778; kowiki 의석변동 oldid=41820079,1,,court_ruling_election_law,공직선거법 위반으로 의원직 상실 / 의원직 상실,term_start,confirmed,,wikilist+wikiseat,전북특별자치도 전주시 을,,,무소속,더불어민주당,이상직,True,,False
21,강성희,姜聖熙,1972-09-07,남,진보당,전북 전주시을,지역구,2023-04-06,2024-05-29,term_end,by_election,6FS10566,kna members_21.parquet; NA-API 의원이력; NA-API ALLNAMEMBER; kowiki list oldid=42148778; kowiki 의석변동 oldid=41820079,1,,term_end,,confirmed_pollday_plus1,term_end,wikilist=2023-04-05; wikiseat=2023-04-05,,전북특별자치도 전주시 을,,,진보당,진보당,강성희 (정치인),True,,False
21,윤준병,尹準炳,1961-03-03,남,더불어민주당,전북 정읍시고창군,지역구,2020-05-30,2024-05-29,term_end,general,JC14718Q,kna members_21.parquet; NA-API 의원이력; NA-API ALLNAMEMBER; kowiki list oldid=42148778,1,,term_end,,term_start,term_end,,,전북특별자치도 정읍시·고창군,,,더불어민주당,더불어민주당,윤준병,True,,False
21,위성곤,魏聖坤,1968-01-20,남,더불어민주당,제주 서귀포시,지역구,2020-05-30,2024-05-29,term_end,general,RQQ3807K,kna members_21.parquet; NA-API 의원이력; NA-API ALLNAMEMBER; kowiki list oldid=42148778,1,,term_end,,term_start,term_end,,,제주특별자치도 서귀포시,,,더불어민주당,더불어민주당,위성곤,True,,False
21,송재호,宋在祜,1960-12-20,남,더불어민주당,제주 제주시갑,지역구,2020-05-30,2024-05-29,term_end,general,LM13674V,kna members_21.parquet; NA-API 의원이력; NA-API ALLNAMEMBER; kowiki list oldid=42148778,1,,term_end,,term_start,term_end,,,제주특별자치도 제주시 갑,,,더불어민주당,더불어민주당,송재호 (정치인),True,,False
21,오영훈,吳怜勳,1968-12-14,남,더불어민주당,제주 제주시을,지역구,2020-05-30,2022-04-29,resigned,general,21N57758,kna members_21.parquet; NA-API 의원이력; NA-API ALLNAMEMBER; kowiki list oldid=42148778; kowiki 의석변동 oldid=41820079; NA bill PRC_I2Q2O0G4F2U9G1V0W2B3E4Y7X9P4R6,1,,resigned_to_run_for_other_office,제8회 전국동시지방선거 출마로 사직 / 의원직 사퇴,term_start,confirmed,,wikilist+wikiseat+nabill,제주특별자치도 제주시 을,,,더불어민주당,더불어민주당,오영훈,True,,False
21,김한규,金翰奎,1974-07-01,남,더불어민주당,제주 제주시을,지역구,2022-06-02,2024-05-29,term_end,by_election,NUB4941Z,kna members_21.parquet; NA-API 의원이력; NA-API ALLNAMEMBER; kowiki list oldid=42148778; kowiki 의석변동 oldid=41820079,1,,term_end,,confirmed,term_end,wikiseat,,제주특별자치도 제주시 을,,,더불어민주당,더불어민주당,김한규 (1974년),True,,False
21,정진석,鄭鎭碩,1960-09-04,남,미래통합당,충남 공주시부여군청양군,지역구,2020-05-30,2024-04-23,resigned,general,NQR1206Q,kna members_21.parquet; NA-API 의원이력; NA-API ALLNAMEMBER; kowiki list oldid=42148778; NA bill PRC_V2R4G0M4R2Y2U1L7U5Q9W4I2N9G5Y7,1,,resigned_other,의원직 사퇴,term_start,confirmed,,wikilist+nabill,충청남도 공주시·부여군·청양군,,,국민의힘,미래통합당,정진석 (정치인),True,,False
21,김종민,金鍾民,1964-05-12,남,더불어민주당,충남 논산시계룡시금산군,지역구,2020-05-30,2024-05-29,term_end,general,M2Q9024I,kna members_21.parquet; NA-API 의원이력; NA-API ALLNAMEMBER; kowiki list oldid=42148778,1,,term_end,,term_start,term_end,,,충청남도 논산시·계룡시·금산군,,,새로운미래,더불어민주당,김종민 (1964년),True,,False
21,어기구,魚基龜,1963-01-10,남,더불어민주당,충남 당진시,지역구,2020-05-30,2024-05-29,term_end,general,8FB1535Y,kna members_21.parquet; NA-API 의원이력; NA-API ALLNAMEMBER; kowiki list oldid=42148778,1,,term_end,,term_start,term_end,,,충청남도 당진시,,,더불어민주당,더불어민주당,어기구,True,,False
21,김태흠,金泰欽,1963-01-11,남,미래통합당,충남 보령시서천군,지역구,2020-05-30,2022-04-29,resigned,general,TVF3669B,kna members_21.parquet; NA-API 의원이력; NA-API ALLNAMEMBER; kowiki list oldid=42148778; kowiki 의석변동 oldid=41820079; NA bill PRC_W2J2H0P4Q2E6S1K4C4S0A1C4Y4Q8O4,1,,resigned_to_run_for_other_office,제8회 전국동시지방선거 출마로 사직 / 의원직 사퇴,term_start,confirmed,,wikilist+wikiseat+nabill,충청남도 보령시·서천군,,,국민의힘,미래통합당,김태흠,True,,False
21,장동혁,張東赫,1969-06-02,남,국민의힘,충남 보령시서천군,지역구,2022-06-02,2024-05-29,term_end,by_election,KFM1081G,kna members_21.parquet; NA-API 의원이력; NA-API ALLNAMEMBER; kowiki list oldid=42148778; kowiki 의석변동 oldid=41820079,1,,term_end,,confirmed,term_end,wikiseat,,충청남도 보령시·서천군,,,국민의힘,국민의힘,장동혁 (정치인),True,,False
21,성일종,成一鍾,1963-03-19,남,미래통합당,충남 서산시태안군,지역구,2020-05-30,2024-05-29,term_end,general,7XY7109I,kna members_21.parquet; NA-API 의원이력; NA-API ALLNAMEMBER; kowiki list oldid=42148778,1,,term_end,,term_start,term_end,,,충청남도 서산시·태안군,,,국민의힘,미래통합당,성일종,True,,False
21,이명수,李明洙,1955-02-11,남,미래통합당,충남 아산시갑,지역구,2020-05-30,2024-05-29,term_end,general,6YT83269,kna members_21.parquet; NA-API 의원이력; NA-API ALLNAMEMBER; kowiki list oldid=42148778,1,,term_end,,term_start,term_end,,,충청남도 아산시 갑,,,국민의힘,미래통합당,이명수 (1955년),True,,False
21,강훈식,姜勳植,1973-10-24,남,더불어민주당,충남 아산시을,지역구,2020-05-30,2024-05-29,term_end,general,TRE2429O,kna members_21.parquet; NA-API 의원이력; NA-API ALLNAMEMBER; kowiki list oldid=42148778,1,,term_end,,term_start,term_end,,,충청남도 아산시 을,,,더불어민주당,더불어민주당,강훈식,True,,False
21,문진석,文振碩,1962-02-12,남,더불어민주당,충남 천안시갑,지역구,2020-05-30,2024-05-29,term_end,general,4U29186R,kna members_21.parquet; NA-API 의원이력; NA-API ALLNAMEMBER; kowiki list oldid=42148778,1,,term_end,,term_start,term_end,,,충청남도 천안시 갑,,,더불어민주당,더불어민주당,문진석,True,,False
21,이정문,李楨文,1973-01-05,남,더불어민주당,충남 천안시병,지역구,2020-05-30,2024-05-29,term_end,general,O0I2045I,kna members_21.parquet; NA-API 의원이력; NA-API ALLNAMEMBER; kowiki list oldid=42148778,1,,term_end,,term_start,term_end,,,충청남도 천안시 병,,,더불어민주당,더불어민주당,이정문 (1973년),True,,False
21,박완주,朴完柱,1966-11-10,남,더불어민주당,충남 천안시을,지역구,2020-05-30,2024-05-29,term_end,general,A3H7195R,kna members_21.parquet; NA-API 의원이력; NA-API ALLNAMEMBER; kowiki list oldid=42148778,1,,term_end,,term_start,term_end,,,충청남도 천안시 을,,,무소속,더불어민주당,박완주,True,,False
21,홍문표,洪文杓,1947-10-05,남,미래통합당,충남 홍성군예산군,지역구,2020-05-30,2024-05-29,term_end,general,GD131760,kna members_21.parquet; NA-API 의원이력; NA-API ALLNAMEMBER; kowiki list oldid=42148778,1,,term_end,,term_start,term_end,,,충청남도 홍성군·예산군,,,국민의힘,미래통합당,홍문표,True,,False
21,박덕흠,朴德欽,1953-10-18,남,미래통합당,충북 보은군옥천군영동군괴산군,지역구,2020-05-30,2024-05-29,term_end,general,N4R2421C,kna members_21.parquet; NA-API 의원이력; NA-API ALLNAMEMBER; kowiki list oldid=42148778,1,,term_end,,term_start,term_end,,,충청북도 보은군·옥천군·영동군·괴산군,,,국민의힘,미래통합당,박덕흠,True,,False
21,엄태영,嚴泰永,1958-01-22,남,미래통합당,충북 제천시단양군,지역구,2020-05-30,2024-05-29,term_end,general,8348421R,kna members_21.parquet; NA-API 의원이력; NA-API ALLNAMEMBER; kowiki list oldid=42148778,1,,term_end,,term_start,term_end,,,충청북도 제천시·단양군,,,국민의힘,미래통합당,엄태영 (1958년),True,,False
21,임호선,林昊宣,1964-09-27,남,더불어민주당,충북 증평군진천군음성군,지역구,2020-05-30,2024-05-29,term_end,general,FH777496,kna members_21.parquet; NA-API 의원이력; NA-API ALLNAMEMBER; kowiki list oldid=42148778,1,,term_end,,term_start,term_end,,,충청북도 증평군·진천군·음성군,,,더불어민주당,더불어민주당,임호선,True,,False
21,정정순,鄭正淳,1958-01-19,남,더불어민주당,충북 청주시상당구,지역구,2020-05-30,2021-08-28,disqualified,general,TP066860,kna members_21.parquet; NA-API 의원이력; NA-API ALLNAMEMBER; kowiki list oldid=42148778; kowiki 의석변동 oldid=41820079,1,,court_ruling_election_law,선거법 위반으로 의원직 상실 / 의원직 상실,term_start,confirmed,,wikilist+wikiseat,충청북도 청주시 상당구,,,더불어민주당,더불어민주당,정정순,True,,False
21,정우택,鄭宇澤,1953-02-18,남,국민의힘,충북 청주시상당구,지역구,2022-03-10,2024-05-29,term_end,by_election,VHK3402G,kna members_21.parquet; NA-API 의원이력; NA-API ALLNAMEMBER; kowiki list oldid=42148778; kowiki 의석변동 oldid=41820079,1,,term_end,,confirmed_pollday_plus1,term_end,wikilist=2022-03-09; wikiseat=2022-03-09,,충청북도 청주시 상당구,,,국민의힘,국민의힘,정우택 (1953년),True,,False
21,이장섭,李將燮,1963-05-14,남,더불어민주당,충북 청주시서원구,지역구,2020-05-30,2024-05-29,term_end,general,7I09543O,kna members_21.parquet; NA-API 의원이력; NA-API ALLNAMEMBER; kowiki list oldid=42148778,1,,term_end,,term_start,term_end,,,충청북도 청주시 서원구,,,더불어민주당,더불어민주당,이장섭,True,,False
21,변재일,卞在一,1948-09-02,남,더불어민주당,충북 청주시청원구,지역구,2020-05-30,2024-05-29,term_end,general,MO52543L,kna members_21.parquet; NA-API 의원이력; NA-API ALLNAMEMBER; kowiki list oldid=42148778,1,,term_end,,term_start,term_end,,,충청북도 청주시 청원구,,,더불어민주당,더불어민주당,변재일,True,,False
21,도종환,都鍾煥,1955-09-27,남,더불어민주당,충북 청주시흥덕구,지역구,2020-05-30,2024-05-29,term_end,general,J2O8643H,kna members_21.parquet; NA-API 의원이력; NA-API ALLNAMEMBER; kowiki list oldid=42148778,1,,term_end,,term_start,term_end,,,충청북도 청주시 흥덕구,,,더불어민주당,더불어민주당,도종환,True,,False
21,이종배,李鍾培,1957-05-30,남,미래통합당,충북 충주시,지역구,2020-05-30,2024-05-29,term_end,general,HSW1214Q,kna members_21.parquet; NA-API 의원이력; NA-API ALLNAMEMBER; kowiki list oldid=42148778,1,,term_end,,term_start,term_end,,,충청북도 충주시,,,국민의힘,미래통합당,이종배,True,,False
21,강민정,姜旼姃,1961-04-26,여,열린민주당,비례대표,비례대표,2020-05-30,2024-05-29,term_end,general,P2N50879,kna members_21.parquet; NA-API 의원이력; NA-API ALLNAMEMBER; kowiki list oldid=42148778,1,,term_end,,term_start,term_end,,,,열린민주당,3,더불어민주당,열린민주당,강민정 (정치인),True,,False
21,강은미,姜恩美,1970-09-06,여,정의당,비례대표,비례대표,2020-05-30,2024-05-29,term_end,general,WMG57662,kna members_21.parquet; NA-API 의원이력; NA-API ALLNAMEMBER; kowiki list oldid=42148778,1,,term_end,,term_start,term_end,,,,정의당,3,정의당,정의당,강은미,True,,False
21,권은희,權垠希,1974-02-15,여,국민의당,비례대표,비례대표,2020-05-30,2024-01-29,disqualified,general,YKW37422,kna members_21.parquet; NA-API 의원이력; NA-API ALLNAMEMBER; kowiki list oldid=42148778; kowiki 의석변동 oldid=41820079,1,,pr_seat_lost_on_leaving_party,국민의힘 탈당으로 인해 의원직 상실 / 의원직 상실,term_start,confirmed,,wikilist+wikiseat,,국민의당,3,국민의당,국민의당,권은희 (1974년),True,,True
21,권인숙,權仁淑,1964-08-28,여,더불어시민당,비례대표,비례대표,2020-05-30,2024-05-29,term_end,general,3TO11703,kna members_21.parquet; NA-API 의원이력; NA-API ALLNAMEMBER; kowiki list oldid=42148778,1,,term_end,,term_start,term_end,,,,더불어시민당,3,더불어민주당,더불어시민당,권인숙,True,,False
21,김경만,金京萬,1962-09-23,남,더불어시민당,비례대표,비례대표,2020-05-30,2024-05-29,term_end,general,1BX7234U,kna members_21.parquet; NA-API 의원이력; NA-API ALLNAMEMBER; kowiki list oldid=42148778,1,,term_end,,term_start,term_end,,,,더불어시민당,2,더불어민주당,더불어시민당,김경만 (1962년),True,,False
21,김병주,金柄周,1962-02-07,남,더불어시민당,비례대표,비례대표,2020-05-30,2024-05-29,term_end,general,GF286398,kna members_21.parquet; NA-API 의원이력; NA-API ALLNAMEMBER; kowiki list oldid=42148778,1,,term_end,,term_start,term_end,,,,더불어시민당,12,더불어민주당,더불어시민당,김병주 (군인),True,,False
21,김예지,金睿智,1980-12-13,여,미래한국당,비례대표,비례대표,2020-05-30,2024-05-29,term_end,general,CNZ51556,kna members_21.parquet; NA-API 의원이력; NA-API ALLNAMEMBER; kowiki list oldid=42148778,1,,term_end,,term_start,term_end,,,,미래한국당,11,국민의힘,미래한국당,김예지 (1980년),True,,False
21,김진애,金鎭愛,1953-02-16,여,열린민주당,비례대표,비례대표,2020-05-30,2021-03-24,resigned,general,LNR7932L,kna members_21.parquet; NA-API 의원이력; NA-API ALLNAMEMBER; kowiki list oldid=42148778; kowiki 의석변동 oldid=41820079; NA bill PRC_H2P1B0V3T0Z8Y0M9Q4F1B1M9R6J5H5,1,,resigned_to_run_for_other_office,2021년 재보궐선거 출마로 의원직 사직 / 의원직 사퇴,term_start,confirmed,,wikilist+wikiseat+nabill,,열린민주당,1,열린민주당,열린민주당,김진애,True,,False
21,김홍걸,金弘傑,1963-11-12,남,더불어시민당,비례대표,비례대표,2020-05-30,2024-05-29,term_end,general,PO64874I,kna members_21.parquet; NA-API 의원이력; NA-API ALLNAMEMBER; kowiki list oldid=42148778,1,,term_end,,term_start,term_end,,,,더불어시민당,14,더불어민주당,더불어시민당,김홍걸,True,,False
21,류호정,柳好貞,1992-08-09,여,정의당,비례대표,비례대표,2020-05-30,2024-01-25,disqualified,general,NCP9875N,kna members_21.parquet; NA-API 의원이력; NA-API ALLNAMEMBER; kowiki list oldid=42148778; kowiki 의석변동 oldid=41820079,1,,pr_seat_lost_on_leaving_party,정의당 탈당으로 의원직 상실 / 의원직 상실,term_start,confirmed,,wikilist+wikiseat,,정의당,1,정의당,정의당,류호정,True,,False
21,박대수,朴大壽,1960-08-30,남,미래한국당,비례대표,비례대표,2020-05-30,2024-05-29,term_end,general,B7H6207C,kna members_21.parquet; NA-API 의원이력; NA-API ALLNAMEMBER; kowiki list oldid=42148778,1,,term_end,,term_start,term_end,,,,미래한국당,10,국민의힘,미래한국당,박대수,True,,False
21,배진교,裵晋敎,1968-08-26,남,정의당,비례대표,비례대표,2020-05-30,2024-05-29,term_end,general,A2V51235,kna members_21.parquet; NA-API 의원이력; NA-API ALLNAMEMBER; kowiki list oldid=42148778,1,,term_end,,term_start,term_end,,,,정의당,4,정의당,정의당,배진교,True,,False
21,서정숙,徐正淑,1953-02-18,여,미래한국당,비례대표,비례대표,2020-05-30,2024-05-29,term_end,general,WFU14784,kna members_21.parquet; NA-API 의원이력; NA-API ALLNAMEMBER; kowiki list oldid=42148778,1,,term_end,,term_start,term_end,,,,미래한국당,17,국민의힘,미래한국당,서정숙,True,,False
21,신원식,申源湜,1958-07-24,남,미래한국당,비례대표,비례대표,2020-05-30,2023-10-31,resigned,general,SRP7336N,kna members_21.parquet; NA-API 의원이력; NA-API ALLNAMEMBER; kowiki list oldid=42148778; kowiki 의석변동 oldid=41820079; NA bill PRC_I2N3X1L0I1H3H1V7X5J0K2H3V7I5D8,1,,resigned_on_appointment,국방부 장관 취임으로 의원직 사직 / 의원직 사퇴,term_start,confirmed,,wikilist+wikiseat+nabill,,미래한국당,8,국민의힘,미래한국당,신원식 (1958년),True,,False
21,신현영,申賢榮,1980-11-17,여,더불어시민당,비례대표,비례대표,2020-05-30,2024-05-29,term_end,general,F5Y4026Q,kna members_21.parquet; NA-API 의원이력; NA-API ALLNAMEMBER; kowiki list oldid=42148778,1,,term_end,,term_start,term_end,,,,더불어시민당,1,더불어민주당,더불어시민당,신현영,True,,False
21,양경숙,梁敬淑,1962-09-06,여,더불어시민당,비례대표,비례대표,2020-05-30,2024-05-29,term_end,general,9V18755A,kna members_21.parquet; NA-API 의원이력; NA-API ALLNAMEMBER; kowiki list oldid=42148778,1,,term_end,,term_start,term_end,,,,더불어시민당,17,더불어민주당,더불어시민당,양경숙 (정치인),True,,False
21,양이원영,梁李媛瑛,1971-05-14,여,더불어시민당,비례대표,비례대표,2020-05-30,2024-05-29,term_end,general,7O71647Z,kna members_21.parquet; NA-API 의원이력; NA-API ALLNAMEMBER; kowiki list oldid=42148778,1,,term_end,,term_start,term_end,,,,더불어시민당,9,더불어민주당,더불어시민당,양이원영,True,,False
21,양정숙,梁貞淑,1965-03-12,여,더불어시민당,비례대표,비례대표,2020-05-30,2024-05-29,term_end,general,PZA4062H,kna members_21.parquet; NA-API 의원이력; NA-API ALLNAMEMBER; kowiki list oldid=42148778,1,,term_end,,term_start,term_end,,,,더불어시민당,15,개혁신당,무소속,양정숙,True,,False
21,용혜인,龍慧仁,1990-04-12,여,더불어시민당,비례대표,비례대표,2020-05-30,2024-05-29,term_end,general,GE71932C,kna members_21.parquet; NA-API 의원이력; NA-API ALLNAMEMBER; kowiki list oldid=42148778,1,,term_end,,term_start,term_end,,,,더불어시민당,5,기본소득당,기본소득당,용혜인,True,,False
21,유정주,兪訂炷,1975-12-13,여,더불어시민당,비례대표,비례대표,2020-05-30,2024-05-29,term_end,general,0WL9321T,kna members_21.parquet; NA-API 의원이력; NA-API ALLNAMEMBER; kowiki list oldid=42148778,1,,term_end,,term_start,term_end,,,,더불어시민당,10,더불어민주당,더불어시민당,유정주,True,,False
21,윤미향,尹美香,1965-02-10,여,더불어시민당,비례대표,비례대표,2020-05-30,2024-05-29,term_end,general,KNM3215T,kna members_21.parquet; NA-API 의원이력; NA-API ALLNAMEMBER; kowiki list oldid=42148778,1,,term_end,,term_start,term_end,,,,더불어시민당,7,무소속,더불어시민당,윤미향,True,,False
21,윤주경,尹柱卿,1959-05-03,여,미래한국당,비례대표,비례대표,2020-05-30,2024-05-29,term_end,general,ZDP5704Q,kna members_21.parquet; NA-API 의원이력; NA-API ALLNAMEMBER; kowiki list oldid=42148778,1,,term_end,,term_start,term_end,,,,미래한국당,1,국민의힘,미래한국당,윤주경,True,,False
21,윤창현,尹暢賢,1960-07-28,남,미래한국당,비례대표,비례대표,2020-05-30,2024-05-29,term_end,general,40E3739H,kna members_21.parquet; NA-API 의원이력; NA-API ALLNAMEMBER; kowiki list oldid=42148778,1,,term_end,,term_start,term_end,,,,미래한국당,2,국민의힘,미래한국당,윤창현 (1960년),True,,False
21,이동주,李東洲,1972-09-04,남,더불어시민당,비례대표,비례대표,2020-05-30,2024-05-29,term_end,general,RO593601,kna members_21.parquet; NA-API 의원이력; NA-API ALLNAMEMBER; kowiki list oldid=42148778,1,,term_end,,term_start,term_end,,,,더불어시민당,4,더불어민주당,더불어시민당,이동주 (1972년),True,,False
21,이수진,李壽珍,1969-05-14,여,더불어시민당,비례대표,비례대표,2020-05-30,2024-05-29,term_end,general,0R68099X,kna members_21.parquet; NA-API 의원이력; NA-API ALLNAMEMBER; kowiki list oldid=42148778,1,,term_end,,term_start,term_end,,,,더불어시민당,13,더불어민주당,더불어시민당,이수진 (간호사 출신 정치인),True,,True
21,이영,李永,1969-06-06,여,미래한국당,비례대표,비례대표,2020-05-30,2022-05-20,resigned,general,1X376850,kna members_21.parquet; NA-API 의원이력; NA-API ALLNAMEMBER; kowiki list oldid=42148778; kowiki 의석변동 oldid=41820079; NA bill PRC_J2D2J0A5V1E7W1K1L4R0Q2Y6N5L8E1,1,,resigned_on_appointment,중소벤처기업부 장관 취임으로 의원직 사직 / 의원직 사퇴,term_start,confirmed,,wikilist+wikiseat+nabill,,미래한국당,13,국민의힘,미래한국당,이영 (1969년),True,,False
21,이용,李鏞,1978-06-23,남,미래한국당,비례대표,비례대표,2020-05-30,2024-05-29,term_end,general,5UN9725L,kna members_21.parquet; NA-API 의원이력; NA-API ALLNAMEMBER; kowiki list oldid=42148778,1,,term_end,,term_start,term_end,,,,미래한국당,18,국민의힘,미래한국당,이용 (1978년),True,,False
21,이은주,李恩周,1969-09-02,여,정의당,비례대표,비례대표,2020-05-30,2024-01-25,resigned,general,W1Q6753M,kna members_21.parquet; NA-API 의원이력; NA-API ALLNAMEMBER; kowiki list oldid=42148778; kowiki 의석변동 oldid=41820079; NA bill PRC_H2U4V0Q1A2I4P1T7W5C6D2X6H2K4F8,1,,resigned_other,의원직 사퇴 / 의원직 사퇴,term_start,confirmed,,wikilist+wikiseat+nabill,,정의당,5,정의당,정의당,이은주 (1969년),True,,False
21,이종성,李鍾成,1970-02-17,남,미래한국당,비례대표,비례대표,2020-05-30,2024-05-29,term_end,general,FDC3144T,kna members_21.parquet; NA-API 의원이력; NA-API ALLNAMEMBER; kowiki list oldid=42148778,1,,term_end,,term_start,term_end,,,,미래한국당,4,국민의힘,미래한국당,이종성 (1970년),True,,True
21,이태규,李泰珪,1964-03-22,남,국민의당,비례대표,비례대표,2020-05-30,2024-05-29,term_end,general,QTW6852F,kna members_21.parquet; NA-API 의원이력; NA-API ALLNAMEMBER; kowiki list oldid=42148778,1,,term_end,,term_start,term_end,,,,국민의당,2,국민의힘,국민의당,이태규 (1964년),True,,False
21,장혜영,張惠英,1987-04-08,여,정의당,비례대표,비례대표,2020-05-30,2024-05-29,term_end,general,GAV6441G,kna members_21.parquet; NA-API 의원이력; NA-API ALLNAMEMBER; kowiki list oldid=42148778,1,,term_end,,term_start,term_end,,,,정의당,2,정의당,정의당,장혜영,True,,False
21,전용기,田溶冀,1991-10-26,남,더불어시민당,비례대표,비례대표,2020-05-30,2024-05-29,term_end,general,TJW93720,kna members_21.parquet; NA-API 의원이력; NA-API ALLNAMEMBER; kowiki list oldid=42148778,1,,term_end,,term_start,term_end,,,,더불어시민당,16,더불어민주당,더불어시민당,전용기,True,,False
21,전주혜,全珠惠,1966-07-15,여,미래한국당,비례대표,비례대표,2020-05-30,2024-05-29,term_end,general,71J2365L,kna members_21.parquet; NA-API 의원이력; NA-API ALLNAMEMBER; kowiki list oldid=42148778,1,,term_end,,term_start,term_end,,,,미래한국당,15,국민의힘,미래한국당,전주혜,True,,False
21,정경희,丁慶姬,1958-01-26,여,미래한국당,비례대표,비례대표,2020-05-30,2024-05-29,term_end,general,USR7059P,kna members_21.parquet; NA-API 의원이력; NA-API ALLNAMEMBER; kowiki list oldid=42148778,1,,term_end,,term_start,term_end,,,,미래한국당,7,국민의힘,미래한국당,정경희,True,,False
21,정운천,鄭雲天,1954-04-10,남,미래한국당,비례대표,비례대표,2020-05-30,2024-05-29,term_end,general,NZF1659U,kna members_21.parquet; NA-API 의원이력; NA-API ALLNAMEMBER; kowiki list oldid=42148778,1,,term_end,,term_start,term_end,,,,미래한국당,16,국민의힘,미래통합당,정운천,True,,False
21,정필모,鄭必模,1958-06-03,남,더불어시민당,비례대표,비례대표,2020-05-30,2024-05-29,term_end,general,3425169D,kna members_21.parquet; NA-API 의원이력; NA-API ALLNAMEMBER; kowiki list oldid=42148778,1,,term_end,,term_start,term_end,,,,더불어시민당,8,더불어민주당,더불어시민당,정필모,True,,False
21,조명희,曺明姬,1955-09-14,여,미래한국당,비례대표,비례대표,2020-05-30,2024-05-29,term_end,general,S741317G,kna members_21.parquet; NA-API 의원이력; NA-API ALLNAMEMBER; kowiki list oldid=42148778,1,,term_end,,term_start,term_end,,,,미래한국당,9,국민의힘,미래한국당,조명희 (1955년),True,,False
21,조수진,趙修眞,1972-06-19,여,미래한국당,비례대표,비례대표,2020-05-30,2024-05-29,term_end,general,YLS4431M,kna members_21.parquet; NA-API 의원이력; NA-API ALLNAMEMBER; kowiki list oldid=42148778,1,,term_end,,term_start,term_end,,,,미래한국당,5,국민의힘,미래한국당,조수진 (정치인),True,,False
21,조정훈,趙廷訓,1972-10-07,남,더불어시민당,비례대표,비례대표,2020-05-30,2024-05-29,term_end,general,WJL30106,kna members_21.parquet; NA-API 의원이력; NA-API ALLNAMEMBER; kowiki list oldid=42148778,1,,term_end,,term_start,term_end,,,,더불어시민당,6,국민의힘,시대전환,조정훈 (1972년),True,,False
21,조태용,趙太庸,1956-08-29,남,미래한국당,비례대표,비례대표,2020-05-30,2022-06-09,resigned,general,I434361W,kna members_21.parquet; NA-API 의원이력; NA-API ALLNAMEMBER; kowiki list oldid=42148778; kowiki 의석변동 oldid=41820079,1,,resigned_on_appointment,주미대사 취임으로 의원직 사직 / 의원직 상실,term_start,confirmed,,wikilist,,미래한국당,6,국민의힘,미래한국당,조태용,True,,False
21,지성호,池成浩,1982-04-03,남,미래한국당,비례대표,비례대표,2020-05-30,2024-05-29,term_end,general,Y7K5946R,kna members_21.parquet; NA-API 의원이력; NA-API ALLNAMEMBER; kowiki list oldid=42148778,1,,term_end,,term_start,term_end,,,,미래한국당,12,국민의힘,미래한국당,지성호,True,,False
21,최강욱,崔康旭,1968-05-05,남,열린민주당,비례대표,비례대표,2020-05-30,2023-09-18,disqualified,general,ICH23251,kna members_21.parquet; NA-API 의원이력; NA-API ALLNAMEMBER; kowiki list oldid=42148778; kowiki 의석변동 oldid=41820079,1,,court_ruling_other_or_unspecified,조국 전 법무부 장관 아들의 인턴증명서 허위 발급 혐의로 의원직 상실 / 의원직 상실,term_start,confirmed,,wikilist+wikiseat,,열린민주당,2,더불어민주당,열린민주당,최강욱,True,,False
21,최승재,崔承宰,1967-07-11,남,미래한국당,비례대표,비례대표,2020-05-30,2024-05-29,term_end,general,M7T9712V,kna members_21.parquet; NA-API 의원이력; NA-API ALLNAMEMBER; kowiki list oldid=42148778,1,,term_end,,term_start,term_end,,,,미래한국당,14,국민의힘,미래한국당,최승재 (정치인),True,,False
21,최연숙,崔姸淑,1960-07-25,여,국민의당,비례대표,비례대표,2020-05-30,2024-05-29,term_end,general,8VJ8533R,kna members_21.parquet; NA-API 의원이력; NA-API ALLNAMEMBER; kowiki list oldid=42148778,1,,term_end,,term_start,term_end,,,,국민의당,1,국민의힘,국민의당,최연숙,True,,False
21,최혜영,崔惠英,1979-06-01,여,더불어시민당,비례대표,비례대표,2020-05-30,2024-05-29,term_end,general,QD25323M,kna members_21.parquet; NA-API 의원이력; NA-API ALLNAMEMBER; kowiki list oldid=42148778,1,,term_end,,term_start,term_end,,,,더불어시민당,11,더불어민주당,더불어시민당,최혜영 (1979년),True,,False
21,한무경,韓茂景,1958-05-20,여,미래한국당,비례대표,비례대표,2020-05-30,2024-05-29,term_end,general,UB114374,kna members_21.parquet; NA-API 의원이력; NA-API ALLNAMEMBER; kowiki list oldid=42148778,1,,term_end,,term_start,term_end,,,,미래한국당,3,국민의힘,미래한국당,한무경,True,,False
21,허은아,許垠娥,1972-05-26,여,미래한국당,비례대표,비례대표,2020-05-30,2024-01-05,disqualified,general,66W6739S,kna members_21.parquet; NA-API 의원이력; NA-API ALLNAMEMBER; kowiki list oldid=42148778; kowiki 의석변동 oldid=41820079,1,,pr_seat_lost_on_leaving_party,국민의힘 탈당으로 인해 의원직 상실 / 의원직 상실,term_start,confirmed,,wikilist,,미래한국당,19,국민의힘,미래한국당,허은아,True,,False
21,김의겸,金宜謙,1963-05-22,남,열린민주당,비례대표,비례대표,2021-03-25,2024-05-29,term_end,succession_pr,FIC9046Z,kna members_21.parquet; NA-API 의원이력; NA-API ALLNAMEMBER; kowiki list oldid=42148778; kowiki 의석변동 oldid=41820079,1,,term_end,,confirmed,term_end,wikilist,,,열린민주당,4,더불어민주당,열린민주당,김의겸,True,,False
21,노용호,魯容昊,1971-05-14,남,국민의힘,비례대표,비례대표,2022-05-23,2024-05-29,term_end,succession_pr,JVB6983V,kna members_21.parquet; NA-API 의원이력; NA-API ALLNAMEMBER; kowiki list oldid=42148778; kowiki 의석변동 oldid=41820079,1,,term_end,,confirmed,term_end,wikilist+wikiseat,,,미래한국당,20,국민의힘,국민의힘,노용호 (정치인),True,,False
21,최영희,崔英姬,1951-06-02,여,국민의힘,비례대표,비례대표,2022-06-10,2024-05-29,term_end,succession_pr,YTA7297R,kna members_21.parquet; NA-API 의원이력; NA-API ALLNAMEMBER; kowiki list oldid=42148778; kowiki 의석변동 oldid=41820079,1,,term_end,,confirmed,term_end,wikilist,,,미래한국당,21,국민의힘,국민의힘,최영희 (1951년),True,,True
21,허숙정,許淑湞,1975-03-19,여,더불어민주당,비례대표,비례대표,2023-09-20,2024-05-29,term_end,succession_pr,NCO99988,kna members_21.parquet; NA-API 의원이력; NA-API ALLNAMEMBER; kowiki list oldid=42148778; kowiki 의석변동 oldid=41820079,1,,term_end,,confirmed,term_end,wikilist,,,열린민주당,5,더불어민주당,더불어민주당,허숙정,True,,False
21,우신구,禹信九,1950-10-01,남,국민의힘,비례대표,비례대표,2023-11-02,2024-05-29,term_end,succession_pr,F0I5053J,kna members_21.parquet; NA-API 의원이력; NA-API ALLNAMEMBER; kowiki list oldid=42148778; kowiki 의석변동 oldid=41820079,1,,term_end,,confirmed,term_end,wikilist,,,미래한국당,22,국민의힘,국민의힘,우신구,True,,False
21,김은희,金恩希,1991-06-10,여,국민의힘,비례대표,비례대표,2024-01-08,2024-05-29,term_end,succession_pr,MSO2590I,kna members_21.parquet; NA-API 의원이력; NA-API ALLNAMEMBER; kowiki list oldid=42148778; kowiki 의석변동 oldid=41820079,1,,term_end,,confirmed,term_end,wikilist,,,미래한국당,23,국민의힘,국민의힘,김은희 (테니스인),True,,False
21,양경규,梁暻圭,1959-07-09,남,정의당,비례대표,비례대표,2024-01-29,2024-05-29,term_end,succession_pr,DV77269P,kna members_21.parquet; NA-API 의원이력; NA-API ALLNAMEMBER; kowiki list oldid=42148778; kowiki 의석변동 oldid=41820079,1,,term_end,,confirmed,term_end,wikilist,,,정의당,8,정의당,정의당,양경규,True,,False
21,이자스민,李자스민,1977-01-06,여,정의당,비례대표,비례대표,2024-01-29,2024-05-29,term_end,succession_pr,SZ51175J,kna members_21.parquet; NA-API 의원이력; NA-API ALLNAMEMBER; kowiki list oldid=42148778; kowiki 의석변동 oldid=41820079,1,,term_end,,confirmed,term_end,wikilist,,,정의당,9,정의당,정의당,이자스민,True,,False
21,김근태,金僅泰,1990-11-25,남,국민의힘,비례대표,비례대표,2024-01-30,2024-05-29,term_end,succession_pr,C835799S,kna members_21.parquet; NA-API 의원이력; NA-API ALLNAMEMBER; kowiki list oldid=42148778; kowiki 의석변동 oldid=41820079,1,,term_end,,confirmed,term_end,wikilist,,,국민의당,4,국민의힘,국민의힘,김근태 (1990년),True,,True
22,권성동,權性東,1960-04-29,남,국민의힘,강원 강릉시,지역구,2024-05-30,2026-07-16,disqualified,general,GDG1847Z,kna members_22.parquet; NA-API 의원이력; NA-API ALLNAMEMBER; kowiki list oldid=42421192; kowiki 의석변동 oldid=42540220,1,,court_ruling_other_or_unspecified,통일교 금품수수 의혹 유죄 선고로 인한 / 의원직 상실 / 의원직 상실,term_start,confirmed,,wikilist+wikiseat,강원특별자치도 강릉시,,,국민의힘,국민의힘,권성동,True,,False
22,이철규,李喆圭,1957-09-20,남,국민의힘,강원 동해시태백시삼척시정선군,지역구,2024-05-30,,,general,TZP9391O,kna members_22.parquet; NA-API 의원이력; NA-API ALLNAMEMBER; kowiki list oldid=42421192,1,,,,term_start,sitting,,,강원특별자치도 동해시·태백시·삼척시·정선군,,,국민의힘,국민의힘,이철규 (1957년),True,,False
22,이양수,李亮壽,1967-08-15,남,국민의힘,강원 속초시인제군고성군양양군,지역구,2024-05-30,,,general,S9U45255,kna members_22.parquet; NA-API 의원이력; NA-API ALLNAMEMBER; kowiki list oldid=42421192,1,,,,term_start,sitting,,,강원특별자치도 속초시·인제군·고성군·양양군,,,국민의힘,국민의힘,이양수,True,,False
22,박정하,朴正河,1966-09-26,남,국민의힘,강원 원주시갑,지역구,2024-05-30,,,general,6RD62559,kna members_22.parquet; NA-API 의원이력; NA-API ALLNAMEMBER; kowiki list oldid=42421192,1,,,,term_start,sitting,,,강원특별자치도 원주시 갑,,,국민의힘,국민의힘,박정하 (정치인),True,,False
22,송기헌,宋基憲,1963-10-02,남,더불어민주당,강원 원주시을,지역구,2024-05-30,,,general,SQ36001H,kna members_22.parquet; NA-API 의원이력; NA-API ALLNAMEMBER; kowiki list oldid=42421192,1,,,,term_start,sitting,,,강원특별자치도 원주시 을,,,더불어민주당,더불어민주당,송기헌,True,,False
22,허영,許榮,1970-03-29,남,더불어민주당,강원 춘천시철원군화천군양구군갑,지역구,2024-05-30,,,general,FU53642G,kna members_22.parquet; NA-API 의원이력; NA-API ALLNAMEMBER; kowiki list oldid=42421192,1,,,,term_start,sitting,,,강원특별자치도 춘천시·철원군·화천군·양구군 갑,,,더불어민주당,더불어민주당,허영 (정치인),True,,False
22,한기호,韓起鎬,1952-08-13,남,국민의힘,강원 춘천시철원군화천군양구군을,지역구,2024-05-30,,,general,JQA21112,kna members_22.parquet; NA-API 의원이력; NA-API ALLNAMEMBER; kowiki list oldid=42421192,1,,,,term_start,sitting,,,강원특별자치도 춘천시·철원군·화천군·양구군 을,,,국민의힘,국민의힘,한기호 (1952년),True,,False
22,유상범,劉相凡,1966-06-04,남,국민의힘,강원 홍천군횡성군영월군평창군,지역구,2024-05-30,,,general,MU69217P,kna members_22.parquet; NA-API 의원이력; NA-API ALLNAMEMBER; kowiki list oldid=42421192,1,,,,term_start,sitting,,,강원특별자치도 홍천군·횡성군·영월군·평창군,,,국민의힘,국민의힘,유상범 (1966년),True,,False
22,김성회,金城會,1972-11-20,남,더불어민주당,경기 고양시갑,지역구,2024-05-30,,,general,88O1334C,kna members_22.parquet; NA-API 의원이력; NA-API ALLNAMEMBER; kowiki list oldid=42421192,1,,,,term_start,sitting,,,경기도 고양시 갑,,,더불어민주당,더불어민주당,김성회 (1972년),True,,True
22,이기헌,李寄憲,1968-12-23,남,더불어민주당,경기 고양시병,지역구,2024-05-30,,,general,W3U3344O,kna members_22.parquet; NA-API 의원이력; NA-API ALLNAMEMBER; kowiki list oldid=42421192,1,,,,term_start,sitting,,,경기도 고양시 병,,,더불어민주당,더불어민주당,이기헌 (정치인),True,,False
22,한준호,韓俊鎬,1974-02-20,남,더불어민주당,경기 고양시을,지역구,2024-05-30,,,general,BCQ55105,kna members_22.parquet; NA-API 의원이력; NA-API ALLNAMEMBER; kowiki list oldid=42421192,1,,,,term_start,sitting,,,경기도 고양시 을,,,더불어민주당,더불어민주당,한준호 (정치인),True,,False
22,김영환,金永煥,1971-07-07,남,더불어민주당,경기 고양시정,지역구,2024-05-30,,,general,8O34202I,kna members_22.parquet; NA-API 의원이력; NA-API ALLNAMEMBER; kowiki list oldid=42421192,1,,,,term_start,sitting,,,경기도 고양시 정,,,더불어민주당,더불어민주당,김영환 (1971년),True,,True
22,임오경,林五卿,1971-12-11,여,더불어민주당,경기 광명시갑,지역구,2024-05-30,,,general,4T026790,kna members_22.parquet; NA-API 의원이력; NA-API ALLNAMEMBER; kowiki list oldid=42421192,1,,,,term_start,sitting,,,경기도 광명시 갑,,,더불어민주당,더불어민주당,임오경,True,,False
22,김남희,金南希,1978-02-22,여,더불어민주당,경기 광명시을,지역구,2024-05-30,,,general,NXB3178C,kna members_22.parquet; NA-API 의원이력; NA-API ALLNAMEMBER; kowiki list oldid=42421192,1,,,,term_start,sitting,,,경기도 광명시 을,,,더불어민주당,더불어민주당,김남희 (1978년),True,,False
22,소병훈,蘇秉勳,1954-06-03,남,더불어민주당,경기 광주시갑,지역구,2024-05-30,,,general,ZDR63255,kna members_22.parquet; NA-API 의원이력; NA-API ALLNAMEMBER; kowiki list oldid=42421192,1,,,,term_start,sitting,,,경기도 광주시 갑,,,더불어민주당,더불어민주당,소병훈,True,,False
22,안태준,安泰俊,1969-12-03,남,더불어민주당,경기 광주시을,지역구,2024-05-30,,,general,W8L9421K,kna members_22.parquet; NA-API 의원이력; NA-API ALLNAMEMBER; kowiki list oldid=42421192,1,,,,term_start,sitting,,,경기도 광주시 을,,,더불어민주당,더불어민주당,안태준 (정치인),True,,False
22,윤호중,尹昊重,1963-03-27,남,더불어민주당,경기 구리시,지역구,2024-05-30,,,general,M0A1658U,kna members_22.parquet; NA-API 의원이력; NA-API ALLNAMEMBER; kowiki list oldid=42421192,1,,,,term_start,sitting,,,경기도 구리시,,,더불어민주당,더불어민주당,윤호중,True,,False
22,이학영,李學永,1952-04-16,남,더불어민주당,경기 군포시,지역구,2024-05-30,,,general,K5F2023J,kna members_22.parquet; NA-API 의원이력; NA-API ALLNAMEMBER; kowiki list oldid=42421192,1,,,,term_start,sitting,,,경기도 군포시,,,더불어민주당,더불어민주당,이학영,True,,False
22,김주영,金周暎,1961-10-15,남,더불어민주당,경기 김포시갑,지역구,2024-05-30,,,general,D6U6678O,kna members_22.parquet; NA-API 의원이력; NA-API ALLNAMEMBER; kowiki list oldid=42421192,1,,,,term_start,sitting,,,경기도 김포시 갑,,,더불어민주당,더불어민주당,김주영 (1961년),True,,False
22,박상혁,朴商赫,1973-03-20,남,더불어민주당,경기 김포시을,지역구,2024-05-30,,,general,HXT76735,kna members_22.parquet; NA-API 의원이력; NA-API ALLNAMEMBER; kowiki list oldid=42421192,1,,,,term_start,sitting,,,경기도 김포시 을,,,더불어민주당,더불어민주당,박상혁 (1973년),True,,False
22,최민희,崔民熙,1960-12-03,여,더불어민주당,경기 남양주시갑,지역구,2024-05-30,,,general,YS38221N,kna members_22.parquet; NA-API 의원이력; NA-API ALLNAMEMBER; kowiki list oldid=42421192,1,,,,term_start,sitting,,,경기도 남양주시 갑,,,더불어민주당,더불어민주당,최민희 (정치인),True,,False
22,김용민,金容民,1976-06-05,남,더불어민주당,경기 남양주시병,지역구,2024-05-30,,,general,OFE45081,kna members_22.parquet; NA-API 의원이력; NA-API ALLNAMEMBER; kowiki list oldid=42421192,1,,,,term_start,sitting,,,경기도 남양주시 병,,,더불어민주당,더불어민주당,김용민 (1976년),True,,False
22,김병주,金柄周,1962-02-07,남,더불어민주당,경기 남양주시을,지역구,2024-05-30,,,general,GF286398,kna members_22.parquet; NA-API 의원이력; NA-API ALLNAMEMBER; kowiki list oldid=42421192,1,,,,term_start,sitting,,,경기도 남양주시 을,,,더불어민주당,더불어민주당,김병주 (군인),True,,False
22,김성원,金成願,1973-10-15,남,국민의힘,경기 동두천시양주시연천구을,지역구,2024-05-30,,,general,9D939735,kna members_22.parquet; NA-API 의원이력; NA-API ALLNAMEMBER; kowiki list oldid=42421192,1,,,,term_start,sitting,,,경기도 동두천시·양주시·연천군 을,,,국민의힘,국민의힘,김성원 (정치인),True,,False
22,정성호,鄭成湖,1961-09-10,남,더불어민주당,경기 동두천시양주시연천군갑,지역구,2024-05-30,,,general,V429892C,kna members_22.parquet; NA-API 의원이력; NA-API ALLNAMEMBER; kowiki list oldid=42421192,1,,,,term_start,sitting,,,경기도 동두천시·양주시·연천군 갑,,,더불어민주당,더불어민주당,정성호 (1962년),True,,False
22,서영석,徐暎錫,1964-09-16,남,더불어민주당,경기 부천시갑,지역구,2024-05-30,,,general,XR24352K,kna members_22.parquet; NA-API 의원이력; NA-API ALLNAMEMBER; kowiki list oldid=42421192,1,,,,term_start,sitting,,,경기도 부천시 갑,,,더불어민주당,더불어민주당,서영석 (1964년),True,,False
22,이건태,李建泰,1966-12-21,남,더불어민주당,경기 부천시병,지역구,2024-05-30,,,general,7YC6702R,kna members_22.parquet; NA-API 의원이력; NA-API ALLNAMEMBER; kowiki list oldid=42421192,1,,,,term_start,sitting,,,경기도 부천시 병,,,더불어민주당,더불어민주당,이건태,True,,False
22,김기표,金起杓,1972-12-07,남,더불어민주당,경기 부천시을,지역구,2024-05-30,,,general,3CC88975,kna members_22.parquet; NA-API 의원이력; NA-API ALLNAMEMBER; kowiki list oldid=42421192,1,,,,term_start,sitting,,,경기도 부천시 을,,,더불어민주당,더불어민주당,김기표 (1972년),True,,False
22,안철수,安哲秀,1962-01-22,남,국민의힘,경기 성남시분당구갑,지역구,2024-05-30,,,general,YOG1280B,kna members_22.parquet; NA-API 의원이력; NA-API ALLNAMEMBER; kowiki list oldid=42421192,1,,,,term_start,sitting,,,경기도 성남시 분당구 갑,,,국민의힘,국민의힘,안철수,True,,False
22,김은혜,金恩慧,1971-01-06,여,국민의힘,경기 성남시분당구을,지역구,2024-05-30,,,general,L5P27909,kna members_22.parquet; NA-API 의원이력; NA-API ALLNAMEMBER; kowiki list oldid=42421192,1,,,,term_start,sitting,,,경기도 성남시 분당구 을,,,국민의힘,국민의힘,김은혜 (1971년),True,,False
22,김태년,金太年,1965-03-20,남,더불어민주당,경기 성남시수정구,지역구,2024-05-30,,,general,1WE5693J,kna members_22.parquet; NA-API 의원이력; NA-API ALLNAMEMBER; kowiki list oldid=42421192,1,,,,term_start,sitting,,,경기도 성남시 수정구,,,더불어민주당,더불어민주당,김태년 (1965년),True,,False
22,이수진,李壽珍,1969-05-14,여,더불어민주당,경기 성남시중원구,지역구,2024-05-30,,,general,0R68099X,kna members_22.parquet; NA-API 의원이력; NA-API ALLNAMEMBER; kowiki list oldid=42421192,1,,,,term_start,sitting,,,경기도 성남시 중원구,,,더불어민주당,더불어민주당,이수진 (간호사 출신 정치인),True,,True
22,김승원,金勝源,1969-07-08,남,더불어민주당,경기 수원시갑,지역구,2024-05-30,,,general,ATB59635,kna members_22.parquet; NA-API 의원이력; NA-API ALLNAMEMBER; kowiki list oldid=42421192,1,,,,term_start,sitting,,,경기도 수원시 갑,,,더불어민주당,더불어민주당,김승원 (정치인),True,,False
22,염태영,廉泰英,1960-07-25,남,더불어민주당,경기 수원시무,지역구,2024-05-30,,,general,URX8075K,kna members_22.parquet; NA-API 의원이력; NA-API ALLNAMEMBER; kowiki list oldid=42421192,1,,,,term_start,sitting,,,경기도 수원시 무,,,더불어민주당,더불어민주당,염태영,True,,False
22,김영진,金榮鎭,1967-09-10,남,더불어민주당,경기 수원시병,지역구,2024-05-30,,,general,5765663F,kna members_22.parquet; NA-API 의원이력; NA-API ALLNAMEMBER; kowiki list oldid=42421192,1,,,,term_start,sitting,,,경기도 수원시 병,,,더불어민주당,더불어민주당,김영진 (1967년),True,,True
22,백혜련,白惠蓮,1967-02-17,여,더불어민주당,경기 수원시을,지역구,2024-05-30,,,general,HSS7466Y,kna members_22.parquet; NA-API 의원이력; NA-API ALLNAMEMBER; kowiki list oldid=42421192,1,,,,term_start,sitting,,,경기도 수원시 을,,,더불어민주당,더불어민주당,백혜련,True,,False
22,김준혁,金俊爀,1969-03-07,남,더불어민주당,경기 수원시정,지역구,2024-05-30,,,general,YM42715P,kna members_22.parquet; NA-API 의원이력; NA-API ALLNAMEMBER; kowiki list oldid=42421192,1,,,,term_start,sitting,,,경기도 수원시 정,,,더불어민주당,더불어민주당,김준혁 (역사가),True,,False
22,문정복,文貞福,1967-01-10,여,더불어민주당,경기 시흥시갑,지역구,2024-05-30,,,general,GOC54665,kna members_22.parquet; NA-API 의원이력; NA-API ALLNAMEMBER; kowiki list oldid=42421192,1,,,,term_start,sitting,,,경기도 시흥시 갑,,,더불어민주당,더불어민주당,문정복,True,,False
22,조정식,趙正湜,1963-12-25,남,더불어민주당,경기 시흥시을,지역구,2024-05-30,,,general,IN328264,kna members_22.parquet; NA-API 의원이력; NA-API ALLNAMEMBER; kowiki list oldid=42421192,1,,,,term_start,sitting,,,경기도 시흥시 을,,,무소속,더불어민주당,조정식 (정치인),True,,False
22,양문석,梁文錫,1966-09-28,남,더불어민주당,경기 안산시갑,지역구,2024-05-30,2026-03-12,disqualified,general,3OQ8273H,kna members_22.parquet; NA-API 의원이력; NA-API ALLNAMEMBER; kowiki list oldid=42421192; kowiki 의석변동 oldid=42540220,1,,court_ruling_other_or_unspecified,대출사기 유죄확정판결로 / 의원직 상실 / 의원직 상실,term_start,confirmed,,wikilist+wikiseat,경기도 안산시 갑,,,더불어민주당,더불어민주당,양문석 (1966년),True,,False
22,김남국,金南局,1982-10-22,남,더불어민주당,경기 안산시갑,지역구,2026-06-04,,,by_election,QHL3248U,kna members_22.parquet; NA-API 의원이력; NA-API ALLNAMEMBER; kowiki list oldid=42421192; kowiki 의석변동 oldid=42540220,1,,,,confirmed,sitting,wikiseat,,경기도 안산시 갑,,,더불어민주당,더불어민주당,김남국,True,,False
22,박해철,朴海澈,1965-09-14,남,더불어민주당,경기 안산시병,지역구,2024-05-30,,,general,E2B3753X,kna members_22.parquet; NA-API 의원이력; NA-API ALLNAMEMBER; kowiki list oldid=42421192,1,,,,term_start,sitting,,,경기도 안산시 병,,,더불어민주당,더불어민주당,박해철,True,,False
22,김현,金玄,1965-10-15,여,더불어민주당,경기 안산시을,지역구,2024-05-30,,,general,7YL9580G,kna members_22.parquet; NA-API 의원이력; NA-API ALLNAMEMBER; kowiki list oldid=42421192,1,,,,term_start,sitting,,,경기도 안산시 을,,,더불어민주당,더불어민주당,김현 (정치인),True,,False
22,윤종군,尹鍾君,1972-09-09,남,더불어민주당,경기 안성시,지역구,2024-05-30,,,general,MQK9493H,kna members_22.parquet; NA-API 의원이력; NA-API ALLNAMEMBER; kowiki list oldid=42421192,1,,,,term_start,sitting,,,경기도 안성시,,,더불어민주당,더불어민주당,윤종군,True,,False
22,민병덕,閔炳德,1970-12-20,남,더불어민주당,경기 안양시동안구갑,지역구,2024-05-30,,,general,TZ228122,kna members_22.parquet; NA-API 의원이력; NA-API ALLNAMEMBER; kowiki list oldid=42421192,1,,,,term_start,sitting,,,경기도 안양시 동안구 갑,,,더불어민주당,더불어민주당,민병덕 (1970년),True,,False
22,이재정,李在汀,1974-08-02,여,더불어민주당,경기 안양시동안구을,지역구,2024-05-30,,,general,UQ282145,kna members_22.parquet; NA-API 의원이력; NA-API ALLNAMEMBER; kowiki list oldid=42421192,1,,,,term_start,sitting,,,경기도 안양시 동안구 을,,,더불어민주당,더불어민주당,이재정 (1974년),True,,True
22,강득구,姜得求,1963-05-27,남,더불어민주당,경기 안양시만안구,지역구,2024-05-30,,,general,8P37634C,kna members_22.parquet; NA-API 의원이력; NA-API ALLNAMEMBER; kowiki list oldid=42421192,1,,,,term_start,sitting,,,경기도 안양시 만안구,,,더불어민주당,더불어민주당,강득구,True,,False
22,김선교,金善敎,1960-09-18,남,국민의힘,경기 여주시양평군,지역구,2024-05-30,,,general,JNL7001A,kna members_22.parquet; NA-API 의원이력; NA-API ALLNAMEMBER; kowiki list oldid=42421192,1,,,,term_start,sitting,,,경기도 여주시·양평군,,,국민의힘,국민의힘,김선교,True,,False
22,차지호,車智浩,1980-07-18,남,더불어민주당,경기 오산시,지역구,2024-05-30,,,general,RC885085,kna members_22.parquet; NA-API 의원이력; NA-API ALLNAMEMBER; kowiki list oldid=42421192,1,,,,term_start,sitting,,,경기도 오산시,,,더불어민주당,더불어민주당,차지호 (정치인),True,,False
22,이상식,李相植,1966-04-27,남,더불어민주당,경기 용인시갑,지역구,2024-05-30,,,general,W8W95421,kna members_22.parquet; NA-API 의원이력; NA-API ALLNAMEMBER; kowiki list oldid=42421192,1,,,,term_start,sitting,,,경기도 용인시 갑,,,더불어민주당,더불어민주당,이상식 (1966년),True,,False
22,부승찬,夫勝粲,1970-10-14,남,더불어민주당,경기 용인시병,지역구,2024-05-30,,,general,6I88973D,kna members_22.parquet; NA-API 의원이력; NA-API ALLNAMEMBER; kowiki list oldid=42421192,1,,,,term_start,sitting,,,경기도 용인시 병,,,더불어민주당,더불어민주당,부승찬,True,,False
22,손명수,孫明秀,1966-11-09,남,더불어민주당,경기 용인시을,지역구,2024-05-30,,,general,JSA8739I,kna members_22.parquet; NA-API 의원이력; NA-API ALLNAMEMBER; kowiki list oldid=42421192,1,,,,term_start,sitting,,,경기도 용인시 을,,,더불어민주당,더불어민주당,손명수,True,,False
22,이언주,李彦周,1972-11-08,여,더불어민주당,경기 용인시정,지역구,2024-05-30,,,general,JG77046J,kna members_22.parquet; NA-API 의원이력; NA-API ALLNAMEMBER; kowiki list oldid=42421192,1,,,,term_start,sitting,,,경기도 용인시 정,,,더불어민주당,더불어민주당,이언주,True,,False
22,이소영,李素永,1985-02-10,여,더불어민주당,경기 의왕시과천시,지역구,2024-05-30,,,general,WTR5885Y,kna members_22.parquet; NA-API 의원이력; NA-API ALLNAMEMBER; kowiki list oldid=42421192,1,,,,term_start,sitting,,,경기도 의왕시·과천시,,,더불어민주당,더불어민주당,이소영 (1985년),True,,False
22,박지혜,朴智慧,1978-10-31,여,더불어민주당,경기 의정부시갑,지역구,2024-05-30,,,general,EMH4976E,kna members_22.parquet; NA-API 의원이력; NA-API ALLNAMEMBER; kowiki list oldid=42421192,1,,,,term_start,sitting,,,경기도 의정부시 갑,,,더불어민주당,더불어민주당,박지혜 (1978년),True,,False
22,이재강,李在康,1962-07-20,남,더불어민주당,경기 의정부시을,지역구,2024-05-30,,,general,3LP22204,kna members_22.parquet; NA-API 의원이력; NA-API ALLNAMEMBER; kowiki list oldid=42421192,1,,,,term_start,sitting,,,경기도 의정부시 을,,,더불어민주당,더불어민주당,이재강,True,,False
22,송석준,宋錫俊,1964-03-10,남,국민의힘,경기 이천시,지역구,2024-05-30,,,general,CNW5754J,kna members_22.parquet; NA-API 의원이력; NA-API ALLNAMEMBER; kowiki list oldid=42421192,1,,,,term_start,sitting,,,경기도 이천시,,,국민의힘,국민의힘,송석준,True,,False
22,윤후덕,尹厚德,1957-01-09,남,더불어민주당,경기 파주시갑,지역구,2024-05-30,,,general,O7R5461J,kna members_22.parquet; NA-API 의원이력; NA-API ALLNAMEMBER; kowiki list oldid=42421192,1,,,,term_start,sitting,,,경기도 파주시 갑,,,더불어민주당,더불어민주당,윤후덕,True,,False
22,박정,朴釘,1962-11-19,남,더불어민주당,경기 파주시을,지역구,2024-05-30,,,general,4019850M,kna members_22.parquet; NA-API 의원이력; NA-API ALLNAMEMBER; kowiki list oldid=42421192,1,,,,term_start,sitting,,,경기도 파주시 을,,,더불어민주당,더불어민주당,박정 (1962년),True,,False
22,홍기원,洪起元,1964-12-13,남,더불어민주당,경기 평택시갑,지역구,2024-05-30,,,general,5MD4184K,kna members_22.parquet; NA-API 의원이력; NA-API ALLNAMEMBER; kowiki list oldid=42421192,1,,,,term_start,sitting,,,경기도 평택시 갑,,,더불어민주당,더불어민주당,홍기원,True,,False
22,김현정,金鉉正,1969-06-17,남,더불어민주당,경기 평택시병,지역구,2024-05-30,,,general,6VC83722,kna members_22.parquet; NA-API 의원이력; NA-API ALLNAMEMBER; kowiki list oldid=42421192,1,,,,term_start,sitting,,,경기도 평택시 병,,,더불어민주당,더불어민주당,김현정 (1969년),True,,False
22,이병진,李炳鎭,1964-12-08,남,더불어민주당,경기 평택시을,지역구,2024-05-30,2026-01-08,disqualified,general,HFV52269,kna members_22.parquet; NA-API 의원이력; NA-API ALLNAMEMBER; kowiki list oldid=42421192; kowiki 의석변동 oldid=42540220,1,,court_ruling_election_law,재산 신고누락으로 당선무효 / 의원직 상실,term_start,confirmed,,wikilist+wikiseat,경기도 평택시 을,,,더불어민주당,더불어민주당,이병진 (1964년),True,,False
22,유의동,兪義東,1971-06-23,남,국민의힘,경기 평택시을,지역구,2026-06-04,,,by_election,MRK4871S,kna members_22.parquet; NA-API 의원이력; NA-API ALLNAMEMBER; kowiki list oldid=42421192; kowiki 의석변동 oldid=42540220,1,,,,confirmed,sitting,wikiseat,,경기도 평택시 을,,,국민의힘,국민의힘,유의동,True,,False
22,김용태,金龍泰,1990-10-21,남,국민의힘,경기 포천시가평군,지역구,2024-05-30,,,general,EPI69383,kna members_22.parquet; NA-API 의원이력; NA-API ALLNAMEMBER; kowiki list oldid=42421192,1,,,,term_start,sitting,,,경기도 포천시·가평군,,,국민의힘,국민의힘,김용태 (1990년),True,,True
22,추미애,秋美愛,1958-10-23,여,더불어민주당,경기 하남시갑,지역구,2024-05-30,2026-04-30,resigned,general,URV1689Q,kna members_22.parquet; NA-API 의원이력; NA-API ALLNAMEMBER; kowiki list oldid=42421192; kowiki 의석변동 oldid=42540220; NA bill PRC_I2E6G0P4O3B0J1A4B0C5J1L1S2I8H1,1,,resigned_to_run_for_other_office,경기도지사 출마로 사퇴 / 의원직 사퇴,term_start,confirmed,,nabill,경기도 하남시 갑,,,더불어민주당,더불어민주당,추미애,True,,False
22,이광재,李光宰,1965-02-28,남,더불어민주당,경기 하남시갑,지역구,2026-06-04,,,by_election,4A067125,kna members_22.parquet; NA-API 의원이력; NA-API ALLNAMEMBER; kowiki list oldid=42421192; kowiki 의석변동 oldid=42540220,1,,,,confirmed,sitting,wikiseat,,경기도 하남시 갑,,,더불어민주당,더불어민주당,이광재 (정치인),True,,False
22,김용만,金容萬,1986-08-14,남,더불어민주당,경기 하남시을,지역구,2024-05-30,,,general,NB64509Z,kna members_22.parquet; NA-API 의원이력; NA-API ALLNAMEMBER; kowiki list oldid=42421192,1,,,,term_start,sitting,,,경기도 하남시 을,,,더불어민주당,더불어민주당,김용만 (정치인),True,,False
22,송옥주,宋玉珠,1965-12-20,여,더불어민주당,경기 화성시갑,지역구,2024-05-30,,,general,3249208I,kna members_22.parquet; NA-API 의원이력; NA-API ALLNAMEMBER; kowiki list oldid=42421192,1,,,,term_start,sitting,,,경기도 화성시 갑,,,더불어민주당,더불어민주당,송옥주,True,,False
22,권칠승,權七勝,1965-11-18,남,더불어민주당,경기 화성시병,지역구,2024-05-30,,,general,C7E79345,kna members_22.parquet; NA-API 의원이력; NA-API ALLNAMEMBER; kowiki list oldid=42421192,1,,,,term_start,sitting,,,경기도 화성시 병,,,더불어민주당,더불어민주당,권칠승,True,,False
22,이준석,李埈錫,1985-03-31,남,개혁신당,경기 화성시을,지역구,2024-05-30,,,general,QWL7778X,kna members_22.parquet; NA-API 의원이력; NA-API ALLNAMEMBER; kowiki list oldid=42421192,1,,,,term_start,sitting,,,경기도 화성시 을,,,개혁신당,개혁신당,이준석,True,,False
22,전용기,田溶冀,1991-10-26,남,더불어민주당,경기 화성시정,지역구,2024-05-30,,,general,TJW93720,kna members_22.parquet; NA-API 의원이력; NA-API ALLNAMEMBER; kowiki list oldid=42421192,1,,,,term_start,sitting,,,경기도 화성시 정,,,더불어민주당,더불어민주당,전용기,True,,False
22,서일준,徐一俊,1965-05-10,남,국민의힘,경남 거제시,지역구,2024-05-30,,,general,MR210505,kna members_22.parquet; NA-API 의원이력; NA-API ALLNAMEMBER; kowiki list oldid=42421192,1,,,,term_start,sitting,,,경상남도 거제시,,,국민의힘,국민의힘,서일준,True,,False
22,민홍철,閔洪喆,1961-04-18,남,더불어민주당,경남 김해시갑,지역구,2024-05-30,,,general,O6D8329R,kna members_22.parquet; NA-API 의원이력; NA-API ALLNAMEMBER; kowiki list oldid=42421192,1,,,,term_start,sitting,,,경상남도 김해시 갑,,,더불어민주당,더불어민주당,민홍철,True,,False
22,김정호,金禎鎬,1960-06-18,남,더불어민주당,경남 김해시을,지역구,2024-05-30,,,general,9LD2641Q,kna members_22.parquet; NA-API 의원이력; NA-API ALLNAMEMBER; kowiki list oldid=42421192,1,,,,term_start,sitting,,,경상남도 김해시 을,,,더불어민주당,더불어민주당,김정호 (1960년),True,,False
22,박상웅,朴相雄,1960-08-16,남,국민의힘,경남 밀양시의령군함안군창녕군,지역구,2024-05-30,,,general,VA04150X,kna members_22.parquet; NA-API 의원이력; NA-API ALLNAMEMBER; kowiki list oldid=42421192,1,,,,term_start,sitting,,,경상남도 밀양시·의령군·함안군·창녕군,,,국민의힘,국민의힘,박상웅,True,,False
22,서천호,徐千浩,1961-09-08,남,국민의힘,경남 사천시남해군하동군,지역구,2024-05-30,,,general,JP222486,kna members_22.parquet; NA-API 의원이력; NA-API ALLNAMEMBER; kowiki list oldid=42421192,1,,,,term_start,sitting,,,경상남도 사천시·남해군·하동군,,,국민의힘,국민의힘,서천호,True,,False
22,신성범,愼聖範,1963-06-01,남,국민의힘,경남 산청군함양군거창군합천군,지역구,2024-05-30,,,general,RMC1840P,kna members_22.parquet; NA-API 의원이력; NA-API ALLNAMEMBER; kowiki list oldid=42421192,1,,,,term_start,sitting,,,경상남도 산청군·함양군·거창군·합천군,,,국민의힘,국민의힘,신성범,True,,False
22,윤영석,尹永碩,1964-10-07,남,국민의힘,경남 양산시갑,지역구,2024-05-30,,,general,9VR65006,kna members_22.parquet; NA-API 의원이력; NA-API ALLNAMEMBER; kowiki list oldid=42421192,1,,,,term_start,sitting,,,경상남도 양산시 갑,,,국민의힘,국민의힘,윤영석,True,,False
22,김태호,金台鎬,1962-08-21,남,국민의힘,경남 양산시을,지역구,2024-05-30,,,general,P0F1530P,kna members_22.parquet; NA-API 의원이력; NA-API ALLNAMEMBER; kowiki list oldid=42421192,1,,,,term_start,sitting,,,경상남도 양산시 을,,,국민의힘,국민의힘,김태호 (1962년),True,,True
22,박대출,朴大出,1961-03-18,남,국민의힘,경남 진주시갑,지역구,2024-05-30,,,general,W4X85128,kna members_22.parquet; NA-API 의원이력; NA-API ALLNAMEMBER; kowiki list oldid=42421192,1,,,,term_start,sitting,,,경상남도 진주시 갑,,,국민의힘,국민의힘,박대출,True,,False
22,강민국,姜旻局,1971-03-03,남,국민의힘,경남 진주시을,지역구,2024-05-30,,,general,GX22581L,kna members_22.parquet; NA-API 의원이력; NA-API ALLNAMEMBER; kowiki list oldid=42421192,1,,,,term_start,sitting,,,경상남도 진주시 을,,,국민의힘,국민의힘,강민국 (정치인),True,,False
22,최형두,崔炯斗,1962-10-23,남,국민의힘,경남 창원시마산합포구,지역구,2024-05-30,,,general,A0P4646G,kna members_22.parquet; NA-API 의원이력; NA-API ALLNAMEMBER; kowiki list oldid=42421192,1,,,,term_start,sitting,,,경상남도 창원시 마산합포구,,,국민의힘,국민의힘,최형두,True,,False
22,윤한홍,尹漢洪,1962-11-01,남,국민의힘,경남 창원시마산회원구,지역구,2024-05-30,,,general,8X15119P,kna members_22.parquet; NA-API 의원이력; NA-API ALLNAMEMBER; kowiki list oldid=42421192,1,,,,term_start,sitting,,,경상남도 창원시 마산회원구,,,국민의힘,국민의힘,윤한홍,True,,False
22,허성무,許成武,1963-10-29,남,더불어민주당,경남 창원시성산구,지역구,2024-05-30,,,general,HHB5652A,kna members_22.parquet; NA-API 의원이력; NA-API ALLNAMEMBER; kowiki list oldid=42421192,1,,,,term_start,sitting,,,경상남도 창원시 성산구,,,더불어민주당,더불어민주당,허성무,True,,False
22,김종양,金鍾陽,1961-10-30,남,국민의힘,경남 창원시의창구,지역구,2024-05-30,,,general,N378078V,kna members_22.parquet; NA-API 의원이력; NA-API ALLNAMEMBER; kowiki list oldid=42421192,1,,,,term_start,sitting,,,경상남도 창원시 의창구,,,국민의힘,국민의힘,김종양,True,,False
22,이종욱,李琮煜,1965-03-15,남,국민의힘,경남 창원시진해구,지역구,2024-05-30,,,general,NLS46526,kna members_22.parquet; NA-API 의원이력; NA-API ALLNAMEMBER; kowiki list oldid=42421192,1,,,,term_start,sitting,,,경상남도 창원시 진해구,,,국민의힘,국민의힘,이종욱 (1965년),True,,False
22,정점식,鄭点植,1965-07-15,남,국민의힘,경남 통영시고성군,지역구,2024-05-30,,,general,LJK4960Z,kna members_22.parquet; NA-API 의원이력; NA-API ALLNAMEMBER; kowiki list oldid=42421192,1,,,,term_start,sitting,,,경상남도 통영시·고성군,,,국민의힘,국민의힘,정점식,True,,False
22,조지연,趙志娟,1987-03-31,여,국민의힘,경북 경산시,지역구,2024-05-30,,,general,3NI5978A,kna members_22.parquet; NA-API 의원이력; NA-API ALLNAMEMBER; kowiki list oldid=42421192,1,,,,term_start,sitting,,,경상북도 경산시,,,국민의힘,국민의힘,조지연,True,,False
22,김석기,金碩基,1954-08-06,남,국민의힘,경북 경주시,지역구,2024-05-30,,,general,ZYP7962W,kna members_22.parquet; NA-API 의원이력; NA-API ALLNAMEMBER; kowiki list oldid=42421192,1,,,,term_start,sitting,,,경상북도 경주시,,,국민의힘,국민의힘,김석기 (1954년),True,,False
22,정희용,鄭熙溶,1976-10-01,남,국민의힘,경북 고령군성주군칠곡군,지역구,2024-05-30,,,general,PFG2137X,kna members_22.parquet; NA-API 의원이력; NA-API ALLNAMEMBER; kowiki list oldid=42421192,1,,,,term_start,sitting,,,경상북도 고령군·성주군·칠곡군,,,국민의힘,국민의힘,정희용,True,,False
22,구자근,具滋根,1967-10-09,남,국민의힘,경북 구미시갑,지역구,2024-05-30,,,general,7469929V,kna members_22.parquet; NA-API 의원이력; NA-API ALLNAMEMBER; kowiki list oldid=42421192,1,,,,term_start,sitting,,,경상북도 구미시 갑,,,국민의힘,국민의힘,구자근,True,,False
22,강명구,姜明求,1977-06-07,남,국민의힘,경북 구미시을,지역구,2024-05-30,,,general,9901388T,kna members_22.parquet; NA-API 의원이력; NA-API ALLNAMEMBER; kowiki list oldid=42421192,1,,,,term_start,sitting,,,경상북도 구미시 을,,,국민의힘,국민의힘,강명구 (정치인),True,,False
22,송언석,宋彦錫,1963-05-16,남,국민의힘,경북 김천시,지역구,2024-05-30,,,general,6EN68926,kna members_22.parquet; NA-API 의원이력; NA-API ALLNAMEMBER; kowiki list oldid=42421192,1,,,,term_start,sitting,,,경상북도 김천시,,,국민의힘,국민의힘,송언석,True,,False
22,임이자,林利子,1964-03-05,여,국민의힘,경북 상주시문경시,지역구,2024-05-30,,,general,EH27538E,kna members_22.parquet; NA-API 의원이력; NA-API ALLNAMEMBER; kowiki list oldid=42421192,1,,,,term_start,sitting,,,경상북도 상주시·문경시,,,국민의힘,국민의힘,임이자,True,,False
22,김형동,金亨東,1975-03-25,남,국민의힘,경북 안동시예천군,지역구,2024-05-30,,,general,JEZ3130Q,kna members_22.parquet; NA-API 의원이력; NA-API ALLNAMEMBER; kowiki list oldid=42421192,1,,,,term_start,sitting,,,경상북도 안동시·예천군,,,국민의힘,국민의힘,김형동,True,,False
22,임종득,林鍾得,1964-08-08,남,국민의힘,경북 영주시영양군봉화군,지역구,2024-05-30,,,general,RAJ1024Z,kna members_22.parquet; NA-API 의원이력; NA-API ALLNAMEMBER; kowiki list oldid=42421192,1,,,,term_start,sitting,,,경상북도 영주시·영양군·봉화군,,,국민의힘,국민의힘,임종득,True,,False
22,이만희,李晩熙,1963-12-11,남,국민의힘,경북 영천시청도군,지역구,2024-05-30,,,general,OSV9142K,kna members_22.parquet; NA-API 의원이력; NA-API ALLNAMEMBER; kowiki list oldid=42421192,1,,,,term_start,sitting,,,경상북도 영천시·청도군,,,국민의힘,국민의힘,이만희 (정치인),True,,False
22,박형수,朴亨修,1965-10-20,남,국민의힘,경북 의성군청송군영덕군울진군,지역구,2024-05-30,,,general,6U243644,kna members_22.parquet; NA-API 의원이력; NA-API ALLNAMEMBER; kowiki list oldid=42421192,1,,,,term_start,sitting,,,경상북도 의성군·청송군·영덕군·울진군,,,국민의힘,국민의힘,박형수 (1965년),True,,False
22,이상휘,李相輝,1963-10-06,남,국민의힘,경북 포항시남구울릉군,지역구,2024-05-30,,,general,8L52480G,kna members_22.parquet; NA-API 의원이력; NA-API ALLNAMEMBER; kowiki list oldid=42421192,1,,,,term_start,sitting,,,경상북도 포항시 남구·울릉군,,,국민의힘,국민의힘,이상휘,True,,False
22,김정재,金汀才,1966-02-15,여,국민의힘,경북 포항시북구,지역구,2024-05-30,,,general,E1J8836Y,kna members_22.parquet; NA-API 의원이력; NA-API ALLNAMEMBER; kowiki list oldid=42421192,1,,,,term_start,sitting,,,경상북도 포항시 북구,,,국민의힘,국민의힘,김정재,True,,False
22,박균택,朴均澤,1966-06-12,남,더불어민주당,광주 광산구갑,지역구,2024-05-30,,,general,IWR8966I,kna members_22.parquet; NA-API 의원이력; NA-API ALLNAMEMBER; kowiki list oldid=42421192,1,,,,term_start,sitting,,,광주광역시 광산구 갑,,,더불어민주당,더불어민주당,박균택,True,,False
22,민형배,閔炯培,1961-06-15,남,더불어민주당,광주 광산구을,지역구,2024-05-30,2026-04-30,resigned,general,VRY5522V,kna members_22.parquet; NA-API 의원이력; NA-API ALLNAMEMBER; kowiki list oldid=42421192; kowiki 의석변동 oldid=42540220; NA bill PRC_N2R6A0M4F3B0R1Z4G0Y6F3G0R6L9B7,1,,resigned_to_run_for_other_office,전남광주통합특별시장 출마로 사퇴 / 의원직 사퇴,term_start,confirmed,,nabill,광주광역시 광산구 을,,,더불어민주당,더불어민주당,민형배,True,,False
22,임문영,林文泳,1966-05-07,남,더불어민주당,광주 광산구을,지역구,2026-06-04,,,by_election,JVK71445,kna members_22.parquet; NA-API 의원이력; NA-API ALLNAMEMBER; kowiki list oldid=42421192; kowiki 의석변동 oldid=42540220,1,,,,confirmed,sitting,wikiseat,,광주광역시 광산구 을,,,더불어민주당,더불어민주당,임문영,True,,False
22,정진욱,丁秦旭,1964-10-20,남,더불어민주당,광주 동구남구갑,지역구,2024-05-30,,,general,9HE7226N,kna members_22.parquet; NA-API 의원이력; NA-API ALLNAMEMBER; kowiki list oldid=42421192,1,,,,term_start,sitting,,,광주광역시 동구·남구 갑,,,더불어민주당,더불어민주당,정진욱 (1964년),True,,False
22,안도걸,安道杰,1965-01-23,남,더불어민주당,광주 동구남구을,지역구,2024-05-30,,,general,EB16073M,kna members_22.parquet; NA-API 의원이력; NA-API ALLNAMEMBER; kowiki list oldid=42421192,1,,,,term_start,sitting,,,광주광역시 동구·남구 을,,,더불어민주당,더불어민주당,안도걸,True,,False
22,정준호,鄭俊鎬,1980-05-03,남,더불어민주당,광주 북구갑,지역구,2024-05-30,,,general,IC499858,kna members_22.parquet; NA-API 의원이력; NA-API ALLNAMEMBER; kowiki list oldid=42421192,1,,,,term_start,sitting,,,광주광역시 북구 갑,,,더불어민주당,더불어민주당,정준호 (1980년),True,,False
22,전진숙,全眞淑,1969-02-05,여,더불어민주당,광주 북구을,지역구,2024-05-30,,,general,QUR40502,kna members_22.parquet; NA-API 의원이력; NA-API ALLNAMEMBER; kowiki list oldid=42421192,1,,,,term_start,sitting,,,광주광역시 북구 을,,,더불어민주당,더불어민주당,전진숙,True,,False
22,조인철,趙寅喆,1964-08-19,남,더불어민주당,광주 서구갑,지역구,2024-05-30,,,general,ZKB18611,kna members_22.parquet; NA-API 의원이력; NA-API ALLNAMEMBER; kowiki list oldid=42421192,1,,,,term_start,sitting,,,광주광역시 서구 갑,,,더불어민주당,더불어민주당,조인철 (1964년),True,,False
22,양부남,楊富男,1961-03-23,남,더불어민주당,광주 서구을,지역구,2024-05-30,,,general,CK143054,kna members_22.parquet; NA-API 의원이력; NA-API ALLNAMEMBER; kowiki list oldid=42421192,1,,,,term_start,sitting,,,광주광역시 서구 을,,,더불어민주당,더불어민주당,양부남,True,,False
22,유영하,柳榮夏,1962-10-19,남,국민의힘,대구 달서구갑,지역구,2024-05-30,,,general,JZV5283U,kna members_22.parquet; NA-API 의원이력; NA-API ALLNAMEMBER; kowiki list oldid=42421192,1,,,,term_start,sitting,,,대구광역시 달서구 갑,,,국민의힘,국민의힘,유영하,True,,False
22,권영진,權泳臻,1962-12-10,남,국민의힘,대구 달서구병,지역구,2024-05-30,,,general,LYY5513O,kna members_22.parquet; NA-API 의원이력; NA-API ALLNAMEMBER; kowiki list oldid=42421192,1,,,,term_start,sitting,,,대구광역시 달서구 병,,,국민의힘,국민의힘,권영진 (정치인),True,,False
22,윤재옥,尹在玉,1961-09-10,남,국민의힘,대구 달서구을,지역구,2024-05-30,,,general,ZRF3039U,kna members_22.parquet; NA-API 의원이력; NA-API ALLNAMEMBER; kowiki list oldid=42421192,1,,,,term_start,sitting,,,대구광역시 달서구 을,,,국민의힘,국민의힘,윤재옥,True,,False
22,추경호,秋慶鎬,1960-07-29,남,국민의힘,대구 달성군,지역구,2024-05-30,2026-04-30,resigned,general,G152611B,kna members_22.parquet; NA-API 의원이력; NA-API ALLNAMEMBER; kowiki list oldid=42421192; kowiki 의석변동 oldid=42540220; NA bill PRC_V2L6N0D4Q3L0M1K3Q5N5V2S4L0B5H6,1,,resigned_to_run_for_other_office,대구광역시장 출마로 사퇴 / 의원직 사퇴,term_start,confirmed,,nabill,대구광역시 달성군,,,국민의힘,국민의힘,추경호,True,,False
22,이진숙,李眞淑,1961-07-04,여,국민의힘,대구 달성군,지역구,2026-06-04,,,by_election,29V4537Y,kna members_22.parquet; NA-API 의원이력; NA-API ALLNAMEMBER; kowiki list oldid=42421192; kowiki 의석변동 oldid=42540220,1,,,,confirmed,sitting,wikiseat,,대구광역시 달성군,,,국민의힘,국민의힘,이진숙 (1961년),True,,False
22,최은석,崔殷碩,1967-06-07,남,국민의힘,대구 동구군위군갑,지역구,2024-05-30,,,general,UF53617M,kna members_22.parquet; NA-API 의원이력; NA-API ALLNAMEMBER; kowiki list oldid=42421192,1,,,,term_start,sitting,,,대구광역시 동구·군위군 갑,,,국민의힘,국민의힘,최은석 (1967년),True,,False
22,강대식,姜大植,1959-11-02,남,국민의힘,대구 동구군위군을,지역구,2024-05-30,,,general,L2I9861C,kna members_22.parquet; NA-API 의원이력; NA-API ALLNAMEMBER; kowiki list oldid=42421192,1,,,,term_start,sitting,,,대구광역시 동구·군위군 을,,,국민의힘,국민의힘,강대식,True,,False
22,우재준,禹在埈,1988-05-04,남,국민의힘,대구 북구갑,지역구,2024-05-30,,,general,8UC4779G,kna members_22.parquet; NA-API 의원이력; NA-API ALLNAMEMBER; kowiki list oldid=42421192,1,,,,term_start,sitting,,,대구광역시 북구 갑,,,국민의힘,국민의힘,우재준,True,,False
22,김승수,金承洙,1965-07-05,남,국민의힘,대구 북구을,지역구,2024-05-30,,,general,5K93695T,kna members_22.parquet; NA-API 의원이력; NA-API ALLNAMEMBER; kowiki list oldid=42421192,1,,,,term_start,sitting,,,대구광역시 북구 을,,,국민의힘,국민의힘,김승수 (1965년),True,,False
22,김상훈,金相勳,1963-01-25,남,국민의힘,대구 서구,지역구,2024-05-30,,,general,1Y73132H,kna members_22.parquet; NA-API 의원이력; NA-API ALLNAMEMBER; kowiki list oldid=42421192,1,,,,term_start,sitting,,,대구광역시 서구,,,국민의힘,국민의힘,김상훈 (1963년),True,,False
22,주호영,朱豪英,1960-12-10,남,국민의힘,대구 수성구갑,지역구,2024-05-30,,,general,8SV6917G,kna members_22.parquet; NA-API 의원이력; NA-API ALLNAMEMBER; kowiki list oldid=42421192,1,,,,term_start,sitting,,,대구광역시 수성구 갑,,,국민의힘,국민의힘,주호영,True,,False
22,이인선,李仁善,1959-05-02,여,국민의힘,대구 수성구을,지역구,2024-05-30,,,general,DWK26447,kna members_22.parquet; NA-API 의원이력; NA-API ALLNAMEMBER; kowiki list oldid=42421192,1,,,,term_start,sitting,,,대구광역시 수성구 을,,,국민의힘,국민의힘,이인선 (1959년),True,,False
22,김기웅,金基雄,1961-09-15,남,국민의힘,대구 중구남구,지역구,2024-05-30,,,general,HE08888N,kna members_22.parquet; NA-API 의원이력; NA-API ALLNAMEMBER; kowiki list oldid=42421192,1,,,,term_start,sitting,,,대구광역시 중구·남구,,,국민의힘,국민의힘,김기웅 (1961년),True,,False
22,박정현,朴貞炫,1964-11-04,여,더불어민주당,대전 대덕구,지역구,2024-05-30,,,general,HVV5250J,kna members_22.parquet; NA-API 의원이력; NA-API ALLNAMEMBER; kowiki list oldid=42421192,1,,,,term_start,sitting,,,대전광역시 대덕구,,,더불어민주당,더불어민주당,박정현 (1964년 11월),True,,False
22,장철민,張喆敏,1983-05-16,남,더불어민주당,대전 동구,지역구,2024-05-30,,,general,2NV6751W,kna members_22.parquet; NA-API 의원이력; NA-API ALLNAMEMBER; kowiki list oldid=42421192,1,,,,term_start,sitting,,,대전광역시 동구,,,더불어민주당,더불어민주당,장철민 (정치인),True,,False
22,장종태,張鐘泰,1953-02-08,남,더불어민주당,대전 서구갑,지역구,2024-05-30,,,general,CIZ8557P,kna members_22.parquet; NA-API 의원이력; NA-API ALLNAMEMBER; kowiki list oldid=42421192,1,,,,term_start,sitting,,,대전광역시 서구 갑,,,더불어민주당,더불어민주당,장종태,True,,False
22,박범계,朴範界,1963-04-27,남,더불어민주당,대전 서구을,지역구,2024-05-30,,,general,7R156073,kna members_22.parquet; NA-API 의원이력; NA-API ALLNAMEMBER; kowiki list oldid=42421192,1,,,,term_start,sitting,,,대전광역시 서구 을,,,더불어민주당,더불어민주당,박범계,True,,False
22,조승래,趙承來,1968-02-21,남,더불어민주당,대전 유성구갑,지역구,2024-05-30,,,general,FYI20317,kna members_22.parquet; NA-API 의원이력; NA-API ALLNAMEMBER; kowiki list oldid=42421192,1,,,,term_start,sitting,,,대전광역시 유성구 갑,,,더불어민주당,더불어민주당,조승래,True,,False
22,황정아,黃靖雅,1977-03-07,여,더불어민주당,대전 유성구을,지역구,2024-05-30,,,general,T6A6557F,kna members_22.parquet; NA-API 의원이력; NA-API ALLNAMEMBER; kowiki list oldid=42421192,1,,,,term_start,sitting,,,대전광역시 유성구 을,,,더불어민주당,더불어민주당,황정아 (1977년),True,,False
22,박용갑,朴龍甲,1957-03-17,남,더불어민주당,대전 중구,지역구,2024-05-30,,,general,1JI2689F,kna members_22.parquet; NA-API 의원이력; NA-API ALLNAMEMBER; kowiki list oldid=42421192,1,,,,term_start,sitting,,,대전광역시 중구,,,더불어민주당,더불어민주당,박용갑,True,,False
22,김도읍,金度邑,1964-07-06,남,국민의힘,부산 강서구,지역구,2024-05-30,,,general,LH97552Q,kna members_22.parquet; NA-API 의원이력; NA-API ALLNAMEMBER; kowiki list oldid=42421192,1,,,,term_start,sitting,,,부산광역시 강서구,,,국민의힘,국민의힘,김도읍,True,,False
22,백종헌,白宗憲,1962-12-23,남,국민의힘,부산 금정구,지역구,2024-05-30,,,general,CAA7713A,kna members_22.parquet; NA-API 의원이력; NA-API ALLNAMEMBER; kowiki list oldid=42421192,1,,,,term_start,sitting,,,부산광역시 금정구,,,국민의힘,국민의힘,백종헌 (1962년),True,,False
22,정동만,鄭東萬,1965-07-18,남,국민의힘,부산 기장군,지역구,2024-05-30,,,general,DAY6557K,kna members_22.parquet; NA-API 의원이력; NA-API ALLNAMEMBER; kowiki list oldid=42421192,1,,,,term_start,sitting,,,부산광역시 기장군,,,국민의힘,국민의힘,정동만,True,,False
22,박수영,朴洙瑩,1964-01-07,남,국민의힘,부산 남구,지역구,2024-05-30,,,general,FU87526G,kna members_22.parquet; NA-API 의원이력; NA-API ALLNAMEMBER; kowiki list oldid=42421192,1,,,,term_start,sitting,,,부산광역시 남구,,,국민의힘,국민의힘,박수영 (1964년),True,,False
22,서지영,徐知英,1975-02-18,여,국민의힘,부산 동래구,지역구,2024-05-30,,,general,P7U7800Z,kna members_22.parquet; NA-API 의원이력; NA-API ALLNAMEMBER; kowiki list oldid=42421192,1,,,,term_start,sitting,,,부산광역시 동래구,,,국민의힘,국민의힘,서지영 (정치인),True,,False
22,정성국,鄭聖國,1971-04-03,남,국민의힘,부산 부산진구갑,지역구,2024-05-30,,,general,CGW7415Z,kna members_22.parquet; NA-API 의원이력; NA-API ALLNAMEMBER; kowiki list oldid=42421192,1,,,,term_start,sitting,,,부산광역시 부산진구 갑,,,국민의힘,국민의힘,정성국 (1971년),True,,False
22,이헌승,李憲昇,1963-05-11,남,국민의힘,부산 부산진구을,지역구,2024-05-30,,,general,EVH1507C,kna members_22.parquet; NA-API 의원이력; NA-API ALLNAMEMBER; kowiki list oldid=42421192,1,,,,term_start,sitting,,,부산광역시 부산진구 을,,,국민의힘,국민의힘,이헌승,True,,False
22,전재수,田載秀,1971-04-20,남,더불어민주당,부산 북구갑,지역구,2024-05-30,2026-04-30,resigned,general,9YO73104,kna members_22.parquet; NA-API 의원이력; NA-API ALLNAMEMBER; kowiki list oldid=42421192; kowiki 의석변동 oldid=42540220; NA bill PRC_F2T6G0F4Y3C0I1N4L0G2Y2H1K9L2N6,1,,resigned_to_run_for_other_office,부산광역시장 출마로 사퇴 / 의원직 사퇴,term_start,confirmed,,nabill,부산광역시 북구 갑,,,더불어민주당,더불어민주당,전재수,True,,False
22,한동훈,韓東勳,1973-04-09,남,무소속,부산 북구갑,지역구,2026-06-04,,,by_election,5DC8083A,kna members_22.parquet; NA-API 의원이력; NA-API ALLNAMEMBER; kowiki list oldid=42421192; kowiki 의석변동 oldid=42540220,1,,,,confirmed,sitting,wikiseat,,부산광역시 북구 갑,,,무소속,무소속,한동훈,True,,False
22,박성훈,朴成訓,1971-01-18,남,국민의힘,부산 북구을,지역구,2024-05-30,,,general,NX534083,kna members_22.parquet; NA-API 의원이력; NA-API ALLNAMEMBER; kowiki list oldid=42421192,1,,,,term_start,sitting,,,부산광역시 북구 을,,,국민의힘,국민의힘,박성훈 (1971년),True,,False
22,김대식,金大植,1962-08-11,남,국민의힘,부산 사상구,지역구,2024-05-30,,,general,ANS8383S,kna members_22.parquet; NA-API 의원이력; NA-API ALLNAMEMBER; kowiki list oldid=42421192,1,,,,term_start,sitting,,,부산광역시 사상구,,,국민의힘,국민의힘,김대식 (1962년),True,,False
22,이성권,李成權,1968-10-15,남,국민의힘,부산 사하구갑,지역구,2024-05-30,,,general,WXJ8352N,kna members_22.parquet; NA-API 의원이력; NA-API ALLNAMEMBER; kowiki list oldid=42421192,1,,,,term_start,sitting,,,부산광역시 사하구 갑,,,국민의힘,국민의힘,이성권 (1968년),True,,False
22,조경태,趙慶泰,1968-01-10,남,국민의힘,부산 사하구을,지역구,2024-05-30,,,general,5KV82250,kna members_22.parquet; NA-API 의원이력; NA-API ALLNAMEMBER; kowiki list oldid=42421192,1,,,,term_start,sitting,,,부산광역시 사하구 을,,,국민의힘,국민의힘,조경태,True,,False
22,곽규택,郭圭澤,1971-04-12,남,국민의힘,부산 서구동구,지역구,2024-05-30,,,general,REG96285,kna members_22.parquet; NA-API 의원이력; NA-API ALLNAMEMBER; kowiki list oldid=42421192,1,,,,term_start,sitting,,,부산광역시 서구·동구,,,국민의힘,국민의힘,곽규택,True,,False
22,정연욱,鄭然旭,1965-12-22,남,국민의힘,부산 수영구,지역구,2024-05-30,,,general,8XE7026P,kna members_22.parquet; NA-API 의원이력; NA-API ALLNAMEMBER; kowiki list oldid=42421192,1,,,,term_start,sitting,,,부산광역시 수영구,,,국민의힘,국민의힘,정연욱,True,,False
22,김희정,金姬廷,1971-04-13,여,국민의힘,부산 연제구,지역구,2024-05-30,,,general,HRG9655C,kna members_22.parquet; NA-API 의원이력; NA-API ALLNAMEMBER; kowiki list oldid=42421192,1,,,,term_start,sitting,,,부산광역시 연제구,,,국민의힘,국민의힘,김희정 (1971년),True,,False
22,조승환,趙承煥,1966-02-17,남,국민의힘,부산 중구영도구,지역구,2024-05-30,,,general,ME83002L,kna members_22.parquet; NA-API 의원이력; NA-API ALLNAMEMBER; kowiki list oldid=42421192,1,,,,term_start,sitting,,,부산광역시 중구·영도구,,,국민의힘,국민의힘,조승환,True,,False
22,주진우,朱晋佑,1975-05-25,남,국민의힘,부산 해운대구갑,지역구,2024-05-30,,,general,GJK57930,kna members_22.parquet; NA-API 의원이력; NA-API ALLNAMEMBER; kowiki list oldid=42421192,1,,,,term_start,sitting,,,부산광역시 해운대구 갑,,,국민의힘,국민의힘,주진우 (1975년),True,,True
22,김미애,金美愛,1969-10-06,여,국민의힘,부산 해운대구을,지역구,2024-05-30,,,general,3BC6890E,kna members_22.parquet; NA-API 의원이력; NA-API ALLNAMEMBER; kowiki list oldid=42421192,1,,,,term_start,sitting,,,부산광역시 해운대구 을,,,국민의힘,국민의힘,김미애 (1969년),True,,False
22,서명옥,徐明玉,1960-11-26,여,국민의힘,서울 강남구갑,지역구,2024-05-30,,,general,QQ429063,kna members_22.parquet; NA-API 의원이력; NA-API ALLNAMEMBER; kowiki list oldid=42421192,1,,,,term_start,sitting,,,서울특별시 강남구 갑,,,국민의힘,국민의힘,서명옥,True,,False
22,고동진,高東眞,1961-03-26,남,국민의힘,서울 강남구병,지역구,2024-05-30,,,general,HS39431V,kna members_22.parquet; NA-API 의원이력; NA-API ALLNAMEMBER; kowiki list oldid=42421192,1,,,,term_start,sitting,,,서울특별시 강남구 병,,,국민의힘,국민의힘,고동진 (1961년),True,,False
22,박수민,朴琇民,1967-12-03,남,국민의힘,서울 강남구을,지역구,2024-05-30,,,general,Y0X4618N,kna members_22.parquet; NA-API 의원이력; NA-API ALLNAMEMBER; kowiki list oldid=42421192,1,,,,term_start,sitting,,,서울특별시 강남구 을,,,국민의힘,국민의힘,박수민,True,,False
22,진선미,陳善美,1967-05-14,여,더불어민주당,서울 강동구갑,지역구,2024-05-30,,,general,68P7228G,kna members_22.parquet; NA-API 의원이력; NA-API ALLNAMEMBER; kowiki list oldid=42421192,1,,,,term_start,sitting,,,서울특별시 강동구 갑,,,더불어민주당,더불어민주당,진선미,True,,False
22,이해식,李海植,1963-11-13,남,더불어민주당,서울 강동구을,지역구,2024-05-30,,,general,CCU1009B,kna members_22.parquet; NA-API 의원이력; NA-API ALLNAMEMBER; kowiki list oldid=42421192,1,,,,term_start,sitting,,,서울특별시 강동구 을,,,더불어민주당,더불어민주당,이해식,True,,False
22,천준호,千俊鎬,1971-02-15,남,더불어민주당,서울 강북구갑,지역구,2024-05-30,,,general,A494529E,kna members_22.parquet; NA-API 의원이력; NA-API ALLNAMEMBER; kowiki list oldid=42421192,1,,,,term_start,sitting,,,서울특별시 강북구 갑,,,더불어민주당,더불어민주당,천준호,True,,False
22,한민수,韓玟洙,1969-01-15,남,더불어민주당,서울 강북구을,지역구,2024-05-30,,,general,8JG4358H,kna members_22.parquet; NA-API 의원이력; NA-API ALLNAMEMBER; kowiki list oldid=42421192,1,,,,term_start,sitting,,,서울특별시 강북구 을,,,더불어민주당,더불어민주당,한민수 (1969년),True,,False
22,강선우,姜仙祐,1978-06-02,여,더불어민주당,서울 강서구갑,지역구,2024-05-30,,,general,MNZ4401T,kna members_22.parquet; NA-API 의원이력; NA-API ALLNAMEMBER; kowiki list oldid=42421192,1,,,,term_start,sitting,,,서울특별시 강서구 갑,,,무소속,더불어민주당,강선우,True,,False
22,한정애,韓貞愛,1965-01-08,여,더불어민주당,서울 강서구병,지역구,2024-05-30,,,general,XPP2564T,kna members_22.parquet; NA-API 의원이력; NA-API ALLNAMEMBER; kowiki list oldid=42421192,1,,,,term_start,sitting,,,서울특별시 강서구 병,,,더불어민주당,더불어민주당,한정애,True,,False
22,진성준,陳聲準,1967-04-19,남,더불어민주당,서울 강서구을,지역구,2024-05-30,,,general,3C23171A,kna members_22.parquet; NA-API 의원이력; NA-API ALLNAMEMBER; kowiki list oldid=42421192,1,,,,term_start,sitting,,,서울특별시 강서구 을,,,더불어민주당,더불어민주당,진성준,True,,False
22,박민규,朴珉奎,1973-06-13,남,더불어민주당,서울 관악구갑,지역구,2024-05-30,,,general,M4O5221T,kna members_22.parquet; NA-API 의원이력; NA-API ALLNAMEMBER; kowiki list oldid=42421192,1,,,,term_start,sitting,,,서울특별시 관악구 갑,,,더불어민주당,더불어민주당,박민규 (정치인),True,,False
22,정태호,鄭泰浩,1963-03-20,남,더불어민주당,서울 관악구을,지역구,2024-05-30,,,general,UHB5553T,kna members_22.parquet; NA-API 의원이력; NA-API ALLNAMEMBER; kowiki list oldid=42421192,1,,,,term_start,sitting,,,서울특별시 관악구 을,,,더불어민주당,더불어민주당,정태호 (1963년),True,,False
22,이정헌,李政憲,1971-05-05,남,더불어민주당,서울 광진구갑,지역구,2024-05-30,,,general,5762459L,kna members_22.parquet; NA-API 의원이력; NA-API ALLNAMEMBER; kowiki list oldid=42421192,1,,,,term_start,sitting,,,서울특별시 광진구 갑,,,더불어민주당,더불어민주당,이정헌 (1971년),True,,False
22,고민정,高旼廷,1979-08-23,여,더불어민주당,서울 광진구을,지역구,2024-05-30,,,general,WCD5518S,kna members_22.parquet; NA-API 의원이력; NA-API ALLNAMEMBER; kowiki list oldid=42421192,1,,,,term_start,sitting,,,서울특별시 광진구 을,,,더불어민주당,더불어민주당,고민정,True,,False
22,이인영,李仁榮,1964-06-28,남,더불어민주당,서울 구로구갑,지역구,2024-05-30,,,general,3ZR4438W,kna members_22.parquet; NA-API 의원이력; NA-API ALLNAMEMBER; kowiki list oldid=42421192,1,,,,term_start,sitting,,,서울특별시 구로구 갑,,,더불어민주당,더불어민주당,이인영 (정치인),True,,False
22,윤건영,尹建永,1969-09-26,남,더불어민주당,서울 구로구을,지역구,2024-05-30,,,general,GP07421U,kna members_22.parquet; NA-API 의원이력; NA-API ALLNAMEMBER; kowiki list oldid=42421192,1,,,,term_start,sitting,,,서울특별시 구로구 을,,,더불어민주당,더불어민주당,윤건영 (1969년),True,,True
22,최기상,崔基相,1969-10-07,남,더불어민주당,서울 금천구,지역구,2024-05-30,,,general,I5I2468R,kna members_22.parquet; NA-API 의원이력; NA-API ALLNAMEMBER; kowiki list oldid=42421192,1,,,,term_start,sitting,,,서울특별시 금천구,,,더불어민주당,더불어민주당,최기상,True,,False
22,우원식,禹元植,1957-09-18,남,더불어민주당,서울 노원구갑,지역구,2024-05-30,,,general,XBT9550Q,kna members_22.parquet; NA-API 의원이력; NA-API ALLNAMEMBER; kowiki list oldid=42421192,1,,,,term_start,sitting,,,서울특별시 노원구 갑,,,더불어민주당,더불어민주당,우원식,True,,False
22,김성환,金星煥,1965-10-15,남,더불어민주당,서울 노원구을,지역구,2024-05-30,,,general,XSP20229,kna members_22.parquet; NA-API 의원이력; NA-API ALLNAMEMBER; kowiki list oldid=42421192,1,,,,term_start,sitting,,,서울특별시 노원구 을,,,더불어민주당,더불어민주당,김성환 (1965년),True,,False
22,김재섭,金宰燮,1987-06-28,남,국민의힘,서울 도봉구갑,지역구,2024-05-30,,,general,57B28032,kna members_22.parquet; NA-API 의원이력; NA-API ALLNAMEMBER; kowiki list oldid=42421192,1,,,,term_start,sitting,,,서울특별시 도봉구 갑,,,국민의힘,국민의힘,김재섭 (정치인),True,,False
22,오기형,吳奇炯,1966-11-25,남,더불어민주당,서울 도봉구을,지역구,2024-05-30,,,general,OIA3741M,kna members_22.parquet; NA-API 의원이력; NA-API ALLNAMEMBER; kowiki list oldid=42421192,1,,,,term_start,sitting,,,서울특별시 도봉구 을,,,더불어민주당,더불어민주당,오기형,True,,False
22,안규백,安圭伯,1961-04-29,남,더불어민주당,서울 동대문구갑,지역구,2024-05-30,,,general,TST4507I,kna members_22.parquet; NA-API 의원이력; NA-API ALLNAMEMBER; kowiki list oldid=42421192,1,,,,term_start,sitting,,,서울특별시 동대문구 갑,,,더불어민주당,더불어민주당,안규백,True,,False
22,장경태,張耿態,1983-10-12,남,더불어민주당,서울 동대문구을,지역구,2024-05-30,,,general,RPN2293B,kna members_22.parquet; NA-API 의원이력; NA-API ALLNAMEMBER; kowiki list oldid=42421192,1,,,,term_start,sitting,,,서울특별시 동대문구 을,,,무소속,더불어민주당,장경태,True,,False
22,김병기,金炳基,1961-07-10,남,더불어민주당,서울 동작구갑,지역구,2024-05-30,,,general,8Q88373R,kna members_22.parquet; NA-API 의원이력; NA-API ALLNAMEMBER; kowiki list oldid=42421192,1,,,,term_start,sitting,,,서울특별시 동작구 갑,,,무소속,더불어민주당,김병기 (1961년),True,,False
22,나경원,羅景垣,1963-12-06,여,국민의힘,서울 동작구을,지역구,2024-05-30,,,general,SLW27496,kna members_22.parquet; NA-API 의원이력; NA-API ALLNAMEMBER; kowiki list oldid=42421192,1,,,,term_start,sitting,,,서울특별시 동작구 을,,,국민의힘,국민의힘,나경원,True,,False
22,조정훈,趙廷訓,1972-10-07,남,국민의힘,서울 마포구갑,지역구,2024-05-30,,,general,WJL30106,kna members_22.parquet; NA-API 의원이력; NA-API ALLNAMEMBER; kowiki list oldid=42421192,1,,,,term_start,sitting,,,서울특별시 마포구 갑,,,국민의힘,국민의힘,조정훈 (1972년),True,,False
22,정청래,鄭淸來,1965-04-18,남,더불어민주당,서울 마포구을,지역구,2024-05-30,,,general,2385336L,kna members_22.parquet; NA-API 의원이력; NA-API ALLNAMEMBER; kowiki list oldid=42421192,1,,,,term_start,sitting,,,서울특별시 마포구 을,,,더불어민주당,더불어민주당,정청래,True,,False
22,김동아,金東我,1987-10-30,남,더불어민주당,서울 서대문구갑,지역구,2024-05-30,,,general,MIS62075,kna members_22.parquet; NA-API 의원이력; NA-API ALLNAMEMBER; kowiki list oldid=42421192,1,,,,term_start,sitting,,,서울특별시 서대문구 갑,,,더불어민주당,더불어민주당,김동아,True,,False
22,김영호,金映豪,1967-09-13,남,더불어민주당,서울 서대문구을,지역구,2024-05-30,,,general,7BM2933Y,kna members_22.parquet; NA-API 의원이력; NA-API ALLNAMEMBER; kowiki list oldid=42421192,1,,,,term_start,sitting,,,서울특별시 서대문구 을,,,더불어민주당,더불어민주당,김영호 (1967년),True,,False
22,조은희,趙恩禧,1961-05-20,여,국민의힘,서울 서초구갑,지역구,2024-05-30,,,general,MQU41854,kna members_22.parquet; NA-API 의원이력; NA-API ALLNAMEMBER; kowiki list oldid=42421192,1,,,,term_start,sitting,,,서울특별시 서초구 갑,,,국민의힘,국민의힘,조은희 (정치인),True,,False
22,신동욱,申東旭,1967-08-03,남,국민의힘,서울 서초구을,지역구,2024-05-30,,,general,OWD1018N,kna members_22.parquet; NA-API 의원이력; NA-API ALLNAMEMBER; kowiki list oldid=42421192,1,,,,term_start,sitting,,,서울특별시 서초구 을,,,국민의힘,국민의힘,신동욱 (1965년생 정치인),True,,False
22,김영배,金永培,1967-03-08,남,더불어민주당,서울 성북구갑,지역구,2024-05-30,,,general,B7D7534L,kna members_22.parquet; NA-API 의원이력; NA-API ALLNAMEMBER; kowiki list oldid=42421192,1,,,,term_start,sitting,,,서울특별시 성북구 갑,,,더불어민주당,더불어민주당,김영배 (1967년),True,,True
22,김남근,金南槿,1963-08-26,남,더불어민주당,서울 성북구을,지역구,2024-05-30,,,general,IUX1829H,kna members_22.parquet; NA-API 의원이력; NA-API ALLNAMEMBER; kowiki list oldid=42421192,1,,,,term_start,sitting,,,서울특별시 성북구 을,,,더불어민주당,더불어민주당,김남근,True,,False
22,박정훈,朴庭勳,1971-02-08,남,국민의힘,서울 송파구갑,지역구,2024-05-30,,,general,AEJ19639,kna members_22.parquet; NA-API 의원이력; NA-API ALLNAMEMBER; kowiki list oldid=42421192,1,,,,term_start,sitting,,,서울특별시 송파구 갑,,,국민의힘,국민의힘,박정훈 (기자),True,,True
22,남인순,南仁順,1958-11-05,여,더불어민주당,서울 송파구병,지역구,2024-05-30,,,general,04T3751T,kna members_22.parquet; NA-API 의원이력; NA-API ALLNAMEMBER; kowiki list oldid=42421192,1,,,,term_start,sitting,,,서울특별시 송파구 병,,,더불어민주당,더불어민주당,남인순,True,,False
22,배현진,裵賢鎭,1983-11-06,여,국민의힘,서울 송파구을,지역구,2024-05-30,,,general,4X525582,kna members_22.parquet; NA-API 의원이력; NA-API ALLNAMEMBER; kowiki list oldid=42421192,1,,,,term_start,sitting,,,서울특별시 송파구 을,,,국민의힘,국민의힘,배현진,True,,False
22,황희,黃熙,1967-07-28,남,더불어민주당,서울 양천구갑,지역구,2024-05-30,,,general,0VU8517U,kna members_22.parquet; NA-API 의원이력; NA-API ALLNAMEMBER; kowiki list oldid=42421192,1,,,,term_start,sitting,,,서울특별시 양천구 갑,,,더불어민주당,더불어민주당,황희 (1967년),True,,False
22,이용선,李庸瑄,1958-02-12,남,더불어민주당,서울 양천구을,지역구,2024-05-30,,,general,9JF4562W,kna members_22.parquet; NA-API 의원이력; NA-API ALLNAMEMBER; kowiki list oldid=42421192,1,,,,term_start,sitting,,,서울특별시 양천구 을,,,더불어민주당,더불어민주당,이용선,True,,False
22,채현일,蔡鉉一,1970-07-26,남,더불어민주당,서울 영등포구갑,지역구,2024-05-30,,,general,1S05899F,kna members_22.parquet; NA-API 의원이력; NA-API ALLNAMEMBER; kowiki list oldid=42421192,1,,,,term_start,sitting,,,서울특별시 영등포구 갑,,,더불어민주당,더불어민주당,채현일,True,,False
22,김민석,金民錫,1964-05-29,남,더불어민주당,서울 영등포구을,지역구,2024-05-30,,,general,MLH1404S,kna members_22.parquet; NA-API 의원이력; NA-API ALLNAMEMBER; kowiki list oldid=42421192,1,,,,term_start,sitting,,,서울특별시 영등포구 을,,,더불어민주당,더불어민주당,김민석 (정치인),True,,False
22,권영세,權寧世,1959-02-24,남,국민의힘,서울 용산구,지역구,2024-05-30,,,general,LG63087O,kna members_22.parquet; NA-API 의원이력; NA-API ALLNAMEMBER; kowiki list oldid=42421192,1,,,,term_start,sitting,,,서울특별시 용산구,,,국민의힘,국민의힘,권영세 (1959년),True,,False
22,박주민,朴柱民,1973-11-21,남,더불어민주당,서울 은평구갑,지역구,2024-05-30,,,general,6AU2417B,kna members_22.parquet; NA-API 의원이력; NA-API ALLNAMEMBER; kowiki list oldid=42421192,1,,,,term_start,sitting,,,서울특별시 은평구 갑,,,더불어민주당,더불어민주당,박주민,True,,False
22,김우영,金宇榮,1969-08-05,남,더불어민주당,서울 은평구을,지역구,2024-05-30,,,general,3UI95829,kna members_22.parquet; NA-API 의원이력; NA-API ALLNAMEMBER; kowiki list oldid=42421192,1,,,,term_start,sitting,,,서울특별시 은평구 을,,,더불어민주당,더불어민주당,김우영 (1969년),True,,False
22,곽상언,郭相彦,1971-11-18,남,더불어민주당,서울 종로구,지역구,2024-05-30,,,general,FIE6569O,kna members_22.parquet; NA-API 의원이력; NA-API ALLNAMEMBER; kowiki list oldid=42421192,1,,,,term_start,sitting,,,서울특별시 종로구,,,더불어민주당,더불어민주당,곽상언,True,,False
22,전현희,全賢姬,1964-11-04,여,더불어민주당,서울 중구성동구갑,지역구,2024-05-30,,,general,25G2571T,kna members_22.parquet; NA-API 의원이력; NA-API ALLNAMEMBER; kowiki list oldid=42421192,1,,,,term_start,sitting,,,서울특별시 중구·성동구 갑,,,더불어민주당,더불어민주당,전현희,True,,False
22,박성준,朴省俊,1969-04-23,남,더불어민주당,서울 중구성동구을,지역구,2024-05-30,,,general,IL74008M,kna members_22.parquet; NA-API 의원이력; NA-API ALLNAMEMBER; kowiki list oldid=42421192,1,,,,term_start,sitting,,,서울특별시 중구·성동구 을,,,더불어민주당,더불어민주당,박성준 (정치인),True,,False
22,서영교,徐瑛敎,1964-11-11,여,더불어민주당,서울 중랑구갑,지역구,2024-05-30,,,general,TKJ4800F,kna members_22.parquet; NA-API 의원이력; NA-API ALLNAMEMBER; kowiki list oldid=42421192,1,,,,term_start,sitting,,,서울특별시 중랑구 갑,,,더불어민주당,더불어민주당,서영교,True,,False
22,박홍근,朴洪根,1969-10-08,남,더불어민주당,서울 중랑구을,지역구,2024-05-30,,,general,S824682L,kna members_22.parquet; NA-API 의원이력; NA-API ALLNAMEMBER; kowiki list oldid=42421192,1,,,,term_start,sitting,,,서울특별시 중랑구 을,,,더불어민주당,더불어민주당,박홍근 (정치인),True,,False
22,김종민,金鍾民,1964-05-12,남,새로운미래,세종특별자치시갑,지역구,2024-05-30,,,general,M2Q9024I,kna members_22.parquet; NA-API 의원이력; NA-API ALLNAMEMBER; kowiki list oldid=42421192,1,,,,term_start,sitting,,,세종특별자치시 세종특별자치시 갑,,,무소속,새로운미래,김종민 (1964년),True,,False
22,강준현,康準鉉,1964-08-19,남,더불어민주당,세종특별자치시을,지역구,2024-05-30,,,general,5KV96424,kna members_22.parquet; NA-API 의원이력; NA-API ALLNAMEMBER; kowiki list oldid=42421192,1,,,,term_start,sitting,,,세종특별자치시 세종특별자치시 을,,,더불어민주당,더불어민주당,강준현,True,,False
22,김상욱,金相旭,1980-01-01,남,국민의힘,울산 남구갑,지역구,2024-05-30,2026-04-30,resigned,general,VDN5593C,kna members_22.parquet; NA-API 의원이력; NA-API ALLNAMEMBER; kowiki list oldid=42421192; kowiki 의석변동 oldid=42540220; NA bill PRC_I2R6J0X4F3I0T1M4M0N6H5H3V1M3R9,1,,resigned_to_run_for_other_office,울산광역시장 출마로 사퇴,term_start,confirmed,,nabill,울산광역시 남구 갑,,,더불어민주당,국민의힘,김상욱 (1980년),True,,False
22,김태규,金泰圭,1967-09-28,남,국민의힘,울산 남구갑,지역구,2026-06-04,,,by_election,7ZS19508,kna members_22.parquet; NA-API 의원이력; NA-API ALLNAMEMBER; kowiki list oldid=42421192; kowiki 의석변동 oldid=42540220,1,,,,confirmed,sitting,wikiseat,,울산광역시 남구 갑,,,국민의힘,국민의힘,김태규 (1967년),True,,False
22,김기현,金起炫,1959-02-21,남,국민의힘,울산 남구을,지역구,2024-05-30,,,general,X7I4680R,kna members_22.parquet; NA-API 의원이력; NA-API ALLNAMEMBER; kowiki list oldid=42421192,1,,,,term_start,sitting,,,울산광역시 남구 을,,,국민의힘,국민의힘,김기현 (1959년),True,,False
22,김태선,金台善,1979-08-28,남,더불어민주당,울산 동구,지역구,2024-05-30,,,general,6WK3815W,kna members_22.parquet; NA-API 의원이력; NA-API ALLNAMEMBER; kowiki list oldid=42421192,1,,,,term_start,sitting,,,울산광역시 동구,,,더불어민주당,더불어민주당,김태선,True,,False
22,윤종오,尹鍾五,1963-08-14,남,진보당,울산 북구,지역구,2024-05-30,,,general,3TP65086,kna members_22.parquet; NA-API 의원이력; NA-API ALLNAMEMBER; kowiki list oldid=42421192,1,,,,term_start,sitting,,,울산광역시 북구,,,진보당,진보당,윤종오,True,,False
22,서범수,徐範洙,1963-09-17,남,국민의힘,울산 울주군,지역구,2024-05-30,,,general,L7J93733,kna members_22.parquet; NA-API 의원이력; NA-API ALLNAMEMBER; kowiki list oldid=42421192,1,,,,term_start,sitting,,,울산광역시 울주군,,,국민의힘,국민의힘,서범수,True,,False
22,박성민,朴成敏,1959-04-19,남,국민의힘,울산 중구,지역구,2024-05-30,,,general,X3170462,kna members_22.parquet; NA-API 의원이력; NA-API ALLNAMEMBER; kowiki list oldid=42421192,1,,,,term_start,sitting,,,울산광역시 중구,,,국민의힘,국민의힘,박성민 (정치인),True,,False
22,유동수,柳東秀,1961-09-18,남,더불어민주당,인천 계양구갑,지역구,2024-05-30,,,general,GX38539O,kna members_22.parquet; NA-API 의원이력; NA-API ALLNAMEMBER; kowiki list oldid=42421192,1,,,,term_start,sitting,,,인천광역시 계양구 갑,,,더불어민주당,더불어민주당,유동수,True,,False
22,이재명,李在明,1964-12-22,남,더불어민주당,인천 계양구을,지역구,2024-05-30,2025-06-04,elected_other_office,general,IUD9392R,kna members_22.parquet; NA-API 의원이력; NA-API ALLNAMEMBER; kowiki list oldid=42421192; kowiki 의석변동 oldid=42540220; NA bill PRC_P2L5N0L6O0A4Q1Z0L3J9E1E3R9R5H0,1,,elected_president,대통령 당선 / 의원직 사퇴,term_start,confirmed,,wikilist+wikiseat+nabill,인천광역시 계양구 을,,,더불어민주당,더불어민주당,이재명,True,,True
22,김남준,金南俊,1979-02-14,남,더불어민주당,인천 계양구을,지역구,2026-06-04,,,by_election,SKP6181Y,kna members_22.parquet; NA-API 의원이력; NA-API ALLNAMEMBER; kowiki list oldid=42421192; kowiki 의석변동 oldid=42540220,1,,,,confirmed,sitting,wikiseat,,인천광역시 계양구 을,,,더불어민주당,더불어민주당,김남준 (정치인),True,,False
22,맹성규,孟聖奎,1962-04-05,남,더불어민주당,인천 남동구갑,지역구,2024-05-30,,,general,FJK3396E,kna members_22.parquet; NA-API 의원이력; NA-API ALLNAMEMBER; kowiki list oldid=42421192,1,,,,term_start,sitting,,,인천광역시 남동구 갑,,,더불어민주당,더불어민주당,맹성규,True,,False
22,이훈기,李勳基,1965-11-30,남,더불어민주당,인천 남동구을,지역구,2024-05-30,,,general,2S73768V,kna members_22.parquet; NA-API 의원이력; NA-API ALLNAMEMBER; kowiki list oldid=42421192,1,,,,term_start,sitting,,,인천광역시 남동구 을,,,더불어민주당,더불어민주당,이훈기,True,,False
22,허종식,許琮植,1962-02-08,남,더불어민주당,인천 동구미추홀구갑,지역구,2024-05-30,,,general,VCP96419,kna members_22.parquet; NA-API 의원이력; NA-API ALLNAMEMBER; kowiki list oldid=42421192,1,,,,term_start,sitting,,,인천광역시 동구·미추홀구 갑,,,더불어민주당,더불어민주당,허종식,True,,False
22,윤상현,尹相現,1962-12-01,남,국민의힘,인천 동구미추홀구을,지역구,2024-05-30,,,general,MSY7784L,kna members_22.parquet; NA-API 의원이력; NA-API ALLNAMEMBER; kowiki list oldid=42421192,1,,,,term_start,sitting,,,인천광역시 동구·미추홀구 을,,,국민의힘,국민의힘,윤상현 (정치인),True,,False
22,노종면,盧宗勉,1967-09-15,남,더불어민주당,인천 부평구갑,지역구,2024-05-30,,,general,RUZ25800,kna members_22.parquet; NA-API 의원이력; NA-API ALLNAMEMBER; kowiki list oldid=42421192,1,,,,term_start,sitting,,,인천광역시 부평구 갑,,,더불어민주당,더불어민주당,노종면,True,,False
22,박선원,朴善源,1963-01-14,남,더불어민주당,인천 부평구을,지역구,2024-05-30,,,general,VZA76236,kna members_22.parquet; NA-API 의원이력; NA-API ALLNAMEMBER; kowiki list oldid=42421192,1,,,,term_start,sitting,,,인천광역시 부평구 을,,,더불어민주당,더불어민주당,박선원 (1963년),True,,False
22,김교흥,金敎興,1960-08-30,남,더불어민주당,인천 서구갑,지역구,2024-05-30,,,general,X1K3667J,kna members_22.parquet; NA-API 의원이력; NA-API ALLNAMEMBER; kowiki list oldid=42421192,1,,,,term_start,sitting,,,인천광역시 서구 갑,,,더불어민주당,더불어민주당,김교흥,True,,False
22,모경종,牟炅鍾,1989-08-10,남,더불어민주당,인천 서구병,지역구,2024-05-30,,,general,J1G57517,kna members_22.parquet; NA-API 의원이력; NA-API ALLNAMEMBER; kowiki list oldid=42421192,1,,,,term_start,sitting,,,인천광역시 서구 병,,,더불어민주당,더불어민주당,모경종,True,,False
22,이용우,李庸宇,1974-07-16,남,더불어민주당,인천 서구을,지역구,2024-05-30,,,general,6K79158C,kna members_22.parquet; NA-API 의원이력; NA-API ALLNAMEMBER; kowiki list oldid=42421192,1,,,,term_start,sitting,,,인천광역시 서구 을,,,더불어민주당,더불어민주당,이용우 (1974년),True,,True
22,박찬대,朴贊大,1967-05-10,남,더불어민주당,인천 연수구갑,지역구,2024-05-30,2026-04-30,resigned,general,BT62420K,kna members_22.parquet; NA-API 의원이력; NA-API ALLNAMEMBER; kowiki list oldid=42421192; kowiki 의석변동 oldid=42540220; NA bill PRC_Q2J6M0H4K3A0Y1K4L0U1P3L9I2Z0C1,1,,resigned_to_run_for_other_office,인천광역시장 출마로 사퇴 / 의원직 사퇴,term_start,confirmed,,nabill,인천광역시 연수구 갑,,,더불어민주당,더불어민주당,박찬대,True,,False
22,송영길,宋永吉,1963-03-21,남,더불어민주당,인천 연수구갑,지역구,2026-06-04,,,by_election,PAO22428,kna members_22.parquet; NA-API 의원이력; NA-API ALLNAMEMBER; kowiki list oldid=42421192; kowiki 의석변동 oldid=42540220,1,,,,confirmed,sitting,wikiseat,,인천광역시 연수구 갑,,,더불어민주당,더불어민주당,송영길 (정치인),True,,False
22,정일영,鄭日永,1957-08-14,남,더불어민주당,인천 연수구을,지역구,2024-05-30,,,general,LT72093S,kna members_22.parquet; NA-API 의원이력; NA-API ALLNAMEMBER; kowiki list oldid=42421192,1,,,,term_start,sitting,,,인천광역시 연수구 을,,,더불어민주당,더불어민주당,정일영 (1957년),True,,True
22,배준영,裵俊英,1970-10-21,남,국민의힘,인천 중구강화군옹진군,지역구,2024-05-30,,,general,QQP4727N,kna members_22.parquet; NA-API 의원이력; NA-API ALLNAMEMBER; kowiki list oldid=42421192,1,,,,term_start,sitting,,,인천광역시 중구·강화군·옹진군,,,국민의힘,국민의힘,배준영,True,,False
22,문금주,文今柱,1967-06-03,남,더불어민주당,전남 고흥군보성군장흥군강진군,지역구,2024-05-30,,,general,GRP3908I,kna members_22.parquet; NA-API 의원이력; NA-API ALLNAMEMBER; kowiki list oldid=42421192,1,,,,term_start,sitting,,,전라남도 고흥군·보성군·장흥군·강진군,,,더불어민주당,더불어민주당,문금주,True,,False
22,신정훈,辛正勳,1964-12-06,남,더불어민주당,전남 나주시화순군,지역구,2024-05-30,,,general,M7O7878U,kna members_22.parquet; NA-API 의원이력; NA-API ALLNAMEMBER; kowiki list oldid=42421192,1,,,,term_start,sitting,,,전라남도 나주시·화순군,,,더불어민주당,더불어민주당,신정훈,True,,False
22,이개호,李介昊,1959-06-23,남,더불어민주당,전남 담양군함평군영광군장성군,지역구,2024-05-30,,,general,I7R13867,kna members_22.parquet; NA-API 의원이력; NA-API ALLNAMEMBER; kowiki list oldid=42421192,1,,,,term_start,sitting,,,전라남도 담양군·함평군·영광군·장성군,,,더불어민주당,더불어민주당,이개호,True,,False
22,김원이,金元二,1968-11-11,남,더불어민주당,전남 목포시,지역구,2024-05-30,,,general,4L695580,kna members_22.parquet; NA-API 의원이력; NA-API ALLNAMEMBER; kowiki list oldid=42421192,1,,,,term_start,sitting,,,전라남도 목포시,,,더불어민주당,더불어민주당,김원이,True,,False
22,김문수,金文洙,1968-10-01,남,더불어민주당,전남 순천시광양시곡성군구례군갑,지역구,2024-05-30,,,general,86R9476S,kna members_22.parquet; NA-API 의원이력; NA-API ALLNAMEMBER; kowiki list oldid=42421192,1,,,,term_start,sitting,,,전라남도 순천시·광양시·곡성군·구례군 갑,,,더불어민주당,더불어민주당,김문수 (1968년),True,,True
22,권향엽,權香葉,1968-02-12,여,더불어민주당,전남 순천시광양시곡성군구례군을,지역구,2024-05-30,,,general,EFU76868,kna members_22.parquet; NA-API 의원이력; NA-API ALLNAMEMBER; kowiki list oldid=42421192,1,,,,term_start,sitting,,,전라남도 순천시·광양시·곡성군·구례군 을,,,더불어민주당,더불어민주당,권향엽,True,,False
22,주철현,朱哲鉉,1959-03-12,남,더불어민주당,전남 여수시갑,지역구,2024-05-30,,,general,T465023H,kna members_22.parquet; NA-API 의원이력; NA-API ALLNAMEMBER; kowiki list oldid=42421192,1,,,,term_start,sitting,,,전라남도 여수시 갑,,,더불어민주당,더불어민주당,주철현,True,,False
22,조계원,趙啓垣,1966-08-24,남,더불어민주당,전남 여수시을,지역구,2024-05-30,,,general,8TU8443O,kna members_22.parquet; NA-API 의원이력; NA-API ALLNAMEMBER; kowiki list oldid=42421192,1,,,,term_start,sitting,,,전라남도 여수시 을,,,더불어민주당,더불어민주당,조계원,True,,False
22,서삼석,徐參錫,1959-08-03,남,더불어민주당,전남 영암군무안군신안군,지역구,2024-05-30,,,general,FOK3459D,kna members_22.parquet; NA-API 의원이력; NA-API ALLNAMEMBER; kowiki list oldid=42421192,1,,,,term_start,sitting,,,전라남도 영암군·무안군·신안군,,,더불어민주당,더불어민주당,서삼석,True,,False
22,박지원,朴智元,1942-06-05,남,더불어민주당,전남 해남군완도군진도군,지역구,2024-05-30,,,general,8BF5855P,kna members_22.parquet; NA-API 의원이력; NA-API ALLNAMEMBER; kowiki list oldid=42421192,1,,,,term_start,sitting,,,전라남도 해남군·완도군·진도군,,,더불어민주당,더불어민주당,박지원 (1942년),True,,True
22,신영대,申榮大,1968-01-15,남,더불어민주당,전북 군산시김제시부안군갑,지역구,2024-05-30,2026-01-08,disqualified,general,AFH96856,kna members_22.parquet; NA-API 의원이력; NA-API ALLNAMEMBER; kowiki list oldid=42421192; kowiki 의석변동 oldid=42540220,1,,court_ruling_election_law,선거사무장의 선거법 위반으로 / 당선무효 / 의원직 상실,term_start,confirmed,,wikilist+wikiseat,전북특별자치도 군산시·김제시·부안군 갑,,,더불어민주당,더불어민주당,신영대,True,,False
22,김의겸,金宜謙,1963-05-22,남,더불어민주당,전북 군산시김제시부안군갑,지역구,2026-06-04,,,by_election,FIC9046Z,kna members_22.parquet; NA-API 의원이력; NA-API ALLNAMEMBER; kowiki list oldid=42421192; kowiki 의석변동 oldid=42540220,1,,,,confirmed,sitting,wikiseat,,전북특별자치도 군산시·김제시·부안군 갑,,,더불어민주당,더불어민주당,김의겸,True,,False
22,이원택,李源澤,1970-01-25,남,더불어민주당,전북 군산시김제시부안군을,지역구,2024-05-30,2026-04-30,resigned,general,DAV7257X,kna members_22.parquet; NA-API 의원이력; NA-API ALLNAMEMBER; kowiki list oldid=42421192; kowiki 의석변동 oldid=42540220; NA bill PRC_T2B6C0Q4B3W0R1M4P0J4K3W7K6N9B1,1,,resigned_to_run_for_other_office,전북특별자치도지사 출마로 사퇴 / 의원직 사퇴,term_start,confirmed,,nabill,전북특별자치도 군산시·김제시·부안군 을,,,더불어민주당,더불어민주당,이원택,True,,False
22,박지원,朴芝源,1987-07-28,남,더불어민주당,전북 군산시김제시부안군을,지역구,2026-06-04,,,by_election,H7X3372O,kna members_22.parquet; NA-API 의원이력; NA-API ALLNAMEMBER; kowiki list oldid=42421192; kowiki 의석변동 oldid=42540220,1,,,,confirmed,sitting,wikiseat,,전북특별자치도 군산시·김제시·부안군 을,,,더불어민주당,더불어민주당,박지원 (1987년),True,,True
22,박희승,朴熙承,1963-09-28,남,더불어민주당,전북 남원시장수군임실군순창군,지역구,2024-05-30,,,general,43Q3892U,kna members_22.parquet; NA-API 의원이력; NA-API ALLNAMEMBER; kowiki list oldid=42421192,1,,,,term_start,sitting,,,전북특별자치도 남원시·장수군·임실군·순창군,,,더불어민주당,더불어민주당,박희승,True,,False
22,안호영,安浩永,1965-10-11,남,더불어민주당,전북 완주군진안군무주군,지역구,2024-05-30,,,general,XEF29171,kna members_22.parquet; NA-API 의원이력; NA-API ALLNAMEMBER; kowiki list oldid=42421192,1,,,,term_start,sitting,,,전북특별자치도 완주군·진안군·무주군,,,더불어민주당,더불어민주당,안호영 (1965년),True,,False
22,이춘석,李春錫,1963-03-07,남,더불어민주당,전북 익산시갑,지역구,2024-05-30,,,general,V2R7430Z,kna members_22.parquet; NA-API 의원이력; NA-API ALLNAMEMBER; kowiki list oldid=42421192,1,,,,term_start,sitting,,,전북특별자치도 익산시 갑,,,무소속,더불어민주당,이춘석,True,,False
22,한병도,韓秉道,1967-12-07,남,더불어민주당,전북 익산시을,지역구,2024-05-30,,,general,H5476989,kna members_22.parquet; NA-API 의원이력; NA-API ALLNAMEMBER; kowiki list oldid=42421192,1,,,,term_start,sitting,,,전북특별자치도 익산시 을,,,더불어민주당,더불어민주당,한병도,True,,False
22,김윤덕,金潤德,1966-05-23,남,더불어민주당,전북 전주시갑,지역구,2024-05-30,,,general,JZY9937U,kna members_22.parquet; NA-API 의원이력; NA-API ALLNAMEMBER; kowiki list oldid=42421192,1,,,,term_start,sitting,,,전북특별자치도 전주시 갑,,,더불어민주당,더불어민주당,김윤덕 (1966년),True,,False
22,정동영,鄭東泳,1953-07-27,남,더불어민주당,전북 전주시병,지역구,2024-05-30,,,general,ARP89147,kna members_22.parquet; NA-API 의원이력; NA-API ALLNAMEMBER; kowiki list oldid=42421192,1,,,,term_start,sitting,,,전북특별자치도 전주시 병,,,더불어민주당,더불어민주당,정동영,True,,False
22,이성윤,李盛潤,1962-01-06,남,더불어민주당,전북 전주시을,지역구,2024-05-30,,,general,N2P9317N,kna members_22.parquet; NA-API 의원이력; NA-API ALLNAMEMBER; kowiki list oldid=42421192,1,,,,term_start,sitting,,,전북특별자치도 전주시 을,,,더불어민주당,더불어민주당,이성윤 (1962년),True,,False
22,윤준병,尹準炳,1961-03-03,남,더불어민주당,전북 정읍시고창군,지역구,2024-05-30,,,general,JC14718Q,kna members_22.parquet; NA-API 의원이력; NA-API ALLNAMEMBER; kowiki list oldid=42421192,1,,,,term_start,sitting,,,전북특별자치도 정읍시·고창군,,,더불어민주당,더불어민주당,윤준병,True,,False
22,위성곤,魏聖坤,1968-01-20,남,더불어민주당,제주 서귀포시,지역구,2024-05-30,2026-04-30,resigned,general,RQQ3807K,kna members_22.parquet; NA-API 의원이력; NA-API ALLNAMEMBER; kowiki list oldid=42421192; kowiki 의석변동 oldid=42540220; NA bill PRC_U2K6A0K4A3Q0O1S4U0W7Z1Z5B6H4W1,1,,resigned_to_run_for_other_office,제주특별자치도지사 출마로 사퇴 / 의원직 사퇴,term_start,confirmed,,nabill,제주특별자치도 서귀포시,,,더불어민주당,더불어민주당,위성곤,True,,False
22,김성범,金晟範,1968-06-12,남,더불어민주당,제주 서귀포시,지역구,2026-06-04,,,by_election,DOZ1588B,kna members_22.parquet; NA-API 의원이력; NA-API ALLNAMEMBER; kowiki list oldid=42421192; kowiki 의석변동 oldid=42540220,1,,,,confirmed,sitting,wikiseat,,제주특별자치도 서귀포시,,,더불어민주당,더불어민주당,김성범 (정치인),True,,False
22,문대림,文大林,1965-11-22,남,더불어민주당,제주 제주시갑,지역구,2024-05-30,,,general,D9I3309M,kna members_22.parquet; NA-API 의원이력; NA-API ALLNAMEMBER; kowiki list oldid=42421192,1,,,,term_start,sitting,,,제주특별자치도 제주시 갑,,,더불어민주당,더불어민주당,문대림,True,,False
22,김한규,金翰奎,1974-07-01,남,더불어민주당,제주 제주시을,지역구,2024-05-30,,,general,NUB4941Z,kna members_22.parquet; NA-API 의원이력; NA-API ALLNAMEMBER; kowiki list oldid=42421192,1,,,,term_start,sitting,,,제주특별자치도 제주시 을,,,더불어민주당,더불어민주당,김한규 (1974년),True,,False
22,박수현,朴洙賢,1964-08-14,남,더불어민주당,충남 공주시부여군청양군,지역구,2024-05-30,2026-04-30,resigned,general,5TQ6306B,kna members_22.parquet; NA-API 의원이력; NA-API ALLNAMEMBER; kowiki list oldid=42421192; kowiki 의석변동 oldid=42540220; NA bill PRC_M2H6G0X4D3H0Q1L4S0Q5M5L4C5B9F1,1,,resigned_to_run_for_other_office,충청남도지사 출마로 사퇴 / 의원직 사퇴,term_start,confirmed,,nabill,충청남도 공주시·부여군·청양군,,,더불어민주당,더불어민주당,박수현 (1964년),True,,False
22,윤용근,尹用根,1969-01-02,남,국민의힘,충남 공주시부여군청양군,지역구,2026-06-04,,,by_election,W0154979,kna members_22.parquet; NA-API 의원이력; NA-API ALLNAMEMBER; kowiki list oldid=42421192,1,,,,confirmed_pollday_plus1,sitting,wikilist=2026-06-03,,충청남도 공주시·부여군·청양군,,,국민의힘,국민의힘,윤용근 (1969년),True,,False
22,황명선,黃明善,1966-09-09,남,더불어민주당,충남 논산시계룡시금산군,지역구,2024-05-30,,,general,RJH6314D,kna members_22.parquet; NA-API 의원이력; NA-API ALLNAMEMBER; kowiki list oldid=42421192,1,,,,term_start,sitting,,,충청남도 논산시·계룡시·금산군,,,더불어민주당,더불어민주당,황명선,True,,False
22,어기구,魚基龜,1963-01-10,남,더불어민주당,충남 당진시,지역구,2024-05-30,,,general,8FB1535Y,kna members_22.parquet; NA-API 의원이력; NA-API ALLNAMEMBER; kowiki list oldid=42421192,1,,,,term_start,sitting,,,충청남도 당진시,,,더불어민주당,더불어민주당,어기구,True,,False
22,장동혁,張東赫,1969-06-02,남,국민의힘,충남 보령시서천군,지역구,2024-05-30,,,general,KFM1081G,kna members_22.parquet; NA-API 의원이력; NA-API ALLNAMEMBER; kowiki list oldid=42421192,1,,,,term_start,sitting,,,충청남도 보령시·서천군,,,국민의힘,국민의힘,장동혁 (정치인),True,,False
22,성일종,成一鍾,1963-03-19,남,국민의힘,충남 서산시태안군,지역구,2024-05-30,,,general,7XY7109I,kna members_22.parquet; NA-API 의원이력; NA-API ALLNAMEMBER; kowiki list oldid=42421192,1,,,,term_start,sitting,,,충청남도 서산시·태안군,,,국민의힘,국민의힘,성일종,True,,False
22,복기왕,卜箕旺,1968-04-10,남,더불어민주당,충남 아산시갑,지역구,2024-05-30,,,general,GJ56729D,kna members_22.parquet; NA-API 의원이력; NA-API ALLNAMEMBER; kowiki list oldid=42421192,1,,,,term_start,sitting,,,충청남도 아산시 갑,,,더불어민주당,더불어민주당,복기왕,True,,False
22,강훈식,姜勳植,1973-10-24,남,더불어민주당,충남 아산시을,지역구,2024-05-30,2025-06-04,resigned,general,TRE2429O,kna members_22.parquet; NA-API 의원이력; NA-API ALLNAMEMBER; kowiki list oldid=42421192; NA bill PRC_J2P5G0F6U0H4Q1M7K0G8Y0L2F2X6Q6,1,,resigned_other,의원직 사퇴,term_start,confirmed,,wikilist+nabill,충청남도 아산시 을,,,더불어민주당,더불어민주당,강훈식,True,,False
22,전은수,全恩秀,1984-10-17,여,더불어민주당,충남 아산시을,지역구,2026-06-04,,,by_election,FYG6302V,kna members_22.parquet; NA-API 의원이력; NA-API ALLNAMEMBER; kowiki list oldid=42421192; kowiki 의석변동 oldid=42540220,1,,,,confirmed,sitting,wikiseat,,충청남도 아산시 을,,,더불어민주당,더불어민주당,전은수,True,,False
22,문진석,文振碩,1962-02-12,남,더불어민주당,충남 천안시갑,지역구,2024-05-30,,,general,4U29186R,kna members_22.parquet; NA-API 의원이력; NA-API ALLNAMEMBER; kowiki list oldid=42421192,1,,,,term_start,sitting,,,충청남도 천안시 갑,,,더불어민주당,더불어민주당,문진석,True,,False
22,이정문,李楨文,1973-01-05,남,더불어민주당,충남 천안시병,지역구,2024-05-30,,,general,O0I2045I,kna members_22.parquet; NA-API 의원이력; NA-API ALLNAMEMBER; kowiki list oldid=42421192,1,,,,term_start,sitting,,,충청남도 천안시 병,,,더불어민주당,더불어민주당,이정문 (1973년),True,,False
22,이재관,李在官,1965-03-01,남,더불어민주당,충남 천안시을,지역구,2024-05-30,,,general,RKS3658I,kna members_22.parquet; NA-API 의원이력; NA-API ALLNAMEMBER; kowiki list oldid=42421192,1,,,,term_start,sitting,,,충청남도 천안시 을,,,더불어민주당,더불어민주당,이재관 (1965년),True,,False
22,강승규,姜升圭,1963-09-20,남,국민의힘,충남 홍성군예산군,지역구,2024-05-30,,,general,42K7317Y,kna members_22.parquet; NA-API 의원이력; NA-API ALLNAMEMBER; kowiki list oldid=42421192,1,,,,term_start,sitting,,,충청남도 홍성군·예산군,,,국민의힘,국민의힘,강승규,True,,False
22,박덕흠,朴德欽,1953-10-18,남,국민의힘,충북 보은군옥천군영동군괴산군,지역구,2024-05-30,,,general,N4R2421C,kna members_22.parquet; NA-API 의원이력; NA-API ALLNAMEMBER; kowiki list oldid=42421192,1,,,,term_start,sitting,,,충청북도 보은군·옥천군·영동군·괴산군,,,국민의힘,국민의힘,박덕흠,True,,False
22,엄태영,嚴泰永,1958-01-22,남,국민의힘,충북 제천시단양군,지역구,2024-05-30,,,general,8348421R,kna members_22.parquet; NA-API 의원이력; NA-API ALLNAMEMBER; kowiki list oldid=42421192,1,,,,term_start,sitting,,,충청북도 제천시·단양군,,,국민의힘,국민의힘,엄태영 (1958년),True,,False
22,임호선,林昊宣,1964-09-27,남,더불어민주당,충북 증평군진천군음성군,지역구,2024-05-30,,,general,FH777496,kna members_22.parquet; NA-API 의원이력; NA-API ALLNAMEMBER; kowiki list oldid=42421192,1,,,,term_start,sitting,,,충청북도 증평군·진천군·음성군,,,더불어민주당,더불어민주당,임호선,True,,False
22,이강일,李康一,1967-04-30,남,더불어민주당,충북 청주시상당구,지역구,2024-05-30,,,general,AEO5706C,kna members_22.parquet; NA-API 의원이력; NA-API ALLNAMEMBER; kowiki list oldid=42421192,1,,,,term_start,sitting,,,충청북도 청주시 상당구,,,더불어민주당,더불어민주당,이강일 (정치인),True,,False
22,이광희,李廣熙,1963-10-09,남,더불어민주당,충북 청주시서원구,지역구,2024-05-30,,,general,95J3282H,kna members_22.parquet; NA-API 의원이력; NA-API ALLNAMEMBER; kowiki list oldid=42421192,1,,,,term_start,sitting,,,충청북도 청주시 서원구,,,더불어민주당,더불어민주당,이광희 (정치인),True,,False
22,송재봉,宋在奉,1969-09-25,남,더불어민주당,충북 청주시청원구,지역구,2024-05-30,,,general,RG972910,kna members_22.parquet; NA-API 의원이력; NA-API ALLNAMEMBER; kowiki list oldid=42421192,1,,,,term_start,sitting,,,충청북도 청주시 청원구,,,더불어민주당,더불어민주당,송재봉,True,,False
22,이연희,李蓮喜,1966-03-05,남,더불어민주당,충북 청주시흥덕구,지역구,2024-05-30,,,general,EBH1101V,kna members_22.parquet; NA-API 의원이력; NA-API ALLNAMEMBER; kowiki list oldid=42421192,1,,,,term_start,sitting,,,충청북도 청주시 흥덕구,,,더불어민주당,더불어민주당,이연희 (정치인),True,,False
22,이종배,李鍾培,1957-05-30,남,국민의힘,충북 충주시,지역구,2024-05-30,,,general,HSW1214Q,kna members_22.parquet; NA-API 의원이력; NA-API ALLNAMEMBER; kowiki list oldid=42421192,1,,,,term_start,sitting,,,충청북도 충주시,,,국민의힘,국민의힘,이종배,True,,False
22,강경숙,姜景淑,1967-05-02,여,조국혁신당,비례대표,비례대표,2024-05-30,,,general,T2T8225E,kna members_22.parquet; NA-API 의원이력; NA-API ALLNAMEMBER; kowiki list oldid=42421192,1,,,,term_start,sitting,,,,조국혁신당,11,조국혁신당,조국혁신당,강경숙,True,,False
22,강선영,姜善榮,1966-09-24,여,국민의미래,비례대표,비례대표,2024-05-30,,,general,NQO7187X,kna members_22.parquet; NA-API 의원이력; NA-API ALLNAMEMBER; kowiki list oldid=42421192,1,,,,term_start,sitting,,,,국민의미래,5,국민의힘,국민의미래,강선영 (군인),True,,False
22,강유정,姜由楨,1975-12-15,여,더불어민주연합,비례대표,비례대표,2024-05-30,2025-06-04,resigned,general,Q129715Y,kna members_22.parquet; NA-API 의원이력; NA-API ALLNAMEMBER; kowiki list oldid=42421192; NA bill PRC_M2L5Z0Q6B0N4H1M7F0P7O3S0V2W2G9,1,,resigned_other,의원직 사퇴,term_start,confirmed,,nabill,,더불어민주연합,9,더불어민주당,더불어민주연합,강유정 (평론가),True,,False
22,김건,金建,1966-10-10,남,국민의미래,비례대표,비례대표,2024-05-30,,,general,TQP7167T,kna members_22.parquet; NA-API 의원이력; NA-API ALLNAMEMBER; kowiki list oldid=42421192,1,,,,term_start,sitting,,,,국민의미래,6,국민의힘,국민의미래,김건 (1966년),True,,False
22,김민전,金玟甸,1965-05-09,여,국민의미래,비례대표,비례대표,2024-05-30,,,general,TCP9838Y,kna members_22.parquet; NA-API 의원이력; NA-API ALLNAMEMBER; kowiki list oldid=42421192,1,,,,term_start,sitting,,,,국민의미래,9,국민의힘,국민의미래,김민전,True,,False
22,김선민,金宣旼,1964-05-24,여,조국혁신당,비례대표,비례대표,2024-05-30,,,general,7GW5372Y,kna members_22.parquet; NA-API 의원이력; NA-API ALLNAMEMBER; kowiki list oldid=42421192,1,,,,term_start,sitting,,,,조국혁신당,5,조국혁신당,조국혁신당,김선민 (의료인),True,,False
22,김소희,金素熙,1973-09-16,여,국민의미래,비례대표,비례대표,2024-05-30,,,general,1SR94244,kna members_22.parquet; NA-API 의원이력; NA-API ALLNAMEMBER; kowiki list oldid=42421192,1,,,,term_start,sitting,,,,국민의미래,7,국민의힘,국민의미래,김소희 (1973년),True,,False
22,김예지,金睿智,1980-12-13,여,국민의미래,비례대표,비례대표,2024-05-30,,,general,CNZ51556,kna members_22.parquet; NA-API 의원이력; NA-API ALLNAMEMBER; kowiki list oldid=42421192,1,,,,term_start,sitting,,,,국민의미래,15,국민의힘,국민의미래,김예지 (1980년),True,,False
22,김위상,金渭相,1959-11-24,남,국민의미래,비례대표,비례대표,2024-05-30,,,general,LCZ1711I,kna members_22.parquet; NA-API 의원이력; NA-API ALLNAMEMBER; kowiki list oldid=42421192,1,,,,term_start,sitting,,,,국민의미래,10,국민의힘,국민의미래,김위상,True,,False
22,김윤,金輪,1966-05-24,남,더불어민주연합,비례대표,비례대표,2024-05-30,,,general,5N65159P,kna members_22.parquet; NA-API 의원이력; NA-API ALLNAMEMBER; kowiki list oldid=42421192,1,,,,term_start,sitting,,,,더불어민주연합,12,더불어민주당,더불어민주연합,김윤 (1966년),True,,False
22,김장겸,金張謙,1961-05-08,남,국민의미래,비례대표,비례대표,2024-05-30,,,general,X7E7893P,kna members_22.parquet; NA-API 의원이력; NA-API ALLNAMEMBER; kowiki list oldid=42421192,1,,,,term_start,sitting,,,,국민의미래,14,국민의힘,국민의미래,김장겸,True,,False
22,김재원,金載原,1975-08-02,여,조국혁신당,비례대표,비례대표,2024-05-30,,,general,DMP1439I,kna members_22.parquet; NA-API 의원이력; NA-API ALLNAMEMBER; kowiki list oldid=42421192,1,,,,term_start,sitting,,,,조국혁신당,7,조국혁신당,조국혁신당,김재원 (1975년),True,,True
22,김준형,金峻亨,1963-03-29,남,조국혁신당,비례대표,비례대표,2024-05-30,,,general,8A05621B,kna members_22.parquet; NA-API 의원이력; NA-API ALLNAMEMBER; kowiki list oldid=42421192,1,,,,term_start,sitting,,,,조국혁신당,6,조국혁신당,조국혁신당,김준형 (정치학자),True,,False
22,박은정,朴恩貞,1972-01-15,여,조국혁신당,비례대표,비례대표,2024-05-30,,,general,1A82234K,kna members_22.parquet; NA-API 의원이력; NA-API ALLNAMEMBER; kowiki list oldid=42421192,1,,,,term_start,sitting,,,,조국혁신당,1,조국혁신당,조국혁신당,박은정 (검사),True,,False
22,박준태,朴俊泰,1981-02-24,남,국민의미래,비례대표,비례대표,2024-05-30,,,general,G6W8250J,kna members_22.parquet; NA-API 의원이력; NA-API ALLNAMEMBER; kowiki list oldid=42421192,1,,,,term_start,sitting,,,,국민의미래,18,국민의힘,국민의미래,박준태 (1981년),True,,False
22,박충권,朴沖？,1986-01-14,남,국민의미래,비례대표,비례대표,2024-05-30,,,general,GP21946O,kna members_22.parquet; NA-API 의원이력; NA-API ALLNAMEMBER; kowiki list oldid=42421192,1,,,,term_start,sitting,,,,국민의미래,2,국민의힘,국민의미래,박충권,True,,False
22,박홍배,朴弘培,1972-10-09,남,더불어민주연합,비례대표,비례대표,2024-05-30,,,general,ZW43496R,kna members_22.parquet; NA-API 의원이력; NA-API ALLNAMEMBER; kowiki list oldid=42421192,1,,,,term_start,sitting,,,,더불어민주연합,8,더불어민주당,더불어민주연합,박홍배,True,,False
22,백승아,白承아,1985-02-25,여,더불어민주연합,비례대표,비례대표,2024-05-30,,,general,MDC3257K,kna members_22.parquet; NA-API 의원이력; NA-API ALLNAMEMBER; kowiki list oldid=42421192,1,,,,term_start,sitting,,,,더불어민주연합,3,더불어민주당,더불어민주연합,백승아,True,,False
22,서미화,徐美和,1967-11-06,여,더불어민주연합,비례대표,비례대표,2024-05-30,,,general,51A45980,kna members_22.parquet; NA-API 의원이력; NA-API ALLNAMEMBER; kowiki list oldid=42421192,1,,,,term_start,sitting,,,,더불어민주연합,1,더불어민주당,더불어민주연합,서미화,True,,False
22,서왕진,徐旺鎭,1964-11-25,남,조국혁신당,비례대표,비례대표,2024-05-30,,,general,80C5885Z,kna members_22.parquet; NA-API 의원이력; NA-API ALLNAMEMBER; kowiki list oldid=42421192,1,,,,term_start,sitting,,,,조국혁신당,12,조국혁신당,조국혁신당,서왕진,True,,False
22,신장식,申莊植,1971-05-25,남,조국혁신당,비례대표,비례대표,2024-05-30,,,general,NPD75153,kna members_22.parquet; NA-API 의원이력; NA-API ALLNAMEMBER; kowiki list oldid=42421192,1,,,,term_start,sitting,,,,조국혁신당,4,조국혁신당,조국혁신당,신장식,True,,False
22,안상훈,安祥薰,1969-05-15,남,국민의미래,비례대표,비례대표,2024-05-30,,,general,PYA8594I,kna members_22.parquet; NA-API 의원이력; NA-API ALLNAMEMBER; kowiki list oldid=42421192,1,,,,term_start,sitting,,,,국민의미래,16,국민의힘,국민의미래,안상훈 (사회과학자),True,,False
22,오세희,吳世姬,1955-12-27,여,더불어민주연합,비례대표,비례대표,2024-05-30,,,general,BRU2690F,kna members_22.parquet; NA-API 의원이력; NA-API ALLNAMEMBER; kowiki list oldid=42421192,1,,,,term_start,sitting,,,,더불어민주연합,7,더불어민주당,더불어민주연합,오세희 (1955년),True,,False
22,용혜인,龍慧仁,1990-04-12,여,더불어민주연합,비례대표,비례대표,2024-05-30,,,general,GE71932C,kna members_22.parquet; NA-API 의원이력; NA-API ALLNAMEMBER; kowiki list oldid=42421192,1,,,,term_start,sitting,,,,더불어민주연합,6,기본소득당,더불어민주연합,용혜인,True,,False
22,위성락,魏聖洛,1954-09-14,남,더불어민주연합,비례대표,비례대표,2024-05-30,2025-06-04,resigned,general,T9E37304,kna members_22.parquet; NA-API 의원이력; NA-API ALLNAMEMBER; kowiki list oldid=42421192; NA bill PRC_Q2C5E0B6U0J4Q1K7J0L8U3S0Z0Y0J0,1,,resigned_other,의원직 사퇴,term_start,confirmed,,wikilist+nabill,,더불어민주연합,2,더불어민주당,더불어민주연합,위성락,True,,False
22,유용원,庾龍源,1964-03-10,남,국민의미래,비례대표,비례대표,2024-05-30,,,general,KBK8836C,kna members_22.parquet; NA-API 의원이력; NA-API ALLNAMEMBER; kowiki list oldid=42421192,1,,,,term_start,sitting,,,,국민의미래,12,국민의힘,국민의미래,유용원,True,,False
22,이달희,李達姬,1962-02-09,여,국민의미래,비례대표,비례대표,2024-05-30,,,general,ROS6754L,kna members_22.parquet; NA-API 의원이력; NA-API ALLNAMEMBER; kowiki list oldid=42421192,1,,,,term_start,sitting,,,,국민의미래,17,국민의힘,국민의미래,이달희,True,,False
22,이주영,李주鍈,1982-03-22,여,개혁신당,비례대표,비례대표,2024-05-30,,,general,WI719547,kna members_22.parquet; NA-API 의원이력; NA-API ALLNAMEMBER; kowiki list oldid=42421192,1,,,,term_start,sitting,,,,개혁신당,1,개혁신당,개혁신당,이주영 (1982년),True,,True
22,이해민,李海珉,1973-07-02,여,조국혁신당,비례대표,비례대표,2024-05-30,2026-08-30,resigned,general,0698755I,kna members_22.parquet; NA-API 의원이력; NA-API ALLNAMEMBER; kowiki list oldid=42421192; kowiki 의석변동 oldid=42540220,1,,resigned_other,의원직 사퇴 / 의원직 사퇴,term_start,api_earlier_than_wiki,,wikilist=2026-08-31; wikiseat=2026-08-31,,조국혁신당,3,조국혁신당,조국혁신당,이해민 (1973년),True,,False
22,인요한,印曜翰,1959-12-08,남,국민의미래,비례대표,비례대표,2024-05-30,2026-01-09,resigned,general,B7789327,kna members_22.parquet; NA-API 의원이력; NA-API ALLNAMEMBER; kowiki list oldid=42421192; kowiki 의석변동 oldid=42540220; NA bill PRC_Y2L5V1G2L2N9H1L8G0D3N4Q5S1O5B2,1,,resigned_other,의원직 사퇴 / 의원직 사퇴,term_start,confirmed,,wikiseat+nabill,,국민의미래,8,국민의힘,국민의미래,인요한,True,,False
22,임광현,林光鉉,1969-05-12,남,더불어민주연합,비례대표,비례대표,2024-05-30,2025-07-22,resigned,general,CST4991F,kna members_22.parquet; NA-API 의원이력; NA-API ALLNAMEMBER; kowiki list oldid=42421192; manual_checks.csv,1,,resigned_on_appointment,,term_start,single_source,,,,더불어민주연합,4,더불어민주당,더불어민주연합,임광현 (1969년),True,exit_reason set by manual_checks.csv (was ); exit_detail set by manual_checks.csv (was unknown),False
22,임미애,林美愛,1966-06-23,여,더불어민주연합,비례대표,비례대표,2024-05-30,,,general,X639721U,kna members_22.parquet; NA-API 의원이력; NA-API ALLNAMEMBER; kowiki list oldid=42421192,1,,,,term_start,sitting,,,,더불어민주연합,13,더불어민주당,더불어민주연합,임미애,True,,False
22,전종덕,全鍾德,1971-11-29,여,더불어민주연합,비례대표,비례대표,2024-05-30,,,general,P8A4624C,kna members_22.parquet; NA-API 의원이력; NA-API ALLNAMEMBER; kowiki list oldid=42421192,1,,,,term_start,sitting,,,,더불어민주연합,11,진보당,더불어민주연합,전종덕,True,,False
22,정을호,鄭乙虎,1971-01-14,남,더불어민주연합,비례대표,비례대표,2024-05-30,2026-03-04,resigned,general,NA61091D,kna members_22.parquet; NA-API 의원이력; NA-API ALLNAMEMBER; kowiki list oldid=42421192; kowiki 의석변동 oldid=42540220; NA bill PRC_K2E6O0M3V0K4O0O8V5J1E3U8J8P3V3,1,,resigned_other,의원직 사퇴 / 의원직 사퇴,term_start,confirmed,,wikilist+wikiseat+nabill,,더불어민주연합,14,더불어민주당,더불어민주연합,정을호,True,,False
22,정춘생,鄭春生,1969-04-25,여,조국혁신당,비례대표,비례대표,2024-05-30,,,general,XG348314,kna members_22.parquet; NA-API 의원이력; NA-API ALLNAMEMBER; kowiki list oldid=42421192,1,,,,term_start,sitting,,,,조국혁신당,9,조국혁신당,조국혁신당,정춘생,True,,False
22,정혜경,鄭惠경,1975-10-19,여,더불어민주연합,비례대표,비례대표,2024-05-30,,,general,BNV6535N,kna members_22.parquet; NA-API 의원이력; NA-API ALLNAMEMBER; kowiki list oldid=42421192,1,,,,term_start,sitting,,,,더불어민주연합,5,진보당,더불어민주연합,정혜경 (1975년),True,,False
22,조국,曺國,1965-04-06,남,조국혁신당,비례대표,비례대표,2024-05-30,2024-12-12,disqualified,general,T3E4932G,kna members_22.parquet; NA-API 의원이력; NA-API ALLNAMEMBER; kowiki list oldid=42421192; kowiki 의석변동 oldid=42540220,1,,court_ruling_other_or_unspecified,자녀 입시 관련 유죄확정판결로 / 의원직 상실 / 의원직 상실,term_start,confirmed,,wikilist+wikiseat,,조국혁신당,2,조국혁신당,조국혁신당,조국 (법학자),True,,False
22,조배숙,趙培淑,1956-09-10,여,국민의미래,비례대표,비례대표,2024-05-30,,,general,IWK63872,kna members_22.parquet; NA-API 의원이력; NA-API ALLNAMEMBER; kowiki list oldid=42421192,1,,,,term_start,sitting,,,,국민의미래,13,국민의힘,국민의미래,조배숙,True,,False
22,진종오,秦鍾午,1979-09-24,남,국민의미래,비례대표,비례대표,2024-05-30,,,general,QDU1100U,kna members_22.parquet; NA-API 의원이력; NA-API ALLNAMEMBER; kowiki list oldid=42421192,1,,,,term_start,sitting,,,,국민의미래,4,국민의힘,국민의미래,진종오,True,,False
22,차규근,車圭根,1968-04-11,남,조국혁신당,비례대표,비례대표,2024-05-30,,,general,KNP22261,kna members_22.parquet; NA-API 의원이력; NA-API ALLNAMEMBER; kowiki list oldid=42421192,1,,,,term_start,sitting,,,,조국혁신당,10,조국혁신당,조국혁신당,차규근,True,,False
22,천하람,千하람,1986-07-10,남,개혁신당,비례대표,비례대표,2024-05-30,,,general,YGB8604T,kna members_22.parquet; NA-API 의원이력; NA-API ALLNAMEMBER; kowiki list oldid=42421192,1,,,,term_start,sitting,,,,개혁신당,2,개혁신당,개혁신당,천하람,True,,False
22,최보윤,崔寶允,1978-04-27,여,국민의미래,비례대표,비례대표,2024-05-30,,,general,UOS16250,kna members_22.parquet; NA-API 의원이력; NA-API ALLNAMEMBER; kowiki list oldid=42421192,1,,,,term_start,sitting,,,,국민의미래,1,국민의힘,국민의미래,최보윤 (정치인),True,,False
22,최수진,崔秀珍,1968-04-16,여,국민의미래,비례대표,비례대표,2024-05-30,,,general,WJG74792,kna members_22.parquet; NA-API 의원이력; NA-API ALLNAMEMBER; kowiki list oldid=42421192,1,,,,term_start,sitting,,,,국민의미래,3,국민의힘,국민의미래,최수진 (화학자),True,,False
22,한지아,韓智雅,1978-11-01,여,국민의미래,비례대표,비례대표,2024-05-30,,,general,Q918403D,kna members_22.parquet; NA-API 의원이력; NA-API ALLNAMEMBER; kowiki list oldid=42421192,1,,,,term_start,sitting,,,,국민의미래,11,국민의힘,국민의미래,한지아,True,,False
22,한창민,韓昌旼,1973-07-22,남,더불어민주연합,비례대표,비례대표,2024-05-30,,,general,T4I4862D,kna members_22.parquet; NA-API 의원이력; NA-API ALLNAMEMBER; kowiki list oldid=42421192,1,,,,term_start,sitting,,,,더불어민주연합,10,사회민주당,더불어민주연합,한창민 (1973년),True,,False
22,황운하,黃雲夏,1962-09-10,남,조국혁신당,비례대표,비례대표,2024-05-30,,,general,0YT3774N,kna members_22.parquet; NA-API 의원이력; NA-API ALLNAMEMBER; kowiki list oldid=42421192,1,,,,term_start,sitting,,,,조국혁신당,8,조국혁신당,조국혁신당,황운하,True,,False
22,백선희,白仙姬,1968-12-08,여,조국혁신당,비례대표,비례대표,2024-12-13,,,succession_pr,YN160848,kna members_22.parquet; NA-API 의원이력; NA-API ALLNAMEMBER; kowiki list oldid=42421192; kowiki 의석변동 oldid=42540220,1,,,,confirmed,sitting,wikilist+wikiseat,,,조국혁신당,13,조국혁신당,조국혁신당,백선희,True,,False
22,손솔,孫率,1995-01-02,여,더불어민주당,비례대표,비례대표,2025-06-09,,,succession_pr,2KM3589W,kna members_22.parquet; NA-API 의원이력; NA-API ALLNAMEMBER; kowiki list oldid=42421192; kowiki 의석변동 oldid=42540220,1,,,,confirmed,sitting,wikilist+wikiseat,,,더불어민주연합,15,진보당,더불어민주연합,손솔,True,,False
22,최혁진,崔赫振,1970-05-02,남,더불어민주당,비례대표,비례대표,2025-06-09,,,succession_pr,CC78321E,kna members_22.parquet; NA-API 의원이력; NA-API ALLNAMEMBER; kowiki list oldid=42421192; kowiki 의석변동 oldid=42540220,1,,,,confirmed,sitting,wikilist+wikiseat,,,더불어민주연합,16,무소속,더불어민주연합,최혁진,True,,False
22,이주희,李周禧,1978-06-13,여,더불어민주당,비례대표,비례대표,2025-07-23,,,succession_pr,RBM5454A,kna members_22.parquet; NA-API 의원이력; NA-API ALLNAMEMBER; kowiki list oldid=42421192,1,,,,confirmed,sitting,wikilist,,,더불어민주연합,17,더불어민주당,더불어민주당,이주희 (정치인),True,,False
22,이소희,李昭熙,1986-11-15,여,국민의힘,비례대표,비례대표,2026-01-12,,,succession_pr,MRS4949T,kna members_22.parquet; NA-API 의원이력; NA-API ALLNAMEMBER; kowiki list oldid=42421192; kowiki 의석변동 oldid=42540220,1,,,,confirmed,sitting,wikilist+wikiseat,,,국민의미래,19,국민의힘,국민의힘,이소희 (변호사),True,,False
22,김준환,金峻煥,1962-11-14,남,더불어민주당,비례대표,비례대표,2026-03-05,,,succession_pr,WMT66995,kna members_22.parquet; NA-API 의원이력; NA-API ALLNAMEMBER; kowiki list oldid=42421192; kowiki 의석변동 oldid=42540220,1,,,,confirmed,sitting,wikilist+wikiseat,,,더불어민주연합,18,더불어민주당,더불어민주당,김준환 (1962년),True,,False
22,김형연,金炯淵,1966-07-09,남,조국혁신당,비례대표,비례대표,2026-08-31,,,succession_pr,KBZ59750,kna members_22.parquet; NA-API 의원이력; NA-API ALLNAMEMBER; kowiki list oldid=42421192; kowiki 의석변동 oldid=42540220,1,,,,api_earlier_than_wiki,sitting,wikilist=2026-09-01; wikiseat=2026-09-01,,,조국혁신당,14,조국혁신당,조국혁신당,김형연,True,,False
