term,mona_cd,spell_seq,name,election_type,district,district_wiki,pr_list_party,pr_list_rank,party_at_election,party_at_election_wikikey,party_at_seat_end_wiki,party_api_profile,seat_start,seat_end,entered_via,exit_reason,exit_detail,exit_reason_text,start_status,start_check,end_status,end_check,wiki_start,wiki_end,wikiseat_start,wikiseat_end,nabill_resign_date,nabill_id,api_frto,api_profile,api_table,wiki_article,wiki_revid,wikiseat_revid,notes,manual_check
12,06R3092T,1,최영덕,비례대표,전국구,,민주정의당,41,민주정의당,민주정의당,민주정의당,민주정의당,1985-04-11,1988-05-29,general,term_end,term_end,,term_start,,term_end,,,,,,,,1985.04.11 ~ 1988.05.29,제12대 민주정의당,nfzegpkvaclgtscxt,최영덕 (1928년),40892103,,,False
12,0EN6806A,1,임철순,지역구,서울 관악구,서울특별시 관악구,,,민주정의당,민주정의당,민주정의당,민주정의당,1985-04-11,1987-08-24,general,resigned,resigned_other,사망 / 의원직 사퇴 / 議長許可,term_start,,confirmed,wikilist+wikiseat+nabill,,1987-08-24,,1987-08-24,1987-08-24,010478,1985.04.11 ~ 1987.08.24,제12대 민주정의당 서울 관악구,nfzegpkvaclgtscxt,임철순 (1937년),40892103,40637230,"Wikipedia gives exit died, but NA bill 120453 (billId 010478) approved the resignation on 1987-08-24",False
12,0IS7670A,1,조연하,지역구,서울 구로구,서울특별시 구로구,,,신한민주당,신한민주당,통일민주당,신한민주당,1985-04-11,1988-05-29,general,term_end,term_end,,term_start,,term_end,,,,,,,,1985.04.11 ~ 1988.05.29,제12대 신한민주당 서울 구로구,nfzegpkvaclgtscxt,조연하,40892103,,,False
12,0VH49657,1,이성렬,비례대표,전국구,,민주정의당,16,민주정의당,민주정의당,민주정의당,민주정의당,1985-04-11,1988-05-29,general,term_end,term_end,,term_start,,term_end,,,,,,,,1985.04.11 ~ 1988.05.29,제12대 민주정의당,nfzegpkvaclgtscxt,이성렬,40892103,,,False
12,17X47951,1,장성만,지역구,부산 북구,부산직할시 북구,,,민주정의당,민주정의당,민주정의당,민주정의당,1985-04-11,1988-05-29,general,term_end,term_end,,term_start,,term_end,,,,,,,,1985.04.11 ~ 1988.05.29,제12대 민주정의당 부산 북구,nfzegpkvaclgtscxt,장성만,40892103,,,False
12,1A43167I,1,조일문,비례대표,전국구,,민주정의당,14,민주정의당,민주정의당,민주정의당,민주정의당,1985-04-11,1988-05-29,general,term_end,term_end,,term_start,,term_end,,,,,,,,1985.04.11 ~ 1988.05.29,제12대 민주정의당,nfzegpkvaclgtscxt,조일문,40892103,,,False
12,1E45905O,1,김병수,비례대표,전국구,,신한민주당,11,신한민주당,신한민주당,무소속,신한민주당,1985-04-11,1988-05-29,general,term_end,term_end,,term_start,,term_end,,,,,,,,1985.04.11 ~ 1988.05.29,제12대 신한민주당,nfzegpkvaclgtscxt,김병수 (1934년),40892103,40637230,,False
12,1O451032,1,박실,지역구,서울 동작구,서울특별시 동작구,,,신한민주당,신한민주당,평화민주당,신한민주당,1985-04-11,1988-05-29,general,term_end,term_end,,term_start,,term_end,,,,,,,,1985.04.11 ~ 1988.05.29,제12대 신한민주당 서울 동작구,nfzegpkvaclgtscxt,박실,40892103,,,False
12,1OF99975,1,유치송,지역구,"경기 송탄시,평택,안성군",경기도 송탄시·평택군·안성군,,,민주한국당,민주한국당,무소속,민주한국당,1985-04-11,1988-05-29,general,term_end,term_end,,term_start,,term_end,,,,,,,,1985.04.11 ~ 1988.05.29,"제12대 민주한국당 경기 송탄시,평택,안성군",nfzegpkvaclgtscxt,유치송,40892103,,,False
12,1Q092210,1,김집,비례대표,전국구,,민주정의당,43,민주정의당,민주정의당,민주정의당,민주정의당,1985-04-11,1988-05-29,general,term_end,term_end,,term_start,,term_end,,,,,,,,1985.04.11 ~ 1988.05.29,제12대 민주정의당,nfzegpkvaclgtscxt,김집 (1926년),40892103,,,False
12,1RV39474,1,김영정,비례대표,전국구,,민주정의당,23,민주정의당,민주정의당,민주정의당,민주정의당,1985-04-11,1988-05-29,general,term_end,term_end,,term_start,,term_end,,,,,,,,1985.04.11 ~ 1988.05.29,제12대 민주정의당,nfzegpkvaclgtscxt,김영정 (1929년),40892103,40637230,,False
12,1SD76539,1,박찬종,지역구,"부산 중,동,영도구",부산직할시 중구·동구·영도구,,,신한민주당,신한민주당,무소속,신한민주당,1985-04-11,1988-05-29,general,term_end,term_end,,term_start,,term_end,,,,,,,,1985.04.11 ~ 1988.05.29,"제12대 신한민주당 부산 중,동,영도구",nfzegpkvaclgtscxt,박찬종,40892103,,,False
12,1X78376F,1,김양배,비례대표,전국구,,민주정의당,54,민주정의당,민주정의당,민주정의당,민주정의당,1985-04-11,1986-11-01,general,resigned,resigned_on_appointment,김양배 광주시장 임명으로 사퇴 홍희표 승계 / 의원직 사퇴 / 1986.11.1 退職,term_start,,confirmed,nabill,,1985-10-13,,1986-10-13,1986-11-01,010313,1985.04.11 ~ 1986.11.01,제12대 민주정의당,nfzegpkvaclgtscxt,김양배,40892103,40637230,"NA bill 120287 (billId 010313) was 폐기, remark '1986.11.1 退職'",False
12,1Y37123B,1,박성태,비례대표,전국구,,민주정의당,65,민주정의당,민주정의당,민주정의당,민주정의당,1985-09-18,1988-05-29,succession_pr,term_end,term_end,,api_later_than_wiki,wikilist=1985-09-17; wikiseat=1985-09-17,term_end,,1985-09-17,,1985-09-17,,,,1985.09.18 ~ 1988.05.29,제12대 민주정의당,nfzegpkvaclgtscxt,박성태 (1939년),40892103,40637230,,False
12,1YD7799R,1,이길범,비례대표,전국구,,신한민주당,13,신한민주당,신한민주당,평화민주당,신한민주당,1985-04-11,1988-05-29,general,term_end,term_end,,term_start,,term_end,,,,,,,,1985.04.11 ~ 1988.05.29,제12대 신한민주당,nfzegpkvaclgtscxt,이길범 (1938년),40892103,,,False
12,2A57735U,1,박왕식,지역구,"경기 수원시,화성군",경기도 수원시·화성군,,,신한민주당,신한민주당,통일민주당,신한민주당,1985-04-11,1988-05-29,general,term_end,term_end,,term_start,,term_end,,,,,,,,1985.04.11 ~ 1988.05.29,"제12대 신한민주당 경기 수원시,화성군",nfzegpkvaclgtscxt,박왕식,40892103,,,False
12,2CS7325Y,1,이민섭,지역구,"강원 춘천시,춘성,철원,화천군",강원도 춘천시·춘성군·철원군·화천군,,,민주정의당,민주정의당,민주정의당,민주정의당,1985-04-11,1988-05-29,general,term_end,term_end,,term_start,,term_end,,,,,,,,1985.04.11 ~ 1988.05.29,"제12대 민주정의당 강원 춘천시,춘성,철원,화천군",nfzegpkvaclgtscxt,이민섭,40892103,40637230,,False
12,2IU6445V,1,정현경,비례대표,전국구,,민주정의당,39,민주정의당,민주정의당,민주정의당,민주정의당,1985-04-11,1988-05-29,general,term_end,term_end,,term_start,,term_end,,,,,,,,1985.04.11 ~ 1988.05.29,제12대 민주정의당,nfzegpkvaclgtscxt,정현경 (1933년),40892103,,,False
12,2PC65130,1,배명국,지역구,"경남 진해,창원시,의창군",경상남도 창원시·진해시·의창군,,,민주정의당,민주정의당,민주정의당,민주정의당,1985-04-11,1988-05-29,general,term_end,term_end,,term_start,,term_end,,,,,,,,1985.04.11 ~ 1988.05.29,"제12대 민주정의당 경남 진해,창원시,의창군",nfzegpkvaclgtscxt,배명국,40892103,,,False
12,2VW4226E,1,이용호,지역구,"경기 파주,고양군",경기도 파주군·고양군,,,민주정의당,민주정의당,민주정의당,민주정의당,1985-04-11,1988-05-29,general,term_end,term_end,,term_start,,term_end,,,,,,,,1985.04.11 ~ 1988.05.29,"제12대 민주정의당 경기 파주,고양군",nfzegpkvaclgtscxt,이용호 (1933년),40892103,,,False
12,2XE5489Z,1,함종한,지역구,"강원 원주시,홍천,횡성,원성군",강원도 원주시·원성군·홍천군·횡성군,,,한국국민당,한국국민당,민주정의당,한국국민당,1985-04-11,1988-05-29,general,term_end,term_end,,term_start,,term_end,,,,,,,,1985.04.11 ~ 1988.05.29,"제12대 한국국민당 강원 원주시,홍천,횡성,원성군",nfzegpkvaclgtscxt,함종한,40892103,,,False
12,2XL9644Y,1,신상식,지역구,"경남 밀양,창녕군",경상남도 밀양군·창녕군,,,민주정의당,민주정의당,민주정의당,민주정의당,1985-04-11,1988-05-29,general,term_end,term_end,,term_start,,term_end,,,,,,,,1985.04.11 ~ 1988.05.29,"제12대 민주정의당 경남 밀양,창녕군",nfzegpkvaclgtscxt,신상식,40892103,,,False
12,3332113D,1,이상익,지역구,"충남 부여,서천,보령군",충청남도 부여군·서천군·보령군,,,민주정의당,민주정의당,민주정의당,민주정의당,1985-04-11,1988-05-29,general,term_end,term_end,,term_start,,term_end,,,,,,,,1985.04.11 ~ 1988.05.29,"제12대 민주정의당 충남 부여,서천,보령군",nfzegpkvaclgtscxt,이상익,40892103,,,False
12,34C34428,1,최병렬,비례대표,전국구,,민주정의당,34,민주정의당,민주정의당,민주정의당,민주정의당,1985-04-11,1988-05-29,general,term_end,term_end,,term_start,,term_end,,,,,,,,1985.04.11 ~ 1988.05.29,제12대 민주정의당,nfzegpkvaclgtscxt,최병렬 (정치인),40892103,,,False
12,35I30124,1,강삼재,지역구,경남 마산시,경상남도 마산시,,,신한민주당,신한민주당,통일민주당,신한민주당,1985-04-11,1988-05-29,general,term_end,term_end,,term_start,,term_end,,,,,,,,1984.05.30 ~ 1988.05.29,제12대 신한민주당 경남 마산시,nfzegpkvaclgtscxt,강삼재,40892103,,"API start 1984-05-30 is before the term start and the election, set to the term start",False
12,38S4789M,1,문병하,비례대표,전국구,,한국국민당,3,한국국민당,한국국민당,무소속,한국국민당,1985-04-11,1988-05-29,general,term_end,term_end,,term_start,,term_end,,,,,,,,1985.04.11 ~ 1988.05.29,제12대 한국국민당,nfzegpkvaclgtscxt,문병하,40892103,,,False
12,3B38932A,1,구용상,지역구,"전남 담양,곡성,화순군",전라남도 담양군·곡성군·화순군,,,민주정의당,민주정의당,민주정의당,민주정의당,1985-04-11,1988-05-29,general,term_end,term_end,,term_start,,term_end,,,,,,,,1985.04.11 ~ 1988.05.29,"제12대 민주정의당 전남 담양,곡성,화순군",nfzegpkvaclgtscxt,구용상,40892103,,,False
12,3DB2976B,1,허경구,지역구,"강원 속초시,양구,고성,인제군",강원도 속초시·양구군·인제군·고성군,,,민주한국당,민주한국당,무소속,신한민주당,1985-04-11,1988-05-29,general,term_end,term_end,,term_start,,term_end,,,,,,,,1985.04.11 ~ 1988.05.29,"제12대 신한민주당 강원 속초시,양구,고성,인제군",nfzegpkvaclgtscxt,허경구,40892103,,,False
12,3I46967H,1,조종익,지역구,"경기 여주,이천,용인군",경기도 여주군·이천군·용인군,,,민주한국당,민주한국당,통일민주당,신한민주당,1985-04-11,1988-05-29,general,term_end,term_end,,term_start,,term_end,,,,,,,,1985.04.11 ~ 1988.05.29,"제12대 신한민주당 경기 여주,이천,용인군",nfzegpkvaclgtscxt,조종익,40892103,,,False
12,3QR9592J,1,강용식,비례대표,전국구,,민주정의당,35,민주정의당,민주정의당,민주정의당,민주정의당,1985-04-11,1988-05-29,general,term_end,term_end,,term_start,,term_end,,,,,,,,1985.04.11 ~ 1988.05.29,제12대 민주정의당,nfzegpkvaclgtscxt,강용식,40892103,,,False
12,3UG9639E,1,신철균,지역구,"강원 춘천시,춘성,철원,화천군",강원도 춘천시·춘성군·철원군·화천군,,,한국국민당,한국국민당,신민주공화당,한국국민당,1985-04-11,1988-05-29,general,term_end,term_end,,term_start,,term_end,,,,,,,,1985.04.11 ~ 1988.05.29,"제12대 한국국민당 강원 춘천시,춘성,철원,화천군",nfzegpkvaclgtscxt,신철균 (1924년),40892103,,,False
12,3V397805,1,유상호,지역구,"경남 의령,함안,합천군",경상남도 의령군·함안군·합천군,,,민주정의당,민주정의당,민주정의당,민주정의당,1985-04-11,1988-05-29,general,term_end,term_end,,term_start,,term_end,,,,,,,,1985.04.11 ~ 1988.05.29,"제12대 민주정의당 경남 의령,함안,합천군",nfzegpkvaclgtscxt,류상호,40892103,,,False
12,47H78157,1,김성기,비례대표,전국구,,민주정의당,25,민주정의당,민주정의당,민주정의당,민주정의당,1985-04-11,1985-08-07,general,resigned,resigned_on_appointment,"김성기 법무장관, 황인성 농수산장관 / 문희갑 경제기획원차관 임명으로 사퇴 이진, 정호근, 김중위 승계 / 의원직 사퇴 / 法務部長官에 任命",term_start,,confirmed,wikilist+nabill,,1985-08-07,,1985-08-01,1985-08-07,010078,1985.04.11 ~ 1985.08.07,제12대 민주정의당,nfzegpkvaclgtscxt,김성기 (법조인),40892103,40637230,,False
12,49K6136H,1,송용식,비례대표,전국구,,민주정의당,36,민주정의당,민주정의당,민주정의당,민주정의당,1985-04-11,1988-05-29,general,term_end,term_end,,term_start,,term_end,,,,,,,,1985.04.11 ~ 1988.05.29,제12대 민주정의당,nfzegpkvaclgtscxt,송용식,40892103,,,False
12,4CU3481W,1,권영우,지역구,서울 동대문구,서울특별시 동대문구,,,민주정의당,민주정의당,민주정의당,민주정의당,1985-04-11,1988-05-29,general,term_end,term_end,,term_start,,term_end,,,,,,,,1985.04.11 ~ 1988.05.29,제12대 민주정의당 서울 동대문구,nfzegpkvaclgtscxt,권영우 (정치인),40892103,,,False
12,4D37702V,1,이재근,지역구,"전남 금성시,광산,나주군",전라남도 금성시·광산군·나주군,,,민주한국당,민주한국당,평화민주당,신한민주당,1985-04-11,1988-05-29,general,term_end,term_end,,term_start,,term_end,,,,,,,,1985.04.11 ~ 1988.05.29,"제12대 신한민주당 전남 금성시,광산,나주군",nfzegpkvaclgtscxt,이재근 (1937년),40892103,,,False
12,4PQ4551V,1,김현수,지역구,"충북 청주시,청원군",충청북도 청주시·청원군,,,신한민주당,신한민주당,통일민주당,신한민주당,1985-04-11,1988-05-29,general,term_end,term_end,,term_start,,term_end,,,,,,,,1985.04.11 ~ 1988.05.29,"제12대 신한민주당 충북 청주시,청원군",nfzegpkvaclgtscxt,김현수 (1937년),40892103,40637230,,False
12,4SK30918,1,권중동,비례대표,전국구,,민주정의당,15,민주정의당,민주정의당,민주정의당,민주정의당,1985-04-11,1988-05-29,general,term_end,term_end,,term_start,,term_end,,,,,,,,1985.04.11 ~ 1988.05.29,제12대 민주정의당,nfzegpkvaclgtscxt,권중동,40892103,,,False
12,4W399763,1,신재휴,비례대표,전국구,,민주한국당,3,민주한국당,민주한국당,무소속,신한민주당,1985-04-11,1988-05-29,general,term_end,term_end,,term_start,,term_end,,,,,,,,1985.04.11 ~ 1988.05.29,제12대 신한민주당,nfzegpkvaclgtscxt,신재휴,40892103,,,False
12,55Q77773,1,최치환,지역구,"경남 남해,하동군",경상남도 남해군·하동군,,,한국국민당,한국국민당,한국국민당,한국국민당,1985-04-11,1987-05-27,general,died,died,사망 / 사망,term_start,,confirmed,wikilist+wikiseat,,1987-05-27,,1987-05-27,,,1985.04.11 ~ 1987.05.27,"제12대 한국국민당 경남 남해,하동군",nfzegpkvaclgtscxt,최치환,40892103,40637230,,False
12,5921380C,1,임종기,지역구,"전남 목포시,무안,신안군",전라남도 목포시·무안군·신안군,,,민주한국당,민주한국당,무소속,신한민주당,1985-04-11,1988-05-29,general,term_end,term_end,,term_start,,term_end,,,,,,,,1985.04.11 ~ 1988.05.29,"제12대 신한민주당 전남 목포시,무안,신안군",nfzegpkvaclgtscxt,임종기,40892103,,,False
12,5MH6946W,1,양창식,지역구,"전북 남원시,임실,남원,순창군",전라북도 남원시·임실군·남원군·순창군,,,민주정의당,민주정의당,민주정의당,민주정의당,1985-04-11,1988-05-29,general,term_end,term_end,,term_start,,term_end,,,,,,,,1985.04.11 ~ 1988.05.29,"제12대 민주정의당 전북 남원시,임실,남원,순창군",nfzegpkvaclgtscxt,양창식,40892103,,,False
12,5PD4125X,1,이대순,지역구,"전남 고흥,보성",전라남도 고흥군·보성군,,,민주정의당,민주정의당,민주정의당,민주정의당,1985-04-11,1988-05-29,general,term_end,term_end,,term_start,,term_end,,,,,,,,1985.04.11 ~ 1988.05.29,"제12대 민주정의당 전남 고흥,보성",nfzegpkvaclgtscxt,이대순,40892103,,,False
12,6545933G,1,나웅배,비례대표,전국구,,민주정의당,13,민주정의당,민주정의당,민주정의당,민주정의당,1985-04-11,1987-07-13,general,resigned,resigned_on_appointment,나웅배 상공장관 임명으로 사퇴 김문기 승계 / 의원직 사퇴 / 1987.7.13 議長許可,term_start,,confirmed,wikilist+wikiseat+nabill,,1987-07-13,,1987-07-13,1987-07-13,010451,1985.04.11 ~ 1987.07.13,제12대 민주정의당,nfzegpkvaclgtscxt,나웅배,40892103,40637230,,False
12,6C99921C,1,김형경,비례대표,전국구,,신한민주당,4,신한민주당,신한민주당,통일민주당,신한민주당,1985-04-11,1988-05-29,general,term_end,term_end,,term_start,,term_end,,,,,,,,1985.04.11 ~ 1988.05.29,제12대 신한민주당,nfzegpkvaclgtscxt,김형경 (1934년),40892103,,,False
12,6JH90386,1,김성식,지역구,"충남 청양,홍성,예산군",충청남도 청양군·홍성군·예산군,,,민주한국당,민주한국당,통일민주당,신한민주당,1985-04-11,1988-05-29,general,term_end,term_end,,term_start,,term_end,,,,,,,,1985.04.11 ~ 1988.05.29,"제12대 신한민주당 충남 청양,홍성,예산군",nfzegpkvaclgtscxt,김성식 (1938년),40892103,40637230,,False
12,6LQ1789H,1,김기배,지역구,서울 구로구,서울특별시 구로구,,,민주정의당,민주정의당,민주정의당,민주정의당,1985-04-11,1988-05-29,general,term_end,term_end,,term_start,,term_end,,,,,,,,1985.04.11 ~ 1988.05.29,제12대 민주정의당 서울 구로구,nfzegpkvaclgtscxt,김기배,40892103,40637230,,False
12,6PV4212U,1,이철승,지역구,"전북 전주시,완주군",전라북도 전주시·완주군,,,신한민주당,신한민주당,무소속,신한민주당,1985-04-11,1988-05-29,general,term_end,term_end,,term_start,,term_end,,,,,,,,1985.04.11 ~ 1988.05.29,"제12대 신한민주당 전북 전주시,완주군",nfzegpkvaclgtscxt,이철승,40892103,,,False
12,6QF80715,1,박규식,지역구,"경기 부천시,김포,강화군",경기도 부천시·김포군·강화군,,,민주정의당,민주정의당,무소속,민주정의당,1985-04-11,1988-05-29,general,term_end,term_end,,term_start,,term_end,,,,,,,,1985.04.11 ~ 1988.05.29,"제12대 민주정의당 경기 부천시,김포,강화군",nfzegpkvaclgtscxt,박규식 (정치인),40892103,,,False
12,6QR2160X,1,정순덕,지역구,경남 충무.통영.고성.거제,경상남도 충무시·통영군·거제군·고성군,,,민주정의당,민주정의당,민주정의당,민주정의당,1985-04-11,1988-05-29,general,term_end,term_end,,term_start,,term_end,,,,,,,,1985.04.11 ~ 1988.05.29,제12대 민주정의당 경남 충무.통영.고성.거제,nfzegpkvaclgtscxt,정순덕 (1935년),40892103,,,False
12,6U152151,1,염길정,지역구,"경북 영천시,군,경산군",경상북도 영천시·영천군·경산군,,,민주정의당,민주정의당,민주정의당,민주정의당,1985-04-11,1988-05-29,general,term_end,term_end,,term_start,,term_end,,,,,,,,1985.04.11 ~ 1988.05.29,"제12대 민주정의당 경북 영천시,군,경산군",nfzegpkvaclgtscxt,염길정,40892103,,,False
12,6VW96635,1,신순범,지역구,"전남 여수시,광양,여천군",전라남도 여수시·여천군·광양군,,,신한민주당,신한민주당,평화민주당,신한민주당,1985-04-11,1988-05-29,general,term_end,term_end,,term_start,,term_end,,,,,,,,1985.04.11 ~ 1988.05.29,"제12대 신한민주당 전남 여수시,광양,여천군",nfzegpkvaclgtscxt,신순범,40892103,,,False
12,6ZS6304Q,1,김중권,지역구,"경북 청송,영덕,울진군",경상북도 영덕군·청송군·울진군,,,민주정의당,민주정의당,민주정의당,민주정의당,1985-04-11,1988-05-29,general,term_end,term_end,,term_start,,term_end,,,,,,,,1985.04.11 ~ 1988.05.29,"제12대 민주정의당 경북 청송,영덕,울진군",nfzegpkvaclgtscxt,김중권,40892103,40637230,,False
12,78Y31029,1,이상희,비례대표,전국구,,민주정의당,27,민주정의당,민주정의당,민주정의당,민주정의당,1985-04-11,1988-05-29,general,term_end,term_end,,term_start,,term_end,,,,,,,,1985.04.11 ~ 1988.05.29,제12대 민주정의당,nfzegpkvaclgtscxt,이상희 (1938년),40892103,,,False
12,7BJ2373D,1,이종률,비례대표,전국구,,민주정의당,46,민주정의당,민주정의당,민주정의당,민주정의당,1985-04-11,1986-09-04,general,resigned,resigned_on_appointment,이종률 청와대 공보수석 임명으로 사퇴 김태수 승계 / 의원직 사퇴 / 靑瓦臺 代辯人에 任命 | 1986.9.4 議長許可,term_start,,confirmed,nabill,,1986-09-03,,1986-09-03,1986-09-04,010280,1985.04.11 ~ 1986.09.04,제12대 민주정의당,nfzegpkvaclgtscxt,이종률,40892103,40637230,,False
12,7BR2274A,1,황낙주,지역구,"경남 진해,창원시,의창군",경상남도 창원시·진해시·의창군,,,민주한국당,민주한국당,통일민주당,신한민주당,1985-04-11,1988-05-29,general,term_end,term_end,,term_start,,term_end,,,,,,,,1985.04.11 ~ 1988.05.29,"제12대 신한민주당 경남 진해,창원시,의창군",nfzegpkvaclgtscxt,황낙주,40892103,,,False
12,7GJ2564V,1,최락도,지역구,"전북 부안,김제군",전라북도 부안군·김제군,,,신한민주당,신한민주당,평화민주당,신한민주당,1985-04-11,1988-05-29,general,term_end,term_end,,term_start,,term_end,,,,,,,,1985.04.11 ~ 1988.05.29,"제12대 신한민주당 전북 부안,김제군",nfzegpkvaclgtscxt,최락도,40892103,,,False
12,7KO11571,1,박용만,지역구,서울 성동구,서울특별시 성동구,,,신한민주당,신한민주당,통일민주당,신한민주당,1985-04-11,1988-05-29,general,term_end,term_end,,term_start,,term_end,,,,,,,,1985.04.11 ~ 1988.05.29,제12대 신한민주당 서울 성동구,nfzegpkvaclgtscxt,박용만 (정치인),40892103,,,False
12,7M76226B,1,이철우,비례대표,전국구,,민주정의당,58,민주정의당,민주정의당,민주정의당,민주정의당,1985-04-11,1988-05-29,general,term_end,term_end,,term_start,,term_end,,,,,,,,1985.04.11 ~ 1988.05.29,제12대 민주정의당,nfzegpkvaclgtscxt,이철우 (1934년),40892103,40637230,,False
12,7OR1355H,1,신병열,비례대표,전국구,,신한민주당,8,신한민주당,신한민주당,통일민주당,신한민주당,1985-04-11,1988-05-29,general,term_end,term_end,,term_start,,term_end,,,,,,,,1985.04.11 ~ 1988.05.29,제12대 신한민주당,nfzegpkvaclgtscxt,신병열,40892103,,,False
12,7Q05452E,1,이기택,지역구,"부산 남,해운대구",부산직할시 남구·해운대구,,,신한민주당,신한민주당,통일민주당,신한민주당,1985-04-11,1988-05-29,general,term_end,term_end,,term_start,,term_end,,,,,,,,1985.04.11 ~ 1988.05.29,"제12대 신한민주당 부산 남,해운대구",nfzegpkvaclgtscxt,이기택,40892103,,,False
12,7XD22708,1,김동욱,비례대표,전국구,,신한민주당,12,신한민주당,신한민주당,통일민주당,신한민주당,1985-04-11,1988-05-29,general,term_end,term_end,,term_start,,term_end,,,,,,,,1985.04.11 ~ 1988.05.29,제12대 신한민주당,nfzegpkvaclgtscxt,김동욱 (1934년),40892103,,,False
12,85U15859,1,강경식,비례대표,전국구,,민주정의당,9,민주정의당,민주정의당,민주정의당,민주정의당,1985-04-11,1988-05-29,general,term_end,term_end,,term_start,,term_end,,,,,,,,1985.04.11 ~ 1988.05.29,제12대 민주정의당,nfzegpkvaclgtscxt,강경식 (1936년),40892103,,,False
12,87W5339H,1,심완구,지역구,경남 울산시울주구,경상남도 울산시·울주군,,,민주한국당,민주한국당,통일민주당,신한민주당,1985-04-11,1988-05-29,general,term_end,term_end,,term_start,,term_end,,,,,,,,1985.04.11 ~ 1988.05.29,제12대 신한민주당 경남 울산시울주구,nfzegpkvaclgtscxt,심완구,40892103,,,False
12,8AZ5362W,1,유한열,지역구,"충남 금산,대덕,연기군",충청남도 금산군·대덕군·연기군,,,민주한국당,민주한국당,무소속,신한민주당,1985-04-11,1988-05-29,general,term_end,term_end,,term_start,,term_end,,,,,,,,1985.04.11 ~ 1988.05.29,"제12대 신한민주당 충남 금산,대덕,연기군",nfzegpkvaclgtscxt,유한열,40892103,,,False
12,8BY8620U,1,이용희,지역구,"충북 보은,옥천,영동군",충청북도 보은군·옥천군·영동군,,,민주한국당,민주한국당,평화민주당,신한민주당,1985-04-11,1988-05-29,general,term_end,term_end,,term_start,,term_end,,,,,,,,1985.04.11 ~ 1988.05.29,"제12대 신한민주당 충청북도 보은,옥천,영동군",nfzegpkvaclgtscxt,이용희 (1931년),40892103,,,False
12,8DK5346K,1,허경만,지역구,"전남 순천시,구례,승주군",전라남도 순천시·구례군·승주군,,,신한민주당,신한민주당,평화민주당,신한민주당,1985-04-11,1988-05-29,general,term_end,term_end,,term_start,,term_end,,,,,,,,1985.04.11 ~ 1988.05.29,"제12대 신한민주당 전남 순천시,구례,승주군",nfzegpkvaclgtscxt,허경만,40892103,,,False
12,8JX2594Z,1,남재희,지역구,서울 강서구,서울특별시 강서구,,,민주정의당,민주정의당,민주정의당,민주정의당,1985-04-11,1988-05-29,general,term_end,term_end,,term_start,,term_end,,,,,,,,1985.04.11 ~ 1988.05.29,제12대 민주정의당 서울 강서구,nfzegpkvaclgtscxt,남재희,40892103,,,False
12,8KV66489,1,진의종,비례대표,전국구,,민주정의당,2,민주정의당,민주정의당,민주정의당,민주정의당,1985-04-11,1988-05-29,general,term_end,term_end,,term_start,,term_end,,,,,,,,1985.04.11 ~ 1988.05.29,제12대 민주정의당,nfzegpkvaclgtscxt,진의종,40892103,,,False
12,8LB6277L,1,서종열,지역구,"경북 포항시,영일,울릉군",경상북도 포항시·영일군·울릉군,,,민주한국당,민주한국당,무소속,신한민주당,1985-04-11,1988-05-29,general,term_end,term_end,,term_start,,term_end,,,,,,,,1985.04.11 ~ 1988.05.29,"제12대 신한민주당 경북 포항시,영일,울릉군",nfzegpkvaclgtscxt,서종열,40892103,40637230,,False
12,8O68998V,1,배성동,비례대표,전국구,,민주정의당,18,민주정의당,민주정의당,민주정의당,민주정의당,1985-04-11,1988-05-29,general,term_end,term_end,,term_start,,term_end,,,,,,,,1985.04.11 ~ 1988.05.29,제12대 민주정의당,nfzegpkvaclgtscxt,배성동,40892103,,,False
12,8OR4908W,1,정석모,지역구,"충남 공주,논산군",충청남도 논산군·공주군,,,민주정의당,민주정의당,민주정의당,민주정의당,1985-04-11,1988-05-29,general,term_end,term_end,,term_start,,term_end,,,,,,,,1985.04.11 ~ 1988.05.29,"제12대 민주정의당 충남 공주,논산군",nfzegpkvaclgtscxt,정석모,40892103,,,False
12,8V29157I,1,이민우,지역구,"서울 종로,중구",서울특별시 종로구·중구,,,신한민주당,신한민주당,신한민주당,신한민주당,1985-04-11,1987-11-20,general,resigned,resigned_other,사퇴 / 의원직 사퇴,term_start,,confirmed,wikiseat+nabill,,1987-11-21,,1987-11-20,1987-11-20,010623,1985.04.11 ~ 1987.11.20,"제12대 신한민주당 서울 종로,중구",nfzegpkvaclgtscxt,이민우 (1915년),40892103,40637230,,False
12,8VO2188C,1,조상현,비례대표,전국구,,민주정의당,22,민주정의당,민주정의당,민주정의당,민주정의당,1985-04-11,1988-05-29,general,term_end,term_end,,term_start,,term_end,,,,,,,,1985.04.11 ~ 1988.05.29,제12대 민주정의당,nfzegpkvaclgtscxt,조상현 (1924년),40892103,,,False
12,90U66631,1,김문기,비례대표,전국구,,민주정의당,69,민주정의당,민주정의당,민주정의당,민주정의당,1987-07-16,1988-05-29,succession_pr,term_end,term_end,,api_later_than_wiki,wikilist=1987-07-13; wikiseat=1987-07-13,term_end,,1987-07-13,,1987-07-13,,,,1987.07.16 ~ 1988.05.29,제12대 민주정의당,nfzegpkvaclgtscxt,김문기 (1932년),40892103,40637230,,False
12,96285476,1,이영일,지역구,"전남 광주시,서구",전라남도 광주시 서구,,,민주정의당,민주정의당,민주정의당,민주정의당,1985-04-11,1988-05-29,general,term_end,term_end,,term_start,,term_end,,,,,,,,1985.04.11 ~ 1988.05.29,"제12대 민주정의당 전남 광주시,서구",nfzegpkvaclgtscxt,이영일 (1939년),40892103,,,False
12,9GB42601,1,김용오,비례대표,전국구,,신한민주당,14,신한민주당,신한민주당,평화민주당,신한민주당,1985-04-11,1988-05-29,general,term_end,term_end,,term_start,,term_end,,,,,,,,1985.04.11 ~ 1988.05.29,제12대 신한민주당,nfzegpkvaclgtscxt,김용오,40892103,,,False
12,9HW7898Q,1,최재구,비례대표,전국구,,한국국민당,5,한국국민당,한국국민당,신민주공화당,한국국민당,1985-04-11,1988-05-29,general,term_end,term_end,,term_start,,term_end,,,,,,,,1985.04.11 ~ 1988.05.29,제12대 한국국민당,nfzegpkvaclgtscxt,최재구 (1929년),40892103,,,False
12,9X386624,1,이철,지역구,서울 성북구,서울특별시 성북구,,,신한민주당,신한민주당,무소속,신한민주당,1985-04-11,1988-05-29,general,term_end,term_end,,term_start,,term_end,,,,,,,,1985.04.11 ~ 1988.05.29,제12대 신한민주당 서울 성북구,nfzegpkvaclgtscxt,이철 (1948년),40892103,,,False
12,9XN6525K,1,김태룡,지역구,대전 중구,충청남도 대전시 중구,,,신한민주당,신한민주당,통일민주당,신한민주당,1985-04-11,1988-05-29,general,term_end,term_end,,term_start,,term_end,,,,,,,,1985.04.11 ~ 1988.05.29,제12대 신한민주당 대전 중구,nfzegpkvaclgtscxt,김태룡 (정치인),40892103,40637230,,False
12,A1819526,1,김정수,지역구,부산 진구,부산직할시 부산진구,,,신한민주당,신한민주당,통일민주당,신한민주당,1985-04-11,1988-05-29,general,term_end,term_end,,term_start,,term_end,,,,,,,,1985.04.11 ~ 1988.05.29,제12대 신한민주당 부산 진구,nfzegpkvaclgtscxt,김정수 (1937년),40892103,40637230,,False
12,A3067041,1,김종철,비례대표,전국구,,한국국민당,1,한국국민당,한국국민당,한국국민당,한국국민당,1985-04-11,1986-11-04,general,died,died,김종철 사망 조용직 승계 / 사망,term_start,,confirmed,wikilist,,1986-11-04,,1986-11-14,,,1985.04.11 ~ 1986.11.04,제12대 한국국민당,nfzegpkvaclgtscxt,김종철 (1920년),40892103,40637230,,False
12,A5I4284G,1,이자헌,지역구,"경기 송탄시,평택,안성군",경기도 송탄시·평택군·안성군,,,민주정의당,민주정의당,민주정의당,민주정의당,1985-04-11,1988-05-29,general,term_end,term_end,,term_start,,term_end,,,,,,,,1985.04.11 ~ 1988.05.29,"제12대 민주정의당 경기 송탄시,평택,안성군",nfzegpkvaclgtscxt,이자헌,40892103,,,False
12,A7N1851F,1,김완태,지역구,"충북 진천,괴산,음성군",충청북도 진천군·괴산군·음성군,,,한국국민당,한국국민당,민주정의당,신한민주당,1985-04-11,1988-05-29,general,term_end,term_end,,term_start,,term_end,,,,,,,,1985.04.11 ~ 1988.05.29,"제12대 신한민주당 충북 진천,괴산,음성군",nfzegpkvaclgtscxt,김완태 (1931년),40892103,40637230,,False
12,AE923641,1,김용태,지역구,"대구 동,북구",대구직할시 동구·북구,,,민주정의당,민주정의당,민주정의당,민주정의당,1985-04-11,1988-05-29,general,term_end,term_end,,term_start,,term_end,,,,,,,,1985.04.11 ~ 1988.05.29,"제12대 민주정의당 대구 동,북구",nfzegpkvaclgtscxt,김용태 (1936년),40892103,40637230,,False
12,AJ04477M,1,이진,비례대표,전국구,,민주정의당,62,민주정의당,민주정의당,민주정의당,민주정의당,1985-08-09,1988-05-29,succession_pr,term_end,term_end,,confirmed,wikilist,term_end,,1985-08-09,,1985-08-01,,,,1985.08.09 ~ 1988.05.29,제12대 민주정의당,nfzegpkvaclgtscxt,이진 (1942년),40892103,40637230,,False
12,AKW5267O,1,조경목,비례대표,전국구,,민주정의당,47,민주정의당,민주정의당,민주정의당,민주정의당,1985-04-11,1988-05-29,general,term_end,term_end,,term_start,,term_end,,,,,,,,1985.04.11 ~ 1988.05.29,제12대 민주정의당,nfzegpkvaclgtscxt,조경목,40892103,,,False
12,AMY93771,1,김동영,지역구,"경남 산청,함양,거창군",경상남도 산청군·함양군·거창군,,,신한민주당,신한민주당,통일민주당,신한민주당,1985-04-11,1988-05-29,general,term_end,term_end,,term_start,,term_end,,,,,,,,1985.04.11 ~ 1988.05.29,"제12대 신한민주당 경남 산청,함양,거창군",nfzegpkvaclgtscxt,김동영 (정치인),40892103,40637230,,False
12,AOO49161,1,박종문,비례대표,전국구,,민주정의당,8,민주정의당,민주정의당,민주정의당,민주정의당,1985-04-11,1988-05-29,general,term_end,term_end,,term_start,,term_end,,,,,,,,1985.04.11 ~ 1988.05.29,제12대 민주정의당,nfzegpkvaclgtscxt,박종문 (1932년),40892103,,,False
12,ARB2312Q,1,최명헌,비례대표,전국구,,민주정의당,45,민주정의당,민주정의당,민주정의당,민주정의당,1985-04-11,1988-05-29,general,term_end,term_end,,term_start,,term_end,,,,,,,,1985.04.11 ~ 1988.05.29,제12대 민주정의당,nfzegpkvaclgtscxt,최명헌,40892103,,,False
12,B3A7296S,1,김중위,비례대표,전국구,,민주정의당,64,민주정의당,민주정의당,민주정의당,민주정의당,1985-08-09,1988-05-29,succession_pr,term_end,term_end,,confirmed,wikilist,term_end,,1985-08-09,,1985-08-01,,,,1985.08.09 ~ 1988.05.29,제12대 민주정의당,nfzegpkvaclgtscxt,김중위,40892103,40637230,,False
12,B8Q5855N,1,이재우,지역구,"경남 김해시양산,김해군",경상남도 김해시·김해군·양산군,,,민주정의당,민주정의당,민주정의당,민주정의당,1985-04-11,1988-05-29,general,term_end,term_end,,term_start,,term_end,,,,,,,,1985.04.11 ~ 1988.05.29,"제12대 민주정의당 경남 김해시양산,김해군",nfzegpkvaclgtscxt,이재우 (1939년),40892103,40637230,,False
12,BE686111,1,신경설,비례대표,전국구,,신한민주당,17,신한민주당,신한민주당,민주정의당,신한민주당,1985-04-11,1988-05-29,general,term_end,term_end,,term_start,,term_end,,,,,,,,1985.04.11 ~ 1988.05.29,제12대 신한민주당,nfzegpkvaclgtscxt,신경설,40892103,,,False
12,BEP5053G,1,황인성,비례대표,전국구,,민주정의당,10,민주정의당,민주정의당,민주정의당,민주정의당,1985-04-11,1985-08-07,general,resigned,resigned_on_appointment,"김성기 법무장관, 황인성 농수산장관 / 문희갑 경제기획원차관 임명으로 사퇴 이진, 정호근, 김중위 승계 / 의원직 사퇴 / 農水産部長官에 任命",term_start,,confirmed,wikilist+nabill,,1985-08-07,,1985-08-01,1985-08-07,010080,1985.04.11 ~ 1985.08.07,제12대 민주정의당,nfzegpkvaclgtscxt,황인성 (1926년),40892103,40637230,,False
12,BGM2305C,1,고귀남,지역구,"광주 동,북구",전라남도 광주시 동구·북구,,,민주정의당,민주정의당,민주정의당,민주정의당,1985-04-11,1988-05-29,general,term_end,term_end,,term_start,,term_end,,,,,,,,1985.04.11 ~ 1988.05.29,"제12대 민주정의당 광주 동,북구",nfzegpkvaclgtscxt,고귀남,40892103,,,False
12,BGO59248,1,이범준,지역구,"강원 강릉시,양양,명주군",강원도 강릉시·명주군·양양군,,,민주정의당,민주정의당,민주정의당,민주정의당,1985-04-11,1988-05-29,general,term_end,term_end,,term_start,,term_end,,,,,,,,1985.04.11 ~ 1988.05.29,"제12대 민주정의당 강원 강릉시,양양,명주군",nfzegpkvaclgtscxt,이범준 (1928년),40892103,,,False
12,BHU7979V,1,지연태,비례대표,전국구,,민주정의당,37,민주정의당,민주정의당,민주정의당,민주정의당,1985-04-11,1988-05-29,general,term_end,term_end,,term_start,,term_end,,,,,,,,1985.04.11 ~ 1988.05.29,제12대 민주정의당,nfzegpkvaclgtscxt,지연태,40892103,,,False
12,BJE7776S,1,김재호,지역구,"전남 여수시광야,여천군",전라남도 여수시·여천군·광양군,,,민주정의당,민주정의당,민주정의당,민주정의당,1985-04-11,1988-05-29,general,term_end,term_end,,term_start,,term_end,,,,,,,,1985.04.11 ~ 1988.05.29,"제12대 민주정의당 전남 여수시광야,여천군",nfzegpkvaclgtscxt,김재호 (1930년),40892103,,,False
12,BM974630,1,정동윤,비례대표,전국구,,민주정의당,70,민주정의당,민주정의당,민주정의당,민주정의당,1987-12-22,1988-05-29,succession_pr,term_end,term_end,,confirmed,wikilist,term_end,,1987-12-22,,1987-12-20,,,,1987.12.22 ~ 1988.05.29,제12대 민주정의당,nfzegpkvaclgtscxt,정동윤 (정치인),40892103,40637230,,False
12,BQI9725M,1,김옥선,지역구,"충남 부여,서천,보령군",충청남도 부여군·서천군·보령군,,,신한민주당,신한민주당,무소속,신한민주당,1985-04-11,1988-05-29,general,term_end,term_end,,term_start,,term_end,,,,,,,,1985.04.11 ~ 1988.05.29,"제12대 신한민주당 충남 부여,서천,보령군",nfzegpkvaclgtscxt,김옥선,40892103,,,False
12,BRJ3480K,1,이영준,지역구,"경기 파주,고양군",경기도 파주군·고양군,,,민주한국당,민주한국당,통일민주당,신한민주당,1985-04-11,1988-05-29,general,term_end,term_end,,term_start,,term_end,,,,,,,,1985.04.11 ~ 1988.05.29,"제12대 신한민주당 경기 파주,고양군",nfzegpkvaclgtscxt,이영준 (1933년),40892103,,,False
12,BUH50481,1,김정례,지역구,서울 성북구,서울특별시 성북구,,,민주정의당,민주정의당,민주정의당,민주정의당,1985-04-11,1988-05-29,general,term_end,term_end,,term_start,,term_end,,,,,,,,1985.04.11 ~ 1988.05.29,제12대 민주정의당 서울 성북구,nfzegpkvaclgtscxt,김정례,40892103,40637230,,False
12,BW19186J,1,홍사덕,지역구,"경북 영주시,영양,영풍,봉화군",경상북도 영주시·영풍군·영양군·봉화군,,,신한민주당,신한민주당,무소속,신한민주당,1985-04-11,1988-05-29,general,term_end,term_end,,term_start,,term_end,,,,,,,,1985.04.11 ~ 1988.05.29,"제12대 신한민주당 경북 영주시,영양,영풍,봉화군",nfzegpkvaclgtscxt,홍사덕,40892103,,,False
12,C158315E,1,홍우준,지역구,"경기 의정부,동두천시,양주군",경기도 의정부시·동두천시·양주군,,,민주정의당,민주정의당,민주정의당,민주정의당,1985-04-11,1988-05-29,general,term_end,term_end,,term_start,,term_end,,,,,,,,1985.04.11 ~ 1988.05.29,"제12대 민주정의당 경기 의정부,동두천시,양주군",nfzegpkvaclgtscxt,홍우준,40892103,,,False
12,C4L8202L,1,김한수,지역구,"충남 공주,논산군",충청남도 논산군·공주군,,,신한민주당,신한민주당,통일민주당,신한민주당,1985-04-11,1988-05-29,general,term_end,term_end,,term_start,,term_end,,,,,,,,1985.04.11 ~ 1988.05.29,"제12대 신한민주당 충남 공주,논산군",nfzegpkvaclgtscxt,김한수 (1935년),40892103,40637230,,False
12,C7A6967V,1,김형광,지역구,"경기 의정부,동두천시,양주군",경기도 의정부시·동두천시·양주군,,,신한민주당,신한민주당,통일민주당,신한민주당,1985-04-11,1988-05-29,general,term_end,term_end,,term_start,,term_end,,,,,,,,1985.04.11 ~ 1988.05.29,"제12대 신한민주당 경기 의정부,동두천시,양주군",nfzegpkvaclgtscxt,김형광,40892103,,,False
12,CG97650D,1,강경식,지역구,부산 진구,부산직할시 부산진구,,,한국국민당,한국국민당,신민주공화당,한국국민당,1985-04-11,1988-05-29,general,term_end,term_end,,term_start,,term_end,,,,,,,,1985.04.11 ~ 1988.05.29,제12대 한국국민당 부산 진구,nfzegpkvaclgtscxt,강경식 (1940년),40892103,,,False
12,CPD8758L,1,류갑종,지역구,"전북 정주시,정읍,고창군",전라북도 정주시·정읍군·고창군,,,신민주당,신민주당,무소속,신한민주당,1985-04-11,1988-05-29,general,term_end,term_end,,term_start,,term_end,,,,,,,,1985.04.11 ~ 1988.05.29,"제12대 신한민주당 전북 정주시,정읍,고창군",nfzegpkvaclgtscxt,유갑종,40892103,,,False
12,CR55639O,1,김영생,지역구,"경북 안동시의성,안동군",경상북도 안동시·안동군·의성군,,,한국국민당,한국국민당,민주정의당,한국국민당,1985-04-11,1988-05-29,general,term_end,term_end,,term_start,,term_end,,,,,,,,1985.04.11 ~ 1988.05.29,"제12대 한국국민당 경북 안동시의성,안동군",nfzegpkvaclgtscxt,김영생,40892103,40637230,,False
12,CY918489,1,최창규,지역구,"충남 청양,홍성,예산군",충청남도 청양군·홍성군·예산군,,,민주정의당,민주정의당,민주정의당,민주정의당,1985-04-11,1988-05-29,general,term_end,term_end,,term_start,,term_end,,,,,,,,1985.04.11 ~ 1988.05.29,"제12대 민주정의당 충남 청양,홍성,예산군",nfzegpkvaclgtscxt,최창규 (1937년),40892103,,,False
12,D2Z2099T,1,천영성,지역구,"충남 금산,대덕,연기군",충청남도 금산군·대덕군·연기군,,,민주정의당,민주정의당,민주정의당,민주정의당,1985-04-11,1988-05-29,general,term_end,term_end,,term_start,,term_end,,,,,,,,1985.04.11 ~ 1988.05.29,"제12대 민주정의당 충남 금산,대덕,연기군",nfzegpkvaclgtscxt,천영성,40892103,,,False
12,D4D6998Z,1,박한상,지역구,서울 영등포구,서울특별시 영등포구,,,신한민주당,신한민주당,무소속,신한민주당,1985-04-11,1988-05-29,general,term_end,term_end,,term_start,,term_end,,,,,,,,1985.04.11 ~ 1988.05.29,제12대 신한민주당 서울 영등포구,nfzegpkvaclgtscxt,박한상 (정치인),40892103,,,False
12,D4U4031E,1,최영철,지역구,"전남 목포시,무안,신안군",전라남도 목포시·무안군·신안군,,,민주정의당,민주정의당,민주정의당,민주정의당,1985-04-11,1988-05-29,general,term_end,term_end,,term_start,,term_end,,,,,,,,1985.04.11 ~ 1988.05.29,"제12대 민주정의당 전남 목포시,무안,신안군",nfzegpkvaclgtscxt,최영철 (1935년),40892103,,,False
12,DM691397,1,조영수,비례대표,전국구,,신한민주당,10,신한민주당,신한민주당,통일민주당,신한민주당,1985-04-11,1988-05-29,general,term_end,term_end,,term_start,,term_end,,,,,,,,1985.04.11 ~ 1988.05.29,제12대 신한민주당,nfzegpkvaclgtscxt,조영수 (1941년),40892103,,,False
12,DMB3294Z,1,안영화,비례대표,전국구,,민주정의당,59,민주정의당,민주정의당,민주정의당,민주정의당,1985-04-11,1988-05-29,general,term_end,term_end,,term_start,,term_end,,,,,,,,1985.04.11 ~ 1988.05.29,제12대 민주정의당,nfzegpkvaclgtscxt,안영화,40892103,,,False
12,DML3056Z,1,이건일,지역구,부산 동래구,부산직할시 동래구,,,민주한국당,민주한국당,신민주공화당,신한민주당,1985-04-11,1988-05-29,general,term_end,term_end,,term_start,,term_end,,,,,,,,1985.04.11 ~ 1988.05.29,제12대 신한민주당 부산 동래구,nfzegpkvaclgtscxt,이건일,40892103,,,False
12,DQV2229Y,1,류근환,비례대표,전국구,,민주정의당,28,민주정의당,민주정의당,민주정의당,민주정의당,1985-04-11,1988-05-29,general,term_end,term_end,,term_start,,term_end,,,,,,,,1985.04.11 ~ 1988.05.29,제12대 민주정의당,nfzegpkvaclgtscxt,류근환,40892103,,,False
12,DS76728O,1,명화섭,지역구,"인천 중,남구",인천직할시 중구·남구,,,신한민주당,신한민주당,통일민주당,신한민주당,1985-04-11,1988-05-29,general,term_end,term_end,,term_start,,term_end,,,,,,,,1985.04.11 ~ 1988.05.29,"제12대 신한민주당 인천 중,남구",nfzegpkvaclgtscxt,명화섭,40892103,,,False
12,DSA2985Y,1,유학성,비례대표,전국구,,민주정의당,5,민주정의당,민주정의당,민주정의당,민주정의당,1985-04-11,1988-05-29,general,term_end,term_end,,term_start,,term_end,,,,,,,,1985.04.11 ~ 1988.05.29,제12대 민주정의당,nfzegpkvaclgtscxt,유학성,40892103,,,False
12,DSL4089Q,1,김재광,지역구,"서울 서대문,은평구",서울특별시 서대문구·은평구,,,신한민주당,신한민주당,통일민주당,신한민주당,1985-04-11,1988-05-29,general,term_end,term_end,,term_start,,term_end,,,,,,,,1985.04.11 ~ 1988.05.29,"제12대 신한민주당 서울 서대문,은평구",nfzegpkvaclgtscxt,김재광,40892103,,,False
12,DTM59312,1,김태호,지역구,경남 울산시울주군,경상남도 울산시·울주군,,,민주정의당,민주정의당,민주정의당,민주정의당,1985-04-11,1988-05-29,general,term_end,term_end,,term_start,,term_end,,,,,,,,1985.04.11 ~ 1988.05.29,제12대 민주정의당 경남 울산시울주군,nfzegpkvaclgtscxt,김태호 (1935년),40892103,40637230,,False
12,DXT6464N,1,신동준,비례대표,전국구,,민주한국당,7,민주한국당,민주한국당,무소속,민주한국당,1985-04-11,1988-05-29,general,term_end,term_end,,term_start,,term_end,,,,,,,,1985.04.11 ~ 1988.05.29,제12대 민주한국당,nfzegpkvaclgtscxt,신동준 (1932년 12월),40892103,,,False
12,DZA89640,1,김학준,비례대표,전국구,,민주정의당,49,민주정의당,민주정의당,민주정의당,민주정의당,1985-04-11,1988-03-10,general,resigned,resigned_other,의원직 사퇴 / 서울大 敎授로 獨逸 留學,term_start,,confirmed,nabill,,1988-03-30,,,1988-03-10,010665,1985.04.11 ~ 1988.03.10,제12대 민주정의당,nfzegpkvaclgtscxt,김학준 (1943년),40892103,,,False
12,E5N8503B,1,김종인,비례대표,전국구,,민주정의당,32,민주정의당,민주정의당,민주정의당,민주정의당,1985-04-11,1988-05-29,general,term_end,term_end,,term_start,,term_end,,,,,,,,1985.04.11 ~ 1988.05.29,제12대 민주정의당 전국구,nfzegpkvaclgtscxt,김종인,40892103,40637230,,False
12,EAH64767,1,한효섭,비례대표,전국구,,신한민주당,6,신한민주당,신한민주당,통일민주당,신한민주당,1985-04-11,1988-05-29,general,term_end,term_end,,term_start,,term_end,,,,,,,,1985.04.11 ~ 1988.05.29,제12대 신한민주당,nfzegpkvaclgtscxt,한효섭,40892103,,Wikipedia list writes the name as 한석봉 (article link 한효섭),False
12,ECA36947,1,최용안,지역구,"전북 남원시,임실,남원,순창군",전라북도 남원시·임실군·남원군·순창군,,,한국국민당,한국국민당,무소속,한국국민당,1985-04-11,1988-05-29,general,term_end,term_end,,term_start,,term_end,,,,,,,,1985.04.11 ~ 1988.05.29,"제12대 한국국민당 전북 남원시,임실,남원,순창군",nfzegpkvaclgtscxt,최용안,40892103,,,False
12,EEC7465H,1,이춘구,지역구,"충북 충주,제천시중원,제원,단양",충청북도 충주시·제천시·중원군·제원군·단양군,,,민주정의당,민주정의당,민주정의당,민주정의당,1985-04-11,1988-05-29,general,term_end,term_end,,term_start,,term_end,,,,,,,,1985.04.11 ~ 1988.05.29,"제12대 민주정의당 충북 충주,제천시중원,제원,단양",nfzegpkvaclgtscxt,이춘구,40892103,,,False
12,EUJ8925R,1,정종택,지역구,"충북 청주시,청원군",충청북도 청주시·청원군,,,민주정의당,민주정의당,민주정의당,민주정의당,1985-04-11,1988-05-29,general,term_end,term_end,,term_start,,term_end,,,,,,,,1985.04.11 ~ 1988.05.29,"제12대 민주정의당 충북 청주시,청원군",nfzegpkvaclgtscxt,정종택 (정치인),40892103,,,False
12,EWB4602W,1,임춘원,비례대표,전국구,,신한민주당,2,신한민주당,신한민주당,평화민주당,신한민주당,1985-04-11,1988-05-29,general,term_end,term_end,,term_start,,term_end,,,,,,,,1985.04.11 ~ 1988.05.29,제12대 신한민주당,nfzegpkvaclgtscxt,임춘원,40892103,,,False
12,EX53824S,1,이상민,지역구,"경남 진주,삼천포시,진양,사천군",경상남도 진주시·삼천포시·진양군·사천군,,,민주한국당,민주한국당,통일민주당,신한민주당,1985-04-11,1988-05-29,general,term_end,term_end,,term_start,,term_end,,,,,,,,1985.04.11 ~ 1988.05.29,"제12대 신한민주당 경남 진주,삼천포시,진양,사천군",nfzegpkvaclgtscxt,이상민 (1942년),40892103,40637230,,False
12,F1M5664J,1,김형효,비례대표,전국구,,민주정의당,48,민주정의당,민주정의당,민주정의당,민주정의당,1985-04-11,1988-05-29,general,term_end,term_end,,term_start,,term_end,,,,,,,,1985.04.11 ~ 1988.05.29,제12대 민주정의당,nfzegpkvaclgtscxt,김형호,40892103,,Wikipedia list writes the name as 김형호 (article link 김형호),False
12,F769501H,1,김동규,지역구,서울 강동구,서울특별시 강동구,,,신한민주당,신한민주당,통일민주당,신한민주당,1985-04-11,1988-05-29,general,term_end,term_end,,term_start,,term_end,,,,,,,,1985.04.11 ~ 1988.05.29,제12대 신한민주당 서울 강동구,nfzegpkvaclgtscxt,김동규 (1932년),40892103,,,False
12,FA46842I,1,정재원,지역구,"충남 천안시,아산,천원군",충청남도 천안시·천원군·아산군,,,민주한국당,민주한국당,무소속,신한민주당,1985-04-11,1988-05-29,general,term_end,term_end,,term_start,,term_end,,,,,,,,1985.04.11 ~ 1988.05.29,"제12대 신한민주당 충남 천안시,아산,천원군",nfzegpkvaclgtscxt,정재원 (1942년 6월),40892103,,,False
12,FJ046111,1,고한준,비례대표,전국구,,신한민주당,3,신한민주당,신한민주당,평화민주당,신한민주당,1985-04-11,1988-05-29,general,term_end,term_end,,term_start,,term_end,,,,,,,,1985.04.11 ~ 1988.05.29,제12대 신한민주당,nfzegpkvaclgtscxt,고한준,40892103,,,False
12,FN67085Z,1,전병우,지역구,"전북 진안,무주,장수",전라북도 진안군·무주군·장수군,,,민주정의당,민주정의당,민주정의당,민주정의당,1985-04-11,1988-05-29,general,term_end,term_end,,term_start,,term_end,,,,,,,,1985.04.11 ~ 1988.05.29,"제12대 민주정의당 전북 진안,무주,장수",nfzegpkvaclgtscxt,전병우,40892103,,,False
12,FPT6879K,1,김봉조,지역구,경남 충무.통영.고성.거제,경상남도 충무시·통영군·거제군·고성군,,,신한민주당,신한민주당,통일민주당,신한민주당,1985-04-11,1988-05-29,general,term_end,term_end,,term_start,,term_end,,,,,,,,1985.04.11 ~ 1988.05.29,제12대 신한민주당 경남 충무.통영.고성.거제,nfzegpkvaclgtscxt,김봉조 (1939년),40892103,,,False
12,FR056047,1,문정수,지역구,부산 북구,부산직할시 북구,,,신한민주당,신한민주당,통일민주당,신한민주당,1985-04-11,1988-05-29,general,term_end,term_end,,term_start,,term_end,,,,,,,,1985.04.11 ~ 1988.05.29,제12대 신한민주당 부산 북구,nfzegpkvaclgtscxt,문정수,40892103,,,False
12,FSJ32138,1,김영구,비례대표,전국구,,민주정의당,33,민주정의당,민주정의당,민주정의당,민주정의당,1985-04-11,1988-05-29,general,term_end,term_end,,term_start,,term_end,,,,,,,,1985.04.11 ~ 1988.05.29,제12대 민주정의당,nfzegpkvaclgtscxt,김영구 (1940년),40892103,40637230,,False
12,G439872Q,1,김현규,지역구,"경북 구미시,군위,칠곡,선산군",경상북도 구미시·군위군·선산군·칠곡군,,,무소속,무소속,통일민주당,신한민주당,1985-04-11,1988-05-29,general,term_end,term_end,,term_start,,term_end,,,,,,,,1985.04.11 ~ 1988.05.29,"제12대 신한민주당 경북 구미시,군위,칠곡,선산군",nfzegpkvaclgtscxt,김현규 (정치인),40892103,,,False
12,GIZ16849,1,최훈,비례대표,전국구,,신한민주당,16,신한민주당,신한민주당,평화민주당,신한민주당,1985-04-11,1988-05-29,general,term_end,term_end,,term_start,,term_end,,,,,,,,1985.04.11 ~ 1988.05.29,제12대 신한민주당,nfzegpkvaclgtscxt,최훈 (정치인),40892103,,,False
12,GMC9494G,1,황대봉,비례대표,전국구,,민주한국당,8,민주한국당,민주한국당,통일민주당,민주한국당,1985-04-11,1988-05-29,general,term_end,term_end,,term_start,,term_end,,,,,,,,1985.04.11 ~ 1988.05.29,제12대 민주한국당,nfzegpkvaclgtscxt,황대봉,40892103,,,False
12,GRV72207,1,김종열,비례대표,전국구,,민주정의당,72,민주정의당,민주정의당,민주정의당,민주정의당,1988-05-13,1988-05-29,succession_pr,term_end,term_end,,api_later_than_wiki,wikilist=1988-05-11; wikiseat=1988-05-11,term_end,,1988-05-11,,1988-05-11,,,,1988.05.13 ~ 1988.05.29,제12대 민주정의당,nfzegpkvaclgtscxt,김종렬,40892103,40637230,,False
12,GVS3975B,1,안동선,지역구,"경기 부천시,김포,강화군",경기도 부천시·김포군·강화군,,,신한민주당,신한민주당,평화민주당,신한민주당,1985-04-11,1988-05-29,general,term_end,term_end,,term_start,,term_end,,,,,,,,1985.04.11 ~ 1988.05.29,"제12대 신한민주당 경기 부천시,김포,강화군",nfzegpkvaclgtscxt,안동선,40892103,,,False
12,GXQ4475V,1,김숙현,지역구,"인천 동,북구",인천직할시 동구·북구,,,민주정의당,민주정의당,민주정의당,민주정의당,1985-04-11,1988-05-29,general,term_end,term_end,,term_start,,term_end,,,,,,,,1985.04.11 ~ 1988.05.29,"제12대 민주정의당 인천 동,북구",nfzegpkvaclgtscxt,김숙현,40892103,,,False
12,HBO3666Q,1,윤길중,지역구,"서울 서대문,은평구",서울특별시 서대문구·은평구,,,민주정의당,민주정의당,민주정의당,민주정의당,1985-04-11,1988-05-29,general,term_end,term_end,,term_start,,term_end,,,,,,,,1985.04.11 ~ 1988.05.29,"제12대 민주정의당 서울 서대문,은평구",nfzegpkvaclgtscxt,윤길중,40892103,,,False
12,HCN4630J,1,심명보,지역구,"강원 영월,평창,정선군",강원도 영월군·평창군·정선군,,,민주정의당,민주정의당,민주정의당,민주정의당,1985-04-11,1988-05-29,general,term_end,term_end,,term_start,,term_end,,,,,,,,1985.04.11 ~ 1988.05.29,"제12대 민주정의당 강원 영월,평창,정선군",nfzegpkvaclgtscxt,심명보,40892103,,,False
12,HEC76798,1,이찬혁,지역구,서울 영등포구,서울특별시 영등포구,,,민주정의당,민주정의당,민주정의당,민주정의당,1985-04-11,1988-05-29,general,term_end,term_end,,term_start,,term_end,,,,,,,,1985.04.11 ~ 1988.05.29,제12대 민주정의당 서울 영등포구,nfzegpkvaclgtscxt,이찬혁 (정치인),40892103,,,False
12,HFG6145J,1,정상구,비례대표,전국구,,민주한국당,5,민주한국당,민주한국당,통일민주당,신한민주당,1985-04-11,1988-05-29,general,term_end,term_end,,term_start,,term_end,,,,,,,,1985.04.11 ~ 1988.05.29,제12대 신한민주당,nfzegpkvaclgtscxt,정상구,40892103,,,False
12,HFO6788P,1,김정길,지역구,"부산 중,동,영도구",부산직할시 중구·동구·영도구,,,민주한국당,민주한국당,통일민주당,신한민주당,1985-04-11,1988-05-29,general,term_end,term_end,,term_start,,term_end,,,,,,,,1985.04.11 ~ 1988.05.29,"제12대 신한민주당 부산 중,동,영도구",nfzegpkvaclgtscxt,김정길 (1945년),40892103,40637230,,False
12,HIT2733V,1,이영권,지역구,"전남 장흥,강진,영암,완도군",전라남도 장흥군·강진군·영암군·완도군,,,신한민주당,신한민주당,평화민주당,신한민주당,1985-04-11,1988-05-29,general,term_end,term_end,,term_start,,term_end,,,,,,,,1985.04.11 ~ 1988.05.29,"제12대 신한민주당 전남 장흥,강진,영암,완도군",nfzegpkvaclgtscxt,이영권 (정치인),40892103,,,False
12,HT966869,1,김용채,지역구,"경기 연천,포천,가평군",경기도 연천군·포천군·가평군,,,한국국민당,한국국민당,신민주공화당,한국국민당,1985-04-11,1988-05-29,general,term_end,term_end,,term_start,,term_end,,,,,,,,1985.04.11 ~ 1988.05.29,"제12대 한국국민당 경기 연천,포천,가평군",nfzegpkvaclgtscxt,김용채,40892103,,,False
12,HVO20403,1,양경자,비례대표,전국구,,민주정의당,52,민주정의당,민주정의당,민주정의당,민주정의당,1985-04-11,1988-05-29,general,term_end,term_end,,term_start,,term_end,,,,,,,,1985.04.11 ~ 1988.05.29,제12대 민주정의당,nfzegpkvaclgtscxt,양경자,40892103,,,False
12,I6J48467,1,윤영탁,비례대표,전국구,,신한민주당,7,신한민주당,신한민주당,통일민주당,신한민주당,1985-04-11,1988-05-29,general,term_end,term_end,,term_start,,term_end,,,,,,,,1985.04.11 ~ 1988.05.29,제12대 신한민주당,nfzegpkvaclgtscxt,윤영탁,40892103,,,False
12,IB22144F,1,목요상,지역구,"대구 동,북구",대구직할시 동구·북구,,,민주한국당,민주한국당,통일민주당,신한민주당,1985-04-11,1988-05-29,general,term_end,term_end,,term_start,,term_end,,,,,,,,1985.04.11 ~ 1988.05.29,"제12대 신한민주당 대구 동,북구",nfzegpkvaclgtscxt,목요상,40892103,,,False
12,IFZ88376,1,이세기,지역구,서울 성동구,서울특별시 성동구,,,민주정의당,민주정의당,민주정의당,민주정의당,1985-04-11,1988-05-29,general,term_end,term_end,,term_start,,term_end,,,,,,,,1985.04.11 ~ 1988.05.29,제12대 민주정의당 서울 성동구,nfzegpkvaclgtscxt,이세기 (1936년),40892103,,,False
12,ILT4823Z,1,김정남,지역구,"강원 동해,태백시삼척군",강원도 동해시·태백시·삼척군,,,민주정의당,민주정의당,민주정의당,민주정의당,1985-04-11,1988-05-29,general,term_end,term_end,,term_start,,term_end,,,,,,,,1985.04.11 ~ 1988.05.29,"제12대 민주정의당 강원 동해,태백시삼척군",nfzegpkvaclgtscxt,김정남 (1940년),40892103,40637230,,False
12,IOI30449,1,김봉호,지역구,"전남 해남,진도군",전라남도 해남군·진도군,,,신정사회당,신정사회당,평화민주당,신한민주당,1985-04-11,1988-05-29,general,term_end,term_end,,term_start,,term_end,,,,,,,,1985.04.11 ~ 1988.05.29,"제12대 신한민주당 전남 해남,진도군",nfzegpkvaclgtscxt,김봉호,40892103,,,False
12,IYC3468T,1,이만섭,지역구,"대구 중,서구",대구직할시 중구·서구,,,한국국민당,한국국민당,무소속,한국국민당,1985-04-11,1988-05-29,general,term_end,term_end,,term_start,,term_end,,,,,,,,1985.04.11 ~ 1988.05.29,"제12대 한국국민당 대구 중,서구",nfzegpkvaclgtscxt,이만섭,40892103,,,False
12,JGT1723Y,1,박종율,비례대표,전국구,,신한민주당,9,신한민주당,신한민주당,통일민주당,신한민주당,1985-04-11,1988-05-29,general,term_end,term_end,,term_start,,term_end,,,,,,,,1985.04.11 ~ 1988.05.29,제12대 신한민주당,nfzegpkvaclgtscxt,박종율,40892103,40637230,,False
12,JJ58300G,1,김용대,지역구,"강원 원주시,홍천,횡성,음성군",강원도 원주시·원성군·홍천군·횡성군,,,민주정의당,민주정의당,민주정의당,민주정의당,1985-04-11,1988-05-29,general,term_end,term_end,,term_start,,term_end,,,,,,,,1985.04.11 ~ 1988.05.29,"제12대 민주정의당 강원 원주시,홍천,횡성,음성군",nfzegpkvaclgtscxt,김용대 (1932년),40892103,,,False
12,JP019849,1,김장숙,비례대표,전국구,,민주정의당,56,민주정의당,민주정의당,민주정의당,민주정의당,1985-04-11,1988-05-29,general,term_end,term_end,,term_start,,term_end,,,,,,,,1985.04.11 ~ 1988.05.29,제12대 민주정의당,nfzegpkvaclgtscxt,김장숙,40892103,,,False
12,JRH2218E,1,장기욱,지역구,"충남 서산,당진군",충청남도 서산군·당진군,,,민주한국당,민주한국당,무소속,신한민주당,1985-04-11,1988-05-29,general,term_end,term_end,,term_start,,term_end,,,,,,,,1985.04.11 ~ 1988.05.29,"제12대 신한민주당 충남 서산,당진군",nfzegpkvaclgtscxt,장기욱,40892103,,,False
12,JW11732U,1,봉두완,지역구,"서울 마포,용산구",서울특별시 마포구·용산구,,,민주정의당,민주정의당,민주정의당,민주정의당,1985-04-11,1988-05-29,general,term_end,term_end,,term_start,,term_end,,,,,,,,1985.04.11 ~ 1988.05.29,"제12대 민주정의당 서울 마포,용산구",nfzegpkvaclgtscxt,봉두완,40892103,,,False
12,JYG7602C,1,심국무,비례대표,전국구,,민주정의당,71,민주정의당,민주정의당,민주정의당,민주정의당,1988-03-31,1988-05-29,succession_pr,term_end,term_end,,api_later_than_wiki,wikilist=1988-03-30,term_end,,1988-03-30,,,,,,1988.03.31 ~ 1988.05.29,제12대 민주정의당,nfzegpkvaclgtscxt,심국무,40892103,,,False
12,K409933H,1,이태구,비례대표,전국구,,민주한국당,1,민주한국당,민주한국당,무소속,민주한국당,1985-04-11,1988-05-29,general,term_end,term_end,,term_start,,term_end,,,,,,,,1985.04.11 ~ 1988.05.29,제12대 민주한국당,nfzegpkvaclgtscxt,이태구 (1920년),40892103,,,False
12,K4O32890,1,노승환,지역구,"서울 마포,용산구",서울특별시 마포구·용산구,,,신한민주당,신한민주당,평화민주당,신한민주당,1985-04-11,1988-05-29,general,term_end,term_end,,term_start,,term_end,,,,,,,,1985.04.11 ~ 1988.05.29,"제12대 신한민주당 서울 마포,용산구",nfzegpkvaclgtscxt,노승환,40892103,,,False
12,KBU77937,1,장충준,비례대표,전국구,,신한민주당,15,신한민주당,신한민주당,평화민주당,신한민주당,1985-04-11,1988-05-29,general,term_end,term_end,,term_start,,term_end,,,,,,,,1985.04.11 ~ 1988.05.29,제12대 신한민주당,nfzegpkvaclgtscxt,장충준,40892103,,,False
12,KHO8835W,1,김영선,지역구,"경기 남양주,양평군",경기도 남양주군·양평군,,,민주정의당,민주정의당,민주정의당,민주정의당,1985-04-11,1988-05-29,general,term_end,term_end,,term_start,,term_end,,,,,,,,1985.04.11 ~ 1988.05.29,"제12대 민주정의당 경기 남양주,양평군",nfzegpkvaclgtscxt,김영선 (1932년),40892103,40637230,,False
12,KXY6183K,1,정재철,지역구,"강원 속초시,양구,고성,인제군",강원도 속초시·양구군·인제군·고성군,,,민주정의당,민주정의당,민주정의당,민주정의당,1985-04-11,1988-05-29,general,term_end,term_end,,term_start,,term_end,,,,,,,,1985.04.11 ~ 1988.05.29,"제12대 민주정의당 강원 속초시,양구,고성,인제군",nfzegpkvaclgtscxt,정재철,40892103,,,False
12,KY55973Z,1,박익주,지역구,"경남 남해,하동군",경상남도 남해군·하동군,,,민주정의당,민주정의당,민주정의당,민주정의당,1985-04-11,1988-05-29,general,term_end,term_end,,term_start,,term_end,,,,,,,,1985.04.11 ~ 1988.05.29,"제12대 민주정의당 경남 남해,하동군",nfzegpkvaclgtscxt,박익주,40892103,,,False
12,L299333I,1,유흥수,지역구,"부산 남,해운대구",부산직할시 남구·해운대구,,,민주정의당,민주정의당,민주정의당,민주정의당,1985-04-11,1988-05-29,general,term_end,term_end,,term_start,,term_end,,,,,,,,1985.04.11 ~ 1988.05.29,"제12대 민주정의당 부산 남,해운대구",nfzegpkvaclgtscxt,유흥수,40892103,,,False
12,L5G4388K,1,김식,지역구,"전남 장흥,강진,영암,완도군",전라남도 장흥군·강진군·영암군·완도군,,,민주정의당,민주정의당,민주정의당,민주정의당,1985-04-11,1988-05-29,general,term_end,term_end,,term_start,,term_end,,,,,,,,1985.04.11 ~ 1988.05.29,"제12대 민주정의당 전남 장흥,강진,영암,완도군",nfzegpkvaclgtscxt,김식 (1933년),40892103,,,False
12,L7S1608E,1,박일,지역구,"경남 밀양,창녕군",경상남도 밀양군·창녕군,,,민주한국당,민주한국당,통일민주당,신한민주당,1985-04-11,1988-05-29,general,term_end,term_end,,term_start,,term_end,,,,,,,,1985.04.11 ~ 1988.05.29,"제12대 신한민주당 경남 밀양,창녕군",nfzegpkvaclgtscxt,박일 (정치인),40892103,,,False
12,L8S7182S,1,서석재,지역구,"부산 서,사하구",부산직할시 서구·사하구,,,신한민주당,신한민주당,통일민주당,신한민주당,1985-04-11,1988-05-29,general,term_end,term_end,,term_start,,term_end,,,,,,,,1985.04.11 ~ 1988.05.29,"제12대 신한민주당 부산 서,사하구",nfzegpkvaclgtscxt,서석재,40892103,,,False
12,L975540P,1,문희갑,비례대표,전국구,,민주정의당,53,민주정의당,민주정의당,민주정의당,민주정의당,1985-04-11,1985-08-07,general,resigned,resigned_on_appointment,"김성기 법무장관, 황인성 농수산장관 / 문희갑 경제기획원차관 임명으로 사퇴 이진, 정호근, 김중위 승계 / 의원직 사퇴 / 經濟企劃院次官에 任命",term_start,,confirmed,wikilist+nabill,,1985-08-07,,1985-08-01,1985-08-07,010079,1985.04.11 ~ 1985.08.07,제12대 민주정의당,nfzegpkvaclgtscxt,문희갑,40892103,40637230,,False
12,LJJ96725,1,김두종,비례대표,전국구,,민주정의당,51,민주정의당,민주정의당,민주정의당,민주정의당,1985-04-11,1988-05-29,general,term_end,term_end,,term_start,,term_end,,,,,,,,1985.04.11 ~ 1988.05.29,제12대 민주정의당,nfzegpkvaclgtscxt,김두종 (정치인),40892103,40637230,,False
12,LO357547,1,권정달,지역구,경북 안동.의성시,경상북도 안동시·안동군·의성군,,,민주정의당,민주정의당,민주정의당,민주정의당,1985-04-11,1988-05-29,general,term_end,term_end,,term_start,,term_end,,,,,,,,1985.04.11 ~ 1988.05.29,제12대 민주정의당 경북 안동.의성시,nfzegpkvaclgtscxt,권정달,40892103,,,False
12,M4560586,1,이택돈,지역구,"경기 안양,광명시,시흥,옹진군",경기도 안양시·광명시·시흥군·옹진군,,,신한민주당,신한민주당,무소속,신한민주당,1985-04-11,1988-05-29,general,term_end,term_end,,term_start,,term_end,,,,,,,,1985.04.11 ~ 1988.05.29,"제12대 신한민주당 경기 안양,광명시,시흥,옹진군",nfzegpkvaclgtscxt,이택돈,40892103,,,False
12,M7H59614,1,곽정출,지역구,"부산 서,사하구",부산직할시 서구·사하구,,,민주정의당,민주정의당,민주정의당,민주정의당,1985-04-11,1988-05-29,general,term_end,term_end,,term_start,,term_end,,,,,,,,1985.04.11 ~ 1988.05.29,"제12대 민주정의당 부산 서,사하구",nfzegpkvaclgtscxt,곽정출,40892103,,,False
12,MIM8629D,1,양정규,지역구,"제주 제주,서귀포시,북,남제주군",제주도 제주시·서귀포시·북제주군·남제주군,,,무소속,무소속,민주정의당,무소속,1985-04-11,1988-05-29,general,term_end,term_end,,term_start,,term_end,,,,,,,,1985.04.11 ~ 1988.05.29,"제12대 무소속 제주 제주,서귀포시,북,남제주군",nfzegpkvaclgtscxt,양정규,40892103,,,False
12,MLN4587W,1,서정화,비례대표,전국구,,민주정의당,7,민주정의당,민주정의당,민주정의당,민주정의당,1985-04-11,1988-05-29,general,term_end,term_end,,term_start,,term_end,,,,,,,,1985.04.11 ~ 1988.05.29,제12대 민주정의당,nfzegpkvaclgtscxt,서정화 (1933년),40892103,,,False
12,MW81180N,1,신도환,지역구,"대구 남,수성구",대구직할시 남구·수성구,,,신한민주당,신한민주당,무소속,신한민주당,1985-04-11,1988-05-29,general,term_end,term_end,,term_start,,term_end,,,,,,,,1985.04.11 ~ 1988.05.29,"제12대 신한민주당 대구 남,수성구",nfzegpkvaclgtscxt,신도환,40892103,,,False
12,N4M1588Z,1,김영작,비례대표,전국구,,민주정의당,21,민주정의당,민주정의당,무소속,민주정의당,1985-04-11,1985-09-16,general,resigned,resigned_other,김영작 사퇴 박성태 승계 / 의원직 사퇴 / 前歷是非로 辭職,term_start,,confirmed,nabill,,1985-09-17,,1985-09-17,1985-09-16,010092,1985.04.11 ~ 1985.09.16,제12대 민주정의당,nfzegpkvaclgtscxt,김영작,40892103,40637230,,False
12,N5P7446X,1,박재홍,지역구,"경북 구미시,군위,칠곡,선산군",경상북도 구미시·군위군·선산군·칠곡군,,,민주정의당,민주정의당,민주정의당,민주정의당,1985-04-11,1988-05-29,general,term_end,term_end,,term_start,,term_end,,,,,,,,1985.04.11 ~ 1988.05.29,"제12대 민주정의당 경북 구미시,군위,칠곡,선산군",nfzegpkvaclgtscxt,박재홍 (1941년),40892103,,,False
12,N775786K,1,조종호,비례대표,전국구,,민주정의당,26,민주정의당,민주정의당,민주정의당,민주정의당,1985-04-11,1988-05-29,general,term_end,term_end,,term_start,,term_end,,,,,,,,1985.04.11 ~ 1988.05.29,제12대 민주정의당,nfzegpkvaclgtscxt,조종호,40892103,,,False
12,NAX4696W,1,이용훈,비례대표,전국구,,민주정의당,12,민주정의당,민주정의당,민주정의당,민주정의당,1985-04-11,1988-05-29,general,term_end,term_end,,term_start,,term_end,,,,,,,,1985.04.11 ~ 1988.05.29,제12대 민주정의당,nfzegpkvaclgtscxt,이용훈 (1927년),40892103,,,False
12,NBM68293,1,정창화,비례대표,전국구,,민주정의당,31,민주정의당,민주정의당,민주정의당,민주정의당,1985-04-11,1988-05-29,general,term_end,term_end,,term_start,,term_end,,,,,,,,1985.04.11 ~ 1988.05.29,제12대 민주정의당,nfzegpkvaclgtscxt,정창화 (1940년),40892103,,,False
12,ND28358S,1,김수한,지역구,서울 관악구,서울특별시 관악구,,,신한민주당,신한민주당,통일민주당,신한민주당,1985-04-11,1988-05-29,general,term_end,term_end,,term_start,,term_end,,,,,,,,1985.04.11 ~ 1988.05.29,제12대 신한민주당 서울 관악구,nfzegpkvaclgtscxt,김수한,40892103,40637230,,False
12,NHT46444,1,김현욱,지역구,"충남 서산,당진군",충청남도 서산군·당진군,,,민주정의당,민주정의당,민주정의당,민주정의당,1985-04-11,1988-05-29,general,term_end,term_end,,term_start,,term_end,,,,,,,,1985.04.11 ~ 1988.05.29,"제12대 민주정의당 충남 서산,당진군",nfzegpkvaclgtscxt,김현욱 (정치인),40892103,,,False
12,NMS88588,1,송원영,지역구,서울 동대문구,서울특별시 동대문구,,,신한민주당,신한민주당,통일민주당,신한민주당,1985-04-11,1988-05-29,general,term_end,term_end,,term_start,,term_end,,,,,,,,1985.04.11 ~ 1988.05.29,제12대 신한민주당 서울 동대문구,nfzegpkvaclgtscxt,송원영 (1928년),40892103,,,False
12,NS38910H,1,김봉욱,지역구,"전북 군산시,옥구",전라북도 군산시·옥구군,,,민주한국당,민주한국당,평화민주당,신한민주당,1985-04-11,1988-05-29,general,term_end,term_end,,term_start,,term_end,,,,,,,,1985.04.11 ~ 1988.05.29,"제12대 신한민주당 전북 군산시,옥구",nfzegpkvaclgtscxt,김봉욱,40892103,,,False
12,NSR27870,1,지갑종,비례대표,전국구,,민주정의당,44,민주정의당,민주정의당,민주정의당,민주정의당,1985-04-11,1988-05-29,general,term_end,term_end,,term_start,,term_end,,,,,,,,1985.04.11 ~ 1988.05.29,제12대 민주정의당,nfzegpkvaclgtscxt,지갑종,40892103,,,False
12,NSW3570Z,1,정시채,지역구,"전남 해남,진도군",전라남도 해남군·진도군,,,민주정의당,민주정의당,민주정의당,민주정의당,1985-04-11,1988-05-29,general,term_end,term_end,,term_start,,term_end,,,,,,,,1985.04.11 ~ 1988.05.29,"제12대 민주정의당 전남 해남,진도군",nfzegpkvaclgtscxt,정시채,40892103,,,False
12,NTX2814J,1,김태수,비례대표,전국구,,민주정의당,67,민주정의당,민주정의당,민주정의당,민주정의당,1986-09-05,1988-05-29,succession_pr,term_end,term_end,,api_later_than_wiki,wikilist=1986-09-03; wikiseat=1986-09-03,term_end,,1986-09-03,,1986-09-03,,,,1986.09.05 ~ 1988.05.29,제12대 민주정의당,nfzegpkvaclgtscxt,김태수 (1937년),40892103,40637230,,False
12,NUX49887,1,이한동,지역구,"경기 연천,포천,가평군",경기도 연천군·포천군·가평군,,,민주정의당,민주정의당,민주정의당,민주정의당,1985-04-11,1988-05-29,general,term_end,term_end,,term_start,,term_end,,,,,,,,1985.04.11 ~ 1988.05.29,"제12대 민주정의당 경기 연천,포천,가평군",nfzegpkvaclgtscxt,이한동,40892103,,,False
12,OHA2468G,1,박권흠,지역구,"경북 경주시,월성,청도군",경상북도 경주시·월성군·청도군,,,민주정의당,민주정의당,민주정의당,민주정의당,1985-04-11,1988-05-29,general,term_end,term_end,,term_start,,term_end,,,,,,,,1985.04.11 ~ 1988.05.29,"제12대 민주정의당 경북 경주시,월성,청도군",nfzegpkvaclgtscxt,박권흠,40892103,,,False
12,OQ09860C,1,김종호,지역구,"충북 진천,괴산,음성군",충청북도 진천군·괴산군·음성군,,,민주정의당,민주정의당,민주정의당,민주정의당,1985-04-11,1988-05-29,general,term_end,term_end,,term_start,,term_end,,,,,,,,1985.04.11 ~ 1988.05.29,"제12대 민주정의당 충북 진천,괴산,음성군",nfzegpkvaclgtscxt,김종호 (1935년),40892103,40637230,,False
12,ORH5971D,1,박준병,지역구,"충북 보은,옥천,영동군",충청북도 보은군·옥천군·영동군,,,민주정의당,민주정의당,민주정의당,민주정의당,1985-04-11,1988-05-29,general,term_end,term_end,,term_start,,term_end,,,,,,,,1985.04.11 ~ 1988.05.29,"제12대 민주정의당 충북 보은,옥천,영동군",nfzegpkvaclgtscxt,박준병 (1933년),40892103,,,False
12,OUK2820Z,1,권익현,지역구,"경남 산청,함양,거창군",경상남도 산청군·함양군·거창군,,,민주정의당,민주정의당,민주정의당,민주정의당,1985-04-11,1988-05-29,general,term_end,term_end,,term_start,,term_end,,,,,,,,1985.04.11 ~ 1988.05.29,"제12대 민주정의당 경남 산청,함양,거창군",nfzegpkvaclgtscxt,권익현,40892103,,,False
12,OXS4868W,1,현홍주,비례대표,전국구,,민주정의당,19,민주정의당,민주정의당,민주정의당,민주정의당,1985-04-11,1988-05-29,general,term_end,term_end,,term_start,,term_end,,,,,,,,1985.04.11 ~ 1988.05.29,제12대 민주정의당,nfzegpkvaclgtscxt,현홍주,40892103,,,False
12,OYQ7166W,1,허청일,지역구,서울 동작구,서울특별시 동작구,,,민주정의당,민주정의당,민주정의당,민주정의당,1985-04-11,1988-05-29,general,term_end,term_end,,term_start,,term_end,,,,,,,,1985.04.11 ~ 1988.05.29,제12대 민주정의당 서울 동작구,nfzegpkvaclgtscxt,허청일,40892103,,,False
12,P1G3654N,1,이치호,지역구,"대구 남,수성구",대구직할시 남구·수성구,,,민주정의당,민주정의당,민주정의당,민주정의당,1985-04-11,1988-05-29,general,term_end,term_end,,term_start,,term_end,,,,,,,,1985.04.11 ~ 1988.05.29,"제12대 민주정의당 대구 남,수성구",nfzegpkvaclgtscxt,이치호,40892103,,,False
12,PAQ11014,1,강창희,지역구,대전 중구,충청남도 대전시 중구,,,민주정의당,민주정의당,민주정의당,민주정의당,1985-04-11,1988-05-29,general,term_end,term_end,,term_start,,term_end,,,,,,,,1985.04.11 ~ 1988.05.29,제12대 민주정의당 대전 중구,nfzegpkvaclgtscxt,강창희 (정치인),40892103,,,False
12,PFS1899I,1,조남조,지역구,"전북 이리시,익산군",전라북도 이리시·익산군,,,민주정의당,민주정의당,민주정의당,민주정의당,1985-04-11,1988-05-29,general,term_end,term_end,,term_start,,term_end,,,,,,,,1985.04.11 ~ 1988.05.29,"제12대 민주정의당 전북 이리시,익산군",nfzegpkvaclgtscxt,조남조,40892103,,,False
12,PNI51919,1,채문식,지역구,경북 문경군예천군,경상북도 문경군·예천군,,,민주정의당,민주정의당,민주정의당,민주정의당,1985-04-11,1988-05-29,general,term_end,term_end,,term_start,,term_end,,,,,,,,1985.04.11 ~ 1988.05.29,제12대 민주정의당 경북 문경군예천군,nfzegpkvaclgtscxt,채문식,40892103,,,False
12,PQV7879D,1,안갑준,비례대표,전국구,,민주정의당,24,민주정의당,민주정의당,민주정의당,민주정의당,1985-04-11,1988-05-29,general,term_end,term_end,,term_start,,term_end,,,,,,,,1985.04.11 ~ 1988.05.29,제12대 민주정의당,nfzegpkvaclgtscxt,안갑준,40892103,,,False
12,PUU1876M,1,손태곤,비례대표,전국구,,민주한국당,4,민주한국당,민주한국당,민주정의당,민주한국당,1985-04-11,1988-05-29,general,term_end,term_end,,term_start,,term_end,,,,,,,,1985.04.11 ~ 1988.05.29,제12대 민주한국당,nfzegpkvaclgtscxt,손태곤,40892103,,,False
12,Q7I5534K,1,임두빈,비례대표,전국구,,민주정의당,38,민주정의당,민주정의당,민주정의당,민주정의당,1985-04-11,1988-05-29,general,term_end,term_end,,term_start,,term_end,,,,,,,,1985.04.11 ~ 1988.05.29,제12대 민주정의당,nfzegpkvaclgtscxt,임두빈,40892103,,,False
12,QCI6988T,1,이재형,비례대표,전국구,,민주정의당,1,민주정의당,민주정의당,민주정의당,민주정의당,1985-04-11,1988-05-29,general,term_end,term_end,,term_start,,term_end,,,,,,,,1985.04.11 ~ 1988.05.29,제12대 민주정의당,nfzegpkvaclgtscxt,이재형 (정치인),40892103,,,False
12,QCQ12252,1,남재두,지역구,충남 대전시동구,충청남도 대전시 동구,,,민주정의당,민주정의당,민주정의당,민주정의당,1985-04-11,1988-05-29,general,term_end,term_end,,term_start,,term_end,,,,,,,,1985.04.11 ~ 1988.05.29,제12대 민주정의당 충남 대전시동구,nfzegpkvaclgtscxt,남재두,40892103,,,False
12,QDD3349L,1,신달수,비례대표,전국구,,신한민주당,1,신한민주당,신한민주당,민주정의당,신한민주당,1985-04-11,1988-05-29,general,term_end,term_end,,term_start,,term_end,,,,,,,,1985.04.11 ~ 1988.05.29,제12대 신한민주당,nfzegpkvaclgtscxt,신달수 (1923년),40892103,,,False
12,QL63675M,1,정재문,비례대표,전국구,,신한민주당,5,신한민주당,신한민주당,통일민주당,신한민주당,1985-04-11,1988-05-29,general,term_end,term_end,,term_start,,term_end,,,,,,,,1985.04.11 ~ 1988.05.29,제12대 신한민주당,nfzegpkvaclgtscxt,정재문,40892103,,,False
12,QR92338T,1,한양순,비례대표,전국구,,민주정의당,29,민주정의당,민주정의당,민주정의당,민주정의당,1985-04-11,1988-05-29,general,term_end,term_end,,term_start,,term_end,,,,,,,,1985.04.11 ~ 1988.05.29,제12대 민주정의당,nfzegpkvaclgtscxt,한양순,40892103,,,False
12,QYN67998,1,반형식,지역구,"경북 문경시,예천군",경상북도 문경군·예천군,,,신한민주당,신한민주당,통일민주당,신한민주당,1985-04-11,1988-05-29,general,term_end,term_end,,term_start,,term_end,,,,,,,,1985.04.11 ~ 1988.05.29,"제12대 신한민주당 경북 문경시,예천군",nfzegpkvaclgtscxt,반형식,40892103,,,False
12,R5Q57932,1,조병봉,지역구,"경기 남양주,양평군",경기도 남양주군·양평군,,,한국국민당,한국국민당,통일민주당,신한민주당,1985-04-11,1988-05-29,general,term_end,term_end,,term_start,,term_end,,,,,,,,1985.04.11 ~ 1988.05.29,"제12대 신한민주당 경기 남양주,양평군",nfzegpkvaclgtscxt,조병봉,40892103,,,False
12,RCJ2180Y,1,심정구,지역구,"인천 중,남구",인천직할시 중구·남구,,,민주정의당,민주정의당,민주정의당,민주정의당,1985-04-11,1988-05-29,general,term_end,term_end,,term_start,,term_end,,,,,,,,1985.04.11 ~ 1988.05.29,"제12대 민주정의당 인천 중,남구",nfzegpkvaclgtscxt,심정구,40892103,,,False
12,RE32613N,1,조순형,지역구,서울 도봉구,서울특별시 도봉구,,,신한민주당,신한민주당,한겨레민주당,신한민주당,1985-04-11,1988-05-29,general,term_end,term_end,,term_start,,term_end,,,,,,,,1985.04.11 ~ 1988.05.29,제12대 신한민주당 서울 도봉구,nfzegpkvaclgtscxt,조순형,40892103,,,False
12,RFX7323F,1,유성환,지역구,"대구 중,서구",대구직할시 중구·서구,,,신한민주당,신한민주당,통일민주당,신한민주당,1985-04-11,1988-05-29,general,term_end,term_end,,term_start,,term_end,,,,,,,,1985.04.11 ~ 1988.05.29,"제12대 신한민주당 대구 중,서구",nfzegpkvaclgtscxt,유성환,40892103,,,False
12,RMX6485X,1,박동진,비례대표,전국구,,민주정의당,11,민주정의당,민주정의당,민주정의당,민주정의당,1985-04-11,1988-04-22,general,resigned,resigned_on_appointment,박동진 주미대사 임명으로 사퇴 김종렬 승계 / 의원직 사퇴,term_start,,confirmed,nabill,,1988-05-11,,1988-05-11,1988-04-22,010666,1985.04.11 ~ 1988.04.22,제12대 민주정의당,nfzegpkvaclgtscxt,박동진 (1922년),40892103,40637230,,False
12,RNO53129,1,윤국노,지역구,"경기 안양,광명시,시흥,옹진군",경기도 안양시·광명시·시흥군·옹진군,,,민주정의당,민주정의당,민주정의당,민주정의당,1985-04-11,1986-12-09,general,died,died,사망 / 사망,term_start,,confirmed,wikilist+wikiseat,,1986-12-09,,1986-12-09,,,1985.04.11 ~ 1986.12.09,"제12대 민주정의당 경기 안양,광명시,시흥,옹진군",nfzegpkvaclgtscxt,윤국노,40892103,40637230,,False
12,RR42520R,1,박해충,비례대표,전국구,,민주한국당,2,민주한국당,민주한국당,무소속,신한민주당,1985-04-11,1988-05-29,general,term_end,term_end,,term_start,,term_end,,,,,,,,1985.04.11 ~ 1988.05.29,제12대 신한민주당,nfzegpkvaclgtscxt,박해충,40892103,,,False
12,RTU96565,1,홍희표,비례대표,전국구,,민주정의당,68,민주정의당,민주정의당,무소속,민주정의당,1986-11-01,1988-05-29,succession_pr,term_end,term_end,,api_later_than_wiki,wikilist=1986-10-13; wikiseat=1986-10-13,term_end,,1986-10-13,,1986-10-13,,,,1986.11.01 ~ 1988.05.29,제12대 민주정의당,nfzegpkvaclgtscxt,홍희표,40892103,40637230,,False
12,S1380205,1,나석호,지역구,"전남 금성시,광산,나주군",전라남도 금성시·광산군·나주군,,,민주정의당,민주정의당,민주정의당,민주정의당,1985-04-11,1988-05-29,general,term_end,term_end,,term_start,,term_end,,,,,,,,1985.04.11 ~ 1988.05.29,"제12대 민주정의당 전남 금성시,광산,나주군",nfzegpkvaclgtscxt,나석호,40892103,,,False
12,S6240875,1,홍종욱,비례대표,전국구,,민주정의당,30,민주정의당,민주정의당,민주정의당,민주정의당,1985-04-11,1988-05-29,general,term_end,term_end,,term_start,,term_end,,,,,,,,1985.04.11 ~ 1988.05.29,제12대 민주정의당,nfzegpkvaclgtscxt,홍종욱,40892103,,,False
12,S9A8326K,1,임방현,지역구,"전북 전주시,완주군",전라북도 전주시·완주군,,,민주정의당,민주정의당,민주정의당,민주정의당,1985-04-11,1988-05-29,general,term_end,term_end,,term_start,,term_end,,,,,,,,1985.04.11 ~ 1988.05.29,"제12대 민주정의당 전북 전주시,완주군",nfzegpkvaclgtscxt,임방현,40892103,,,False
12,SDX64659,1,이종찬,지역구,"서울 종로,중구",서울특별시 종로구·중구,,,민주정의당,민주정의당,민주정의당,민주정의당,1985-04-11,1988-05-29,general,term_end,term_end,,term_start,,term_end,,,,,,,,1985.04.11 ~ 1988.05.29,"제12대 민주정의당 서울 종로,중구",nfzegpkvaclgtscxt,이종찬 (1936년),40892103,40637230,,False
12,SE03014B,1,김상구,지역구,"경북 김천시금릉,상주군",경상북도 김천시·금릉군·상주군,,,민주정의당,민주정의당,민주정의당,민주정의당,1985-04-11,1988-05-29,general,term_end,term_end,,term_start,,term_end,,,,,,,,1985.04.11 ~ 1988.05.29,"제12대 민주정의당 경북 김천시금릉,상주군",nfzegpkvaclgtscxt,김상구,40892103,,,False
12,T1R43759,1,송현섭,비례대표,전국구,,민주한국당,9,민주한국당,민주한국당,평화민주당,신한민주당,1985-04-11,1988-05-29,general,term_end,term_end,,term_start,,term_end,,,,,,,,1985.04.11 ~ 1988.05.29,제12대 신한민주당,nfzegpkvaclgtscxt,송현섭,40892103,,,False
12,T5X6086S,1,이상재,비례대표,전국구,,민주정의당,6,민주정의당,민주정의당,민주정의당,민주정의당,1985-04-11,1988-05-29,general,term_end,term_end,,term_start,,term_end,,,,,,,,1985.04.11 ~ 1988.05.29,제12대 민주정의당,nfzegpkvaclgtscxt,이상재 (1934년),40892103,,,False
12,TE93049L,1,조홍래,지역구,"경남 의령,함안,합천군",경상남도 의령군·함안군·합천군,,,신한민주당,신한민주당,통일민주당,신한민주당,1985-04-11,1988-05-29,general,term_end,term_end,,term_start,,term_end,,,,,,,,1985.04.11 ~ 1988.05.29,"제12대 신한민주당 경남 의령,함안,합천군",nfzegpkvaclgtscxt,조홍래,40892103,,,False
12,TN53355N,1,이중재,지역구,서울 강남구,서울특별시 강남구,,,민주한국당,민주한국당,평화민주당,신한민주당,1985-04-11,1988-05-29,general,term_end,term_end,,term_start,,term_end,,,,,,,,1985.04.11 ~ 1988.05.29,제12대 신한민주당 서울 강남구,nfzegpkvaclgtscxt,이중재,40892103,,,False
12,TN556862,1,이영욱,비례대표,전국구,,민주정의당,20,민주정의당,민주정의당,민주정의당,민주정의당,1985-04-11,1988-05-29,general,term_end,term_end,,term_start,,term_end,,,,,,,,1985.04.11 ~ 1988.05.29,제12대 민주정의당,nfzegpkvaclgtscxt,이영욱 (1932년),40892103,,,False
12,TNK9949W,1,이성호,비례대표,전국구,,민주정의당,61,민주정의당,민주정의당,민주정의당,민주정의당,1985-04-11,1988-05-29,general,term_end,term_end,,term_start,,term_end,,,,,,,,1985.04.11 ~ 1988.05.29,제12대 민주정의당,nfzegpkvaclgtscxt,이성호 (1938년),40892103,,,False
12,TQH7044H,1,박관용,지역구,부산 동래구,부산직할시 동래구,,,신한민주당,신한민주당,통일민주당,신한민주당,1985-04-11,1988-05-29,general,term_end,term_end,,term_start,,term_end,,,,,,,,1985.04.11 ~ 1988.05.29,제12대 신한민주당 부산 동래구,nfzegpkvaclgtscxt,박관용,40892103,,,False
12,TYF5639Q,1,김정균,비례대표,전국구,,민주정의당,66,민주정의당,민주정의당,민주정의당,민주정의당,1985-09-20,1988-05-29,succession_pr,term_end,term_end,,api_later_than_wiki,wikilist=1985-09-19; wikiseat=1985-09-19,term_end,,1985-09-19,,1985-09-19,,,,1985.09.20 ~ 1988.05.29,제12대 민주정의당,nfzegpkvaclgtscxt,김정균 (1940년),40892103,40637230,,False
12,TZQ65416,1,유준상,지역구,"전남 고흥,보성",전라남도 고흥군·보성군,,,민주한국당,민주한국당,평화민주당,신한민주당,1985-04-11,1988-05-29,general,term_end,term_end,,term_start,,term_end,,,,,,,,1985.04.11 ~ 1988.05.29,"제12대 신한민주당 전남 고흥,보성",nfzegpkvaclgtscxt,류준상 (1942년),40892103,,,False
12,U0P6310P,1,유경현,지역구,"전남 순천시,구례,승주군",전라남도 순천시·구례군·승주군,,,민주정의당,민주정의당,민주정의당,민주정의당,1985-04-11,1988-05-29,general,term_end,term_end,,term_start,,term_end,,,,,,,,1985.04.11 ~ 1988.05.29,"제12대 민주정의당 전남 순천시,구례,승주군",nfzegpkvaclgtscxt,유경현 (1939년),40892103,,,False
12,U1P4713Y,1,황병우,지역구,"경북 청송,영덕,울진군",경상북도 영덕군·청송군·울진군,,,민주한국당,민주한국당,민주정의당,신한민주당,1985-04-11,1988-05-29,general,term_end,term_end,,term_start,,term_end,,,,,,,,1985.04.11 ~ 1988.05.29,"제12대 신한민주당 경북 청송,영덕,울진군",nfzegpkvaclgtscxt,황병우,40892103,,,False
12,U8K2365X,1,전종천,지역구,"전북 정주시,정읍,고창군",전라북도 정주시·정읍군·고창군,,,민주정의당,민주정의당,민주정의당,민주정의당,1985-04-11,1988-05-29,general,term_end,term_end,,term_start,,term_end,,,,,,,,1985.04.11 ~ 1988.05.29,"제12대 민주정의당 전북 정주시,정읍,고창군",nfzegpkvaclgtscxt,전종천,40892103,,,False
12,UAO6992X,1,우병규,지역구,경남 마산시,경상남도 마산시,,,민주정의당,민주정의당,민주정의당,민주정의당,1985-04-11,1988-05-29,general,term_end,term_end,,term_start,,term_end,,,,,,,,1985.04.11 ~ 1988.05.29,제12대 민주정의당 경남 마산시,nfzegpkvaclgtscxt,우병규,40892103,,,False
12,UCT6398V,1,조상래,지역구,"전북 부안,김제군",전라북도 부안군·김제군,,,민주정의당,민주정의당,민주정의당,민주정의당,1985-04-11,1988-05-29,general,term_end,term_end,,term_start,,term_end,,,,,,,,1985.04.11 ~ 1988.05.29,"제12대 민주정의당 전북 부안,김제군",nfzegpkvaclgtscxt,조상래,40892103,,,False
12,UH82645M,1,정선호,지역구,"충남 천안시,아산,천원군",충청남도 천안시·천원군·아산군,,,민주정의당,민주정의당,민주정의당,민주정의당,1985-04-11,1988-05-29,general,term_end,term_end,,term_start,,term_end,,,,,,,,1985.04.11 ~ 1988.05.29,"제12대 민주정의당 충남 천안시,아산,천원군",nfzegpkvaclgtscxt,정선호 (1938년),40892103,40637230,,False
12,UJQ3780U,1,안병규,지역구,"경남 진주,삼천포시,진양,사천군",경상남도 진주시·삼천포시·진양군·사천군,,,민주정의당,민주정의당,민주정의당,민주정의당,1985-04-11,1988-05-29,general,term_end,term_end,,term_start,,term_end,,,,,,,,1985.04.11 ~ 1988.05.29,"제12대 민주정의당 경남 진주,삼천포시,진양,사천군",nfzegpkvaclgtscxt,안병규,40892103,,,False
12,UJT7682U,1,정휘동,비례대표,전국구,,민주정의당,55,민주정의당,민주정의당,무소속,민주정의당,1985-04-11,1988-05-29,general,term_end,term_end,,term_start,,term_end,,,,,,,,1985.04.11 ~ 1988.05.29,제12대 민주정의당,nfzegpkvaclgtscxt,정휘동,40892103,40637230,,False
12,UMR9894R,1,김규원,비례대표,전국구,,한국국민당,4,한국국민당,한국국민당,신민주공화당,한국국민당,1985-04-11,1988-05-29,general,term_end,term_end,,term_start,,term_end,,,,,,,,1985.04.11 ~ 1988.05.29,제12대 한국국민당,nfzegpkvaclgtscxt,김규원 (1928년),40892103,,,False
12,UTL76680,1,오세응,지역구,"경기 성남시,광주군",경기도 성남시·광주군,,,민주정의당,민주정의당,민주정의당,민주정의당,1985-04-11,1988-05-29,general,term_end,term_end,,term_start,,term_end,,,,,,,,1985.04.11 ~ 1988.05.29,"제12대 민주정의당 경기 성남시,광주군",nfzegpkvaclgtscxt,오세응,40892103,,,False
12,UUT73651,1,정시봉,비례대표,전국구,,한국국민당,2,한국국민당,한국국민당,신민주공화당,한국국민당,1985-04-11,1988-05-29,general,term_end,term_end,,term_start,,term_end,,,,,,,,1985.04.11 ~ 1988.05.29,제12대 한국국민당,nfzegpkvaclgtscxt,정시봉,40892103,,,False
12,UWI4484B,1,김녹영,지역구,"전남 광주시,서구",전라남도 광주시 서구,,,신한민주당,신한민주당,신한민주당,신한민주당,1985-04-11,1985-07-10,general,died,died,사망 / 사망,term_start,,confirmed,wikilist+wikiseat,,1985-07-10,,1985-07-10,,,1985.04.11 ~ 1985.07.10,"제12대 신한민주당 전남 광주시,서구",nfzegpkvaclgtscxt,김녹영,40892103,40637230,,False
12,UXM3373I,1,고건,지역구,"전북 군산시,옥구",전라북도 군산시·옥구군,,,민주정의당,민주정의당,민주정의당,민주정의당,1985-04-11,1988-05-29,general,term_end,term_end,,term_start,,term_end,,,,,,,,1985.04.11 ~ 1988.05.29,"제12대 민주정의당 전북 군산시,옥구",nfzegpkvaclgtscxt,고건,40892103,,,False
12,UY23844S,1,김일윤,지역구,"경북 경주시월성,청도군",경상북도 경주시·월성군·청도군,,,민주한국당,민주한국당,민주정의당,민주한국당,1985-04-11,1988-05-29,general,term_end,term_end,,term_start,,term_end,,,,,,,,1985.04.11 ~ 1988.05.29,"제12대 민주한국당 경북 경주시월성,청도군",nfzegpkvaclgtscxt,김일윤,40892103,,,False
12,VFP5558B,1,정동성,지역구,"경기 여주,이천,용인",경기도 여주군·이천군·용인군,,,민주정의당,민주정의당,민주정의당,민주정의당,1985-04-11,1988-05-29,general,term_end,term_end,,term_start,,term_end,,,,,,,,1985.04.11 ~ 1988.05.29,"제12대 민주정의당 경기 여주,이천,용인",nfzegpkvaclgtscxt,정동성,40892103,40637230,,False
12,VOB85748,1,정호근,비례대표,전국구,,민주정의당,63,민주정의당,민주정의당,민주정의당,민주정의당,1985-08-09,1988-05-29,succession_pr,term_end,term_end,,confirmed,wikilist,term_end,,1985-08-09,,1985-08-01,,,,1985.08.09 ~ 1988.05.29,제12대 민주정의당,nfzegpkvaclgtscxt,정호근 (1937년),40892103,40637230,,False
12,VSK1291Z,1,서정화,비례대표,전국구,,민주정의당,50,민주정의당,민주정의당,민주정의당,민주정의당,1985-04-11,1988-05-29,general,term_end,term_end,,term_start,,term_end,,,,,,,,1985.04.11 ~ 1988.05.29,제12대 민주정의당,nfzegpkvaclgtscxt,서정화 (1939년),40892103,,,False
12,VYI2708Q,1,신기하,지역구,"전남 광주시,동,북구",전라남도 광주시 동구·북구,,,신한민주당,신한민주당,평화민주당,신한민주당,1985-04-11,1988-05-29,general,term_end,term_end,,term_start,,term_end,,,,,,,,1985.04.11 ~ 1988.05.29,"제12대 신한민주당 전남 광주시,동,북구",nfzegpkvaclgtscxt,신기하,40892103,,,False
12,W1R5785G,1,신민선,지역구,"강원 영월,평창,정선군",강원도 영월군·평창군·정선군,,,한국국민당,한국국민당,민주정의당,한국국민당,1985-04-11,1988-05-29,general,term_end,term_end,,term_start,,term_end,,,,,,,,1985.04.11 ~ 1988.05.29,"제12대 한국국민당 강원 영월,평창,정선군",nfzegpkvaclgtscxt,신민선,40892103,,,False
12,W629558P,1,조기상,지역구,"전남 영광,장성,함평군",전라남도 영광군·함평군·장성군,,,민주정의당,민주정의당,민주정의당,민주정의당,1985-04-11,1988-05-29,general,term_end,term_end,,term_start,,term_end,,,,,,,,1985.04.11 ~ 1988.05.29,"제12대 민주정의당 전남 영광,장성,함평군",nfzegpkvaclgtscxt,조기상,40892103,,,False
12,W753054A,1,송천영,지역구,충남 대전시동구,충청남도 대전시 동구,,,신한민주당,신한민주당,통일민주당,신한민주당,1985-04-11,1988-05-29,general,term_end,term_end,,term_start,,term_end,,,,,,,,1985.04.11 ~ 1988.05.29,제12대 신한민주당 충남 대전시동구,nfzegpkvaclgtscxt,송천영,40892103,,,False
12,WB01609P,1,김형래,지역구,서울 강남구,서울특별시 강남구,,,신한민주당,신한민주당,통일민주당,신한민주당,1985-04-11,1988-05-29,general,term_end,term_end,,term_start,,term_end,,,,,,,,1985.04.11 ~ 1988.05.29,제12대 신한민주당 서울 강남구,nfzegpkvaclgtscxt,김형래,40892103,,,False
12,WI174695,1,이용택,지역구,"경북 달성,고령,성주군",경상북도 달성군·고령군·성주군,,,무소속,무소속,민주정의당,무소속,1985-04-11,1988-05-29,general,term_end,term_end,,term_start,,term_end,,,,,,,,1985.04.11 ~ 1988.05.29,"제12대 무소속 경북 달성,고령,성주군",nfzegpkvaclgtscxt,이용택 (1930년),40892103,,,False
12,WJ14945U,1,유제연,지역구,"인천 동,북구",인천직할시 동구·북구,,,신한민주당,신한민주당,통일민주당,신한민주당,1985-04-11,1988-05-29,general,term_end,term_end,,term_start,,term_end,,,,,,,,1985.04.11 ~ 1988.05.29,"제12대 신한민주당 인천 동,북구",nfzegpkvaclgtscxt,류제연,40892103,,,False
12,WJK18305,1,이대엽,지역구,"경기 성남시,광주군",경기도 성남시·광주군,,,한국국민당,한국국민당,신민주공화당,한국국민당,1985-04-11,1988-05-29,general,term_end,term_end,,term_start,,term_end,,,,,,,,1985.04.11 ~ 1988.05.29,"제12대 한국국민당 경기 성남시,광주군",nfzegpkvaclgtscxt,이대엽,40892103,,,False
12,WL55319G,1,권오태,지역구,"경북 영천시,군,경산",경상북도 영천시·영천군·경산군,,,신한민주당,신한민주당,통일민주당,신한민주당,1985-04-11,1988-05-29,general,term_end,term_end,,term_start,,term_end,,,,,,,,1985.04.11 ~ 1988.05.29,"제12대 신한민주당 경북 영천시,군,경산",nfzegpkvaclgtscxt,권오태,40892103,,,False
12,WLD8893C,1,이진연,지역구,"전남 영광,장성,함평군",전라남도 영광군·함평군·장성군,,,민주한국당,민주한국당,평화민주당,신한민주당,1985-04-11,1988-05-29,general,term_end,term_end,,term_start,,term_end,,,,,,,,1985.04.11 ~ 1988.05.29,"제12대 신한민주당 전남 영광,장성,함평군",nfzegpkvaclgtscxt,이진연,40892103,40637230,,False
12,WOV4478B,1,노태우,비례대표,전국구,,민주정의당,3,민주정의당,민주정의당,민주정의당,민주정의당,1985-04-11,1987-12-22,general,elected_other_office,elected_president,노태우 대통령 당선으로 사퇴 정동윤 승계 / 의원직 사퇴 / 大統領當選者,term_start,,confirmed,wikilist+nabill,,1987-12-22,,1987-12-20,1987-12-22,010630,1985.04.11 ~ 1987.12.22,제12대 민주정의당,nfzegpkvaclgtscxt,노태우,40892103,40637230,,False
12,WRP6148P,1,최운지,비례대표,전국구,,민주한국당,6,민주한국당,민주한국당,민주정의당,신한민주당,1985-04-11,1988-05-29,general,term_end,term_end,,term_start,,term_end,,,,,,,,1985.04.11 ~ 1988.05.29,제12대 신한민주당,nfzegpkvaclgtscxt,최운지,40892103,,,False
12,WV87958Z,1,김동주,지역구,"경남 김해시양산,김해군",경상남도 김해시·김해군·양산군,,,신한민주당,신한민주당,통일민주당,신한민주당,1985-04-11,1988-05-29,general,term_end,term_end,,term_start,,term_end,,,,,,,,1985.04.11 ~ 1988.05.29,"제12대 신한민주당 경남 김해시양산,김해군",nfzegpkvaclgtscxt,김동주 (1944년),40892103,,,False
12,WZK3380B,1,현경대,지역구,"제주 제주,서귀포시,북,남제주군",제주도 제주시·서귀포시·북제주군·남제주군,,,민주정의당,민주정의당,민주정의당,민주정의당,1985-04-11,1988-05-29,general,term_end,term_end,,term_start,,term_end,,,,,,,,1985.04.11 ~ 1988.05.30,"제12대 민주정의당 제주 제주,서귀포시,북,남제주군",nfzegpkvaclgtscxt,현경대,40892103,,"API end 1988-05-30 is after the term end, set to the term end",False
12,X0K2352F,1,김광수,지역구,"전북 진안,무주,장수",전라북도 진안군·무주군·장수군,,,한국국민당,한국국민당,민주정의당,한국국민당,1985-04-11,1988-05-29,general,term_end,term_end,,term_start,,term_end,,,,,,,,1985.04.11 ~ 1988.05.29,"제12대 한국국민당 전북 진안,무주,장수",nfzegpkvaclgtscxt,김광수 (1925년),40892103,40637230,,False
12,X1689725,1,임영득,비례대표,전국구,,민주정의당,42,민주정의당,민주정의당,무소속,민주정의당,1985-04-11,1988-05-29,general,term_end,term_end,,term_start,,term_end,,,,,,,,1985.04.11 ~ 1988.05.29,제12대 민주정의당,nfzegpkvaclgtscxt,임영득,40892103,,,False
12,X5S9241P,1,이재옥,지역구,"경북 김천시,금릉,상주군",경상북도 김천시·금릉군·상주군,,,신한민주당,신한민주당,통일민주당,신한민주당,1985-04-11,1988-05-29,general,term_end,term_end,,term_start,,term_end,,,,,,,,1985.04.11 ~ 1988.05.29,"제12대 신한민주당 경북 김천시,금릉,상주군",nfzegpkvaclgtscxt,이재옥,40892103,,,False
12,X6E1548T,1,김득수,지역구,전북 이리시익산군,전라북도 이리시·익산군,,,한국국민당,한국국민당,평화민주당,신한민주당,1985-04-11,1988-05-29,general,term_end,term_end,,term_start,,term_end,,,,,,,,1985.04.11 ~ 1988.05.29,제12대 신한민주당 전북 이리시익산군,nfzegpkvaclgtscxt,김득수 (1938년),40892103,40637230,,False
12,XB01345U,1,김현자,비례대표,전국구,,민주정의당,17,민주정의당,민주정의당,민주정의당,민주정의당,1985-04-11,1988-05-29,general,term_end,term_end,,term_start,,term_end,,,,,,,,1985.04.11 ~ 1988.05.29,제12대 민주정의당,nfzegpkvaclgtscxt,김현자,40892103,,,False
12,XN15344S,1,김종기,지역구,"경북 달성,고령,성주군",경상북도 달성군·고령군·성주군,,,민주정의당,민주정의당,민주정의당,민주정의당,1985-04-11,1988-05-29,general,term_end,term_end,,term_start,,term_end,,,,,,,,1985.04.11 ~ 1988.05.29,"제12대 민주정의당 경북 달성,고령,성주군",nfzegpkvaclgtscxt,김종기 (1941년),40892103,40637230,,False
12,XP35003L,1,조용직,비례대표,전국구,,한국국민당,6,한국국민당,한국국민당,신민주공화당,한국국민당,1986-11-07,1988-05-29,succession_pr,term_end,term_end,,conflict,wikilist=1986-11-04; wikiseat=1986-11-14,term_end,,1986-11-04,,1986-11-14,,,,1986.11.07 ~ 1988.05.29,제12대 한국국민당,nfzegpkvaclgtscxt,조용직,40892103,40637230,,False
12,XR63758H,1,진치범,비례대표,전국구,,민주정의당,40,민주정의당,민주정의당,민주정의당,민주정의당,1985-04-11,1988-05-29,general,term_end,term_end,,term_start,,term_end,,,,,,,,1985.04.11 ~ 1988.05.29,제12대 민주정의당,nfzegpkvaclgtscxt,진치범,40892103,,,False
12,XSK35625,1,이택희,지역구,"충북 충주,제천시중원,제원,단양",충청북도 충주시·제천시·중원군·제원군·단양군,,,신한민주당,신한민주당,무소속,신한민주당,1985-04-11,1988-05-29,general,term_end,term_end,,term_start,,term_end,,,,,,,,1985.04.11 ~ 1988.05.29,"제12대 신한민주당 충북 충주,제천시중원,제원,단양",nfzegpkvaclgtscxt,이택희,40892103,,,False
12,XWZ7959E,1,박경석,지역구,"경북 포항시,영일,울릉군",경상북도 포항시·영일군·울릉군,,,민주정의당,민주정의당,민주정의당,민주정의당,1985-04-11,1988-05-29,general,term_end,term_end,,term_start,,term_end,,,,,,,,1985.04.11 ~ 1988.05.29,"제12대 민주정의당 경북 포항시,영일,울릉군",nfzegpkvaclgtscxt,박경석 (1937년),40892103,40637230,,False
12,Y2W9921H,1,김영배,지역구,서울 강서구,서울특별시 강서구,,,신한민주당,신한민주당,평화민주당,신한민주당,1985-04-11,1988-05-29,general,term_end,term_end,,term_start,,term_end,,,,,,,,1985.04.11 ~ 1988.05.29,제12대 신한민주당 서울 강서구,nfzegpkvaclgtscxt,김영배 (1932년),40892103,40637230,,False
12,Y771224V,1,오한구,지역구,"경북 영주시,영양,영풍,봉화군",경상북도 영주시·영풍군·영양군·봉화군,,,민주정의당,민주정의당,민주정의당,민주정의당,1985-04-11,1988-05-29,general,term_end,term_end,,term_start,,term_end,,,,,,,,1985.04.11 ~ 1988.05.29,"제12대 민주정의당 경북 영주시,영양,영풍,봉화군",nfzegpkvaclgtscxt,오한구,40892103,,,False
12,Y9F6037P,1,왕상은,비례대표,전국구,,민주정의당,4,민주정의당,민주정의당,민주정의당,민주정의당,1985-04-11,1988-05-29,general,term_end,term_end,,term_start,,term_end,,,,,,,,1985.04.11 ~ 1988.05.29,제12대 민주정의당,nfzegpkvaclgtscxt,왕상은,40892103,,,False
12,YDU6224G,1,이봉모,지역구,"강원 강릉시,양양,명주군",강원도 강릉시·명주군·양양군,,,한국국민당,한국국민당,민주정의당,한국국민당,1985-04-11,1988-05-29,general,term_end,term_end,,term_start,,term_end,,,,,,,,1985.04.11 ~ 1988.05.29,"제12대 한국국민당 강원 강릉시,양양,명주군",nfzegpkvaclgtscxt,이봉모,40892103,,,False
12,YN365468,1,최상진,비례대표,전국구,,민주정의당,60,민주정의당,민주정의당,민주정의당,민주정의당,1985-04-11,1988-05-29,general,term_end,term_end,,term_start,,term_end,,,,,,,,1985.04.11 ~ 1988.05.29,제12대 민주정의당,nfzegpkvaclgtscxt,최상진 (정치인),40892103,,,False
12,YRL9094E,1,고재청,지역구,"전남 담양,곡성,화순군",전라남도 담양군·곡성군·화순군,,,민주한국당,민주한국당,무소속,신한민주당,1985-04-11,1988-05-29,general,term_end,term_end,,term_start,,term_end,,,,,,,,1985.04.11 ~ 1988.05.29,"제12대 신한민주당 전남 담양,곡성,화순군",nfzegpkvaclgtscxt,고재청,40892103,,,False
12,YTC37814,1,이병직,지역구,"경기 수원시,화성군",경기도 수원시·화성군,,,민주정의당,민주정의당,민주정의당,민주정의당,1985-04-11,1988-05-29,general,term_end,term_end,,term_start,,term_end,,,,,,,,1985.04.11 ~ 1988.05.29,"제12대 민주정의당 경기 수원시,화성군",nfzegpkvaclgtscxt,이병직,40892103,,,False
12,YYK9925I,1,정남,지역구,서울 강동구,서울특별시 강동구,,,민주정의당,민주정의당,민주정의당,민주정의당,1985-04-11,1988-05-29,general,term_end,term_end,,term_start,,term_end,,,,,,,,1985.04.11 ~ 1988.05.29,제12대 민주정의당 서울 강동구,nfzegpkvaclgtscxt,정남 (정치인),40892103,,,False
12,Z7F46475,1,홍성우,지역구,서울 도봉구,서울특별시 도봉구,,,민주정의당,민주정의당,민주정의당,민주정의당,1985-04-11,1988-05-29,general,term_end,term_end,,term_start,,term_end,,,,,,,,1985.04.11 ~ 1988.05.29,제12대 민주정의당 서울 도봉구,nfzegpkvaclgtscxt,홍성우 (1941년),40892103,,,False
12,Z7S33250,1,김효영,지역구,"강원 동해,태백시삼척군",강원도 동해시·태백시·삼척군,,,무소속,무소속,신민주공화당,무소속,1985-04-11,1988-05-29,general,term_end,term_end,,term_start,,term_end,,,,,,,,1985.04.11 ~ 1988.05.29,"제12대 무소속 강원 동해,태백시삼척군",nfzegpkvaclgtscxt,김효영 (1923년),40892103,40637230,,False
12,ZM98510C,1,박혜경,비례대표,전국구,,민주정의당,57,민주정의당,민주정의당,민주정의당,민주정의당,1985-04-11,1985-09-19,general,resigned,resigned_other,박혜경 사퇴 김정균 승계 / 의원직 사퇴,term_start,,confirmed,wikilist+wikiseat+nabill,,1985-09-19,,1985-09-19,1985-09-19,010097,1985.04.11 ~ 1985.09.19,제12대 민주정의당,nfzegpkvaclgtscxt,박혜경 (1941년),40892103,40637230,,False
13,04D1245W,1,박병선,지역구,충남 예산군,충청남도 예산군,,,신민주공화당,신민주공화당,통일국민당,신민주공화당,1988-05-30,1992-05-29,general,term_end,term_end,,term_start,,term_end,,,,,,,,1988.05.30 ~ 1992.05.29,제13대 신민주공화당 충남 예산군,nfzegpkvaclgtscxt,박병선 (1925년),40892102,,,False
13,04Z5194C,1,김인영,지역구,경기 수원시갑,경기도 수원시 갑,,,민주정의당,민주정의당,민주자유당,민주정의당,1988-05-30,1992-05-29,general,term_end,term_end,,term_start,,term_end,,,,,,,,1988.05.30 ~ 1992.05.29,제13대 민주정의당 경기 수원시갑,nfzegpkvaclgtscxt,김인영 (1939년),40892102,41819983,,False
13,0C41773V,1,김정길,비례대표,전국구,,민주정의당,33,민주정의당,민주정의당,무소속,민주정의당,1988-05-30,1992-05-29,general,term_end,term_end,,term_start,,term_end,,,,,,,,1988.05.30 ~ 1992.05.29,제13대 민주정의당,nfzegpkvaclgtscxt,김정길 (1935년),40892102,,,False
13,0EI5067Y,1,한광옥,지역구,서울 관악구갑,서울특별시 관악구 갑,,,평화민주당,평화민주당,민주당,평화민주당,1988-05-30,1992-05-29,general,term_end,term_end,,term_start,,term_end,,,,,,,,1988.05.30 ~ 1992.05.29,제13대 평화민주당 서울 관악구갑,nfzegpkvaclgtscxt,한광옥,40892102,,,False
13,0VC4391G,1,박경수,지역구,"강원 횡성,원주",강원도 횡성군·원성군,,,통일민주당,통일민주당,민주자유당,통일민주당,1988-05-30,1992-05-29,general,term_end,term_end,,term_start,,term_end,,,,,,,,1988.05.30 ~ 1992.05.29,"제13대 통일민주당 강원 횡성,원주",nfzegpkvaclgtscxt,박경수 (1938년),40892102,,,False
13,0WP29701,1,김대중,비례대표,전국구,,평화민주당,11,평화민주당,평화민주당,민주당,평화민주당,1988-05-30,1992-05-29,general,term_end,term_end,,term_start,,term_end,,,,,,,,1988.05.30 ~ 1992.05.29,제13대 평화민주당,nfzegpkvaclgtscxt,김대중,40892102,,,False
13,0XM13788,1,박충순,지역구,충남 대전시서구,충청남도 대전시 서구,,,신민주공화당,신민주공화당,민주자유당,신민주공화당,1988-05-30,1992-05-29,general,term_end,term_end,,term_start,,term_end,,,,,,,,1988.05.30 ~ 1992.05.29,제13대 신민주공화당 충남 대전시서구,nfzegpkvaclgtscxt,박충순,40892102,,,False
13,12S7035O,1,조승형,비례대표,전국구,,평화민주당,14,평화민주당,평화민주당,민주당,평화민주당,1988-05-30,1992-05-29,general,term_end,term_end,,term_start,,term_end,,,,,,,,1988.05.30 ~ 1992.05.29,제13대 평화민주당,nfzegpkvaclgtscxt,조승형,40892102,,,False
13,19211414,1,이웅희,지역구,경기 용인군,경기도 용인군,,,민주정의당,민주정의당,민주자유당,민주정의당,1988-05-30,1992-05-29,general,term_end,term_end,,term_start,,term_end,,,,,,,,1988.05.30 ~ 1992.05.29,제13대 민주정의당 경기 용인군,nfzegpkvaclgtscxt,이웅희 (1931년),40892102,41819983,,False
13,1HV72190,1,강성모,지역구,서울 서대문구갑,서울특별시 서대문구 갑,,,민주정의당,민주정의당,민주자유당,민주정의당,1988-05-30,1992-05-29,general,term_end,term_end,,term_start,,term_end,,,,,,,,1988.05.30 ~ 1992.05.29,제13대 민주정의당 서울 서대문구갑,nfzegpkvaclgtscxt,강성모 (정치인),40892102,,,False
13,1KZ38436,1,강신옥,지역구,서울 마포구을,서울특별시 마포구 을,,,통일민주당,통일민주당,민주자유당,통일민주당,1988-05-30,1992-05-29,general,term_end,term_end,,term_start,,term_end,,,,,,,,1988.05.30 ~ 1992.05.29,제13대 통일민주당 서울 마포구을,nfzegpkvaclgtscxt,강신옥,40892102,,,False
13,1LA80851,1,박석무,지역구,전남 무안군,전라남도 무안군,,,평화민주당,평화민주당,민주당,평화민주당,1988-05-30,1992-05-29,general,term_end,term_end,,term_start,,term_end,,,,,,,,1988.05.30 ~ 1992.05.29,제13대 평화민주당 전남 무안군,nfzegpkvaclgtscxt,박석무,40892102,,,False
13,1MY6092K,1,강영훈,비례대표,전국구,,민주정의당,4,민주정의당,민주정의당,민주정의당,민주정의당,1988-05-30,1988-12-22,general,resigned,resigned_on_appointment,"강영훈 총리 지명, 최창윤 정무수석 임명으로 사퇴 심기섭, 안찬희 승계 / 의원직 사퇴",term_start,,confirmed,nabill,,1988-12-20,,1988-12-19,1988-12-22,011052,1988.05.30 ~ 1988.12.22,제13대 민주정의당,nfzegpkvaclgtscxt,강영훈 (1922년),40892102,41819983,,False
13,1O451032,1,박실,지역구,서울 동작구을,서울특별시 동작구 을,,,평화민주당,평화민주당,민주당,평화민주당,1988-05-30,1992-05-29,general,term_end,term_end,,term_start,,term_end,,,,,,,,1988.05.30 ~ 1992.05.29,제13대 평화민주당 서울 동작구을,nfzegpkvaclgtscxt,박실,40892102,,,False
13,1OT2557M,1,김영도,비례대표,전국구,,평화민주당,5,평화민주당,평화민주당,민주당,평화민주당,1988-05-30,1992-05-29,general,term_end,term_end,,term_start,,term_end,,,,,,,,1988.05.30 ~ 1992.05.29,제13대 평화민주당,nfzegpkvaclgtscxt,김영도 (1929년),40892102,41819983,,False
13,1SD76539,1,박찬종,지역구,서울 서초구갑,서울특별시 서초구 갑,,,무소속,무소속,신정치개혁당,무소속,1988-05-30,1992-05-29,general,term_end,term_end,,term_start,,term_end,,,,,,,,1988.05.30 ~ 1992.05.29,제13대 무소속 서울 서초구갑,nfzegpkvaclgtscxt,박찬종,40892102,,,False
13,2081986U,1,이동진,비례대표,전국구,,민주정의당,13,민주정의당,민주정의당,민주자유당,민주정의당,1988-05-30,1992-05-29,general,term_end,term_end,,term_start,,term_end,,,,,,,,1988.05.30 ~ 1992.05.29,제13대 민주정의당,nfzegpkvaclgtscxt,이동진 (1931년),40892102,,,False
13,23M6254Y,1,김성룡,비례대표,전국구,,통일민주당,12,통일민주당,통일민주당,민주자유당,통일민주당,1988-05-30,1992-05-29,general,term_end,term_end,,term_start,,term_end,,,,,,,,1988.05.30 ~ 1992.05.29,제13대 통일민주당,nfzegpkvaclgtscxt,김성룡 (1926년),40892102,,,False
13,2CS7325Y,1,이민섭,지역구,"강원 춘성,양구,인제군",강원도 춘성군·양구군·인제군,,,민주정의당,민주정의당,민주자유당,민주정의당,1988-05-30,1992-05-29,general,term_end,term_end,,term_start,,term_end,,,,,,,,1988.05.30 ~ 1992.05.29,"제13대 민주정의당 강원 춘성,양구,인제군",nfzegpkvaclgtscxt,이민섭,40892102,41819983,,False
13,2CV2451U,1,조희철,비례대표,전국구,,평화민주당,17,평화민주당,평화민주당,무소속,평화민주당,1988-05-30,1992-05-29,general,term_end,term_end,,term_start,,term_end,,,,,,,,1988.05.30 ~ 1992.05.29,제13대 평화민주당,nfzegpkvaclgtscxt,조희철,40892102,,,False
13,2MK7856S,1,심기섭,비례대표,전국구,,민주정의당,39,민주정의당,민주정의당,무소속,민주정의당,1988-12-23,1992-05-29,succession_pr,term_end,term_end,,api_later_than_wiki,wikilist=1988-12-20; wikiseat=1988-12-19,term_end,,1988-12-20,,1988-12-19,,,,1988.12.23 ~ 1992.05.29,제13대 민주정의당,nfzegpkvaclgtscxt,심기섭,40892102,41819983,,False
13,2OK69779,1,류돈우,지역구,경북 안동군,경상북도 안동군,,,민주정의당,민주정의당,민주자유당,민주정의당,1988-05-30,1992-05-29,general,term_end,term_end,,term_start,,term_end,,,,,,,,1988.05.30 ~ 1992.05.29,제13대 민주정의당 경북 안동군,nfzegpkvaclgtscxt,류돈우,40892102,,,False
13,2OQ3817H,1,윤성한,지역구,충남 대전시동구을,충청남도 대전시 동구 을,,,신민주공화당,신민주공화당,민주자유당,신민주공화당,1988-05-30,1992-05-29,general,term_end,term_end,,term_start,,term_end,,,,,,,,1988.05.30 ~ 1992.05.29,제13대 신민주공화당 충남 대전시동구을,nfzegpkvaclgtscxt,윤성한 (정치인),40892102,,,False
13,2PO2218L,1,정균환,지역구,전북 고창군,전라북도 고창군,,,평화민주당,평화민주당,민주당,평화민주당,1988-05-30,1992-05-29,general,term_end,term_end,,term_start,,term_end,,,,,,,,1988.05.30 ~ 1992.05.29,제13대 평화민주당 전북 고창군,nfzegpkvaclgtscxt,정균환,40892102,,,False
13,2RB25984,1,최영근,비례대표,전국구,,평화민주당,13,평화민주당,평화민주당,민주당,평화민주당,1988-05-30,1992-05-29,general,term_end,term_end,,term_start,,term_end,,,,,,,,1988.05.30 ~ 1992.05.29,제13대 평화민주당,nfzegpkvaclgtscxt,최영근 (1922년),40892102,,,False
13,2VF5648T,1,노무현,지역구,부산 동구,부산직할시 동구,,,통일민주당,통일민주당,민주당,통일민주당,1988-05-30,1992-05-29,general,term_end,term_end,,term_start,,term_end,,,,,,,,1988.05.30 ~ 1992.05.29,제13대 통일민주당 부산 동구,nfzegpkvaclgtscxt,노무현,40892102,,,False
13,2XE5489Z,1,함종한,지역구,강원 원주시,강원도 원주시,,,민주정의당,민주정의당,민주자유당,민주정의당,1988-05-30,1992-05-29,general,term_end,term_end,,term_start,,term_end,,,,,,,,1988.05.30 ~ 1992.05.29,제13대 민주정의당 강원 원주시,nfzegpkvaclgtscxt,함종한,40892102,,,False
13,2XL9644Y,1,신상식,지역구,경남 밀양,경상남도 밀양군,,,민주정의당,민주정의당,민주자유당,민주정의당,1988-05-30,1992-05-29,general,term_end,term_end,,term_start,,term_end,,,,,,,,1988.05.30 ~ 1992.05.29,제13대 민주정의당 경남 밀양,nfzegpkvaclgtscxt,신상식,40892102,,,False
13,31E2086R,1,장석화,지역구,서울 영등포구갑,서울특별시 영등포구 갑,,,통일민주당,통일민주당,민주당,통일민주당,1988-05-30,1992-05-29,general,term_end,term_end,,term_start,,term_end,,,,,,,,1988.05.30 ~ 1992.05.29,제13대 통일민주당 서울 영등포구갑,nfzegpkvaclgtscxt,장석화,40892102,,,False
13,33J43967,1,서상목,비례대표,전국구,,민주정의당,23,민주정의당,민주정의당,민주자유당,민주정의당,1988-05-30,1992-05-29,general,term_end,term_end,,term_start,,term_end,,,,,,,,1988.05.30 ~ 1992.05.29,제13대 민주정의당,nfzegpkvaclgtscxt,서상목,40892102,,,False
13,35I30124,1,강삼재,지역구,경남 마산시회원구,경상남도 마산시 을,,,통일민주당,통일민주당,민주자유당,통일민주당,1988-05-30,1992-05-29,general,term_end,term_end,,term_start,,term_end,,,,,,,,1988.05.30 ~ 1992.05.29,제13대 통일민주당 경상남도 마산시회원구,nfzegpkvaclgtscxt,강삼재,40892102,,,False
13,3IY62278,1,이원조,비례대표,전국구,,민주정의당,10,민주정의당,민주정의당,민주자유당,민주정의당,1988-05-30,1992-05-29,general,term_end,term_end,,term_start,,term_end,,,,,,,,1988.05.30 ~ 1992.05.29,제13대 민주정의당,nfzegpkvaclgtscxt,이원조 (1933년),40892102,41819983,,False
13,3JJ23576,1,김진영,지역구,경북 영주시 영풍,경상북도 영주시·영풍군,,,민주정의당,민주정의당,민주자유당,민주정의당,1988-05-30,1992-05-29,general,term_end,term_end,,term_start,,term_end,,,,,,,,1988.05.30 ~ 1992.05.29,제13대 민주정의당 경북 영주시 영풍,nfzegpkvaclgtscxt,김진영 (1939년),40892102,41819983,,False
13,3PK85169,1,나창주,비례대표,전국구,,민주정의당,22,민주정의당,민주정의당,민주자유당,민주정의당,1988-05-30,1992-05-29,general,term_end,term_end,,term_start,,term_end,,,,,,,,1988.05.30 ~ 1992.05.29,제13대 민주정의당,nfzegpkvaclgtscxt,나창주,40892102,,,False
13,3QK4193V,1,이교성,비례대표,전국구,,평화민주당,8,평화민주당,평화민주당,민주당,평화민주당,1988-05-30,1992-05-29,general,term_end,term_end,,term_start,,term_end,,,,,,,,1988.05.30 ~ 1992.05.29,제13대 평화민주당,nfzegpkvaclgtscxt,이교성,40892102,,,False
13,3UG9639E,1,신철균,비례대표,전국구,,신민주공화당,8,신민주공화당,신민주공화당,민주자유당,신민주공화당,1988-05-30,1992-05-29,general,term_end,term_end,,term_start,,term_end,,,,,,,,1988.05.30 ~ 1992.05.29,제13대 신민주공화당,nfzegpkvaclgtscxt,신철균 (1924년),40892102,,,False
13,3W52243S,1,장경우,지역구,경기 안산시옹진,경기도 안산시·옹진군,,,민주정의당,민주정의당,민주자유당,민주정의당,1988-05-30,1992-05-29,general,term_end,term_end,,term_start,,term_end,,,,,,,,1988.05.30 ~ 1992.05.29,제13대 민주정의당 경기 안산시옹진,nfzegpkvaclgtscxt,장경우,40892102,,,False
13,48H5289C,1,이응선,지역구,강원 홍천군,강원도 홍천군,,,민주정의당,민주정의당,민주자유당,민주정의당,1988-05-30,1992-05-29,general,term_end,term_end,,term_start,,term_end,,,,,,,,1988.05.30 ~ 1992.05.29,제13대 민주정의당 강원 홍천군,nfzegpkvaclgtscxt,이응선,40892102,,,False
13,48S5387Y,1,이철용,지역구,서울 도봉구을,서울특별시 도봉구 을,,,평화민주당,평화민주당,무소속,평화민주당,1988-05-30,1992-05-29,general,term_end,term_end,,term_start,,term_end,,,,,,,,1988.05.30 ~ 1992.05.29,제13대 평화민주당 서울 도봉구을,nfzegpkvaclgtscxt,이철용 (정치인),40892102,,,False
13,4D37702V,1,이재근,지역구,"전남 나주시,군",전라남도 나주시·나주군,,,평화민주당,평화민주당,민주당,평화민주당,1988-05-30,1992-05-29,general,term_end,term_end,,term_start,,term_end,,,,,,,,1988.05.30 ~ 1992.05.29,"제13대 평화민주당 전남 나주시,군",nfzegpkvaclgtscxt,이재근 (1937년),40892102,,,False
13,4QJ8677M,1,이도선,비례대표,전국구,,민주정의당,14,민주정의당,민주정의당,민주자유당,민주정의당,1988-05-30,1992-05-29,general,term_end,term_end,,term_start,,term_end,,,,,,,,1988.05.30 ~ 1992.05.29,제13대 민주정의당,nfzegpkvaclgtscxt,이도선 (1932년),40892102,,,False
13,4RF2451S,1,김원기,지역구,"전북 정주시,정읍",전라북도 정주시·정읍군,,,평화민주당,평화민주당,민주당,평화민주당,1988-05-30,1992-05-29,general,term_end,term_end,,term_start,,term_end,,,,,,,,1988.05.30 ~ 1992.05.29,"제13대 평화민주당 전북 정주시,정읍",nfzegpkvaclgtscxt,김원기 (1937년),40892102,,,False
13,4Y54669I,1,서청원,지역구,서울 동작구갑,서울특별시 동작구 갑,,,통일민주당,통일민주당,민주자유당,통일민주당,1988-05-30,1992-05-29,general,term_end,term_end,,term_start,,term_end,,,,,,,,1988.05.30 ~ 1992.05.29,제13대 통일민주당 서울 동작구갑,nfzegpkvaclgtscxt,서청원,40892102,41819983,,False
13,5637263F,1,신상우,지역구,부산 북구을,부산직할시 북구 을,,,통일민주당,통일민주당,민주자유당,통일민주당,1988-05-30,1992-05-29,general,term_end,term_end,,term_start,,term_end,,,,,,,,1988.05.30 ~ 1992.05.29,제13대 통일민주당 부산 북구을,nfzegpkvaclgtscxt,신상우 (정치인),40892102,,,False
13,5JX4556G,1,안영기,지역구,"충북 제원,단양",충청북도 제원군·단양군,,,민주정의당,민주정의당,민주자유당,민주정의당,1988-05-30,1992-05-29,general,term_end,term_end,,term_start,,term_end,,,,,,,,1988.05.30 ~ 1992.05.29,"제13대 민주정의당 충북 제원,단양",nfzegpkvaclgtscxt,안영기 (1936년),40892102,,,False
13,5SH5466E,1,최기선,지역구,경기 부천시남구,경기도 부천시 남구,,,통일민주당,통일민주당,민주자유당,통일민주당,1988-05-30,1992-05-29,general,term_end,term_end,,term_start,,term_end,,,,,,,,1988.05.30 ~ 1992.05.29,제13대 통일민주당 경기 부천시남구,nfzegpkvaclgtscxt,최기선,40892102,,,False
13,5W34729L,1,이상수,지역구,서울 중랑구갑,서울특별시 중랑구 갑,,,평화민주당,평화민주당,민주당,평화민주당,1988-05-30,1992-05-29,general,term_end,term_end,,term_start,,term_end,,,,,,,,1988.05.30 ~ 1992.05.29,제13대 평화민주당 서울 중랑구갑,nfzegpkvaclgtscxt,이상수 (1946년),40892102,41819983,,False
13,5YX7831C,1,정몽준,지역구,경남 울산시동구,경상남도 울산시 동구,,,무소속,무소속,통일국민당,무소속,1988-05-30,1992-05-29,general,term_end,term_end,,term_start,,term_end,,,,,,,,1988.05.30 ~ 1992.05.29,제13대 무소속 경남 울산시동구,nfzegpkvaclgtscxt,정몽준,40892102,,,False
13,60H5229G,1,김일동,지역구,"강원 삼천시,군",강원도 삼척시·삼척군,,,통일민주당,통일민주당,민주자유당,통일민주당,1988-05-30,1992-05-29,general,term_end,term_end,,term_start,,term_end,,,,,,,,1988.05.30 ~ 1992.05.29,"제13대 통일민주당 강원 삼천시,군",nfzegpkvaclgtscxt,김일동,40892102,41819983,,False
13,6545933G,1,나웅배,지역구,서울 영등포구을,서울특별시 영등포구 을,,,민주정의당,민주정의당,민주자유당,민주정의당,1989-08-19,1992-05-29,by_election,term_end,term_end,,confirmed_pollday_plus1,wikilist=1989-08-18; wikiseat=1989-08-18,term_end,,1989-08-18,,1989-08-18,,,,1989.08.19 ~ 1992.05.29,제13대 민주정의당 서울 영등포구을,nfzegpkvaclgtscxt,나웅배,40892102,41819983,,False
13,66U24346,1,이수인,지역구,"전남 함평,영광군",전라남도 함평군·영광군,,,평화민주당,평화민주당,민주당,평화민주당,1990-11-11,1992-05-29,by_election,term_end,term_end,,api_later_than_wiki,wikilist=1990-11-09; wikiseat=1990-11-09,term_end,,1990-11-09,,1990-11-09,,,,1990.11.11 ~ 1992.05.29,"제13대 평화민주당 전남 함평,영광군",nfzegpkvaclgtscxt,이수인 (1941년),40892102,41819983,manual check: By-election held 1990-11-09 and counted through the morning of 1990-11-10. NA start 1990-11-11 kept.,True
13,6JD7752M,1,황성균,지역구,경남 삼천포 사천,경상남도 삼천포시·사천군,,,민주정의당,민주정의당,무소속,민주정의당,1988-05-30,1992-05-29,general,term_end,term_end,,term_start,,term_end,,,,,,,,1988.05.30 ~ 1992.05.29,제13대 민주정의당 경남 삼천포 사천,nfzegpkvaclgtscxt,황성균,40892102,,,False
13,6LQ1789H,1,김기배,지역구,서울 구로구갑,서울특별시 구로구 갑,,,민주정의당,민주정의당,민주자유당,민주정의당,1988-05-30,1992-05-29,general,term_end,term_end,,term_start,,term_end,,,,,,,,1988.05.30 ~ 1992.05.29,제13대 민주정의당 서울 구로구갑,nfzegpkvaclgtscxt,김기배,40892102,,,False
13,6OE6093D,1,정해남,지역구,"경기 김포,강화",경기도 김포군·강화군,,,민주정의당,민주정의당,민주자유당,민주정의당,1988-05-30,1992-05-29,general,term_end,term_end,,term_start,,term_end,,,,,,,,1988.05.30 ~ 1992.05.29,"제13대 민주정의당 경기 김포,강화",nfzegpkvaclgtscxt,정해남 (정치인),40892102,,,False
13,6QR2160X,1,정순덕,지역구,"경남 충무시,통영,고성군",경상남도 충무시·통영군·고성군,,,민주정의당,민주정의당,민주자유당,민주정의당,1988-05-30,1992-05-29,general,term_end,term_end,,term_start,,term_end,,,,,,,,1988.05.30 ~ 1992.05.29,"제13대 민주정의당 경남 충무시,통영,고성군",nfzegpkvaclgtscxt,정순덕 (1935년),40892102,,,False
13,6RM77040,1,이덕호,지역구,경기 동두천시양주군,경기도 동두천시·양주군,,,민주정의당,민주정의당,무소속,민주정의당,1988-05-30,1992-05-29,general,term_end,term_end,,term_start,,term_end,,,,,,,,1988.05.30 ~ 1992.05.29,제13대 민주정의당 경기 동두천시양주군,nfzegpkvaclgtscxt,이덕호,40892102,,,False
13,6VW96635,1,신순범,지역구,"전남 여천시,군",전라남도 여천시·여천군,,,평화민주당,평화민주당,민주당,평화민주당,1988-05-30,1992-05-29,general,term_end,term_end,,term_start,,term_end,,,,,,,,1988.05.30 ~ 1992.05.29,"제13대 평화민주당 전남 여천시,군",nfzegpkvaclgtscxt,신순범,40892102,,,False
13,6YB3013O,1,박우병,지역구,강원 정선군,강원도 정선군,,,민주정의당,민주정의당,민주자유당,민주정의당,1988-05-30,1992-05-29,general,term_end,term_end,,term_start,,term_end,,,,,,,,1988.05.30 ~ 1992.05.29,제13대 민주정의당 강원 정선군,nfzegpkvaclgtscxt,박우병,40892102,,,False
13,6Z125924,1,송두호,비례대표,전국구,,통일민주당,1,통일민주당,통일민주당,민주자유당,통일민주당,1988-05-30,1992-05-29,general,term_end,term_end,,term_start,,term_end,,,,,,,,1988.05.30 ~ 1992.05.29,제13대 통일민주당,nfzegpkvaclgtscxt,송두호,40892102,,,False
13,6ZS6304Q,1,김중권,지역구,경북 울진,경상북도 울진군,,,민주정의당,민주정의당,민주자유당,민주정의당,1988-05-30,1992-05-29,general,term_end,term_end,,term_start,,term_end,,,,,,,,1988.05.30 ~ 1992.05.29,제13대 민주정의당 경북 울진,nfzegpkvaclgtscxt,김중권,40892102,,,False
13,71F9857P,1,조남욱,비례대표,전국구,,민주정의당,34,민주정의당,민주정의당,민주자유당,민주정의당,1988-05-30,1992-05-29,general,term_end,term_end,,term_start,,term_end,,,,,,,,1988.05.30 ~ 1992.05.29,제13대 민주정의당,nfzegpkvaclgtscxt,조남욱,40892102,,,False
13,7BR2274A,1,황낙주,지역구,경남 창원시,경상남도 창원시,,,통일민주당,통일민주당,민주자유당,통일민주당,1988-05-30,1992-05-29,general,term_end,term_end,,term_start,,term_end,,,,,,,,1988.05.30 ~ 1992.05.29,제13대 통일민주당 경남 창원시,nfzegpkvaclgtscxt,황낙주,40892102,,,False
13,7D83745T,1,김현,지역구,충남 대전시동구갑,충청남도 대전시 동구 갑,,,신민주공화당,신민주공화당,민주당,신민주공화당,1988-05-30,1992-05-29,general,term_end,term_end,,term_start,,term_end,,,,,,,,1988.05.30 ~ 1992.05.29,제13대 신민주공화당 충남 대전시동구갑,nfzegpkvaclgtscxt,김현 (1947년),40892102,,,False
13,7GJ2564V,1,최락도,지역구,전북 김제,전라북도 김제군,,,평화민주당,평화민주당,민주당,평화민주당,1988-05-30,1992-05-29,general,term_end,term_end,,term_start,,term_end,,,,,,,,1988.05.30 ~ 1992.05.29,제13대 평화민주당 전북 김제,nfzegpkvaclgtscxt,최락도,40892102,,,False
13,7IV94516,1,박승재,비례대표,전국구,,민주정의당,24,민주정의당,민주정의당,민주자유당,민주정의당,1988-05-30,1992-05-29,general,term_end,term_end,,term_start,,term_end,,,,,,,,1988.05.30 ~ 1992.05.29,제13대 민주정의당,nfzegpkvaclgtscxt,박승재,40892102,41819983,,False
13,7JO4216B,1,허만기,비례대표,전국구,,평화민주당,10,평화민주당,평화민주당,민주당,평화민주당,1988-05-30,1992-05-29,general,term_end,term_end,,term_start,,term_end,,,,,,,,1988.05.30 ~ 1992.05.29,제13대 평화민주당,nfzegpkvaclgtscxt,허만기,40892102,,,False
13,7KO11571,1,박용만,지역구,서울 성동구병,서울특별시 성동구 병,,,통일민주당,통일민주당,민주자유당,통일민주당,1988-05-30,1992-05-29,general,term_end,term_end,,term_start,,term_end,,,,,,,,1988.05.30 ~ 1992.05.29,제13대 통일민주당 서울 성동구병,nfzegpkvaclgtscxt,박용만 (정치인),40892102,,,False
13,7LS7395X,1,이태섭,지역구,서울 강남구을,서울특별시 강남구 을,,,민주정의당,민주정의당,민주자유당,민주정의당,1988-05-30,1992-02-28,general,disqualified,court_ruling_other_or_unspecified,의원직 상실 / 의원직 상실,term_start,,confirmed,wikilist+wikiseat,,1992-02-28,,1992-02-28,,,1988.05.30 ~ 1992.02.28,제13대 민주정의당 서울 강남구을,nfzegpkvaclgtscxt,이태섭 (1939년),40892102,41819983,manual check: Seat lost automatically when the Supreme Court confirmed the 수서 bribery conviction on 1992-02-28.,True
13,7Q05452E,1,이기택,지역구,부산 해운대구,부산직할시 해운대구,,,통일민주당,통일민주당,민주당,통일민주당,1988-05-30,1992-05-29,general,term_end,term_end,,term_start,,term_end,,,,,,,,1988.05.30 ~ 1992.05.29,제13대 통일민주당 부산 해운대구,nfzegpkvaclgtscxt,이기택,40892102,,,False
13,7QN2895W,1,김동인,비례대표,전국구,,민주정의당,7,민주정의당,민주정의당,민주자유당,민주정의당,1988-05-30,1992-05-29,general,term_end,term_end,,term_start,,term_end,,,,,,,,1988.05.30 ~ 1992.05.29,제13대 민주정의당,nfzegpkvaclgtscxt,김동인 (1927년),40892102,41819983,,False
13,87W5339H,1,심완구,지역구,경남 울산시남구,경상남도 울산시 남구,,,통일민주당,통일민주당,민주자유당,통일민주당,1988-05-30,1992-05-29,general,term_end,term_end,,term_start,,term_end,,,,,,,,1988.05.30 ~ 1992.05.29,제13대 통일민주당 경남 울산시남구,nfzegpkvaclgtscxt,심완구,40892102,,,False
13,88J81936,1,이강희,지역구,인천 남구을,인천직할시 남구 을,,,민주정의당,민주정의당,민주자유당,민주정의당,1988-05-30,1992-05-29,general,term_end,term_end,,term_start,,term_end,,,,,,,,1988.05.30 ~ 1992.05.29,제13대 민주정의당 인천 남구을,nfzegpkvaclgtscxt,이강희 (1942년),40892102,41819983,,False
13,8AZ5362W,1,유한열,지역구,충남 금산군,충청남도 금산군,,,무소속,무소속,민주자유당,무소속,1988-05-30,1992-05-29,general,term_end,term_end,,term_start,,term_end,,,,,,,,1988.05.30 ~ 1992.05.29,제13대 무소속 충남 금산군,nfzegpkvaclgtscxt,유한열,40892102,,,False
13,8DK5346K,1,허경만,지역구,전남 순천시,전라남도 순천시,,,평화민주당,평화민주당,민주당,평화민주당,1988-05-30,1992-05-29,general,term_end,term_end,,term_start,,term_end,,,,,,,,1988.05.30 ~ 1992.05.29,제13대 평화민주당 전남 순천시,nfzegpkvaclgtscxt,허경만,40892102,,,False
13,8J644357,1,최이호,비례대표,전국구,,통일민주당,9,통일민주당,통일민주당,무소속,통일민주당,1988-05-30,1992-05-29,general,term_end,term_end,,term_start,,term_end,,,,,,,,1988.05.30 ~ 1992.05.29,제13대 통일민주당,nfzegpkvaclgtscxt,최이호,40892102,,,False
13,8JX2594Z,1,남재희,지역구,서울 강서구을,서울특별시 강서구 을,,,민주정의당,민주정의당,민주자유당,민주정의당,1988-05-30,1992-05-29,general,term_end,term_end,,term_start,,term_end,,,,,,,,1988.05.30 ~ 1992.05.29,제13대 민주정의당 서울 강서구을,nfzegpkvaclgtscxt,남재희,40892102,,,False
13,8L08506K,1,정기영,비례대표,전국구,,평화민주당,16,평화민주당,평화민주당,민주당,평화민주당,1988-05-30,1992-05-29,general,term_end,term_end,,term_start,,term_end,,,,,,,,1988.05.30 ~ 1992.05.29,제13대 평화민주당,nfzegpkvaclgtscxt,정기영,40892102,,,False
13,8OR4908W,1,정석모,비례대표,전국구,,민주정의당,3,민주정의당,민주정의당,민주자유당,민주정의당,1988-05-30,1992-05-29,general,term_end,term_end,,term_start,,term_end,,,,,,,,1988.05.30 ~ 1992.05.29,제13대 민주정의당,nfzegpkvaclgtscxt,정석모,40892102,,,False
13,8Q16619C,1,이상회,비례대표,전국구,,민주정의당,29,민주정의당,민주정의당,민주자유당,민주정의당,1988-05-30,1992-05-29,general,term_end,term_end,,term_start,,term_end,,,,,,,,1988.05.30 ~ 1992.05.29,제13대 민주정의당,nfzegpkvaclgtscxt,이상회,40892102,,,False
13,90U66631,1,김문기,지역구,강원 명주군양양군,강원도 명주군·양양군,,,민주정의당,민주정의당,민주자유당,민주정의당,1988-05-30,1992-05-29,general,term_end,term_end,,term_start,,term_end,,,,,,,,1988.05.30 ~ 1992.05.29,제13대 민주정의당 강원 명주군양양군,nfzegpkvaclgtscxt,김문기 (1932년),40892102,,,False
13,94923460,1,이재연,지역구,경북 경산군청도군,경상북도 경산군·청도군,,,신민주공화당,신민주공화당,무소속,신민주공화당,1988-05-30,1992-05-29,general,term_end,term_end,,term_start,,term_end,,,,,,,,1988.05.30 ~ 1992.05.29,제13대 신민주공화당 경북 경산군청도군,nfzegpkvaclgtscxt,이재연 (1933년),40892102,,,False
13,95S94954,1,최재욱,비례대표,전국구,,민주정의당,20,민주정의당,민주정의당,민주자유당,민주정의당,1988-05-30,1992-05-29,general,term_end,term_end,,term_start,,term_end,,,,,,,,1988.05.30 ~ 1992.05.29,제13대 민주정의당,nfzegpkvaclgtscxt,최재욱 (정치인),40892102,,,False
13,9691217U,1,권달수,지역구,"경기 송탄,평택시",경기도 송탄시·평택시,,,민주정의당,민주정의당,민주자유당,민주정의당,1988-05-30,1992-05-29,general,term_end,term_end,,term_start,,term_end,,,,,,,,1988.05.30 ~ 1992.05.29,"제13대 민주정의당 경기 송탄,평택시",nfzegpkvaclgtscxt,권달수,40892102,,,False
13,9TG26303,1,유수호,지역구,대구 중구,대구직할시 중구,,,민주정의당,민주정의당,민주자유당,민주정의당,1988-05-30,1992-05-29,general,term_end,term_end,,term_start,,term_end,,,,,,,,1988.05.30 ~ 1992.05.29,제13대 민주정의당 대구 중구,nfzegpkvaclgtscxt,유수호 (정치인),40892102,,,False
13,9U97658K,1,홍영기,지역구,"전북 임실군,순창군",전라북도 임실군·순창군,,,평화민주당,평화민주당,민주당,평화민주당,1988-05-30,1992-05-29,general,term_end,term_end,,term_start,,term_end,,,,,,,,1988.05.30 ~ 1992.05.29,"제13대 평화민주당 전북 임실군,순창군",nfzegpkvaclgtscxt,홍영기 (1918년),40892102,,,False
13,9VF7142D,1,이병희,지역구,경기 수원시을,경기도 수원시 을,,,신민주공화당,신민주공화당,민주자유당,신민주공화당,1988-05-30,1992-05-29,general,term_end,term_end,,term_start,,term_end,,,,,,,,1988.05.30 ~ 1992.05.29,제13대 신민주공화당 경기 수원시을,nfzegpkvaclgtscxt,이병희 (1926년),40892102,41819983,,False
13,9X386624,1,이철,지역구,서울 성북구갑,서울특별시 성북구 갑,,,무소속,무소속,민주당,무소속,1988-05-30,1992-05-29,general,term_end,term_end,,term_start,,term_end,,,,,,,,1988.05.30 ~ 1992.05.29,제13대 무소속 서울 성북구갑,nfzegpkvaclgtscxt,이철 (1948년),40892102,,,False
13,9ZP9014Q,1,이해찬,지역구,서울 관악구을,서울특별시 관악구 을,,,평화민주당,평화민주당,민주당,평화민주당,1988-05-30,1992-05-29,general,term_end,term_end,,term_start,,term_end,,,,,,,,1988.05.30 ~ 1992.05.29,제13대 평화민주당 서울특별시 관악구을,nfzegpkvaclgtscxt,이해찬,40892102,,,False
13,A1819526,1,김정수,지역구,부산 부산진구을,부산직할시 부산진구 을,,,통일민주당,통일민주당,민주자유당,통일민주당,1988-05-30,1992-05-29,general,term_end,term_end,,term_start,,term_end,,,,,,,,1988.05.30 ~ 1992.05.29,제13대 통일민주당 부산 부산진구을,nfzegpkvaclgtscxt,김정수 (1937년),40892102,,,False
13,A5I4284G,1,이자헌,지역구,경기 평택,경기도 평택군,,,민주정의당,민주정의당,민주자유당,민주정의당,1988-05-30,1992-05-29,general,term_end,term_end,,term_start,,term_end,,,,,,,,1988.05.30 ~ 1992.05.29,제13대 민주정의당 경기 평택,nfzegpkvaclgtscxt,이자헌,40892102,,,False
13,A7N1851F,1,김완태,지역구,"충북 진천,음성군",충청북도 진천군·음성군,,,민주정의당,민주정의당,민주정의당,민주정의당,1988-05-30,1990-01-13,general,died,died,사망 / 사망,term_start,,confirmed,wikilist+wikiseat,,1990-01-13,,1990-01-13,,,1988.05.30 ~ 1990.01.13,"제13대 민주정의당 충북 진천,음성군",nfzegpkvaclgtscxt,김완태 (1931년),40892102,41819983,,False
13,ACT1860R,1,조세형,지역구,서울 성동구을,서울특별시 성동구 을,,,평화민주당,평화민주당,민주당,평화민주당,1988-05-30,1992-05-29,general,term_end,term_end,,term_start,,term_end,,,,,,,,1988.05.30 ~ 1992.05.29,제13대 평화민주당 서울 성동구을,nfzegpkvaclgtscxt,조세형 (1931년),40892102,,,False
13,AE923641,1,김용태,지역구,대구 북구,대구직할시 북구,,,민주정의당,민주정의당,민주자유당,민주정의당,1988-05-30,1992-05-29,general,term_end,term_end,,term_start,,term_end,,,,,,,,1988.05.30 ~ 1992.05.29,제13대 민주정의당 대구 북구,nfzegpkvaclgtscxt,김용태 (1936년),40892102,41819983,,False
13,AKW5267O,1,조경목,비례대표,전국구,,민주정의당,18,민주정의당,민주정의당,민주자유당,민주정의당,1988-05-30,1992-05-29,general,term_end,term_end,,term_start,,term_end,,,,,,,,1988.05.30 ~ 1992.05.29,제13대 민주정의당,nfzegpkvaclgtscxt,조경목,40892102,,,False
13,ALJ2881B,1,정동호,지역구,"경남 의령,함안군",경상남도 의령군·함안군,,,민주정의당,민주정의당,민주자유당,민주정의당,1988-05-30,1992-05-29,general,term_end,term_end,,term_start,,term_end,,,,,,,,1988.05.30 ~ 1992.05.29,"제13대 민주정의당 경남 의령,함안군",nfzegpkvaclgtscxt,정동호 (1936년),40892102,41819983,,False
13,ALM3369J,1,신재기,지역구,경남 창녕군,경상남도 창녕군,,,민주정의당,민주정의당,민주자유당,민주정의당,1988-05-30,1992-05-29,general,term_end,term_end,,term_start,,term_end,,,,,,,,1988.05.30 ~ 1992.05.29,제13대 민주정의당 경남 창녕군,nfzegpkvaclgtscxt,신재기,40892102,,,False
13,AM25401F,1,조찬형,지역구,"전북 남원시,군",전라북도 남원시·남원군,,,평화민주당,평화민주당,민주당,평화민주당,1988-05-30,1992-05-29,general,term_end,term_end,,term_start,,term_end,,,,,,,,1988.05.30 ~ 1992.05.29,"제13대 평화민주당 전북 남원시,군",nfzegpkvaclgtscxt,조찬형,40892102,,,False
13,AML4805R,1,한승수,지역구,강원 춘천시,강원도 춘천시,,,민주정의당,민주정의당,민주자유당,민주정의당,1988-05-30,1992-05-29,general,term_end,term_end,,term_start,,term_end,,,,,,,,1988.05.30 ~ 1992.05.29,제13대 민주정의당 강원 춘천시,nfzegpkvaclgtscxt,한승수,40892102,,,False
13,AMY93771,1,김동영,지역구,경남 거창군,경상남도 거창군,,,통일민주당,통일민주당,민주자유당,통일민주당,1988-05-30,1991-08-19,general,died,died,사망 / 사망,term_start,,confirmed,wikilist+wikiseat,,1991-08-19,,1991-08-19,,,1988.05.30 ~ 1991.08.19,제13대 통일민주당 경남 거창군,nfzegpkvaclgtscxt,김동영 (정치인),40892102,41819983,,False
13,B3A7296S,1,김중위,지역구,서울 강동구을,서울특별시 강동구 을,,,민주정의당,민주정의당,민주자유당,민주정의당,1988-05-30,1992-05-29,general,term_end,term_end,,term_start,,term_end,,,,,,,,1988.05.30 ~ 1992.05.29,제13대 민주정의당 서울 강동구을,nfzegpkvaclgtscxt,김중위,40892102,,,False
13,BCO6264C,1,김영진,지역구,"전남 강진,완도군",전라남도 강진군·완도군,,,평화민주당,평화민주당,민주당,평화민주당,1988-05-30,1992-05-29,general,term_end,term_end,,term_start,,term_end,,,,,,,,1988.05.30 ~ 1992.05.29,"제13대 평화민주당 전남 강진,완도군",nfzegpkvaclgtscxt,김영진 (1947년),40892102,41819983,,False
13,BHU7979V,1,지연태,비례대표,전국구,,민주정의당,16,민주정의당,민주정의당,민주자유당,민주정의당,1988-05-30,1992-05-29,general,term_end,term_end,,term_start,,term_end,,,,,,,,1988.05.30 ~ 1992.05.29,제13대 민주정의당,nfzegpkvaclgtscxt,지연태,40892102,,,False
13,BJG5829N,1,이협,지역구,전북 이리시,전라북도 이리시,,,평화민주당,평화민주당,민주당,평화민주당,1988-05-30,1992-05-29,general,term_end,term_end,,term_start,,term_end,,,,,,,,1988.05.30 ~ 1992.05.29,제13대 평화민주당 전북 이리시,nfzegpkvaclgtscxt,이협,40892102,,,False
13,BM974630,1,정동윤,지역구,"경북 영천시,군",경상북도 영천시·영천군,,,민주정의당,민주정의당,민주자유당,민주정의당,1988-05-30,1992-05-29,general,term_end,term_end,,term_start,,term_end,,,,,,,,1988.05.30 ~ 1992.05.29,"제13대 민주정의당 경북 영천시,군",nfzegpkvaclgtscxt,정동윤 (정치인),40892102,,,False
13,BPU25498,1,조윤형,지역구,서울 성북구을,서울특별시 성북구 을,,,평화민주당,평화민주당,통일국민당,평화민주당,1988-05-30,1992-05-29,general,term_end,term_end,,term_start,,term_end,,,,,,,,1988.05.30 ~ 1992.05.29,제13대 평화민주당 서울 성북구을,nfzegpkvaclgtscxt,조윤형,40892102,,,False
13,BRA1525S,1,손주항,지역구,전북 전주시을,전라북도 전주시 을,,,평화민주당,평화민주당,무소속,평화민주당,1988-05-30,1992-05-29,general,term_end,term_end,,term_start,,term_end,,,,,,,,1988.05.30 ~ 1992.05.29,제13대 평화민주당 전북 전주시을,nfzegpkvaclgtscxt,손주항,40892102,41819983,,False
13,BXN8084E,1,권오석,비례대표,전국구,,신민주공화당,9,민주자유당,민주자유당,민주자유당,민주자유당,1990-03-26,1992-05-29,succession_pr,term_end,term_end,,verified_manual,"api=1990-03-26; chosen=1990-03-26; NA date confirmed. Wikipedia gives 1990-03-21, the day the predecessor 이희일 handed in the resignation. The NEC decided the succession on 1990-03-26.",term_end,,1990-03-21,,1990-03-21,,,,1990.03.26 ~ 1992.05.29,제13대 민주자유당,nfzegpkvaclgtscxt,권오석 (정치인),40892102,41819983,,True
13,C0E9428E,1,최창윤,비례대표,전국구,,민주정의당,19,민주정의당,민주정의당,민주정의당,민주정의당,1988-05-30,1988-12-22,general,resigned,resigned_on_appointment,"강영훈 총리 지명, 최창윤 정무수석 임명으로 사퇴 심기섭, 안찬희 승계 / 의원직 사퇴",term_start,,confirmed,nabill,,1988-12-20,,1988-12-19,1988-12-22,011051,1988.05.30 ~ 1988.12.22,제13대 민주정의당,nfzegpkvaclgtscxt,최창윤,40892102,41819983,,False
13,C6N4172N,1,전용원,지역구,경기 구리시,경기도 구리시,,,민주정의당,민주정의당,민주자유당,민주정의당,1988-05-30,1992-05-29,general,term_end,term_end,,term_start,,term_end,,,,,,,,1988.05.30 ~ 1992.05.29,제13대 민주정의당 경기 구리시,nfzegpkvaclgtscxt,전용원,40892102,,,False
13,CA440915,1,노흥준,비례대표,전국구,,통일민주당,3,통일민주당,통일민주당,민주자유당,통일민주당,1988-05-30,1992-05-29,general,term_end,term_end,,term_start,,term_end,,,,,,,,1988.05.30 ~ 1992.05.29,제13대 통일민주당,nfzegpkvaclgtscxt,노흥준,40892102,,,False
13,CAH1307G,1,김종완,지역구,서울 송파구을,서울특별시 송파구 을,,,평화민주당,평화민주당,민주당,평화민주당,1988-05-30,1992-05-29,general,term_end,term_end,,term_start,,term_end,,,,,,,,1988.05.30 ~ 1992.05.29,제13대 평화민주당 서울 송파구을,nfzegpkvaclgtscxt,김종완 (정치인),40892102,41819983,,False
13,CAX57348,1,박영숙,비례대표,전국구,,평화민주당,1,평화민주당,평화민주당,민주당,평화민주당,1988-05-30,1992-05-29,general,term_end,term_end,,term_start,,term_end,,,,,,,,1988.05.30 ~ 1992.05.29,제13대 평화민주당,nfzegpkvaclgtscxt,박영숙 (1932년),40892102,,,False
13,CCP79626,1,정정훈,지역구,인천 북구갑,인천직할시 북구 갑,,,통일민주당,통일민주당,민주자유당,통일민주당,1988-05-30,1992-05-29,general,term_end,term_end,,term_start,,term_end,,,,,,,,1988.05.30 ~ 1992.05.29,제13대 통일민주당 인천 북구갑,nfzegpkvaclgtscxt,정정훈 (정치인),40892102,,,False
13,CFP75167,1,박형오,지역구,전남 신안군,전라남도 신안군,,,한겨레민주당,한겨레민주당,무소속,한겨레민주당,1988-05-30,1992-05-29,general,term_end,term_end,,term_start,,term_end,,,,,,,,1988.05.30 ~ 1992.05.29,제13대 한겨레민주당 전남 신안군,nfzegpkvaclgtscxt,박형오,40892102,,,False
13,CKS9642T,1,이경재,비례대표,전국구,,평화민주당,6,평화민주당,평화민주당,민주당,평화민주당,1988-05-30,1992-05-29,general,term_end,term_end,,term_start,,term_end,,,,,,,,1988.05.30 ~ 1992.05.29,제13대 평화민주당,nfzegpkvaclgtscxt,이경재 (1932년),40892102,,,False
13,CRH49829,1,오경의,지역구,경북 안동시,경상북도 안동시,,,통일민주당,통일민주당,민주자유당,통일민주당,1988-05-30,1992-05-29,general,term_end,term_end,,term_start,,term_end,,,,,,,,1988.05.30 ~ 1992.05.29,제13대 통일민주당 경북 안동시,nfzegpkvaclgtscxt,오경의,40892102,,,False
13,DCY93694,1,이종근,지역구,충북 충주시중원,충청북도 충주시·중원군,,,신민주공화당,신민주공화당,민주자유당,신민주공화당,1988-05-30,1992-05-29,general,term_end,term_end,,term_start,,term_end,,,,,,,,1988.05.30 ~ 1992.05.29,제13대 신민주공화당 충북 충주시중원,nfzegpkvaclgtscxt,이종근 (1923년),40892102,,,False
13,DQE3331P,1,박철언,비례대표,전국구,,민주정의당,17,민주정의당,민주정의당,민주자유당,민주정의당,1988-05-30,1992-05-29,general,term_end,term_end,,term_start,,term_end,,,,,,,,1988.05.30 ~ 1992.05.29,제13대 민주정의당,nfzegpkvaclgtscxt,박철언,40892102,,,False
13,DSA2985Y,1,유학성,지역구,경북 예천군,경상북도 예천군,,,민주정의당,민주정의당,민주자유당,민주정의당,1988-05-30,1992-05-29,general,term_end,term_end,,term_start,,term_end,,,,,,,,1988.05.30 ~ 1992.05.29,제13대 민주정의당 경북 예천군,nfzegpkvaclgtscxt,유학성,40892102,,,False
13,DSL4089Q,1,김재광,지역구,서울 은평구을,서울특별시 은평구 을,,,통일민주당,통일민주당,민주자유당,통일민주당,1988-05-30,1992-05-29,general,term_end,term_end,,term_start,,term_end,,,,,,,,1988.05.30 ~ 1992.05.29,제13대 통일민주당 서울 은평구을,nfzegpkvaclgtscxt,김재광,40892102,,,False
13,DTM59312,1,김태호,지역구,경남 울산시중구,경상남도 울산시 중구,,,민주정의당,민주정의당,민주자유당,민주정의당,1988-05-30,1992-05-29,general,term_end,term_end,,term_start,,term_end,,,,,,,,1988.05.30 ~ 1992.05.29,제13대 민주정의당 경남 울산시중구,nfzegpkvaclgtscxt,김태호 (1935년),40892102,41819983,,False
13,DWY2922R,1,최봉구,비례대표,전국구,,평화민주당,4,평화민주당,평화민주당,민주당,평화민주당,1988-05-30,1992-05-29,general,term_end,term_end,,term_start,,term_end,,,,,,,,1988.05.30 ~ 1992.05.29,제13대 평화민주당,nfzegpkvaclgtscxt,최봉구,40892102,,,False
13,DXQ97415,1,김길홍,비례대표,전국구,,민주정의당,31,민주정의당,민주정의당,민주자유당,민주정의당,1988-05-30,1992-05-29,general,term_end,term_end,,term_start,,term_end,,,,,,,,1988.05.30 ~ 1992.05.29,제13대 민주정의당,nfzegpkvaclgtscxt,김길홍,40892102,,,False
13,E5X4403T,1,황명수,지역구,"충남 온양시,아산군",충청남도 온양시·아산군,,,통일민주당,통일민주당,민주자유당,통일민주당,1988-05-30,1992-05-29,general,term_end,term_end,,term_start,,term_end,,,,,,,,1988.05.30 ~ 1992.05.29,"제13대 통일민주당 충남 온양시,아산군",nfzegpkvaclgtscxt,황명수 (1927년),40892102,,,False
13,E9Y1902O,1,임무웅,지역구,경기 부천시중구,경기도 부천시 중구,,,민주정의당,민주정의당,민주자유당,민주정의당,1988-05-30,1992-05-29,general,term_end,term_end,,term_start,,term_end,,,,,,,,1988.05.30 ~ 1992.05.29,제13대 민주정의당 경기 부천시중구,nfzegpkvaclgtscxt,임무웅,40892102,,,False
13,EC995719,1,구자춘,지역구,"경북 달성,고령군",경상북도 달성군·고령군,,,신민주공화당,신민주공화당,민주자유당,신민주공화당,1988-05-30,1992-05-29,general,term_end,term_end,,term_start,,term_end,,,,,,,,1988.05.30 ~ 1992.05.29,"제13대 신민주공화당 경북 달성,고령군",nfzegpkvaclgtscxt,구자춘,40892102,,,False
13,EEC7465H,1,이춘구,지역구,충북 제천시,충청북도 제천시,,,민주정의당,민주정의당,민주자유당,민주정의당,1988-05-30,1992-05-29,general,term_end,term_end,,term_start,,term_end,,,,,,,,1988.05.30 ~ 1992.05.29,제13대 민주정의당 충북 제천시,nfzegpkvaclgtscxt,이춘구,40892102,,,False
13,EHX6431X,1,이학봉,지역구,"경남 김해시,군",경상남도 김해시·김해군,,,민주정의당,민주정의당,무소속,민주정의당,1988-05-30,1992-03-10,general,disqualified,court_ruling_other_or_unspecified,의원직 상실 / 의원직 상실,term_start,,confirmed,wikilist+wikiseat,,1992-03-10,,1992-03-10,,,1988.05.30 ~ 1992.03.10,"제13대 민주정의당 경남 김해시,군",nfzegpkvaclgtscxt,이학봉,40892102,41819983,manual check: Seat lost when the Supreme Court confirmed the conviction on 1992-03-10.,True
13,EPZ3759Y,1,정웅,지역구,광주 북구,광주직할시 북구,,,평화민주당,평화민주당,신정치개혁당,평화민주당,1988-05-30,1992-05-29,general,term_end,term_end,,term_start,,term_end,,,,,,,,1988.05.30 ~ 1992.05.29,제13대 평화민주당 광주 북구,nfzegpkvaclgtscxt,정웅,40892102,,,False
13,ERX2058H,1,김충조,지역구,전남 여수시,전라남도 여수시,,,평화민주당,평화민주당,민주당,평화민주당,1988-05-30,1992-05-29,general,term_end,term_end,,term_start,,term_end,,,,,,,,1988.05.30 ~ 1992.05.29,제13대 평화민주당 전남 여수시,nfzegpkvaclgtscxt,김충조,40892102,,,False
13,EUJ8925R,1,정종택,지역구,충북 청주시갑,충청북도 청주시 갑,,,민주정의당,민주정의당,민주자유당,민주정의당,1988-05-30,1992-05-29,general,term_end,term_end,,term_start,,term_end,,,,,,,,1988.05.30 ~ 1992.05.29,제13대 민주정의당 충북 청주시갑,nfzegpkvaclgtscxt,정종택 (정치인),40892102,,,False
13,EWB4602W,1,임춘원,지역구,서울 서대문구을,서울특별시 서대문구 을,,,평화민주당,평화민주당,무소속,평화민주당,1988-05-30,1992-05-29,general,term_end,term_end,,term_start,,term_end,,,,,,,,1988.05.30 ~ 1992.05.29,제13대 평화민주당 서울 서대문구을,nfzegpkvaclgtscxt,임춘원,40892102,,,False
13,F769501H,1,김동규,지역구,서울 강동구갑,서울특별시 강동구 갑,,,통일민주당,통일민주당,민주자유당,통일민주당,1988-05-30,1992-05-29,general,term_end,term_end,,term_start,,term_end,,,,,,,,1988.05.30 ~ 1992.05.29,제13대 통일민주당 서울 강동구갑,nfzegpkvaclgtscxt,김동규 (1932년),40892102,41819983,,False
13,FII6987E,1,김인기,비례대표,전국구,,민주정의당,12,민주정의당,민주정의당,민주자유당,민주정의당,1988-05-30,1992-05-29,general,term_end,term_end,,term_start,,term_end,,,,,,,,1988.05.30 ~ 1992.05.29,제13대 민주정의당,nfzegpkvaclgtscxt,김인기 (1933년),40892102,,,False
13,FPT6879K,1,김봉조,지역구,경남 거제군,경상남도 거제군,,,통일민주당,통일민주당,민주자유당,통일민주당,1988-05-30,1992-05-29,general,term_end,term_end,,term_start,,term_end,,,,,,,,1988.05.30 ~ 1992.05.29,제13대 통일민주당 경남 거제군,nfzegpkvaclgtscxt,김봉조 (1939년),40892102,,,False
13,FR056047,1,문정수,지역구,부산 북구갑,부산직할시 북구 갑,,,통일민주당,통일민주당,민주자유당,통일민주당,1988-05-30,1992-05-29,general,term_end,term_end,,term_start,,term_end,,,,,,,,1988.05.30 ~ 1992.05.29,제13대 통일민주당 부산 북구갑,nfzegpkvaclgtscxt,문정수,40892102,,,False
13,FSJ32138,1,김영구,지역구,서울 동대문구을,서울특별시 동대문구 을,,,민주정의당,민주정의당,민주자유당,민주정의당,1988-05-30,1992-05-29,general,term_end,term_end,,term_start,,term_end,,,,,,,,1988.05.30 ~ 1992.05.29,제13대 민주정의당 서울 동대문구을,nfzegpkvaclgtscxt,김영구 (1940년),40892102,41819983,,False
13,FSN5613H,1,박희태,지역구,"경남 남해,하동군",경상남도 남해군·하동군,,,민주정의당,민주정의당,민주자유당,민주정의당,1988-05-30,1992-05-29,general,term_end,term_end,,term_start,,term_end,,,,,,,,1988.05.30 ~ 1992.05.29,"제13대 민주정의당 경상남도 남해,하동군",nfzegpkvaclgtscxt,박희태,40892102,,,False
13,FW82028I,1,백찬기,지역구,경남 마산시갑,경상남도 마산시 갑,,,통일민주당,통일민주당,민주자유당,통일민주당,1988-05-30,1992-05-29,general,term_end,term_end,,term_start,,term_end,,,,,,,,1988.05.30 ~ 1992.05.29,제13대 통일민주당 경남 마산시갑,nfzegpkvaclgtscxt,백찬기 (정치인),40892102,,,False
13,FXK12131,1,김종식,지역구,충남 천원,충청남도 천원군,,,신민주공화당,신민주공화당,무소속,신민주공화당,1988-05-30,1992-05-29,general,term_end,term_end,,term_start,,term_end,,,,,,,,1988.05.30 ~ 1992.05.29,제13대 신민주공화당 충남 천원,nfzegpkvaclgtscxt,김종식 (1935년),40892102,,,False
13,FYA2094A,1,조만후,지역구,경남 진주시,경상남도 진주시,,,통일민주당,통일민주당,민주자유당,통일민주당,1988-05-30,1992-05-29,general,term_end,term_end,,term_start,,term_end,,,,,,,,1988.05.30 ~ 1992.05.29,제13대 통일민주당 경남 진주시,nfzegpkvaclgtscxt,조만후,40892102,,,False
13,FZZ4744X,1,이상옥,지역구,"전북 진안,무주,장수",전라북도 진안군·무주군·장수군,,,평화민주당,평화민주당,통일국민당,평화민주당,1988-05-30,1992-05-29,general,term_end,term_end,,term_start,,term_end,,,,,,,,1988.05.30 ~ 1992.05.29,"제13대 평화민주당 전북 진안,무주,장수",nfzegpkvaclgtscxt,이상옥 (1950년),40892102,,,False
13,GIZ16849,1,최훈,지역구,서울 동대문구갑,서울특별시 동대문구 갑,,,평화민주당,평화민주당,민주당,평화민주당,1988-05-30,1992-05-29,general,term_end,term_end,,term_start,,term_end,,,,,,,,1988.05.30 ~ 1992.05.29,제13대 평화민주당 서울 동대문구갑,nfzegpkvaclgtscxt,최훈 (정치인),40892102,,,False
13,GMC9494G,1,황대봉,비례대표,전국구,,통일민주당,5,통일민주당,통일민주당,민주자유당,통일민주당,1988-05-30,1992-05-29,general,term_end,term_end,,term_start,,term_end,,,,,,,,1988.05.30 ~ 1992.05.29,제13대 통일민주당,nfzegpkvaclgtscxt,황대봉,40892102,,,False
13,GTH3618V,1,김용환,지역구,"충남 대천,보령시",충청남도 대천시·보령군,,,신민주공화당,신민주공화당,민주자유당,신민주공화당,1988-05-30,1992-05-29,general,term_end,term_end,,term_start,,term_end,,,,,,,,1988.05.30 ~ 1992.05.29,"제13대 신민주공화당 충남 대천,보령시",nfzegpkvaclgtscxt,김용환 (1932년),40892102,,,False
13,GXC8936S,1,이희천,지역구,전북 부안군,전라북도 부안군,,,평화민주당,평화민주당,민주당,평화민주당,1988-05-30,1992-05-29,general,term_end,term_end,,term_start,,term_end,,,,,,,,1988.05.30 ~ 1992.05.29,제13대 평화민주당 전북 부안군,nfzegpkvaclgtscxt,이희천,40892102,41819983,,False
13,GZS38403,1,강우혁,지역구,인천 남동구,인천직할시 남동구,,,민주정의당,민주정의당,민주자유당,민주정의당,1988-05-30,1992-05-29,general,term_end,term_end,,term_start,,term_end,,,,,,,,1988.05.30 ~ 1992.05.29,제13대 민주정의당 인천 남동구,nfzegpkvaclgtscxt,강우혁 (정치인),40892102,,,False
13,H679074W,1,이기빈,지역구,제주 북제주,제주도 북제주군,,,무소속,무소속,민주자유당,무소속,1988-05-30,1992-05-29,general,term_end,term_end,,term_start,,term_end,,,,,,,,1988.05.30 ~ 1992.05.29,제13대 무소속 제주 북제주,nfzegpkvaclgtscxt,이기빈 (정치인),40892102,,,False
13,HBO3666Q,1,윤길중,비례대표,전국구,,민주정의당,2,민주정의당,민주정의당,민주자유당,민주정의당,1988-05-30,1992-05-29,general,term_end,term_end,,term_start,,term_end,,,,,,,,1988.05.30 ~ 1992.05.29,제13대 민주정의당,nfzegpkvaclgtscxt,윤길중,40892102,,,False
13,HCN4630J,1,심명보,지역구,"강원 영월,평창군",강원도 영월군·평창군,,,민주정의당,민주정의당,민주자유당,민주정의당,1988-05-30,1992-05-29,general,term_end,term_end,,term_start,,term_end,,,,,,,,1988.05.30 ~ 1992.05.29,"제13대 민주정의당 강원 영월,평창군",nfzegpkvaclgtscxt,심명보,40892102,,,False
13,HE94360B,1,이광노,비례대표,전국구,,민주정의당,8,민주정의당,민주정의당,민주자유당,민주정의당,1988-05-30,1992-05-29,general,term_end,term_end,,term_start,,term_end,,,,,,,,1988.05.30 ~ 1992.05.29,제13대 민주정의당,nfzegpkvaclgtscxt,이광노,40892102,,,False
13,HFG6145J,1,정상구,지역구,부산 남구을,부산직할시 남구 을,,,통일민주당,통일민주당,통일국민당,통일민주당,1988-05-30,1992-05-29,general,term_end,term_end,,term_start,,term_end,,,,,,,,1988.05.30 ~ 1992.05.29,제13대 통일민주당 부산 남구을,nfzegpkvaclgtscxt,정상구,40892102,,,False
13,HFO6788P,1,김정길,지역구,부산 영도구,부산직할시 영도구,,,통일민주당,통일민주당,민주당,통일민주당,1988-05-30,1992-05-29,general,term_end,term_end,,term_start,,term_end,,,,,,,,1988.05.30 ~ 1992.05.29,제13대 통일민주당 부산 영도구,nfzegpkvaclgtscxt,김정길 (1945년),40892102,,,False
13,HIT2733V,1,이영권,지역구,전남 장흥군,전라남도 장흥군,,,평화민주당,평화민주당,민주당,평화민주당,1988-05-30,1992-05-29,general,term_end,term_end,,term_start,,term_end,,,,,,,,1988.05.30 ~ 1992.05.29,제13대 평화민주당 전남 장흥군,nfzegpkvaclgtscxt,이영권 (정치인),40892102,,,False
13,HJI9845B,1,이인제,지역구,경기 안양시갑,경기도 안양시 갑,,,통일민주당,통일민주당,민주자유당,통일민주당,1988-05-30,1992-05-29,general,term_end,term_end,,term_start,,term_end,,,,,,,,1988.05.30 ~ 1992.05.29,제13대 통일민주당 경기 안양시갑,nfzegpkvaclgtscxt,이인제,40892102,41819983,,False
13,HNY4948U,1,이인구,지역구,충남 대덕군연기군,충청남도 대덕군·연기군,,,신민주공화당,신민주공화당,민주자유당,신민주공화당,1988-05-30,1992-05-29,general,term_end,term_end,,term_start,,term_end,,,,,,,,1988.05.30 ~ 1992.05.29,제13대 신민주공화당 충남 대덕군연기군,nfzegpkvaclgtscxt,이인구 (정치인),40892102,41819983,,False
13,HOO4824R,1,이긍규,지역구,충남 서천군,충청남도 서천군,,,민주정의당,민주정의당,민주자유당,민주정의당,1988-05-30,1992-05-29,general,term_end,term_end,,term_start,,term_end,,,,,,,,1988.05.30 ~ 1992.05.29,제13대 민주정의당 충남 서천군,nfzegpkvaclgtscxt,이긍규,40892102,,,False
13,HRZ2823G,1,최정식,지역구,강원 속초시고성군,강원도 속초시·고성군,,,통일민주당,통일민주당,무소속,통일민주당,1988-05-30,1992-05-29,general,term_end,term_end,,term_start,,term_end,,,,,,,,1988.05.30 ~ 1992.05.29,제13대 통일민주당 강원 속초시고성군,nfzegpkvaclgtscxt,최정식,40892102,,,False
13,HT966869,1,김용채,지역구,서울 노원구을,서울특별시 노원구 을,,,신민주공화당,신민주공화당,민주자유당,신민주공화당,1988-05-30,1992-05-29,general,term_end,term_end,,term_start,,term_end,,,,,,,,1988.05.30 ~ 1992.05.29,제13대 신민주공화당 서울 노원구을,nfzegpkvaclgtscxt,김용채,40892102,,,False
13,HVO20403,1,양경자,비례대표,전국구,,민주정의당,28,민주정의당,민주정의당,민주자유당,민주정의당,1988-05-30,1992-05-29,general,term_end,term_end,,term_start,,term_end,,,,,,,,1988.05.30 ~ 1992.05.29,제13대 민주정의당,nfzegpkvaclgtscxt,양경자,40892102,,,False
13,HZP82656,1,김문원,지역구,경기 의정부시,경기도 의정부시,,,신민주공화당,신민주공화당,민주자유당,신민주공화당,1988-05-30,1992-05-29,general,term_end,term_end,,term_start,,term_end,,,,,,,,1988.05.30 ~ 1992.05.29,제13대 신민주공화당 경기 의정부시,nfzegpkvaclgtscxt,김문원,40892102,,,False
13,I3819289,1,오유방,지역구,서울 은평구갑,서울특별시 은평구 갑,,,민주정의당,민주정의당,민주자유당,민주정의당,1988-05-30,1992-05-29,general,term_end,term_end,,term_start,,term_end,,,,,,,,1988.05.30 ~ 1992.05.29,제13대 민주정의당 서울 은평구갑,nfzegpkvaclgtscxt,오유방,40892102,,,False
13,IAB1039R,1,황윤기,지역구,경북 월성,경상북도 월성군,,,민주정의당,민주정의당,민주자유당,민주정의당,1988-05-30,1992-05-29,general,term_end,term_end,,term_start,,term_end,,,,,,,,1988.05.30 ~ 1992.05.29,제13대 민주정의당 경북 월성,nfzegpkvaclgtscxt,황윤기,40892102,,,False
13,ID74552F,1,류승번,비례대표,전국구,,통일민주당,4,통일민주당,통일민주당,민주자유당,통일민주당,1988-05-30,1992-05-29,general,term_end,term_end,,term_start,,term_end,,,,,,,,1988.05.30 ~ 1992.05.29,제13대 통일민주당,nfzegpkvaclgtscxt,류승번,40892102,,,False
13,IDG7545T,1,김주호,비례대표,전국구,,평화민주당,7,평화민주당,평화민주당,민주당,평화민주당,1988-05-30,1992-05-29,general,term_end,term_end,,term_start,,term_end,,,,,,,,1988.05.30 ~ 1992.05.29,제13대 평화민주당,nfzegpkvaclgtscxt,김주호 (1932년),40892102,41819983,,False
13,IGD7635F,1,김종곤,비례대표,전국구,,민주정의당,11,민주정의당,민주정의당,민주자유당,민주정의당,1988-05-30,1992-05-29,general,term_end,term_end,,term_start,,term_end,,,,,,,,1988.05.30 ~ 1992.05.29,제13대 민주정의당,nfzegpkvaclgtscxt,김종곤,40892102,,,False
13,IOI30449,1,김봉호,지역구,"전남 해남,진도군",전라남도 해남군·진도군,,,평화민주당,평화민주당,민주당,평화민주당,1988-05-30,1992-05-29,general,term_end,term_end,,term_start,,term_end,,,,,,,,1988.05.30 ~ 1992.05.29,"제13대 평화민주당 전남 해남,진도군",nfzegpkvaclgtscxt,김봉호,40892102,,,False
13,IQX29457,1,김진재,지역구,부산 금정구,부산직할시 금정구,,,민주정의당,민주정의당,민주자유당,민주정의당,1988-05-30,1992-05-29,general,term_end,term_end,,term_start,,term_end,,,,,,,,1988.05.30 ~ 1992.05.29,제13대 민주정의당 부산 금정구,nfzegpkvaclgtscxt,김진재,40892102,,,False
13,IS69175A,1,김운환,비례대표,전국구,,통일민주당,11,통일민주당,통일민주당,민주자유당,통일민주당,1988-05-30,1992-05-29,general,term_end,term_end,,term_start,,term_end,,,,,,,,1988.05.30 ~ 1992.05.29,제13대 통일민주당,nfzegpkvaclgtscxt,김운환,40892102,,,False
13,IU67432G,1,강재섭,비례대표,전국구,,민주정의당,32,민주정의당,민주정의당,민주자유당,민주정의당,1988-05-30,1992-05-29,general,term_end,term_end,,term_start,,term_end,,,,,,,,1988.05.30 ~ 1992.05.29,제13대 민주정의당 전국구,nfzegpkvaclgtscxt,강재섭,40892102,,,False
13,J3Q5491L,1,김남,비례대표,전국구,,통일민주당,13,통일민주당,통일민주당,민주자유당,통일민주당,1988-05-30,1992-05-29,general,term_end,term_end,,term_start,,term_end,,,,,,,,1988.05.30 ~ 1992.05.29,제13대 통일민주당,nfzegpkvaclgtscxt,김남,40892102,,,False
13,J4X86065,1,박태준,비례대표,전국구,,민주정의당,6,민주정의당,민주정의당,민주자유당,민주정의당,1988-05-30,1992-05-29,general,term_end,term_end,,term_start,,term_end,,,,,,,,1988.05.30 ~ 1992.05.29,제13대 민주정의당,nfzegpkvaclgtscxt,박태준 (1927년),40892102,,,False
13,J6J6288S,1,이영문,지역구,경기 이천시,경기도 이천군,,,민주정의당,민주정의당,민주자유당,민주정의당,1988-05-30,1992-05-29,general,term_end,term_end,,term_start,,term_end,,,,,,,,1988.05.30 ~ 1992.05.29,제13대 민주정의당 경기 이천시,nfzegpkvaclgtscxt,이영문,40892102,,,False
13,J9B7924I,1,허탁,지역구,"충북 진천,음성군",충청북도 진천군·음성군,,,무소속,무소속,민주당,무소속,1990-04-04,1992-05-29,by_election,term_end,term_end,,confirmed_pollday_plus1,wikilist=1990-04-03; wikiseat=1990-04-03,term_end,,1990-04-03,,1990-04-03,,,,1990.04.04 ~ 1992.05.29,"제13대 무소속 충북 진천,음성군",nfzegpkvaclgtscxt,허탁,40892102,41819983,,False
13,JGT1723Y,1,박종율,비례대표,전국구,,통일민주당,10,통일민주당,통일민주당,민주자유당,통일민주당,1988-05-30,1992-05-29,general,term_end,term_end,,term_start,,term_end,,,,,,,,1988.05.30 ~ 1992.05.29,제13대 통일민주당,nfzegpkvaclgtscxt,박종율,40892102,,,False
13,JMC44351,1,류승규,지역구,강원 태백시,강원도 태백시,,,무소속,무소속,민주자유당,통일민주당,1988-05-30,1992-05-29,general,term_end,term_end,,term_start,,term_end,,,,,,,,1988.05.30 ~ 1992.05.29,제13대 통일민주당 강원 태백시,nfzegpkvaclgtscxt,류승규 (1946년),40892102,,,False
13,JMX15674,1,이원배,지역구,서울 강서구갑,서울특별시 강서구 갑,,,평화민주당,평화민주당,무소속,평화민주당,1988-05-30,1992-02-28,general,disqualified,court_ruling_other_or_unspecified,의원직 상실 / 의원직 상실,term_start,,confirmed,wikilist+wikiseat,,1992-02-28,,1992-02-28,,,1988.05.30 ~ 1992.02.28,제13대 평화민주당 서울 강서구갑,nfzegpkvaclgtscxt,이원배 (1932년),40892102,41819983,manual check: Seat lost automatically when the Supreme Court confirmed the 수서 bribery conviction on 1992-02-28.,True
13,JNV4397B,1,옥만호,비례대표,전국구,,신민주공화당,7,신민주공화당,신민주공화당,민주자유당,신민주공화당,1988-05-30,1992-05-29,general,term_end,term_end,,term_start,,term_end,,,,,,,,1988.05.30 ~ 1992.05.29,제13대 신민주공화당,nfzegpkvaclgtscxt,옥만호,40892102,,,False
13,JP019849,1,김장숙,비례대표,전국구,,민주정의당,27,민주정의당,민주정의당,민주자유당,민주정의당,1988-05-30,1992-05-29,general,term_end,term_end,,term_start,,term_end,,,,,,,,1988.05.30 ~ 1992.05.29,제13대 민주정의당,nfzegpkvaclgtscxt,김장숙,40892102,,,False
13,JZQ2865S,1,이진우,지역구,경북 포항시,경상북도 포항시,,,민주정의당,민주정의당,민주자유당,민주정의당,1988-05-30,1992-05-29,general,term_end,term_end,,term_start,,term_end,,,,,,,,1988.05.30 ~ 1992.05.29,제13대 민주정의당 경북 포항시,nfzegpkvaclgtscxt,이진우 (1934년),40892102,,,False
13,K4I9530L,1,김제태,지역구,충남 논산,충청남도 논산군,,,신민주공화당,신민주공화당,민주자유당,신민주공화당,1988-05-30,1992-05-29,general,term_end,term_end,,term_start,,term_end,,,,,,,,1988.05.30 ~ 1992.05.29,제13대 신민주공화당 충남 논산,nfzegpkvaclgtscxt,김제태,40892102,41819983,,False
13,K4O32890,1,노승환,지역구,서울 마포구갑,서울특별시 마포구 갑,,,평화민주당,평화민주당,무소속,평화민주당,1988-05-30,1992-05-29,general,term_end,term_end,,term_start,,term_end,,,,,,,,1988.05.30 ~ 1992.05.29,제13대 평화민주당 서울 마포구갑,nfzegpkvaclgtscxt,노승환,40892102,,,False
13,K4Q81564,1,유기준,지역구,경기 광주군,경기도 광주군,,,통일민주당,통일민주당,민주자유당,통일민주당,1988-05-30,1992-05-29,general,term_end,term_end,,term_start,,term_end,,,,,,,,1988.05.30 ~ 1992.05.29,제13대 통일민주당 경기 광주군,nfzegpkvaclgtscxt,유기준 (1924년),40892102,,,False
13,KBJ1842L,1,김한규,지역구,대구 달서구,대구직할시 달서구,,,민주정의당,민주정의당,민주자유당,민주정의당,1988-05-30,1992-05-29,general,term_end,term_end,,term_start,,term_end,,,,,,,,1988.05.30 ~ 1992.05.29,제13대 민주정의당 대구 달서구,nfzegpkvaclgtscxt,김한규 (1940년),40892102,,,False
13,KD636919,1,최무룡,지역구,경기 파주,경기도 파주군,,,신민주공화당,신민주공화당,민주자유당,신민주공화당,1988-05-30,1992-05-29,general,term_end,term_end,,term_start,,term_end,,,,,,,,1988.05.30 ~ 1992.05.29,제13대 신민주공화당 경기 파주,nfzegpkvaclgtscxt,최무룡,40892102,,,False
13,KDB6892X,1,김덕규,지역구,서울 중랑구을,서울특별시 중랑구 을,,,평화민주당,평화민주당,민주당,평화민주당,1988-05-30,1992-05-29,general,term_end,term_end,,term_start,,term_end,,,,,,,,1988.05.30 ~ 1992.05.29,제13대 평화민주당 서울특별시 중랑구을,nfzegpkvaclgtscxt,김덕규,40892102,,,False
13,KFX3165F,1,박지원,지역구,경기 화성,경기도 화성군,,,민주정의당,민주정의당,무소속,민주정의당,1988-05-30,1992-05-29,general,term_end,term_end,,term_start,,term_end,,,,,,,,1988.05.30 ~ 1992.05.29,제13대 민주정의당 경기 화성,nfzegpkvaclgtscxt,박지원 (1934년),40892102,,,False
13,KHO8835W,1,김영선,지역구,"경기 가평군,양평군",경기도 가평군·양평군,,,민주정의당,민주정의당,무소속,민주정의당,1988-05-30,1992-05-29,general,term_end,term_end,,term_start,,term_end,,,,,,,,1988.05.30 ~ 1992.05.29,"제13대 민주정의당 경기 가평군,양평군",nfzegpkvaclgtscxt,김영선 (1932년),40892102,41819983,,False
13,KNJ5466T,1,이정무,지역구,대구 남구,대구직할시 남구,,,민주정의당,민주정의당,민주자유당,민주정의당,1988-05-30,1992-05-29,general,term_end,term_end,,term_start,,term_end,,,,,,,,1988.05.30 ~ 1992.05.29,제13대 민주정의당 대구 남구,nfzegpkvaclgtscxt,이정무 (정치인),40892102,,,False
13,KQV94557,1,김광일,지역구,부산 중구,부산직할시 중구,,,통일민주당,통일민주당,통일국민당,통일민주당,1988-05-30,1992-05-29,general,term_end,term_end,,term_start,,term_end,,,,,,,,1988.05.30 ~ 1992.05.29,제13대 통일민주당 부산 중구,nfzegpkvaclgtscxt,김광일 (1939년),40892102,,,False
13,KWF97697,1,김홍만,지역구,충남 대전시중구,충청남도 대전시 중구,,,신민주공화당,신민주공화당,민주자유당,신민주공화당,1988-05-30,1992-05-29,general,term_end,term_end,,term_start,,term_end,,,,,,,,1988.05.30 ~ 1992.05.29,제13대 신민주공화당 충남 대전시중구,nfzegpkvaclgtscxt,김홍만,40892102,,,False
13,KWO2882I,1,석준규,비례대표,전국구,,통일민주당,7,통일민주당,통일민주당,민주자유당,통일민주당,1988-05-30,1992-05-29,general,term_end,term_end,,term_start,,term_end,,,,,,,,1988.05.30 ~ 1992.05.29,제13대 통일민주당,nfzegpkvaclgtscxt,석준규,40892102,,,False
13,L8S7182S,1,서석재,지역구,부산 사하구,부산직할시 사하구,,,통일민주당,통일민주당,무소속,통일민주당,1988-05-30,1992-05-29,general,term_end,term_end,,term_start,,term_end,,,,,,,,1988.05.30 ~ 1992.05.29,제13대 통일민주당 부산 사하구,nfzegpkvaclgtscxt,서석재,40892102,,,False
13,L975540P,1,문희갑,지역구,대구 서구갑,대구직할시 서구 갑,,,민주자유당,민주자유당,민주자유당,민주자유당,1990-04-04,1992-05-29,by_election,term_end,term_end,,confirmed_pollday_plus1,wikilist=1990-04-03; wikiseat=1990-04-03,term_end,,1990-04-03,,1990-04-03,,,,1990.04.04 ~ 1992.05.29,제13대 민주자유당 대구 서구갑,nfzegpkvaclgtscxt,문희갑,40892102,41819983,,False
13,L9A8497B,1,신진수,비례대표,전국구,,신민주공화당,6,신민주공화당,신민주공화당,민주자유당,신민주공화당,1988-05-30,1992-05-29,general,term_end,term_end,,term_start,,term_end,,,,,,,,1988.05.30 ~ 1992.05.29,제13대 신민주공화당,nfzegpkvaclgtscxt,신진수 (1938년),40892102,,,False
13,LIP10985,1,서경원,지역구,"전남 함평,영광군",전라남도 함평군·영광군,,,평화민주당,평화민주당,평화민주당,평화민주당,1988-05-30,1990-08-24,general,disqualified,court_ruling_other_or_unspecified,밀입북사건으로 의원직 상실 / 의원직 상실,term_start,,confirmed,wikilist+wikiseat,,1990-08-24,,1990-08-24,,,1988.05.30 ~ 1990.08.24,"제13대 평화민주당 전남 함평,영광군",nfzegpkvaclgtscxt,서경원,40892102,41819983,,False
13,LL74000X,1,연제원,비례대표,전국구,,신민주공화당,3,신민주공화당,신민주공화당,무소속,신민주공화당,1988-05-30,1992-05-29,general,term_end,term_end,,term_start,,term_end,,,,,,,,1988.05.30 ~ 1992.05.29,제13대 신민주공화당,nfzegpkvaclgtscxt,연제원,40892102,,,False
13,LNJ8027O,1,강금식,지역구,서울 성동구갑,서울특별시 성동구 갑,,,평화민주당,평화민주당,민주당,평화민주당,1988-05-30,1992-05-29,general,term_end,term_end,,term_start,,term_end,,,,,,,,1988.05.30 ~ 1992.05.29,제13대 평화민주당 서울 성동구갑,nfzegpkvaclgtscxt,강금식,40892102,,,False
13,LO069688,1,신영순,비례대표,전국구,,민주정의당,37,민주정의당,민주정의당,민주자유당,민주정의당,1988-05-30,1992-05-29,general,term_end,term_end,,term_start,,term_end,,,,,,,,1988.05.30 ~ 1992.05.29,제13대 민주정의당,nfzegpkvaclgtscxt,신영순,40892102,,,False
13,LQW1875Y,1,박정수,지역구,경북 김천시금릉,경상북도 김천시·금릉군,,,민주정의당,민주정의당,민주자유당,민주정의당,1988-05-30,1992-05-29,general,term_end,term_end,,term_start,,term_end,,,,,,,,1988.05.30 ~ 1992.05.29,제13대 민주정의당 경북 김천시금릉,nfzegpkvaclgtscxt,박정수 (1932년),40892102,,,False
13,LU06564Z,1,정대철,지역구,서울 중구,서울특별시 중구,,,평화민주당,평화민주당,민주당,평화민주당,1988-05-30,1992-05-29,general,term_end,term_end,,term_start,,term_end,,,,,,,,1988.05.30 ~ 1992.05.29,제13대 평화민주당 서울 중구,nfzegpkvaclgtscxt,정대철,40892102,,,False
13,M9I4775W,1,유기수,지역구,서울 구로구을,서울특별시 구로구 을,,,신민주공화당,신민주공화당,민주자유당,신민주공화당,1988-05-30,1992-05-29,general,term_end,term_end,,term_start,,term_end,,,,,,,,1988.05.30 ~ 1992.05.29,제13대 신민주공화당 서울 구로구을,nfzegpkvaclgtscxt,유기수 (1941년),40892102,,,False
13,MEE6240E,1,허재홍,지역구,부산 남구갑,부산직할시 남구 갑,,,통일민주당,통일민주당,민주자유당,통일민주당,1988-05-30,1992-05-29,general,term_end,term_end,,term_start,,term_end,,,,,,,,1988.05.30 ~ 1992.05.29,제13대 통일민주당 부산 남구갑,nfzegpkvaclgtscxt,허재홍,40892102,,,False
13,MH14784M,1,신오철,지역구,서울 도봉구갑,서울특별시 도봉구 갑,,,신민주공화당,신민주공화당,민주자유당,신민주공화당,1988-05-30,1992-05-29,general,term_end,term_end,,term_start,,term_end,,,,,,,,1988.05.30 ~ 1992.05.29,제13대 신민주공화당 서울 도봉구갑,nfzegpkvaclgtscxt,신오철,40892102,,,False
13,MHE1145A,1,박상천,지역구,전남 고흥군,전라남도 고흥군,,,평화민주당,평화민주당,민주당,평화민주당,1988-05-30,1992-05-29,general,term_end,term_end,,term_start,,term_end,,,,,,,,1988.05.30 ~ 1992.05.29,제13대 평화민주당 전남 고흥군,nfzegpkvaclgtscxt,박상천,40892102,,,False
13,MLN4587W,1,서정화,지역구,서울 용산구,서울특별시 용산구,,,민주정의당,민주정의당,민주자유당,민주정의당,1988-05-30,1992-05-29,general,term_end,term_end,,term_start,,term_end,,,,,,,,1988.05.30 ~ 1992.05.29,제13대 민주정의당 서울 용산구,nfzegpkvaclgtscxt,서정화 (1933년),40892102,,,False
13,N2V3369G,1,김우석,지역구,서울 송파구갑,서울특별시 송파구 갑,,,통일민주당,통일민주당,민주자유당,통일민주당,1988-05-30,1992-05-29,general,term_end,term_end,,term_start,,term_end,,,,,,,,1988.05.30 ~ 1992.05.29,제13대 통일민주당 서울 송파구갑,nfzegpkvaclgtscxt,김우석 (1936년),40892102,,,False
13,N5P7446X,1,박재홍,지역구,경북 구미시,경상북도 구미시,,,민주정의당,민주정의당,민주자유당,민주정의당,1988-05-30,1992-05-29,general,term_end,term_end,,term_start,,term_end,,,,,,,,1988.05.30 ~ 1992.05.29,제13대 민주정의당 경북 구미시,nfzegpkvaclgtscxt,박재홍 (1941년),40892102,41819983,,False
13,N8Y13552,1,박태권,지역구,충남 서산,충청남도 서산군,,,통일민주당,통일민주당,민주자유당,통일민주당,1988-05-30,1992-05-29,general,term_end,term_end,,term_start,,term_end,,,,,,,,1988.05.30 ~ 1992.05.29,제13대 통일민주당 충남 서산,nfzegpkvaclgtscxt,박태권,40892102,,,False
13,NBE5106U,1,조영장,지역구,인천 서구,인천직할시 서구,,,민주정의당,민주정의당,민주자유당,민주정의당,1988-05-30,1992-05-29,general,term_end,term_end,,term_start,,term_end,,,,,,,,1988.05.30 ~ 1992.05.29,제13대 민주정의당 인천 서구,nfzegpkvaclgtscxt,조영장,40892102,,,False
13,NBM68293,1,정창화,지역구,경북 의성군,경상북도 의성군,,,민주정의당,민주정의당,무소속,민주정의당,1988-05-30,1992-05-29,general,term_end,term_end,,term_start,,term_end,,,,,,,,1988.05.30 ~ 1992.05.29,제13대 민주정의당 경북 의성군,nfzegpkvaclgtscxt,정창화 (1940년),40892102,,,False
13,NHT46444,1,김현욱,지역구,충남 당진군,충청남도 당진군,,,민주정의당,민주정의당,민주자유당,민주정의당,1988-05-30,1992-05-29,general,term_end,term_end,,term_start,,term_end,,,,,,,,1988.05.30 ~ 1992.05.29,제13대 민주정의당 충남 당진군,nfzegpkvaclgtscxt,김현욱 (정치인),40892102,,,False
13,NIH2967M,1,이재황,비례대표,전국구,,민주정의당,35,민주정의당,민주정의당,민주자유당,민주정의당,1988-05-30,1992-05-29,general,term_end,term_end,,term_start,,term_end,,,,,,,,1988.05.30 ~ 1992.05.29,제13대 민주정의당,nfzegpkvaclgtscxt,이재황 (1948년),40892102,,,False
13,NPZ9074T,1,김재순,지역구,"강원 철원,화천",강원도 화천군·철원군,,,민주정의당,민주정의당,민주자유당,민주정의당,1988-05-30,1992-05-29,general,term_end,term_end,,term_start,,term_end,,,,,,,,1988.05.30 ~ 1992.05.29,"제13대 민주정의당 강원 철원,화천",nfzegpkvaclgtscxt,김재순 (정치인),40892102,,,False
13,NS38910H,1,김봉욱,지역구,전북 옥구,전라북도 옥구군,,,평화민주당,평화민주당,신정치개혁당,평화민주당,1988-05-30,1992-05-29,general,term_end,term_end,,term_start,,term_end,,,,,,,,1988.05.30 ~ 1992.05.29,제13대 평화민주당 전북 옥구,nfzegpkvaclgtscxt,김봉욱,40892102,,,False
13,NUX49887,1,이한동,지역구,경기 연천군포천군,경기도 연천군·포천군,,,민주정의당,민주정의당,민주자유당,민주정의당,1988-05-30,1992-05-29,general,term_end,term_end,,term_start,,term_end,,,,,,,,1988.05.30 ~ 1992.05.29,제13대 민주정의당 경기 연천군포천군,nfzegpkvaclgtscxt,이한동,40892102,,,False
13,O3I2054Z,1,권해옥,지역구,경남 합천,경상남도 합천군,,,민주정의당,민주정의당,민주자유당,민주정의당,1988-05-30,1992-05-29,general,term_end,term_end,,term_start,,term_end,,,,,,,,1988.05.30 ~ 1992.05.29,제13대 민주정의당 경남 합천,nfzegpkvaclgtscxt,권해옥,40892102,,,False
13,OFA8515J,1,최각규,지역구,강원 강릉시,강원도 강릉시,,,신민주공화당,신민주공화당,민주자유당,신민주공화당,1988-05-30,1992-05-29,general,term_end,term_end,,term_start,,term_end,,,,,,,,1988.05.30 ~ 1992.05.29,제13대 신민주공화당 강원 강릉시,nfzegpkvaclgtscxt,최각규,40892102,,,False
13,OG58098B,1,홍세기,비례대표,전국구,,민주정의당,30,민주정의당,민주정의당,민주자유당,민주정의당,1988-05-30,1992-05-29,general,term_end,term_end,,term_start,,term_end,,,,,,,,1988.05.30 ~ 1992.05.29,제13대 민주정의당,nfzegpkvaclgtscxt,홍세기,40892102,,,False
13,OJJ2363Y,1,문동환,비례대표,전국구,,평화민주당,12,평화민주당,평화민주당,민주당,평화민주당,1988-05-30,1992-05-29,general,term_end,term_end,,term_start,,term_end,,,,,,,,1988.05.30 ~ 1992.05.29,제13대 평화민주당,nfzegpkvaclgtscxt,문동환 (목회자),40892102,,,False
13,OK67147J,1,이윤자,비례대표,전국구,,민주정의당,9,민주정의당,민주정의당,민주자유당,민주정의당,1988-05-30,1992-05-29,general,term_end,term_end,,term_start,,term_end,,,,,,,,1988.05.30 ~ 1992.05.29,제13대 민주정의당,nfzegpkvaclgtscxt,이윤자,40892102,,,False
13,OPX8066S,1,임인규,비례대표,전국구,,민주정의당,36,민주정의당,민주정의당,민주자유당,민주정의당,1988-05-30,1992-05-29,general,term_end,term_end,,term_start,,term_end,,,,,,,,1988.05.30 ~ 1992.05.29,제13대 민주정의당,nfzegpkvaclgtscxt,임인규,40892102,,,False
13,OQ09860C,1,김종호,지역구,충북 괴산군,충청북도 괴산군,,,민주정의당,민주정의당,민주자유당,민주정의당,1988-05-30,1992-05-29,general,term_end,term_end,,term_start,,term_end,,,,,,,,1988.05.30 ~ 1992.05.29,제13대 민주정의당 충북 괴산군,nfzegpkvaclgtscxt,김종호 (1935년),40892102,,,False
13,ORH5971D,1,박준병,지역구,"충북 보은,옥천,영동군",충청북도 보은군·옥천군·영동군,,,민주정의당,민주정의당,민주자유당,민주정의당,1988-05-30,1992-05-29,general,term_end,term_end,,term_start,,term_end,,,,,,,,1988.05.30 ~ 1992.05.29,"제13대 민주정의당 충북 보은,옥천,영동군",nfzegpkvaclgtscxt,박준병 (1933년),40892102,,,False
13,OX877045,1,신영국,지역구,"경북 점촌,문경시",경상북도 점촌시·문경군,,,통일민주당,통일민주당,민주자유당,통일민주당,1988-05-30,1992-05-29,general,term_end,term_end,,term_start,,term_end,,,,,,,,1988.05.30 ~ 1992.05.29,"제13대 통일민주당 경북 점촌,문경시",nfzegpkvaclgtscxt,신영국,40892102,,,False
13,P1G3654N,1,이치호,지역구,대구 수성구,대구직할시 수성구,,,민주정의당,민주정의당,민주자유당,민주정의당,1988-05-30,1992-05-29,general,term_end,term_end,,term_start,,term_end,,,,,,,,1988.05.30 ~ 1992.05.29,제13대 민주정의당 대구 수성구,nfzegpkvaclgtscxt,이치호,40892102,,,False
13,P1T31301,1,채영석,지역구,전북 군산시,전라북도 군산시,,,평화민주당,평화민주당,민주당,평화민주당,1988-05-30,1992-05-29,general,term_end,term_end,,term_start,,term_end,,,,,,,,1988.05.30 ~ 1992.05.29,제13대 평화민주당 전북 군산시,nfzegpkvaclgtscxt,채영석,40892102,,,False
13,P5W8553L,1,이병용,비례대표,전국구,,민주정의당,5,민주정의당,민주정의당,민주자유당,민주정의당,1988-05-30,1992-05-29,general,term_end,term_end,,term_start,,term_end,,,,,,,,1988.05.30 ~ 1992.05.29,제13대 민주정의당,nfzegpkvaclgtscxt,이병용 (1926년),40892102,,,False
13,PAR7137B,1,김종필,지역구,충남 부여군,충청남도 부여군,,,신민주공화당,신민주공화당,민주자유당,신민주공화당,1988-05-30,1992-05-29,general,term_end,term_end,,term_start,,term_end,,,,,,,,1988.05.30 ~ 1992.05.29,제13대 신민주공화당 충남 부여군,nfzegpkvaclgtscxt,김종필,40892102,,,False
13,PB86833Y,1,김영삼,지역구,부산 서구,부산직할시 서구,,,통일민주당,통일민주당,민주자유당,통일민주당,1988-05-30,1992-05-29,general,term_end,term_end,,term_start,,term_end,,,,,,,,1988.05.30 ~ 1992.05.29,제13대 통일민주당 부산 서구,nfzegpkvaclgtscxt,김영삼,40892102,41819983,,False
13,PE09728Y,1,황철수,지역구,"경기 과천시,시흥군",경기도 과천시·시흥군,,,민주정의당,민주정의당,민주자유당,민주정의당,1988-05-30,1992-05-29,general,term_end,term_end,,term_start,,term_end,,,,,,,,1988.05.30 ~ 1992.05.29,"제13대 민주정의당 경기 과천시,시흥군",nfzegpkvaclgtscxt,황철수 (정치인),40892102,,,False
13,PMN7940F,1,김윤환,지역구,"경북 군위,선산",경상북도 군위군·선산군,,,민주정의당,민주정의당,민주자유당,민주정의당,1988-05-30,1992-05-29,general,term_end,term_end,,term_start,,term_end,,,,,,,,1988.05.30 ~ 1992.05.29,"제13대 민주정의당 경북 군위,선산",nfzegpkvaclgtscxt,김윤환 (1932년),40892102,,,False
13,PNI51919,1,채문식,비례대표,전국구,,민주정의당,1,민주정의당,민주정의당,민주자유당,민주정의당,1988-05-30,1992-05-29,general,term_end,term_end,,term_start,,term_end,,,,,,,,1988.05.30 ~ 1992.05.29,제13대 민주정의당,nfzegpkvaclgtscxt,채문식,40892102,,,False
13,PY75021S,1,조부영,지역구,"충남 청양,홍성군",충청남도 청양군·홍성군,,,신민주공화당,신민주공화당,민주자유당,신민주공화당,1988-05-30,1992-05-29,general,term_end,term_end,,term_start,,term_end,,,,,,,,1988.05.30 ~ 1992.05.29,"제13대 신민주공화당 충남 청양,홍성군",nfzegpkvaclgtscxt,조부영,40892102,,,False
13,Q7D3831A,1,안찬희,비례대표,전국구,,민주정의당,40,민주정의당,민주정의당,민주자유당,민주정의당,1988-12-23,1992-05-29,succession_pr,term_end,term_end,,api_later_than_wiki,wikilist=1988-12-20; wikiseat=1988-12-19,term_end,,1988-12-20,,1988-12-19,,,,1988.12.23 ~ 1992.05.29,제13대 민주정의당,nfzegpkvaclgtscxt,안찬희,40892102,41819983,,False
13,QHJ1904L,1,박준규,지역구,대구 동구,대구직할시 동구,,,민주정의당,민주정의당,민주자유당,민주정의당,1988-05-30,1992-05-29,general,term_end,term_end,,term_start,,term_end,,,,,,,,1988.05.30 ~ 1992.05.29,제13대 민주정의당 대구 동구,nfzegpkvaclgtscxt,박준규 (1925년),40892102,41819983,,False
13,QJ74422A,1,정상용,지역구,광주 서구갑,광주직할시 서구 갑,,,평화민주당,평화민주당,민주당,평화민주당,1988-05-30,1992-05-29,general,term_end,term_end,,term_start,,term_end,,,,,,,,1988.05.30 ~ 1992.05.29,제13대 평화민주당 광주 서구갑,nfzegpkvaclgtscxt,정상용,40892102,41819983,,False
13,QL63675M,1,정재문,지역구,부산 부산진구갑,부산직할시 부산진구 갑,,,통일민주당,통일민주당,민주자유당,통일민주당,1988-05-30,1992-05-29,general,term_end,term_end,,term_start,,term_end,,,,,,,,1988.05.30 ~ 1992.05.29,제13대 통일민주당 부산 부산진구갑,nfzegpkvaclgtscxt,정재문,40892102,,,False
13,R3D8899N,1,조홍규,지역구,광주 광산구,광주직할시 광산구,,,평화민주당,평화민주당,민주당,평화민주당,1988-05-30,1992-05-29,general,term_end,term_end,,term_start,,term_end,,,,,,,,1988.05.30 ~ 1992.05.29,제13대 평화민주당 광주 광산구,nfzegpkvaclgtscxt,조홍규 (1943년),40892102,,,False
13,RA28140K,1,신하철,지역구,경기 안양시을,경기도 안양시 을,,,통일민주당,통일민주당,민주자유당,통일민주당,1988-05-30,1992-05-29,general,term_end,term_end,,term_start,,term_end,,,,,,,,1988.05.30 ~ 1992.05.29,제13대 통일민주당 경기 안양시을,nfzegpkvaclgtscxt,신하철,40892102,,,False
13,RAU77180,1,조순승,지역구,"전남 구례,승주",전라남도 구례군·승주군,,,평화민주당,평화민주당,민주당,평화민주당,1988-05-30,1992-05-29,general,term_end,term_end,,term_start,,term_end,,,,,,,,1988.05.30 ~ 1992.05.29,"제13대 평화민주당 전남 구례,승주",nfzegpkvaclgtscxt,조순승,40892102,,,False
13,RCJ2180Y,1,심정구,지역구,인천 남구갑,인천직할시 남구 갑,,,민주정의당,민주정의당,민주자유당,민주정의당,1988-05-30,1992-05-29,general,term_end,term_end,,term_start,,term_end,,,,,,,,1988.05.30 ~ 1992.05.29,제13대 민주정의당 인천 남구갑,nfzegpkvaclgtscxt,심정구,40892102,,,False
13,REX1877I,1,오탄,지역구,전북 전주시갑,전라북도 전주시 갑,,,평화민주당,평화민주당,민주당,평화민주당,1988-05-30,1992-05-29,general,term_end,term_end,,term_start,,term_end,,,,,,,,1988.05.30 ~ 1992.05.29,제13대 평화민주당 전북 전주시갑,nfzegpkvaclgtscxt,오탄,40892102,,,False
13,RLG4231U,1,이상득,지역구,"경북 영일,울릉군",경상북도 영일군·울릉군,,,민주정의당,민주정의당,민주자유당,민주정의당,1988-05-30,1992-05-29,general,term_end,term_end,,term_start,,term_end,,,,,,,,1988.05.30 ~ 1992.05.29,"제13대 민주정의당 경북 영일,울릉군",nfzegpkvaclgtscxt,이상득,40892102,,,False
13,RSE1582E,1,윤재기,지역구,"충남 공주시,군",충청남도 공주시·공주군,,,신민주공화당,신민주공화당,민주자유당,신민주공화당,1988-05-30,1992-05-29,general,term_end,term_end,,term_start,,term_end,,,,,,,,1988.05.30 ~ 1992.05.29,"제13대 신민주공화당 충남 공주시,군",nfzegpkvaclgtscxt,윤재기,40892102,,,False
13,RTU96565,1,홍희표,지역구,강원 동해시,강원도 동해시,,,무소속,무소속,민주정의당,무소속,1988-05-30,1989-03-14,general,disqualified,court_ruling_election_law,당선무효 / 의원직 상실,term_start,,confirmed,wikilist+wikiseat,,1989-03-14,,1989-03-14,,,1988.05.30 ~ 1989.03.14,제13대 무소속 강원 동해시,nfzegpkvaclgtscxt,홍희표,40892102,41819983,,False
13,RTU96565,2,홍희표,지역구,강원 동해시,강원도 동해시,,,민주정의당,민주정의당,민주자유당,민주정의당,1989-04-15,1992-05-29,by_election,term_end,term_end,,confirmed_pollday_plus1,wikilist=1989-04-14; wikiseat=1989-04-14,term_end,,1989-04-14,,1989-04-14,,,,1989.04.15 ~ 1992.05.29,제13대 민주정의당 강원 동해시,nfzegpkvaclgtscxt,홍희표,40892102,41819983,,False
13,RYK4883M,1,노인환,지역구,"경남 산청,함양",경상남도 산청군·함양군,,,민주정의당,민주정의당,민주자유당,민주정의당,1988-05-30,1992-05-29,general,term_end,term_end,,term_start,,term_end,,,,,,,,1988.05.30 ~ 1992.05.29,"제13대 민주정의당 경남 산청,함양",nfzegpkvaclgtscxt,노인환,40892102,,,False
13,S4B6672D,1,신경식,지역구,충북 청원군,충청북도 청원군,,,민주정의당,민주정의당,민주자유당,민주정의당,1988-05-30,1992-05-29,general,term_end,term_end,,term_start,,term_end,,,,,,,,1988.05.30 ~ 1992.05.29,제13대 민주정의당 충북 청원군,nfzegpkvaclgtscxt,신경식,40892102,,,False
13,SDX64659,1,이종찬,지역구,서울 종로구,서울특별시 종로구,,,민주정의당,민주정의당,민주자유당,민주정의당,1988-05-30,1992-05-29,general,term_end,term_end,,term_start,,term_end,,,,,,,,1988.05.30 ~ 1992.05.29,제13대 민주정의당 서울 종로구,nfzegpkvaclgtscxt,이종찬 (1936년),40892102,,,False
13,SJD28100,1,이행구,비례대표,전국구,,통일민주당,2,통일민주당,통일민주당,민주자유당,통일민주당,1988-05-30,1992-05-29,general,term_end,term_end,,term_start,,term_end,,,,,,,,1988.05.30 ~ 1992.05.29,제13대 통일민주당,nfzegpkvaclgtscxt,이행구,40892102,,,False
13,SMR7052V,1,김두윤,비례대표,전국구,,신민주공화당,5,신민주공화당,신민주공화당,민주자유당,신민주공화당,1988-05-30,1992-05-29,general,term_end,term_end,,term_start,,term_end,,,,,,,,1988.05.30 ~ 1992.05.29,제13대 신민주공화당,nfzegpkvaclgtscxt,김두윤,40892102,,,False
13,SRH7774W,1,김인곤,비례대표,전국구,,신민주공화당,1,신민주공화당,신민주공화당,민주당,신민주공화당,1988-05-30,1992-05-29,general,term_end,term_end,,term_start,,term_end,,,,,,,,1988.05.30 ~ 1992.05.29,제13대 신민주공화당,nfzegpkvaclgtscxt,김인곤,40892102,,,False
13,SW948730,1,이형배,비례대표,전국구,,평화민주당,9,평화민주당,평화민주당,무소속,평화민주당,1988-05-30,1992-05-29,general,term_end,term_end,,term_start,,term_end,,,,,,,,1988.05.30 ~ 1992.05.29,제13대 평화민주당,nfzegpkvaclgtscxt,이형배,40892102,41819983,,False
13,SX52964G,1,김명섭,지역구,서울 영등포구을,서울특별시 영등포구 을,,,민주정의당,민주정의당,민주정의당,민주정의당,1988-05-30,1989-05-26,general,disqualified,court_ruling_election_law,당선무효 / 의원직 상실,term_start,,confirmed,wikilist+wikiseat,,1989-05-26,,1989-05-26,,,1988.05.30 ~ 1989.05.26,제13대 민주정의당 서울 영등포구을,nfzegpkvaclgtscxt,김명섭 (1938년),40892102,41819983,,False
13,T1R43759,1,송현섭,비례대표,전국구,,평화민주당,2,평화민주당,평화민주당,신정치개혁당,평화민주당,1988-05-30,1992-05-29,general,term_end,term_end,,term_start,,term_end,,,,,,,,1988.05.30 ~ 1992.05.29,제13대 평화민주당,nfzegpkvaclgtscxt,송현섭,40892102,,,False
13,T1Z9579M,1,권노갑,지역구,전남 목포시,전라남도 목포시,,,평화민주당,평화민주당,민주당,평화민주당,1988-05-30,1992-05-29,general,term_end,term_end,,term_start,,term_end,,,,,,,,1988.05.30 ~ 1992.05.29,제13대 평화민주당 전남 목포시,nfzegpkvaclgtscxt,권노갑,40892102,,,False
13,TFV50843,1,김길곤,지역구,"전남 담양,장성군",전라남도 담양군·장성군,,,평화민주당,평화민주당,통일국민당,평화민주당,1988-05-30,1992-05-29,general,term_end,term_end,,term_start,,term_end,,,,,,,,1988.05.30 ~ 1992.05.29,"제13대 평화민주당 전남 담양,장성군",nfzegpkvaclgtscxt,김길곤,40892102,,,False
13,TJJ2271P,1,손주환,비례대표,전국구,,민주정의당,25,민주정의당,민주정의당,민주자유당,민주정의당,1988-05-30,1990-12-29,general,resigned,resigned_on_appointment,손주환 청와대 정무수석 임명으로 사퇴 최상진 승계 / 의원직 사퇴 / 議長許可,term_start,,confirmed,nabill,,1990-12-28,,1990-12-28,1990-12-29,011801,1988.05.30 ~ 1990.12.29,제13대 민주정의당,nfzegpkvaclgtscxt,손주환 (정치인),40892102,41819983,,False
13,TNK9949W,1,이성호,지역구,경기 남양주,경기도 남양주군,,,민주정의당,민주정의당,민주자유당,민주정의당,1988-05-30,1992-05-29,general,term_end,term_end,,term_start,,term_end,,,,,,,,1988.05.30 ~ 1992.05.29,제13대 민주정의당 경기 남양주,nfzegpkvaclgtscxt,이성호 (1938년),40892102,,,False
13,TQH7044H,1,박관용,지역구,부산 동래구갑,부산직할시 동래구 갑,,,통일민주당,통일민주당,민주자유당,통일민주당,1988-05-30,1992-05-29,general,term_end,term_end,,term_start,,term_end,,,,,,,,1988.05.30 ~ 1992.05.29,제13대 통일민주당 부산 동래구갑,nfzegpkvaclgtscxt,박관용,40892102,,,False
13,TT897193,1,박종태,지역구,광주 서구을,광주직할시 서구 을,,,평화민주당,평화민주당,무소속,평화민주당,1988-05-30,1992-05-29,general,term_end,term_end,,term_start,,term_end,,,,,,,,1988.05.30 ~ 1992.05.29,제13대 평화민주당 광주 서구을,nfzegpkvaclgtscxt,박종태 (1920년),40892102,,,False
13,TXU99386,1,유기천,비례대표,전국구,,민주정의당,21,민주정의당,민주정의당,민주자유당,민주정의당,1988-05-30,1992-05-29,general,term_end,term_end,,term_start,,term_end,,,,,,,,1988.05.30 ~ 1992.05.29,제13대 민주정의당,nfzegpkvaclgtscxt,유기천 (정치인),40892102,,,False
13,TZQ65416,1,유준상,지역구,전남 보성군,전라남도 보성군,,,평화민주당,평화민주당,민주당,평화민주당,1988-05-30,1992-05-29,general,term_end,term_end,,term_start,,term_end,,,,,,,,1988.05.30 ~ 1992.05.29,제13대 평화민주당 전남 보성군,nfzegpkvaclgtscxt,류준상 (1942년),40892102,,,False
13,U1P4713Y,1,황병우,지역구,"경북 청송,영덕",경상북도 청송군·영덕군,,,민주정의당,민주정의당,민주자유당,민주정의당,1988-05-30,1992-05-29,general,term_end,term_end,,term_start,,term_end,,,,,,,,1988.05.30 ~ 1992.05.29,"제13대 민주정의당 경북 청송,영덕",nfzegpkvaclgtscxt,황병우,40892102,,,False
13,U2584716,1,김근수,지역구,"경북 상주시,군",경상북도 상주시·상주군,,,민주정의당,민주정의당,민주자유당,민주정의당,1988-05-30,1992-05-29,general,term_end,term_end,,term_start,,term_end,,,,,,,,1988.05.30 ~ 1992.05.29,"제13대 민주정의당 경북 상주시,군",nfzegpkvaclgtscxt,김근수 (1934년),40892102,,,False
13,U3E8106F,1,문준식,비례대표,전국구,,통일민주당,6,통일민주당,통일민주당,민주자유당,통일민주당,1988-05-30,1992-05-29,general,term_end,term_end,,term_start,,term_end,,,,,,,,1988.05.30 ~ 1992.05.29,제13대 통일민주당,nfzegpkvaclgtscxt,문준식,40892102,,,False
13,U629070R,1,고세진,지역구,제주 제주시,제주도 제주시,,,무소속,무소속,민주자유당,무소속,1988-05-30,1992-05-29,general,term_end,term_end,,term_start,,term_end,,,,,,,,1988.05.30 ~ 1992.05.29,제13대 무소속 제주 제주시,nfzegpkvaclgtscxt,고세진,40892102,,,False
13,UBR50068,1,정일영,지역구,충남 천안시,충청남도 천안시,,,신민주공화당,신민주공화당,민주자유당,신민주공화당,1988-05-30,1992-05-29,general,term_end,term_end,,term_start,,term_end,,,,,,,,1988.05.30 ~ 1992.05.29,제13대 신민주공화당 충남 천안시,nfzegpkvaclgtscxt,정일영 (1944년),40892102,,,False
13,UF42797P,1,백남치,지역구,서울 노원구갑,서울특별시 노원구 갑,,,통일민주당,통일민주당,민주자유당,통일민주당,1988-05-30,1992-05-29,general,term_end,term_end,,term_start,,term_end,,,,,,,,1988.05.30 ~ 1992.05.29,제13대 통일민주당 서울 노원구갑,nfzegpkvaclgtscxt,백남치,40892102,,,False
13,UJQ3780U,1,안병규,지역구,경남 진양,경상남도 진양군,,,민주정의당,민주정의당,민주자유당,민주정의당,1988-05-30,1992-05-29,general,term_end,term_end,,term_start,,term_end,,,,,,,,1988.05.30 ~ 1992.05.29,제13대 민주정의당 경남 진양,nfzegpkvaclgtscxt,안병규,40892102,,,False
13,UMW2528R,1,이동근,비례대표,전국구,,평화민주당,3,평화민주당,평화민주당,민주당,평화민주당,1988-05-30,1992-05-29,general,term_end,term_end,,term_start,,term_end,,,,,,,,1988.05.30 ~ 1992.05.29,제13대 평화민주당,nfzegpkvaclgtscxt,이동근 (1939년),40892102,,,False
13,UOQ61895,1,정호용,지역구,대구 서구갑,대구직할시 서구 갑,,,민주정의당,민주정의당,민주정의당,민주정의당,1988-05-30,1990-01-05,general,resigned,resigned_other,사퇴 / 의원직 사퇴,term_start,,confirmed,wikilist+wikiseat+nabill,,1990-01-05,,1990-01-05,1990-01-05,011468,1988.05.30 ~ 1990.01.05,제13대 민주정의당 대구 서구갑,nfzegpkvaclgtscxt,정호용,40892102,41819983,,False
13,UUT73651,1,정시봉,비례대표,전국구,,신민주공화당,2,신민주공화당,신민주공화당,민주자유당,신민주공화당,1988-05-30,1992-05-29,general,term_end,term_end,,term_start,,term_end,,,,,,,,1988.05.30 ~ 1992.05.29,제13대 신민주공화당,nfzegpkvaclgtscxt,정시봉,40892102,,,False
13,UWR1927I,1,김태식,지역구,전북 완주군,전라북도 완주군,,,평화민주당,평화민주당,민주당,평화민주당,1988-05-30,1992-05-29,general,term_end,term_end,,term_start,,term_end,,,,,,,,1988.05.30 ~ 1992.05.29,제13대 평화민주당 전북 완주군,nfzegpkvaclgtscxt,김태식 (정치인),40892102,41819983,,False
13,UWX81091,1,장영철,지역구,"경북 성주,칠곡군",경상북도 성주군·칠곡군,,,민주정의당,민주정의당,민주자유당,민주정의당,1988-05-30,1992-05-29,general,term_end,term_end,,term_start,,term_end,,,,,,,,1988.05.30 ~ 1992.05.29,"제13대 민주정의당 경북 성주,칠곡군",nfzegpkvaclgtscxt,장영철 (1936년),40892102,,,False
13,UY23844S,1,김일윤,지역구,경북 경주시,경상북도 경주시,,,민주정의당,민주정의당,민주자유당,민주정의당,1988-05-30,1992-05-29,general,term_end,term_end,,term_start,,term_end,,,,,,,,1988.05.30 ~ 1992.05.29,제13대 민주정의당 경북 경주시,nfzegpkvaclgtscxt,김일윤,40892102,,,False
13,VED53872,1,도영심,비례대표,전국구,,민주정의당,38,민주정의당,민주정의당,민주자유당,민주정의당,1988-05-30,1992-05-29,general,term_end,term_end,,term_start,,term_end,,,,,,,,1988.05.30 ~ 1992.05.29,제13대 민주정의당,nfzegpkvaclgtscxt,도영심,40892102,,,False
13,VFP5558B,1,정동성,지역구,경기 여주,경기도 여주군,,,민주정의당,민주정의당,민주자유당,민주정의당,1988-05-30,1992-05-29,general,term_end,term_end,,term_start,,term_end,,,,,,,,1988.05.30 ~ 1992.05.29,제13대 민주정의당 경기 여주,nfzegpkvaclgtscxt,정동성,40892102,,,False
13,VSK1291Z,1,서정화,지역구,"인천 중,동구",인천직할시 중구·동구,,,민주정의당,민주정의당,민주자유당,민주정의당,1988-05-30,1992-05-29,general,term_end,term_end,,term_start,,term_end,,,,,,,,1988.05.30 ~ 1992.05.29,"제13대 민주정의당 인천 중,동구",nfzegpkvaclgtscxt,서정화 (1939년),40892102,,,False
13,VU95307T,1,이택석,지역구,경기 고양,경기도 고양군,,,신민주공화당,신민주공화당,민주자유당,신민주공화당,1988-05-30,1992-05-29,general,term_end,term_end,,term_start,,term_end,,,,,,,,1988.05.30 ~ 1992.05.29,제13대 신민주공화당 경기 고양,nfzegpkvaclgtscxt,이택석,40892102,,,False
13,VYI2708Q,1,신기하,지역구,광주 동구,광주직할시 동구,,,평화민주당,평화민주당,민주당,평화민주당,1988-05-30,1992-05-29,general,term_end,term_end,,term_start,,term_end,,,,,,,,1988.05.30 ~ 1992.05.29,제13대 평화민주당 광주 동구,nfzegpkvaclgtscxt,신기하,40892102,,,False
13,W321567U,1,권헌성,비례대표,전국구,,통일민주당,8,통일민주당,통일민주당,무소속,통일민주당,1988-05-30,1992-05-29,general,term_end,term_end,,term_start,,term_end,,,,,,,,1988.05.30 ~ 1992.05.29,제13대 통일민주당,nfzegpkvaclgtscxt,권헌성,40892102,,,False
13,WFJ6020P,1,김덕룡,지역구,서울 서초구을,서울특별시 서초구 을,,,통일민주당,통일민주당,민주자유당,통일민주당,1988-05-30,1992-05-29,general,term_end,term_end,,term_start,,term_end,,,,,,,,1988.05.30 ~ 1992.05.29,제13대 통일민주당 서울특별시 서초구을,nfzegpkvaclgtscxt,김덕룡,40892102,,,False
13,WJK18305,1,이대엽,지역구,경기 성남시갑,경기도 성남시 갑,,,신민주공화당,신민주공화당,민주자유당,신민주공화당,1988-05-30,1992-05-29,general,term_end,term_end,,term_start,,term_end,,,,,,,,1988.05.30 ~ 1992.05.29,제13대 신민주공화당 경기 성남시갑,nfzegpkvaclgtscxt,이대엽,40892102,,,False
13,WMD2190C,1,이해구,지역구,경기 안성군,경기도 안성군,,,무소속,무소속,민주자유당,무소속,1988-05-30,1992-05-29,general,term_end,term_end,,term_start,,term_end,,,,,,,,1988.05.30 ~ 1992.05.29,제13대 무소속 경기 안성군,nfzegpkvaclgtscxt,이해구,40892102,,,False
13,WO81943O,1,유인학,지역구,전남 영암군,전라남도 영암군,,,평화민주당,평화민주당,민주당,평화민주당,1988-05-30,1992-05-29,general,term_end,term_end,,term_start,,term_end,,,,,,,,1988.05.30 ~ 1992.05.29,제13대 평화민주당 전남 영암군,nfzegpkvaclgtscxt,유인학,40892102,,,False
13,WOX9384I,1,박재규,지역구,"경남 진해,창원시",경상남도 진해시·의창군,,,통일민주당,통일민주당,민주자유당,통일민주당,1988-05-30,1992-03-10,general,disqualified,court_ruling_other_or_unspecified,의원직 상실 / 의원직 상실,term_start,,confirmed,wikilist+wikiseat,,1992-03-10,,1992-03-10,,,1988.05.30 ~ 1992.03.10,"제13대 통일민주당 경남 진해,창원시",nfzegpkvaclgtscxt,박재규 (1946년),40892102,41819983,manual check: Seat lost when the Supreme Court confirmed the conviction on 1992-03-10.,True
13,WPW4909K,1,이돈만,지역구,전남 광양,전라남도 광양군,,,평화민주당,평화민주당,통일국민당,평화민주당,1988-05-30,1992-05-29,general,term_end,term_end,,term_start,,term_end,,,,,,,,1988.05.30 ~ 1992.05.29,제13대 평화민주당 전남 광양,nfzegpkvaclgtscxt,이돈만,40892102,,,False
13,WRP6148P,1,최운지,지역구,대구 서구을,대구직할시 서구 을,,,민주정의당,민주정의당,민주자유당,민주정의당,1988-05-30,1992-05-29,general,term_end,term_end,,term_start,,term_end,,,,,,,,1988.05.30 ~ 1992.05.29,제13대 민주정의당 대구 서구을,nfzegpkvaclgtscxt,최운지,40892102,,,False
13,WV87958Z,1,김동주,지역구,경남 양산군,경상남도 양산군,,,통일민주당,통일민주당,무소속,통일민주당,1988-05-30,1992-02-26,general,resigned,resigned_other,의원직 사퇴 / 의원직 사퇴,term_start,,confirmed,wikilist+wikiseat,,1992-02-26,,1992-02-26,,,1988.05.30 ~ 1992.02.26,제13대 통일민주당 경남 양산군,nfzegpkvaclgtscxt,김동주 (1944년),40892102,41819983,,False
13,X2Z3358Y,1,박진구,지역구,경남 울산,경상남도 울주군,,,민주정의당,민주정의당,통일국민당,민주정의당,1988-05-30,1992-05-29,general,term_end,term_end,,term_start,,term_end,,,,,,,,1988.05.30 ~ 1992.05.29,제13대 민주정의당 경남 울산,nfzegpkvaclgtscxt,박진구,40892102,,,False
13,X6E1548T,1,김득수,지역구,전북 익산군,전라북도 익산군,,,평화민주당,평화민주당,신정치개혁당,평화민주당,1988-05-30,1992-05-29,general,term_end,term_end,,term_start,,term_end,,,,,,,,1988.05.30 ~ 1992.05.29,제13대 평화민주당 전북 익산군,nfzegpkvaclgtscxt,김득수 (1938년),40892102,,,False
13,XAB5157V,1,최형우,지역구,부산 동래구을,부산직할시 동래구 을,,,통일민주당,통일민주당,민주자유당,통일민주당,1988-05-30,1992-05-29,general,term_end,term_end,,term_start,,term_end,,,,,,,,1988.05.30 ~ 1992.05.29,제13대 통일민주당 부산 동래구을,nfzegpkvaclgtscxt,최형우 (정치인),40892102,,,False
13,XAT10663,1,홍기훈,지역구,"전남 곡성,화순군",전라남도 곡성군·화순군,,,평화민주당,평화민주당,민주당,평화민주당,1988-05-30,1992-05-29,general,term_end,term_end,,term_start,,term_end,,,,,,,,1988.05.30 ~ 1992.05.29,"제13대 평화민주당 전남 곡성,화순군",nfzegpkvaclgtscxt,홍기훈 (정치인),40892102,,,False
13,XF75222M,1,강보성,지역구,"제주 서귀포시,남제주군",제주도 서귀포시·남제주군,,,통일민주당,통일민주당,민주자유당,통일민주당,1988-05-30,1992-05-29,general,term_end,term_end,,term_start,,term_end,,,,,,,,1988.05.30 ~ 1992.05.29,"제13대 통일민주당 제주 서귀포시,남제주군",nfzegpkvaclgtscxt,강보성,40892102,,,False
13,XN15344S,1,김종기,비례대표,전국구,,민주정의당,15,민주정의당,민주정의당,민주자유당,민주정의당,1988-05-30,1992-05-29,general,term_end,term_end,,term_start,,term_end,,,,,,,,1988.05.30 ~ 1992.05.29,제13대 민주정의당,nfzegpkvaclgtscxt,김종기 (1941년),40892102,,,False
13,XVI10805,1,이희일,비례대표,전국구,,신민주공화당,4,신민주공화당,신민주공화당,민주자유당,신민주공화당,1988-05-30,1990-03-22,general,resigned,resigned_on_appointment,이희일 동력자원부 장관 임명으로 사퇴 권오석 승계 / 의원직 사퇴,term_start,,confirmed,nabill,,1990-03-21,,1990-03-21,1990-03-22,011507,1988.05.30 ~ 1990.03.22,제13대 신민주공화당,nfzegpkvaclgtscxt,이희일,40892102,41819983,,False
13,XWL4618B,1,이상하,비례대표,전국구,,민주정의당,26,민주정의당,민주정의당,민주자유당,민주정의당,1988-05-30,1992-05-29,general,term_end,term_end,,term_start,,term_end,,,,,,,,1988.05.30 ~ 1992.05.29,제13대 민주정의당,nfzegpkvaclgtscxt,이상하,40892102,,,False
13,Y0G24569,1,이승윤,지역구,인천 북구을,인천직할시 북구 을,,,민주정의당,민주정의당,민주자유당,민주정의당,1988-05-30,1992-05-29,general,term_end,term_end,,term_start,,term_end,,,,,,,,1988.05.30 ~ 1992.05.29,제13대 민주정의당 인천 북구을,nfzegpkvaclgtscxt,이승윤 (1931년),40892102,,,False
13,Y2W9921H,1,김영배,지역구,서울 양천구을,서울특별시 양천구 을,,,평화민주당,평화민주당,민주당,평화민주당,1988-05-30,1992-05-29,general,term_end,term_end,,term_start,,term_end,,,,,,,,1988.05.30 ~ 1992.05.29,제13대 평화민주당 서울 양천구을,nfzegpkvaclgtscxt,김영배 (1932년),40892102,41819983,,False
13,Y761049K,1,오용운,지역구,충북 청주시을,충청북도 청주시 을,,,신민주공화당,신민주공화당,민주자유당,신민주공화당,1988-05-30,1992-02-28,general,disqualified,court_ruling_other_or_unspecified,의원직 상실 / 의원직 상실,term_start,,confirmed,wikilist+wikiseat,,1992-02-28,,1992-02-28,,,1988.05.30 ~ 1992.02.28,제13대 신민주공화당 충북 청주시을,nfzegpkvaclgtscxt,오용운,40892102,41819983,manual check: Seat lost automatically when the Supreme Court confirmed the 수서 bribery conviction on 1992-02-28.,True
13,Y771224V,1,오한구,지역구,"경북 영양,봉화군",경상북도 영양군·봉화군,,,민주정의당,민주정의당,무소속,민주정의당,1988-05-30,1992-05-29,general,term_end,term_end,,term_start,,term_end,,,,,,,,1988.05.30 ~ 1992.05.29,"제13대 민주정의당 경북 영양,봉화군",nfzegpkvaclgtscxt,오한구,40892102,,,False
13,YFN1661H,1,김병용,지역구,경기 광명시,경기도 광명시,,,신민주공화당,신민주공화당,민주자유당,신민주공화당,1988-05-30,1992-05-29,general,term_end,term_end,,term_start,,term_end,,,,,,,,1988.05.30 ~ 1992.05.29,제13대 신민주공화당 경기 광명시,nfzegpkvaclgtscxt,김병용,40892102,,,False
13,YN365468,1,최상진,비례대표,전국구,,민주정의당,41,민주자유당,민주자유당,민주자유당,민주자유당,1991-01-03,1992-05-29,succession_pr,term_end,term_end,,api_later_than_wiki,wikilist=1990-12-28; wikiseat=1990-12-28,term_end,,1990-12-28,,1990-12-28,,,,1991.01.03 ~ 1992.05.29,제13대 민주자유당,nfzegpkvaclgtscxt,최상진 (정치인),40892102,41819983,,False
13,YP610287,1,황병태,지역구,서울 강남구갑,서울특별시 강남구 갑,,,통일민주당,통일민주당,민주자유당,통일민주당,1988-05-30,1992-05-29,general,term_end,term_end,,term_start,,term_end,,,,,,,,1988.05.30 ~ 1992.05.29,제13대 통일민주당 서울 강남구갑,nfzegpkvaclgtscxt,황병태,40892102,,,False
13,ZM57890S,1,이찬구,지역구,경기 성남시을,경기도 성남시 을,,,평화민주당,평화민주당,통일국민당,평화민주당,1988-05-30,1992-05-29,general,term_end,term_end,,term_start,,term_end,,,,,,,,1988.05.30 ~ 1992.05.29,제13대 평화민주당 경기 성남시을,nfzegpkvaclgtscxt,이찬구,40892102,,,False
13,ZQN31275,1,양성우,지역구,서울 양천구갑,서울특별시 양천구 갑,,,평화민주당,평화민주당,민주당,평화민주당,1988-05-30,1992-05-29,general,term_end,term_end,,term_start,,term_end,,,,,,,,1988.05.30 ~ 1992.05.29,제13대 평화민주당 서울 양천구갑,nfzegpkvaclgtscxt,양성우,40892102,,,False
14,04Z5194C,1,김인영,지역구,경기 수원시권선구갑,경기도 수원시 권선구 갑,,,민주자유당,민주자유당,신한국당,민주자유당,1992-05-30,1996-05-29,general,term_end,term_end,,term_start,,term_end,,,,,,,,1992.05.30 ~ 1996.05.29,제14대 민주자유당 경기 수원시권선구갑,nfzegpkvaclgtscxt,김인영 (1939년),40331547,41819802,,False
14,09G6971N,1,김충현,비례대표,전국구,,민주당,12,민주당,민주당1991,통합민주당,민주당,1992-05-30,1996-03-01,general,disqualified,pr_seat_lost_on_leaving_party,"장재식, 이우정, 나병선, 김충현, 박정훈, 김옥두, 남궁진 / 배기선 탈당으로 의원직 상실 / 최병욱, 장정곤, 김유진, 서호석, 장광근, 박명서, 한원석 / 김용덕 승계 / 의원직 상실",term_start,,confirmed,wikilist,,1996-03-01,,1996-03-02,,,1992.05.30 ~ 1996.03.01,제14대 민주당,nfzegpkvaclgtscxt,김충현 (1946년),40331547,41819802,,False
14,0EI5067Y,1,한광옥,지역구,서울 관악구갑,서울특별시 관악구 갑,,,민주당,민주당1991,새정치국민회의,민주당,1992-05-30,1996-05-29,general,term_end,term_end,,term_start,,term_end,,,,,,,,1992.05.30 ~ 1996.05.29,제14대 민주당 서울 관악구갑,nfzegpkvaclgtscxt,한광옥,40331547,,,False
14,0VC4391G,1,박경수,지역구,"강원 횡성,원주",강원도 횡성군·원주군,,,민주자유당,민주자유당,신한국당,민주자유당,1992-05-30,1996-05-29,general,term_end,term_end,,term_start,,term_end,,,,,,,,1992.05.30 ~ 1996.05.29,"제14대 민주자유당 강원 횡성,원주",nfzegpkvaclgtscxt,박경수 (1938년),40331547,,,False
14,0WP29701,1,김대중,비례대표,전국구,,민주당,1,민주당,민주당1991,민주당,민주당,1992-05-30,1993-01-06,general,resigned,resigned_other,김대중 정계 은퇴 남궁진 승계 / 의원직 사퇴,term_start,,confirmed,nabill,,1992-12-19,,1992-12-19,1993-01-06,012277,1992.05.30 ~ 1993.01.06,제14대 민주당,nfzegpkvaclgtscxt,김대중,40331547,41819802,"manual check: Wikipedia gives 1992-12-19, the day of the retirement announcement. The resignation was filed on 1992-12-21 and the Speaker accepted it on 1993-01-06 (NA bill 140172 and NA end date).",True
14,14C8747Q,1,노승우,지역구,서울 동대문구갑,서울특별시 동대문구 갑,,,민주자유당,민주자유당,신한국당,민주자유당,1992-05-30,1996-05-29,general,term_end,term_end,,term_start,,term_end,,,,,,,,1992.05.30 ~ 1996.05.29,제14대 민주자유당 서울 동대문구갑,nfzegpkvaclgtscxt,노승우,40331547,,,False
14,19211414,1,이웅희,지역구,경기 용인군,경기도 용인군,,,민주자유당,,,민주자유당,1992-05-30,1996-05-29,general,term_end,term_end,,term_start,,term_end,,,,,,,,1992.05.30 ~ 1996.05.29,제14대 민주자유당 경기 용인군,nfzegpkvaclgtscxt,이웅희 (1931년),40331547,,"Wikipedia party cell is blank, party_at_election taken from the NA 의원이력 record",False
14,1G96387U,1,조진형,지역구,인천 북구갑,인천직할시 북구 갑,,,무소속,무소속,신한국당,무소속,1992-05-30,1996-05-29,general,term_end,term_end,,term_start,,term_end,,,,,,,,1992.05.30 ~ 1996.05.29,제14대 무소속 인천 북구갑,nfzegpkvaclgtscxt,조진형,40331547,41819802,,False
14,1GW6444A,1,이우정,비례대표,전국구,,민주당,5,민주당,민주당1991,통합민주당,민주당,1992-05-30,1996-03-06,general,resigned,resigned_other,"장재식, 이우정, 나병선, 김충현, 박정훈, 김옥두, 남궁진 / 배기선 탈당으로 의원직 상실 / 최병욱, 장정곤, 김유진, 서호석, 장광근, 박명서, 한원석 / 김용덕 승계 / 의원직 상실",term_start,,confirmed,nabill,,1996-03-05,,1996-03-02,1996-03-06,013544,1992.05.30 ~ 1996.03.06,제14대 민주당,nfzegpkvaclgtscxt,이우정 (1923년),40331547,41819802,"Wikipedia gives exit pr_seat_lost_on_leaving_party, but NA bill 141439 (billId 013544) approved the resignation on 1996-03-06; manual check: The resignation was handed in on 1996-03-05, and the party exit is reported for 1996-03-05 or 1996-03-06. The NA bill 141439 approved the resignation on 1996-03-06, the NA end date, so the exit is coded as a resignation.",True
14,1KZ38436,1,강신옥,비례대표,전국구,,민주자유당,20,민주자유당,민주자유당,신한국당,민주자유당,1992-05-30,1996-03-21,general,disqualified,pr_seat_lost_on_leaving_party,"탈당으로 의원직 상실, 전국구 후보 부족으로 승계 불가 / 의원직 상실",term_start,,confirmed,wikilist+wikiseat,,1996-03-21,,1996-03-21,,,1992.05.30 ~ 1996.03.21,제14대 민주자유당,nfzegpkvaclgtscxt,강신옥,40331547,41819802,,False
14,1LA80851,1,박석무,지역구,전남 무안군,전라남도 무안군,,,민주당,민주당1991,통합민주당,민주당,1992-05-30,1996-05-29,general,term_end,term_end,,term_start,,term_end,,,,,,,,1992.05.30 ~ 1996.05.29,제14대 민주당 전남 무안군,nfzegpkvaclgtscxt,박석무,40331547,,,False
14,1O451032,1,박실,지역구,서울 동작구을,서울특별시 동작구 을,,,민주당,민주당1991,새정치국민회의,민주당,1992-05-30,1996-05-29,general,term_end,term_end,,term_start,,term_end,,,,,,,,1992.05.30 ~ 1996.05.29,제14대 민주당 서울 동작구을,nfzegpkvaclgtscxt,박실,40331547,,,False
14,1SD76539,1,박찬종,지역구,서울 서초구갑,서울특별시 서초구 갑,,,신정치개혁당,신정치개혁당,무소속,신정치개혁당,1992-05-30,1995-06-09,general,resigned,resigned_to_run_for_other_office,서울시장 출마로 사퇴 / 의원직 사퇴,term_start,,confirmed,wikilist+wikiseat+nabill,,1995-06-09,,1995-06-09,1995-06-09,013189,1992.05.30 ~ 1995.06.09,제14대 신정치개혁당 서울 서초구갑,nfzegpkvaclgtscxt,박찬종,40331547,41819802,,False
14,22236619,1,이수담,비례대표,전국구,,민주자유당,46,민주자유당,민주자유당,신한국당,민주자유당,1995-10-27,1996-03-22,succession_pr,disqualified,pr_seat_lost_on_leaving_party,"탈당으로 의원직 상실, 전국구 후보 부족으로 승계 불가",confirmed,wikiseat,confirmed,wikiseat,1995-10-26,,1995-10-27,1996-03-22,,,1995.10.27 ~ 1996.03.22,제14대 민주자유당,nfzegpkvaclgtscxt,이수담,40331547,41819802,,False
14,2CS7325Y,1,이민섭,지역구,"강원 춘천시양구,인제군",강원도 춘천군·양구군·인제군,,,민주자유당,민주자유당,신한국당,민주자유당,1992-05-30,1996-05-29,general,term_end,term_end,,term_start,,term_end,,,,,,,,1992.05.30 ~ 1996.05.29,"제14대 민주자유당 강원 춘천시양구,인제군",nfzegpkvaclgtscxt,이민섭,40331547,41819802,,False
14,2LX5217V,1,박계동,지역구,서울 강서구갑,서울특별시 강서구 갑,,,민주당,민주당1991,통합민주당,민주당,1992-05-30,1996-05-29,general,term_end,term_end,,term_start,,term_end,,,,,,,,1992.05.30 ~ 1996.05.29,제14대 민주당 서울 강서구갑,nfzegpkvaclgtscxt,박계동,40331547,,,False
14,2OK69779,1,류돈우,지역구,경북 안동군,경상북도 안동군,,,민주자유당,민주자유당,신한국당,민주자유당,1992-05-30,1996-05-29,general,term_end,term_end,,term_start,,term_end,,,,,,,,1992.05.30 ~ 1996.05.29,제14대 민주자유당 경북 안동군,nfzegpkvaclgtscxt,류돈우,40331547,,,False
14,2PC65130,1,배명국,지역구,"경남 진해,창원시",경상남도 진해시·창원군,,,민주자유당,민주자유당,자유민주연합,민주자유당,1992-05-30,1996-05-29,general,term_end,term_end,,term_start,,term_end,,,,,,,,1992.05.30 ~ 1996.05.29,"제14대 민주자유당 경남 진해,창원시",nfzegpkvaclgtscxt,배명국,40331547,,,False
14,2PO2218L,1,정균환,지역구,전북 고창군,전라북도 고창군,,,민주당,민주당1991,새정치국민회의,민주당,1992-05-30,1996-05-29,general,term_end,term_end,,term_start,,term_end,,,,,,,,1992.05.30 ~ 1996.05.29,제14대 민주당 전북 고창군,nfzegpkvaclgtscxt,정균환,40331547,,,False
14,2RN16870,1,최영한,비례대표,전국구,,통일국민당,5,통일국민당,통일국민당,신한국당,통일국민당,1992-05-30,1996-05-29,general,term_end,term_end,,term_start,,term_end,,,,,,,,1992.05.30 ~ 1996.05.29,제14대 통일국민당,nfzegpkvaclgtscxt,최불암,40331547,,,False
14,2XL9644Y,1,신상식,지역구,경남 밀양시밀양군,경상남도 밀양시·밀양군,,,민주자유당,민주자유당,신한국당,민주자유당,1992-05-30,1996-05-29,general,term_end,term_end,,term_start,,term_end,,,,,,,,1992.05.30 ~ 1996.05.29,제14대 민주자유당 경남 밀양시밀양군,nfzegpkvaclgtscxt,신상식,40331547,,,False
14,2XV6939Q,1,김말룡,비례대표,전국구,,민주당,19,민주당,민주당1991,통합민주당,민주당,1992-05-30,1996-05-29,general,term_end,term_end,,term_start,,term_end,,,,,,,,1992.05.30 ~ 1996.05.29,제14대 민주당,nfzegpkvaclgtscxt,김말룡,40331547,41819802,,False
14,2ZZ9356T,1,김채겸,지역구,경남 울산,경상남도 울산군,,,민주자유당,민주자유당,신한국당,민주자유당,1992-05-30,1996-05-29,general,term_end,term_end,,term_start,,term_end,,,,,,,,1992.05.30 ~ 1996.05.29,제14대 민주자유당 경남 울산,nfzegpkvaclgtscxt,김채겸,40331547,41819802,,False
14,31E2086R,1,장석화,지역구,서울 영등포구갑,서울특별시 영등포구 갑,,,민주당,민주당1991,새정치국민회의,민주당,1992-05-30,1996-05-29,general,term_end,term_end,,term_start,,term_end,,,,,,,,1992.05.30 ~ 1996.05.29,제14대 민주당 서울 영등포구갑,nfzegpkvaclgtscxt,장석화,40331547,,,False
14,3226963Z,1,김장곤,지역구,"전남 나주시,군",전라남도 나주시·나주군,,,민주당,민주당1991,새정치국민회의,민주당,1992-05-30,1996-05-29,general,term_end,term_end,,term_start,,term_end,,,,,,,,1992.05.30 ~ 1996.05.29,"제14대 민주당 전남 나주시,군",nfzegpkvaclgtscxt,김장곤,40331547,41819802,,False
14,3266583A,1,이호정,지역구,경기 수원시장안구,경기도 수원시 장안구,,,통일국민당,통일국민당,신한국당,통일국민당,1992-05-30,1996-05-29,general,term_end,term_end,,term_start,,term_end,,,,,,,,1992.05.30 ~ 1996.05.29,제14대 통일국민당 경기 수원시장안구,nfzegpkvaclgtscxt,이호정 (정치인),40331547,41819802,,False
14,33J43967,1,서상목,비례대표,전국구,,민주자유당,21,민주자유당,민주자유당,신한국당,민주자유당,1992-05-30,1996-05-29,general,term_end,term_end,,term_start,,term_end,,,,,,,,1992.05.30 ~ 1996.05.29,제14대 민주자유당,nfzegpkvaclgtscxt,서상목,40331547,,,False
14,34C34428,1,최병렬,비례대표,전국구,,민주자유당,10,민주자유당,민주자유당,민주자유당,민주자유당,1992-05-30,1994-11-02,general,resigned,resigned_on_appointment,최병렬 서울시장 임명으로 사퇴 김찬두 승계 / 의원직 사퇴,term_start,,confirmed,wikilist+wikiseat,,1994-11-02,,1994-11-02,,,1992.05.30 ~ 1994.11.02,제14대 민주자유당,nfzegpkvaclgtscxt,최병렬 (정치인),40331547,41819802,,False
14,35I30124,1,강삼재,지역구,경남 마산시회원구,경상남도 마산시 회원구,,,민주자유당,민주자유당,신한국당,민주자유당,1992-05-30,1996-05-29,general,term_end,term_end,,term_start,,term_end,,,,,,,,1992.05.30 ~ 1996.05.29,제14대 민주자유당 경남 마산시회원구,nfzegpkvaclgtscxt,강삼재,40331547,,,False
14,3IY62278,1,이원조,비례대표,전국구,,민주자유당,9,민주자유당,민주자유당,민주자유당,민주자유당,1992-05-30,1993-05-29,general,resigned,resigned_other,이원조 사퇴 이재명 승계 / 의원직 사퇴 / 議長許可: 1993.5.29,term_start,,confirmed,wikilist+wikiseat+nabill,,1993-05-29,,1993-05-29,1993-05-29,012366,1992.05.30 ~ 1993.05.29,제14대 민주자유당,nfzegpkvaclgtscxt,이원조 (1933년),40331547,41819802,,False
14,3LG47911,1,허삼수,지역구,부산 동구,부산직할시 동구,,,민주자유당,민주자유당,무소속,민주자유당,1992-05-30,1996-05-29,general,term_end,term_end,,term_start,,term_end,,,,,,,,1992.05.30 ~ 1996.05.29,제14대 민주자유당 부산 동구,nfzegpkvaclgtscxt,허삼수,40331547,,,False
14,3QR9592J,1,강용식,비례대표,전국구,,민주자유당,17,민주자유당,민주자유당,신한국당,민주자유당,1992-05-30,1996-05-29,general,term_end,term_end,,term_start,,term_end,,,,,,,,1992.05.30 ~ 1996.05.29,제14대 민주자유당,nfzegpkvaclgtscxt,강용식,40331547,41819802,,False
14,3VF81352,1,구천서,비례대표,전국구,,민주자유당,33,민주자유당,민주자유당,신한국당,민주자유당,1992-05-30,1995-10-31,general,disqualified,pr_seat_lost_on_leaving_party,구천서 탈당으로 의원직 상실 배길랑 승계 / 의원직 상실,term_start,,confirmed,wikilist+wikiseat,,1995-10-31,,1995-10-31,,,1992.05.30 ~ 1995.10.31,제14대 민주자유당,nfzegpkvaclgtscxt,구천서 (정치인),40331547,41819802,,False
14,3W52243S,1,장경우,지역구,경기 안산시옹진,경기도 안산시·옹진군,,,민주자유당,민주자유당,민주당,민주자유당,1992-05-30,1995-06-10,general,resigned,resigned_to_run_for_other_office,경기지사 출마로 사퇴 / 의원직 사퇴,term_start,,confirmed,wikilist+nabill,,1995-06-10,,1995-06-09,1995-06-10,013190,1992.05.30 ~ 1995.06.10,제14대 민주자유당 경기 안산시옹진,nfzegpkvaclgtscxt,장경우,40331547,41819802,,False
14,4ML1121C,1,이학원,지역구,경북 울진군,경상북도 울진군,,,통일국민당,통일국민당,자유민주연합,통일국민당,1992-05-30,1996-05-29,general,term_end,term_end,,term_start,,term_end,,,,,,,,1992.05.30 ~ 1996.05.29,제14대 통일국민당 경북 울진군,nfzegpkvaclgtscxt,이학원,40331547,41819802,,False
14,4MX3134T,1,김형오,지역구,부산 영도구,부산직할시 영도구,,,민주자유당,민주자유당,신한국당,민주자유당,1992-05-30,1996-05-29,general,term_end,term_end,,term_start,,term_end,,,,,,,,1992.05.30 ~ 1996.05.29,제14대 민주자유당 부산광역시 영도구,nfzegpkvaclgtscxt,김형오,40331547,,,False
14,4RF2451S,1,김원기,지역구,전북 정주시정읍군,전라북도 정주시·정읍군,,,민주당,민주당1991,통합민주당,민주당,1992-05-30,1996-05-29,general,term_end,term_end,,term_start,,term_end,,,,,,,,1992.05.30 ~ 1996.05.29,제14대 민주당 전북 정주시정읍군,nfzegpkvaclgtscxt,김원기 (1937년),40331547,41819802,,False
14,4Y54669I,1,서청원,지역구,서울 동작구갑,서울특별시 동작구 갑,,,민주자유당,민주자유당,신한국당,민주자유당,1992-05-30,1996-05-29,general,term_end,term_end,,term_start,,term_end,,,,,,,,1992.05.30 ~ 1996.05.29,제14대 민주자유당 서울 동작구갑,nfzegpkvaclgtscxt,서청원,40331547,,,False
14,5637263F,1,신상우,지역구,부산 북구을,부산직할시 북구 을,,,민주자유당,민주자유당,신한국당,민주자유당,1992-05-30,1996-05-29,general,term_end,term_end,,term_start,,term_end,,,,,,,,1992.05.30 ~ 1996.05.29,제14대 민주자유당 부산 북구을,nfzegpkvaclgtscxt,신상우 (정치인),40331547,,,False
14,5BM4796J,1,김현배,비례대표,전국구,,민주자유당,49,민주자유당,민주자유당,신한국당,신한국당,1996-02-29,1996-05-29,succession_pr,term_end,term_end,,api_later_than_wiki,wikilist=1996-02-23; wikiseat=1996-02-23,term_end,,1996-02-23,,1996-02-23,,,,1996.02.29 ~ 1996.05.29,제14대 신한국당,nfzegpkvaclgtscxt,김현배 (정치인),40331547,41819802,,False
14,5MH6946W,1,양창식,지역구,"전북 남원시,군",전라북도 남원시·남원군,,,민주자유당,민주자유당,신한국당,민주자유당,1992-05-30,1996-05-29,general,term_end,term_end,,term_start,,term_end,,,,,,,,1992.05.30 ~ 1996.05.29,"제14대 민주자유당 전북 남원시,군",nfzegpkvaclgtscxt,양창식,40331547,,,False
14,5OE21654,1,손세일,지역구,서울 은평구갑,서울특별시 은평구 갑,,,민주당,민주당1991,새정치국민회의,민주당,1992-05-30,1996-05-29,general,term_end,term_end,,term_start,,term_end,,,,,,,,1992.05.30 ~ 1996.05.29,제14대 민주당 서울 은평구갑,nfzegpkvaclgtscxt,손세일,40331547,,,False
14,5UR59361,1,노인도,비례대표,전국구,,민주자유당,32,민주자유당,민주자유당,신한국당,민주자유당,1992-05-30,1996-05-29,general,term_end,term_end,,term_start,,term_end,,,,,,,,1992.05.30 ~ 1996.05.29,제14대 민주자유당,nfzegpkvaclgtscxt,노인도,40331547,,,False
14,5VB5225I,1,곽영달,비례대표,전국구,,민주자유당,24,민주자유당,민주자유당,신한국당,민주자유당,1992-05-30,1996-05-29,general,term_end,term_end,,term_start,,term_end,,,,,,,,1992.05.30 ~ 1996.05.29,제14대 민주자유당,nfzegpkvaclgtscxt,곽영달,40331547,,,False
14,5YX7831C,1,정몽준,지역구,경남 울산시동구,경상남도 울산시 동구,,,통일국민당,통일국민당,무소속,통일국민당,1992-05-30,1996-05-29,general,term_end,term_end,,term_start,,term_end,,,,,,,,1992.05.30 ~ 1996.05.29,제14대 통일국민당 경남 울산시동구,nfzegpkvaclgtscxt,정몽준,40331547,,,False
14,62Z4390J,1,이상두,지역구,경북 경주시,경상북도 경주시,,,민주당,민주당1991,자유민주연합,민주당,1994-08-03,1996-05-29,by_election,term_end,term_end,,confirmed_pollday_plus1,wikilist=1994-08-02; wikiseat=1994-08-02,term_end,,1994-08-02,,1994-08-02,,,,1994.08.03 ~ 1996.05.29,제14대 민주당 경북 경주시,nfzegpkvaclgtscxt,이상두,40331547,41819802,,False
14,6545933G,1,나웅배,지역구,서울 영등포구을,서울특별시 영등포구 을,,,민주자유당,민주자유당,신한국당,민주자유당,1992-05-30,1996-05-29,general,term_end,term_end,,term_start,,term_end,,,,,,,,1992.05.30 ~ 1996.05.29,제14대 민주자유당 서울 영등포구을,nfzegpkvaclgtscxt,나웅배,40331547,,,False
14,6DG91769,1,원혜영,지역구,경기 부천시중구을,경기도 부천시 중구 을,,,민주당,민주당1991,통합민주당,민주당,1992-05-30,1996-05-29,general,term_end,term_end,,term_start,,term_end,,,,,,,,1992.05.30 ~ 1996.05.29,제14대 민주당 경기 부천시중구을,nfzegpkvaclgtscxt,원혜영,40331547,,,False
14,6HH9411V,1,현경자,지역구,대구 수성구갑,대구직할시 수성구 갑,,,신민당,신민당1994,자유민주연합,신민당,1994-08-03,1996-05-29,by_election,term_end,term_end,,confirmed_pollday_plus1,wikilist=1994-08-02; wikiseat=1994-08-02,term_end,,1994-08-02,,1994-08-02,,,,1994.08.03 ~ 1996.05.29,제14대 신민당 대구 수성구갑,nfzegpkvaclgtscxt,현경자,40331547,41819802,,False
14,6LQ1789H,1,김기배,지역구,서울 구로구갑,서울특별시 구로구 갑,,,민주자유당,민주자유당,신한국당,민주자유당,1992-05-30,1996-05-29,general,term_end,term_end,,term_start,,term_end,,,,,,,,1992.05.30 ~ 1996.05.29,제14대 민주자유당 서울 구로구갑,nfzegpkvaclgtscxt,김기배,40331547,41819802,,False
14,6NH4187G,1,차화준,지역구,경남 울산시중구,경상남도 울산시 중구,,,통일국민당,통일국민당,신한국당,통일국민당,1992-05-30,1996-05-29,general,term_end,term_end,,term_start,,term_end,,,,,,,,1992.05.30 ~ 1996.05.29,제14대 통일국민당 경남 울산시중구,nfzegpkvaclgtscxt,차화준 (1935년),40331547,,,False
14,6QF80715,1,박규식,지역구,경기 부천시남구,경기도 부천시 남구,,,민주당,민주당1991,자유민주연합,민주당,1992-05-30,1996-05-29,general,term_end,term_end,,term_start,,term_end,,,,,,,,1992.05.30 ~ 1996.05.29,제14대 민주당 경기 부천시남구,nfzegpkvaclgtscxt,박규식 (정치인),40331547,41819802,,False
14,6QR2160X,1,정순덕,지역구,경남 충무시통영군고성군,경상남도 충무시·통영군·고성군,,,민주자유당,민주자유당,신한국당,민주자유당,1992-05-30,1996-05-29,general,term_end,term_end,,term_start,,term_end,,,,,,,,1992.05.30 ~ 1996.05.29,제14대 민주자유당 경남 충무시통영군고성군,nfzegpkvaclgtscxt,정순덕 (1935년),40331547,41819802,,False
14,6VW96635,1,신순범,지역구,전남 여천시여천군,전라남도 여천시·여천군,,,민주당,민주당1991,새정치국민회의,민주당,1992-05-30,1996-05-29,general,term_end,term_end,,term_start,,term_end,,,,,,,,1992.05.30 ~ 1996.05.29,제14대 민주당 전남 여천시여천군,nfzegpkvaclgtscxt,신순범,40331547,,,False
14,6YB3013O,1,박우병,지역구,강원 정선군,강원도 정선군,,,민주자유당,민주자유당,신한국당,민주자유당,1992-05-30,1996-05-29,general,term_end,term_end,,term_start,,term_end,,,,,,,,1992.05.30 ~ 1996.05.29,제14대 민주자유당 강원 정선군,nfzegpkvaclgtscxt,박우병,40331547,,,False
14,6Z125924,1,송두호,지역구,부산 강서구,부산직할시 강서구,,,민주자유당,민주자유당,신한국당,민주자유당,1992-05-30,1996-05-29,general,term_end,term_end,,term_start,,term_end,,,,,,,,1992.05.30 ~ 1996.05.29,제14대 민주자유당 부산 강서구,nfzegpkvaclgtscxt,송두호,40331547,,,False
14,70X11962,1,박헌기,지역구,경북 영천시,경상북도 영천시·영천군,,,무소속,무소속,신한국당,무소속,1992-05-30,1996-05-29,general,term_end,term_end,,term_start,,term_end,,,,,,,,1992.05.30 ~ 1996.05.29,제14대 무소속 경북 영천시,nfzegpkvaclgtscxt,박헌기,40331547,,,False
14,7BN8997H,1,김영진,비례대표,전국구,,민주자유당,19,민주자유당,민주자유당,신한국당,민주자유당,1992-05-30,1996-05-29,general,term_end,term_end,,term_start,,term_end,,,,,,,,1992.05.30 ~ 1996.05.29,제14대 민주자유당,nfzegpkvaclgtscxt,김영진 (1939년),40331547,41819802,,False
14,7BR2274A,1,황낙주,지역구,경남 창원시을,경상남도 창원시 을,,,민주자유당,민주자유당,신한국당,민주자유당,1992-05-30,1996-05-29,general,term_end,term_end,,term_start,,term_end,,,,,,,,1992.05.30 ~ 1996.05.29,제14대 민주자유당 경남 창원시을,nfzegpkvaclgtscxt,황낙주,40331547,,,False
14,7GJ2564V,1,최락도,지역구,전북 김제시김제군,전라북도 김제시·김제군,,,민주당,민주당1991,무소속,민주당,1992-05-30,1996-05-29,general,term_end,term_end,,term_start,,term_end,,,,,,,,1992.05.30 ~ 1996.05.29,제14대 민주당 전북 김제시김제군,nfzegpkvaclgtscxt,최락도,40331547,,,False
14,7Q05452E,1,이기택,비례대표,전국구,,민주당,2,민주당,민주당1991,통합민주당,민주당,1992-05-30,1996-05-29,general,term_end,term_end,,term_start,,term_end,,,,,,,,1992.05.30 ~ 1996.05.29,제14대 민주당,nfzegpkvaclgtscxt,이기택,40331547,,,False
14,7TC9730R,1,최상용,비례대표,전국구,,민주자유당,29,민주자유당,민주자유당,신한국당,민주자유당,1992-05-30,1996-02-08,general,disqualified,pr_seat_lost_on_leaving_party,최상용 탈당으로 의원직 상실 김정숙 승계 / 의원직 상실,term_start,,confirmed,wikilist+wikiseat,,1996-02-08,,1996-02-08,,,1992.05.30 ~ 1996.02.08,제14대 민주자유당,nfzegpkvaclgtscxt,최상용,40331547,41819802,,False
14,7TU84910,1,한화갑,지역구,전남 신안군,전라남도 신안군,,,민주당,민주당1991,새정치국민회의,민주당,1992-05-30,1996-05-29,general,term_end,term_end,,term_start,,term_end,,,,,,,,1992.05.30 ~ 1996.05.29,제14대 민주당 전남 신안군,nfzegpkvaclgtscxt,한화갑,40331547,,,False
14,7XO6069V,1,김영수,비례대표,전국구,,민주자유당,18,민주자유당,민주자유당,민주자유당,민주자유당,1992-05-30,1993-02-27,general,resigned,resigned_on_appointment,김영수 청와대 민정수석 임명으로 사퇴 유성환 승계 / 의원직 사퇴,term_start,,confirmed,wikilist+wikiseat+nabill,,1993-02-27,,1993-02-27,1993-02-27,012320,1992.05.30 ~ 1993.02.27,제14대 민주자유당,nfzegpkvaclgtscxt,김영수 (1942년),40331547,41819802,,False
14,7YV42587,1,김사성,비례대표,전국구,,민주자유당,42,민주자유당,민주자유당,신한국당,민주자유당,1995-02-15,1996-05-29,succession_pr,term_end,term_end,,api_later_than_wiki,wikilist=1995-02-09; wikiseat=1995-02-09,term_end,,1995-02-09,,1995-02-09,,,,1995.02.15 ~ 1996.05.29,제14대 민주자유당,nfzegpkvaclgtscxt,김사성,40331547,41819802,,False
14,85U15859,1,강경식,지역구,부산 동래구갑,부산직할시 동래구 갑,,,민주자유당,민주자유당,신한국당,민주자유당,1993-04-24,1996-05-29,by_election,term_end,term_end,,confirmed_pollday_plus1,wikilist=1993-04-23; wikiseat=1993-04-23,term_end,,1993-04-23,,1993-04-23,,,,1993.04.24 ~ 1996.05.29,제14대 민주자유당 부산 동래구갑,nfzegpkvaclgtscxt,강경식 (1936년),40331547,41819802,,False
14,8BF5855P,1,박지원,비례대표,전국구,,민주당,21,민주당,민주당1991,민주당,민주당,1992-05-30,1995-08-30,general,resigned,resigned_other,박지원 탈당으로 의원직 상실 배기선 승계 / 의원직 사퇴,term_start,,confirmed,wikilist+nabill,,1995-08-30,,1995-08-31,1995-08-30,013235,1992.05.30 ~ 1995.08.30,제14대 민주당,nexgtxtmaamffofof,박지원 (1942년),40331547,41819802,"Wikipedia gives exit pr_seat_lost_on_leaving_party, but NA bill 141130 (billId 013235) approved the resignation on 1995-08-30; manual check: The resignation was handed to the Speaker on 1995-08-30 and the exit from 민주당 followed the same day. The NA bill 141130 approved it on 1995-08-30. The Wikipedia seat table calls it a loss of seat on leaving the party.",True
14,8DK5346K,1,허경만,지역구,전남 순천시,전라남도 순천시,,,민주당,민주당1991,민주당,민주당,1992-05-30,1995-06-07,general,resigned,resigned_to_run_for_other_office,전남지사 출마로 사퇴 / 의원직 사퇴,term_start,,confirmed,wikilist+wikiseat+nabill,,1995-06-07,,1995-06-07,1995-06-07,013187,1992.05.30 ~ 1995.06.07,제14대 민주당 전남 순천시,nfzegpkvaclgtscxt,허경만,40331547,41819802,,False
14,8OR4908W,1,정석모,비례대표,전국구,,민주자유당,7,민주자유당,민주자유당,민주자유당,민주자유당,1992-05-30,1995-02-09,general,disqualified,pr_seat_lost_on_leaving_party,정석모 탈당으로 의원직 상실 김사성 승계 / 의원직 상실,term_start,,confirmed,wikilist+wikiseat,,1995-02-09,,1995-02-09,,,1992.05.30 ~ 1995.02.09,제14대 민주자유당,nfzegpkvaclgtscxt,정석모,40331547,41819802,,False
14,8U25041C,1,송영진,지역구,충남 당진군,충청남도 당진군,,,통일국민당,통일국민당,신한국당,통일국민당,1992-05-30,1996-05-29,general,term_end,term_end,,term_start,,term_end,,,,,,,,1992.05.30 ~ 1996.05.29,제14대 통일국민당 충남 당진군,nfzegpkvaclgtscxt,송영진 (정치인),40331547,,,False
14,8YU2963V,1,장준익,비례대표,전국구,,민주당,9,민주당,민주당1991,통합민주당,민주당,1992-05-30,1996-03-13,general,disqualified,pr_seat_lost_on_leaving_party,장준익 탈당으로 의원직 상실 정양숙 승계 / 의원직 상실,term_start,,confirmed,wikilist+wikiseat,,1996-03-13,,1996-03-13,,,1992.05.30 ~ 1996.03.13,제14대 민주당,nfzegpkvaclgtscxt,장준익,40331547,41819802,,False
14,90N3565W,1,정태영,지역구,충남 금산군,충청남도 금산군,,,통일국민당,통일국민당,자유민주연합,통일국민당,1992-05-30,1996-05-29,general,term_end,term_end,,term_start,,term_end,,,,,,,,1992.05.30 ~ 1996.05.29,제14대 통일국민당 충남 금산군,nfzegpkvaclgtscxt,정태영 (1932년),40331547,41819802,,False
14,90U66631,1,김문기,지역구,강원 명주군양양군,강원도 명주군·양양군,,,민주자유당,민주자유당,민주자유당,민주자유당,1992-05-30,1993-03-31,general,resigned,resigned_other,공직자 재산공개 파동으로 사퇴 / 의원직 사퇴,term_start,,confirmed,wikilist+nabill,,1993-03-31,,1993-03-30,1993-03-31,012325,1992.05.30 ~ 1993.03.31,제14대 민주자유당 강원 명주군양양군,nfzegpkvaclgtscxt,김문기 (1932년),40331547,41819802,,False
14,95S94954,1,최재욱,지역구,대구 달서구을,대구직할시 달서구 을,,,민주자유당,민주자유당,자유민주연합,민주자유당,1992-05-30,1996-05-29,general,term_end,term_end,,term_start,,term_end,,,,,,,,1992.05.30 ~ 1996.05.29,제14대 민주자유당 대구 달서구을,nfzegpkvaclgtscxt,최재욱 (정치인),40331547,41819802,,False
14,96J8998B,1,박종웅,지역구,부산 사하구,부산직할시 사하구,,,민주자유당,민주자유당,신한국당,민주자유당,1993-04-24,1996-05-29,by_election,term_end,term_end,,confirmed_pollday_plus1,wikilist=1993-04-23; wikiseat=1993-04-23,term_end,,1993-04-23,,1993-04-23,,,,1993.04.24 ~ 1996.05.29,제14대 민주자유당 부산 사하구,nfzegpkvaclgtscxt,박종웅,40331547,41819802,,False
14,9ER1261U,1,김찬두,비례대표,전국구,,민주자유당,41,민주자유당,민주자유당,신한국당,민주자유당,1994-11-04,1996-05-29,succession_pr,term_end,term_end,,verified_manual,"api=1994-11-04; chosen=1994-11-04; NA date confirmed. Wikipedia gives 1994-11-02, the day 최병렬 left the seat. The NEC confirmed the succession on 1994-11-04.",term_end,,1994-11-02,,1994-11-02,,,,1994.11.04 ~ 1996.05.29,제14대 민주자유당,nfzegpkvaclgtscxt,김찬두,40331547,41819802,,True
14,9M82905T,1,이순재,지역구,서울 중랑구갑,서울특별시 중랑구 갑,,,민주자유당,민주자유당,신한국당,민주자유당,1992-05-30,1996-05-29,general,term_end,term_end,,term_start,,term_end,,,,,,,,1992.05.30 ~ 1996.05.29,제14대 민주자유당 서울 중랑구갑,nfzegpkvaclgtscxt,이순재,40331547,41819802,,False
14,9TG26303,1,유수호,지역구,대구 중구,대구직할시 중구,,,민주자유당,민주자유당,자유민주연합,민주자유당,1992-05-30,1996-05-29,general,term_end,term_end,,term_start,,term_end,,,,,,,,1992.05.30 ~ 1996.05.29,제14대 민주자유당 대구 중구,nfzegpkvaclgtscxt,유수호 (정치인),40331547,41819802,,False
14,9U97658K,1,홍영기,지역구,"전북 임실군,순창군",전라북도 임실군·순창군,,,민주당,민주당1991,통합민주당,민주당,1992-05-30,1996-05-29,general,term_end,term_end,,term_start,,term_end,,,,,,,,1992.05.30 ~ 1996.05.29,"제14대 민주당 전북 임실군,순창군",nfzegpkvaclgtscxt,홍영기 (1918년),40331547,,,False
14,9X386624,1,이철,지역구,서울 성북구갑,서울특별시 성북구 갑,,,민주당,민주당1991,통합민주당,민주당,1992-05-30,1996-05-29,general,term_end,term_end,,term_start,,term_end,,,,,,,,1992.05.30 ~ 1996.05.29,제14대 민주당 서울 성북구갑,nfzegpkvaclgtscxt,이철 (1948년),40331547,,,False
14,9YE7981O,1,김해석,지역구,대구 남구,대구직할시 남구,,,통일국민당,통일국민당,신한국당,통일국민당,1992-05-30,1996-05-29,general,term_end,term_end,,term_start,,term_end,,,,,,,,1992.05.30 ~ 1996.05.29,제14대 통일국민당 대구 남구,nfzegpkvaclgtscxt,김해석,40331547,,,False
14,9ZP9014Q,1,이해찬,지역구,서울 관악구을,서울특별시 관악구 을,,,민주당,민주당1991,민주당,민주당,1992-05-30,1995-06-30,general,resigned,resigned_on_appointment,서울부시장 지명으로 사퇴 / 의원직 사퇴,term_start,,confirmed,wikilist+wikiseat+nabill,,1995-06-30,,1995-06-30,1995-06-30,013197,1992.05.30 ~ 1995.06.30,제14대 민주당 서울특별시 관악구을,nfzegpkvaclgtscxt,이해찬,40331547,41819802,,False
14,A1819526,1,김정수,지역구,부산 부산진구을,부산직할시 부산진구 을,,,민주자유당,민주자유당,신한국당,민주자유당,1992-05-30,1996-05-29,general,term_end,term_end,,term_start,,term_end,,,,,,,,1992.05.30 ~ 1996.05.29,제14대 민주자유당 부산 부산진구을,nfzegpkvaclgtscxt,김정수 (1937년),40331547,41819802,,False
14,A5H1527Z,1,박은태,비례대표,전국구,,민주당,17,민주당,민주당1991,통합민주당,민주당,1992-05-30,1996-05-29,general,term_end,term_end,,term_start,,term_end,,,,,,,,1992.05.30 ~ 1996.05.29,제14대 민주당,nfzegpkvaclgtscxt,박은태 (1938년),40331547,41819802,,False
14,A5I4284G,1,이자헌,지역구,경기 평택군,경기도 평택군,,,민주자유당,민주자유당,신한국당,민주자유당,1992-05-30,1996-05-29,general,term_end,term_end,,term_start,,term_end,,,,,,,,1992.05.30 ~ 1996.05.29,제14대 민주자유당 경기 평택군,nfzegpkvaclgtscxt,이자헌,40331547,41819802,,False
14,A7A9213B,1,박명서,비례대표,전국구,,민주당,36,통합민주당,통합민주당1995,통합민주당,민주당,1996-03-08,1996-05-29,succession_pr,term_end,term_end,,api_later_than_wiki,wikilist=1996-03-04; wikiseat=1996-03-02,term_end,,1996-03-04,,1996-03-02,,,,1996.03.08 ~ 1996.05.29,제14대 민주당,nfzegpkvaclgtscxt,박명서 (1938년),40331547,41819802,,False
14,A7F2172M,1,김동근,비례대표,전국구,,민주자유당,28,민주자유당,민주자유당,신한국당,민주자유당,1992-05-30,1996-05-29,general,term_end,term_end,,term_start,,term_end,,,,,,,,1992.05.30 ~ 1996.05.29,제14대 민주자유당,nfzegpkvaclgtscxt,김동근 (1930년),40331547,,,False
14,ACK5474A,1,박주천,지역구,서울 마포구을,서울특별시 마포구 을,,,민주자유당,민주자유당,신한국당,민주자유당,1992-05-30,1996-05-29,general,term_end,term_end,,term_start,,term_end,,,,,,,,1992.05.30 ~ 1996.05.29,제14대 민주자유당 서울 마포구을,nfzegpkvaclgtscxt,박주천,40331547,,,False
14,ACT1860R,1,조세형,지역구,서울 성동구을,서울특별시 성동구 을,,,민주당,민주당1991,새정치국민회의,민주당,1992-05-30,1996-05-29,general,term_end,term_end,,term_start,,term_end,,,,,,,,1992.05.30 ~ 1996.05.29,제14대 민주당 서울 성동구을,nfzegpkvaclgtscxt,조세형 (1931년),40331547,41819802,,False
14,AE923641,1,김용태,지역구,대구 북구,대구직할시 북구,,,민주자유당,민주자유당,신한국당,민주자유당,1992-05-30,1996-05-29,general,term_end,term_end,,term_start,,term_end,,,,,,,,1992.05.30 ~ 1996.05.29,제14대 민주자유당 대구 북구,nfzegpkvaclgtscxt,김용태 (1936년),40331547,41819802,,False
14,AKT34997,1,장정곤,비례대표,전국구,,민주당,26,통합민주당,통합민주당1995,통합민주당,민주당,1996-03-08,1996-05-29,succession_pr,term_end,term_end,,api_later_than_wiki,wikilist=1996-03-01; wikiseat=1996-03-02,term_end,,1996-03-01,,1996-03-02,,,,1996.03.08 ~ 1996.05.29,제14대 민주당,nfzegpkvaclgtscxt,장정곤,40331547,41819802,,False
14,AKX56559,1,조일현,지역구,강원 홍천군,강원도 홍천군,,,통일국민당,통일국민당,자유민주연합,통일국민당,1992-05-30,1996-05-29,general,term_end,term_end,,term_start,,term_end,,,,,,,,1992.05.30 ~ 1996.05.29,제14대 통일국민당 강원 홍천군,nfzegpkvaclgtscxt,조일현,40331547,,,False
14,ALJ2881B,1,정동호,지역구,"경남 의령,함안군",경상남도 의령군·함안군,,,민주자유당,민주자유당,무소속,민주자유당,1992-05-30,1996-05-29,general,term_end,term_end,,term_start,,term_end,,,,,,,,1992.05.30 ~ 1996.05.29,"제14대 민주자유당 경남 의령,함안군",nfzegpkvaclgtscxt,정동호 (1936년),40331547,,,False
14,ALM3369J,1,신재기,지역구,경남 창녕군,경상남도 창녕군,,,민주자유당,민주자유당,신한국당,민주자유당,1992-05-30,1996-05-29,general,term_end,term_end,,term_start,,term_end,,,,,,,,1992.05.30 ~ 1996.05.29,제14대 민주자유당 경남 창녕군,nfzegpkvaclgtscxt,신재기,40331547,,,False
14,AZD9831F,1,제정구,지역구,"경기 시흥,군포시",경기도 시흥시·군포시,,,민주당,민주당1991,통합민주당,민주당,1992-05-30,1996-05-29,general,term_end,term_end,,term_start,,term_end,,,,,,,,1992.05.30 ~ 1996.05.29,"제14대 민주당 경기 시흥,군포시",nfzegpkvaclgtscxt,제정구,40331547,,,False
14,B3A7296S,1,김중위,지역구,서울 강동구을,서울특별시 강동구 을,,,민주자유당,민주자유당,신한국당,민주자유당,1992-05-30,1996-05-29,general,term_end,term_end,,term_start,,term_end,,,,,,,,1992.05.30 ~ 1996.05.29,제14대 민주자유당 서울 강동구을,nfzegpkvaclgtscxt,김중위,40331547,41819802,,False
14,BCO6264C,1,김영진,지역구,"전남 강진,완도군",전라남도 강진군·완도군,,,민주당,민주당1991,새정치국민회의,민주당,1992-05-30,1996-05-29,general,term_end,term_end,,term_start,,term_end,,,,,,,,1992.05.30 ~ 1996.05.29,"제14대 민주당 전남 강진,완도군",nfzegpkvaclgtscxt,김영진 (1947년),40331547,41819802,,False
14,BEP5053G,1,황인성,지역구,"전북 진안,무주,장수",전라북도 진안군·무주군·장수군,,,민주자유당,민주자유당,신한국당,민주자유당,1992-05-30,1996-05-29,general,term_end,term_end,,term_start,,term_end,,,,,,,,1992.05.30 ~ 1996.05.29,"제14대 민주자유당 전북 진안,무주,장수",nfzegpkvaclgtscxt,황인성 (1926년),40331547,,,False
14,BIY4474S,1,하순봉,지역구,경남 진주시,경상남도 진주시,,,무소속,무소속,신한국당,민주자유당,1992-05-30,1996-05-29,general,term_end,term_end,,term_start,,term_end,,,,,,,,1992.05.30 ~ 1996.05.29,제14대 민주자유당 경남 진주시,nfzegpkvaclgtscxt,하순봉,40331547,,,False
14,BJG5829N,1,이협,지역구,전북 이리시,전라북도 이리시,,,민주당,민주당1991,새정치국민회의,민주당,1992-05-30,1996-05-29,general,term_end,term_end,,term_start,,term_end,,,,,,,,1992.05.30 ~ 1996.05.29,제14대 민주당 전북 이리시,nfzegpkvaclgtscxt,이협,40331547,,,False
14,BLO60262,1,정영훈,지역구,경기 하남시광주군,경기도 하남시·광주군,,,민주자유당,민주자유당,신한국당,민주자유당,1992-05-30,1996-05-29,general,term_end,term_end,,term_start,,term_end,,,,,,,,1992.05.30 ~ 1996.05.29,제14대 민주자유당 경기 하남시광주군,nfzegpkvaclgtscxt,정영훈 (1932년),40331547,41819802,,False
14,BPU25498,1,조윤형,비례대표,전국구,,통일국민당,4,통일국민당,통일국민당,민주당,통일국민당,1992-05-30,1996-02-02,general,died,died,조윤형 사망 / 이용준 승계 / 사망,term_start,,confirmed,wikilist+wikiseat,,1996-02-02,,1996-02-02,,,1992.05.30 ~ 1996.02.02,제14대 통일국민당,nfzegpkvaclgtscxt,조윤형,40331547,41819802,,False
14,BTT7110U,1,김옥천,비례대표,전국구,,민주당,8,민주당,민주당1991,통합민주당,민주당,1992-05-30,1996-05-29,general,term_end,term_end,,term_start,,term_end,,,,,,,,1992.05.30 ~ 1996.05.29,제14대 민주당,nfzegpkvaclgtscxt,김옥천,40331547,41819802,,False
14,BW19186J,1,홍사덕,지역구,서울 강남구을,서울특별시 강남구 을,,,민주당,민주당1991,무소속,민주당,1992-05-30,1996-05-29,general,term_end,term_end,,term_start,,term_end,,,,,,,,1992.05.30 ~ 1996.05.29,제14대 민주당 서울 강남구을,nfzegpkvaclgtscxt,홍사덕,40331547,,,False
14,C037592G,1,김동길,지역구,서울 강남구갑,서울특별시 강남구 갑,,,통일국민당,통일국민당,자유민주연합,통일국민당,1992-05-30,1996-05-29,general,term_end,term_end,,term_start,,term_end,,,,,,,,1992.05.30 ~ 1996.05.29,제14대 통일국민당 서울 강남구갑,nfzegpkvaclgtscxt,김동길 (정치인),40331547,,,False
14,CAH1307G,1,김종완,지역구,서울 송파구을,서울특별시 송파구 을,,,민주당,민주당1991,통합민주당,민주당,1992-05-30,1996-05-29,general,term_end,term_end,,term_start,,term_end,,,,,,,,1992.05.30 ~ 1996.05.29,제14대 민주당 서울 송파구을,nfzegpkvaclgtscxt,김종완 (정치인),40331547,41819802,,False
14,CGZ56614,1,임사빈,지역구,경기 동두천시양주군,경기도 동두천시·양주군,,,민주자유당,민주자유당,무소속,민주자유당,1992-05-30,1995-06-10,general,resigned,resigned_to_run_for_other_office,경기지사 출마로 사퇴 / 의원직 사퇴,term_start,,confirmed,wikilist+nabill,,1995-06-10,,1995-06-09,1995-06-10,013191,1992.05.30 ~ 1995.06.10,제14대 민주자유당 경기 동두천시양주군,nfzegpkvaclgtscxt,임사빈,40331547,41819802,,False
14,CHV1403B,1,강인섭,비례대표,전국구,,민주자유당,27,민주자유당,민주자유당,신한국당,민주자유당,1992-05-30,1996-05-29,general,term_end,term_end,,term_start,,term_end,,,,,,,,1992.05.30 ~ 1996.05.29,제14대 민주자유당,nfzegpkvaclgtscxt,강인섭,40331547,,,False
14,CKS9642T,1,이경재,지역구,서울 구로구을,서울특별시 구로구 을,,,민주당,민주당1991,새정치국민회의,민주당,1992-05-30,1996-05-29,general,term_end,term_end,,term_start,,term_end,,,,,,,,1992.05.30 ~ 1996.05.29,제14대 민주당 서울 구로구을,nfzegpkvaclgtscxt,이경재 (1932년),40331547,41819802,,False
14,COW3160C,1,이건영,비례대표,전국구,,통일국민당,6,통일국민당,통일국민당,신한국당,통일국민당,1992-05-30,1996-05-29,general,term_end,term_end,,term_start,,term_end,,,,,,,,1992.05.30 ~ 1996.05.29,제14대 통일국민당,nfzegpkvaclgtscxt,이건영 (1926년),40331547,41819802,,False
14,DCY93694,1,이종근,지역구,충북 충주시중원,충청북도 충주시·중원군,,,민주자유당,민주자유당,자유민주연합,민주자유당,1992-05-30,1996-05-29,general,term_end,term_end,,term_start,,term_end,,,,,,,,1992.05.30 ~ 1996.05.29,제14대 민주자유당 충북 충주시중원,nfzegpkvaclgtscxt,이종근 (1923년),40331547,,,False
14,DEX2294F,1,안무혁,비례대표,전국구,,민주자유당,8,민주자유당,민주자유당,신한국당,민주자유당,1992-05-30,1996-05-29,general,term_end,term_end,,term_start,,term_end,,,,,,,,1992.05.30 ~ 1996.05.29,제14대 민주자유당,nfzegpkvaclgtscxt,안무혁,40331547,,,False
14,DG038029,1,이환의,비례대표,전국구,,민주자유당,26,민주자유당,민주자유당,신한국당,민주자유당,1992-05-30,1996-05-29,general,term_end,term_end,,term_start,,term_end,,,,,,,,1992.05.30 ~ 1996.05.29,제14대 민주자유당,nfzegpkvaclgtscxt,이환의,40331547,,,False
14,DPP5766B,1,김찬우,지역구,"경북 청송,영덕",경상북도 청송군·영덕군,,,통일국민당,통일국민당,신한국당,통일국민당,1992-05-30,1996-05-29,general,term_end,term_end,,term_start,,term_end,,,,,,,,1992.05.30 ~ 1996.05.29,"제14대 통일국민당 경북 청송,영덕",nfzegpkvaclgtscxt,김찬우 (1933년),40331547,41819802,,False
14,DQ91254E,1,서호석,비례대표,전국구,,민주당,28,통합민주당,통합민주당1995,통합민주당,민주당,1996-03-08,1996-05-29,succession_pr,term_end,term_end,,api_later_than_wiki,wikilist=1996-03-02; wikiseat=1996-03-02,term_end,,1996-03-02,,1996-03-02,,,,1996.03.08 ~ 1996.05.29,제14대 민주당,nfzegpkvaclgtscxt,서호석,40331547,41819802,,False
14,DQE3331P,1,박철언,지역구,대구 수성구갑,대구직할시 수성구 갑,,,민주자유당,민주자유당,통일국민당,민주자유당,1992-05-30,1994-06-28,general,disqualified,court_ruling_other_or_unspecified,슬롯머신 사건으로 의원직 상실 / 의원직 상실,term_start,,confirmed,wikilist+wikiseat,,1994-06-28,,1994-06-28,,,1992.05.30 ~ 1994.06.28,제14대 민주자유당 대구 수성구갑,nfzegpkvaclgtscxt,박철언,40331547,41819802,,False
14,DQF8566I,1,정양숙,비례대표,전국구,,민주당,40,통합민주당,통합민주당1995,통합민주당,민주당,1996-03-14,1996-05-29,succession_pr,term_end,term_end,,api_later_than_wiki,wikilist=1996-03-13; wikiseat=1996-03-13,term_end,,1996-03-13,,1996-03-13,,,,1996.03.14 ~ 1996.05.29,제14대 민주당,nfzegpkvaclgtscxt,정양숙,40331547,41819802,,False
14,DSA2985Y,1,유학성,지역구,경북 예천군,경상북도 예천군,,,민주자유당,민주자유당,민주자유당,민주자유당,1992-05-30,1993-03-31,general,resigned,resigned_other,공직자 재산공개 파동으로 사퇴 / 의원직 사퇴,term_start,,confirmed,wikilist+nabill,,1993-03-31,,1993-03-30,1993-03-31,012323,1992.05.30 ~ 1993.03.31,제14대 민주자유당 경북 예천군,nfzegpkvaclgtscxt,유학성,40331547,41819802,,False
14,DSL4089Q,1,김재광,비례대표,전국구,,민주자유당,3,민주자유당,민주자유당,민주자유당,민주자유당,1992-05-30,1993-01-03,general,died,died,김재광 사망 박근호 승계 / 사망,term_start,,confirmed,wikilist+wikiseat,,1993-01-03,,1993-01-03,,,1992.05.30 ~ 1993.01.03,제14대 민주자유당,nfzegpkvaclgtscxt,김재광,40331547,41819802,,False
14,DSP4257Y,1,남평우,지역구,경기 수원시권선구을,경기도 수원시 권선구 을,,,민주자유당,민주자유당,신한국당,민주자유당,1992-05-30,1996-05-29,general,term_end,term_end,,term_start,,term_end,,,,,,,,1992.05.30 ~ 1996.05.29,제14대 민주자유당 경기 수원시권선구을,nfzegpkvaclgtscxt,남평우,40331547,,,False
14,DXQ97415,1,김길홍,지역구,경북 안동시,경상북도 안동시,,,무소속,무소속,신한국당,무소속,1992-05-30,1996-05-29,general,term_end,term_end,,term_start,,term_end,,,,,,,,1992.05.30 ~ 1996.05.29,제14대 무소속 경북 안동시,nfzegpkvaclgtscxt,김길홍,40331547,,,False
14,DY09919T,1,이원형,지역구,서울 은평구을,서울특별시 은평구 을,,,민주당,민주당1991,새정치국민회의,민주당,1992-05-30,1996-05-29,general,term_end,term_end,,term_start,,term_end,,,,,,,,1992.05.30 ~ 1996.05.29,제14대 민주당 서울 은평구을,nfzegpkvaclgtscxt,이원형 (1933년),40331547,41819802,,False
14,E2Y5263C,1,정창현,지역구,경기 오산시 화성군,경기도 오산시·화성군,,,민주자유당,민주자유당,신한국당,민주자유당,1992-05-30,1996-05-29,general,term_end,term_end,,term_start,,term_end,,,,,,,,1992.05.30 ~ 1996.05.29,제14대 민주자유당 경기 오산시 화성군,nfzegpkvaclgtscxt,정창현 (정치인),40331547,,,False
14,E5N8503B,1,김종인,비례대표,전국구,,민주자유당,11,민주자유당,민주자유당,민주자유당,민주자유당,1992-05-30,1994-09-09,general,disqualified,court_ruling_other_or_unspecified,김종인 대법원 판결에 따라 의원직 상실 / 정옥순 승계 / 의원직 상실,term_start,,confirmed,wikilist+wikiseat,,1994-09-09,,1994-09-09,,,1992.05.30 ~ 1994.09.09,제14대 민주자유당 전국구,nfzegpkvaclgtscxt,김종인,40331547,41819802,,False
14,E5X4403T,1,황명수,지역구,충남 온양시아산군,충청남도 온양시·아산군,,,민주자유당,민주자유당,신한국당,민주자유당,1992-05-30,1996-05-29,general,term_end,term_end,,term_start,,term_end,,,,,,,,1992.05.30 ~ 1996.05.29,제14대 민주자유당 충남 온양시아산군,nfzegpkvaclgtscxt,황명수 (1927년),40331547,,,False
14,EBP9450V,1,강철선,지역구,전북 옥구,전라북도 옥구군,,,민주당,민주당1991,새정치국민회의,민주당,1992-05-30,1996-05-29,general,term_end,term_end,,term_start,,term_end,,,,,,,,1992.05.30 ~ 1996.05.29,제14대 민주당 전북 옥구,nfzegpkvaclgtscxt,강철선,40331547,,,False
14,EC995719,1,구자춘,지역구,"경북 달성,고령군",경상북도 달성군·고령군,,,민주자유당,민주자유당,자유민주연합,민주자유당,1992-05-30,1996-02-10,general,died,died,사망,term_start,,confirmed,wikilist,,1996-02-10,,,,,1992.05.30 ~ 1996.02.10,"제14대 민주자유당 경북 달성,고령군",nfzegpkvaclgtscxt,구자춘,40331547,,"manual check: News reports death on 1996-02-10 at about 18:45, as the NA and Wikipedia. The 헌정회 record gives 1996-02-11.",True
14,EEC7465H,1,이춘구,지역구,충북 제천시,충청북도 제천시,,,민주자유당,민주자유당,신한국당,민주자유당,1992-05-30,1996-05-29,general,term_end,term_end,,term_start,,term_end,,,,,,,,1992.05.30 ~ 1996.05.29,제14대 민주자유당 충북 제천시,nfzegpkvaclgtscxt,이춘구,40331547,,,False
14,ERX2058H,1,김충조,지역구,전남 여수시,전라남도 여수시,,,민주당,민주당1991,새정치국민회의,민주당,1992-05-30,1996-05-29,general,term_end,term_end,,term_start,,term_end,,,,,,,,1992.05.30 ~ 1996.05.29,제14대 민주당 전남 여수시,nfzegpkvaclgtscxt,김충조,40331547,41819802,,False
14,EWB4602W,1,임춘원,지역구,서울 서대문구을,서울특별시 서대문구 을,,,민주당,민주당1991,통합민주당,민주당,1992-05-30,1996-05-29,general,term_end,term_end,,term_start,,term_end,,,,,,,,1992.05.30 ~ 1996.05.29,제14대 민주당 서울 서대문구을,nfzegpkvaclgtscxt,임춘원,40331547,,,False
14,F5N24241,1,장재식,비례대표,전국구,,민주당,4,민주당,민주당1991,통합민주당,민주당,1992-05-30,1996-03-01,general,disqualified,pr_seat_lost_on_leaving_party,"장재식, 이우정, 나병선, 김충현, 박정훈, 김옥두, 남궁진 / 배기선 탈당으로 의원직 상실 / 최병욱, 장정곤, 김유진, 서호석, 장광근, 박명서, 한원석 / 김용덕 승계 / 의원직 상실",term_start,,confirmed,wikilist,,1996-03-01,,1996-03-02,,,1992.05.30 ~ 1996.03.01,제14대 민주당,nfzegpkvaclgtscxt,장재식,40331547,41819802,,False
14,FE487737,1,김두섭,지역구,"경기 김포,강화",경기도 김포군·강화군,,,통일국민당,통일국민당,신한국당,통일국민당,1992-05-30,1996-05-29,general,term_end,term_end,,term_start,,term_end,,,,,,,,1992.05.30 ~ 1996.05.29,"제14대 통일국민당 경기 김포,강화",nfzegpkvaclgtscxt,김두섭,40331547,41819802,,False
14,FM55372H,1,손승덕,지역구,강원 춘천시,강원도 춘천시,,,통일국민당,통일국민당,통일국민당,통일국민당,1992-05-30,1993-05-22,general,died,died,사망 / 사망,term_start,,confirmed,wikilist+wikiseat,,1993-05-22,,1993-05-22,,,1992.05.30 ~ 1993.05.22,제14대 통일국민당 강원 춘천시,nfzegpkvaclgtscxt,손승덕,40331547,41819802,,False
14,FND7010Q,1,손학규,지역구,경기 광명시,경기도 광명시,,,민주자유당,민주자유당,신한국당,민주자유당,1993-04-24,1996-05-29,by_election,term_end,term_end,,confirmed_pollday_plus1,wikilist=1993-04-23; wikiseat=1993-04-23,term_end,,1993-04-23,,1993-04-23,,,,1993.04.24 ~ 1996.05.29,제14대 민주자유당 경기 광명시,nfzegpkvaclgtscxt,손학규,40331547,41819802,,False
14,FPT6879K,1,김봉조,지역구,경남 장승포시 거제군,경상남도 장승포시·거제군,,,민주자유당,민주자유당,신한국당,민주자유당,1992-05-30,1996-05-29,general,term_end,term_end,,term_start,,term_end,,,,,,,,1992.05.30 ~ 1996.05.29,제14대 민주자유당 경남 장승포시 거제군,nfzegpkvaclgtscxt,김봉조 (1939년),40331547,,,False
14,FR056047,1,문정수,지역구,부산 북구갑,부산직할시 북구 갑,,,민주자유당,민주자유당,민주자유당,민주자유당,1992-05-30,1995-06-07,general,resigned,resigned_to_run_for_other_office,부산시장 출마로 사퇴 / 의원직 사퇴,term_start,,confirmed,wikilist+wikiseat+nabill,,1995-06-07,,1995-06-07,1995-06-07,013188,1992.05.30 ~ 1995.06.07,제14대 민주자유당 부산 북구갑,nfzegpkvaclgtscxt,문정수,40331547,41819802,,False
14,FSJ32138,1,김영구,지역구,서울 동대문구을,서울특별시 동대문구 을,,,민주자유당,민주자유당,신한국당,민주자유당,1992-05-30,1996-05-29,general,term_end,term_end,,term_start,,term_end,,,,,,,,1992.05.30 ~ 1996.05.29,제14대 민주자유당 서울 동대문구을,nfzegpkvaclgtscxt,김영구 (1940년),40331547,41819802,,False
14,FSK25978,1,박근호,비례대표,전국구,,민주자유당,36,민주자유당,민주자유당,신한국당,민주자유당,1993-01-08,1996-05-29,succession_pr,term_end,term_end,,api_later_than_wiki,wikilist=1993-01-03; wikiseat=1993-01-03,term_end,,1993-01-03,,1993-01-03,,,,1993.01.08 ~ 1996.05.29,제14대 민주자유당,nfzegpkvaclgtscxt,박근호 (교수),40331547,41819802,,False
14,FSN5613H,1,박희태,지역구,"경남 남해,하동군",경상남도 남해군·하동군,,,민주자유당,민주자유당,신한국당,민주자유당,1992-05-30,1996-05-29,general,term_end,term_end,,term_start,,term_end,,,,,,,,1992.05.30 ~ 1996.05.29,"제14대 민주자유당 경상남도 남해,하동군",nfzegpkvaclgtscxt,박희태,40331547,41819802,,False
14,FZ42754S,1,이용준,비례대표,전국구,,통일국민당,11,자유민주연합,자유민주연합,자유민주연합,자유민주연합,1996-02-07,1996-05-29,succession_pr,term_end,term_end,,api_later_than_wiki,wikilist=1996-02-02; wikiseat=1996-02-02,term_end,,1996-02-02,,1996-02-02,,,,1996.02.07 ~ 1996.05.29,제14대 자유민주연합,nfzegpkvaclgtscxt,이용준 (1939년),40331547,41819802,,False
14,G3O9044L,1,이영창,지역구,경북 경산시청도군,경상북도 경산시·경산군·청도군,,,민주자유당,민주자유당,신한국당,민주자유당,1992-05-30,1996-05-29,general,term_end,term_end,,term_start,,term_end,,,,,,,,1992.05.30 ~ 1996.05.29,제14대 민주자유당 경북 경산시청도군,nfzegpkvaclgtscxt,이영창 (1932년),40331547,41819802,,False
14,G4899242,1,김기도,지역구,경남 삼천포 사천,경상남도 삼천포시·사천군,,,민주자유당,민주자유당,신한국당,민주자유당,1992-05-30,1996-05-29,general,term_end,term_end,,term_start,,term_end,,,,,,,,1992.05.30 ~ 1996.05.29,제14대 민주자유당 경남 삼천포 사천,nfzegpkvaclgtscxt,김기도,40331547,41819802,,False
14,G7D4763A,1,장영달,지역구,전북 전주시완산구,전라북도 전주시 완산구,,,민주당,민주당1991,새정치국민회의,민주당,1992-05-30,1996-05-29,general,term_end,term_end,,term_start,,term_end,,,,,,,,1992.05.30 ~ 1996.05.29,제14대 민주당 전북 전주시완산구,nfzegpkvaclgtscxt,장영달,40331547,,,False
14,GBP60233,1,이용삼,지역구,"강원 철원,화천",강원도 화천군·철원군,,,민주자유당,민주자유당,신한국당,민주자유당,1993-06-12,1996-05-29,by_election,term_end,term_end,,confirmed_pollday_plus1,wikilist=1993-06-11; wikiseat=1993-06-11,term_end,,1993-06-11,,1993-06-11,,,,1993.06.12 ~ 1996.05.29,"제14대 민주자유당 강원 철원,화천",nfzegpkvaclgtscxt,이용삼,40331547,41819802,,False
14,GMK1374L,1,이석현,지역구,경기 안양시을,경기도 안양시 을,,,민주당,민주당1991,새정치국민회의,민주당,1992-05-30,1996-05-29,general,term_end,term_end,,term_start,,term_end,,,,,,,,1992.05.30 ~ 1996.05.29,제14대 민주당 경기 안양시을,nfzegpkvaclgtscxt,이석현 (1951년),40331547,41819802,,False
14,GOU72130,1,이명박,비례대표,전국구,,민주자유당,25,민주자유당,민주자유당,신한국당,민주자유당,1992-05-30,1996-05-29,general,term_end,term_end,,term_start,,term_end,,,,,,,,1992.05.30 ~ 1996.05.29,제14대 민주자유당,nfzegpkvaclgtscxt,이명박,40331547,41819802,,False
14,GTH3618V,1,김용환,지역구,"충남 대천,보령시",충청남도 대천시·보령군,,,민주자유당,민주자유당,자유민주연합,민주자유당,1992-05-30,1996-05-29,general,term_end,term_end,,term_start,,term_end,,,,,,,,1992.05.30 ~ 1996.05.29,"제14대 민주자유당 충남 대천,보령시",nfzegpkvaclgtscxt,김용환 (1932년),40331547,41819802,,False
14,GVS3975B,1,안동선,지역구,경기 부천시중구갑,경기도 부천시 중구 갑,,,민주당,민주당1991,새정치국민회의,민주당,1992-05-30,1996-05-29,general,term_end,term_end,,term_start,,term_end,,,,,,,,1992.05.30 ~ 1996.05.29,제14대 민주당 경기 부천시중구갑,nfzegpkvaclgtscxt,안동선,40331547,,,False
14,GXC8936S,1,이희천,지역구,전북 부안군,전라북도 부안군,,,민주당,민주당1991,새정치국민회의,민주당,1992-05-30,1996-05-29,general,term_end,term_end,,term_start,,term_end,,,,,,,,1992.05.30 ~ 1996.05.29,제14대 민주당 전북 부안군,nfzegpkvaclgtscxt,이희천,40331547,,,False
14,GZS38403,1,강우혁,지역구,인천 남동구,인천직할시 남동구,,,민주자유당,민주자유당,자유민주연합,민주자유당,1992-05-30,1995-06-10,general,resigned,resigned_to_run_for_other_office,인천시장 출마로 사퇴 / 의원직 사퇴,term_start,,confirmed,wikilist+nabill,,1995-06-10,,1995-06-09,1995-06-10,013192,1992.05.30 ~ 1995.06.10,제14대 민주자유당 인천 남동구,nfzegpkvaclgtscxt,강우혁 (정치인),40331547,41819802,,False
14,H7L67057,1,한원석,비례대표,전국구,,민주당,37,통합민주당,통합민주당1995,통합민주당,민주당,1996-03-08,1996-05-29,succession_pr,term_end,term_end,,api_later_than_wiki,wikilist=1996-03-05; wikiseat=1996-03-02,term_end,,1996-03-05,,1996-03-02,,,,1996.03.08 ~ 1996.05.29,제14대 민주당,nfzegpkvaclgtscxt,한원석,40331547,41819802,,False
14,HAP8679J,1,조순환,지역구,서울 송파구갑,서울특별시 송파구 갑,,,통일국민당,통일국민당,자유민주연합,통일국민당,1992-05-30,1996-05-29,general,term_end,term_end,,term_start,,term_end,,,,,,,,1992.05.30 ~ 1996.05.29,제14대 통일국민당 서울 송파구갑,nfzegpkvaclgtscxt,조순환,40331547,,,False
14,HCN4630J,1,심명보,지역구,"강원 영월,평창군",강원도 영월군·평창군,,,민주자유당,민주자유당,민주자유당,민주자유당,1992-05-30,1994-05-24,general,died,died,사망 / 사망,term_start,,confirmed,wikilist+wikiseat,,1994-05-24,,1994-05-24,,,1992.05.30 ~ 1994.05.24,"제14대 민주자유당 강원 영월,평창군",nfzegpkvaclgtscxt,심명보,40331547,41819802,,False
14,HHM3642X,1,김진영,지역구,충북 청주시갑,충청북도 청주시 갑,,,통일국민당,통일국민당,자유민주연합,통일국민당,1992-05-30,1996-05-29,general,term_end,term_end,,term_start,,term_end,,,,,,,,1992.05.30 ~ 1996.05.29,제14대 통일국민당 충북 청주시갑,nfzegpkvaclgtscxt,김진영 (1942년),40331547,41819802,,False
14,HIS36307,1,박세직,지역구,경북 구미시,경상북도 구미시,,,민주자유당,민주자유당,신한국당,민주자유당,1992-05-30,1996-05-29,general,term_end,term_end,,term_start,,term_end,,,,,,,,1992.05.30 ~ 1996.05.29,제14대 민주자유당 경북 구미시,nfzegpkvaclgtscxt,박세직,40331547,,,False
14,HIT2733V,1,이영권,지역구,전남 장흥군,전라남도 장흥군,,,민주당,민주당1991,새정치국민회의,민주당,1992-05-30,1996-05-29,general,term_end,term_end,,term_start,,term_end,,,,,,,,1992.05.30 ~ 1996.05.29,제14대 민주당 전남 장흥군,nfzegpkvaclgtscxt,이영권 (정치인),40331547,41819802,,False
14,HJI9845B,1,이인제,지역구,경기 안양시갑,경기도 안양시 갑,,,민주자유당,민주자유당,민주자유당,민주자유당,1992-05-30,1995-06-07,general,resigned,resigned_to_run_for_other_office,경기지사 출마로 사퇴 / 의원직 사퇴,term_start,,confirmed,nabill,,1995-06-10,,1995-06-09,1995-06-07,013186,1992.05.30 ~ 1995.06.07,제14대 민주자유당 경기 안양시갑,nfzegpkvaclgtscxt,이인제,40331547,41819802,,False
14,HOE21077,1,황의성,지역구,"전남 곡성,구례군",전라남도 곡성군·구례군,,,민주당,민주당1991,통합민주당,민주당,1992-05-30,1996-05-29,general,term_end,term_end,,term_start,,term_end,,,,,,,,1992.05.30 ~ 1996.05.29,"제14대 민주당 전남 곡성,구례군",nfzegpkvaclgtscxt,황의성,40331547,,,False
14,HOO4824R,1,이긍규,지역구,충남 서천군,충청남도 서천군,,,민주자유당,민주자유당,자유민주연합,민주자유당,1992-05-30,1996-05-29,general,term_end,term_end,,term_start,,term_end,,,,,,,,1992.05.30 ~ 1996.05.29,제14대 민주자유당 충남 서천군,nfzegpkvaclgtscxt,이긍규,40331547,,,False
14,HR43900N,1,이민헌,비례대표,전국구,,민주자유당,44,민주자유당,민주자유당,신한국당,민주자유당,1995-10-19,1996-03-25,succession_pr,disqualified,court_ruling_other_or_unspecified,의원직 상실,api_later_than_wiki,wikilist=1995-10-18; wikiseat=1995-10-18,single_source,wikilist gives only 1996,1995-10-18,1996,1995-10-18,,,,1995.10.19 ~ 1996.03.25,제14대 민주자유당,nfzegpkvaclgtscxt,이민헌,40331547,41819802,manual check: Denied the 신한국당 nomination for 대구 수성갑 in February 1996 and described as running there as an independent. The reason and day of the seat loss were not found in the news searched. NA end 1996-03-25 kept.,True
14,HT966869,1,김용채,지역구,서울 노원구을,서울특별시 노원구 을,,,민주자유당,민주자유당,민주자유당,민주자유당,1992-05-30,1992-09-08,general,disqualified,winner_declaration_voided_by_court,당선자 재결정 / 재검표 결과 낙선,term_start,,confirmed,wikilist+wikiseat,,1992-09-08,,1992-09-08,,,1992.05.30 ~ 1992.09.08,제14대 민주자유당 서울 노원구을,nfzegpkvaclgtscxt,김용채,40331547,41819802,manual check: Supreme Court (특별2부) voided the declaration of 김용채 as winner on 1992-09-08 in 임채정's suit and declared 임채정 elected.,True
14,HZI5846H,1,김종하,지역구,경남 창원시갑,경상남도 창원시 갑,,,민주자유당,민주자유당,신한국당,민주자유당,1992-05-30,1996-05-29,general,term_end,term_end,,term_start,,term_end,,,,,,,,1992.05.30 ~ 1996.05.29,제14대 민주자유당 경남 창원시갑,nfzegpkvaclgtscxt,김종하 (정치인),40331547,41819802,,False
14,I0R88909,1,최두환,지역구,서울 강서구을,서울특별시 강서구 을,,,민주당,민주당1991,새정치국민회의,민주당,1992-05-30,1996-05-29,general,term_end,term_end,,term_start,,term_end,,,,,,,,1992.05.30 ~ 1996.05.29,제14대 민주당 서울 강서구을,nfzegpkvaclgtscxt,최두환,40331547,,,False
14,I6J48467,1,윤영탁,지역구,대구 수성구을,대구직할시 수성구 을,,,통일국민당,통일국민당,신한국당,통일국민당,1992-05-30,1996-05-29,general,term_end,term_end,,term_start,,term_end,,,,,,,,1992.05.30 ~ 1996.05.29,제14대 통일국민당 대구 수성구을,nfzegpkvaclgtscxt,윤영탁,40331547,,,False
14,I8X2083H,1,이재환,지역구,"대전 서,유성구",대전직할시 서구·유성구,,,무소속,무소속,신한국당,무소속,1992-05-30,1996-05-29,general,term_end,term_end,,term_start,,term_end,,,,,,,,1992.05.30 ~ 1996.05.29,"제14대 무소속 대전 서,유성구",nfzegpkvaclgtscxt,이재환 (1937년),40331547,41819802,,False
14,I9K4876K,1,이윤수,지역구,경기 성남시수정구,경기도 성남시 수정구,,,민주당,민주당1991,새정치국민회의,민주당,1992-05-30,1996-05-29,general,term_end,term_end,,term_start,,term_end,,,,,,,,1992.05.30 ~ 1996.05.29,제14대 민주당 경기 성남시수정구,nfzegpkvaclgtscxt,이윤수 (정치인),40331547,41819802,,False
14,IAB1039R,1,황윤기,지역구,경북 경주군,경상북도 경주군,,,민주자유당,민주자유당,신한국당,민주자유당,1992-05-30,1996-05-29,general,term_end,term_end,,term_start,,term_end,,,,,,,,1992.05.30 ~ 1996.05.29,제14대 민주자유당 경북 경주군,nfzegpkvaclgtscxt,황윤기,40331547,,,False
14,ICX8790L,1,정필근,지역구,경남 진양,경상남도 진양군,,,무소속,무소속,신한국당,민주자유당,1992-05-30,1996-05-29,general,term_end,term_end,,term_start,,term_end,,,,,,,,1992.05.30 ~ 1996.05.29,제14대 민주자유당 경남 진양,nfzegpkvaclgtscxt,정필근,40331547,,,False
14,IFZ88376,1,이세기,지역구,서울 성동구갑,서울특별시 성동구 갑,,,민주자유당,민주자유당,신한국당,민주자유당,1992-05-30,1996-05-29,general,term_end,term_end,,term_start,,term_end,,,,,,,,1992.05.30 ~ 1996.05.29,제14대 민주자유당 서울 성동구갑,nfzegpkvaclgtscxt,이세기 (1936년),40331547,,,False
14,IHD78545,1,최병욱,비례대표,전국구,,민주당,25,통합민주당,통합민주당1995,통합민주당,민주당,1996-03-08,1996-05-29,succession_pr,term_end,term_end,,api_later_than_wiki,wikilist=1996-03-01; wikiseat=1996-03-02,term_end,,1996-03-01,,1996-03-02,,,,1996.03.08 ~ 1996.05.29,제14대 민주당,nfzegpkvaclgtscxt,최병욱 (1937년),40331547,41819802,,False
14,IL798843,1,김명규,지역구,전남 동광양시 광양,전라남도 동광양시·광양군,,,민주당,민주당1991,새정치국민회의,민주당,1992-05-30,1996-05-29,general,term_end,term_end,,term_start,,term_end,,,,,,,,1992.05.30 ~ 1996.05.29,제14대 민주당 전남 동광양시 광양,nfzegpkvaclgtscxt,김명규 (1942년),40331547,,,False
14,ILT4823Z,1,김정남,지역구,"강원 삼천시,군",강원도 삼척시·삼척군,,,무소속,무소속,자유민주연합,무소속,1992-05-30,1996-05-29,general,term_end,term_end,,term_start,,term_end,,,,,,,,1992.05.30 ~ 1996.05.29,"제14대 무소속 강원 삼천시,군",nfzegpkvaclgtscxt,김정남 (1940년),40331547,41819802,,False
14,IOI30449,1,김봉호,지역구,"전남 해남,진도군",전라남도 해남군·진도군,,,민주당,민주당1991,새정치국민회의,민주당,1992-05-30,1996-05-29,general,term_end,term_end,,term_start,,term_end,,,,,,,,1992.05.30 ~ 1996.05.29,"제14대 민주당 전남 해남,진도군",nfzegpkvaclgtscxt,김봉호,40331547,,,False
14,IQX29457,1,김진재,지역구,부산 금정구,부산직할시 금정구,,,민주자유당,민주자유당,신한국당,민주자유당,1992-05-30,1996-05-29,general,term_end,term_end,,term_start,,term_end,,,,,,,,1992.05.30 ~ 1996.05.29,제14대 민주자유당 부산 금정구,nfzegpkvaclgtscxt,김진재,40331547,41819802,,False
14,IS69175A,1,김운환,지역구,부산 해운대구,부산직할시 해운대구,,,민주자유당,민주자유당,신한국당,민주자유당,1992-05-30,1996-05-29,general,term_end,term_end,,term_start,,term_end,,,,,,,,1992.05.30 ~ 1996.05.29,제14대 민주자유당 부산 해운대구,nfzegpkvaclgtscxt,김운환,40331547,,,False
14,IU67432G,1,강재섭,지역구,대구 서구을,대구직할시 서구 을,,,민주자유당,민주자유당,신한국당,민주자유당,1992-05-30,1996-05-29,general,term_end,term_end,,term_start,,term_end,,,,,,,,1992.05.30 ~ 1996.05.29,제14대 민주자유당 대구 서구을,nfzegpkvaclgtscxt,강재섭,40331547,,,False
14,IYC3468T,1,이만섭,비례대표,전국구,,민주자유당,6,민주자유당,민주자유당,신한국당,민주자유당,1992-05-30,1996-05-29,general,term_end,term_end,,term_start,,term_end,,,,,,,,1992.05.30 ~ 1996.05.29,제14대 민주자유당,nfzegpkvaclgtscxt,이만섭,40331547,,,False
14,IYD4143Y,1,문희상,지역구,경기 의정부시,경기도 의정부시,,,민주당,민주당1991,새정치국민회의,민주당,1992-05-30,1996-05-29,general,term_end,term_end,,term_start,,term_end,,,,,,,,1992.05.30 ~ 1996.05.29,제14대 민주당 경기 의정부시,nfzegpkvaclgtscxt,문희상,40331547,,,False
14,IYE1069O,1,허화평,지역구,경북 포항시,경상북도 포항시,,,무소속,무소속,무소속,무소속,1992-05-30,1996-05-29,general,term_end,term_end,,term_start,,term_end,,,,,,,,1992.05.30 ~ 1996.05.29,제14대 무소속 경북 포항시,nfzegpkvaclgtscxt,허화평,40331547,,,False
14,J4X86065,1,박태준,비례대표,전국구,,민주자유당,2,민주자유당,민주자유당,민주자유당,민주자유당,1992-05-30,1992-12-26,general,resigned,resigned_other,박태준 사퇴 / 구창림 승계 / 의원직 사퇴,term_start,,confirmed,wikilist+nabill,,1992-12-26,,1992-12-17,1992-12-26,012276,1992.05.30 ~ 1992.12.26,제14대 민주자유당,nfzegpkvaclgtscxt,박태준 (1927년),40331547,41819802,,False
14,J6J6288S,1,이영문,지역구,경기 이천군,경기도 이천군,,,민주자유당,민주자유당,신한국당,민주자유당,1992-05-30,1996-05-29,general,term_end,term_end,,term_start,,term_end,,,,,,,,1992.05.30 ~ 1996.05.29,제14대 민주자유당 경기 이천군,nfzegpkvaclgtscxt,이영문,40331547,41819802,,False
14,JJ64316E,1,김상현,지역구,서울 서대문구갑,서울특별시 서대문구 갑,,,민주당,민주당1991,새정치국민회의,민주당,1992-05-30,1996-05-29,general,term_end,term_end,,term_start,,term_end,,,,,,,,1992.05.30 ~ 1996.05.29,제14대 민주당 서울 서대문구갑,nfzegpkvaclgtscxt,김상현 (1935년),40331547,41819802,,False
14,JMC44351,1,류승규,지역구,강원 태백시,강원도 태백시,,,민주자유당,민주자유당,무소속,민주자유당,1992-05-30,1996-05-29,general,term_end,term_end,,term_start,,term_end,,,,,,,,1992.05.30 ~ 1996.05.29,제14대 민주자유당 강원 태백시,nfzegpkvaclgtscxt,류승규 (1946년),40331547,,,False
14,JQ81454B,1,문창모,비례대표,전국구,,통일국민당,1,통일국민당,통일국민당,자유민주연합,통일국민당,1992-05-30,1996-05-29,general,term_end,term_end,,term_start,,term_end,,,,,,,,1992.05.30 ~ 1996.05.29,제14대 통일국민당,nfzegpkvaclgtscxt,문창모,40331547,,,False
14,JRH2218E,1,장기욱,비례대표,전국구,,민주당,18,민주당,민주당1991,통합민주당,민주당,1992-05-30,1996-05-29,general,term_end,term_end,,term_start,,term_end,,,,,,,,1992.05.30 ~ 1996.05.29,제14대 민주당,nfzegpkvaclgtscxt,장기욱,40331547,,,False
14,JUM9212Y,1,장광근,비례대표,전국구,,민주당,35,통합민주당,통합민주당1995,통합민주당,민주당,1996-03-08,1996-05-29,succession_pr,term_end,term_end,,api_later_than_wiki,wikilist=1996-03-02; wikiseat=1996-03-02,term_end,,1996-03-02,,1996-03-02,,,,1996.03.08 ~ 1996.05.29,제14대 민주당,nfzegpkvaclgtscxt,장광근,40331547,41819802,,False
14,K8S19484,1,민태구,지역구,"충북 진천,음성군",충청북도 진천군·음성군,,,민주자유당,민주자유당,신한국당,민주자유당,1992-05-30,1996-05-29,general,term_end,term_end,,term_start,,term_end,,,,,,,,1992.05.30 ~ 1996.05.29,"제14대 민주자유당 충북 진천,음성군",nfzegpkvaclgtscxt,민태구,40331547,,,False
14,KBJ1842L,1,김한규,지역구,대구 달서구갑,대구직할시 달서구 갑,,,민주자유당,민주자유당,신한국당,민주자유당,1992-05-30,1996-05-29,general,term_end,term_end,,term_start,,term_end,,,,,,,,1992.05.30 ~ 1996.05.29,제14대 민주자유당 대구 달서구갑,nfzegpkvaclgtscxt,김한규 (1940년),40331547,,,False
14,KDB6892X,1,김덕규,지역구,서울 중랑구을,서울특별시 중랑구 을,,,민주당,민주당1991,새정치국민회의,민주당,1992-05-30,1996-05-29,general,term_end,term_end,,term_start,,term_end,,,,,,,,1992.05.30 ~ 1996.05.29,제14대 민주당 서울특별시 중랑구을,nfzegpkvaclgtscxt,김덕규,40331547,41819802,,False
14,KDV9610Q,1,허세욱,비례대표,전국구,,민주자유당,53,민주자유당,민주자유당,신한국당,신한국당,1996-03-08,1996-05-29,succession_pr,term_end,term_end,,api_later_than_wiki,wikilist=1996-03-05; wikiseat=1996-03-05,term_end,,1996-03-05,,1996-03-05,,,,1996.03.08 ~ 1996.05.29,제14대 신한국당,nfzegpkvaclgtscxt,허세욱 (1945년),40331547,41819802,,False
14,KFV94013,1,박정훈,비례대표,전국구,,민주당,14,민주당,민주당1991,통합민주당,민주당,1992-05-30,1996-03-02,general,disqualified,pr_seat_lost_on_leaving_party,"장재식, 이우정, 나병선, 김충현, 박정훈, 김옥두, 남궁진 / 배기선 탈당으로 의원직 상실 / 최병욱, 장정곤, 김유진, 서호석, 장광근, 박명서, 한원석 / 김용덕 승계 / 의원직 상실",term_start,,confirmed,wikilist+wikiseat,,1996-03-02,,1996-03-02,,,1992.05.30 ~ 1996.03.02,제14대 민주당,nfzegpkvaclgtscxt,박정훈 (1941년),40331547,41819802,,False
14,KXY6183K,1,정재철,지역구,강원 속초시고성군,강원도 속초시·고성군,,,민주자유당,민주자유당,신한국당,민주자유당,1992-05-30,1996-05-29,general,term_end,term_end,,term_start,,term_end,,,,,,,,1992.05.30 ~ 1996.05.29,제14대 민주자유당 강원 속초시고성군,nfzegpkvaclgtscxt,정재철,40331547,,,False
14,KY92872I,1,강수림,지역구,서울 성동구병,서울특별시 성동구 병,,,민주당,민주당1991,통합민주당,민주당,1992-05-30,1996-05-29,general,term_end,term_end,,term_start,,term_end,,,,,,,,1992.05.30 ~ 1996.05.29,제14대 민주당 서울 성동구병,nfzegpkvaclgtscxt,강수림,40331547,,,False
14,L299333I,1,유흥수,지역구,부산 남구을,부산직할시 남구 을,,,민주자유당,민주자유당,신한국당,민주자유당,1992-05-30,1996-05-29,general,term_end,term_end,,term_start,,term_end,,,,,,,,1992.05.30 ~ 1996.05.29,제14대 민주자유당 부산 남구을,nfzegpkvaclgtscxt,유흥수,40331547,41819802,,False
14,L385875M,1,김유진,비례대표,전국구,,민주당,27,통합민주당,통합민주당1995,통합민주당,민주당,1996-03-08,1996-05-29,succession_pr,term_end,term_end,,api_later_than_wiki,wikilist=1996-03-01; wikiseat=1996-03-02,term_end,,1996-03-01,,1996-03-02,,,,1996.03.08 ~ 1996.05.29,제14대 민주당,nfzegpkvaclgtscxt,김유진 (정치인),40331547,41819802,,False
14,L6E5268E,1,이현수,비례대표,전국구,,민주자유당,31,민주자유당,민주자유당,신한국당,민주자유당,1992-05-30,1996-05-29,general,term_end,term_end,,term_start,,term_end,,,,,,,,1992.05.30 ~ 1996.05.29,제14대 민주자유당,nfzegpkvaclgtscxt,이현수 (1938년),40331547,41819802,,False
14,L7S1608E,1,박일,비례대표,전국구,,민주당,15,민주당,민주당1991,통합민주당,민주당,1992-05-30,1996-05-29,general,term_end,term_end,,term_start,,term_end,,,,,,,,1992.05.30 ~ 1996.05.29,제14대 민주당,nfzegpkvaclgtscxt,박일 (정치인),40331547,,,False
14,L842626I,1,김영광,지역구,"경기 송탄,평택시",경기도 송탄시·평택시,,,민주자유당,민주자유당,신한국당,민주자유당,1992-05-30,1996-05-29,general,term_end,term_end,,term_start,,term_end,,,,,,,,1992.05.30 ~ 1996.05.29,"제14대 민주자유당 경기 송탄,평택시",nfzegpkvaclgtscxt,김영광 (1931년),40331547,41819802,,False
14,L8S7182S,1,서석재,지역구,부산 사하구,부산직할시 사하구,,,무소속,무소속,민주자유당,무소속,1992-05-30,1993-01-29,general,disqualified,court_ruling_election_law,의원직 상실 / 의원직 상실,term_start,,confirmed,wikilist+wikiseat,,1993-01-29,,1993-01-29,,,1992.05.30 ~ 1993.01.29,제14대 무소속 부산 사하구,nfzegpkvaclgtscxt,서석재,40331547,41819802,exit_detail set by manual_checks_12_14.csv (was court_ruling_other_or_unspecified),True
14,L8X15139,1,강신조,지역구,"경북 영양,봉화군",경상북도 영양군·봉화군,,,민주자유당,민주자유당,무소속,민주자유당,1992-05-30,1996-05-29,general,term_end,term_end,,term_start,,term_end,,,,,,,,1992.05.30 ~ 1996.05.29,"제14대 민주자유당 경북 영양,봉화군",nfzegpkvaclgtscxt,강신조,40331547,41819802,,False
14,LGU7954E,1,정옥순,비례대표,전국구,,민주자유당,39,민주자유당,민주자유당,신한국당,민주자유당,1994-09-15,1996-05-29,succession_pr,term_end,term_end,,api_later_than_wiki,wikilist=1994-09-09; wikiseat=1994-09-09,term_end,,1994-09-09,,1994-09-09,,,,1994.09.15 ~ 1996.05.29,제14대 민주자유당,nfzegpkvaclgtscxt,정옥순 (1938년),40331547,41819802,,False
14,LIE6050F,1,최재승,지역구,전북 익산군,전라북도 익산군,,,민주당,민주당1991,새정치국민회의,민주당,1992-05-30,1996-05-29,general,term_end,term_end,,term_start,,term_end,,,,,,,,1992.05.30 ~ 1996.05.29,제14대 민주당 전북 익산군,nfzegpkvaclgtscxt,최재승,40331547,,,False
14,LJJ52334,1,송광호,지역구,충북 제천군단양군,충청북도 제천군·단양군,,,통일국민당,통일국민당,신한국당,통일국민당,1992-05-30,1996-05-29,general,term_end,term_end,,term_start,,term_end,,,,,,,,1992.05.30 ~ 1996.05.29,제14대 통일국민당 충북 제천군단양군,nfzegpkvaclgtscxt,송광호,40331547,,,False
14,LQW1875Y,1,박정수,지역구,경북 김천시금릉,경상북도 김천시·금릉군,,,민주자유당,민주자유당,새정치국민회의,민주자유당,1992-05-30,1996-05-29,general,term_end,term_end,,term_start,,term_end,,,,,,,,1992.05.30 ~ 1996.05.29,제14대 민주자유당 경북 김천시금릉,nfzegpkvaclgtscxt,박정수 (1932년),40331547,41819802,,False
14,LU06564Z,1,정대철,지역구,서울 중구,서울특별시 중구,,,민주당,민주당1991,새정치국민회의,민주당,1992-05-30,1996-05-29,general,term_end,term_end,,term_start,,term_end,,,,,,,,1992.05.30 ~ 1996.05.29,제14대 민주당 서울 중구,nfzegpkvaclgtscxt,정대철,40331547,,,False
14,M3D9071M,1,구창림,비례대표,전국구,,민주자유당,35,민주자유당,민주자유당,민주자유당,민주자유당,1992-12-29,1995-10-18,succession_pr,disqualified,pr_seat_lost_on_leaving_party,구창림 탈당으로 의원직 상실 이민헌 승계 / 의원직 상실,api_later_than_wiki,wikilist=1992-12-26; wikiseat=1992-12-17,confirmed,wikilist+wikiseat,1992-12-26,1995-10-18,1992-12-17,1995-10-18,,,1992.12.29 ~ 1995.10.18,제14대 민주자유당,nfzegpkvaclgtscxt,구창림,40331547,41819802,,False
14,M4L8058B,1,박구일,비례대표,전국구,,민주자유당,23,민주자유당,민주자유당,자유민주연합,민주자유당,1992-05-30,1996-05-29,general,term_end,term_end,,term_start,,term_end,,,,,,,,1992.05.30 ~ 1996.05.29,제14대 민주자유당,nfzegpkvaclgtscxt,박구일,40331547,,,False
14,M5K2466O,1,박범진,지역구,서울 양천구갑,서울특별시 양천구 갑,,,민주자유당,민주자유당,신한국당,민주자유당,1992-05-30,1996-05-29,general,term_end,term_end,,term_start,,term_end,,,,,,,,1992.05.30 ~ 1996.05.29,제14대 민주자유당 서울 양천구갑,nfzegpkvaclgtscxt,박범진,40331547,,,False
14,M6Z6242O,1,이연석,비례대표,전국구,,민주자유당,43,민주자유당,민주자유당,신한국당,민주자유당,1995-03-02,1996-05-29,succession_pr,term_end,term_end,,api_later_than_wiki,wikilist=1995-02-27; wikiseat=1995-02-27,term_end,,1995-02-27,,1995-02-27,,,,1995.03.02 ~ 1996.05.29,제14대 민주자유당,nfzegpkvaclgtscxt,이연석,40331547,41819802,,False
14,M7H59614,1,곽정출,지역구,부산 서구,부산직할시 서구,,,민주자유당,민주자유당,무소속,민주자유당,1992-05-30,1996-05-29,general,term_end,term_end,,term_start,,term_end,,,,,,,,1992.05.30 ~ 1996.05.29,제14대 민주자유당 부산 서구,nfzegpkvaclgtscxt,곽정출,40331547,,,False
14,MB17923Y,1,이재명,비례대표,전국구,,민주자유당,38,민주자유당,민주자유당,신한국당,민주자유당,1993-06-01,1996-05-29,succession_pr,term_end,term_end,,api_later_than_wiki,wikilist=1993-05-29; wikiseat=1993-05-29,term_end,,1993-05-29,,1993-05-29,,,,1993.06.01 ~ 1996.05.29,제14대 민주자유당,nfzegpkvaclgtscxt,이재명 (1948년),40331547,41819802,,False
14,MCV55303,1,서훈,지역구,대구 동구을,대구직할시 동구 을,,,무소속,무소속,무소속,무소속,1993-08-13,1996-05-29,by_election,term_end,term_end,,confirmed_pollday_plus1,wikilist=1993-08-12; wikiseat=1993-08-12,term_end,,1993-08-12,,1993-08-12,,,,1993.08.13 ~ 1996.05.29,제14대 무소속 대구 동구을,nfzegpkvaclgtscxt,서훈 (1942년),40331547,41819802,,False
14,MEE6240E,1,허재홍,지역구,부산 남구갑,부산직할시 남구 갑,,,민주자유당,민주자유당,신한국당,민주자유당,1992-05-30,1996-05-29,general,term_end,term_end,,term_start,,term_end,,,,,,,,1992.05.30 ~ 1996.05.29,제14대 민주자유당 부산 남구갑,nfzegpkvaclgtscxt,허재홍,40331547,41819802,,False
14,MFE1178B,1,강창성,비례대표,전국구,,민주당,3,민주당,민주당1991,통합민주당,민주당,1992-05-30,1996-05-29,general,term_end,term_end,,term_start,,term_end,,,,,,,,1992.05.30 ~ 1996.05.29,제14대 민주당,nfzegpkvaclgtscxt,강창성,40331547,,,False
14,MGI63636,1,금진호,지역구,경북 영주시 영풍,경상북도 영주시·영풍군,,,민주자유당,민주자유당,신한국당,민주자유당,1992-05-30,1996-05-29,general,term_end,term_end,,term_start,,term_end,,,,,,,,1992.05.30 ~ 1996.05.29,제14대 민주자유당 경북 영주시 영풍,nfzegpkvaclgtscxt,금진호,40331547,,,False
14,MHE1145A,1,박상천,지역구,전남 고흥군,전라남도 고흥군,,,민주당,민주당1991,새정치국민회의,민주당,1992-05-30,1996-05-29,general,term_end,term_end,,term_start,,term_end,,,,,,,,1992.05.30 ~ 1996.05.29,제14대 민주당 전남 고흥군,nfzegpkvaclgtscxt,박상천,40331547,,,False
14,MIM8629D,1,양정규,지역구,제주 북제주군,제주도 북제주군,,,무소속,무소속,신한국당,무소속,1992-05-30,1996-05-29,general,term_end,term_end,,term_start,,term_end,,,,,,,,1992.05.30 ~ 1996.05.29,제14대 무소속 제주 북제주군,nfzegpkvaclgtscxt,양정규,40331547,,,False
14,MLN4587W,1,서정화,지역구,서울 용산구,서울특별시 용산구,,,민주자유당,민주자유당,신한국당,민주자유당,1992-05-30,1996-05-29,general,term_end,term_end,,term_start,,term_end,,,,,,,,1992.05.30 ~ 1996.05.29,제14대 민주자유당 서울 용산구,nfzegpkvaclgtscxt,서정화 (1933년),40331547,,,False
14,MOD6911D,1,노재봉,비례대표,전국구,,민주자유당,4,민주자유당,민주자유당,민주자유당,민주자유당,1992-05-30,1995-02-27,general,disqualified,pr_seat_lost_on_leaving_party,노재봉 탈당으로 의원직 상실 이년석 승계 / 의원직 상실,term_start,,confirmed,wikilist+wikiseat,,1995-02-27,,1995-02-27,,,1992.05.30 ~ 1995.02.27,제14대 민주자유당,nfzegpkvaclgtscxt,노재봉,40331547,41819802,,False
14,MOX89811,1,한영수,지역구,충남 서산군태안군,충청남도 서산시·서산군·태안군,,,민주당,민주당1991,자유민주연합,민주당,1992-05-30,1996-05-29,general,term_end,term_end,,term_start,,term_end,,,,,,,,1992.05.30 ~ 1996.05.29,제14대 민주당 충남 서산군태안군,nfzegpkvaclgtscxt,한영수 (정치인),40331547,41819802,,False
14,MPQ32684,1,최욱철,지역구,"강원 명주,양양",강원도 명주군·양양군,,,민주당,민주당1991,통합민주당,민주당,1993-06-12,1996-05-29,by_election,term_end,term_end,,confirmed_pollday_plus1,wikilist=1993-06-11; wikiseat=1993-06-11,term_end,,1993-06-11,,1993-06-11,,,,1993.06.12 ~ 1996.05.29,"제14대 민주당 강원 명주,양양",nfzegpkvaclgtscxt,최욱철,40331547,41819802,,False
14,MVN8677Z,1,정기호,지역구,충북 청주시을,충청북도 청주시 을,,,민주당,민주당1991,통합민주당,민주당,1992-05-30,1996-05-29,general,term_end,term_end,,term_start,,term_end,,,,,,,,1992.05.30 ~ 1996.05.29,제14대 민주당 충북 청주시을,nfzegpkvaclgtscxt,정기호,40331547,,,False
14,N5P7446X,1,박재홍,비례대표,전국구,,민주자유당,13,민주자유당,민주자유당,신한국당,민주자유당,1992-05-30,1996-02-26,general,disqualified,pr_seat_lost_on_leaving_party,박재홍 탈당으로 의원직 상실 박승옹 승계 / 의원직 상실,term_start,,confirmed,wikilist,,1996-02-26,,1996-02-23,,,1992.05.30 ~ 1996.02.26,제14대 민주자유당,nfzegpkvaclgtscxt,박재홍 (1941년),40331547,41819802,,False
14,N5U58283,1,김용덕,비례대표,전국구,,민주당,38,통합민주당,통합민주당1995,통합민주당,민주당,1996-03-08,1996-05-29,succession_pr,term_end,term_end,,confirmed,wikilist,term_end,,1996-03-08,,1996-03-02,,,,1996.03.08 ~ 1996.05.29,제14대 민주당,nfzegpkvaclgtscxt,김용덕 (1946년),40331547,41819802,,False
14,N7O98665,1,윤태균,비례대표,전국구,,민주자유당,22,민주자유당,민주자유당,신한국당,민주자유당,1992-05-30,1996-05-29,general,term_end,term_end,,term_start,,term_end,,,,,,,,1992.05.30 ~ 1996.05.29,제14대 민주자유당,nfzegpkvaclgtscxt,윤태균,40331547,,,False
14,NBE5106U,1,조영장,지역구,인천 서구,인천직할시 서구,,,민주자유당,민주자유당,신한국당,민주자유당,1992-05-30,1996-05-29,general,term_end,term_end,,term_start,,term_end,,,,,,,,1992.05.30 ~ 1996.05.29,제14대 민주자유당 인천 서구,nfzegpkvaclgtscxt,조영장,40331547,,,False
14,NJ55552S,1,오장섭,지역구,충남 예산군,충청남도 예산군,,,민주자유당,민주자유당,신한국당,민주자유당,1992-05-30,1996-05-29,general,term_end,term_end,,term_start,,term_end,,,,,,,,1992.05.30 ~ 1996.05.29,제14대 민주자유당 충남 예산군,nfzegpkvaclgtscxt,오장섭,40331547,,,False
14,NKK6370Y,1,양문희,비례대표,전국구,,민주당,20,민주당,민주당1991,통합민주당,민주당,1992-05-30,1996-05-29,general,term_end,term_end,,term_start,,term_end,,,,,,,,1992.05.30 ~ 1996.05.29,제14대 민주당,nfzegpkvaclgtscxt,양문희,40331547,,,False
14,NPZ9074T,1,김재순,지역구,"강원 철원,화천",강원도 화천군·철원군,,,민주자유당,민주자유당,민주자유당,민주자유당,1992-05-30,1993-03-31,general,resigned,resigned_other,공직자 재산공개 파동으로 사퇴 / 의원직 사퇴,term_start,,confirmed,wikilist+nabill,,1993-03-31,,1993-03-30,1993-03-31,012324,1992.05.30 ~ 1993.03.31,"제14대 민주자유당 강원 철원,화천",nfzegpkvaclgtscxt,김재순 (정치인),40331547,41819802,,False
14,NQL1515T,1,최돈웅,지역구,강원 강릉시,강원도 강릉시,,,무소속,무소속,신한국당,무소속,1992-05-30,1996-05-29,general,term_end,term_end,,term_start,,term_end,,,,,,,,1992.05.30 ~ 1996.05.29,제14대 무소속 강원 강릉시,nfzegpkvaclgtscxt,최돈웅,40331547,,,False
14,NSK21294,1,국종남,비례대표,전국구,,민주당,11,민주당,민주당1991,통합민주당,민주당,1992-05-30,1996-05-29,general,term_end,term_end,,term_start,,term_end,,,,,,,,1992.05.30 ~ 1996.05.29,제14대 민주당,nfzegpkvaclgtscxt,국종남,40331547,,,False
14,NSW3570Z,1,정시채,비례대표,전국구,,민주자유당,15,민주자유당,민주자유당,신한국당,민주자유당,1992-05-30,1996-05-29,general,term_end,term_end,,term_start,,term_end,,,,,,,,1992.05.30 ~ 1996.05.29,제14대 민주자유당,nfzegpkvaclgtscxt,정시채,40331547,,,False
14,NUX49887,1,이한동,지역구,경기 연천군포천군,경기도 연천군·포천군,,,민주자유당,민주자유당,신한국당,민주자유당,1992-05-30,1996-05-29,general,term_end,term_end,,term_start,,term_end,,,,,,,,1992.05.30 ~ 1996.05.29,제14대 민주자유당 경기 연천군포천군,nfzegpkvaclgtscxt,이한동,40331547,,,False
14,O3I2054Z,1,권해옥,지역구,경남 합천,경상남도 합천군,,,민주자유당,민주자유당,신한국당,민주자유당,1992-05-30,1996-05-29,general,term_end,term_end,,term_start,,term_end,,,,,,,,1992.05.30 ~ 1996.05.29,제14대 민주자유당 경남 합천,nfzegpkvaclgtscxt,권해옥,40331547,,,False
14,O4X7540B,1,김정숙,비례대표,전국구,,민주자유당,48,민주자유당,민주자유당,신한국당,신한국당,1996-02-16,1996-05-29,succession_pr,term_end,term_end,,api_later_than_wiki,wikilist=1996-02-08; wikiseat=1996-02-08,term_end,,1996-02-08,,1996-02-08,,,,1996.02.16 ~ 1996.05.29,제14대 신한국당,nfzegpkvaclgtscxt,김정숙 (1946년),40331547,41819802,,False
14,O681263O,1,원광호,지역구,강원 원주시,강원도 원주시,,,통일국민당,통일국민당,무소속,통일국민당,1992-05-30,1996-05-29,general,term_end,term_end,,term_start,,term_end,,,,,,,,1992.05.30 ~ 1996.05.29,제14대 통일국민당 강원 원주시,nfzegpkvaclgtscxt,원광호,40331547,,,False
14,O7U5568F,1,박희부,지역구,충남 연기군,충청남도 연기군,,,통일국민당,통일국민당,신한국당,통일국민당,1992-05-30,1996-05-29,general,term_end,term_end,,term_start,,term_end,,,,,,,,1992.05.30 ~ 1996.05.29,제14대 통일국민당 충남 연기군,nfzegpkvaclgtscxt,박희부,40331547,,,False
14,OIV73983,1,서수종,지역구,경북 경주시,경상북도 경주시,,,민주자유당,민주자유당,민주자유당,민주자유당,1992-05-30,1994-05-15,general,died,died,사망 / 사망,term_start,,confirmed,wikilist+wikiseat,,1994-05-15,,1994-05-15,,,1992.05.30 ~ 1994.05.15,제14대 민주자유당 경북 경주시,nfzegpkvaclgtscxt,서수종,40331547,41819802,,False
14,OKR39415,1,김원웅,지역구,대전 대덕구,대전직할시 대덕구,,,민주당,민주당1991,통합민주당,민주당,1992-05-30,1996-05-29,general,term_end,term_end,,term_start,,term_end,,,,,,,,1992.05.30 ~ 1996.05.29,제14대 민주당 대전광역시 대덕구,nfzegpkvaclgtscxt,김원웅,40331547,,,False
14,OQ09860C,1,김종호,지역구,충북 괴산군,충청북도 괴산군,,,민주자유당,민주자유당,신한국당,민주자유당,1992-05-30,1996-05-29,general,term_end,term_end,,term_start,,term_end,,,,,,,,1992.05.30 ~ 1996.05.29,제14대 민주자유당 충북 괴산군,nfzegpkvaclgtscxt,김종호 (1935년),40331547,41819802,,False
14,ORH5971D,1,박준병,지역구,"충북 보은,옥천,영동군",충청북도 보은군·옥천군·영동군,,,민주자유당,민주자유당,자유민주연합,민주자유당,1992-05-30,1996-05-29,general,term_end,term_end,,term_start,,term_end,,,,,,,,1992.05.30 ~ 1996.05.29,"제14대 민주자유당 충북 보은,옥천,영동군",nfzegpkvaclgtscxt,박준병 (1933년),40331547,41819802,,False
14,OS91397X,1,신진욱,비례대표,전국구,,민주당,7,민주당,민주당1991,통합민주당,민주당,1992-05-30,1996-03-21,general,disqualified,pr_seat_lost_on_leaving_party,신진욱 탈당으로 의원직 상실 고홍길 승계 / 의원직 상실,term_start,,api_earlier_than_wiki,wikilist=1996-03-22; wikiseat=1996-03-22,,1996-03-22,,1996-03-22,,,1992.05.30 ~ 1996.03.21,제14대 민주당,nfzegpkvaclgtscxt,신진욱,40331547,41819802,manual check: News and Wikipedia give 1996-03-22 for leaving the party. NA end 1996-03-21 kept.,True
14,OUK2820Z,1,권익현,비례대표,전국구,,민주자유당,5,민주자유당,민주자유당,신한국당,민주자유당,1992-05-30,1996-05-29,general,term_end,term_end,,term_start,,term_end,,,,,,,,1992.05.30 ~ 1996.05.29,제14대 민주자유당,nfzegpkvaclgtscxt,권익현,40331547,,,False
14,P1T31301,1,채영석,지역구,전북 군산시,전라북도 군산시,,,민주당,민주당1991,새정치국민회의,민주당,1992-05-30,1996-05-29,general,term_end,term_end,,term_start,,term_end,,,,,,,,1992.05.30 ~ 1996.05.29,제14대 민주당 전북 군산시,nfzegpkvaclgtscxt,채영석,40331547,,,False
14,P5B5484Y,1,강선영,비례대표,전국구,,민주자유당,14,민주자유당,민주자유당,신한국당,민주자유당,1992-05-30,1996-05-29,general,term_end,term_end,,term_start,,term_end,,,,,,,,1992.05.30 ~ 1996.05.29,제14대 민주자유당,nfzegpkvaclgtscxt,강선영 (무용가),40331547,,,False
14,PAQ11014,1,강창희,지역구,대전 중구,대전직할시 중구,,,무소속,무소속,자유민주연합,무소속,1992-05-30,1996-05-29,general,term_end,term_end,,term_start,,term_end,,,,,,,,1992.05.30 ~ 1996.05.29,제14대 무소속 대전 중구,nfzegpkvaclgtscxt,강창희 (정치인),40331547,,,False
14,PAR7137B,1,김종필,지역구,충남 부여군,충청남도 부여군,,,민주자유당,민주자유당,자유민주연합,민주자유당,1992-05-30,1996-05-29,general,term_end,term_end,,term_start,,term_end,,,,,,,,1992.05.30 ~ 1996.05.29,제14대 민주자유당 충남 부여군,nfzegpkvaclgtscxt,김종필,40331547,41819802,,False
14,PB06312E,1,정장현,비례대표,전국구,,통일국민당,7,통일국민당,통일국민당,신한국당,통일국민당,1992-05-30,1996-05-29,general,term_end,term_end,,term_start,,term_end,,,,,,,,1992.05.30 ~ 1996.05.29,제14대 통일국민당,nfzegpkvaclgtscxt,정장현,40331547,,,False
14,PB86833Y,1,김영삼,비례대표,전국구,,민주자유당,1,민주자유당,민주자유당,민주자유당,민주자유당,1992-05-30,1992-10-15,general,resigned,resigned_to_run_for_other_office,김영삼 대선 출마로 사퇴 조용직 승계 / 의원직 사퇴 / 1992.10.16-1992.10.24(9日間),term_start,,confirmed,nabill,,1992-10-13,,1992-10-13,1992-10-15,012187,1992.05.30 ~ 1992.10.15,제14대 민주자유당,nfzegpkvaclgtscxt,김영삼,40331547,41819802,,False
14,PMN7940F,1,김윤환,지역구,"경북 군위,선산",경상북도 군위군·선산군,,,민주자유당,민주자유당,신한국당,민주자유당,1992-05-30,1996-05-29,general,term_end,term_end,,term_start,,term_end,,,,,,,,1992.05.30 ~ 1996.05.29,"제14대 민주자유당 경북 군위,선산",nfzegpkvaclgtscxt,김윤환 (1932년),40331547,,,False
14,PT581709,1,함석재,지역구,충남 천안시,충청남도 천안군,,,민주자유당,민주자유당,자유민주연합,민주자유당,1992-05-30,1996-05-29,general,term_end,term_end,,term_start,,term_end,,,,,,,,1992.05.30 ~ 1996.05.29,제14대 민주자유당 충남 천안시,nfzegpkvaclgtscxt,함석재,40331547,41819802,,False
14,PY75021S,1,조부영,지역구,"충남 청양,홍성군",충청남도 청양군·홍성군,,,민주자유당,민주자유당,자유민주연합,민주자유당,1992-05-30,1996-05-29,general,term_end,term_end,,term_start,,term_end,,,,,,,,1992.05.30 ~ 1996.05.29,"제14대 민주자유당 충남 청양,홍성군",nfzegpkvaclgtscxt,조부영,40331547,41819802,,False
14,Q7D3831A,1,안찬희,지역구,"경기 가평군,양평군",경기도 가평군·양평군,,,민주자유당,민주자유당,신한국당,민주자유당,1992-05-30,1996-05-29,general,term_end,term_end,,term_start,,term_end,,,,,,,,1992.05.30 ~ 1996.05.29,"제14대 민주자유당 경기 가평군,양평군",nfzegpkvaclgtscxt,안찬희,40331547,,,False
14,QBY2805Y,1,이부영,지역구,서울 강동구갑,서울특별시 강동구 갑,,,민주당,민주당1991,민주당,민주당,1992-05-30,1995-11-11,general,disqualified,court_ruling_other_or_unspecified,국가보안법 위반으로 의원직 상실 / 의원직 상실,term_start,,conflict,wikilist=1995-11-03; wikiseat=1995-11-04,,1995-11-03,,1995-11-04,,,1992.05.30 ~ 1995.11.11,제14대 민주당 서울 강동구갑,nfzegpkvaclgtscxt,이부영,40331547,41819802,"end_status set by manual_checks_12_14.csv (was api_later_than_wiki); manual check: Last day in office is 1995-11-09 or 1995-11-10 by the news, 1995-11-11 by the NA. Not resolved.",True
14,QCQ12252,1,남재두,지역구,대전 동구갑,대전직할시 동구 갑,,,민주자유당,민주자유당,신한국당,민주자유당,1992-05-30,1996-05-29,general,term_end,term_end,,term_start,,term_end,,,,,,,,1992.05.30 ~ 1996.05.29,제14대 민주자유당 대전 동구갑,nfzegpkvaclgtscxt,남재두,40331547,,,False
14,QHJ1904L,1,박준규,지역구,대구 동구을,대구직할시 동구 을,,,민주자유당,민주자유당,민주자유당,민주자유당,1992-05-30,1993-06-30,general,resigned,resigned_other,공직자 재산공개 파동으로 사퇴 / 의원직 사퇴 / 議長許可: 1993.6.30,term_start,,confirmed,wikilist+wikiseat+nabill,,1993-06-30,,1993-06-30,1993-06-30,012368,1992.05.30 ~ 1993.06.30,제14대 민주자유당 대구 동구을,nfzegpkvaclgtscxt,박준규 (1925년),40331547,41819802,,False
14,QJ74422A,1,정상용,지역구,광주 서구갑,광주직할시 서구 갑,,,민주당,민주당1991,새정치국민회의,민주당,1992-05-30,1996-05-29,general,term_end,term_end,,term_start,,term_end,,,,,,,,1992.05.30 ~ 1996.05.29,제14대 민주당 광주 서구갑,nfzegpkvaclgtscxt,정상용,40331547,41819802,,False
14,QL63675M,1,정재문,지역구,부산 부산진구갑,부산직할시 부산진구 갑,,,민주자유당,민주자유당,신한국당,민주자유당,1992-05-30,1996-05-29,general,term_end,term_end,,term_start,,term_end,,,,,,,,1992.05.30 ~ 1996.05.29,제14대 민주자유당 부산 부산진구갑,nfzegpkvaclgtscxt,정재문,40331547,,,False
14,QTZ7784F,1,고홍길,비례대표,전국구,,민주당,42,통합민주당,통합민주당1995,통합민주당,민주당,1996-03-27,1996-05-29,succession_pr,term_end,term_end,,api_later_than_wiki,wikilist=1996-03-22; wikiseat=1996-03-22,term_end,,1996-03-22,,1996-03-22,,,,1996.03.27 ~ 1996.05.29,제14대 민주당,nfzegpkvaclgtscxt,고홍길,40331547,41819802,,False
14,QYN67998,1,반형식,지역구,경북 예천군,경상북도 예천군,,,민주자유당,민주자유당,신한국당,민주자유당,1993-06-12,1996-05-29,by_election,term_end,term_end,,confirmed_pollday_plus1,wikilist=1993-06-11; wikiseat=1993-06-11,term_end,,1993-06-11,,1993-06-11,,,,1993.06.12 ~ 1996.05.29,제14대 민주자유당 경북 예천군,nfzegpkvaclgtscxt,반형식,40331547,41819802,,False
14,R3D8899N,1,조홍규,지역구,광주 광산구,광주직할시 광산구,,,민주당,민주당1991,새정치국민회의,민주당,1992-05-30,1996-05-29,general,term_end,term_end,,term_start,,term_end,,,,,,,,1992.05.30 ~ 1996.05.29,제14대 민주당 광주 광산구,nfzegpkvaclgtscxt,조홍규 (1943년),40331547,,,False
14,R4T63005,1,김기수,지역구,"강원 영월,평창군",강원도 영월군·평창군,,,민주자유당,민주자유당,신한국당,민주자유당,1994-08-03,1996-05-29,by_election,term_end,term_end,,confirmed_pollday_plus1,wikilist=1994-08-02; wikiseat=1994-08-02,term_end,,1994-08-02,,1994-08-02,,,,1994.08.03 ~ 1996.05.29,"제14대 민주자유당 강원 영월,평창군",nfzegpkvaclgtscxt,김기수 (정치인),40331547,41819802,,False
14,RAU77180,1,조순승,지역구,전남 승주,전라남도 승주군,,,민주당,민주당1991,새정치국민회의,민주당,1992-05-30,1996-05-29,general,term_end,term_end,,term_start,,term_end,,,,,,,,1992.05.30 ~ 1996.05.29,제14대 민주당 전남 승주,nfzegpkvaclgtscxt,조순승,40331547,,,False
14,RCJ2180Y,1,심정구,지역구,인천 남구갑,인천직할시 남구 갑,,,민주자유당,민주자유당,신한국당,민주자유당,1992-05-30,1996-05-29,general,term_end,term_end,,term_start,,term_end,,,,,,,,1992.05.30 ~ 1996.05.29,제14대 민주자유당 인천 남구갑,nfzegpkvaclgtscxt,심정구,40331547,,,False
14,RDA1956L,1,이장희,비례대표,전국구,,민주당,22,민주당,민주당1991,통합민주당,민주당,1992-05-30,1996-05-29,general,term_end,term_end,,term_start,,term_end,,,,,,,,1992.05.30 ~ 1996.05.29,제14대 민주당,nfzegpkvaclgtscxt,이장희 (1935년),40331547,,,False
14,RE32613N,1,조순형,지역구,서울 도봉구병,서울특별시 도봉구 병,,,민주당,민주당1991,새정치국민회의,민주당,1992-05-30,1996-05-29,general,term_end,term_end,,term_start,,term_end,,,,,,,,1992.05.30 ~ 1996.05.29,제14대 민주당 서울 도봉구병,nfzegpkvaclgtscxt,조순형,40331547,41819802,,False
14,REX1877I,1,오탄,지역구,전북 전주시덕진구,전라북도 전주시 덕진구,,,민주당,민주당1991,무소속,민주당,1992-05-30,1996-05-29,general,term_end,term_end,,term_start,,term_end,,,,,,,,1992.05.30 ~ 1996.05.29,제14대 민주당 전북 전주시덕진구,nfzegpkvaclgtscxt,오탄,40331547,,,False
14,RF233621,1,주양자,비례대표,전국구,,민주자유당,30,민주자유당,민주자유당,신한국당,민주자유당,1992-05-30,1996-03-02,general,disqualified,pr_seat_lost_on_leaving_party,주앙자 탈당으로 의원직 상실 진경탁 승계 / 의원직 상실,term_start,,confirmed,wikilist+wikiseat,,1996-03-02,,1996-03-02,,,1992.05.30 ~ 1996.03.02,제14대 민주자유당,nfzegpkvaclgtscxt,주양자,40331547,41819802,,False
14,RFX7323F,1,유성환,비례대표,전국구,,민주자유당,37,민주자유당,민주자유당,신한국당,민주자유당,1993-03-03,1996-05-29,succession_pr,term_end,term_end,,verified_manual,api=1993-03-03; chosen=1993-03-03; NA date confirmed. Wikipedia gives 1993-02-27 or 1993-02-23 (the predecessors' exit dates). The NEC decided the successions of 유성환 and 강부자 on 1993-03-03.,term_end,,1993-02-27,,1993-02-27,,,,1993.03.03 ~ 1996.05.29,제14대 민주자유당,nfzegpkvaclgtscxt,유성환,40331547,41819802,,True
14,RHC7677M,1,김복동,지역구,대구 동구갑,대구직할시 동구 갑,,,민주자유당,민주자유당,자유민주연합,민주자유당,1992-05-30,1996-05-29,general,term_end,term_end,,term_start,,term_end,,,,,,,,1992.05.30 ~ 1996.05.29,제14대 민주자유당 대구 동구갑,nfzegpkvaclgtscxt,김복동 (1933년),40331547,,,False
14,RIE23920,1,강부자,비례대표,전국구,,통일국민당,8,통일국민당,통일국민당,자유민주연합,통일국민당,1993-03-03,1996-05-29,succession_pr,term_end,term_end,,verified_manual,api=1993-03-03; chosen=1993-03-03; NA date confirmed. Wikipedia gives 1993-02-27 or 1993-02-23 (the predecessors' exit dates). The NEC decided the successions of 유성환 and 강부자 on 1993-03-03.,term_end,,1993-02-27,,1993-02-23,,,,1993.03.03 ~ 1996.05.29,제14대 통일국민당,nfzegpkvaclgtscxt,강부자,40331547,41819802,,True
14,RLG4231U,1,이상득,지역구,"경북 영일,울릉군",경상북도 영일군·울릉군,,,민주자유당,민주자유당,신한국당,민주자유당,1992-05-30,1996-05-29,general,term_end,term_end,,term_start,,term_end,,,,,,,,1992.05.30 ~ 1996.05.29,"제14대 민주자유당 경북 영일,울릉군",nfzegpkvaclgtscxt,이상득,40331547,41819802,,False
14,RPW21620,1,이승무,지역구,"경북 점촌,문경시",경상북도 점촌시·문경군,,,무소속,무소속,무소속,민주자유당,1992-05-30,1996-05-29,general,term_end,term_end,,term_start,,term_end,,,,,,,,1992.05.30 ~ 1996.05.29,"제14대 민주자유당 경북 점촌,문경시",nfzegpkvaclgtscxt,이승무 (정치인),40331547,,,False
14,RUB28077,1,류종수,지역구,강원 춘천시,강원도 춘천시,,,민주자유당,민주자유당,자유민주연합,민주자유당,1993-08-13,1996-05-29,by_election,term_end,term_end,,confirmed_pollday_plus1,wikilist=1993-08-12; wikiseat=1993-08-12,term_end,,1993-08-12,,1993-08-12,,,,1993.08.13 ~ 1996.05.29,제14대 민주자유당 강원 춘천시,nfzegpkvaclgtscxt,류종수,40331547,41819802,,False
14,RX273873,1,임복진,지역구,광주 서구을,광주직할시 서구 을,,,민주당,민주당1991,새정치국민회의,민주당,1992-05-30,1996-05-29,general,term_end,term_end,,term_start,,term_end,,,,,,,,1992.05.30 ~ 1996.05.29,제14대 민주당 광주 서구을,nfzegpkvaclgtscxt,임복진,40331547,,,False
14,RYK4883M,1,노인환,지역구,"경남 산청,함양",경상남도 산청군·함양군,,,민주자유당,민주자유당,신한국당,민주자유당,1992-05-30,1996-05-29,general,term_end,term_end,,term_start,,term_end,,,,,,,,1992.05.30 ~ 1996.05.29,"제14대 민주자유당 경남 산청,함양",nfzegpkvaclgtscxt,노인환,40331547,,,False
14,S2C3781V,1,신계륜,지역구,서울 성북구을,서울특별시 성북구 을,,,민주당,민주당1991,새정치국민회의,민주당,1992-05-30,1996-05-29,general,term_end,term_end,,term_start,,term_end,,,,,,,,1992.05.30 ~ 1996.05.29,제14대 민주당 서울특별시 성북구을,nfzegpkvaclgtscxt,신계륜,40331547,,,False
14,S4B6672D,1,신경식,지역구,충북 청원군,충청북도 청원군,,,민주자유당,민주자유당,신한국당,민주자유당,1992-05-30,1996-05-29,general,term_end,term_end,,term_start,,term_end,,,,,,,,1992.05.30 ~ 1996.05.29,제14대 민주자유당 충북 청원군,nfzegpkvaclgtscxt,신경식,40331547,41819802,,False
14,SDX64659,1,이종찬,지역구,서울 종로구,서울특별시 종로구,,,민주자유당,민주자유당,새정치국민회의,민주자유당,1992-05-30,1996-05-29,general,term_end,term_end,,term_start,,term_end,,,,,,,,1992.05.30 ~ 1996.05.29,제14대 민주자유당 서울 종로구,nfzegpkvaclgtscxt,이종찬 (1936년),40331547,41819802,,False
14,SE03014B,1,김상구,지역구,"경북 상주시,군",경상북도 상주시·상주군,,,무소속,무소속,무소속,무소속,1992-05-30,1996-05-29,general,term_end,term_end,,term_start,,term_end,,,,,,,,1992.05.30 ~ 1996.05.29,"제14대 무소속 경북 상주시,군",nfzegpkvaclgtscxt,김상구,40331547,,,False
14,SIK52470,1,진경탁,비례대표,전국구,,민주자유당,52,민주자유당,민주자유당,신한국당,신한국당,1996-03-08,1996-05-29,succession_pr,term_end,term_end,,api_later_than_wiki,wikilist=1996-03-02; wikiseat=1996-03-02,term_end,,1996-03-02,,1996-03-02,,,,1996.03.08 ~ 1996.05.29,제14대 신한국당,nfzegpkvaclgtscxt,진경탁,40331547,41819802,,False
14,SQT3346Q,1,차수명,지역구,경남 울산시남구,경상남도 울산시 남구,,,통일국민당,통일국민당,신한국당,통일국민당,1992-05-30,1996-05-29,general,term_end,term_end,,term_start,,term_end,,,,,,,,1992.05.30 ~ 1996.05.29,제14대 통일국민당 경남 울산시남구,nfzegpkvaclgtscxt,차수명,40331547,,,False
14,SRH7774W,1,김인곤,지역구,"전남 함평,영광군",전라남도 함평군·영광군,,,민주당,민주당1991,새정치국민회의,민주당,1992-05-30,1996-05-29,general,term_end,term_end,,term_start,,term_end,,,,,,,,1992.05.30 ~ 1996.05.29,"제14대 민주당 전남 함평,영광군",nfzegpkvaclgtscxt,김인곤,40331547,41819802,,False
14,SW81313V,1,배길랑,비례대표,전국구,,민주자유당,47,민주자유당,민주자유당,신한국당,민주자유당,1995-11-07,1996-03-05,succession_pr,disqualified,pr_seat_lost_on_leaving_party,"김광수, 배길랑 탈당으로 의원직 상실 / 허세욱 승계, 전국구 후보 부족으로 승계 불가 / 의원직 상실",verified_manual,"api=1995-11-07; chosen=1995-11-07; NA date confirmed. Wikipedia gives 1995-10-31, the day 구천서 left the party. The NEC confirmed the succession on 1995-11-07 after a dispute over eligibility.",confirmed,wikilist+wikiseat,1995-10-31,1996-03-05,1995-10-31,1996-03-05,,,1995.11.07 ~ 1996.03.05,제14대 민주자유당,nfzegpkvaclgtscxt,배길랑,40331547,41819802,,True
14,T0C2301Q,1,김영일,지역구,"경남 김해시,군",경상남도 김해시·김해군,,,민주자유당,민주자유당,신한국당,민주자유당,1992-05-30,1996-05-29,general,term_end,term_end,,term_start,,term_end,,,,,,,,1992.05.30 ~ 1996.05.29,"제14대 민주자유당 경남 김해시,군",nfzegpkvaclgtscxt,김영일 (1942년),40331547,41819802,,False
14,T1Z9579M,1,권노갑,지역구,전남 목포시,전라남도 목포시,,,민주당,민주당1991,새정치국민회의,민주당,1992-05-30,1996-05-29,general,term_end,term_end,,term_start,,term_end,,,,,,,,1992.05.30 ~ 1996.05.29,제14대 민주당 전남 목포시,nfzegpkvaclgtscxt,권노갑,40331547,,,False
14,T457000V,1,박명근,지역구,경기 파주,경기도 파주군,,,민주자유당,민주자유당,신한국당,민주자유당,1992-05-30,1996-05-29,general,term_end,term_end,,term_start,,term_end,,,,,,,,1992.05.30 ~ 1996.05.29,제14대 민주자유당 경기 파주,nfzegpkvaclgtscxt,박명근,40331547,41819802,,False
14,T5X6086S,1,이상재,지역구,충남 공주시공주군,충청남도 공주시·공주군,,,무소속,무소속,신한국당,무소속,1992-05-30,1996-05-29,general,term_end,term_end,,term_start,,term_end,,,,,,,,1992.05.30 ~ 1996.05.29,제14대 무소속 충남 공주시공주군,nfzegpkvaclgtscxt,이상재 (1934년),40331547,41819802,,False
14,TF57207F,1,박광태,지역구,광주 북구갑,광주직할시 북구 갑,,,민주당,민주당1991,새정치국민회의,민주당,1992-05-30,1996-05-29,general,term_end,term_end,,term_start,,term_end,,,,,,,,1992.05.30 ~ 1996.05.29,제14대 민주당 광주 북구갑,nfzegpkvaclgtscxt,박광태,40331547,41819802,,False
14,TNK9949W,1,이성호,지역구,"경기 미금,남양주시",경기도 미금시·남양주군,,,민주자유당,민주자유당,신한국당,민주자유당,1992-05-30,1996-05-29,general,term_end,term_end,,term_start,,term_end,,,,,,,,1992.05.30 ~ 1996.05.29,"제14대 민주자유당 경기 미금,남양주시",nfzegpkvaclgtscxt,이성호 (1938년),40331547,,,False
14,TPJ7150B,1,박제상,지역구,경기 의왕시과천시,경기도 과천시·의왕시,,,통일국민당,통일국민당,자유민주연합,통일국민당,1992-05-30,1996-05-29,general,term_end,term_end,,term_start,,term_end,,,,,,,,1992.05.30 ~ 1996.05.29,제14대 통일국민당 경기 의왕시과천시,nfzegpkvaclgtscxt,박제상 (정치인),40331547,,,False
14,TQH7044H,1,박관용,지역구,부산 동래구갑,부산직할시 동래구 갑,,,민주자유당,민주자유당,민주자유당,민주자유당,1992-05-30,1993-02-27,general,resigned,resigned_on_appointment,대통령 비서실장 임명으로 사퇴 / 의원직 사퇴,term_start,,confirmed,wikilist+wikiseat+nabill,,1993-02-27,,1993-02-27,1993-02-27,012319,1992.05.30 ~ 1993.02.27,제14대 민주자유당 부산 동래구갑,nfzegpkvaclgtscxt,박관용,40331547,41819802,,False
14,TZQ65416,1,유준상,지역구,전남 보성군,전라남도 보성군,,,민주당,민주당1991,무소속,민주당,1992-05-30,1996-05-29,general,term_end,term_end,,term_start,,term_end,,,,,,,,1992.05.30 ~ 1996.05.29,제14대 민주당 전남 보성군,nfzegpkvaclgtscxt,류준상 (1942년),40331547,,,False
14,UF42797P,1,백남치,지역구,서울 노원구갑,서울특별시 노원구 갑,,,민주자유당,민주자유당,신한국당,민주자유당,1992-05-30,1996-05-29,general,term_end,term_end,,term_start,,term_end,,,,,,,,1992.05.30 ~ 1996.05.29,제14대 민주자유당 서울 노원구갑,nfzegpkvaclgtscxt,백남치,40331547,,,False
14,UMW2528R,1,이동근,비례대표,전국구,,민주당,10,민주당,민주당1991,통합민주당,민주당,1992-05-30,1996-05-29,general,term_end,term_end,,term_start,,term_end,,,,,,,,1992.05.30 ~ 1996.05.29,제14대 민주당,nfzegpkvaclgtscxt,이동근 (1939년),40331547,,,False
14,UOQ61895,1,정호용,지역구,대구 서구갑,대구직할시 서구 갑,,,무소속,무소속,무소속,무소속,1992-05-30,1996-05-29,general,term_end,term_end,,term_start,,term_end,,,,,,,,1992.05.30 ~ 1996.05.29,제14대 무소속 대구 서구갑,nfzegpkvaclgtscxt,정호용,40331547,,,False
14,UTL76680,1,오세응,지역구,"경기 성남시중원,분당구",경기도 성남시 중원구·분당구,,,민주자유당,민주자유당,신한국당,민주자유당,1992-05-30,1996-05-29,general,term_end,term_end,,term_start,,term_end,,,,,,,,1992.05.30 ~ 1996.05.29,"제14대 민주자유당 경기 성남시중원,분당구",nfzegpkvaclgtscxt,오세응,40331547,,,False
14,UWR1927I,1,김태식,지역구,전북 완주군,전라북도 완주군,,,민주당,민주당1991,새정치국민회의,민주당,1992-05-30,1996-05-29,general,term_end,term_end,,term_start,,term_end,,,,,,,,1992.05.30 ~ 1996.05.29,제14대 민주당 전북 완주군,nfzegpkvaclgtscxt,김태식 (정치인),40331547,,,False
14,UWS28633,1,임채정,지역구,서울 노원구을,서울특별시 노원구 을,,,민주당,민주당1991,새정치국민회의,민주당,1992-09-08,1996-05-29,declared_winner_by_court,term_end,term_end,,confirmed,wikilist+wikiseat,term_end,,1992-09-08,,1992-09-08,,,,1992.09.08 ~ 1996.05.29,제14대 민주당 서울특별시 노원구을,nfzegpkvaclgtscxt,임채정,40331547,41819802,manual check: Declared the winner by the Supreme Court on 1992-09-08 (see 김용채). NA start 1992-09-08 is the ruling day.,True
14,UWX81091,1,장영철,지역구,경북 성주군칠곡군,경상북도 성주군·칠곡군,,,민주자유당,민주자유당,신한국당,민주자유당,1992-05-30,1996-05-29,general,term_end,term_end,,term_start,,term_end,,,,,,,,1992.05.30 ~ 1996.05.29,제14대 민주자유당 경북 성주군칠곡군,nfzegpkvaclgtscxt,장영철 (1936년),40331547,,,False
14,V6L26675,1,박승웅,비례대표,전국구,,민주자유당,51,민주자유당,민주자유당,신한국당,신한국당,1996-02-29,1996-05-29,succession_pr,term_end,term_end,,api_later_than_wiki,wikilist=1996-02-26,term_end,,1996-02-26,,,,,,1996.02.29 ~ 1996.05.29,제14대 신한국당,nfzegpkvaclgtscxt,박승웅,40331547,41819802,,False
14,VDR5272L,1,윤항렬,지역구,경기 광명시,경기도 광명시,,,통일국민당,통일국민당,통일국민당,통일국민당,1992-05-30,1993-01-25,general,died,died,사망 / 사망,term_start,,confirmed,wikilist+wikiseat,,1993-01-25,,1993-01-25,,,1992.05.30 ~ 1993.01.25,제14대 통일국민당 경기 광명시,nfzegpkvaclgtscxt,윤항렬,40331547,41819802,,False
14,VJ92042J,1,하근수,지역구,인천 남구을,인천직할시 남구 을,,,민주당,민주당1991,새정치국민회의,민주당,1992-05-30,1996-05-29,general,term_end,term_end,,term_start,,term_end,,,,,,,,1992.05.30 ~ 1996.05.29,제14대 민주당 인천 남구을,nfzegpkvaclgtscxt,하근수,40331547,,,False
14,VLP8819K,1,변정일,지역구,"제주 서귀포시,남제주군",제주도 서귀포시·남제주군,,,무소속,무소속,신한국당,무소속,1992-05-30,1996-05-29,general,term_end,term_end,,term_start,,term_end,,,,,,,,1992.05.30 ~ 1996.05.29,"제14대 무소속 제주 서귀포시,남제주군",nfzegpkvaclgtscxt,변정일 (1942년),40331547,,,False
14,VO548788,1,유인태,지역구,서울 도봉구갑,서울특별시 도봉구 갑,,,민주당,민주당1991,통합민주당,민주당,1992-05-30,1996-05-29,general,term_end,term_end,,term_start,,term_end,,,,,,,,1992.05.30 ~ 1996.05.29,제14대 민주당 서울특별시 도봉구갑,nfzegpkvaclgtscxt,유인태,40331547,,,False
14,VSK1291Z,1,서정화,지역구,"인천 중,동구",인천직할시 중구·동구,,,민주자유당,민주자유당,신한국당,민주자유당,1992-05-30,1996-05-29,general,term_end,term_end,,term_start,,term_end,,,,,,,,1992.05.30 ~ 1996.05.29,"제14대 민주자유당 인천 중,동구",nfzegpkvaclgtscxt,서정화 (1939년),40331547,,,False
14,VU95307T,1,이택석,지역구,경기 고양시,경기도 고양시,,,민주자유당,민주자유당,신한국당,민주자유당,1992-05-30,1996-05-29,general,term_end,term_end,,term_start,,term_end,,,,,,,,1992.05.30 ~ 1996.05.29,제14대 민주자유당 경기 고양시,nfzegpkvaclgtscxt,이택석,40331547,41819802,,False
14,VW61947B,1,강희찬,비례대표,전국구,,민주당,13,민주당,민주당1991,통합민주당,민주당,1992-05-30,1996-05-29,general,term_end,term_end,,term_start,,term_end,,,,,,,,1992.05.30 ~ 1996.05.29,제14대 민주당,nfzegpkvaclgtscxt,강희찬 (정치인),40331547,,,False
14,VYI2708Q,1,신기하,지역구,광주 동구,광주직할시 동구,,,민주당,민주당1991,새정치국민회의,민주당,1992-05-30,1996-05-29,general,term_end,term_end,,term_start,,term_end,,,,,,,,1992.05.30 ~ 1996.05.29,제14대 민주당 광주 동구,nfzegpkvaclgtscxt,신기하,40331547,,,False
14,VZ17900R,1,남궁진,비례대표,전국구,,민주당,23,민주당,민주당1991,통합민주당,민주당,1993-01-08,1996-03-02,succession_pr,resigned,resigned_other,"장재식, 이우정, 나병선, 김충현, 박정훈, 김옥두, 남궁진 / 배기선 탈당으로 의원직 상실 / 최병욱, 장정곤, 김유진, 서호석, 장광근, 박명서, 한원석 / 김용덕 승계 / 의원직 상실",api_later_than_wiki,wikilist=1992-12-19; wikiseat=1992-12-19,confirmed,wikilist+wikiseat+nabill,1992-12-19,1996-03-02,1992-12-19,1996-03-02,1996-03-02,013543,1993.01.08 ~ 1996.03.02,제14대 민주당,nfzegpkvaclgtscxt,남궁진,40331547,41819802,"Wikipedia gives exit pr_seat_lost_on_leaving_party, but NA bill 141438 (billId 013543) approved the resignation on 1996-03-02",False
14,W0L3395K,1,김옥두,비례대표,전국구,,민주당,16,민주당,민주당1991,통합민주당,민주당,1992-05-30,1996-03-02,general,resigned,resigned_other,"장재식, 이우정, 나병선, 김충현, 박정훈, 김옥두, 남궁진 / 배기선 탈당으로 의원직 상실 / 최병욱, 장정곤, 김유진, 서호석, 장광근, 박명서, 한원석 / 김용덕 승계 / 의원직 상실",term_start,,confirmed,wikilist+wikiseat+nabill,,1996-03-02,,1996-03-02,1996-03-02,013542,1992.05.30 ~ 1996.03.02,제14대 민주당,nfzegpkvaclgtscxt,김옥두,40331547,41819802,"Wikipedia gives exit pr_seat_lost_on_leaving_party, but NA bill 141437 (billId 013542) approved the resignation on 1996-03-02",False
14,W4K7007O,1,라병선,비례대표,전국구,,민주당,6,민주당,민주당1991,통합민주당,민주당,1992-05-30,1996-03-02,general,disqualified,pr_seat_lost_on_leaving_party,"장재식, 이우정, 나병선, 김충현, 박정훈, 김옥두, 남궁진 / 배기선 탈당으로 의원직 상실 / 최병욱, 장정곤, 김유진, 서호석, 장광근, 박명서, 한원석 / 김용덕 승계 / 의원직 상실",term_start,,confirmed,wikiseat,,1996-03-01,,1996-03-02,,,1992.05.30 ~ 1996.03.02,제14대 민주당,nfzegpkvaclgtscxt,나병선,40331547,41819802,,False
14,W753054A,1,송천영,지역구,대전 동구을,대전직할시 동구 을,,,민주당,민주당1991,신한국당,민주당,1992-05-30,1996-05-29,general,term_end,term_end,,term_start,,term_end,,,,,,,,1992.05.30 ~ 1996.05.29,제14대 민주당 대전 동구을,nfzegpkvaclgtscxt,송천영,40331547,,,False
14,W8L79935,1,이강두,지역구,경남 거창군,경상남도 거창군,,,무소속,무소속,신한국당,무소속,1992-05-30,1996-05-29,general,term_end,term_end,,term_start,,term_end,,,,,,,,1992.05.30 ~ 1996.05.29,제14대 무소속 경남 거창군,nfzegpkvaclgtscxt,이강두,40331547,41819802,,False
14,WFJ6020P,1,김덕룡,지역구,서울 서초구을,서울특별시 서초구 을,,,민주자유당,민주자유당,신한국당,민주자유당,1992-05-30,1996-05-29,general,term_end,term_end,,term_start,,term_end,,,,,,,,1992.05.30 ~ 1996.05.29,제14대 민주자유당 서울특별시 서초구을,nfzegpkvaclgtscxt,김덕룡,40331547,41819802,,False
14,WI12765F,1,정상천,지역구,부산 중구,부산직할시 중구,,,민주자유당,민주자유당,자유민주연합,민주자유당,1992-05-30,1996-05-29,general,term_end,term_end,,term_start,,term_end,,,,,,,,1992.05.30 ~ 1996.05.29,제14대 민주자유당 부산 중구,nfzegpkvaclgtscxt,정상천,40331547,,,False
14,WMD2190C,1,이해구,지역구,경기 안성군,경기도 안성군,,,민주자유당,민주자유당,신한국당,민주자유당,1992-05-30,1996-05-29,general,term_end,term_end,,term_start,,term_end,,,,,,,,1992.05.30 ~ 1996.05.29,제14대 민주자유당 경기 안성군,nfzegpkvaclgtscxt,이해구,40331547,41819802,,False
14,WO81943O,1,유인학,지역구,전남 영암군,전라남도 영암군,,,민주당,민주당1991,새정치국민회의,민주당,1992-05-30,1996-05-29,general,term_end,term_end,,term_start,,term_end,,,,,,,,1992.05.30 ~ 1996.05.29,제14대 민주당 전남 영암군,nfzegpkvaclgtscxt,유인학,40331547,41819802,,False
14,WRP6148P,1,최운지,비례대표,전국구,,민주자유당,16,민주자유당,민주자유당,민주자유당,민주자유당,1992-05-30,1995-10-26,general,disqualified,pr_seat_lost_on_leaving_party,최운지 탈당으로 의원직 상실 이수담 승계 / 의원직 상실,term_start,,confirmed,wikilist,,1995-10-26,,1995-10-27,,,1992.05.30 ~ 1995.10.26,제14대 민주자유당,nfzegpkvaclgtscxt,최운지,40331547,41819802,,False
14,WSO9079L,1,박태영,지역구,"전남 담양,장성군",전라남도 담양군·장성군,,,민주당,민주당1991,무소속,민주당,1992-05-30,1996-05-29,general,term_end,term_end,,term_start,,term_end,,,,,,,,1992.05.30 ~ 1996.05.29,"제14대 민주당 전남 담양,장성군",nfzegpkvaclgtscxt,박태영 (1941년),40331547,41819802,,False
14,WY71904W,1,김동권,지역구,경북 의성군,경상북도 의성군,,,민주자유당,민주자유당,무소속,민주자유당,1992-05-30,1996-05-29,general,term_end,term_end,,term_start,,term_end,,,,,,,,1992.05.30 ~ 1996.05.29,제14대 민주자유당 경북 의성군,nfzegpkvaclgtscxt,김동권 (1944년),40331547,,,False
14,WZK3380B,1,현경대,지역구,제주 제주시,제주도 제주시,,,무소속,무소속,신한국당,무소속,1992-05-30,1996-05-29,general,term_end,term_end,,term_start,,term_end,,,,,,,,1992.05.30 ~ 1996.05.29,제14대 무소속 제주 제주시,nfzegpkvaclgtscxt,현경대,40331547,41819802,,False
14,X0K2352F,1,김광수,비례대표,전국구,,민주자유당,12,민주자유당,민주자유당,신한국당,민주자유당,1992-05-30,1996-03-04,general,disqualified,pr_seat_lost_on_leaving_party,"김광수, 배길랑 탈당으로 의원직 상실 / 허세욱 승계, 전국구 후보 부족으로 승계 불가 / 의원직 상실",term_start,,verified_manual,"api=1996-03-04; chosen=1996-03-04; NA date confirmed. Wikipedia gives 1996-03-05, the day the successor 허세욱 took the seat. The party exit was on 1996-03-04.",,1996-03-05,,1996-03-05,,,1992.05.30 ~ 1996.03.04,제14대 민주자유당,nfzegpkvaclgtscxt,김광수 (1925년),40331547,41819802,,True
14,X6D5502H,1,정주영,비례대표,전국구,,통일국민당,3,통일국민당,통일국민당,통일국민당,통일국민당,1992-05-30,1993-02-27,general,resigned,resigned_other,정주영 정계은퇴 / 강부자 승계 / 의원직 사퇴,term_start,,confirmed,wikilist+nabill,,1993-02-27,,1993-02-23,1993-02-27,012311,1992.05.30 ~ 1993.02.27,제14대 통일국민당,nfzegpkvaclgtscxt,정주영,40331547,41819802,,False
14,X9Z79695,1,김호일,지역구,경남 마산시 합포군,경상남도 마산시 합포구,,,무소속,무소속,신한국당,무소속,1992-05-30,1996-05-29,general,term_end,term_end,,term_start,,term_end,,,,,,,,1992.05.30 ~ 1996.05.29,제14대 무소속 경남 마산시 합포군,nfzegpkvaclgtscxt,김호일,40331547,,,False
14,XAB5157V,1,최형우,지역구,부산 동래구을,부산직할시 동래구 을,,,민주자유당,민주자유당,신한국당,민주자유당,1992-05-30,1996-05-29,general,term_end,term_end,,term_start,,term_end,,,,,,,,1992.05.30 ~ 1996.05.29,제14대 민주자유당 부산 동래구을,nfzegpkvaclgtscxt,최형우 (정치인),40331547,,,False
14,XAT10663,1,홍기훈,지역구,전남 화순군,전라남도 화순군,,,민주당,민주당1991,통합민주당,민주당,1992-05-30,1996-05-29,general,term_end,term_end,,term_start,,term_end,,,,,,,,1992.05.30 ~ 1996.05.29,제14대 민주당 전남 화순군,nfzegpkvaclgtscxt,홍기훈 (정치인),40331547,,,False
14,XF32334M,1,나오연,지역구,경남 양산,경상남도 양산군,,,민주자유당,민주자유당,신한국당,민주자유당,1992-05-30,1996-05-29,general,term_end,term_end,,term_start,,term_end,,,,,,,,1992.05.30 ~ 1996.05.29,제14대 민주자유당 경남 양산,nfzegpkvaclgtscxt,나오연,40331547,,,False
14,XLT4768V,1,김병오,지역구,서울 구로구병,서울특별시 구로구 병,,,민주당,민주당1991,새정치국민회의,민주당,1992-05-30,1996-05-29,general,term_end,term_end,,term_start,,term_end,,,,,,,,1992.05.30 ~ 1996.05.29,제14대 민주당 서울 구로구병,nfzegpkvaclgtscxt,김병오 (정치인),40331547,,,False
14,XP35003L,1,조용직,비례대표,전국구,,민주자유당,34,민주자유당,민주자유당,신한국당,민주자유당,1992-10-16,1996-02-22,succession_pr,disqualified,pr_seat_lost_on_leaving_party,조용직 탈당으로 의원직 상실 김현배 승계 / 의원직 상실,api_later_than_wiki,wikilist=1992-10-13; wikiseat=1992-10-13,api_earlier_than_wiki,wikilist=1996-02-23; wikiseat=1996-02-23,1992-10-13,1996-02-23,1992-10-13,1996-02-23,,,1992.10.16 ~ 1996.02.22,제14대 민주자유당,nfzegpkvaclgtscxt,조용직,40331547,41819802,"manual check: Start: 한국일보 1992-10-16 reports the succession to 김영삼 on the day of the plenary vote (1992-10-15), NA says 1992-10-16. End: 중부매일 1996-02-24 gives the 22nd for the party exit (as the NA), 매일경제 1996-02-24 says the 23rd (as Wikipedia). NA dates kept.",True
14,Y009633J,1,배기선,비례대표,전국구,,민주당,24,민주당,민주당1991,통합민주당,민주당,1995-09-04,1996-03-04,succession_pr,disqualified,pr_seat_lost_on_leaving_party,"장재식, 이우정, 나병선, 김충현, 박정훈, 김옥두, 남궁진 / 배기선 탈당으로 의원직 상실 / 최병욱, 장정곤, 김유진, 서호석, 장광근, 박명서, 한원석 / 김용덕 승계 / 의원직 상실",verified_manual,"api=1995-09-04; chosen=1995-09-04; NA date confirmed. Wikipedia gives 1995-08-30 and 1995-08-31, the day of 박지원's resignation. The NEC decided the succession on 1995-09-04.",confirmed,wikilist,1995-08-30,1996-03-04,1995-08-31,1996-03-02,,,1995.09.04 ~ 1996.03.04,제14대 민주당 전국구,nfzegpkvaclgtscxt,배기선,40331547,41819802,,True
14,Y0G24569,1,이승윤,지역구,인천 북구을,인천직할시 북구 을,,,민주자유당,민주자유당,신한국당,민주자유당,1992-05-30,1996-05-29,general,term_end,term_end,,term_start,,term_end,,,,,,,,1992.05.30 ~ 1996.05.29,제14대 민주자유당 인천 북구을,nfzegpkvaclgtscxt,이승윤 (1931년),40331547,,,False
14,Y2W9921H,1,김영배,지역구,서울 양천구을,서울특별시 양천구 을,,,민주당,민주당1991,새정치국민회의,민주당,1992-05-30,1996-05-29,general,term_end,term_end,,term_start,,term_end,,,,,,,,1992.05.30 ~ 1996.05.29,제14대 민주당 서울 양천구을,nfzegpkvaclgtscxt,김영배 (1932년),40331547,41819802,,False
14,Y786057K,1,박명환,지역구,서울 마포구갑,서울특별시 마포구 갑,,,민주자유당,민주자유당,신한국당,민주자유당,1992-05-30,1996-05-29,general,term_end,term_end,,term_start,,term_end,,,,,,,,1992.05.30 ~ 1996.05.29,제14대 민주자유당 서울 마포구갑,nfzegpkvaclgtscxt,박명환 (1938년),40331547,41819802,,False
14,YE691699,1,이규택,지역구,경기 여주군,경기도 여주군,,,민주당,민주당1991,통합민주당,민주당,1992-05-30,1996-05-29,general,term_end,term_end,,term_start,,term_end,,,,,,,,1992.05.30 ~ 1996.05.29,제14대 민주당 경기도 여주군,nfzegpkvaclgtscxt,이규택,40331547,,,False
14,YEB5724H,1,김원길,지역구,서울 도봉구을,서울특별시 도봉구 을,,,민주당,민주당1991,새정치국민회의,민주당,1992-05-30,1996-05-29,general,term_end,term_end,,term_start,,term_end,,,,,,,,1992.05.30 ~ 1996.05.29,제14대 민주당 서울 도봉구을,nfzegpkvaclgtscxt,김원길,40331547,,,False
14,YZD5879G,1,성무용,지역구,충남 천안시,충청남도 천안시,,,무소속,무소속,신한국당,무소속,1992-05-30,1996-05-29,general,term_end,term_end,,term_start,,term_end,,,,,,,,1992.05.30 ~ 1996.05.29,제14대 무소속 충남 천안시,nfzegpkvaclgtscxt,성무용,40331547,,,False
14,Z7S33250,1,김효영,지역구,강원 동해시,강원도 동해시,,,통일국민당,통일국민당,신한국당,통일국민당,1992-05-30,1996-05-29,general,term_end,term_end,,term_start,,term_end,,,,,,,,1992.05.30 ~ 1996.05.29,제14대 통일국민당 강원 동해시,nfzegpkvaclgtscxt,김효영 (1923년),40331547,41819802,,False
14,ZB14984Z,1,이길재,지역구,광주 북구을,광주직할시 북구 을,,,민주당,민주당1991,새정치국민회의,민주당,1992-05-30,1996-05-29,general,term_end,term_end,,term_start,,term_end,,,,,,,,1992.05.30 ~ 1996.05.29,제14대 민주당 광주 북구을,nfzegpkvaclgtscxt,이길재,40331547,41819802,,False
14,ZHZ1115L,1,정주일,지역구,경기 구리시,경기도 구리시,,,통일국민당,통일국민당,신한국당,통일국민당,1992-05-30,1996-05-29,general,term_end,term_end,,term_start,,term_end,,,,,,,,1992.05.30 ~ 1996.05.29,제14대 통일국민당 경기 구리시,nfzegpkvaclgtscxt,이주일,40331547,41819802,,False
14,ZQO33825,1,양순직,비례대표,전국구,,통일국민당,2,통일국민당,통일국민당,자유민주연합,통일국민당,1992-05-30,1996-05-29,general,term_end,term_end,,term_start,,term_end,,,,,,,,1992.05.30 ~ 1996.05.29,제14대 통일국민당,nfzegpkvaclgtscxt,양순직,40331547,,,False
14,ZS11174V,1,김범명,지역구,충남 논산,충청남도 논산군,,,통일국민당,통일국민당,자유민주연합,통일국민당,1992-05-30,1996-05-29,general,term_end,term_end,,term_start,,term_end,,,,,,,,1992.05.30 ~ 1996.05.29,제14대 통일국민당 충남 논산,nfzegpkvaclgtscxt,김범명,40331547,,,False
15,04C1334C,1,이성재,비례대표,전국구,,새정치국민회의,3,새정치국민회의,새정치국민회의,새천년민주당,새정치국민회의,1996-05-30,2000-05-29,general,term_end,term_end,,term_start,,term_end,,,,,,,,1996.05.30 ~ 2000.05.29,제15대 새정치국민회의,nfzegpkvaclgtscxt,이성재 (1958년),41996917,,,False
15,04Z5194C,1,김인영,지역구,경기 수원시권선구,경기도 수원시 권선구,,,신한국당,신한국당,새천년민주당,신한국당,1996-05-30,2000-05-29,general,term_end,term_end,,term_start,,term_end,,,,,,,,1996.05.30 ~ 2000.05.29,제15대 신한국당 경기 수원시권선구,nfzegpkvaclgtscxt,김인영 (1939년),41996917,,,False
15,0EI5067Y,1,한광옥,지역구,서울 구로구을,서울특별시 구로구 을,,,새정치국민회의,새정치국민회의,새정치국민회의,새정치국민회의,1999-03-31,1999-11-24,by_election,resigned,resigned_on_appointment,,confirmed_pollday_plus1,wikilist=1999-03-30; wikiseat=1999-03-30,verified_manual,api=2000-05-29; chosen=1999-11-24; API reports a full term. kowiki list gives 1999.11.24. 의원직 사퇴. News confirms appointment as presidential chief of staff in November 1999 (month level only).,1999-03-30,1999-11-24,1999-03-30,,,,1999.03.31 ~ 2000.05.29,제15대 새정치국민회의 서울 구로구을,nfzegpkvaclgtscxt,한광옥,41996917,41996916,exit_reason set by manual_checks.csv (was term_end); exit_detail set by manual_checks.csv (was term_end),True
15,0P85685J,1,이회창,비례대표,전국구,,신한국당,1,신한국당,신한국당,한나라당,신한국당,1996-05-30,1997-11-26,general,resigned,resigned_other,의원직 사퇴,term_start,,verified_manual,"api=1997-12-29; chosen=1997-11-26; API end is impossible (seat count exceeds 299 from 1997-12-20, when the API seats his successor 이찬진). kowiki list and 의석 변동 both give 1997-11-26, the candidate registration day announced in advance.",,1997-11-26,,,,,1996.05.30 ~ 1997.12.29,제15대 신한국당,nfzegpkvaclgtscxt,이회창,41996917,41996916,,True
15,0P85685J,2,이회창,지역구,서울 송파구갑,서울특별시 송파구 갑,,,한나라당,한나라당,한나라당,한나라당,1999-06-03,2000-05-29,by_election,term_end,term_end,,confirmed,wikilist+wikiseat,term_end,,1999-06-03,,1999-06-03,,,,1999.06.03 ~ 2000.05.29,제15대 한나라당 서울 송파구갑,nfzegpkvaclgtscxt,이회창,41996917,41996916,,False
15,0PD7143R,1,조철구,지역구,인천 서구,인천광역시 서구,,,새정치국민회의,새정치국민회의,새정치국민회의,새정치국민회의,1996-05-30,1996-12-30,general,died,died,사망 / 30 사망,term_start,,confirmed,wikilist+wikiseat,,1996-12-30,,1996-12-30,,,1996.05.30 ~ 1996.12.30,제15대 새정치국민회의 인천 서구,nfzegpkvaclgtscxt,조철구,41996917,41996916,,False
15,0TQ9462M,1,김도언,지역구,부산 금정구을,부산광역시 금정구 을,,,신한국당,신한국당,한나라당,신한국당,1996-05-30,2000-05-29,general,term_end,term_end,,term_start,,term_end,,,,,,,,1996.05.30 ~ 2000.05.29,제15대 신한국당 부산 금정구을,nfzegpkvaclgtscxt,김도언 (1940년),41996917,,,False
15,0Z61852C,1,김종학,지역구,"경북 경산시,청도군",경상북도 경산시·청도군,,,자유민주연합,자유민주연합,자유민주연합,자유민주연합,1996-05-30,2000-05-29,general,term_end,term_end,,term_start,,term_end,,,,,,,,1996.05.30 ~ 2000.05.29,"제15대 자유민주연합 경북 경산시,청도군",nfzegpkvaclgtscxt,김종학 (1941년),41996917,,,False
15,14C8747Q,1,노승우,지역구,서울 동대문구갑,서울특별시 동대문구 갑,,,신한국당,신한국당,자유민주연합,신한국당,1996-05-30,2000-05-29,general,term_end,term_end,,term_start,,term_end,,,,,,,,1996.05.30 ~ 2000.05.29,제15대 신한국당 서울 동대문구갑,nfzegpkvaclgtscxt,노승우,41996917,,,False
15,19211414,1,이웅희,지역구,경기 용인시,경기도 용인시,,,신한국당,신한국당,무소속,신한국당,1996-05-30,2000-05-29,general,term_end,term_end,,term_start,,term_end,,,,,,,,1996.05.30 ~ 2000.05.29,제15대 신한국당 경기 용인시,nfzegpkvaclgtscxt,이웅희 (1931년),41996917,,,False
15,1BD20308,1,김철,비례대표,전국구,,신한국당,14,신한국당,신한국당,한나라당,신한국당,1996-05-30,2000-02-26,general,disqualified,pr_seat_lost_on_leaving_party,김철 탈당으로 의원직 상실 황승민 승계 / 의원직 상실,term_start,,api_later_than_wiki,wikilist=2000-02-25; wikiseat=2000-02-22,,2000-02-25,,2000-02-22,,,1996.05.30 ~ 2000.02.26,제15대 신한국당,nfzegpkvaclgtscxt,김철 (1945년),41996917,41996916,,False
15,1C04271Z,1,김영환,지역구,경기 안산시갑,경기도 안산시 갑,,,새정치국민회의,새정치국민회의,새천년민주당,새정치국민회의,1996-05-30,2000-05-29,general,term_end,term_end,,term_start,,term_end,,,,,,,,1996.05.30 ~ 2000.05.29,제15대 새정치국민회의 경기 안산시갑,nfzegpkvaclgtscxt,김영환 (1955년),41996917,,,False
15,1G96387U,1,조진형,지역구,인천 부평구갑,인천광역시 부평구 갑,,,신한국당,신한국당,한나라당,신한국당,1996-05-30,2000-05-29,general,term_end,term_end,,term_start,,term_end,,,,,,,,1996.05.30 ~ 2000.05.29,제15대 신한국당 인천 부평구갑,nfzegpkvaclgtscxt,조진형,41996917,,,False
15,1O552089,1,이상만,지역구,충남 아산시,충청남도 아산시,,,자유민주연합,자유민주연합,희망의한국신당,자유민주연합,1996-05-30,2000-05-29,general,term_end,term_end,,term_start,,term_end,,,,,,,,1996.05.30 ~ 2000.05.29,제15대 자유민주연합 충남 아산시,nfzegpkvaclgtscxt,이상만 (1939년),41996917,,,False
15,1OP1897P,1,김홍일,지역구,"전남 목포,신안갑",전라남도 목포시·신안군 갑,,,새정치국민회의,새정치국민회의,새천년민주당,새정치국민회의,1996-05-30,2000-05-29,general,term_end,term_end,,term_start,,term_end,,,,,,,,1996.05.30 ~ 2000.05.30,"제15대 새정치국민회의 전남 목포,신안갑",nfzegpkvaclgtscxt,김홍일 (1948년),41996917,,"API end 2000-05-30 is after the term end, set to term end or sitting",False
15,1ZF7922T,1,김한길,비례대표,전국구,,새정치국민회의,6,새정치국민회의,새정치국민회의,새정치국민회의,새정치국민회의,1996-05-30,1999-03-03,general,resigned,resigned_on_appointment,김한길 청와대 정책수석 임명으로 의원직 사퇴 이훈평 승계 / 의원직 사퇴,term_start,,confirmed,wikilist+wikiseat,,1999-03-03,,1999-03-03,,,1996.05.30 ~ 1999.03.03,제15대 새정치국민회의,nfzegpkvaclgtscxt,김한길,41996917,41996916,,False
15,21U3017N,1,신낙균,비례대표,전국구,,새정치국민회의,8,새정치국민회의,새정치국민회의,새천년민주당,새정치국민회의,1996-05-30,2000-05-29,general,term_end,term_end,,term_start,,term_end,,,,,,,,1996.05.30 ~ 2000.05.29,제15대 새정치국민회의,nfzegpkvaclgtscxt,신낙균,41996917,,,False
15,2502554M,1,하경근,비례대표,전국구,,통합민주당,6,통합민주당,통합민주당1995,한나라당,민주당,1996-05-30,2000-05-29,general,term_end,term_end,,term_start,,term_end,,,,,,,,1996.05.30 ~ 2000.05.29,제15대 민주당,nfzegpkvaclgtscxt,하경근,41996917,,,False
15,2AS29941,1,김허남,비례대표,전국구,,자유민주연합,4,자유민주연합,자유민주연합,자유민주연합,자유민주연합,1996-05-30,2000-05-29,general,term_end,term_end,,term_start,,term_end,,,,,,,,1996.05.30 ~ 2000.05.29,제15대 자유민주연합,nfzegpkvaclgtscxt,김허남,41996917,,,False
15,2GA5658A,1,백승홍,지역구,대구 서구갑,대구광역시 서구 갑,,,무소속,무소속,한나라당,무소속,1996-05-30,2000-05-29,general,term_end,term_end,,term_start,,term_end,,,,,,,,1996.05.30 ~ 2000.05.29,제15대 무소속 대구 서구갑,nfzegpkvaclgtscxt,백승홍,41996917,,,False
15,2GM8059R,1,박창달,비례대표,전국구,,신한국당,26,한나라당,한나라당,한나라당,한나라당,2000-03-14,2000-05-29,succession_pr,term_end,term_end,,api_later_than_wiki,wikilist=2000-02; wikiseat=2000-03-08,term_end,,2000-02,,2000-03-08,,,,2000.03.14 ~ 2000.05.29,제15대 한나라당,nfzegpkvaclgtscxt,박창달,41996917,41996916,,False
15,2PO2218L,1,정균환,지역구,전북 고창군,전라북도 고창군,,,새정치국민회의,새정치국민회의,새천년민주당,새정치국민회의,1996-05-30,2000-05-29,general,term_end,term_end,,term_start,,term_end,,,,,,,,1996.05.30 ~ 2000.05.29,제15대 새정치국민회의 전북 고창군,nfzegpkvaclgtscxt,정균환,41996917,,,False
15,2VF5648T,1,노무현,지역구,서울 종로구,서울특별시 종로구,,,새정치국민회의,새정치국민회의,새천년민주당,새정치국민회의,1998-07-21,2000-05-29,by_election,term_end,term_end,,confirmed,wikilist+wikiseat,term_end,,1998-07-21,,1998-07-21,,,,1998.07.21 ~ 2000.05.29,제15대 새정치국민회의 서울 종로구,nfzegpkvaclgtscxt,노무현,41996917,41996916,,False
15,2XE5489Z,1,함종한,지역구,강원 원주시갑,강원도 원주시 갑,,,신한국당,신한국당,한나라당,신한국당,1996-05-30,2000-05-29,general,term_end,term_end,,term_start,,term_end,,,,,,,,1996.05.30 ~ 2000.05.29,제15대 신한국당 강원 원주시갑,nfzegpkvaclgtscxt,함종한,41996917,,,False
15,33J43967,1,서상목,지역구,서울 강남구갑,서울특별시 강남구 갑,,,신한국당,신한국당,한나라당,신한국당,1996-05-30,1999-09-06,general,resigned,resigned_other,,term_start,,verified_manual,api=2000-05-29; chosen=1999-09-06; API reports a full term. Three sources report resignation on 1999-09-06.,,1999-09-06,,,,,1996.05.30 ~ 2000.05.29,제15대 신한국당 서울 강남구갑,nfzegpkvaclgtscxt,서상목,41996917,41996916,exit_reason set by manual_checks.csv (was term_end); exit_detail set by manual_checks.csv (was term_end),True
15,34C34428,1,최병렬,지역구,서울 서초구갑,서울특별시 서초구 갑,,,신한국당,신한국당,한나라당,신한국당,1996-05-30,1998-04-29,general,resigned,resigned_to_run_for_other_office,서울시장 출마로 사퇴 / 의원직 사퇴,term_start,,confirmed,wikiseat,,1998-04-27,,1998-04-29,,,1996.05.30 ~ 1998.04.29,제15대 신한국당 서울 서초구갑,nfzegpkvaclgtscxt,최병렬 (정치인),41996917,41996916,,False
15,35I30124,1,강삼재,지역구,경남 마산시회원구,경상남도 마산시 회원구,,,신한국당,신한국당,한나라당,신한국당,1996-05-30,2000-05-29,general,term_end,term_end,,term_start,,term_end,,,,,,,,1996.05.30 ~ 2000.05.29,제15대 신한국당 경남 마산시회원구,nfzegpkvaclgtscxt,강삼재,41996917,,,False
15,3L95335E,1,이양희,지역구,대전 동구을,대전광역시 동구 을,,,자유민주연합,자유민주연합,자유민주연합,자유민주연합,1996-05-30,2000-05-29,general,term_end,term_end,,term_start,,term_end,,,,,,,,1996.05.30 ~ 2000.05.29,제15대 자유민주연합 대전 동구을,nfzegpkvaclgtscxt,이양희 (1945년),41996917,,,False
15,3N322891,1,윤철상,지역구,전북 정읍시,전라북도 정읍시,,,새정치국민회의,새정치국민회의,새천년민주당,새정치국민회의,1996-05-30,2000-05-29,general,term_end,term_end,,term_start,,term_end,,,,,,,,1996.05.30 ~ 2000.05.29,제15대 새정치국민회의 전북 정읍시,nfzegpkvaclgtscxt,윤철상,41996917,,,False
15,3O66539X,1,김성곤,지역구,전남 여천시여천군,전라남도 여천시·여천군,,,새정치국민회의,새정치국민회의,새천년민주당,새정치국민회의,1996-05-30,2000-05-29,general,term_end,term_end,,term_start,,term_end,,,,,,,,1996.05.30 ~ 2000.05.29,제15대 새정치국민회의 전남 여천시여천군,nfzegpkvaclgtscxt,김성곤 (1952년),41996917,,,False
15,3OA12807,1,권오을,지역구,경북 안동갑,경상북도 안동시 갑,,,통합민주당,통합민주당1995,한나라당,통합민주당,1996-05-30,2000-05-29,general,term_end,term_end,,term_start,,term_end,,,,,,,,1996.05.30 ~ 2000.05.29,제15대 통합민주당 경북 안동갑,nfzegpkvaclgtscxt,권오을,41996917,,,False
15,3QR9592J,1,강용식,비례대표,전국구,,신한국당,18,신한국당,신한국당,한나라당,신한국당,1996-05-30,2000-05-29,general,term_end,term_end,,term_start,,term_end,,,,,,,,1996.05.30 ~ 2000.05.29,제15대 신한국당,nfzegpkvaclgtscxt,강용식,41996917,,,False
15,3SP89633,1,천정배,지역구,경기 안산시을,경기도 안산시 을,,,새정치국민회의,새정치국민회의,새천년민주당,새정치국민회의,1996-05-30,2000-05-29,general,term_end,term_end,,term_start,,term_end,,,,,,,,1996.05.30 ~ 2000.05.29,제15대 새정치국민회의 경기 안산시을,nfzegpkvaclgtscxt,천정배,41996917,,,False
15,3VF81352,1,구천서,지역구,충북 청주시상당구,충청북도 청주시 상당구,,,자유민주연합,자유민주연합,자유민주연합,자유민주연합,1996-05-30,2000-05-29,general,term_end,term_end,,term_start,,term_end,,,,,,,,1996.05.30 ~ 2000.05.29,제15대 자유민주연합 충북 청주시상당구,nfzegpkvaclgtscxt,구천서 (정치인),41996917,,,False
15,3ZQ9830G,1,전석홍,비례대표,전국구,,신한국당,11,신한국당,신한국당,한나라당,신한국당,1996-05-30,2000-05-29,general,term_end,term_end,,term_start,,term_end,,,,,,,,1996.05.30 ~ 2000.05.29,제15대 신한국당,nfzegpkvaclgtscxt,전석홍,41996917,,,False
15,44936542,1,박종근,지역구,대구 달서구갑,대구광역시 달서구 갑,,,자유민주연합,자유민주연합,한나라당,자유민주연합,1996-05-30,2000-05-29,general,term_end,term_end,,term_start,,term_end,,,,,,,,1996.05.30 ~ 2000.05.29,제15대 자유민주연합 대구광역시 달서구갑,nfzegpkvaclgtscxt,박종근 (1937년),41996917,,,False
15,48H5289C,1,이응선,지역구,"강원 홍천,횡성군",강원도 홍천군·횡성군,,,신한국당,신한국당,한나라당,신한국당,1996-05-30,2000-05-29,general,term_end,term_end,,term_start,,term_end,,,,,,,,1996.05.30 ~ 2000.05.29,"제15대 신한국당 강원 홍천,횡성군",nfzegpkvaclgtscxt,이응선,41996917,,,False
15,48Y5944Y,1,지대섭,비례대표,전국구,,자유민주연합,6,자유민주연합,자유민주연합,자유민주연합,자유민주연합,1996-05-30,2000-02-07,general,disqualified,pr_seat_lost_on_leaving_party,지대섭 탈당으로 의원직 상실 주양자 승계 / 의원직 상실,term_start,,confirmed,wikilist+wikiseat,,2000-02-07,,2000-02-07,,,1996.05.30 ~ 2000.02.07,제15대 자유민주연합,nfzegpkvaclgtscxt,지대섭 (1943년),41996917,41996916,,False
15,4B59693B,1,장을병,지역구,강원 삼척시,강원도 삼척시,,,통합민주당,통합민주당1995,새천년민주당,통합민주당,1996-05-30,2000-05-29,general,term_end,term_end,,term_start,,term_end,,,,,,,,1996.05.30 ~ 2000.05.29,제15대 통합민주당 강원 삼척시,nfzegpkvaclgtscxt,장을병,41996917,,,False
15,4BO2589O,1,김고성,지역구,충남 연기군,충청남도 연기군,,,자유민주연합,자유민주연합,희망의한국신당,자유민주연합,1996-05-30,2000-05-29,general,term_end,term_end,,term_start,,term_end,,,,,,,,1996.05.30 ~ 2000.05.29,제15대 자유민주연합 충남 연기군,nfzegpkvaclgtscxt,김고성,41996917,,,False
15,4HB8518T,1,박근혜,지역구,대구 달성군,대구광역시 달성군,,,한나라당,한나라당,한나라당,한나라당,1998-04-02,2000-05-29,by_election,term_end,term_end,,confirmed,wikilist+wikiseat,term_end,,1998-04-02,,1998-04-02,,,,1998.04.02 ~ 2000.05.29,제15대 한나라당 대구 달성군,nfzegpkvaclgtscxt,박근혜,41996917,41996916,,False
15,4L33286K,1,정한용,지역구,서울 구로구갑,서울특별시 구로구 갑,,,새정치국민회의,새정치국민회의,자유민주연합,새정치국민회의,1996-05-30,2000-05-29,general,term_end,term_end,,term_start,,term_end,,,,,,,,1996.05.30 ~ 2000.05.29,제15대 새정치국민회의 서울 구로구갑,nfzegpkvaclgtscxt,정한용,41996917,,,False
15,4MO1238K,1,김병태,지역구,서울 송파구병,서울특별시 송파구 병,,,새정치국민회의,새정치국민회의,새천년민주당,새정치국민회의,1996-05-30,2000-05-29,general,term_end,term_end,,term_start,,term_end,,,,,,,,1996.05.30 ~ 2000.05.29,제15대 새정치국민회의 서울 송파구병,nfzegpkvaclgtscxt,김병태 (1937년),41996917,,,False
15,4MX3134T,1,김형오,지역구,부산 영도구,부산광역시 영도구,,,신한국당,신한국당,한나라당,신한국당,1996-05-30,2000-05-29,general,term_end,term_end,,term_start,,term_end,,,,,,,,1996.05.30 ~ 2000.05.29,제15대 신한국당 부산광역시 영도구,nfzegpkvaclgtscxt,김형오,41996917,,,False
15,4OP2362T,1,장성원,지역구,전북 김제시,전라북도 김제시,,,새정치국민회의,새정치국민회의,새천년민주당,새정치국민회의,1996-05-30,2000-05-29,general,term_end,term_end,,term_start,,term_end,,,,,,,,1996.05.30 ~ 2000.05.29,제15대 새정치국민회의 전북 김제시,nfzegpkvaclgtscxt,장성원 (1939년),41996917,,,False
15,4Y54669I,1,서청원,지역구,서울 동작구갑,서울특별시 동작구 갑,,,신한국당,신한국당,한나라당,신한국당,1996-05-30,2000-05-29,general,term_end,term_end,,term_start,,term_end,,,,,,,,1996.05.30 ~ 2000.05.29,제15대 신한국당 서울 동작구갑,nfzegpkvaclgtscxt,서청원,41996917,,,False
15,5637263F,1,신상우,지역구,부산 사상구을,부산광역시 사상구 을,,,신한국당,신한국당,민주국민당,신한국당,1996-05-30,2000-05-29,general,term_end,term_end,,term_start,,term_end,,,,,,,,1996.05.30 ~ 2000.05.29,제15대 신한국당 부산 사상구을,nfzegpkvaclgtscxt,신상우 (정치인),41996917,,,False
15,5E34737X,1,강종희,비례대표,전국구,,자유민주연합,10,자유민주연합,자유민주연합,자유민주연합,자유민주연합,1998-04-10,2000-05-29,succession_pr,term_end,term_end,,api_later_than_wiki,wikilist=1998-04-06; wikiseat=1998-03-06,term_end,,1998-04-06,,1998-03-06,,,,1998.04.10 ~ 2000.05.29,제15대 자유민주연합,nfzegpkvaclgtscxt,강종희,41996917,41996916,,False
15,5OE21654,1,손세일,지역구,서울 은평구갑,서울특별시 은평구 갑,,,새정치국민회의,새정치국민회의,새천년민주당,새정치국민회의,1996-05-30,2000-05-29,general,term_end,term_end,,term_start,,term_end,,,,,,,,1996.05.30 ~ 2000.05.29,제15대 새정치국민회의 서울 은평구갑,nfzegpkvaclgtscxt,손세일,41996917,,,False
15,5PS66776,1,맹형규,지역구,서울 송파구을,서울특별시 송파구 을,,,신한국당,신한국당,한나라당,신한국당,1996-05-30,2000-05-29,general,term_end,term_end,,term_start,,term_end,,,,,,,,1996.05.30 ~ 2000.05.29,제15대 신한국당 서울 송파구을,nfzegpkvaclgtscxt,맹형규,41996917,,,False
15,5TR31814,1,홍인길,지역구,부산 서구,부산광역시 서구,,,신한국당,신한국당,한나라당,신한국당,1996-05-30,1997-12-26,general,disqualified,court_ruling_election_law,대법원에서 공직선거법 위반으로 의원직 상실 / 의원직 상실,term_start,,confirmed,wikilist+wikiseat,,1997-12-26,,1997-12-26,,,1996.05.30 ~ 1997.12.26,제15대 신한국당 부산 서구,nfzegpkvaclgtscxt,홍인길,41996917,41996916,,False
15,5W34729L,1,이상수,지역구,서울 중랑구갑,서울특별시 중랑구 갑,,,새정치국민회의,새정치국민회의,새천년민주당,새정치국민회의,1996-05-30,2000-05-29,general,term_end,term_end,,term_start,,term_end,,,,,,,,1996.05.30 ~ 2000.05.29,제15대 새정치국민회의 서울 중랑구갑,nfzegpkvaclgtscxt,이상수 (1946년),41996917,,,False
15,5YX7831C,1,정몽준,지역구,경남 울산시동구,경상남도 울산시 동구,,,무소속,무소속,무소속,무소속,1996-05-30,2000-05-29,general,term_end,term_end,,term_start,,term_end,,,,,,,,1996.05.30 ~ 2000.05.29,제15대 무소속 경남 울산시동구,nfzegpkvaclgtscxt,정몽준,41996917,,,False
15,66U24346,1,이수인,비례대표,전국구,,통합민주당,3,통합민주당,통합민주당1995,무소속,통합민주당,1996-05-30,2000-05-29,general,term_end,term_end,,term_start,,term_end,,,,,,,,1996.05.30 ~ 2000.05.29,제15대 통합민주당,nfzegpkvaclgtscxt,이수인 (1941년),41996917,,,False
15,6GM6942I,1,안택수,지역구,대구 북구을,대구광역시 북구 을,,,자유민주연합,자유민주연합,한나라당,자유민주연합,1996-05-30,2000-05-29,general,term_end,term_end,,term_start,,term_end,,,,,,,,1996.05.30 ~ 2000.05.29,제15대 자유민주연합 대구광역시 북구을,nfzegpkvaclgtscxt,안택수,41996917,,,False
15,6JD7752M,1,황성균,지역구,경남 사천시,경상남도 사천시,,,무소속,무소속,한나라당,무소속,1996-05-30,2000-05-29,general,term_end,term_end,,term_start,,term_end,,,,,,,,1996.05.30 ~ 2000.05.29,제15대 무소속 경남 사천시,nfzegpkvaclgtscxt,황성균,41996917,,,False
15,6WR1491M,1,유용태,지역구,서울 동작구을,서울특별시 동작구 을,,,신한국당,신한국당,새천년민주당,신한국당,1996-05-30,2000-05-29,general,term_end,term_end,,term_start,,term_end,,,,,,,,1996.05.30 ~ 2000.05.29,제15대 신한국당 서울 동작구을,nfzegpkvaclgtscxt,유용태,41996917,,,False
15,6YB3013O,1,박우병,지역구,"강원 태백,정선",강원도 태백시·정선군,,,신한국당,신한국당,한나라당,신한국당,1996-05-30,2000-05-29,general,term_end,term_end,,term_start,,term_end,,,,,,,,1996.05.30 ~ 2000.05.29,"제15대 신한국당 강원 태백,정선",nfzegpkvaclgtscxt,박우병,41996917,,,False
15,70X11962,1,박헌기,지역구,경북 영천시,경상북도 영천시,,,신한국당,신한국당,한나라당,신한국당,1996-05-30,2000-05-29,general,term_end,term_end,,term_start,,term_end,,,,,,,,1996.05.30 ~ 2000.05.29,제15대 신한국당 경북 영천시,nfzegpkvaclgtscxt,박헌기,41996917,,,False
15,78Y31029,1,이상희,지역구,부산 남구갑,부산광역시 남구 갑,,,신한국당,신한국당,한나라당,신한국당,1996-05-30,2000-05-29,general,term_end,term_end,,term_start,,term_end,,,,,,,,1996.05.30 ~ 2000.05.29,제15대 신한국당 부산 남구갑,nfzegpkvaclgtscxt,이상희 (1938년),41996917,,,False
15,7BN8997H,1,김영진,지역구,강원 원주시을,강원도 원주시 을,,,신한국당,신한국당,자유민주연합,신한국당,1996-05-30,2000-05-29,general,term_end,term_end,,term_start,,term_end,,,,,,,,1996.05.30 ~ 2000.05.29,제15대 신한국당 강원 원주시을,nfzegpkvaclgtscxt,김영진 (1939년),41996917,,,False
15,7BR2274A,1,황낙주,지역구,경남 창원시을,경상남도 창원시 을,,,신한국당,신한국당,한나라당,신한국당,1996-05-30,2000-05-29,general,term_end,term_end,,term_start,,term_end,,,,,,,,1996.05.30 ~ 2000.05.29,제15대 신한국당 경남 창원시을,nfzegpkvaclgtscxt,황낙주,41996917,,,False
15,7DB9465K,1,이훈평,비례대표,전국구,,새정치국민회의,16,새정치국민회의,새정치국민회의,새천년민주당,새정치국민회의,1999-03-06,2000-05-29,succession_pr,term_end,term_end,,api_later_than_wiki,wikilist=1999-03-03; wikiseat=1999-03-03,term_end,,1999-03-03,,1999-03-03,,,,1999.03.06 ~ 2000.05.29,제15대 새정치국민회의,nfzegpkvaclgtscxt,이훈평,41996917,41996916,,False
15,7JU4203F,1,이동복,비례대표,전국구,,자유민주연합,8,자유민주연합,자유민주연합,자유민주연합,자유민주연합,1996-05-30,2000-05-29,general,term_end,term_end,,term_start,,term_end,,,,,,,,1996.05.30 ~ 2000.05.29,제15대 자유민주연합,nfzegpkvaclgtscxt,이동복 (1937년),41996917,,,False
15,7LS7395X,1,이태섭,지역구,경기 수원시장안구,경기도 수원시 장안구,,,자유민주연합,자유민주연합,자유민주연합,자유민주연합,1997-03-05,2000-05-29,by_election,term_end,term_end,,confirmed,wikilist+wikiseat,term_end,,1997-03-05,,1997-03-05,,,,1997.03.05 ~ 2000.05.29,제15대 자유민주연합 경기 수원시장안구,nfzegpkvaclgtscxt,이태섭 (1939년),41996917,41996916,,False
15,7SQ81593,1,이신행,지역구,서울 구로구을,서울특별시 구로구 을,,,신한국당,신한국당,한나라당,신한국당,1996-05-30,1998-12-22,general,disqualified,court_ruling_election_law,대법원에서 당선무효형 확정으로 의원직 상실 / 의원직 상실,term_start,,confirmed,wikilist+wikiseat,,1998-12-22,,1998-12-22,,,1996.05.30 ~ 1998.12.22,제15대 신한국당 서울 구로구을,nfzegpkvaclgtscxt,이신행,41996917,41996916,,False
15,7TU84910,1,한화갑,지역구,"전남 목포,신안을",전라남도 목포시·신안군 을,,,새정치국민회의,새정치국민회의,새천년민주당,새정치국민회의,1996-05-30,2000-05-29,general,term_end,term_end,,term_start,,term_end,,,,,,,,1996.05.30 ~ 2000.05.29,"제15대 새정치국민회의 전남 목포,신안을",nfzegpkvaclgtscxt,한화갑,41996917,,,False
15,7XD22708,1,김동욱,지역구,"경남 통영시,고성군",경상남도 통영시·고성군,,,신한국당,신한국당,한나라당,신한국당,1996-05-30,2000-05-29,general,term_end,term_end,,term_start,,term_end,,,,,,,,1996.05.30 ~ 2000.05.29,"제15대 신한국당 경상남도 통영시,고성군",nfzegpkvaclgtscxt,김동욱 (1934년),41996917,,,False
15,85C2643H,1,박원홍,지역구,서울 서초구갑,서울특별시 서초구 갑,,,한나라당,한나라당,한나라당,한나라당,1998-07-21,2000-05-29,by_election,term_end,term_end,,confirmed,wikilist+wikiseat,term_end,,1998-07-21,,1998-07-21,,,,1998.07.21 ~ 2000.05.29,제15대 한나라당 서울 서초구갑,nfzegpkvaclgtscxt,박원홍,41996917,41996916,,False
15,85U15859,1,강경식,지역구,부산 동래구을,부산광역시 동래구 을,,,신한국당,신한국당,무소속,신한국당,1996-05-30,2000-05-29,general,term_end,term_end,,term_start,,term_end,,,,,,,,1996.05.30 ~ 2000.05.29,제15대 신한국당 부산 동래구을,nfzegpkvaclgtscxt,강경식 (1936년),41996917,,,False
15,87M90165,1,국창근,지역구,전남 담양.장성군,전라남도 담양군·장성군,,,새정치국민회의,새정치국민회의,새천년민주당,새정치국민회의,1996-05-30,2000-05-29,general,term_end,term_end,,term_start,,term_end,,,,,,,,1996.05.30 ~ 2000.05.29,제15대 새정치국민회의 전남 담양.장성군,nfzegpkvaclgtscxt,국창근,41996917,,,False
15,88J81936,1,이강희,지역구,인천 남구을,인천광역시 남구 을,,,신한국당,신한국당,새천년민주당,신한국당,1996-05-30,2000-05-29,general,term_end,term_end,,term_start,,term_end,,,,,,,,1996.05.30 ~ 2000.05.29,제15대 신한국당 인천 남구을,nfzegpkvaclgtscxt,이강희 (1942년),41996917,,,False
15,8BD6108P,1,이상현,지역구,서울 관악구갑,서울특별시 관악구 갑,,,신한국당,신한국당,자유민주연합,신한국당,1996-05-30,2000-05-29,general,term_end,term_end,,term_start,,term_end,,,,,,,,1996.05.30 ~ 2000.05.29,제15대 신한국당 서울 관악구갑,nfzegpkvaclgtscxt,이상현 (정치인),41996917,,,False
15,8KH3730J,1,조순,지역구,강원 강릉시을,강원도 강릉시 을,,,한나라당,한나라당,민주국민당,한나라당,1998-07-21,2000-05-29,by_election,term_end,term_end,,confirmed,wikilist+wikiseat,term_end,,1998-07-21,,1998-07-21,,,,1998.07.21 ~ 2000.05.29,제15대 한나라당 강원 강릉시을,nfzegpkvaclgtscxt,조순,41996917,41996916,,False
15,8L98281J,1,방용석,비례대표,전국구,,새정치국민회의,12,새정치국민회의,새정치국민회의,새천년민주당,새정치국민회의,1996-05-30,2000-05-29,general,term_end,term_end,,term_start,,term_end,,,,,,,,1996.05.30 ~ 2000.05.29,제15대 새정치국민회의,nfzegpkvaclgtscxt,방용석 (정치인),41996917,,,False
15,8NC1161S,1,임인배,지역구,경북 김천시,경상북도 김천시,,,신한국당,신한국당,한나라당,신한국당,1996-05-30,2000-05-29,general,term_end,term_end,,term_start,,term_end,,,,,,,,1996.05.30 ~ 2000.05.29,제15대 신한국당 경북 김천시,nfzegpkvaclgtscxt,임인배,41996917,,,False
15,8OR4908W,1,정석모,지역구,충남 공주시,충청남도 공주시,,,자유민주연합,자유민주연합,자유민주연합,자유민주연합,1996-05-30,2000-05-29,general,term_end,term_end,,term_start,,term_end,,,,,,,,1996.05.30 ~ 2000.05.29,제15대 자유민주연합 충남 공주시,nfzegpkvaclgtscxt,정석모,41996917,,,False
15,96285476,1,이영일,지역구,광주 동구,광주광역시 동구,,,새정치국민회의,새정치국민회의,새천년민주당,새정치국민회의,1997-12-18,2000-05-29,by_election,term_end,term_end,,confirmed,wikilist+wikiseat,term_end,,1997-12-18,,1997-12-18,,,,1997.12.18 ~ 2000.05.29,제15대 새정치국민회의 광주 동구,nfzegpkvaclgtscxt,이영일 (1939년),41996917,41996916,,False
15,96J8998B,1,박종웅,지역구,부산 사하구을,부산광역시 사하구 을,,,신한국당,신한국당,한나라당,신한국당,1996-05-30,2000-05-29,general,term_end,term_end,,term_start,,term_end,,,,,,,,1996.05.30 ~ 2000.05.29,제15대 신한국당 부산 사하구을,nfzegpkvaclgtscxt,박종웅,41996917,,,False
15,9J48880P,1,김진배,지역구,전북 부안군,전라북도 부안군,,,새정치국민회의,새정치국민회의,새천년민주당,새정치국민회의,1996-05-30,2000-05-29,general,term_end,term_end,,term_start,,term_end,,,,,,,,1996.05.30 ~ 2000.05.29,제15대 새정치국민회의 전북 부안군,nfzegpkvaclgtscxt,김진배,41996917,,,False
15,9VF7142D,1,이병희,지역구,경기 수원시장안구,경기도 수원시 장안구,,,자유민주연합,자유민주연합,자유민주연합,자유민주연합,1996-05-30,1997-01-13,general,died,died,사망 / 사망,term_start,,confirmed,wikilist+wikiseat,,1997-01-13,,1997-01-13,,,1996.05.30 ~ 1997.01.13,제15대 자유민주연합 경기 수원시장안구,nfzegpkvaclgtscxt,이병희 (1926년),41996917,41996916,,False
15,9ZP9014Q,1,이해찬,지역구,서울 관악구을,서울특별시 관악구 을,,,새정치국민회의,새정치국민회의,새천년민주당,새정치국민회의,1996-05-30,2000-05-29,general,term_end,term_end,,term_start,,term_end,,,,,,,,1996.05.30 ~ 2000.05.29,제15대 새정치국민회의 서울특별시 관악구을,nfzegpkvaclgtscxt,이해찬,41996917,,,False
15,A1819526,1,김정수,지역구,부산 부산진구을,부산광역시 부산진구 을,,,신한국당,신한국당,한나라당,신한국당,1996-05-30,2000-05-29,general,term_end,term_end,,term_start,,term_end,,,,,,,,1996.05.30 ~ 2000.05.29,제15대 신한국당 부산 부산진구을,nfzegpkvaclgtscxt,김정수 (1937년),41996917,,,False
15,A279211A,1,박승국,지역구,대구 북구갑,대구광역시 북구 갑,,,한나라당,한나라당,한나라당,한나라당,1998-07-21,2000-05-29,by_election,term_end,term_end,,confirmed,wikilist+wikiseat,term_end,,1998-07-21,,1998-07-21,,,,1998.07.21 ~ 2000.05.29,제15대 한나라당 대구 북구갑,nfzegpkvaclgtscxt,박승국 (정치인),41996917,41996916,,False
15,A486635H,1,안상수,지역구,인천 계양구강화갑,인천광역시 계양구·강화군 갑,,,한나라당,한나라당,한나라당,한나라당,1999-06-04,2000-05-29,by_election,term_end,term_end,,confirmed_pollday_plus1,wikilist=1999-06-03; wikiseat=1999-06-03,term_end,,1999-06-03,,1999-06-03,,,,1999.06.04 ~ 2000.05.29,제15대 한나라당 인천 계양구강화갑,nfzegpkvaclgtscxt,안상수 (인천 출신 정치인),41996917,41996916,,False
15,ACK5474A,1,박주천,지역구,서울 마포구을,서울특별시 마포구 을,,,신한국당,신한국당,한나라당,신한국당,1996-05-30,2000-05-29,general,term_end,term_end,,term_start,,term_end,,,,,,,,1996.05.30 ~ 2000.05.29,제15대 신한국당 서울 마포구을,nfzegpkvaclgtscxt,박주천,41996917,,,False
15,ACS7139Z,1,안상수,지역구,"경기 과천시,의왕시",경기도 과천시·의왕시,,,신한국당,신한국당,한나라당,신한국당,1996-05-30,2000-05-29,general,term_end,term_end,,term_start,,term_end,,,,,,,,1996.05.30 ~ 2000.05.29,"제15대 신한국당 경기 과천시,의왕시",nfzegpkvaclgtscxt,안상수 (창원 출신 정치인),41996917,41996916,,False
15,ACT1860R,1,조세형,지역구,경기 광명시을,경기도 광명시 을,,,새정치국민회의,새정치국민회의,새천년민주당,새정치국민회의,1998-07-21,2000-05-29,by_election,term_end,term_end,,confirmed,wikilist+wikiseat,term_end,,1998-07-21,,1998-07-21,,,,1998.07.21 ~ 2000.05.29,제15대 새정치국민회의 경기 광명시을,nfzegpkvaclgtscxt,조세형 (1931년),41996917,41996916,,False
15,AEF95742,1,유재건,지역구,서울 성북구갑,서울특별시 성북구 갑,,,새정치국민회의,새정치국민회의,새천년민주당,새정치국민회의,1996-05-30,2000-05-29,general,term_end,term_end,,term_start,,term_end,,,,,,,,1996.05.30 ~ 2000.05.29,제15대 새정치국민회의 서울특별시 성북구갑,nfzegpkvaclgtscxt,유재건 (1937년),41996917,,,False
15,AM25401F,1,조찬형,지역구,전북 남원시,전라북도 남원시,,,새정치국민회의,새정치국민회의,새천년민주당,새정치국민회의,1996-05-30,2000-05-29,general,term_end,term_end,,term_start,,term_end,,,,,,,,1996.05.30 ~ 2000.05.29,제15대 새정치국민회의 전북 남원시,nfzegpkvaclgtscxt,조찬형,41996917,,,False
15,AML4805R,1,한승수,지역구,강원 춘천시갑,강원도 춘천시 갑,,,신한국당,신한국당,민주국민당,신한국당,1996-05-30,2000-05-29,general,term_end,term_end,,term_start,,term_end,,,,,,,,1996.05.30 ~ 2000.05.29,제15대 신한국당 강원 춘천시갑,nfzegpkvaclgtscxt,한승수,41996917,,,False
15,APN13982,1,이의익,지역구,대구 북구갑,대구광역시 북구 갑,,,자유민주연합,자유민주연합,한나라당,자유민주연합,1996-05-30,1998-05-16,general,resigned,resigned_to_run_for_other_office,대구시장 출마로 사퇴 / 의원직 사퇴,term_start,,confirmed,wikilist,,1998-05-16,,1998-05-02,,,1996.05.30 ~ 1998.05.16,제15대 자유민주연합 대구 북구갑,nfzegpkvaclgtscxt,이의익,41996917,41996916,,False
15,AQZ80083,1,송훈석,지역구,"강원 속초,고성,양양,인제",강원도 속초시·고성군·양양군·인제군,,,신한국당,신한국당,새천년민주당,신한국당,1996-05-30,2000-05-29,general,term_end,term_end,,term_start,,term_end,,,,,,,,1996.05.30 ~ 2000.05.29,"제15대 신한국당 강원 속초,고성,양양,인제",nfzegpkvaclgtscxt,송훈석,41996917,,,False
15,ARP89147,1,정동영,지역구,전북 전주시덕진구,전라북도 전주시 덕진구,,,새정치국민회의,새정치국민회의,새천년민주당,새정치국민회의,1996-05-30,2000-05-29,general,term_end,term_end,,term_start,,term_end,,,,,,,,1996.05.30 ~ 2000.05.29,제15대 새정치국민회의 전북 전주시덕진구,nexgtxtmaamffofof,정동영,41996917,,,False
15,AUU8827S,1,정형근,지역구,"부산 북,강서구갑",부산광역시 북구·강서구 갑,,,신한국당,신한국당,한나라당,신한국당,1996-05-30,2000-05-29,general,term_end,term_end,,term_start,,term_end,,,,,,,,1996.05.30 ~ 2000.05.29,"제15대 신한국당 부산 북,강서구갑",nfzegpkvaclgtscxt,정형근,41996917,,,False
15,AV73550N,1,이상배,지역구,경북 상주시,경상북도 상주시,,,신한국당,신한국당,한나라당,신한국당,1996-05-30,2000-05-29,general,term_end,term_end,,term_start,,term_end,,,,,,,,1996.05.30 ~ 2000.05.29,제15대 신한국당 경상북도 상주시,nfzegpkvaclgtscxt,이상배 (1939년),41996917,,,False
15,AXG1225G,1,조웅규,비례대표,전국구,,신한국당,12,신한국당,신한국당,한나라당,신한국당,1996-05-30,2000-05-29,general,term_end,term_end,,term_start,,term_end,,,,,,,,1996.05.30 ~ 2000.05.29,제15대 신한국당,nfzegpkvaclgtscxt,조웅규,41996917,,,False
15,AZD9831F,1,제정구,지역구,경기 시흥시,경기도 시흥시,,,통합민주당,통합민주당1995,한나라당,민주당,1996-05-30,1999-02-09,general,died,died,사망 / 사망,term_start,,confirmed,wikilist+wikiseat,,1999-02-09,,1999-02-09,,,1996.05.30 ~ 1999.02.09,제15대 민주당 경기 시흥시,nfzegpkvaclgtscxt,제정구,41996917,41996916,,False
15,B3A7296S,1,김중위,지역구,서울 강동구을,서울특별시 강동구 을,,,신한국당,신한국당,한나라당,신한국당,1996-05-30,2000-05-29,general,term_end,term_end,,term_start,,term_end,,,,,,,,1996.05.30 ~ 2000.05.29,제15대 신한국당 서울 강동구을,nfzegpkvaclgtscxt,김중위,41996917,,,False
15,BCO6264C,1,김영진,지역구,"전남 강진,완도군",전라남도 강진군·완도군,,,새정치국민회의,새정치국민회의,새천년민주당,새정치국민회의,1996-05-30,2000-05-29,general,term_end,term_end,,term_start,,term_end,,,,,,,,1996.05.30 ~ 2000.05.29,"제15대 새정치국민회의 전남 강진,완도군",nfzegpkvaclgtscxt,김영진 (1947년),41996917,,,False
15,BIS88804,1,황규선,지역구,경기 이천시,경기도 이천시,,,통합민주당,통합민주당1995,한나라당,민주당,1996-05-30,2000-05-29,general,term_end,term_end,,term_start,,term_end,,,,,,,,1996.05.30 ~ 2000.05.29,제15대 민주당 경기 이천시,nfzegpkvaclgtscxt,황규선,41996917,,,False
15,BIY4474S,1,하순봉,지역구,경남 진주시을,경상남도 진주시 을,,,신한국당,신한국당,한나라당,신한국당,1996-05-30,2000-05-29,general,term_end,term_end,,term_start,,term_end,,,,,,,,1996.05.30 ~ 2000.05.29,제15대 신한국당 경남 진주시을,nfzegpkvaclgtscxt,하순봉,41996917,,,False
15,BJG5829N,1,이협,지역구,전북 익산시을,전라북도 익산시 을,,,새정치국민회의,새정치국민회의,새천년민주당,새정치국민회의,1996-05-30,2000-05-29,general,term_end,term_end,,term_start,,term_end,,,,,,,,1996.05.30 ~ 2000.05.29,제15대 새정치국민회의 전북 익산시을,nfzegpkvaclgtscxt,이협,41996917,,,False
15,BJW1335W,1,변웅전,지역구,"충남 서산시,태안군",충청남도 서산시·태안군,,,자유민주연합,자유민주연합,자유민주연합,자유민주연합,1996-05-30,2000-05-29,general,term_end,term_end,,term_start,,term_end,,,,,,,,1996.05.30 ~ 2000.05.29,"제15대 자유민주연합 충남 서산시,태안군",nfzegpkvaclgtscxt,변웅전,41996917,,,False
15,BL43649M,1,한호선,비례대표,전국구,,자유민주연합,9,자유민주연합,자유민주연합,자유민주연합,자유민주연합,1996-05-30,1998-04-06,general,resigned,resigned_to_run_for_other_office,한호선 강원지사 출마로 사퇴 강종희 승계 / 의원직 사퇴,term_start,,confirmed,wikilist,,1998-04-06,,1998-03-06,,,1996.05.30 ~ 1998.04.06,제15대 자유민주연합,nfzegpkvaclgtscxt,한호선,41996917,41996916,,False
15,BLO60262,1,정영훈,지역구,경기 하남시광주군,경기도 하남시·광주군,,,신한국당,신한국당,새천년민주당,신한국당,1996-05-30,2000-05-29,general,term_end,term_end,,term_start,,term_end,,,,,,,,1996.05.30 ~ 2000.05.29,제15대 신한국당 경기 하남시광주군,nfzegpkvaclgtscxt,정영훈 (1932년),41996917,,,False
15,BNT6492X,1,최선영,지역구,경기 부천시오정구,경기도 부천시 오정구,,,새정치국민회의,새정치국민회의,새천년민주당,새정치국민회의,1996-05-30,2000-05-29,general,term_end,term_end,,term_start,,term_end,,,,,,,,1996.05.30 ~ 2000.05.29,제15대 새정치국민회의 경기 부천시오정구,nfzegpkvaclgtscxt,최선영 (1940년),41996917,,,False
15,BOU2589V,1,이국헌,지역구,경기 고양시덕양구,경기도 고양시 덕양구,,,신한국당,신한국당,한나라당,신한국당,1996-05-30,2000-05-29,general,term_end,term_end,,term_start,,term_end,,,,,,,,1996.05.30 ~ 2000.05.29,제15대 신한국당 경기 고양시덕양구,nfzegpkvaclgtscxt,이국헌 (1936년),41996917,,,False
15,BPZ8472N,1,이원복,지역구,인천 남동구을,인천광역시 남동구 을,,,신한국당,신한국당,한나라당,신한국당,1996-05-30,2000-05-29,general,term_end,term_end,,term_start,,term_end,,,,,,,,1996.05.30 ~ 2000.05.29,제15대 신한국당 인천 남동구을,nfzegpkvaclgtscxt,이원복 (정치인),41996917,,,False
15,BTC9315F,1,조중연,비례대표,전국구,,통합민주당,5,통합민주당,통합민주당1995,한나라당,민주당,1996-05-30,1998-11-17,general,died,died,조중연 사망 이형배 승계 / 사망,term_start,,confirmed,wikilist+wikiseat,,1998-11-17,,1998-11-17,,,1996.05.30 ~ 1998.11.17,제15대 민주당,nfzegpkvaclgtscxt,조중연 (정치인),41996917,41996916,,False
15,BW19186J,1,홍사덕,지역구,서울 강남구을,서울특별시 강남구 을,,,무소속,무소속,한나라당,무소속,1996-05-30,2000-05-29,general,term_end,term_end,,term_start,,term_end,,,,,,,,1996.05.30 ~ 2000.05.29,제15대 무소속 서울 강남구을,nfzegpkvaclgtscxt,홍사덕,41996917,,,False
15,C6N4172N,1,전용원,지역구,경기 구리시,경기도 구리시,,,신한국당,신한국당,한나라당,신한국당,1996-05-30,2000-05-29,general,term_end,term_end,,term_start,,term_end,,,,,,,,1996.05.30 ~ 2000.05.29,제15대 신한국당 경기 구리시,nfzegpkvaclgtscxt,전용원,41996917,,,False
15,CK84835P,1,어준선,지역구,"충북 보은,옥천,영동군",충청북도 보은군·옥천군·영동군,,,자유민주연합,자유민주연합,무소속,자유민주연합,1996-05-30,2000-05-29,general,term_end,term_end,,term_start,,term_end,,,,,,,,1996.05.30 ~ 2000.05.29,"제15대 자유민주연합 충북 보은,옥천,영동군",nfzegpkvaclgtscxt,어준선,41996917,,,False
15,D8I8826O,1,오양순,비례대표,전국구,,신한국당,13,신한국당,신한국당,한나라당,신한국당,1996-05-30,2000-05-29,general,term_end,term_end,,term_start,,term_end,,,,,,,,1996.05.30 ~ 2000.05.29,제15대 신한국당,nfzegpkvaclgtscxt,오양순,41996917,,,False
15,D9M6920Z,1,황승민,비례대표,전국구,,신한국당,25,한나라당,한나라당,한나라당,한나라당,2000-03-04,2000-05-29,succession_pr,term_end,term_end,,api_later_than_wiki,wikilist=2000-02-25; wikiseat=2000-02-22,term_end,,2000-02-25,,2000-02-22,,,,2000.03.04 ~ 2000.05.29,제15대 한나라당,nfzegpkvaclgtscxt,황승민,41996917,41996916,,False
15,DCN7433W,1,정세균,지역구,"전북 진안,무주,장수",전라북도 진안군·무주군·장수군,,,새정치국민회의,새정치국민회의,새천년민주당,새정치국민회의,1996-05-30,2000-05-29,general,term_end,term_end,,term_start,,term_end,,,,,,,,1996.05.30 ~ 2000.05.29,"제15대 새정치국민회의 전북 진안,무주,장수",nfzegpkvaclgtscxt,정세균,41996917,,,False
15,DDK4008U,1,이재선,지역구,대전 서구을,대전광역시 서구 을,,,자유민주연합,자유민주연합,자유민주연합,자유민주연합,1996-05-30,2000-05-29,general,term_end,term_end,,term_start,,term_end,,,,,,,,1996.05.30 ~ 2000.05.29,제15대 자유민주연합 대전 서구을,nfzegpkvaclgtscxt,이재선 (1956년),41996917,,,False
15,DMN9743E,1,최희준,지역구,경기 안양시동안구갑,경기도 안양시 동안구 갑,,,새정치국민회의,새정치국민회의,새천년민주당,새정치국민회의,1996-05-30,2000-05-29,general,term_end,term_end,,term_start,,term_end,,,,,,,,1996.05.30 ~ 2000.05.29,제15대 새정치국민회의 경기 안양시동안구갑,nfzegpkvaclgtscxt,최희준 (가수),41996917,,,False
15,DPP5766B,1,김찬우,지역구,"경북 청송,영덕",경상북도 청송군·영덕군,,,신한국당,신한국당,한나라당,신한국당,1996-05-30,2000-05-29,general,term_end,term_end,,term_start,,term_end,,,,,,,,1996.05.30 ~ 2000.05.29,"제15대 신한국당 경북 청송,영덕",nfzegpkvaclgtscxt,김찬우 (1933년),41996917,,,False
15,DQE3331P,1,박철언,지역구,대구 수성구갑,대구광역시 수성구 갑,,,자유민주연합,자유민주연합,자유민주연합,자유민주연합,1996-05-30,2000-05-29,general,term_end,term_end,,term_start,,term_end,,,,,,,,1996.05.30 ~ 2000.05.29,제15대 자유민주연합 대구 수성구갑,nfzegpkvaclgtscxt,박철언,41996917,,,False
15,DSP4257Y,1,남평우,지역구,경기 수원시팔달구,경기도 수원시 팔달구,,,신한국당,신한국당,한나라당,신한국당,1996-05-30,1998-03-13,general,died,died,사망 / 사망,term_start,,confirmed,wikilist+wikiseat,,1998-03-13,,1998-03-13,,,1996.05.30 ~ 1998.03.13,제15대 신한국당 경기 수원시팔달구,nfzegpkvaclgtscxt,남평우,41996917,41996916,,False
15,DTM59312,1,김태호,지역구,경남 울산시중구,경상남도 울산시 중구,,,신한국당,신한국당,한나라당,신한국당,1996-05-30,2000-05-29,general,term_end,term_end,,term_start,,term_end,,,,,,,,1996.05.30 ~ 2000.05.29,제15대 신한국당 경남 울산시중구,nfzegpkvaclgtscxt,김태호 (1935년),41996917,,,False
15,E0N47877,1,김기재,지역구,부산 해운대구기장군을,부산광역시 해운대구·기장군 을,,,신한국당,신한국당,한나라당,신한국당,1996-05-30,1998-04-06,general,resigned,resigned_to_run_for_other_office,부산시장 출마로 사퇴 / 의원직 사퇴,term_start,,confirmed,wikilist+wikiseat,,1998-04-06,,1998-04-06,,,1996.05.30 ~ 1998.04.06,제15대 신한국당 부산 해운대구기장군을,nfzegpkvaclgtscxt,김기재 (1946년),41996917,41996916,,False
15,E2O7996B,1,신기남,지역구,서울 강서구갑,서울특별시 강서구 갑,,,새정치국민회의,새정치국민회의,새천년민주당,새정치국민회의,1996-05-30,2000-05-29,general,term_end,term_end,,term_start,,term_end,,,,,,,,1996.05.30 ~ 2000.05.29,제15대 새정치국민회의 서울특별시 강서구갑,nfzegpkvaclgtscxt,신기남,41996917,,,False
15,E4F9377R,1,노기태,지역구,경남 창녕군,경상남도 창녕군,,,신한국당,신한국당,무소속,신한국당,1996-05-30,2000-05-29,general,term_end,term_end,,term_start,,term_end,,,,,,,,1996.05.30 ~ 2000.05.29,제15대 신한국당 경남 창녕군,nfzegpkvaclgtscxt,노기태,41996917,,,False
15,EBU8493R,1,이미경,비례대표,전국구,,통합민주당,2,통합민주당,통합민주당1995,새천년민주당,통합민주당,1996-05-30,2000-05-29,general,term_end,term_end,,term_start,,term_end,,,,,,,,1996.05.30 ~ 2000.05.29,제15대 통합민주당,nfzegpkvaclgtscxt,이미경 (1950년),41996917,,,False
15,ECQ9898H,1,김홍신,비례대표,전국구,,통합민주당,4,통합민주당,통합민주당1995,한나라당,통합민주당,1996-05-30,2000-05-29,general,term_end,term_end,,term_start,,term_end,,,,,,,,1996.05.30 ~ 2000.05.29,제15대 통합민주당,nfzegpkvaclgtscxt,김홍신,41996917,,,False
15,EFP41028,1,송업교,비례대표,전국구,,자유민주연합,11,자유민주연합,자유민주연합,자유민주연합,자유민주연합,1999-04-07,2000-02-15,succession_pr,disqualified,pr_seat_lost_on_leaving_party,송업교 탈당으로 의원직 상실 박상복 승계 / 의원직 상실,api_later_than_wiki,wikilist=1999-03-30; wikiseat=1999-03-31,confirmed,wikilist+wikiseat,1999-03-30,2000-02-15,1999-03-31,2000-02-15,,,1999.04.07 ~ 2000.02.15,제15대 자유민주연합,nfzegpkvaclgtscxt,송업교,41996917,41996916,,False
15,EI023764,1,남경필,지역구,경기 수원시팔달구,경기도 수원시 팔달구,,,한나라당,한나라당,한나라당,한나라당,1998-07-21,2000-05-29,by_election,term_end,term_end,,confirmed,wikilist+wikiseat,term_end,,1998-07-21,,1998-07-21,,,,1998.07.21 ~ 2000.05.29,제15대 한나라당 경기도 수원시팔달구,nfzegpkvaclgtscxt,남경필,41996917,41996916,,False
15,ERX2058H,1,김충조,지역구,전남 여수시,전라남도 여수시,,,새정치국민회의,새정치국민회의,새천년민주당,새정치국민회의,1996-05-30,2000-05-29,general,term_end,term_end,,term_start,,term_end,,,,,,,,1996.05.30 ~ 2000.05.29,제15대 새정치국민회의 전남 여수시,nfzegpkvaclgtscxt,김충조,41996917,,,False
15,F5N24241,1,장재식,지역구,서울 서대문구을,서울특별시 서대문구 을,,,새정치국민회의,새정치국민회의,새천년민주당,새정치국민회의,1996-05-30,2000-05-29,general,term_end,term_end,,term_start,,term_end,,,,,,,,1996.05.30 ~ 2000.05.29,제15대 새정치국민회의 서울 서대문구을,nfzegpkvaclgtscxt,장재식,41996917,,,False
15,FND7010Q,1,손학규,지역구,경기 광명시을,경기도 광명시 을,,,신한국당,신한국당,한나라당,신한국당,1996-05-30,1998-04-06,general,resigned,resigned_to_run_for_other_office,경기지사 출마로 사퇴 / 의원직 사퇴,term_start,,confirmed,wikilist+wikiseat,,1998-04-06,,1998-04-06,,,1996.05.30 ~ 1998.04.06,제15대 신한국당 경기 광명시을,nfzegpkvaclgtscxt,손학규,41996917,41996916,,False
15,FQ53714H,1,이기문,지역구,인천 계양구강화갑,인천광역시 계양구·강화군 갑,,,새정치국민회의,새정치국민회의,새정치국민회의,새정치국민회의,1996-05-30,1999-03-12,general,disqualified,court_ruling_election_law,대법원에서 당선무효형 확정으로 의원직 상실 / 의원직 상실,term_start,,confirmed,wikilist+wikiseat,,1999-03-12,,1999-03-12,,,1996.05.30 ~ 1999.03.12,제15대 새정치국민회의 인천 계양구강화갑,nfzegpkvaclgtscxt,이기문 (1953년),41996917,41996916,,False
15,FSJ32138,1,김영구,지역구,서울 동대문구을,서울특별시 동대문구 을,,,신한국당,신한국당,한나라당,신한국당,1996-05-30,2000-05-29,general,term_end,term_end,,term_start,,term_end,,,,,,,,1996.05.30 ~ 2000.05.29,제15대 신한국당 서울 동대문구을,nfzegpkvaclgtscxt,김영구 (1940년),41996917,,,False
15,FSN5613H,1,박희태,지역구,"경남 남해,하동군",경상남도 남해군·하동군,,,신한국당,신한국당,한나라당,신한국당,1996-05-30,2000-05-29,general,term_end,term_end,,term_start,,term_end,,,,,,,,1996.05.30 ~ 2000.05.29,"제15대 신한국당 경상남도 남해,하동군",nfzegpkvaclgtscxt,박희태,41996917,,,False
15,FX68781T,1,김화남,지역구,경북 의성군,경상북도 의성군,,,자유민주연합,자유민주연합,무소속,자유민주연합,1996-05-30,1997-12-26,general,disqualified,court_ruling_election_law,대법원에서 공직선거법 위반으로 의원직 상실 / 의원직 상실,term_start,,confirmed,wikilist+wikiseat,,1997-12-26,,1997-12-26,,,1996.05.30 ~ 1997.12.26,제15대 자유민주연합 경북 의성군,nfzegpkvaclgtscxt,김화남,41996917,41996916,,False
15,G449650W,1,조익현,비례대표,전국구,,신한국당,23,한나라당,한나라당,한나라당,한나라당,1998-04-17,2000-05-29,succession_pr,term_end,term_end,,api_later_than_wiki,wikilist=1998-04-14; wikiseat=1998-04-14,term_end,,1998-04-14,,1998-04-14,,,,1998.04.17 ~ 2000.05.29,제15대 한나라당,nfzegpkvaclgtscxt,조익현,41996917,41996916,,False
15,G7D4763A,1,장영달,지역구,전북 전주시완산구,전라북도 전주시 완산구,,,새정치국민회의,새정치국민회의,새천년민주당,새정치국민회의,1996-05-30,2000-05-29,general,term_end,term_end,,term_start,,term_end,,,,,,,,1996.05.30 ~ 2000.05.29,제15대 새정치국민회의 전북 전주시완산구,nfzegpkvaclgtscxt,장영달,41996917,,,False
15,GBP60233,1,이용삼,지역구,"강원 철원,화천,양구군",강원도 철원군·화천군·양구군,,,신한국당,신한국당,새천년민주당,신한국당,1996-05-30,2000-05-29,general,term_end,term_end,,term_start,,term_end,,,,,,,,1996.05.30 ~ 2000.05.29,"제15대 신한국당 강원 철원,화천,양구군",nfzegpkvaclgtscxt,이용삼,41996917,,,False
15,GMK1374L,1,이석현,지역구,경기 안양시동안구을,경기도 안양시 동안구 을,,,새정치국민회의,새정치국민회의,새천년민주당,새정치국민회의,1996-05-30,2000-05-29,general,term_end,term_end,,term_start,,term_end,,,,,,,,1996.05.30 ~ 2000.05.29,제15대 새정치국민회의 경기 안양시동안구을,nfzegpkvaclgtscxt,이석현 (1951년),41996917,,,False
15,GOU72130,1,이명박,지역구,서울 종로구,서울특별시 종로구,,,신한국당,신한국당,한나라당,신한국당,1996-05-30,1998-02-21,general,resigned,resigned_other,개인 사정상으로 인해 의원직 사퇴 / 의원직 사퇴,term_start,,confirmed,wikilist+wikiseat,,1998-02-21,,1998-02-21,,,1996.05.30 ~ 1998.02.21,제15대 신한국당 서울 종로구,nfzegpkvaclgtscxt,이명박,41996917,41996916,,False
15,GP488216,1,김재천,지역구,경남 진주시갑,경상남도 진주시 갑,,,무소속,무소속,무소속,무소속,1996-05-30,2000-05-29,general,term_end,term_end,,term_start,,term_end,,,,,,,,1996.05.30 ~ 2000.05.29,제15대 무소속 경남 진주시갑,nfzegpkvaclgtscxt,김재천 (1947년),41996917,,,False
15,GTH3618V,1,김용환,지역구,충남 보령시,충청남도 보령시,,,자유민주연합,자유민주연합,희망의한국신당,자유민주연합,1996-05-30,2000-05-29,general,term_end,term_end,,term_start,,term_end,,,,,,,,1996.05.30 ~ 2000.05.29,제15대 자유민주연합 충남 보령시,nfzegpkvaclgtscxt,김용환 (1932년),41996917,,,False
15,GUO7494H,1,이규정,지역구,경남 울산시남구을,경상남도 울산시 남구 을,,,통합민주당,통합민주당1995,새천년민주당,통합민주당,1996-05-30,2000-05-29,general,term_end,term_end,,term_start,,term_end,,,,,,,,1996.05.30 ~ 2000.05.29,제15대 통합민주당 경남 울산시남구을,nfzegpkvaclgtscxt,이규정 (1941년),41996917,,,False
15,GVS3975B,1,안동선,지역구,경기 부천시원미구갑,경기도 부천시 원미구 갑,,,새정치국민회의,새정치국민회의,새천년민주당,새정치국민회의,1996-05-30,2000-05-29,general,term_end,term_end,,term_start,,term_end,,,,,,,,1996.05.30 ~ 2000.05.29,제15대 새정치국민회의 경기 부천시원미구갑,nfzegpkvaclgtscxt,안동선,41996917,,,False
15,GWY84242,1,박신원,지역구,경기 오산시 화성군,경기도 오산시·화성군,,,자유민주연합,자유민주연합,자유민주연합,자유민주연합,1996-05-30,2000-05-29,general,term_end,term_end,,term_start,,term_end,,,,,,,,1996.05.30 ~ 2000.05.29,제15대 자유민주연합 경기 오산시 화성군,nfzegpkvaclgtscxt,박신원 (정치인),41996917,,,False
15,H1P2637C,1,배종무,지역구,전남 무안군,전라남도 무안군,,,새정치국민회의,새정치국민회의,새천년민주당,새정치국민회의,1996-05-30,2000-05-29,general,term_end,term_end,,term_start,,term_end,,,,,,,,1996.05.30 ~ 2000.05.29,제15대 새정치국민회의 전남 무안군,nfzegpkvaclgtscxt,배종무,41996917,,,False
15,H2X6452Y,1,김용갑,지역구,경남 밀양시,경상남도 밀양시,,,무소속,무소속,한나라당,무소속,1996-05-30,2000-05-29,general,term_end,term_end,,term_start,,term_end,,,,,,,,1996.05.30 ~ 2000.05.29,제15대 무소속 경남 마산시 회원군,nfzegpkvaclgtscxt,김용갑 (1936년),41996917,,district set by manual_checks.csv (was 경남 마산시 회원군),True
15,H6577987,1,이경재,지역구,인천 계양구강화을,인천광역시 계양구·강화군 을,,,신한국당,신한국당,한나라당,신한국당,1996-05-30,2000-05-29,general,term_end,term_end,,term_start,,term_end,,,,,,,,1996.05.30 ~ 2000.05.29,제15대 신한국당 인천 계양구강화을,nfzegpkvaclgtscxt,이경재 (1941년),41996917,,,False
15,HAM18666,1,조영재,지역구,대전 유성구,대전광역시 유성구,,,자유민주연합,자유민주연합,한나라당,자유민주연합,1996-05-30,2000-05-29,general,term_end,term_end,,term_start,,term_end,,,,,,,,1996.05.30 ~ 2000.05.29,제15대 자유민주연합 대전 유성구,nfzegpkvaclgtscxt,조영재 (1942년),41996917,,,False
15,HFG6145J,1,정상구,비례대표,전국구,,자유민주연합,1,자유민주연합,자유민주연합,자유민주연합,자유민주연합,1996-05-30,2000-05-29,general,term_end,term_end,,term_start,,term_end,,,,,,,,1996.05.30 ~ 2000.05.29,제15대 자유민주연합,nfzegpkvaclgtscxt,정상구,41996917,,,False
15,HIN1320F,1,이찬진,비례대표,전국구,,신한국당,20,한나라당,한나라당,한나라당,한나라당,1997-12-20,1998-05-16,succession_pr,resigned,resigned_other,이찬진 사퇴 안재홍 승계 / 의원직 사퇴,api_later_than_wiki,wikilist=1997-11-26; wikiseat=1997-11-26,api_earlier_than_wiki,wikilist=1998-05-19; wikiseat=1998-05-19,1997-11-26,1998-05-19,1997-11-26,1998-05-19,,,1997.12.20 ~ 1998.05.16,제15대 한나라당,nfzegpkvaclgtscxt,이찬진 (1965년),41996917,41996916,,False
15,HIS36307,1,박세직,지역구,경북 구미시갑,경상북도 구미시 갑,,,신한국당,신한국당,자유민주연합,신한국당,1996-05-30,2000-05-29,general,term_end,term_end,,term_start,,term_end,,,,,,,,1996.05.30 ~ 2000.05.29,제15대 신한국당 경북 구미시갑,nfzegpkvaclgtscxt,박세직,41996917,,,False
15,HNY4948U,1,이인구,지역구,대전 대덕구,대전광역시 대덕구,,,자유민주연합,자유민주연합,무소속,자유민주연합,1996-05-30,2000-05-29,general,term_end,term_end,,term_start,,term_end,,,,,,,,1996.05.30 ~ 2000.05.29,제15대 자유민주연합 대전 대덕구,nfzegpkvaclgtscxt,이인구 (정치인),41996917,,,False
15,HOO4824R,1,이긍규,지역구,충남 서천군,충청남도 서천군,,,자유민주연합,자유민주연합,자유민주연합,자유민주연합,1996-05-30,2000-05-29,general,term_end,term_end,,term_start,,term_end,,,,,,,,1996.05.30 ~ 2000.05.29,제15대 자유민주연합 충남 서천군,nfzegpkvaclgtscxt,이긍규,41996917,,,False
15,HZI5846H,1,김종하,지역구,경남 창원시갑,경상남도 창원시 갑,,,신한국당,신한국당,한나라당,신한국당,1996-05-30,2000-05-29,general,term_end,term_end,,term_start,,term_end,,,,,,,,1996.05.30 ~ 2000.05.29,제15대 신한국당 경남 창원시갑,nfzegpkvaclgtscxt,김종하 (정치인),41996917,,,False
15,I2I23566,1,김태랑,비례대표,전국구,,새정치국민회의,17,새정치국민회의,새정치국민회의,새천년민주당,새정치국민회의,1999-05-27,2000-05-29,succession_pr,term_end,term_end,,api_later_than_wiki,wikilist=1999-05-25; wikiseat=1999-05-25,term_end,,1999-05-25,,1999-05-25,,,,1999.05.27 ~ 2000.05.29,제15대 새정치국민회의,nfzegpkvaclgtscxt,김태랑,41996917,41996916,,False
15,I5T29903,1,김학원,지역구,서울 성동구을,서울특별시 성동구 을,,,신한국당,신한국당,자유민주연합,신한국당,1996-05-30,2000-05-29,general,term_end,term_end,,term_start,,term_end,,,,,,,,1996.05.30 ~ 2000.05.29,제15대 신한국당 서울 성동구을,nfzegpkvaclgtscxt,김학원 (정치인),41996917,,,False
15,I9K4876K,1,이윤수,지역구,경기 성남시수정구,경기도 성남시 수정구,,,새정치국민회의,새정치국민회의,새천년민주당,새정치국민회의,1996-05-30,2000-05-29,general,term_end,term_end,,term_start,,term_end,,,,,,,,1996.05.30 ~ 2000.05.29,제15대 새정치국민회의 경기 성남시수정구,nfzegpkvaclgtscxt,이윤수 (정치인),41996917,,,False
15,IB22144F,1,목요상,지역구,경기 동두천시양주군,경기도 동두천시·양주군,,,신한국당,신한국당,한나라당,신한국당,1996-05-30,2000-05-29,general,term_end,term_end,,term_start,,term_end,,,,,,,,1996.05.30 ~ 2000.05.29,제15대 신한국당 경기 동두천시양주군,nfzegpkvaclgtscxt,목요상,41996917,,,False
15,IFZ88376,1,이세기,지역구,서울 성동구갑,서울특별시 성동구 갑,,,신한국당,신한국당,한나라당,신한국당,1996-05-30,2000-05-29,general,term_end,term_end,,term_start,,term_end,,,,,,,,1996.05.30 ~ 2000.05.29,제15대 신한국당 서울 성동구갑,nfzegpkvaclgtscxt,이세기 (1936년),41996917,,,False
15,IGP58623,1,윤원중,비례대표,전국구,,신한국당,17,신한국당,신한국당,한나라당,신한국당,1996-05-30,2000-03-09,general,disqualified,pr_seat_lost_on_leaving_party,윤원중 탈당으로 의원직 상실 박창달 승계 / 의원직 상실,term_start,,api_later_than_wiki,wikilist=2000-02; wikiseat=2000-03-08,,2000-02,,2000-03-08,,,1996.05.30 ~ 2000.03.09,제15대 신한국당,nfzegpkvaclgtscxt,윤원중,41996917,41996916,,False
15,IH12492Y,1,허대범,지역구,경남 진해시,경상남도 진해시,,,신한국당,신한국당,한나라당,신한국당,1996-05-30,2000-05-29,general,term_end,term_end,,term_start,,term_end,,,,,,,,1996.05.30 ~ 2000.05.29,제15대 신한국당 경남 진해시,nfzegpkvaclgtscxt,허대범,41996917,,,False
15,IL798843,1,김명규,지역구,전남 광양시,전라남도 광양시,,,새정치국민회의,새정치국민회의,새천년민주당,새정치국민회의,1996-05-30,2000-05-29,general,term_end,term_end,,term_start,,term_end,,,,,,,,1996.05.30 ~ 2000.05.29,제15대 새정치국민회의 전남 광양시,nfzegpkvaclgtscxt,김명규 (1942년),41996917,,,False
15,IOI30449,1,김봉호,지역구,"전남 해남,진도군",전라남도 해남군·진도군,,,새정치국민회의,새정치국민회의,새천년민주당,새정치국민회의,1996-05-30,2000-05-29,general,term_end,term_end,,term_start,,term_end,,,,,,,,1996.05.30 ~ 2000.05.29,"제15대 새정치국민회의 전남 해남,진도군",nfzegpkvaclgtscxt,김봉호,41996917,,,False
15,IQX29457,1,김진재,지역구,부산 금정구갑,부산광역시 금정구 갑,,,신한국당,신한국당,한나라당,신한국당,1996-05-30,2000-05-29,general,term_end,term_end,,term_start,,term_end,,,,,,,,1996.05.30 ~ 2000.05.29,제15대 신한국당 부산 금정구갑,nfzegpkvaclgtscxt,김진재,41996917,,,False
15,IRT9826E,1,주진우,지역구,"경북 고령,성주군",경상북도 고령군·성주군,,,신한국당,신한국당,한나라당,신한국당,1996-05-30,2000-05-29,general,term_end,term_end,,term_start,,term_end,,,,,,,,1996.05.30 ~ 2000.05.29,"제15대 신한국당 경북 고령,성주군",nfzegpkvaclgtscxt,주진우 (1949년),41996917,,,False
15,IS69175A,1,김운환,지역구,부산 해운대구 기장군갑,부산광역시 해운대구·기장군 갑,,,신한국당,신한국당,새천년민주당,신한국당,1996-05-30,2000-05-29,general,term_end,term_end,,term_start,,term_end,,,,,,,,1996.05.30 ~ 2000.05.29,제15대 신한국당 부산 해운대구 기장군갑,nfzegpkvaclgtscxt,김운환,41996917,,,False
15,IU67432G,1,강재섭,지역구,대구 서구을,대구광역시 서구 을,,,신한국당,신한국당,한나라당,신한국당,1996-05-30,2000-05-29,general,term_end,term_end,,term_start,,term_end,,,,,,,,1996.05.30 ~ 2000.05.29,제15대 신한국당 대구 서구을,nfzegpkvaclgtscxt,강재섭,41996917,,,False
15,IYC3468T,1,이만섭,비례대표,전국구,,신한국당,3,신한국당,신한국당,신한국당,신한국당,1996-05-30,1997-10-28,general,disqualified,court_ruling_other_or_unspecified,의원직 상실,term_start,,confirmed,wikilist,,1997-10-28,,,,,1996.05.30 ~ 1997.10.28,제15대 신한국당,nfzegpkvaclgtscxt,이만섭,41996917,41996916,,False
15,IYE1069O,1,허화평,지역구,경북 포항시북구,경상북도 포항시 북구,,,무소속,무소속,무소속,무소속,1996-05-30,1997-04-17,general,disqualified,court_ruling_other_or_unspecified,대법원에서 12.12 군사반란 유죄로 의원직 상실 / 의원직 상실,term_start,,confirmed,wikilist+wikiseat,,1997-04-17,,1997-04-17,,,1996.05.30 ~ 1997.04.17,제15대 무소속 경북 포항시북구,nfzegpkvaclgtscxt,허화평,41996917,41996916,,False
15,J4X86065,1,박태준,지역구,경북 포항시북구,경상북도 포항시 북구,,,무소속,무소속,자유민주연합,무소속,1997-07-24,2000-05-29,by_election,term_end,term_end,,confirmed,wikilist+wikiseat,term_end,,1997-07-24,,1997-07-24,,,,1997.07.24 ~ 2000.05.29,제15대 무소속 경북 포항시북구,nfzegpkvaclgtscxt,박태준 (1927년),41996917,41996916,,False
15,JJ64316E,1,김상현,지역구,서울 서대문구갑,서울특별시 서대문구 갑,,,새정치국민회의,새정치국민회의,민주국민당,새정치국민회의,1996-05-30,2000-05-29,general,term_end,term_end,,term_start,,term_end,,,,,,,,1996.05.30 ~ 2000.05.29,제15대 새정치국민회의 서울 서대문구갑,nfzegpkvaclgtscxt,김상현 (1935년),41996917,,,False
15,JLO1005S,1,정문화,지역구,부산 서구,부산광역시 서구,,,한나라당,한나라당,한나라당,한나라당,1998-04-03,2000-05-29,by_election,term_end,term_end,,confirmed_pollday_plus1,wikilist=1998-04-02; wikiseat=1998-04-02,term_end,,1998-04-02,,1998-04-02,,,,1998.04.03 ~ 2000.05.29,제15대 한나라당 부산 서구,nfzegpkvaclgtscxt,정문화,41996917,41996916,,False
15,K4669042,1,권철현,지역구,부산 사상구갑,부산광역시 사상구 갑,,,신한국당,신한국당,한나라당,신한국당,1996-05-30,2000-05-29,general,term_end,term_end,,term_start,,term_end,,,,,,,,1996.05.30 ~ 2000.05.29,제15대 신한국당 부산 사상구갑,nfzegpkvaclgtscxt,권철현,41996917,,,False
15,KBH6263N,1,신영균,비례대표,전국구,,신한국당,8,신한국당,신한국당,한나라당,신한국당,1996-05-30,2000-05-29,general,term_end,term_end,,term_start,,term_end,,,,,,,,1996.05.30 ~ 2000.05.29,제15대 신한국당,nfzegpkvaclgtscxt,신영균 (배우),41996917,,,False
15,KFV94013,1,박정훈,지역구,"전북 임실군,순창군",전라북도 임실군·순창군,,,새정치국민회의,새정치국민회의,민주국민당,새정치국민회의,1996-05-30,2000-05-29,general,term_end,term_end,,term_start,,term_end,,,,,,,,1996.05.30 ~ 2000.05.29,"제15대 새정치국민회의 전북 임실군,순창군",nfzegpkvaclgtscxt,박정훈 (1941년),41996917,,,False
15,KNJ5466T,1,이정무,지역구,대구 남구,대구광역시 남구,,,자유민주연합,자유민주연합,자유민주연합,자유민주연합,1996-05-30,2000-05-29,general,term_end,term_end,,term_start,,term_end,,,,,,,,1996.05.30 ~ 2000.05.29,제15대 자유민주연합 대구 남구,nfzegpkvaclgtscxt,이정무 (정치인),41996917,,,False
15,KOC6603F,1,김광원,지역구,"경북 영양,봉화,울진군",경상북도 영양군·봉화군·울진군,,,신한국당,신한국당,한나라당,신한국당,1996-05-30,2000-05-29,general,term_end,term_end,,term_start,,term_end,,,,,,,,1996.05.30 ~ 2000.05.29,"제15대 신한국당 경북 영양,봉화,울진군",nfzegpkvaclgtscxt,김광원,41996917,,,False
15,KWZ9969H,1,김명윤,비례대표,전국구,,신한국당,4,신한국당,신한국당,한나라당,신한국당,1996-05-30,2000-05-29,general,term_end,term_end,,term_start,,term_end,,,,,,,,1996.05.30 ~ 2000.05.29,제15대 신한국당,nfzegpkvaclgtscxt,김명윤,41996917,,,False
15,KXY6183K,1,정재철,비례대표,전국구,,신한국당,10,신한국당,신한국당,한나라당,신한국당,1996-05-30,1997-12-26,general,disqualified,court_ruling_other_or_unspecified,정재철 의원직 상실 김정숙 승계 / 의원직 상실,term_start,,confirmed,wikilist+wikiseat,,1997-12-26,,1997-12-26,,,1996.05.30 ~ 1997.12.26,제15대 신한국당,nfzegpkvaclgtscxt,정재철,41996917,41996916,,False
15,L299333I,1,유흥수,지역구,부산 수영구,부산광역시 수영구,,,신한국당,신한국당,한나라당,신한국당,1996-05-30,2000-05-29,general,term_end,term_end,,term_start,,term_end,,,,,,,,1996.05.30 ~ 2000.05.29,제15대 신한국당 부산 수영구,nfzegpkvaclgtscxt,유흥수,41996917,,,False
15,L3E7778U,1,김영준,지역구,충북 제천시단양군,충청북도 제천시·단양군,,,무소속,무소속,한나라당,무소속,1996-05-30,2000-05-29,general,term_end,term_end,,term_start,,term_end,,,,,,,,1996.05.30 ~ 2000.05.29,제15대 무소속 충북 제천시단양군,nfzegpkvaclgtscxt,김영준 (1941년),41996917,,,False
15,L8S7182S,1,서석재,지역구,부산 사하구갑,부산광역시 사하구 갑,,,신한국당,신한국당,무소속,신한국당,1996-05-30,2000-05-29,general,term_end,term_end,,term_start,,term_end,,,,,,,,1996.05.30 ~ 2000.05.29,제15대 신한국당 부산 사하구갑,nfzegpkvaclgtscxt,서석재,41996917,,,False
15,LBC8144B,1,김영선,비례대표,전국구,,신한국당,16,신한국당,신한국당,한나라당,신한국당,1996-05-30,2000-05-29,general,term_end,term_end,,term_start,,term_end,,,,,,,,1996.05.30 ~ 2000.05.29,제15대 신한국당,nfzegpkvaclgtscxt,김영선 (1960년),41996917,,,False
15,LIE6050F,1,최재승,지역구,전북 익산시갑,전라북도 익산시 갑,,,새정치국민회의,새정치국민회의,새천년민주당,새정치국민회의,1996-05-30,2000-05-29,general,term_end,term_end,,term_start,,term_end,,,,,,,,1996.05.30 ~ 2000.05.29,제15대 새정치국민회의 전북 익산시갑,nfzegpkvaclgtscxt,최재승,41996917,,,False
15,LN660200,1,서한샘,지역구,인천 연수구,인천광역시 연수구,,,신한국당,신한국당,새천년민주당,신한국당,1996-05-30,2000-05-29,general,term_end,term_end,,term_start,,term_end,,,,,,,,1996.05.30 ~ 2000.05.29,제15대 신한국당 인천 연수구,nfzegpkvaclgtscxt,서한샘,41996917,,,False
15,LNM69167,1,김석원,지역구,대구 달성군,대구광역시 달성군,,,신한국당,신한국당,한나라당,신한국당,1996-05-30,1998-02-17,general,resigned,resigned_other,개인 사정상으로 인해 의원직 사퇴 / 의원직 사퇴,term_start,,confirmed,wikilist+wikiseat,,1998-02-17,,1998-02-17,,,1996.05.30 ~ 1998.02.17,제15대 신한국당 대구 달성군,nfzegpkvaclgtscxt,김석원 (기업인),41996917,41996916,,False
15,LO357547,1,권정달,지역구,경북 안동을,경상북도 안동시 을,,,무소속,무소속,새천년민주당,무소속,1996-05-30,2000-05-29,general,term_end,term_end,,term_start,,term_end,,,,,,,,1996.05.30 ~ 2000.05.29,제15대 무소속 경북 안동을,nfzegpkvaclgtscxt,권정달,41996917,,,False
15,LQW1875Y,1,박정수,비례대표,전국구,,새정치국민회의,5,새정치국민회의,새정치국민회의,새천년민주당,새정치국민회의,1996-05-30,2000-05-29,general,term_end,term_end,,term_start,,term_end,,,,,,,,1996.05.30 ~ 2000.05.29,제15대 새정치국민회의,nfzegpkvaclgtscxt,박정수 (1932년),41996917,,,False
15,M1E6908V,1,김경재,지역구,전남 순천갑,전라남도 순천시 갑,,,새정치국민회의,새정치국민회의,새천년민주당,새정치국민회의,1996-05-30,2000-05-29,general,term_end,term_end,,term_start,,term_end,,,,,,,,1996.05.30 ~ 2000.05.29,제15대 새정치국민회의 전남 순천갑,nfzegpkvaclgtscxt,김경재 (1942년),41996917,,,False
15,M2Y3879A,1,양성철,지역구,"전남 곡성,구례군",전라남도 곡성군·구례군,,,새정치국민회의,새정치국민회의,새천년민주당,새정치국민회의,1996-05-30,2000-05-29,general,term_end,term_end,,term_start,,term_end,,,,,,,,1996.05.30 ~ 2000.05.29,"제15대 새정치국민회의 전남 곡성,구례군",nfzegpkvaclgtscxt,양성철,41996917,,,False
15,M4L8058B,1,박구일,지역구,대구 수성구을,대구광역시 수성구 을,,,자유민주연합,자유민주연합,자유민주연합,자유민주연합,1996-05-30,2000-05-29,general,term_end,term_end,,term_start,,term_end,,,,,,,,1996.05.30 ~ 2000.05.29,제15대 자유민주연합 대구 수성구을,nfzegpkvaclgtscxt,박구일,41996917,,,False
15,M5K2466O,1,박범진,지역구,서울 양천구갑,서울특별시 양천구 갑,,,신한국당,신한국당,새천년민주당,신한국당,1996-05-30,2000-05-29,general,term_end,term_end,,term_start,,term_end,,,,,,,,1996.05.30 ~ 2000.05.29,제15대 신한국당 서울 양천구갑,nfzegpkvaclgtscxt,박범진,41996917,,,False
15,MB17923Y,1,이재명,지역구,인천 부평구을,인천광역시 부평구 을,,,신한국당,신한국당,새천년민주당,신한국당,1996-05-30,2000-05-29,general,term_end,term_end,,term_start,,term_end,,,,,,,,1996.05.30 ~ 2000.05.29,제15대 신한국당 인천 부평구을,nfzegpkvaclgtscxt,이재명 (1948년),41996917,,,False
15,MCV55303,1,서훈,지역구,대구 동구을,대구광역시 동구 을,,,무소속,무소속,민주국민당,무소속,1996-05-30,2000-05-29,general,term_end,term_end,,term_start,,term_end,,,,,,,,1996.05.30 ~ 2000.05.29,제15대 무소속 대구 동구을,nfzegpkvaclgtscxt,서훈 (1942년),41996917,,,False
15,MHE1145A,1,박상천,지역구,전남 고흥군,전라남도 고흥군,,,새정치국민회의,새정치국민회의,새천년민주당,새정치국민회의,1996-05-30,2000-05-29,general,term_end,term_end,,term_start,,term_end,,,,,,,,1996.05.30 ~ 2000.05.29,제15대 새정치국민회의 전남 고흥군,nfzegpkvaclgtscxt,박상천,41996917,,,False
15,MIM8629D,1,양정규,지역구,제주 북제주군,제주도 북제주군,,,신한국당,신한국당,한나라당,무소속,1996-05-30,2000-05-29,general,term_end,term_end,,term_start,,term_end,,,,,,,,1996.05.30 ~ 2000.05.29,제15대 무소속 제주 북제주군,nfzegpkvaclgtscxt,양정규,41996917,,,False
15,MLH1404S,1,김민석,지역구,서울 영등포구을,서울특별시 영등포구 을,,,새정치국민회의,새정치국민회의,새천년민주당,새정치국민회의,1996-05-30,2000-05-29,general,term_end,term_end,,term_start,,term_end,,,,,,,,1996.05.30 ~ 2000.05.29,제15대 새정치국민회의 서울특별시 영등포구을,nexgtxtmaamffofof,김민석 (정치인),41996917,,,False
15,MLN4587W,1,서정화,지역구,서울 용산구,서울특별시 용산구,,,신한국당,신한국당,한나라당,신한국당,1996-05-30,2000-05-29,general,term_end,term_end,,term_start,,term_end,,,,,,,,1996.05.30 ~ 2000.05.29,제15대 신한국당 서울 용산구,nfzegpkvaclgtscxt,서정화 (1933년),41996917,,,False
15,MOX89811,1,한영수,비례대표,전국구,,자유민주연합,2,자유민주연합,자유민주연합,자유민주연합,자유민주연합,1996-05-30,2000-05-29,general,term_end,term_end,,term_start,,term_end,,,,,,,,1996.05.30 ~ 2000.05.29,제15대 자유민주연합,nfzegpkvaclgtscxt,한영수 (정치인),41996917,,,False
15,MPF3818N,1,김일주,지역구,경기 안양시만안구,경기도 안양시 만안구,,,자유민주연합,자유민주연합,자유민주연합,자유민주연합,1997-09-04,2000-05-29,by_election,term_end,term_end,,confirmed,wikilist+wikiseat,term_end,,1997-09-04,,1997-09-04,,,,1997.09.04 ~ 2000.05.29,제15대 자유민주연합 경기 안양시만안구,nfzegpkvaclgtscxt,김일주,41996917,41996916,,False
15,MPQ32684,1,최욱철,지역구,강원 강릉시을,강원도 강릉시 을,,,통합민주당,통합민주당1995,한나라당,통합민주당,1996-05-30,1998-03-24,general,disqualified,court_ruling_election_law,대법원에서 공직선거법 위반으로 당선무효형 확정 / 의원직 상실,term_start,,confirmed,wikilist+wikiseat,,1998-03-24,,1998-03-24,,,1996.05.30 ~ 1998.03.24,제15대 통합민주당 강원 강릉시을,nfzegpkvaclgtscxt,최욱철,41996917,41996916,,False
15,MQE5405Q,1,김충일,지역구,서울 중랑구을,서울특별시 중랑구 을,,,신한국당,신한국당,새천년민주당,신한국당,1996-05-30,2000-05-29,general,term_end,term_end,,term_start,,term_end,,,,,,,,1996.05.30 ~ 2000.05.29,제15대 신한국당 서울 중랑구을,nfzegpkvaclgtscxt,김충일,41996917,,,False
15,MTA2810Z,1,조종석,지역구,충남 예산군,충청남도 예산군,,,자유민주연합,자유민주연합,자유민주연합,자유민주연합,1996-05-30,1997-04-11,general,disqualified,court_ruling_election_law,대법원에서 공직선거법 위반 혐의로 당선무효형 확정 / 의원직 상실,term_start,,confirmed,wikilist+wikiseat,,1997-04-11,,1997-04-11,,,1996.05.30 ~ 1997.04.11,제15대 자유민주연합 충남 예산군,nfzegpkvaclgtscxt,조종석,41996917,41996916,,False
15,N0V51841,1,임진출,지역구,경북 경주시을,경상북도 경주시 을,,,무소속,무소속,한나라당,무소속,1996-05-30,2000-05-29,general,term_end,term_end,,term_start,,term_end,,,,,,,,1996.05.30 ~ 2000.05.29,제15대 무소속 경북 경주시을,nfzegpkvaclgtscxt,임진출,41996917,,,False
15,NAL4555X,1,홍준표,지역구,서울 송파구갑,서울특별시 송파구 갑,,,신한국당,신한국당,한나라당,신한국당,1996-05-30,1999-03-09,general,disqualified,court_ruling_election_law,대법원에서 당선무효형 확정으로 의원직 상실 / 의원직 상실,term_start,,confirmed,wikilist+wikiseat,,1999-03-09,,1999-03-09,,,1996.05.30 ~ 1999.03.09,제15대 신한국당 서울특별시 송파구갑,nfzegpkvaclgtscxt,홍준표,41996917,41996916,,False
15,NBM68293,1,정창화,지역구,경북 의성군,경상북도 의성군,,,한나라당,한나라당,한나라당,한나라당,1998-04-03,2000-05-29,by_election,term_end,term_end,,confirmed_pollday_plus1,wikilist=1998-04-02; wikiseat=1998-04-02,term_end,,1998-04-02,,1998-04-02,,,,1998.04.03 ~ 2000.05.29,제15대 한나라당 경북 의성군,nfzegpkvaclgtscxt,정창화 (1940년),41996917,41996916,,False
15,ND28358S,1,김수한,비례대표,전국구,,신한국당,6,신한국당,신한국당,한나라당,신한국당,1996-05-30,2000-05-29,general,term_end,term_end,,term_start,,term_end,,,,,,,,1996.05.30 ~ 2000.05.29,제15대 신한국당,nfzegpkvaclgtscxt,김수한,41996917,,,False
15,NDH62175,1,이재오,지역구,서울 은평구을,서울특별시 은평구 을,,,신한국당,신한국당,한나라당,신한국당,1996-05-30,2000-05-29,general,term_end,term_end,,term_start,,term_end,,,,,,,,1996.05.30 ~ 2000.05.29,제15대 신한국당 서울특별시 은평구을,nfzegpkvaclgtscxt,이재오,41996917,,,False
15,NET6850O,1,이윤성,지역구,인천 남동구갑,인천광역시 남동구 갑,,,신한국당,신한국당,한나라당,신한국당,1996-05-30,2000-05-29,general,term_end,term_end,,term_start,,term_end,,,,,,,,1996.05.30 ~ 2000.05.29,제15대 신한국당 인천광역시 남동구갑,nfzegpkvaclgtscxt,이윤성 (정치인),41996917,,,False
15,NHT46444,1,김현욱,지역구,충남 당진군,충청남도 당진군,,,자유민주연합,자유민주연합,자유민주연합,자유민주연합,1996-05-30,2000-05-29,general,term_end,term_end,,term_start,,term_end,,,,,,,,1996.05.30 ~ 2000.05.29,제15대 자유민주연합 충남 당진군,nfzegpkvaclgtscxt,김현욱 (정치인),41996917,,,False
15,NJ55552S,1,오장섭,지역구,충남 예산군,충청남도 예산군,,,신한국당,신한국당,자유민주연합,신한국당,1997-07-25,2000-05-29,by_election,term_end,term_end,,confirmed_pollday_plus1,wikilist=1997-07-24; wikiseat=1997-07-24,term_end,,1997-07-24,,1997-07-24,,,,1997.07.25 ~ 2000.05.29,제15대 신한국당 충남 예산군,nfzegpkvaclgtscxt,오장섭,41996917,41996916,,False
15,NLM21386,1,조성준,지역구,경기 성남시중원구,경기도 성남시 중원구,,,새정치국민회의,새정치국민회의,새천년민주당,새정치국민회의,1996-05-30,2000-05-29,general,term_end,term_end,,term_start,,term_end,,,,,,,,1996.05.30 ~ 2000.05.29,제15대 새정치국민회의 경기 성남시중원구,nfzegpkvaclgtscxt,조성준 (1948년),41996917,,,False
15,NT21471F,1,한이헌,지역구,"부산 북,강서구을",부산광역시 북구·강서구 을,,,신한국당,신한국당,무소속,신한국당,1996-05-30,2000-05-29,general,term_end,term_end,,term_start,,term_end,,,,,,,,1996.05.30 ~ 2000.05.29,"제15대 신한국당 부산 북,강서구을",nfzegpkvaclgtscxt,한이헌,41996917,,,False
15,NUX49887,1,이한동,지역구,경기 연천군포천군,경기도 연천군·포천군,,,신한국당,신한국당,자유민주연합,신한국당,1996-05-30,2000-05-29,general,term_end,term_end,,term_start,,term_end,,,,,,,,1996.05.30 ~ 2000.05.29,제15대 신한국당 경기 연천군포천군,nfzegpkvaclgtscxt,이한동,41996917,,,False
15,O272385D,1,김찬진,비례대표,전국구,,신한국당,19,신한국당,신한국당,한나라당,신한국당,1997-10-29,2000-05-29,succession_pr,term_end,term_end,,api_later_than_wiki,wikilist=1997-10-28; wikiseat=1997-10-28,term_end,,1997-10-28,,1997-10-28,,,,1997.10.29 ~ 2000.05.29,제15대 신한국당,nfzegpkvaclgtscxt,김찬진 (1941년),41996917,41996916,,False
15,O4X7540B,1,김정숙,비례대표,전국구,,신한국당,22,한나라당,한나라당,한나라당,한나라당,1998-01-09,2000-05-29,succession_pr,term_end,term_end,,api_later_than_wiki,wikilist=1997-11-21; wikiseat=1997-12-26,term_end,,1997-11-21,,1997-12-26,,,,1998.01.09 ~ 2000.05.29,제15대 한나라당,nfzegpkvaclgtscxt,김정숙 (1946년),41996917,41996916,,False
15,O8Z3184P,1,천용택,비례대표,전국구,,새정치국민회의,10,새정치국민회의,새정치국민회의,새정치국민회의,새정치국민회의,1996-05-30,1999-05-25,general,resigned,resigned_on_appointment,천용택 국가정보원장 임명으로 의원직 사퇴 김태랑 승계 / 의원직 사퇴,term_start,,confirmed,wikilist+wikiseat,,1999-05-25,,1999-05-25,,,1996.05.30 ~ 1999.05.25,제15대 새정치국민회의,nfzegpkvaclgtscxt,천용택,41996917,41996916,,False
15,OPC83250,1,김종배,비례대표,전국구,,새정치국민회의,13,새정치국민회의,새정치국민회의,새천년민주당,새정치국민회의,1996-05-30,2000-05-29,general,term_end,term_end,,term_start,,term_end,,,,,,,,1996.05.30 ~ 2000.05.29,제15대 새정치국민회의,nfzegpkvaclgtscxt,김종배 (1954년),41996917,,,False
15,OQ09860C,1,김종호,지역구,충북 괴산군,충청북도 괴산군,,,신한국당,신한국당,자유민주연합,신한국당,1996-05-30,2000-05-29,general,term_end,term_end,,term_start,,term_end,,,,,,,,1996.05.30 ~ 2000.05.29,제15대 신한국당 충북 괴산군,nfzegpkvaclgtscxt,김종호 (1935년),41996917,,,False
15,OUK2820Z,1,권익현,지역구,"경남 산청,함양",경상남도 산청군·함양군,,,신한국당,신한국당,한나라당,신한국당,1996-05-30,2000-05-29,general,term_end,term_end,,term_start,,term_end,,,,,,,,1996.05.30 ~ 2000.05.29,"제15대 신한국당 경남 산청,함양",nfzegpkvaclgtscxt,권익현,41996917,,,False
15,OW53107J,1,설훈,지역구,서울 도봉구을,서울특별시 도봉구 을,,,새정치국민회의,새정치국민회의,새천년민주당,새정치국민회의,1996-05-30,2000-05-29,general,term_end,term_end,,term_start,,term_end,,,,,,,,1996.05.30 ~ 2000.05.29,제15대 새정치국민회의 서울 도봉구을,nfzegpkvaclgtscxt,설훈,41996917,,,False
15,OX877045,1,신영국,지역구,"경북 문경시,예천군",경상북도 문경시·예천군,,,한나라당,한나라당,한나라당,한나라당,1998-04-02,2000-05-29,by_election,term_end,term_end,,confirmed,wikilist+wikiseat,term_end,,1998-04-02,,1998-04-02,,,,1998.04.02 ~ 2000.05.29,"제15대 한나라당 경북 문경시,예천군",nfzegpkvaclgtscxt,신영국,41996917,41996916,,False
15,P1T31301,1,채영석,지역구,전북 군산갑,전라북도 군산시 갑,,,새정치국민회의,새정치국민회의,새천년민주당,새정치국민회의,1996-05-30,2000-05-29,general,term_end,term_end,,term_start,,term_end,,,,,,,,1996.05.30 ~ 2000.05.29,제15대 새정치국민회의 전북 군산갑,nfzegpkvaclgtscxt,채영석,41996917,,,False
15,PAQ11014,1,강창희,지역구,대전 중구,대전광역시 중구,,,자유민주연합,자유민주연합,자유민주연합,자유민주연합,1996-05-30,2000-05-29,general,term_end,term_end,,term_start,,term_end,,,,,,,,1996.05.30 ~ 2000.05.29,제15대 자유민주연합 대전 중구,nfzegpkvaclgtscxt,강창희 (정치인),41996917,,,False
15,PAR7137B,1,김종필,지역구,충남 부여군,충청남도 부여군,,,자유민주연합,자유민주연합,자유민주연합,자유민주연합,1996-05-30,2000-05-29,general,term_end,term_end,,term_start,,term_end,,,,,,,,1996.05.30 ~ 2000.05.29,제15대 자유민주연합 충남 부여군,nfzegpkvaclgtscxt,김종필,41996917,,,False
15,PJW7804X,1,김근태,지역구,서울 도봉구갑,서울특별시 도봉구 갑,,,새정치국민회의,새정치국민회의,새천년민주당,새정치국민회의,1996-05-30,2000-05-29,general,term_end,term_end,,term_start,,term_end,,,,,,,,1996.05.30 ~ 2000.05.29,제15대 새정치국민회의 서울특별시 도봉구갑,nfzegpkvaclgtscxt,김근태 (1947년),41996917,,,False
15,PK58741O,1,박시균,지역구,경북 영주시,경상북도 영주시,,,무소속,무소속,한나라당,무소속,1996-05-30,2000-05-29,general,term_end,term_end,,term_start,,term_end,,,,,,,,1996.05.30 ~ 2000.05.29,제15대 무소속 경북 영주시,nfzegpkvaclgtscxt,박시균,41996917,,,False
15,PMN7940F,1,김윤환,지역구,경북 구미시을,경상북도 구미시 을,,,신한국당,신한국당,민주국민당,신한국당,1996-05-30,2000-05-29,general,term_end,term_end,,term_start,,term_end,,,,,,,,1996.05.30 ~ 2000.05.29,제15대 신한국당 경북 구미시을,nfzegpkvaclgtscxt,김윤환 (1932년),41996917,,,False
15,PMW8896E,1,황학수,지역구,강원 강릉시갑,강원도 강릉시 갑,,,자유민주연합,자유민주연합,무소속,자유민주연합,1996-05-30,2000-05-29,general,term_end,term_end,,term_start,,term_end,,,,,,,,1996.05.30 ~ 2000.05.29,제15대 자유민주연합 강원 강릉시갑,nfzegpkvaclgtscxt,황학수 (정치인),41996917,,,False
15,PMX75521,1,박찬주,지역구,"전남 보성,화순군",전라남도 보성군·화순군,,,새정치국민회의,새정치국민회의,새천년민주당,새정치국민회의,1996-05-30,2000-05-29,general,term_end,term_end,,term_start,,term_end,,,,,,,,1996.05.30 ~ 2000.05.29,"제15대 새정치국민회의 전남 보성,화순군",nfzegpkvaclgtscxt,박찬주 (1947년),41996917,,,False
15,PT581709,1,함석재,지역구,충남 천안시을,충청남도 천안시 을,,,자유민주연합,자유민주연합,자유민주연합,자유민주연합,1996-05-30,2000-05-29,general,term_end,term_end,,term_start,,term_end,,,,,,,,1996.05.30 ~ 2000.05.29,제15대 자유민주연합 충남 천안시을,nfzegpkvaclgtscxt,함석재,41996917,,,False
15,Q5X4506F,1,황우여,비례대표,전국구,,신한국당,15,신한국당,신한국당,한나라당,신한국당,1996-05-30,2000-05-29,general,term_end,term_end,,term_start,,term_end,,,,,,,,1996.05.30 ~ 2000.05.29,제15대 신한국당,nfzegpkvaclgtscxt,황우여,41996917,,,False
15,QAG4768Q,1,이동원,비례대표,전국구,,새정치국민회의,7,새정치국민회의,새정치국민회의,새천년민주당,새정치국민회의,1996-05-30,2000-05-29,general,term_end,term_end,,term_start,,term_end,,,,,,,,1996.05.30 ~ 2000.05.29,제15대 새정치국민회의,nfzegpkvaclgtscxt,이동원 (1926년),41996917,,,False
15,QBY2805Y,1,이부영,지역구,서울 강동구갑,서울특별시 강동구 갑,,,통합민주당,통합민주당1995,한나라당,통합민주당,1996-05-30,2000-05-29,general,term_end,term_end,,term_start,,term_end,,,,,,,,1996.05.30 ~ 2000.05.29,제15대 통합민주당 서울 강동구갑,nfzegpkvaclgtscxt,이부영,41996917,,,False
15,QFQ8496R,1,이재창,지역구,경기 파주시,경기도 파주시,,,자유민주연합,자유민주연합,한나라당,자유민주연합,1996-05-30,2000-05-29,general,term_end,term_end,,term_start,,term_end,,,,,,,,1996.05.30 ~ 2000.05.29,제15대 자유민주연합 경기도 파주시,nfzegpkvaclgtscxt,이재창,41996917,,,False
15,QG36879J,1,이사철,지역구,경기 부천시원미구을,경기도 부천시 원미구 을,,,신한국당,신한국당,한나라당,신한국당,1996-05-30,2000-05-29,general,term_end,term_end,,term_start,,term_end,,,,,,,,1996.05.30 ~ 2000.05.29,제15대 신한국당 경기 부천시원미구을,nfzegpkvaclgtscxt,이사철 (1952년),41996917,,,False
15,QHJ1904L,1,박준규,지역구,대구 중구,대구광역시 중구,,,자유민주연합,자유민주연합,무소속,자유민주연합,1996-05-30,2000-05-29,general,term_end,term_end,,term_start,,term_end,,,,,,,,1996.05.30 ~ 2000.05.29,제15대 자유민주연합 대구 중구,nfzegpkvaclgtscxt,박준규 (1925년),41996917,,,False
15,QL63675M,1,정재문,지역구,부산 부산진구갑,부산광역시 부산진구 갑,,,신한국당,신한국당,한나라당,신한국당,1996-05-30,2000-05-29,general,term_end,term_end,,term_start,,term_end,,,,,,,,1996.05.30 ~ 2000.05.29,제15대 신한국당 부산 부산진구갑,nfzegpkvaclgtscxt,정재문,41996917,,,False
15,QQC8138L,1,조한천,지역구,인천 서구,인천광역시 서구,,,새정치국민회의,새정치국민회의,새천년민주당,새정치국민회의,1997-03-06,2000-05-29,by_election,term_end,term_end,,confirmed_pollday_plus1,wikilist=1997-03-05; wikiseat=1997-03-05,term_end,,1997-03-05,,1997-03-05,,,,1997.03.06 ~ 2000.05.29,제15대 새정치국민회의 인천 서구,nfzegpkvaclgtscxt,조한천,41996917,41996916,,False
15,R328185H,1,강현욱,지역구,전북 군산을,전라북도 군산시 을,,,신한국당,신한국당,새천년민주당,신한국당,1996-05-30,2000-05-29,general,term_end,term_end,,term_start,,term_end,,,,,,,,1996.05.30 ~ 2000.05.29,제15대 신한국당 전북 군산을,nfzegpkvaclgtscxt,강현욱,41996917,,,False
15,R3D8899N,1,조홍규,지역구,광주 광산구,광주광역시 광산구,,,새정치국민회의,새정치국민회의,새천년민주당,새정치국민회의,1996-05-30,2000-05-29,general,term_end,term_end,,term_start,,term_end,,,,,,,,1996.05.30 ~ 2000.05.29,제15대 새정치국민회의 광주 광산구,nfzegpkvaclgtscxt,조홍규 (1943년),41996917,,,False
15,R4T63005,1,김기수,지역구,"강원 영월,평창군",강원도 영월군·평창군,,,신한국당,신한국당,자유민주연합,신한국당,1996-05-30,2000-05-29,general,term_end,term_end,,term_start,,term_end,,,,,,,,1996.05.30 ~ 2000.05.29,"제15대 신한국당 강원 영월,평창군",nfzegpkvaclgtscxt,김기수 (정치인),41996917,,,False
15,RAU77180,1,조순승,지역구,전남 순천을,전라남도 순천시 을,,,새정치국민회의,새정치국민회의,새천년민주당,새정치국민회의,1996-05-30,2000-05-29,general,term_end,term_end,,term_start,,term_end,,,,,,,,1996.05.30 ~ 2000.05.29,제15대 새정치국민회의 전남 순천을,nfzegpkvaclgtscxt,조순승,41996917,,,False
15,RCJ2180Y,1,심정구,지역구,인천 남구갑,인천광역시 남구 갑,,,신한국당,신한국당,한나라당,신한국당,1996-05-30,2000-05-29,general,term_end,term_end,,term_start,,term_end,,,,,,,,1996.05.30 ~ 2000.05.29,제15대 신한국당 인천 남구갑,nfzegpkvaclgtscxt,심정구,41996917,,,False
15,RE32613N,1,조순형,지역구,서울 강북구을,서울특별시 강북구 을,,,새정치국민회의,새정치국민회의,새천년민주당,새정치국민회의,1996-05-30,2000-05-29,general,term_end,term_end,,term_start,,term_end,,,,,,,,1996.05.30 ~ 2000.05.29,제15대 새정치국민회의 서울 강북구을,nfzegpkvaclgtscxt,조순형,41996917,,,False
15,RF233621,1,주양자,비례대표,전국구,,자유민주연합,12,자유민주연합,자유민주연합,자유민주연합,자유민주연합,2000-02-08,2000-05-29,succession_pr,term_end,term_end,,api_later_than_wiki,wikilist=2000-02-07; wikiseat=2000-02-07,term_end,,2000-02-07,,2000-02-07,,,,2000.02.08 ~ 2000.05.29,제15대 자유민주연합,nfzegpkvaclgtscxt,주양자,41996917,41996916,,False
15,RHC7677M,1,김복동,지역구,대구 동구갑,대구광역시 동구 갑,,,자유민주연합,자유민주연합,자유민주연합,자유민주연합,1996-05-30,2000-04-19,general,died,died,사망 / 사망,term_start,,confirmed,wikilist+wikiseat,,2000-04-19,,2000-04-19,,,1996.05.30 ~ 2000.04.19,제15대 자유민주연합 대구 동구갑,nfzegpkvaclgtscxt,김복동 (1933년),41996917,41996916,,False
15,RHV3779X,1,권수창,지역구,경기 안양시만안구,경기도 안양시 만안구,,,자유민주연합,자유민주연합,자유민주연합,자유민주연합,1996-05-30,1997-07-18,general,died,died,사망 / 사망,term_start,,confirmed,wikilist+wikiseat,,1997-07-18,,1997-07-18,,,1996.05.30 ~ 1997.07.18,제15대 자유민주연합 경기 안양시만안구,nfzegpkvaclgtscxt,권수창,41996917,41996916,,False
15,RLG4231U,1,이상득,지역구,"경북 포항시남구,울릉군",경상북도 포항시 남구·울릉군,,,신한국당,신한국당,한나라당,신한국당,1996-05-30,2000-05-29,general,term_end,term_end,,term_start,,term_end,,,,,,,,1996.05.30 ~ 2000.05.29,"제15대 신한국당 경상북도 포항시남구,울릉군",nfzegpkvaclgtscxt,이상득,41996917,,,False
15,RLH4613I,1,윤한도,지역구,"경남 의령,함안군",경상남도 의령군·함안군,,,신한국당,신한국당,한나라당,신한국당,1996-05-30,2000-05-29,general,term_end,term_end,,term_start,,term_end,,,,,,,,1996.05.30 ~ 2000.05.29,"제15대 신한국당 경남 의령,함안군",nfzegpkvaclgtscxt,윤한도,41996917,,,False
15,RRZ9938R,1,길승흠,비례대표,전국구,,새정치국민회의,4,새정치국민회의,새정치국민회의,새천년민주당,새정치국민회의,1996-05-30,2000-05-29,general,term_end,term_end,,term_start,,term_end,,,,,,,,1996.05.30 ~ 2000.05.29,제15대 새정치국민회의,nfzegpkvaclgtscxt,길승흠,41996917,,,False
15,RST3993C,1,박종우,지역구,경기 김포군,경기도 김포군,,,무소속,무소속,새천년민주당,무소속,1996-05-30,2000-05-29,general,term_end,term_end,,term_start,,term_end,,,,,,,,1996.05.30 ~ 2000.05.29,제15대 무소속 경기 김포군,nfzegpkvaclgtscxt,박종우 (정치인),41996917,,,False
15,RUB28077,1,류종수,지역구,강원 춘천시을,강원도 춘천시 을,,,자유민주연합,자유민주연합,한나라당,자유민주연합,1996-05-30,2000-05-29,general,term_end,term_end,,term_start,,term_end,,,,,,,,1996.05.30 ~ 2000.05.29,제15대 자유민주연합 강원 춘천시을,nfzegpkvaclgtscxt,류종수,41996917,,,False
15,RVD1966C,1,이해봉,지역구,대구 달서구을,대구광역시 달서구 을,,,무소속,무소속,한나라당,무소속,1996-05-30,2000-05-29,general,term_end,term_end,,term_start,,term_end,,,,,,,,1996.05.30 ~ 2000.05.29,제15대 무소속 대구광역시 달서구을,nfzegpkvaclgtscxt,이해봉 (1942년),41996917,,,False
15,RVR78866,1,김문수,지역구,경기 부천시소사구,경기도 부천시 소사구,,,신한국당,신한국당,한나라당,신한국당,1996-05-30,2000-05-29,general,term_end,term_end,,term_start,,term_end,,,,,,,,1996.05.30 ~ 2000.05.29,제15대 신한국당 경기 부천시소사구,nfzegpkvaclgtscxt,김문수,41996917,,,False
15,RX273873,1,임복진,지역구,광주 남구,광주광역시 남구,,,새정치국민회의,새정치국민회의,새천년민주당,새정치국민회의,1996-05-30,2000-05-29,general,term_end,term_end,,term_start,,term_end,,,,,,,,1996.05.30 ~ 2000.05.29,제15대 새정치국민회의 광주 남구,nfzegpkvaclgtscxt,임복진,41996917,,,False
15,S072389V,1,김칠환,지역구,대전 동구갑,대전광역시 동구 갑,,,자유민주연합,자유민주연합,한나라당,자유민주연합,1996-05-30,2000-05-29,general,term_end,term_end,,term_start,,term_end,,,,,,,,1996.05.30 ~ 2000.05.29,제15대 자유민주연합 대전 동구갑,nfzegpkvaclgtscxt,김칠환,41996917,,,False
15,S369529X,1,이홍구,비례대표,전국구,,신한국당,2,신한국당,신한국당,한나라당,신한국당,1996-05-30,1998-04-14,general,disqualified,pr_seat_lost_on_leaving_party,이홍구 탈당으로 의원직 상실 조익현 승계 / 의원직 사퇴,term_start,,confirmed,wikilist+wikiseat,,1998-04-14,,1998-04-14,,,1996.05.30 ~ 1998.04.14,제15대 신한국당,nfzegpkvaclgtscxt,이홍구 (1934년),41996917,41996916,,False
15,S4B6672D,1,신경식,지역구,충북 청원군,충청북도 청원군,,,신한국당,신한국당,한나라당,신한국당,1996-05-30,2000-05-29,general,term_end,term_end,,term_start,,term_end,,,,,,,,1996.05.30 ~ 2000.05.29,제15대 신한국당 충북 청원군,nfzegpkvaclgtscxt,신경식,41996917,,,False
15,S874727Q,1,김길환,지역구,"경기 가평군,양평군",경기도 가평군·양평군,,,신한국당,신한국당,새천년민주당,신한국당,1996-05-30,2000-05-29,general,term_end,term_end,,term_start,,term_end,,,,,,,,1996.05.30 ~ 2000.05.29,"제15대 신한국당 경기 가평군,양평군",nfzegpkvaclgtscxt,김길환,41996917,,,False
15,SKV1971K,1,유선호,지역구,경기 군포시,경기도 군포시,,,새정치국민회의,새정치국민회의,새천년민주당,새정치국민회의,1996-05-30,2000-05-29,general,term_end,term_end,,term_start,,term_end,,,,,,,,1996.05.30 ~ 2000.05.29,제15대 새정치국민회의 경기도 군포시,nfzegpkvaclgtscxt,유선호 (정치인),41996917,,,False
15,SNJ6318D,1,김무성,지역구,부산 남구을,부산광역시 남구 을,,,신한국당,신한국당,한나라당,신한국당,1996-05-30,2000-05-29,general,term_end,term_end,,term_start,,term_end,,,,,,,,1996.05.30 ~ 2000.05.29,제15대 신한국당 부산 남구을,nfzegpkvaclgtscxt,김무성,41996917,,,False
15,SQT3346Q,1,차수명,지역구,경남 울산시남구갑,경상남도 울산시 남구 갑,,,신한국당,신한국당,자유민주연합,신한국당,1996-05-30,2000-05-29,general,term_end,term_end,,term_start,,term_end,,,,,,,,1996.05.30 ~ 2000.05.29,제15대 신한국당 경남 울산시남구갑,nfzegpkvaclgtscxt,차수명,41996917,,,False
15,SRH7774W,1,김인곤,지역구,"전남 함평,영광군",전라남도 함평군·영광군,,,새정치국민회의,새정치국민회의,새천년민주당,새정치국민회의,1996-05-30,2000-05-29,general,term_end,term_end,,term_start,,term_end,,,,,,,,1996.05.30 ~ 2000.05.29,"제15대 새정치국민회의 전남 함평,영광군",nfzegpkvaclgtscxt,김인곤,41996917,,,False
15,SW948730,1,이형배,비례대표,전국구,,통합민주당,7,한나라당,한나라당,한나라당,한나라당,1998-11-23,2000-05-29,succession_pr,term_end,term_end,,api_later_than_wiki,wikilist=1998-11-17; wikiseat=1998-11-17,term_end,,1998-11-17,,1998-11-17,,,,1998.11.23 ~ 2000.05.29,제15대 한나라당,nfzegpkvaclgtscxt,이형배,41996917,41996916,,False
15,SX52964G,1,김명섭,지역구,서울 영등포구갑,서울특별시 영등포구 갑,,,신한국당,신한국당,새천년민주당,신한국당,1996-05-30,2000-05-29,general,term_end,term_end,,term_start,,term_end,,,,,,,,1996.05.30 ~ 2000.05.29,제15대 신한국당 서울 영등포구갑,nfzegpkvaclgtscxt,김명섭 (1938년),41996917,,,False
15,T0C2301Q,1,김영일,지역구,경남 김해시,경상남도 김해시,,,신한국당,신한국당,한나라당,신한국당,1996-05-30,2000-05-29,general,term_end,term_end,,term_start,,term_end,,,,,,,,1996.05.30 ~ 2000.05.29,제15대 신한국당 경남 김해시,nfzegpkvaclgtscxt,김영일 (1942년),41996917,,,False
15,T1A5618F,1,박상복,비례대표,전국구,,자유민주연합,14,자유민주연합,자유민주연합,자유민주연합,자유민주연합,2000-02-21,2000-05-29,succession_pr,term_end,term_end,,api_later_than_wiki,wikilist=2000-02-15; wikiseat=2000-02-15,term_end,,2000-02-15,,2000-02-15,,,,2000.02.21 ~ 2000.05.29,제15대 자유민주연합,nfzegpkvaclgtscxt,박상복,41996917,41996916,,False
15,T1R43759,1,송현섭,비례대표,전국구,,새정치국민회의,15,새정치국민회의,새정치국민회의,새천년민주당,새정치국민회의,1998-01-09,2000-05-29,succession_pr,term_end,term_end,,api_later_than_wiki,wikilist=1997-12-26; wikiseat=1997-12-26,term_end,,1997-12-26,,1997-12-26,,,,1998.01.09 ~ 2000.05.29,제15대 새정치국민회의,nfzegpkvaclgtscxt,송현섭,41996917,41996916,,False
15,T1Z9579M,1,권노갑,비례대표,전국구,,새정치국민회의,9,새정치국민회의,새정치국민회의,새정치국민회의,새정치국민회의,1996-05-30,1997-12-26,general,disqualified,court_ruling_other_or_unspecified,권노갑 의원직 상실 송현섭 승계 / 의원직 상실,term_start,,confirmed,wikilist+wikiseat,,1997-12-26,,1997-12-26,,,1996.05.30 ~ 1997.12.26,제15대 새정치국민회의,nfzegpkvaclgtscxt,권노갑,41996917,41996916,,False
15,T2K9554I,1,홍문종,지역구,경기 의정부시,경기도 의정부시,,,신한국당,신한국당,무소속,신한국당,1996-05-30,2000-05-29,general,term_end,term_end,,term_start,,term_end,,,,,,,,1996.05.30 ~ 2000.05.29,제15대 신한국당 경기 의정부시,nfzegpkvaclgtscxt,홍문종 (정치인),41996917,,,False
15,T8H6713N,1,최연희,지역구,강원 동해시,강원도 동해시,,,신한국당,신한국당,한나라당,신한국당,1996-05-30,2000-05-29,general,term_end,term_end,,term_start,,term_end,,,,,,,,1996.05.30 ~ 2000.05.29,제15대 신한국당 강원 동해시,nfzegpkvaclgtscxt,최연희,41996917,,,False
15,TB37609W,1,이건개,비례대표,전국구,,자유민주연합,3,자유민주연합,자유민주연합,자유민주연합,자유민주연합,1996-05-30,2000-05-29,general,term_end,term_end,,term_start,,term_end,,,,,,,,1996.05.30 ~ 2000.05.29,제15대 자유민주연합,nfzegpkvaclgtscxt,이건개,41996917,,,False
15,TF57207F,1,박광태,지역구,광주 북구갑,광주광역시 북구 갑,,,새정치국민회의,새정치국민회의,새천년민주당,새정치국민회의,1996-05-30,2000-05-29,general,term_end,term_end,,term_start,,term_end,,,,,,,,1996.05.30 ~ 2000.05.29,제15대 새정치국민회의 광주 북구갑,nfzegpkvaclgtscxt,박광태,41996917,,,False
15,TFZ9143S,1,정희경,비례대표,전국구,,새정치국민회의,1,새정치국민회의,새정치국민회의,새천년민주당,새정치국민회의,1996-05-30,2000-05-29,general,term_end,term_end,,term_start,,term_end,,,,,,,,1996.05.30 ~ 2000.05.29,제15대 새정치국민회의,nfzegpkvaclgtscxt,정희경 (교육인),41996917,,,False
15,TN53355N,1,이중재,비례대표,전국구,,통합민주당,1,통합민주당,통합민주당1995,한나라당,통합민주당,1996-05-30,2000-05-29,general,term_end,term_end,,term_start,,term_end,,,,,,,,1996.05.30 ~ 2000.05.29,제15대 통합민주당,nfzegpkvaclgtscxt,이중재,41996917,,,False
15,TNK9949W,1,이성호,지역구,경기 남양주시,경기도 남양주시,,,신한국당,신한국당,새천년민주당,신한국당,1996-05-30,2000-05-29,general,term_end,term_end,,term_start,,term_end,,,,,,,,1996.05.30 ~ 2000.05.29,제15대 신한국당 경기 남양주시,nfzegpkvaclgtscxt,이성호 (1938년),41996917,,,False
15,TOU48854,1,박상규,비례대표,전국구,,새정치국민회의,2,새정치국민회의,새정치국민회의,새천년민주당,새정치국민회의,1996-05-30,2000-05-29,general,term_end,term_end,,term_start,,term_end,,,,,,,,1996.05.30 ~ 2000.05.29,제15대 새정치국민회의,nfzegpkvaclgtscxt,박상규 (1936년),41996917,,,False
15,TQH7044H,1,박관용,지역구,부산 동래구갑,부산광역시 동래구 갑,,,신한국당,신한국당,한나라당,신한국당,1996-05-30,2000-05-29,general,term_end,term_end,,term_start,,term_end,,,,,,,,1996.05.30 ~ 2000.05.29,제15대 신한국당 부산 동래구갑,nfzegpkvaclgtscxt,박관용,41996917,,,False
15,TW15816B,1,한영애,비례대표,전국구,,새정치국민회의,11,새정치국민회의,새정치국민회의,새천년민주당,새정치국민회의,1996-05-30,2000-05-29,general,term_end,term_end,,term_start,,term_end,,,,,,,,1996.05.30 ~ 2000.05.29,제15대 새정치국민회의,nfzegpkvaclgtscxt,한영애 (1941년),41996917,,,False
15,TZD17894,1,원유철,지역구,경기 평택시갑,경기도 평택시 갑,,,무소속,무소속,새천년민주당,무소속,1996-05-30,2000-05-29,general,term_end,term_end,,term_start,,term_end,,,,,,,,1996.05.30 ~ 2000.05.29,제15대 무소속 경기 평택시갑,nfzegpkvaclgtscxt,원유철,41996917,,,False
15,UBR50068,1,정일영,지역구,충남 천안시갑,충청남도 천안시 갑,,,자유민주연합,자유민주연합,자유민주연합,자유민주연합,1996-05-30,2000-05-29,general,term_end,term_end,,term_start,,term_end,,,,,,,,1996.05.30 ~ 2000.05.29,제15대 자유민주연합 충남 천안시갑,nfzegpkvaclgtscxt,정일영 (1944년),41996917,,,False
15,UCN4172E,1,김선길,지역구,충북 충주시,충청북도 충주시,,,자유민주연합,자유민주연합,자유민주연합,자유민주연합,1996-05-30,2000-05-29,general,term_end,term_end,,term_start,,term_end,,,,,,,,1996.05.30 ~ 2000.05.29,제15대 자유민주연합 충북 충주시,nfzegpkvaclgtscxt,김선길,41996917,,,False
15,UF42797P,1,백남치,지역구,서울 노원구갑,서울특별시 노원구 갑,,,신한국당,신한국당,자유민주연합,신한국당,1996-05-30,2000-05-29,general,term_end,term_end,,term_start,,term_end,,,,,,,,1996.05.30 ~ 2000.05.29,제15대 신한국당 서울 노원구갑,nfzegpkvaclgtscxt,백남치,41996917,,,False
15,URV1689Q,1,추미애,지역구,서울 광진구을,서울특별시 광진구 을,,,새정치국민회의,새정치국민회의,새천년민주당,새정치국민회의,1996-05-30,2000-05-29,general,term_end,term_end,,term_start,,term_end,,,,,,,,1996.05.30 ~ 2000.05.29,제15대 새정치국민회의 서울 광진구을,nfzegpkvaclgtscxt,추미애,41996917,,,False
15,UTL76680,1,오세응,지역구,경기 성남시분당구,경기도 성남시 분당구,,,신한국당,신한국당,자유민주연합,신한국당,1996-05-30,2000-05-29,general,term_end,term_end,,term_start,,term_end,,,,,,,,1996.05.30 ~ 2000.05.29,제15대 신한국당 경기 성남시분당구,nfzegpkvaclgtscxt,오세응,41996917,,,False
15,UWR1927I,1,김태식,지역구,전북 완주군,전라북도 완주군,,,새정치국민회의,새정치국민회의,새천년민주당,새정치국민회의,1996-05-30,2000-05-29,general,term_end,term_end,,term_start,,term_end,,,,,,,,1996.05.30 ~ 2000.05.29,제15대 새정치국민회의 전북 완주군,nfzegpkvaclgtscxt,김태식 (정치인),41996917,,,False
15,UWS28633,1,임채정,지역구,서울 노원구을,서울특별시 노원구 을,,,새정치국민회의,새정치국민회의,새천년민주당,새정치국민회의,1996-05-30,2000-05-29,general,term_end,term_end,,term_start,,term_end,,,,,,,,1996.05.30 ~ 2000.05.29,제15대 새정치국민회의 서울특별시 노원구을,nfzegpkvaclgtscxt,임채정,41996917,,,False
15,UWX81091,1,장영철,지역구,"경북 군위,칠곡군",경상북도 군위군·칠곡군,,,신한국당,신한국당,새천년민주당,신한국당,1996-05-30,2000-05-29,general,term_end,term_end,,term_start,,term_end,,,,,,,,1996.05.30 ~ 2000.05.29,"제15대 신한국당 경북 군위,칠곡군",nfzegpkvaclgtscxt,장영철 (1936년),41996917,,,False
15,UX77102W,1,허남훈,지역구,경기 평택시을,경기도 평택시 을,,,자유민주연합,자유민주연합,자유민주연합,자유민주연합,1996-05-30,2000-05-29,general,term_end,term_end,,term_start,,term_end,,,,,,,,1996.05.30 ~ 2000.05.29,제15대 자유민주연합 경기 평택시을,nfzegpkvaclgtscxt,허남훈,41996917,,,False
15,UY23844S,1,김일윤,지역구,경북 경주시갑,경상북도 경주시 갑,,,무소속,무소속,한나라당,무소속,1996-05-30,2000-05-29,general,term_end,term_end,,term_start,,term_end,,,,,,,,1996.05.30 ~ 2000.05.29,제15대 무소속 경북 경주시갑,nfzegpkvaclgtscxt,김일윤,41996917,,,False
15,V1849655,1,정의화,지역구,부산 중동구,부산광역시 중구·동구,,,신한국당,신한국당,한나라당,신한국당,1996-05-30,2000-05-29,general,term_end,term_end,,term_start,,term_end,,,,,,,,1996.05.30 ~ 2000.05.29,제15대 신한국당 부산 중동구,nfzegpkvaclgtscxt,정의화,41996917,,,False
15,V2C9494O,1,이신범,지역구,서울 강서구을,서울특별시 강서구 을,,,신한국당,신한국당,한나라당,신한국당,1996-05-30,2000-05-29,general,term_end,term_end,,term_start,,term_end,,,,,,,,1996.05.30 ~ 2000.05.29,제15대 신한국당 서울 강서구을,nfzegpkvaclgtscxt,이신범,41996917,,,False
15,VDU1630B,1,박세환,비례대표,전국구,,신한국당,9,신한국당,신한국당,한나라당,신한국당,1996-05-30,2000-05-29,general,term_end,term_end,,term_start,,term_end,,,,,,,,1996.05.30 ~ 2000.05.29,제15대 신한국당 비례대표(신한국당),nfzegpkvaclgtscxt,박세환 (1940년),41996917,,,False
15,VHK3402G,1,정우택,지역구,"충북 진천,음성군",충청북도 진천군·음성군,,,자유민주연합,자유민주연합,자유민주연합,자유민주연합,1996-05-30,2000-05-29,general,term_end,term_end,,term_start,,term_end,,,,,,,,1996.05.30 ~ 2000.05.29,"제15대 자유민주연합 충북 진천,음성군",nfzegpkvaclgtscxt,정우택 (1953년),41996917,,,False
15,VLP8819K,1,변정일,지역구,"제주 서귀포시,남제주군",제주도 서귀포시·남제주군,,,신한국당,신한국당,한나라당,신한국당,1996-05-30,2000-05-29,general,term_end,term_end,,term_start,,term_end,,,,,,,,1996.05.30 ~ 2000.05.29,"제15대 신한국당 제주 서귀포시,남제주군",nfzegpkvaclgtscxt,변정일 (1942년),41996917,,,False
15,VSK1291Z,1,서정화,지역구,"인천 중,동구,옹진군",인천광역시 중구·동구·옹진군,,,신한국당,신한국당,새천년민주당,신한국당,1996-05-30,2000-05-29,general,term_end,term_end,,term_start,,term_end,,,,,,,,1996.05.30 ~ 2000.05.29,"제15대 신한국당 인천 중,동구,옹진군",nfzegpkvaclgtscxt,서정화 (1939년),41996917,,,False
15,VTN3694W,1,정동채,지역구,광주 서구,광주광역시 서구,,,새정치국민회의,새정치국민회의,새천년민주당,새정치국민회의,1996-05-30,2000-05-29,general,term_end,term_end,,term_start,,term_end,,,,,,,,1996.05.30 ~ 2000.05.29,제15대 새정치국민회의 광주 서구,nfzegpkvaclgtscxt,정동채,41996917,,,False
15,VU95307T,1,이택석,지역구,경기 고양시일산구,경기도 고양시 일산구,,,신한국당,신한국당,자유민주연합,신한국당,1996-05-30,2000-05-29,general,term_end,term_end,,term_start,,term_end,,,,,,,,1996.05.30 ~ 2000.05.29,제15대 신한국당 경기 고양시일산구,nfzegpkvaclgtscxt,이택석,41996917,,,False
15,VYI2708Q,1,신기하,지역구,광주 동구,광주광역시 동구,,,새정치국민회의,새정치국민회의,새정치국민회의,새정치국민회의,1996-05-30,1997-08-06,general,died,died,대한항공 801편 추락 사고로 인해 사망 / 사망,term_start,,confirmed,wikilist+wikiseat,,1997-08-06,,1997-08-06,,,1996.05.30 ~ 1997.08.06,제15대 새정치국민회의 광주 동구,nfzegpkvaclgtscxt,신기하,41996917,41996916,,False
15,VZ17900R,1,남궁진,지역구,경기 광명시갑,경기도 광명시 갑,,,새정치국민회의,새정치국민회의,새천년민주당,새정치국민회의,1996-05-30,2000-05-29,general,term_end,term_end,,term_start,,term_end,,,,,,,,1996.05.30 ~ 2000.05.29,제15대 새정치국민회의 경기 광명시갑,nfzegpkvaclgtscxt,남궁진,41996917,,,False
15,VZY4811C,1,권영자,비례대표,전국구,,신한국당,5,신한국당,신한국당,한나라당,신한국당,1996-05-30,2000-05-29,general,term_end,term_end,,term_start,,term_end,,,,,,,,1996.05.30 ~ 2000.05.29,제15대 신한국당,nfzegpkvaclgtscxt,권영자,41996917,,,False
15,W0L3395K,1,김옥두,지역구,"전남 장흥,영암군",전라남도 장흥군·영암군,,,새정치국민회의,새정치국민회의,새천년민주당,새정치국민회의,1996-05-30,2000-05-29,general,term_end,term_end,,term_start,,term_end,,,,,,,,1996.05.30 ~ 2000.05.29,"제15대 새정치국민회의 전남 장흥,영암군",nfzegpkvaclgtscxt,김옥두,41996917,,,False
15,W8L79935,1,이강두,지역구,"경남 거창,합천군",경상남도 거창군·합천군,,,신한국당,신한국당,한나라당,신한국당,1996-05-30,2000-05-29,general,term_end,term_end,,term_start,,term_end,,,,,,,,1996.05.30 ~ 2000.05.29,"제15대 신한국당 경남 거창,합천군",nfzegpkvaclgtscxt,이강두,41996917,,,False
15,WCA3290J,1,이완구,지역구,"충남 청양,홍성군",충청남도 청양군·홍성군,,,신한국당,신한국당,자유민주연합,신한국당,1996-05-30,2000-05-29,general,term_end,term_end,,term_start,,term_end,,,,,,,,1996.05.30 ~ 2000.05.29,"제15대 신한국당 충남 청양,홍성군",nfzegpkvaclgtscxt,이완구,41996917,,,False
15,WCH9199M,1,김상우,지역구,서울 광진구갑,서울특별시 광진구 갑,,,새정치국민회의,새정치국민회의,새천년민주당,새정치국민회의,1996-05-30,2000-05-29,general,term_end,term_end,,term_start,,term_end,,,,,,,,1996.05.30 ~ 2000.05.29,제15대 새정치국민회의 서울 광진구갑,nfzegpkvaclgtscxt,김상우 (정치인),41996917,,,False
15,WFJ6020P,1,김덕룡,지역구,서울 서초구을,서울특별시 서초구 을,,,신한국당,신한국당,한나라당,신한국당,1996-05-30,2000-05-29,general,term_end,term_end,,term_start,,term_end,,,,,,,,1996.05.30 ~ 2000.05.29,제15대 신한국당 서울특별시 서초구을,nfzegpkvaclgtscxt,김덕룡,41996917,,,False
15,WI12765F,1,정상천,비례대표,전국구,,자유민주연합,7,자유민주연합,자유민주연합,자유민주연합,자유민주연합,1996-05-30,1999-04-02,general,resigned,resigned_on_appointment,정상천 해양수산부 장관 임명으로 의원직 사퇴 송업교 승계 / 의원직 사퇴,term_start,,api_later_than_wiki,wikilist=1999-03-30; wikiseat=1999-03-31,,1999-03-30,,1999-03-31,,,1996.05.30 ~ 1999.04.02,제15대 자유민주연합,nfzegpkvaclgtscxt,정상천,41996917,41996916,,False
15,WJ85609S,1,김덕,비례대표,전국구,,신한국당,7,신한국당,신한국당,한나라당,신한국당,1996-05-30,2000-05-29,general,term_end,term_end,,term_start,,term_end,,,,,,,,1996.05.30 ~ 2000.05.29,제15대 신한국당,nfzegpkvaclgtscxt,김덕,41996917,,,False
15,WJC7553A,1,권기술,지역구,경남 울산시울주구,경상남도 울산시 울주구,,,통합민주당,통합민주당1995,한나라당,통합민주당,1996-05-30,2000-05-29,general,term_end,term_end,,term_start,,term_end,,,,,,,,1996.05.30 ~ 2000.05.29,제15대 통합민주당 경남 울산시울주구,nfzegpkvaclgtscxt,권기술,41996917,,,False
15,WMD2190C,1,이해구,지역구,경기 안성군,경기도 안성군,,,신한국당,신한국당,한나라당,신한국당,1996-05-30,2000-05-29,general,term_end,term_end,,term_start,,term_end,,,,,,,,1996.05.30 ~ 2000.05.29,제15대 신한국당 경기 안성군,nfzegpkvaclgtscxt,이해구,41996917,,,False
15,WV87958Z,1,김동주,지역구,부산 해운대구 기장군을,부산광역시 해운대구·기장군 을,,,자유민주연합,자유민주연합,민주국민당,자유민주연합,1998-07-21,2000-05-29,by_election,term_end,term_end,,confirmed,wikilist+wikiseat,term_end,,1998-07-21,,1998-07-21,,,,1998.07.21 ~ 2000.05.29,제15대 자유민주연합 부산 해운대구 기장군을,nfzegpkvaclgtscxt,김동주 (1944년),41996917,41996916,,False
15,WVT1840E,1,김기춘,지역구,경남 거제시,경상남도 거제시,,,신한국당,신한국당,한나라당,신한국당,1996-05-30,2000-05-29,general,term_end,term_end,,term_start,,term_end,,,,,,,,1996.05.30 ~ 2000.05.29,제15대 신한국당 경상남도 거제시,nfzegpkvaclgtscxt,김기춘,41996917,,,False
15,WZK3380B,1,현경대,지역구,제주 제주시,제주도 제주시,,,신한국당,신한국당,한나라당,신한국당,1996-05-30,2000-05-29,general,term_end,term_end,,term_start,,term_end,,,,,,,,1996.05.30 ~ 2000.05.29,제15대 신한국당 제주 제주시,nfzegpkvaclgtscxt,현경대,41996917,,,False
15,X0K2352F,1,김광수,비례대표,전국구,,자유민주연합,5,자유민주연합,자유민주연합,자유민주연합,자유민주연합,1996-05-30,2000-05-29,general,term_end,term_end,,term_start,,term_end,,,,,,,,1996.05.30 ~ 2000.05.29,제15대 자유민주연합,nfzegpkvaclgtscxt,김광수 (1925년),41996917,,,False
15,X7K8338U,1,박성범,지역구,서울 중구,서울특별시 중구,,,신한국당,신한국당,한나라당,신한국당,1996-05-30,2000-05-29,general,term_end,term_end,,term_start,,term_end,,,,,,,,1996.05.30 ~ 2000.05.29,제15대 신한국당 서울특별시 중구,nfzegpkvaclgtscxt,박성범 (정치인),41996917,,,False
15,X9Z79695,1,김호일,지역구,경남 마산시 합포군,경상남도 마산시 합포구,,,신한국당,신한국당,한나라당,신한국당,1996-05-30,2000-05-29,general,term_end,term_end,,term_start,,term_end,,,,,,,,1996.05.30 ~ 2000.05.29,제15대 신한국당 경남 마산시 합포군,nfzegpkvaclgtscxt,김호일,41996917,,,False
15,XAB5157V,1,최형우,지역구,부산 연제구,부산광역시 연제구,,,신한국당,신한국당,한나라당,신한국당,1996-05-30,2000-05-29,general,term_end,term_end,,term_start,,term_end,,,,,,,,1996.05.30 ~ 2000.05.29,제15대 신한국당 부산 연제구,nfzegpkvaclgtscxt,최형우 (정치인),41996917,,,False
15,XF32334M,1,나오연,지역구,경남 양산시,경상남도 양산시,,,신한국당,신한국당,한나라당,신한국당,1996-05-30,2000-05-29,general,term_end,term_end,,term_start,,term_end,,,,,,,,1996.05.30 ~ 2000.05.29,제15대 신한국당 경남 양산시,nfzegpkvaclgtscxt,나오연,41996917,,,False
15,XIS30288,1,이원범,지역구,대전 서구갑,대전광역시 서구 갑,,,자유민주연합,자유민주연합,자유민주연합,자유민주연합,1996-05-30,2000-05-29,general,term_end,term_end,,term_start,,term_end,,,,,,,,1996.05.30 ~ 2000.05.29,제15대 자유민주연합 대전 서구갑,nfzegpkvaclgtscxt,이원범,41996917,,,False
15,XL53252Q,1,정호선,지역구,전남 나주시,전라남도 나주시,,,새정치국민회의,새정치국민회의,새천년민주당,새정치국민회의,1996-05-30,2000-05-29,general,term_end,term_end,,term_start,,term_end,,,,,,,,1996.05.30 ~ 2000.05.29,제15대 새정치국민회의 전남 나주시,nfzegpkvaclgtscxt,정호선 (1943년),41996917,,,False
15,Y2W9921H,1,김영배,지역구,서울 양천구을,서울특별시 양천구 을,,,새정치국민회의,새정치국민회의,새천년민주당,새정치국민회의,1996-05-30,2000-05-29,general,term_end,term_end,,term_start,,term_end,,,,,,,,1996.05.30 ~ 2000.05.29,제15대 새정치국민회의 서울 양천구을,nfzegpkvaclgtscxt,김영배 (1932년),41996917,,,False
15,Y761049K,1,오용운,지역구,충북 청주시흥덕구,충청북도 청주시 흥덕구,,,자유민주연합,자유민주연합,자유민주연합,자유민주연합,1996-05-30,2000-05-29,general,term_end,term_end,,term_start,,term_end,,,,,,,,1996.05.30 ~ 2000.05.29,제15대 자유민주연합 충북 청주시흥덕구,nfzegpkvaclgtscxt,오용운,41996917,,,False
15,Y786057K,1,박명환,지역구,서울 마포구갑,서울특별시 마포구 갑,,,신한국당,신한국당,한나라당,신한국당,1996-05-30,2000-05-29,general,term_end,term_end,,term_start,,term_end,,,,,,,,1996.05.30 ~ 2000.05.29,제15대 신한국당 서울 마포구갑,nfzegpkvaclgtscxt,박명환 (1938년),41996917,,,False
15,Y7P9761E,1,김의재,지역구,경기 시흥,경기도 시흥시,,,자유민주연합,자유민주연합,자유민주연합,자유민주연합,1999-03-30,2000-05-29,by_election,term_end,term_end,,confirmed,wikilist+wikiseat,term_end,,1999-03-30,,1999-03-30,,,,1999.03.30 ~ 2000.05.29,제15대 자유민주연합 경기 시흥,nfzegpkvaclgtscxt,김의재,41996917,41996916,,False
15,YE691699,1,이규택,지역구,경기 여주군,경기도 여주군,,,통합민주당,통합민주당1995,한나라당,통합민주당,1996-05-30,2000-05-29,general,term_end,term_end,,term_start,,term_end,,,,,,,,1996.05.30 ~ 2000.05.29,제15대 통합민주당 경기도 여주군,nfzegpkvaclgtscxt,이규택,41996917,,,False
15,YEB5724H,1,김원길,지역구,서울 강북구갑,서울특별시 강북구 갑,,,새정치국민회의,새정치국민회의,새천년민주당,새정치국민회의,1996-05-30,2000-05-29,general,term_end,term_end,,term_start,,term_end,,,,,,,,1996.05.30 ~ 2000.05.29,제15대 새정치국민회의 서울 강북구갑,nfzegpkvaclgtscxt,김원길,41996917,,,False
15,YP610287,1,황병태,지역구,"경북 문경시,예천군",경상북도 문경시·예천군,,,신한국당,신한국당,한나라당,신한국당,1996-05-30,1997-12-26,general,disqualified,court_ruling_election_law,대법원에서 공직선거법 위반으로 의원직 상실 / 의원직 상실,term_start,,confirmed,wikilist+wikiseat,,1997-12-26,,1997-12-26,,,1996.05.30 ~ 1997.12.26,"제15대 신한국당 경북 문경시,예천군",nfzegpkvaclgtscxt,황병태,41996917,41996916,,False
15,YZJ60561,1,이우재,지역구,서울 금천구,서울특별시 금천구,,,신한국당,신한국당,한나라당,신한국당,1996-05-30,2000-05-29,general,term_end,term_end,,term_start,,term_end,,,,,,,,1996.05.30 ~ 2000.05.29,제15대 신한국당 서울 금천구,nfzegpkvaclgtscxt,이우재 (1936년),41996917,,,False
15,Z9T8211D,1,안재홍,비례대표,전국구,,신한국당,24,한나라당,한나라당,한나라당,한나라당,1998-05-18,2000-05-29,succession_pr,term_end,term_end,,api_earlier_than_wiki,wikilist=1998-05-19; wikiseat=1998-05-19,term_end,,1998-05-19,,1998-05-19,,,,1998.05.18 ~ 2000.05.29,제15대 한나라당,nfzegpkvaclgtscxt,안재홍 (1947년),41996917,41996916,,False
15,ZB14984Z,1,이길재,지역구,광주 북구을,광주광역시 북구 을,,,새정치국민회의,새정치국민회의,새천년민주당,새정치국민회의,1996-05-30,2000-05-29,general,term_end,term_end,,term_start,,term_end,,,,,,,,1996.05.30 ~ 2000.05.29,제15대 새정치국민회의 광주 북구을,nfzegpkvaclgtscxt,이길재,41996917,,,False
15,ZB81328B,1,강성재,지역구,서울 성북구을,서울특별시 성북구 을,,,신한국당,신한국당,한나라당,신한국당,1996-05-30,2000-05-29,general,term_end,term_end,,term_start,,term_end,,,,,,,,1996.05.30 ~ 2000.05.29,제15대 신한국당 서울 성북구을,nfzegpkvaclgtscxt,강성재,41996917,,,False
15,ZS11174V,1,김범명,지역구,"충남 논산,금산군",충청남도 논산시·금산군,,,자유민주연합,자유민주연합,자유민주연합,자유민주연합,1996-05-30,2000-05-29,general,term_end,term_end,,term_start,,term_end,,,,,,,,1996.05.30 ~ 2000.05.29,"제15대 자유민주연합 충남 논산,금산군",nfzegpkvaclgtscxt,김범명,41996917,,,False
16,0664957K,1,박금자,비례대표,비례대표,,새천년민주당,32,새천년민주당,새천년민주당,새천년민주당,새천년민주당,2003-12-22,2004-05-29,succession_pr,term_end,term_end,,api_later_than_wiki,wikilist=2003-12-12; wikiseat=2003-12-12,term_end,,2003-12-12,,2003-12-12,,,,2003.12.22 ~ 2004.05.29,제16대 새천년민주당 비례대표,nfzegpkvaclgtscxt,박금자,42446179,42446181,,False
16,0767470D,1,이낙연,지역구,"전남 함평,영광군",전라남도 함평군·영광군,,,새천년민주당,새천년민주당,새천년민주당,새천년민주당,2000-05-30,2004-05-29,general,term_end,term_end,,term_start,,term_end,,,,,,,,2000.05.30 ~ 2004.05.29,"제16대 새천년민주당 전라남도 함평,영광군",nfzegpkvaclgtscxt,이낙연,42446179,,,False
16,0MY78908,1,김영구,비례대표,비례대표,,한나라당,27,한나라당,한나라당,한나라당,한나라당,2004-03-11,2004-05-29,succession_pr,term_end,term_end,,api_later_than_wiki,wikilist=2004-03-04; wikiseat=2004-02-01,term_end,,2004-03-04,,2004-02-01,,,,2004.03.11 ~ 2004.05.29,제16대 한나라당 비례대표,nfzegpkvaclgtscxt,김영구 (1941년),42446179,42446181,,False
16,0P85685J,1,이회창,비례대표,비례대표,,한나라당,1,한나라당,한나라당,한나라당,한나라당,2000-05-30,2002-12-11,general,resigned,resigned_to_run_for_other_office,이회창 16대 대선 출마로 의원직 사퇴 유한열 승계 / 의원직 사퇴,term_start,,api_later_than_wiki,wikilist=2002-11-26; wikiseat=2002-11-26,,2002-11-26,,2002-11-26,,,2000.05.30 ~ 2002.12.11,제16대 한나라당 비례대표,nfzegpkvaclgtscxt,이회창,42446179,42446181,,False
16,0WH9705X,1,전재희,비례대표,비례대표,,한나라당,9,한나라당,한나라당,한나라당,한나라당,2000-05-30,2002-07-22,general,resigned,resigned_to_run_for_other_office,전재희 재보궐선거 출마 위해 사퇴 김영선 승계 / 의원직 사퇴,term_start,,confirmed,wikilist+wikiseat,,2002-07-22,,2002-07-22,,,2000.05.30 ~ 2002.07.22,제16대 한나라당 비례(한) 비례대표(한나라당),nfzegpkvaclgtscxt,전재희,42446179,42446181,,False
16,0WH9705X,2,전재희,지역구,경기 광명시,경기도 광명시,,,한나라당,한나라당,한나라당,한나라당,2002-08-08,2004-05-29,by_election,term_end,term_end,,confirmed,wikilist+wikiseat,term_end,,2002-08-08,,2002-08-08,,,,2002.08.08 ~ 2004.05.29,제16대 한나라당 경기 광명시,nfzegpkvaclgtscxt,전재희,42446179,42446181,,False
16,17671841,1,김태홍,지역구,광주 북구을,광주광역시 북구 을,,,새천년민주당,새천년민주당,열린우리당,새천년민주당,2000-05-30,2004-05-29,general,term_end,term_end,,term_start,,term_end,,,,,,,,2000.05.30 ~ 2004.05.29,제16대 새천년민주당 광주광역시 북구을,nfzegpkvaclgtscxt,김태홍 (정치인),42446179,,,False
16,1C04271Z,1,김영환,지역구,경기 안산시갑,경기도 안산시 갑,,,새천년민주당,새천년민주당,새천년민주당,새천년민주당,2000-05-30,2004-05-29,general,term_end,term_end,,term_start,,term_end,,,,,,,,2000.05.30 ~ 2004.05.29,제16대 새천년민주당 경기 안산시갑,nfzegpkvaclgtscxt,김영환 (1955년),42446179,,,False
16,1EL35837,1,원희룡,지역구,서울 양천구갑,서울특별시 양천구 갑,,,한나라당,한나라당,한나라당,한나라당,2000-05-30,2004-05-29,general,term_end,term_end,,term_start,,term_end,,,,,,,,2000.05.30 ~ 2004.05.29,제16대 한나라당 서울특별시 양천구갑,nfzegpkvaclgtscxt,원희룡,42446179,,,False
16,1OP1897P,1,김홍일,지역구,전남 목포시,전라남도 목포시,,,새천년민주당,새천년민주당,새천년민주당,새천년민주당,2000-05-30,2004-05-29,general,term_end,term_end,,term_start,,term_end,,,,,,,,2000.05.30 ~ 2004.05.29,제16대 새천년민주당 전라남도 목포시,nfzegpkvaclgtscxt,김홍일 (1948년),42446179,,,False
16,1ZF7922T,1,김한길,비례대표,비례대표,,새천년민주당,13,새천년민주당,새천년민주당,새천년민주당,새천년민주당,2000-05-30,2000-10-09,general,resigned,resigned_on_appointment,김한길 문화관광부 장관 임명으로 사퇴 김화중 승계 / 의원직 사퇴,term_start,,api_later_than_wiki,wikilist=2000-09-20; wikiseat=2000-09-20,,2000-09-20,,2000-09-20,,,2000.05.30 ~ 2000.10.09,제16대 새천년민주당 비례대표,nfzegpkvaclgtscxt,김한길,42446179,42446181,,False
16,2GA5658A,1,백승홍,지역구,대구 중구,대구광역시 중구,,,한나라당,한나라당,무소속,한나라당,2000-05-30,2004-05-29,general,term_end,term_end,,term_start,,term_end,,,,,,,,2000.05.30 ~ 2004.05.29,제16대 한나라당 대구 중구,nfzegpkvaclgtscxt,백승홍,42446179,,,False
16,2GM8059R,1,박창달,비례대표,비례대표,,한나라당,15,한나라당,한나라당,한나라당,한나라당,2000-05-30,2004-05-29,general,term_end,term_end,,term_start,,term_end,,,,,,,,2000.05.30 ~ 2004.05.29,제16대 한나라당 비례대표,nfzegpkvaclgtscxt,박창달,42446179,,,False
16,2PO2218L,1,정균환,지역구,"전북 고창,부안군",전라북도 고창군·부안군,,,새천년민주당,새천년민주당,새천년민주당,새천년민주당,2000-05-30,2004-05-29,general,term_end,term_end,,term_start,,term_end,,,,,,,,2000.05.30 ~ 2004.05.29,"제16대 새천년민주당 전라북도 고창,부안군",nfzegpkvaclgtscxt,정균환,42446179,,,False
16,3349190D,1,서상섭,지역구,"인천 중,동구,옹진군",인천광역시 중구·동구·옹진군,,,한나라당,한나라당,한나라당,한나라당,2000-05-30,2004-05-29,general,term_end,term_end,,term_start,,term_end,,,,,,,,2000.05.30 ~ 2004.05.29,"제16대 한나라당 인천광역시 중,동구,옹진군",nfzegpkvaclgtscxt,서상섭,42446179,,,False
16,34C34428,1,최병렬,지역구,서울 강남구갑,서울특별시 강남구 갑,,,한나라당,한나라당,한나라당,한나라당,2000-05-30,2004-05-29,general,term_end,term_end,,term_start,,term_end,,,,,,,,2000.05.30 ~ 2004.05.29,제16대 한나라당 서울특별시 강남구갑,nfzegpkvaclgtscxt,최병렬 (정치인),42446179,,,False
16,35I30124,1,강삼재,지역구,경남 마산시회원구,경상남도 마산시 회원구,,,한나라당,한나라당,한나라당,한나라당,2000-05-30,2004-05-29,general,term_end,term_end,,term_start,,term_end,,,,,,,,2000.05.30 ~ 2004.05.29,제16대 한나라당 경상남도 마산시회원구,nfzegpkvaclgtscxt,강삼재,42446179,,,False
16,3L95335E,1,이양희,지역구,대전 동구,대전광역시 동구,,,자유민주연합,자유민주연합,한나라당,자유민주연합,2000-05-30,2004-05-29,general,term_end,term_end,,term_start,,term_end,,,,,,,,2000.05.30 ~ 2004.05.29,제16대 자유민주연합 대전광역시 동구,nfzegpkvaclgtscxt,이양희 (1945년),42446179,,,False
16,3N322891,1,윤철상,비례대표,비례대표,,새천년민주당,17,새천년민주당,새천년민주당,새천년민주당,새천년민주당,2000-05-30,2004-05-29,general,term_end,term_end,,term_start,,term_end,,,,,,,,2000.05.30 ~ 2004.05.29,제16대 새천년민주당 비례대표,nfzegpkvaclgtscxt,윤철상,42446179,,,False
16,3OA12807,1,권오을,지역구,경북 안동시,경상북도 안동시,,,한나라당,한나라당,한나라당,한나라당,2000-05-30,2004-05-29,general,term_end,term_end,,term_start,,term_end,,,,,,,,2000.05.30 ~ 2004.05.29,제16대 한나라당 경상북도 안동시,nfzegpkvaclgtscxt,권오을,42446179,,,False
16,3SK6343V,1,유성근,지역구,경기 하남시,경기도 하남시,,,한나라당,한나라당,한나라당,한나라당,2000-05-30,2002-05-24,general,disqualified,court_ruling_election_law,대법원에서 공직선거법 위반으로 당선무효형 확정 / 의원직 상실,term_start,,confirmed,wikilist+wikiseat,,2002-05-24,,2002-05-24,,,2000.05.30 ~ 2002.05.24,제16대 한나라당 경기도 하남시,nfzegpkvaclgtscxt,유성근,42446179,42446181,,False
16,3SP89633,1,천정배,지역구,경기 안산시을,경기도 안산시 을,,,새천년민주당,새천년민주당,열린우리당,새천년민주당,2000-05-30,2004-05-29,general,term_end,term_end,,term_start,,term_end,,,,,,,,2000.05.30 ~ 2004.05.29,제16대 새천년민주당 경기 안산시을,nfzegpkvaclgtscxt,천정배,42446179,,,False
16,44936542,1,박종근,지역구,대구 달서구갑,대구광역시 달서구 갑,,,한나라당,한나라당,한나라당,한나라당,2000-05-30,2004-05-29,general,term_end,term_end,,term_start,,term_end,,,,,,,,2000.05.30 ~ 2004.05.29,제16대 한나라당 대구광역시 달서구갑,nfzegpkvaclgtscxt,박종근 (1937년),42446179,,,False
16,4AD9396G,1,강신성일,지역구,대구 동구,대구광역시 동구,,,한나라당,한나라당,한나라당,한나라당,2000-05-30,2004-05-29,general,term_end,term_end,,term_start,,term_end,,,,,,,,2000.05.30 ~ 2004.05.29,제16대 한나라당 대구 동구,nfzegpkvaclgtscxt,강신성일,42446179,,,False
16,4HB8518T,1,박근혜,지역구,대구 달성군,대구광역시 달성군,,,한나라당,한나라당,한나라당,한나라당,2000-05-30,2004-05-29,general,term_end,term_end,,term_start,,term_end,,,,,,,,2000.05.30 ~ 2004.05.29,제16대 한나라당 대구 달성군,nfzegpkvaclgtscxt,박근혜,42446179,,,False
16,4MX3134T,1,김형오,지역구,부산 영도구,부산광역시 영도구,,,한나라당,한나라당,한나라당,한나라당,2000-05-30,2004-05-29,general,term_end,term_end,,term_start,,term_end,,,,,,,,2000.05.30 ~ 2004.05.29,제16대 한나라당 부산광역시 영도구,nfzegpkvaclgtscxt,김형오,42446179,,,False
16,4OP2362T,1,장성원,지역구,전북 김제시,전라북도 김제시,,,새천년민주당,새천년민주당,새천년민주당,새천년민주당,2000-05-30,2004-05-29,general,term_end,term_end,,term_start,,term_end,,,,,,,,2000.05.30 ~ 2004.05.29,제16대 새천년민주당 전북 김제시,nfzegpkvaclgtscxt,장성원 (1939년),42446179,,,False
16,4PP40693,1,손희정,비례대표,비례대표,,한나라당,21,한나라당,한나라당,한나라당,한나라당,2000-05-30,2004-05-29,general,term_end,term_end,,term_start,,term_end,,,,,,,,2000.05.30 ~ 2004.05.29,제16대 한나라당 비례대표,nfzegpkvaclgtscxt,손희정 (정치인),42446179,,,False
16,4RF2451S,1,김원기,지역구,전북 정읍시,전라북도 정읍시,,,새천년민주당,새천년민주당,열린우리당,새천년민주당,2000-05-30,2004-05-29,general,term_end,term_end,,term_start,,term_end,,,,,,,,2000.05.30 ~ 2004.05.29,제16대 새천년민주당 전라북도 정읍시,nfzegpkvaclgtscxt,김원기 (1937년),42446179,,,False
16,4SF3150L,1,최영희,비례대표,비례대표,,새천년민주당,2,새천년민주당,새천년민주당,새천년민주당,새천년민주당,2000-05-30,2004-05-29,general,term_end,term_end,,term_start,,term_end,,,,,,,,2000.05.30 ~ 2004.05.29,제16대 새천년민주당 비례대표,nfzegpkvaclgtscxt,최영희 (1939년),42446179,,,False
16,4Y54669I,1,서청원,지역구,서울 동작구갑,서울특별시 동작구 갑,,,한나라당,한나라당,무소속,한나라당,2000-05-30,2004-05-29,general,term_end,term_end,,term_start,,term_end,,,,,,,,2000.05.30 ~ 2004.05.29,제16대 한나라당 서울특별시 동작구갑,nfzegpkvaclgtscxt,서청원,42446179,,,False
16,58Z2089C,1,전갑길,지역구,광주 광산구,광주광역시 광산구,,,새천년민주당,새천년민주당,새천년민주당,새천년민주당,2000-05-30,2004-05-29,general,term_end,term_end,,term_start,,term_end,,,,,,,,2000.05.30 ~ 2004.05.29,제16대 새천년민주당 광주광역시 광산구,nfzegpkvaclgtscxt,전갑길,42446179,,,False
16,5PS66776,1,맹형규,지역구,서울 송파구갑,서울특별시 송파구 갑,,,한나라당,한나라당,한나라당,한나라당,2000-05-30,2004-05-29,general,term_end,term_end,,term_start,,term_end,,,,,,,,2000.05.30 ~ 2004.05.29,제16대 한나라당 서울특별시 송파구갑,nfzegpkvaclgtscxt,맹형규,42446179,,,False
16,5W34729L,1,이상수,지역구,서울 중랑구갑,서울특별시 중랑구 갑,,,새천년민주당,새천년민주당,열린우리당,새천년민주당,2000-05-30,2004-05-29,general,term_end,term_end,,term_start,,term_end,,,,,,,,2000.05.30 ~ 2004.05.29,제16대 새천년민주당 서울특별시 중랑구갑,nfzegpkvaclgtscxt,이상수 (1946년),42446179,,,False
16,5YX7831C,1,정몽준,지역구,울산 동구,울산광역시 동구,,,무소속,무소속,국민통합21,무소속,2000-05-30,2004-05-29,general,term_end,term_end,,term_start,,term_end,,,,,,,,2000.05.30 ~ 2004.05.29,제16대 무소속 울산광역시 동구,nfzegpkvaclgtscxt,정몽준,42446179,,,False
16,5ZO7509R,1,김화중,비례대표,비례대표,,새천년민주당,20,새천년민주당,새천년민주당,새천년민주당,새천년민주당,2000-10-11,2003-03-04,succession_pr,resigned,resigned_on_appointment,김화중 보건복지부 장관 임명으로 사퇴 구종태 승계 / 의원직 사퇴,api_later_than_wiki,wikilist=2000-09-20; wikiseat=2000-09-20,confirmed,wikilist+wikiseat,2000-09-20,2003-03-04,2000-09-20,2003-03-04,,,2000.10.11 ~ 2003.03.04,제16대 새천년민주당 비례대표,nfzegpkvaclgtscxt,김화중,42446179,42446181,,False
16,6776870M,1,박상희,비례대표,비례대표,,새천년민주당,9,새천년민주당,새천년민주당,새천년민주당,새천년민주당,2000-05-30,2004-05-29,general,term_end,term_end,,term_start,,term_end,,,,,,,,2000.05.30 ~ 2004.05.29,제16대 새천년민주당 비례대표,nfzegpkvaclgtscxt,박상희 (1951년),42446179,,,False
16,6GM6942I,1,안택수,지역구,대구 북구을,대구광역시 북구 을,,,한나라당,한나라당,한나라당,한나라당,2000-05-30,2004-05-29,general,term_end,term_end,,term_start,,term_end,,,,,,,,2000.05.30 ~ 2004.05.29,제16대 한나라당 대구광역시 북구을,nfzegpkvaclgtscxt,안택수,42446179,,,False
16,6LQ1789H,1,김기배,지역구,서울 구로구갑,서울특별시 구로구 갑,,,한나라당,한나라당,무소속,한나라당,2000-05-30,2004-05-29,general,term_end,term_end,,term_start,,term_end,,,,,,,,2000.05.30 ~ 2004.05.29,제16대 한나라당 서울특별시 구로구갑,nfzegpkvaclgtscxt,김기배,42446179,,,False
16,6MT5042E,1,이인기,지역구,경북 칠곡군,경상북도 칠곡군,,,한나라당,한나라당,한나라당,한나라당,2000-05-30,2004-05-29,general,term_end,term_end,,term_start,,term_end,,,,,,,,2000.05.30 ~ 2004.05.29,제16대 한나라당 경상북도 칠곡군,nfzegpkvaclgtscxt,이인기 (1953년),42446179,,,False
16,6WR1491M,1,유용태,지역구,서울 동작구을,서울특별시 동작구 을,,,새천년민주당,새천년민주당,새천년민주당,새천년민주당,2000-05-30,2004-05-29,general,term_end,term_end,,term_start,,term_end,,,,,,,,2000.05.30 ~ 2004.05.29,제16대 새천년민주당 서울특별시 동작구을,nfzegpkvaclgtscxt,유용태,42446179,,,False
16,70X11962,1,박헌기,지역구,경북 영천시,경상북도 영천시,,,한나라당,한나라당,한나라당,한나라당,2000-05-30,2004-05-29,general,term_end,term_end,,term_start,,term_end,,,,,,,,2000.05.30 ~ 2004.05.29,제16대 한나라당 경상북도 영천시,nfzegpkvaclgtscxt,박헌기,42446179,,,False
16,78Y31029,1,이상희,비례대표,비례대표,,한나라당,7,한나라당,한나라당,한나라당,한나라당,2000-05-30,2004-03-04,general,disqualified,pr_seat_lost_on_leaving_party,이상희 탈당으로 의원직 상실 김영구 승계 / 의원직 상실,term_start,,confirmed,wikilist,,2004-03-04,,2004-02-01,,,2000.05.30 ~ 2004.03.04,제16대 한나라당 비례대표,nfzegpkvaclgtscxt,이상희 (1938년),42446179,42446181,,False
16,7DB9465K,1,이훈평,지역구,서울 관악구갑,서울특별시 관악구 갑,,,새천년민주당,새천년민주당,새천년민주당,새천년민주당,2000-05-30,2004-05-29,general,term_end,term_end,,term_start,,term_end,,,,,,,,2000.05.30 ~ 2004.05.29,제16대 새천년민주당 서울특별시 관악구갑,nfzegpkvaclgtscxt,이훈평,42446179,,,False
16,7GA3057C,1,안상현,비례대표,비례대표,,새천년민주당,26,새천년민주당,새천년민주당,새천년민주당,새천년민주당,2003-11-01,2004-05-29,succession_pr,term_end,term_end,,api_later_than_wiki,wikilist=2003-10-26,term_end,,2003-10-26,,,,,,2003.11.01 ~ 2004.05.29,제16대 새천년민주당 비례대표,nfzegpkvaclgtscxt,안상현 (1963년),42446179,,,False
16,7PU7009N,1,강봉균,지역구,전북 군산시,전라북도 군산시,,,새천년민주당,새천년민주당,열린우리당,새천년민주당,2002-08-08,2004-05-29,by_election,term_end,term_end,,confirmed,wikilist+wikiseat,term_end,,2002-08-08,,2002-08-08,,,,2002.08.08 ~ 2004.05.29,제16대 새천년민주당 전라북도 군산시,nfzegpkvaclgtscxt,강봉균 (1943년),42446179,42446181,,False
16,7TU84910,1,한화갑,지역구,"전남 무안,신안군",전라남도 무안군·신안군,,,새천년민주당,새천년민주당,새천년민주당,새천년민주당,2000-05-30,2004-05-29,general,term_end,term_end,,term_start,,term_end,,,,,,,,2000.05.30 ~ 2004.05.29,"제16대 새천년민주당 전라남도 무안,신안군",nfzegpkvaclgtscxt,한화갑,42446179,,,False
16,7W28547U,1,최용규,지역구,인천 부평구을,인천광역시 부평구 을,,,새천년민주당,새천년민주당,열린우리당,새천년민주당,2000-05-30,2004-05-29,general,term_end,term_end,,term_start,,term_end,,,,,,,,2000.05.30 ~ 2004.05.29,제16대 새천년민주당 인천광역시 부평구을,nfzegpkvaclgtscxt,최용규 (1956년),42446179,,,False
16,7XD22708,1,김동욱,지역구,"경남 통영시,고성군",경상남도 통영시·고성군,,,한나라당,한나라당,한나라당,한나라당,2000-05-30,2004-05-29,general,term_end,term_end,,term_start,,term_end,,,,,,,,2000.05.30 ~ 2004.05.29,"제16대 한나라당 경상남도 통영시,고성군",nfzegpkvaclgtscxt,김동욱 (1934년),42446179,,,False
16,7Y578853,1,김만제,지역구,대구 수성구갑,대구광역시 수성구 갑,,,한나라당,한나라당,한나라당,한나라당,2000-05-30,2004-05-29,general,term_end,term_end,,term_start,,term_end,,,,,,,,2000.05.30 ~ 2004.05.29,제16대 한나라당 대구광역시 수성구갑,nfzegpkvaclgtscxt,김만제,42446179,,,False
16,85C2643H,1,박원홍,지역구,서울 서초구갑,서울특별시 서초구 갑,,,한나라당,한나라당,무소속,한나라당,2000-05-30,2004-05-29,general,term_end,term_end,,term_start,,term_end,,,,,,,,2000.05.30 ~ 2004.05.29,제16대 한나라당 서울특별시 서초구갑,nfzegpkvaclgtscxt,박원홍,42446179,,,False
16,8AZ5362W,1,유한열,비례대표,비례대표,,한나라당,23,한나라당,한나라당,한나라당,한나라당,2002-12-11,2004-05-29,succession_pr,term_end,term_end,,api_later_than_wiki,wikilist=2002-11-26; wikiseat=2002-11-26,term_end,,2002-11-26,,2002-11-26,,,,2002.12.11 ~ 2004.05.29,제16대 한나라당 비례대표,nfzegpkvaclgtscxt,유한열,42446179,42446181,,False
16,8IN46764,1,이주영,지역구,경남 창원시을,경상남도 창원시 을,,,한나라당,한나라당,한나라당,한나라당,2000-05-30,2004-05-29,general,term_end,term_end,,term_start,,term_end,,,,,,,,2000.05.30 ~ 2004.05.29,제16대 한나라당 경남 창원시을,nfzegpkvaclgtscxt,이주영 (1951년),42446179,,,False
16,8NC1161S,1,임인배,지역구,경북 김천시,경상북도 김천시,,,한나라당,한나라당,한나라당,한나라당,2000-05-30,2004-05-29,general,term_end,term_end,,term_start,,term_end,,,,,,,,2000.05.30 ~ 2004.05.29,제16대 한나라당 경상북도 김천시,nfzegpkvaclgtscxt,임인배,42446179,,,False
16,8TR5716Y,1,엄호성,지역구,부산 사하구갑,부산광역시 사하구 갑,,,한나라당,한나라당,한나라당,한나라당,2000-05-30,2004-05-29,general,term_end,term_end,,term_start,,term_end,,,,,,,,2000.05.30 ~ 2004.05.29,제16대 한나라당 부산광역시 사하구갑,nfzegpkvaclgtscxt,엄호성,42446179,,,False
16,8U25041C,1,송영진,지역구,충남 당진군,충청남도 당진군,,,새천년민주당,새천년민주당,무소속,새천년민주당,2000-05-30,2004-05-29,general,term_end,term_end,,term_start,,term_end,,,,,,,,2000.05.30 ~ 2004.05.29,제16대 새천년민주당 충남 당진군,nfzegpkvaclgtscxt,송영진 (정치인),42446179,42446181,,False
16,91155917,1,이원형,비례대표,비례대표,,한나라당,20,한나라당,한나라당,한나라당,한나라당,2000-05-30,2004-05-29,general,term_end,term_end,,term_start,,term_end,,,,,,,,2000.05.30 ~ 2004.05.29,제16대 한나라당 비례대표,nfzegpkvaclgtscxt,이원형 (1951년),42446179,,,False
16,9406274S,1,김정부,지역구,경남 마산시 합포군,경상남도 마산시 합포구,,,한나라당,한나라당,한나라당,한나라당,2002-08-08,2004-05-29,by_election,term_end,term_end,,confirmed,wikilist+wikiseat,term_end,,2002-08-08,,2002-08-08,,,,2002.08.08 ~ 2004.05.29,제16대 한나라당 경남 마산시 합포군,nfzegpkvaclgtscxt,김정부,42446179,42446181,,False
16,96J8998B,1,박종웅,지역구,부산 사하구을,부산광역시 사하구 을,,,한나라당,한나라당,무소속,한나라당,2000-05-30,2004-05-29,general,term_end,term_end,,term_start,,term_end,,,,,,,,2000.05.30 ~ 2004.05.29,제16대 한나라당 부산광역시 사하구을,nfzegpkvaclgtscxt,박종웅,42446179,,,False
16,99O5119D,1,권태망,지역구,부산 연제구,부산광역시 연제구,,,한나라당,한나라당,무소속,한나라당,2000-05-30,2004-05-29,general,term_end,term_end,,term_start,,term_end,,,,,,,,2000.05.30 ~ 2004.05.29,제16대 한나라당 부산광역시 연제구,nfzegpkvaclgtscxt,권태망,42446179,,,False
16,9QU6193H,1,조재환,비례대표,비례대표,,새천년민주당,18,새천년민주당,새천년민주당,새천년민주당,새천년민주당,2000-05-30,2004-05-29,general,term_end,term_end,,term_start,,term_end,,,,,,,,2000.05.30 ~ 2004.05.29,제16대 새천년민주당 비례대표,nfzegpkvaclgtscxt,조재환 (1949년),42446179,,,False
16,9U337234,1,김용학,지역구,"강원 영월,평창군",강원도 영월군·평창군,,,한나라당,한나라당,한나라당,한나라당,2000-05-30,2004-05-29,general,term_end,term_end,,term_start,,term_end,,,,,,,,2000.05.30 ~ 2004.05.29,"제16대 한나라당 강원도 영월,평창군",nfzegpkvaclgtscxt,김용학 (1956년),42446179,,,False
16,9VN1421O,1,황창주,비례대표,비례대표,,새천년민주당,27,새천년민주당,새천년민주당,새천년민주당,새천년민주당,2003-11-01,2004-05-29,succession_pr,term_end,term_end,,api_later_than_wiki,wikilist=2003-10-26,term_end,,2003-10-26,,,,,,2003.11.01 ~ 2004.05.29,제16대 새천년민주당 비례대표,nfzegpkvaclgtscxt,황창주 (1955년),42446179,,,False
16,9YV1627V,1,강운태,지역구,광주 남구,광주광역시 남구,,,무소속,무소속,새천년민주당,무소속,2000-05-30,2004-05-29,general,term_end,term_end,,term_start,,term_end,,,,,,,,2000.05.30 ~ 2004.05.29,제16대 무소속 광주광역시 남구,nfzegpkvaclgtscxt,강운태,42446179,,,False
16,9ZP9014Q,1,이해찬,지역구,서울 관악구을,서울특별시 관악구 을,,,새천년민주당,새천년민주당,열린우리당,새천년민주당,2000-05-30,2004-05-29,general,term_end,term_end,,term_start,,term_end,,,,,,,,2000.05.30 ~ 2004.05.29,제16대 새천년민주당 서울특별시 관악구을,nfzegpkvaclgtscxt,이해찬,42446179,,,False
16,A279211A,1,박승국,지역구,대구 북구갑,대구광역시 북구 갑,,,한나라당,한나라당,열린우리당,한나라당,2000-05-30,2004-05-29,general,term_end,term_end,,term_start,,term_end,,,,,,,,2000.05.30 ~ 2004.05.29,제16대 한나라당 대구광역시 북구갑,nfzegpkvaclgtscxt,박승국 (정치인),42446179,,,False
16,A596405J,1,박재욱,지역구,"경북 경산시,청도군",경상북도 경산시·청도군,,,한나라당,한나라당,한나라당,한나라당,2000-05-30,2004-05-29,general,term_end,term_end,,term_start,,term_end,,,,,,,,2000.05.30 ~ 2004.05.29,"제16대 한나라당 경상북도 경산시,청도군",nfzegpkvaclgtscxt,박재욱 (정치인),42446179,,,False
16,A7577909,1,이원성,지역구,충북 충주시,충청북도 충주시,,,새천년민주당,새천년민주당,열린우리당,새천년민주당,2000-05-30,2004-05-29,general,term_end,term_end,,term_start,,term_end,,,,,,,,2000.05.30 ~ 2004.05.29,제16대 새천년민주당 충북 충주시,nfzegpkvaclgtscxt,이원성,42446179,,,False
16,A9233564,1,김희선,지역구,서울 동대문구갑,서울특별시 동대문구 갑,,,새천년민주당,새천년민주당,열린우리당,새천년민주당,2000-05-30,2004-05-29,general,term_end,term_end,,term_start,,term_end,,,,,,,,2000.05.30 ~ 2004.05.29,제16대 새천년민주당 서울특별시 동대문구갑,nfzegpkvaclgtscxt,김희선 (정치인),42446179,,,False
16,ACK5474A,1,박주천,지역구,서울 마포구을,서울특별시 마포구 을,,,한나라당,한나라당,무소속,한나라당,2000-05-30,2004-05-29,general,term_end,term_end,,term_start,,term_end,,,,,,,,2000.05.30 ~ 2004.05.29,제16대 한나라당 서울특별시 마포구을,nfzegpkvaclgtscxt,박주천,42446179,,,False
16,ACS7139Z,1,안상수,지역구,"경기 과천시,의왕시",경기도 과천시·의왕시,,,한나라당,한나라당,한나라당,한나라당,2000-05-30,2004-05-29,general,term_end,term_end,,term_start,,term_end,,,,,,,,2000.05.30 ~ 2004.05.29,"제16대 한나라당 경기도 과천시,의왕시",nfzegpkvaclgtscxt,안상수 (창원 출신 정치인),42446179,,,False
16,AEF95742,1,유재건,지역구,서울 성북구갑,서울특별시 성북구 갑,,,새천년민주당,새천년민주당,열린우리당,새천년민주당,2000-05-30,2004-05-29,general,term_end,term_end,,term_start,,term_end,,,,,,,,2000.05.30 ~ 2004.05.29,제16대 새천년민주당 서울특별시 성북구갑,nfzegpkvaclgtscxt,유재건,42446179,,,False
16,AIP8367M,1,배기운,지역구,전남 나주시,전라남도 나주시,,,새천년민주당,새천년민주당,새천년민주당,새천년민주당,2000-05-30,2004-05-29,general,term_end,term_end,,term_start,,term_end,,,,,,,,2000.05.30 ~ 2004.05.29,제16대 새천년민주당 전남 나주시,nfzegpkvaclgtscxt,배기운,42446179,,,False
16,AML4805R,1,한승수,지역구,강원 춘천시,강원도 춘천시,,,민주국민당,민주국민당2000,한나라당,민주국민당,2000-05-30,2004-05-29,general,term_end,term_end,,term_start,,term_end,,,,,,,,2000.05.30 ~ 2004.05.29,제16대 민주국민당 강원도 춘천시,nfzegpkvaclgtscxt,한승수,42446179,,,False
16,AO340526,1,강성구,지역구,경기 오산시화성군,경기도 오산시·화성군,,,새천년민주당,새천년민주당,한나라당,새천년민주당,2000-05-30,2004-05-29,general,term_end,term_end,,term_start,,term_end,,,,,,,,2000.05.30 ~ 2004.05.29,제16대 새천년민주당 경기도 오산시화성군,nfzegpkvaclgtscxt,강성구,42446179,,,False
16,AQZ80083,1,송훈석,지역구,"강원 속초,고성,양양,인제",강원도 속초시·고성군·양양군·인제군,,,새천년민주당,새천년민주당,새천년민주당,새천년민주당,2000-05-30,2004-05-29,general,term_end,term_end,,term_start,,term_end,,,,,,,,2000.05.30 ~ 2004.05.29,"제16대 새천년민주당 강원 속초,고성,양양,인제",nfzegpkvaclgtscxt,송훈석,42446179,,,False
16,ARB2312Q,1,최명헌,비례대표,비례대표,,새천년민주당,21,새천년민주당,새천년민주당,새천년민주당,새천년민주당,2001-01-04,2004-05-29,succession_pr,term_end,term_end,,api_later_than_wiki,wikilist=2000-12-31; wikiseat=2000-12-28,term_end,,2000-12-31,,2000-12-28,,,,2001.01.04 ~ 2004.05.29,제16대 새천년민주당 비례대표,nfzegpkvaclgtscxt,최명헌,42446179,42446181,,False
16,ARP89147,1,정동영,지역구,전북 전주시덕진구,전라북도 전주시 덕진구,,,새천년민주당,새천년민주당,열린우리당,새천년민주당,2000-05-30,2004-05-29,general,term_end,term_end,,term_start,,term_end,,,,,,,,2000.05.30 ~ 2004.05.29,제16대 새천년민주당 전북 전주시덕진구,nexgtxtmaamffofof,정동영,42446179,,,False
16,AUU8827S,1,정형근,지역구,"부산 북,강서구갑",부산광역시 북구·강서구 갑,,,한나라당,한나라당,한나라당,한나라당,2000-05-30,2004-05-29,general,term_end,term_end,,term_start,,term_end,,,,,,,,2000.05.30 ~ 2004.05.29,"제16대 한나라당 부산광역시 북,강서구갑",nfzegpkvaclgtscxt,정형근,42446179,,,False
16,AV73550N,1,이상배,지역구,경북 상주시,경상북도 상주시,,,한나라당,한나라당,한나라당,한나라당,2000-05-30,2004-05-29,general,term_end,term_end,,term_start,,term_end,,,,,,,,2000.05.30 ~ 2004.05.29,제16대 한나라당 경상북도 상주시,nfzegpkvaclgtscxt,이상배 (1939년),42446179,,,False
16,AXG1225G,1,조웅규,비례대표,비례대표,,한나라당,10,한나라당,한나라당,한나라당,한나라당,2000-05-30,2004-03-24,general,disqualified,pr_seat_lost_on_leaving_party,조웅규 탈당으로 의원직 상실 박경섭 승계 / 의원직 상실,term_start,,api_earlier_than_wiki,wikilist=2004-03-25; wikiseat=2004-03-25,,2004-03-25,,2004-03-25,,,2000.05.30 ~ 2004.03.24,제16대 한나라당 비례대표,nfzegpkvaclgtscxt,조웅규,42446179,42446181,,False
16,BAR6880D,1,안대륜,비례대표,비례대표,,자유민주연합,5,자유민주연합,자유민주연합,자유민주연합,자유민주연합,2000-05-30,2004-05-29,general,term_end,term_end,,term_start,,term_end,,,,,,,,2000.05.30 ~ 2004.05.29,제16대 자유민주연합 비례대표,nfzegpkvaclgtscxt,안대륜,42446179,,,False
16,BCO6264C,1,김영진,비례대표,비례대표,,새천년민주당,16,새천년민주당,새천년민주당,새천년민주당,새천년민주당,2000-05-30,2003-03-04,general,resigned,resigned_on_appointment,김영진 농림부 장관 임명으로 사퇴 오영식 승계 / 의원직 사퇴,term_start,,confirmed,wikilist+wikiseat,,2003-03-04,,2003-03-04,,,2000.05.30 ~ 2003.03.04,제16대 새천년민주당 비례대표,nfzegpkvaclgtscxt,김영진 (1947년),42446179,42446181,,False
16,BH845359,1,이종성,비례대표,비례대표,,새천년민주당,33,새천년민주당,새천년민주당,새천년민주당,새천년민주당,2004-03-31,2004-05-29,succession_pr,term_end,term_end,,confirmed,wikilist+wikiseat,term_end,,2004-03-31,,2004-03-31,,,,2004.03.31 ~ 2004.05.29,제16대 새천년민주당 비례대표,nfzegpkvaclgtscxt,이종성 (1948년),42446179,42446181,,False
16,BIY4474S,1,하순봉,지역구,경남 진주시,경상남도 진주시,,,한나라당,한나라당,무소속,한나라당,2000-05-30,2004-05-03,general,,unknown,,term_start,,single_source,,,,,,,,2000.05.30 ~ 2004.05.03,제16대 한나라당 경남 진주시,nfzegpkvaclgtscxt,하순봉,42446179,,,False
16,BJG5829N,1,이협,지역구,전북 익산시,전라북도 익산시,,,새천년민주당,새천년민주당,새천년민주당,새천년민주당,2000-05-30,2004-05-29,general,term_end,term_end,,term_start,,term_end,,,,,,,,2000.05.30 ~ 2004.05.29,제16대 새천년민주당 전북 익산시,nfzegpkvaclgtscxt,이협,42446179,,,False
16,BJW1335W,1,변웅전,비례대표,비례대표,,자유민주연합,6,자유민주연합,자유민주연합,자유민주연합,자유민주연합,2004-03-29,2004-05-29,succession_pr,term_end,term_end,,api_later_than_wiki,wikilist=2004-03-22; wikiseat=2004-03-22,term_end,,2004-03-22,,2004-03-22,,,,2004.03.29 ~ 2004.05.29,제16대 자유민주연합 비례대표,nfzegpkvaclgtscxt,변웅전,42446179,42446181,,False
16,BLC8630L,1,박병석,지역구,대전 서구갑,대전광역시 서구 갑,,,새천년민주당,새천년민주당,열린우리당,새천년민주당,2000-05-30,2004-05-29,general,term_end,term_end,,term_start,,term_end,,,,,,,,2000.05.30 ~ 2004.05.29,제16대 새천년민주당 대전광역시 서구갑,nfzegpkvaclgtscxt,박병석,42446179,,,False
16,BNT6492X,1,최선영,지역구,경기 부천시오정구,경기도 부천시 오정구,,,새천년민주당,새천년민주당,새천년민주당,새천년민주당,2000-05-30,2004-05-29,general,term_end,term_end,,term_start,,term_end,,,,,,,,2000.05.30 ~ 2004.05.29,제16대 새천년민주당 경기도 부천시오정구,nfzegpkvaclgtscxt,최선영 (1940년),42446179,,,False
16,BW19186J,1,홍사덕,비례대표,비례대표,,한나라당,2,한나라당,한나라당,한나라당,한나라당,2000-05-30,2004-05-29,general,term_end,term_end,,term_start,,term_end,,,,,,,,2000.05.30 ~ 2004.05.29,제16대 한나라당 비례대표,nfzegpkvaclgtscxt,홍사덕,42446179,,,False
16,C6N4172N,1,전용원,지역구,경기 구리시,경기도 구리시,,,한나라당,한나라당,한나라당,한나라당,2000-05-30,2004-05-29,general,term_end,term_end,,term_start,,term_end,,,,,,,,2000.05.30 ~ 2004.05.29,제16대 한나라당 경기도 구리시,nfzegpkvaclgtscxt,전용원,42446179,,,False
16,CHV1403B,1,강인섭,지역구,서울 은평구갑,서울특별시 은평구 갑,,,한나라당,한나라당,한나라당,한나라당,2000-05-30,2004-05-29,general,term_end,term_end,,term_start,,term_end,,,,,,,,2000.05.30 ~ 2004.05.29,제16대 한나라당 서울 은평구갑,nfzegpkvaclgtscxt,강인섭,42446179,,,False
16,CT85313K,1,서병수,지역구,부산 해운대구 기장군갑,부산광역시 해운대구·기장군 갑,,,한나라당,한나라당,한나라당,한나라당,2002-08-08,2004-05-29,by_election,term_end,term_end,,confirmed,wikilist+wikiseat,term_end,,2002-08-08,,2002-08-08,,,,2002.08.08 ~ 2004.05.29,제16대 한나라당 부산광역시 해운대구 기장군갑,nfzegpkvaclgtscxt,서병수,42446179,42446181,,False
16,CYD5815E,1,정갑윤,지역구,울산 중구,울산광역시 중구,,,한나라당,한나라당,한나라당,한나라당,2002-12-19,2004-05-29,by_election,term_end,term_end,,confirmed,wikilist+wikiseat,term_end,,2002-12-19,,2002-12-19,,,,2002.12.19 ~ 2004.05.29,제16대 한나라당 울산광역시 중구,nfzegpkvaclgtscxt,정갑윤,42446179,42446181,,False
16,D7L1937J,1,이병석,지역구,경북 포항시북구,경상북도 포항시 북구,,,한나라당,한나라당,한나라당,한나라당,2000-05-30,2004-05-29,general,term_end,term_end,,term_start,,term_end,,,,,,,,2000.05.30 ~ 2004.05.29,제16대 한나라당 경상북도 포항시북구,nfzegpkvaclgtscxt,이병석 (1952년),42446179,,,False
16,D9M6920Z,1,황승민,비례대표,비례대표,,한나라당,18,한나라당,한나라당,한나라당,한나라당,2000-05-30,2003-02-06,general,died,died,황승민 사망 장광근 승계 / 사망,term_start,,confirmed,wikilist+wikiseat,,2003-02-06,,2003-02-06,,,2000.05.30 ~ 2003.02.06,제16대 한나라당 비례대표,nfzegpkvaclgtscxt,황승민,42446179,42446181,,False
16,DAT9444X,1,신현태,지역구,경기 수원시권선구,경기도 수원시 권선구,,,한나라당,한나라당,한나라당,한나라당,2000-05-30,2004-05-29,general,term_end,term_end,,term_start,,term_end,,,,,,,,2000.05.30 ~ 2004.05.29,제16대 한나라당 경기도 수원시권선구,nfzegpkvaclgtscxt,신현태 (1946년),42446179,,,False
16,DCN7433W,1,정세균,지역구,"전북 진안,무주,장수",전라북도 진안군·무주군·장수군,,,새천년민주당,새천년민주당,열린우리당,새천년민주당,2000-05-30,2004-05-29,general,term_end,term_end,,term_start,,term_end,,,,,,,,2000.05.30 ~ 2004.05.29,"제16대 새천년민주당 전북 진안,무주,장수",nfzegpkvaclgtscxt,정세균,42446179,,,False
16,DDK4008U,1,이재선,지역구,대전 서구을,대전광역시 서구 을,,,자유민주연합,자유민주연합,한나라당,자유민주연합,2000-05-30,2004-05-29,general,term_end,term_end,,term_start,,term_end,,,,,,,,2000.05.30 ~ 2004.05.29,제16대 자유민주연합 대전광역시 서구을,nfzegpkvaclgtscxt,이재선 (1956년),42446179,,,False
16,DKK3355S,1,장정언,지역구,제주 북제주군,제주도 북제주군,,,새천년민주당,새천년민주당,새천년민주당,새천년민주당,2000-05-30,2002-06-28,general,disqualified,court_ruling_election_law,당선무효 / 의원직 상실,term_start,,confirmed,wikilist+wikiseat,,2002-06-28,,2002-06-28,,,2000.05.30 ~ 2002.06.28,제16대 새천년민주당 제주 북제주군,nfzegpkvaclgtscxt,장정언,42446179,42446181,,False
16,DLT8355V,1,함승희,지역구,서울 노원구갑,서울특별시 노원구 갑,,,새천년민주당,새천년민주당,새천년민주당,새천년민주당,2000-05-30,2004-05-29,general,term_end,term_end,,term_start,,term_end,,,,,,,,2000.05.30 ~ 2004.05.29,제16대 새천년민주당 서울특별시 노원구갑,nfzegpkvaclgtscxt,함승희,42446179,,,False
16,DPP5766B,1,김찬우,지역구,"경북 청송,영양,영덕군",경상북도 청송군·영양군·영덕군,,,한나라당,한나라당,한나라당,한나라당,2000-05-30,2004-05-29,general,term_end,term_end,,term_start,,term_end,,,,,,,,2000.05.30 ~ 2004.05.29,"제16대 한나라당 경상북도 청송,영양,영덕군",nfzegpkvaclgtscxt,김찬우 (1933년),42446179,,,False
16,DTM59312,1,김태호,지역구,울산 중구,울산광역시 중구,,,한나라당,한나라당,한나라당,한나라당,2000-05-30,2002-07-10,general,died,died,사망 / 사망,term_start,,confirmed,wikilist+wikiseat,,2002-07-10,,2002-07-10,,,2000.05.30 ~ 2002.07.10,제16대 한나라당 울산광역시 중구,nfzegpkvaclgtscxt,김태호 (1935년),42446179,42446181,,False
16,DYN10119,1,김성조,지역구,경북 구미시,경상북도 구미시,,,한나라당,한나라당,한나라당,한나라당,2000-05-30,2004-05-29,general,term_end,term_end,,term_start,,term_end,,,,,,,,2000.05.30 ~ 2004.05.29,제16대 한나라당 경북 구미시,nfzegpkvaclgtscxt,김성조,42446179,,,False
16,DZB59365,1,서영훈,비례대표,비례대표,,새천년민주당,1,새천년민주당,새천년민주당,새천년민주당,새천년민주당,2000-05-30,2000-12-28,general,disqualified,pr_seat_lost_on_leaving_party,서영훈 탈당으로 의원직 상실 최명헌 승계 / 의원직 상실,term_start,,confirmed,wikiseat,,2000-12-31,,2000-12-28,,,2000.05.30 ~ 2000.12.28,제16대 새천년민주당 비례대표,nfzegpkvaclgtscxt,서영훈,42446179,42446181,,False
16,DZG7656A,1,박경섭,비례대표,비례대표,,한나라당,28,한나라당,한나라당,한나라당,한나라당,2004-03-29,2004-05-29,succession_pr,term_end,term_end,,api_later_than_wiki,wikilist=2004-03-25; wikiseat=2004-03-25,term_end,,2004-03-25,,2004-03-25,,,,2004.03.29 ~ 2004.05.29,제16대 한나라당 비례대표,nfzegpkvaclgtscxt,박경섭 (정치인),42446179,42446181,,False
16,E0N47877,1,김기재,비례대표,비례대표,,새천년민주당,15,새천년민주당,새천년민주당,새천년민주당,새천년민주당,2000-05-30,2004-05-29,general,term_end,term_end,,term_start,,term_end,,,,,,,,2000.05.30 ~ 2004.05.29,제16대 새천년민주당 비례대표,nfzegpkvaclgtscxt,김기재 (1946년),42446179,,,False
16,E2O7996B,1,신기남,지역구,서울 강서구갑,서울특별시 강서구 갑,,,새천년민주당,새천년민주당,열린우리당,새천년민주당,2000-05-30,2004-05-29,general,term_end,term_end,,term_start,,term_end,,,,,,,,2000.05.30 ~ 2004.05.29,제16대 새천년민주당 서울특별시 강서구갑,nfzegpkvaclgtscxt,신기남,42446179,,,False
16,EBU8493R,1,이미경,비례대표,비례대표,,새천년민주당,8,새천년민주당,새천년민주당,새천년민주당,새천년민주당,2000-05-30,2003-10-27,general,disqualified,pr_seat_lost_on_leaving_party,의원직 상실,term_start,,verified_manual,api=2003-10-27; chosen=2003-10-27; API date kept and confirmed. kowiki list gives the announcement day 2003-10-26.,,2003-10-26,,,,,2000.05.30 ~ 2003.10.27,제16대 새천년민주당 비례대표,nfzegpkvaclgtscxt,이미경 (1950년),42446179,,exit_detail set by manual_checks.csv (was court_ruling_other_or_unspecified),True
16,ECQ9898H,1,김홍신,비례대표,비례대표,,한나라당,16,한나라당,한나라당,한나라당,한나라당,2000-05-30,2003-12-10,general,disqualified,pr_seat_lost_on_leaving_party,김홍신 탈당으로 의원직 상실 송병대 승계 / 의원직 사퇴,term_start,,confirmed,wikilist,,2003-12-10,,2003-12-09,,,2000.05.30 ~ 2003.12.10,제16대 한나라당 비례대표,nfzegpkvaclgtscxt,김홍신,42446179,42446181,,False
16,EH73790O,1,김윤식,지역구,경기 용인시을,경기도 용인시 을,,,새천년민주당,새천년민주당,한나라당,새천년민주당,2000-05-30,2003-12-26,general,disqualified,court_ruling_election_law,대법원에서 공직 선거법 위반으로 당선무효형 확정 / 의원직 상실,term_start,,confirmed,wikilist+wikiseat,,2003-12-26,,2003-12-26,,,2000.05.30 ~ 2003.12.26,제16대 새천년민주당 경기도 용인시을,nfzegpkvaclgtscxt,김윤식 (1947년),42446179,42446181,,False
16,EI023764,1,남경필,지역구,경기 수원시팔달구,경기도 수원시 팔달구,,,한나라당,한나라당,한나라당,한나라당,2000-05-30,2004-05-29,general,term_end,term_end,,term_start,,term_end,,,,,,,,2000.05.30 ~ 2004.05.29,제16대 한나라당 경기도 수원시팔달구,nfzegpkvaclgtscxt,남경필,42446179,,,False
16,ERX2058H,1,김충조,지역구,전남 여수시,전라남도 여수시,,,새천년민주당,새천년민주당,새천년민주당,새천년민주당,2000-05-30,2004-05-29,general,term_end,term_end,,term_start,,term_end,,,,,,,,2000.05.30 ~ 2004.05.29,제16대 새천년민주당 전남 여수시,nfzegpkvaclgtscxt,김충조,42446179,,,False
16,F5N24241,1,장재식,지역구,서울 서대문구을,서울특별시 서대문구 을,,,새천년민주당,새천년민주당,새천년민주당,새천년민주당,2000-05-30,2004-05-29,general,term_end,term_end,,term_start,,term_end,,,,,,,,2000.05.30 ~ 2004.05.29,제16대 새천년민주당 서울특별시 서대문구을,nfzegpkvaclgtscxt,장재식,42446179,42446181,,False
16,FD899099,1,허운나,비례대표,비례대표,,새천년민주당,11,새천년민주당,새천년민주당,새천년민주당,새천년민주당,2000-05-30,2003-10-27,general,disqualified,pr_seat_lost_on_leaving_party,의원직 상실,term_start,,verified_manual,api=2003-10-27; chosen=2003-10-27; API date kept and confirmed. kowiki list gives the announcement day 2003-10-26.,,2003-10-26,,,,,2000.05.30 ~ 2003.10.27,제16대 새천년민주당 비례대표,nfzegpkvaclgtscxt,허운나,42446179,,exit_detail set by manual_checks.csv (was court_ruling_other_or_unspecified),True
16,FGX4881A,1,심재철,지역구,경기 안양시동안구,경기도 안양시 동안구,,,한나라당,한나라당,한나라당,한나라당,2000-05-30,2004-05-29,general,term_end,term_end,,term_start,,term_end,,,,,,,,2000.05.30 ~ 2004.05.29,제16대 한나라당 경기 안양시동안구,nfzegpkvaclgtscxt,심재철 (정치인),42446179,,,False
16,FLL5120Y,1,이근진,지역구,경기 고양시덕양구을,경기도 고양시 덕양구 을,,,새천년민주당,새천년민주당,한나라당,새천년민주당,2000-05-30,2004-05-29,general,term_end,term_end,,term_start,,term_end,,,,,,,,2000.05.30 ~ 2004.05.29,제16대 새천년민주당 경기도 고양시덕양구을,nfzegpkvaclgtscxt,이근진,42446179,,,False
16,FND7010Q,1,손학규,지역구,경기 광명시,경기도 광명시,,,한나라당,한나라당,한나라당,한나라당,2000-05-30,2002-07-01,general,elected_other_office,took_office_as_elected_local_head,경기지사 취임으로 의원직 사퇴 / 의원직 사퇴,term_start,,confirmed,wikiseat,,2002-05-27,,2002-07-01,,,2000.05.30 ~ 2002.07.01,제16대 한나라당 경기 광명시,nfzegpkvaclgtscxt,손학규,42446179,42446181,,False
16,FSB70307,1,박용호,지역구,인천 서구강화군을,인천광역시 서구·강화군 을,,,새천년민주당,새천년민주당,새천년민주당,새천년민주당,2000-05-30,2002-06-14,general,disqualified,court_ruling_election_law,대법원에서 공직선거법 위반으로 당선무효형 확정 / 의원직 상실,term_start,,confirmed,wikilist+wikiseat,,2002-06-14,,2002-06-14,,,2000.05.30 ~ 2002.06.14,제16대 새천년민주당 인천광역시 서구강화군을,nfzegpkvaclgtscxt,박용호 (1947년),42446179,42446181,,False
16,FSJ32138,1,김영구,지역구,서울 동대문구을,서울특별시 동대문구 을,,,한나라당,한나라당,한나라당,한나라당,2000-05-30,2001-06-01,general,disqualified,election_voided_by_court,대법원에서 선거 무효 판결로 의원직 상실 / 선거무효,term_start,,confirmed,wikilist+wikiseat,,2001-06-01,,2001-06-01,,,2000.05.30 ~ 2001.06.01,제16대 한나라당 서울특별시 동대문구을,nfzegpkvaclgtscxt,김영구 (1940년),42446179,42446181,,False
16,FSN5613H,1,박희태,지역구,"경남 남해,하동군",경상남도 남해군·하동군,,,한나라당,한나라당,한나라당,한나라당,2000-05-30,2004-05-29,general,term_end,term_end,,term_start,,term_end,,,,,,,,2000.05.30 ~ 2004.05.29,"제16대 한나라당 경상남도 남해,하동군",nfzegpkvaclgtscxt,박희태,42446179,,,False
16,G7D4763A,1,장영달,지역구,전북 전주시완산구,전라북도 전주시 완산구,,,새천년민주당,새천년민주당,열린우리당,새천년민주당,2000-05-30,2004-05-29,general,term_end,term_end,,term_start,,term_end,,,,,,,,2000.05.30 ~ 2004.05.29,제16대 새천년민주당 전북 전주시완산구,nfzegpkvaclgtscxt,장영달,42446179,,,False
16,GAL5556G,1,강숙자,비례대표,비례대표,,민주국민당,1,민주국민당,민주국민당2000,무소속,민주국민당,2000-05-30,2004-05-29,general,term_end,term_end,,term_start,,term_end,,,,,,,,2000.05.30 ~ 2004.05.29,제16대 민주국민당 비례대표,nfzegpkvaclgtscxt,강숙자,42446179,,,False
16,GBP60233,1,이용삼,지역구,"강원 철원,화천,양구",강원도 철원군·화천군·양구군,,,새천년민주당,새천년민주당,새천년민주당,새천년민주당,2000-05-30,2004-05-29,general,term_end,term_end,,term_start,,term_end,,,,,,,,2000.05.30 ~ 2004.05.29,"제16대 새천년민주당 강원 철원,화천,양구",nfzegpkvaclgtscxt,이용삼,42446179,,,False
16,GJC8715J,1,도종이,지역구,부산 부산진구을,부산광역시 부산진구 을,,,한나라당,한나라당,한나라당,한나라당,2000-05-30,2004-05-29,general,term_end,term_end,,term_start,,term_end,,,,,,,,2000.05.30 ~ 2004.05.29,제16대 한나라당 부산 부산진구을,nfzegpkvaclgtscxt,도종이,42446179,,,False
16,GKV4796M,1,정장선,지역구,경기 평택시을,경기도 평택시 을,,,새천년민주당,새천년민주당,열린우리당,새천년민주당,2000-05-30,2004-05-29,general,term_end,term_end,,term_start,,term_end,,,,,,,,2000.05.30 ~ 2004.05.29,제16대 새천년민주당 경기도 평택시을,nfzegpkvaclgtscxt,정장선,42446179,,,False
16,GLY9970V,1,김황식,지역구,경기 하남시,경기도 하남시,,,한나라당,한나라당,무소속,한나라당,2002-08-08,2004-05-29,by_election,term_end,term_end,,confirmed,wikilist+wikiseat,term_end,,2002-08-08,,2002-08-08,,,,2002.08.08 ~ 2004.05.29,제16대 한나라당 경기도 하남시,nfzegpkvaclgtscxt,김황식 (1950년),42446179,42446181,,False
16,GP07368N,1,안희옥,비례대표,비례대표,,새천년민주당,35,새천년민주당,새천년민주당,새천년민주당,새천년민주당,2004-05-12,2004-05-29,succession_pr,term_end,term_end,,conflict,wikilist=2004-05-04; wikiseat=2004-05-21,term_end,,2004-05-04,,2004-05-21,,,,2004.05.12 ~ 2004.05.29,제16대 새천년민주당 비례대표,nfzegpkvaclgtscxt,안희옥,42446179,42446181,,False
16,GS489646,1,손태인,지역구,부산 해운대구기장군갑,부산광역시 해운대구·기장군 갑,,,한나라당,한나라당,한나라당,한나라당,2000-05-30,2002-01-05,general,died,died,사망 / 사망,term_start,,confirmed,wikilist+wikiseat,,2002-01-05,,2002-01-05,,,2000.05.30 ~ 2002.01.05,제16대 한나라당 부산 해운대구기장군갑,nfzegpkvaclgtscxt,손태인,42446179,42446181,,False
16,GTH3618V,1,김용환,지역구,"충남 보령시,서천군",충청남도 보령시·서천군,,,희망의한국신당,희망의한국신당,한나라당,한국신당,2000-05-30,2004-05-29,general,term_end,term_end,,term_start,,term_end,,,,,,,,2000.05.30 ~ 2004.05.29,"제16대 한국신당 충청남도 보령시,서천군",nfzegpkvaclgtscxt,김용환 (1932년),42446179,,,False
16,GVS3975B,1,안동선,지역구,경기 부천시원미구갑,경기도 부천시 원미구 갑,,,새천년민주당,새천년민주당,새천년민주당,새천년민주당,2000-05-30,2004-05-29,general,term_end,term_end,,term_start,,term_end,,,,,,,,2000.05.30 ~ 2004.05.29,제16대 새천년민주당 경기도 부천시원미구갑,nfzegpkvaclgtscxt,안동선,42446179,,,False
16,H2X6452Y,1,김용갑,지역구,경남 밀양시창녕군,경상남도 밀양시·창녕군,,,한나라당,한나라당,한나라당,한나라당,2000-05-30,2004-05-29,general,term_end,term_end,,term_start,,term_end,,,,,,,,2000.05.30 ~ 2004.05.29,제16대 한나라당 경남 밀양시창녕군,nfzegpkvaclgtscxt,김용갑 (1936년),42446179,,,False
16,H6577987,1,이경재,지역구,인천 서구강화군을,인천광역시 서구·강화군 을,,,한나라당,한나라당,한나라당,한나라당,2002-08-08,2004-05-29,by_election,term_end,term_end,,confirmed,wikilist+wikiseat,term_end,,2002-08-08,,2002-08-08,,,,2002.08.08 ~ 2004.05.29,제16대 한나라당 인천광역시 서구강화군을,nfzegpkvaclgtscxt,이경재 (1941년),42446179,42446181,,False
16,H6T8617M,1,양승부,비례대표,비례대표,,새천년민주당,31,새천년민주당,새천년민주당,새천년민주당,새천년민주당,2003-11-01,2004-05-29,succession_pr,term_end,term_end,,api_later_than_wiki,wikilist=2003-10-26,term_end,,2003-10-26,,,,,,2003.11.01 ~ 2004.05.29,제16대 새천년민주당 비례대표,nfzegpkvaclgtscxt,양승부,42446179,,,False
16,HCT6121U,1,김방림,비례대표,비례대표,,새천년민주당,14,새천년민주당,새천년민주당,새천년민주당,새천년민주당,2000-05-30,2004-05-29,general,term_end,term_end,,term_start,,term_end,,,,,,,,2000.05.30 ~ 2004.05.29,제16대 새천년민주당 비례대표,nfzegpkvaclgtscxt,김방림,42446179,,,False
16,HG32333M,1,김경천,지역구,광주 동구,광주광역시 동구,,,새천년민주당,새천년민주당,새천년민주당,새천년민주당,2000-05-30,2004-05-29,general,term_end,term_end,,term_start,,term_end,,,,,,,,2000.05.30 ~ 2004.05.29,제16대 새천년민주당 광주광역시 동구,nfzegpkvaclgtscxt,김경천 (1941년),42446179,,,False
16,HG726977,1,김택기,지역구,"강원 태백,정선",강원도 태백시·정선군,,,새천년민주당,새천년민주당,열린우리당,새천년민주당,2000-05-30,2004-05-29,general,term_end,term_end,,term_start,,term_end,,,,,,,,2000.05.30 ~ 2004.05.29,"제16대 새천년민주당 강원 태백,정선",nfzegpkvaclgtscxt,김택기,42446179,,,False
16,HJI9845B,1,이인제,지역구,"충남 논산,금산군",충청남도 논산시·금산군,,,새천년민주당,새천년민주당,자유민주연합,새천년민주당,2000-05-30,2004-05-29,general,term_end,term_end,,term_start,,term_end,,,,,,,,2000.05.30 ~ 2004.05.29,"제16대 새천년민주당 충남 논산,금산군",nfzegpkvaclgtscxt,이인제,42446179,,,False
16,HZI5846H,1,김종하,지역구,경남 창원시갑,경상남도 창원시 갑,,,한나라당,한나라당,한나라당,한나라당,2000-05-30,2004-05-29,general,term_end,term_end,,term_start,,term_end,,,,,,,,2000.05.30 ~ 2004.05.29,제16대 한나라당 경남 창원시갑,nfzegpkvaclgtscxt,김종하 (정치인),42446179,,,False
16,I1A2946I,1,장성민,지역구,서울 금천구,서울특별시 금천구,,,새천년민주당,새천년민주당,새천년민주당,새천년민주당,2000-05-30,2002-01-22,general,disqualified,court_ruling_election_law,대법원에서 공직선거법 위반으로 당선무효형 확정 / 의원직 상실,term_start,,confirmed,wikilist+wikiseat,,2002-01-22,,2002-01-22,,,2000.05.30 ~ 2002.01.22,제16대 새천년민주당 서울특별시 금천구,nfzegpkvaclgtscxt,장성민,42446179,42446181,,False
16,I5T29903,1,김학원,지역구,충남 부여군,충청남도 부여군,,,자유민주연합,자유민주연합,자유민주연합,자유민주연합,2000-05-30,2004-05-29,general,term_end,term_end,,term_start,,term_end,,,,,,,,2000.05.30 ~ 2004.05.29,제16대 자유민주연합 충남 당진군,nfzegpkvaclgtscxt,김학원 (정치인),42446179,,district set by manual_checks.csv (was 충남 당진군),True
16,I6C34213,1,민봉기,지역구,인천 남구갑,인천광역시 남구 갑,,,한나라당,한나라당,무소속,한나라당,2000-05-30,2004-05-29,general,term_end,term_end,,term_start,,term_end,,,,,,,,2000.05.30 ~ 2004.05.29,제16대 한나라당 인천 남구갑,nfzegpkvaclgtscxt,민봉기,42446179,,,False
16,I6J48467,1,윤영탁,지역구,대구 수성구을,대구광역시 수성구 을,,,한나라당,한나라당,한나라당,한나라당,2000-05-30,2004-05-29,general,term_end,term_end,,term_start,,term_end,,,,,,,,2000.05.30 ~ 2004.05.29,제16대 한나라당 대구광역시 수성구을,nfzegpkvaclgtscxt,윤영탁,42446179,,,False
16,I9K4876K,1,이윤수,지역구,경기 성남시수정구,경기도 성남시 수정구,,,새천년민주당,새천년민주당,새천년민주당,새천년민주당,2000-05-30,2004-05-29,general,term_end,term_end,,term_start,,term_end,,,,,,,,2000.05.30 ~ 2004.05.29,제16대 새천년민주당 경기도 성남시수정구,nfzegpkvaclgtscxt,이윤수 (정치인),42446179,,,False
16,IB22144F,1,목요상,지역구,경기 동두천시양주군,경기도 동두천시·양주군,,,한나라당,한나라당,한나라당,한나라당,2000-05-30,2004-05-29,general,term_end,term_end,,term_start,,term_end,,,,,,,,2000.05.30 ~ 2004.05.29,제16대 한나라당 경기 동두천시양주군,nfzegpkvaclgtscxt,목요상,42446179,,,False
16,IH33403A,1,안영근,지역구,인천 남구을,인천광역시 남구 을,,,한나라당,한나라당,열린우리당,한나라당,2000-05-30,2004-05-29,general,term_end,term_end,,term_start,,term_end,,,,,,,,2000.05.30 ~ 2004.05.29,제16대 한나라당 인천광역시 남구을,nfzegpkvaclgtscxt,안영근,42446179,,,False
16,IQX29457,1,김진재,지역구,부산 금정구,부산광역시 금정구,,,한나라당,한나라당,한나라당,한나라당,2000-05-30,2004-05-29,general,term_end,term_end,,term_start,,term_end,,,,,,,,2000.05.30 ~ 2004.05.29,제16대 한나라당 부산광역시 금정구,nfzegpkvaclgtscxt,김진재,42446179,,,False
16,IRT9826E,1,주진우,지역구,"경북 고령,성주군",경상북도 고령군·성주군,,,한나라당,한나라당,한나라당,한나라당,2000-05-30,2004-05-29,general,term_end,term_end,,term_start,,term_end,,,,,,,,2000.05.30 ~ 2004.05.29,"제16대 한나라당 경북 고령,성주군",nfzegpkvaclgtscxt,주진우 (1949년),42446179,,,False
16,IU67432G,1,강재섭,지역구,대구 서구을,대구광역시 서구,,,한나라당,한나라당,한나라당,한나라당,2000-05-30,2004-05-29,general,term_end,term_end,,term_start,,term_end,,,,,,,,2000.05.30 ~ 2004.05.29,제16대 한나라당 대구 서구을,nfzegpkvaclgtscxt,강재섭,42446179,,,False
16,IVT5000L,1,박종희,지역구,경기 수원시장안구,경기도 수원시 장안구,,,한나라당,한나라당,한나라당,한나라당,2000-05-30,2004-05-29,general,term_end,term_end,,term_start,,term_end,,,,,,,,2000.05.30 ~ 2004.05.29,제16대 한나라당 경기도 수원시장안구,nfzegpkvaclgtscxt,박종희,42446179,,,False
16,IWK63872,1,조배숙,비례대표,비례대표,,새천년민주당,23,새천년민주당,새천년민주당,새천년민주당,새천년민주당,2001-09-10,2003-12-15,succession_pr,disqualified,pr_seat_lost_on_leaving_party,조배숙 탈당으로 의원직 상실 박금자 승계 / 의원직 상실,api_later_than_wiki,wikilist=2001-09-07; wikiseat=2001-09-07,api_later_than_wiki,wikilist=2003-12-12; wikiseat=2003-12-12,2001-09-07,2003-12-12,2001-09-07,2003-12-12,,,2001.09.10 ~ 2003.12.15,제16대 새천년민주당 비례대표,nexgtxtmaamffofof,조배숙,42446179,42446181,,False
16,IYC3468T,1,이만섭,비례대표,비례대표,,새천년민주당,4,새천년민주당,새천년민주당,새천년민주당,새천년민주당,2000-05-30,2004-05-29,general,term_end,term_end,,term_start,,term_end,,,,,,,,2000.05.30 ~ 2004.05.29,제16대 새천년민주당 비례대표,nfzegpkvaclgtscxt,이만섭,42446179,,,False
16,IYD4143Y,1,문희상,지역구,경기 의정부시,경기도 의정부시,,,새천년민주당,새천년민주당,새천년민주당,새천년민주당,2000-05-30,2003-03-07,general,resigned,resigned_on_appointment,청와대 대통령 비서실장 임명으로 의원직 사퇴 / 의원직 사퇴,term_start,,confirmed,wikilist+wikiseat,,2003-03-07,,2003-03-07,,,2000.05.30 ~ 2003.03.07,제16대 새천년민주당 경기 의정부시,nfzegpkvaclgtscxt,문희상,42446179,42446181,,False
16,JGX8852O,1,고흥길,지역구,경기 성남시분당구갑,경기도 성남시 분당구 갑,,,한나라당,한나라당,한나라당,한나라당,2000-05-30,2004-05-29,general,term_end,term_end,,term_start,,term_end,,,,,,,,2000.05.30 ~ 2004.05.29,제16대 한나라당 경기도 성남시분당구갑,nfzegpkvaclgtscxt,고흥길,42446179,,,False
16,JJ64316E,1,김상현,지역구,광주 북구갑,광주광역시 북구 갑,,,새천년민주당,새천년민주당,새천년민주당,새천년민주당,2002-08-08,2004-05-29,by_election,term_end,term_end,,confirmed,wikilist+wikiseat,term_end,,2002-08-08,,2002-08-08,,,,2002.08.08 ~ 2004.05.29,제16대 새천년민주당 광주광역시 북구갑,nfzegpkvaclgtscxt,김상현 (1935년),42446179,42446181,,False
16,JLO1005S,1,정문화,지역구,부산 서구,부산광역시 서구,,,한나라당,한나라당,한나라당,한나라당,2000-05-30,2004-05-29,general,term_end,term_end,,term_start,,term_end,,,,,,,,2000.05.30 ~ 2004.05.29,제16대 한나라당 부산광역시 서구,nfzegpkvaclgtscxt,정문화,42446179,,,False
16,JUM9212Y,1,장광근,비례대표,비례대표,,한나라당,24,한나라당,한나라당,한나라당,한나라당,2003-02-07,2004-05-29,succession_pr,term_end,term_end,,api_later_than_wiki,wikilist=2003-02-06; wikiseat=2003-02-06,term_end,,2003-02-06,,2003-02-06,,,,2003.02.07 ~ 2004.05.29,제16대 한나라당 비례대표,nfzegpkvaclgtscxt,장광근,42446179,42446181,,False
16,K1A87893,1,설송웅,지역구,서울 용산구,서울특별시 용산구,,,새천년민주당,새천년민주당,열린우리당,새천년민주당,2000-05-30,2004-05-29,general,term_end,term_end,,term_start,,term_end,,,,,,,,2000.05.30 ~ 2004.05.29,제16대 새천년민주당 서울특별시 용산구,nfzegpkvaclgtscxt,설송웅,42446179,,,False
16,K1B4342D,1,송석찬,지역구,대전 유성구,대전광역시 유성구,,,새천년민주당,새천년민주당,열린우리당,새천년민주당,2000-05-30,2004-05-14,general,,unknown,,term_start,,single_source,,,,,,,,2000.05.30 ~ 2004.05.14,제16대 새천년민주당 대전광역시 유성구,nfzegpkvaclgtscxt,송석찬,42446179,42446181,,False
16,K4669042,1,권철현,지역구,부산 사상구,부산광역시 사상구,,,한나라당,한나라당,한나라당,한나라당,2000-05-30,2004-05-29,general,term_end,term_end,,term_start,,term_end,,,,,,,,2000.05.30 ~ 2004.05.29,제16대 한나라당 부산광역시 사상구,nfzegpkvaclgtscxt,권철현,42446179,,,False
16,KBH6263N,1,신영균,비례대표,비례대표,,한나라당,5,한나라당,한나라당,한나라당,한나라당,2000-05-30,2004-05-29,general,term_end,term_end,,term_start,,term_end,,,,,,,,2000.05.30 ~ 2004.05.29,제16대 한나라당 비례대표,nfzegpkvaclgtscxt,신영균 (배우),42446179,,,False
16,KBS96958,1,박병윤,지역구,경기 시흥시,경기도 시흥시,,,새천년민주당,새천년민주당,새천년민주당,새천년민주당,2000-05-30,2004-05-29,general,term_end,term_end,,term_start,,term_end,,,,,,,,2000.05.30 ~ 2004.05.29,제16대 새천년민주당 경기 시흥시,nfzegpkvaclgtscxt,박병윤,42446179,,,False
16,KDB6892X,1,김덕규,지역구,서울 중랑구을,서울특별시 중랑구 을,,,새천년민주당,새천년민주당,열린우리당,새천년민주당,2000-05-30,2004-05-29,general,term_end,term_end,,term_start,,term_end,,,,,,,,2000.05.30 ~ 2004.05.29,제16대 새천년민주당 서울특별시 중랑구을,nfzegpkvaclgtscxt,김덕규,42446179,,,False
16,KDL4367Q,1,김학송,지역구,경남 진해시,경상남도 진해시,,,한나라당,한나라당,한나라당,한나라당,2000-05-30,2004-05-29,general,term_end,term_end,,term_start,,term_end,,,,,,,,2000.05.30 ~ 2004.05.29,제16대 한나라당 경상남도 진해시,nfzegpkvaclgtscxt,김학송,42446179,,,False
16,KFP7066Z,1,이호웅,지역구,인천 남동구을,인천광역시 남동구 을,,,새천년민주당,새천년민주당,열린우리당,새천년민주당,2000-05-30,2004-05-29,general,term_end,term_end,,term_start,,term_end,,,,,,,,2000.05.30 ~ 2004.05.29,제16대 새천년민주당 인천광역시 남동구을,nfzegpkvaclgtscxt,이호웅,42446179,,,False
16,KOC6603F,1,김광원,지역구,"경북 봉화,울진군",경상북도 봉화군·울진군,,,한나라당,한나라당,한나라당,한나라당,2000-05-30,2004-05-29,general,term_end,term_end,,term_start,,term_end,,,,,,,,2000.05.30 ~ 2004.05.29,"제16대 한나라당 경북 봉화,울진군",nfzegpkvaclgtscxt,김광원,42446179,,,False
16,KQE57592,1,오경훈,지역구,서울 양천구을,서울특별시 양천구 을,,,한나라당,한나라당,한나라당,한나라당,2003-04-24,2004-05-29,by_election,term_end,term_end,,confirmed,wikilist+wikiseat,term_end,,2003-04-24,,2003-04-24,,,,2003.04.24 ~ 2004.05.29,제16대 한나라당 서울특별시 양천구을,nfzegpkvaclgtscxt,오경훈,42446179,42446181,,False
16,KZ319820,1,박양수,비례대표,비례대표,,새천년민주당,22,새천년민주당,새천년민주당,새천년민주당,새천년민주당,2001-02-06,2003-10-27,succession_pr,disqualified,pr_seat_lost_on_leaving_party,의원직 상실,api_later_than_wiki,wikilist=2001-01-29; wikiseat=2001-01-28,verified_manual,api=2003-10-27; chosen=2003-10-27; API date kept and confirmed. kowiki list gives the announcement day 2003-10-26.,2001-01-29,2003-10-26,2001-01-28,,,,2001.02.06 ~ 2003.10.27,제16대 새천년민주당 비례대표,nfzegpkvaclgtscxt,박양수,42446179,42446181,exit_detail set by manual_checks.csv (was court_ruling_other_or_unspecified),True
16,L299333I,1,유흥수,지역구,부산 수영구,부산광역시 수영구,,,한나라당,한나라당,한나라당,한나라당,2000-05-30,2004-05-29,general,term_end,term_end,,term_start,,term_end,,,,,,,,2000.05.30 ~ 2004.05.29,제16대 한나라당 부산광역시 수영구,nfzegpkvaclgtscxt,유흥수,42446179,,,False
16,LB24097N,1,오세훈,지역구,서울 강남구을,서울특별시 강남구 을,,,한나라당,한나라당,한나라당,한나라당,2000-05-30,2004-05-29,general,term_end,term_end,,term_start,,term_end,,,,,,,,2000.05.30 ~ 2004.05.29,제16대 한나라당 서울특별시 강남구을,nfzegpkvaclgtscxt,오세훈,42446179,,,False
16,LBC8144B,1,김영선,비례대표,비례대표,,한나라당,22,한나라당,한나라당,한나라당,한나라당,2002-07-22,2004-05-29,succession_pr,term_end,term_end,,confirmed,wikilist+wikiseat,term_end,,2002-07-22,,2002-07-22,,,,2002.07.22 ~ 2004.05.29,제16대 한나라당 비례대표,nfzegpkvaclgtscxt,김영선 (1960년),42446179,42446181,,False
16,LG63087O,1,권영세,지역구,서울 영등포구을,서울특별시 영등포구 을,,,한나라당,한나라당,한나라당,한나라당,2002-08-08,2004-05-29,by_election,term_end,term_end,,confirmed,wikilist+wikiseat,term_end,,2002-08-08,,2002-08-08,,,,2002.08.08 ~ 2004.05.29,제16대 한나라당 서울특별시 영등포구을,nexgtxtmaamffofof,권영세 (1959년),42446179,42446181,,False
16,LHG6788P,1,정범구,지역구,경기 고양시일산구갑,경기도 고양시 일산구 갑,,,새천년민주당,새천년민주당,무소속,새천년민주당,2000-05-30,2004-05-29,general,term_end,term_end,,term_start,,term_end,,,,,,,,2000.05.30 ~ 2004.05.29,제16대 새천년민주당 경기도 고양시일산구갑,nfzegpkvaclgtscxt,정범구,42446179,,,False
16,LIE6050F,1,최재승,비례대표,비례대표,,새천년민주당,12,새천년민주당,새천년민주당,새천년민주당,새천년민주당,2000-05-30,2004-05-29,general,term_end,term_end,,term_start,,term_end,,,,,,,,2000.05.30 ~ 2004.05.29,제16대 새천년민주당 비례대표,nfzegpkvaclgtscxt,최재승,42446179,,,False
16,LJJ52334,1,송광호,지역구,충북 제천시단양군,충청북도 제천시·단양군,,,자유민주연합,자유민주연합,한나라당,자유민주연합,2000-05-30,2004-05-29,general,term_end,term_end,,term_start,,term_end,,,,,,,,2000.05.30 ~ 2004.05.29,제16대 자유민주연합 충청북도 제천시단양군,nfzegpkvaclgtscxt,송광호,42446179,,,False
16,LU06564Z,1,정대철,지역구,서울 중구,서울특별시 중구,,,새천년민주당,새천년민주당,열린우리당,새천년민주당,2000-05-30,2004-05-29,general,term_end,term_end,,term_start,,term_end,,,,,,,,2000.05.30 ~ 2004.05.29,제16대 새천년민주당 서울 중구,nfzegpkvaclgtscxt,정대철,42446179,,,False
16,LUY92654,1,한충수,비례대표,비례대표,,새천년민주당,30,새천년민주당,새천년민주당,새천년민주당,새천년민주당,2003-11-01,2004-05-29,succession_pr,term_end,term_end,,api_later_than_wiki,wikilist=2003-10-26,term_end,,2003-10-26,,,,,,2003.11.01 ~ 2004.05.29,제16대 새천년민주당 비례대표,nfzegpkvaclgtscxt,한충수,42446179,,,False
16,LZQ7860L,1,이성헌,지역구,서울 서대문구갑,서울특별시 서대문구 갑,,,한나라당,한나라당,한나라당,한나라당,2000-05-30,2004-05-29,general,term_end,term_end,,term_start,,term_end,,,,,,,,2000.05.30 ~ 2004.05.29,제16대 한나라당 서울특별시 서대문구갑,nfzegpkvaclgtscxt,이성헌,42446179,,,False
16,M188261A,1,심규철,지역구,"충북 보은,옥천,영동군",충청북도 보은군·옥천군·영동군,,,한나라당,한나라당,한나라당,한나라당,2000-05-30,2004-05-29,general,term_end,term_end,,term_start,,term_end,,,,,,,,2000.05.30 ~ 2004.05.29,"제16대 한나라당 충청북도 보은,옥천,영동군",nfzegpkvaclgtscxt,심규철,42446179,,,False
16,M1E6908V,1,김경재,지역구,전남 순천시,전라남도 순천시,,,새천년민주당,새천년민주당,새천년민주당,새천년민주당,2000-05-30,2004-05-29,general,term_end,term_end,,term_start,,term_end,,,,,,,,2000.05.30 ~ 2004.05.29,제16대 새천년민주당 전라남도 순천시,nfzegpkvaclgtscxt,김경재 (1942년),42446179,,,False
16,MFE1178B,1,강창성,비례대표,비례대표,,한나라당,4,한나라당,한나라당,한나라당,한나라당,2000-05-30,2004-05-29,general,term_end,term_end,,term_start,,term_end,,,,,,,,2000.05.30 ~ 2004.05.29,제16대 한나라당 비례대표,nfzegpkvaclgtscxt,강창성,42446179,,,False
16,MHE1145A,1,박상천,지역구,전남 고흥군,전라남도 고흥군,,,새천년민주당,새천년민주당,새천년민주당,새천년민주당,2000-05-30,2004-05-29,general,term_end,term_end,,term_start,,term_end,,,,,,,,2000.05.30 ~ 2004.05.29,제16대 새천년민주당 전남 고흥군,nfzegpkvaclgtscxt,박상천,42446179,,,False
16,MIM8629D,1,양정규,지역구,제주 북제주군,제주도 북제주군,,,한나라당,한나라당,한나라당,한나라당,2002-08-08,2004-05-29,by_election,term_end,term_end,,confirmed,wikilist+wikiseat,term_end,,2002-08-08,,2002-08-08,,,,2002.08.08 ~ 2004.05.29,제16대 한나라당 제주 북제주군,nfzegpkvaclgtscxt,양정규,42446179,42446181,,False
16,MLH1404S,1,김민석,지역구,서울 영등포구을,서울특별시 영등포구 을,,,새천년민주당,새천년민주당,새천년민주당,새천년민주당,2000-05-30,2002-07-08,general,resigned,resigned_to_run_for_other_office,서울시장 출마로 사퇴 / 의원직 사퇴,term_start,,api_later_than_wiki,wikilist=2002-05-27; wikiseat=2002-05-27,,2002-05-27,,2002-05-27,,,2000.05.30 ~ 2002.07.08,제16대 새천년민주당 서울특별시 영등포구을,nexgtxtmaamffofof,김민석 (정치인),42446179,42446181,,False
16,MLN4587W,1,서정화,비례대표,비례대표,,한나라당,6,한나라당,한나라당,한나라당,한나라당,2000-05-30,2004-05-29,general,term_end,term_end,,term_start,,term_end,,,,,,,,2000.05.30 ~ 2004.05.29,제16대 한나라당 비례대표,nfzegpkvaclgtscxt,서정화 (1933년),42446179,,,False
16,MZD1909P,1,이방호,지역구,경남 사천시,경상남도 사천시,,,한나라당,한나라당,한나라당,한나라당,2000-05-30,2004-05-29,general,term_end,term_end,,term_start,,term_end,,,,,,,,2000.05.30 ~ 2004.05.29,제16대 한나라당 경상남도 사천시,nfzegpkvaclgtscxt,이방호,42446179,,,False
16,N0V51841,1,임진출,비례대표,비례대표,,한나라당,19,한나라당,한나라당,한나라당,한나라당,2000-05-30,2004-03-30,general,disqualified,pr_seat_lost_on_leaving_party,임진출 탈당으로 의원직 상실 이만재 승계 / 의원직 상실,term_start,,api_later_than_wiki,wikilist=2004-03-29; wikiseat=2004-03-29,,2004-03-29,,2004-03-29,,,2000.05.30 ~ 2004.03.30,제16대 한나라당 비례대표,nfzegpkvaclgtscxt,임진출,42446179,42446181,,False
16,N5X9374J,1,박인상,비례대표,비례대표,,새천년민주당,7,새천년민주당,새천년민주당,새천년민주당,새천년민주당,2000-05-30,2004-03-30,general,disqualified,pr_seat_lost_on_leaving_party,박인상 탈당으로 의원직 상실 이종성 승계 / 의원직 상실,term_start,,api_earlier_than_wiki,wikilist=2004-03-31; wikiseat=2004-03-31,,2004-03-31,,2004-03-31,,,2000.05.30 ~ 2004.03.30,제16대 새천년민주당 비례대표,nfzegpkvaclgtscxt,박인상,42446179,42446181,,False
16,NAL4555X,1,홍준표,지역구,서울 동대문구을,서울특별시 동대문구 을,,,한나라당,한나라당,한나라당,한나라당,2001-10-26,2004-05-29,by_election,term_end,term_end,,confirmed_pollday_plus1,wikilist=2001-10-25; wikiseat=2001-10-25,term_end,,2001-10-25,,2001-10-25,,,,2001.10.26 ~ 2004.05.29,제16대 한나라당 서울특별시 동대문구을,nfzegpkvaclgtscxt,홍준표,42446179,42446181,,False
16,NBM68293,1,정창화,지역구,"경북 군위,의성군",경상북도 군위군·의성군,,,한나라당,한나라당,한나라당,한나라당,2000-05-30,2004-05-29,general,term_end,term_end,,term_start,,term_end,,,,,,,,2000.05.30 ~ 2004.05.29,"제16대 한나라당 경북 군위,의성군",nfzegpkvaclgtscxt,정창화 (1940년),42446179,,,False
16,NDH62175,1,이재오,지역구,서울 은평구을,서울특별시 은평구 을,,,한나라당,한나라당,한나라당,한나라당,2000-05-30,2004-05-29,general,term_end,term_end,,term_start,,term_end,,,,,,,,2000.05.30 ~ 2004.05.29,제16대 한나라당 서울특별시 은평구을,nfzegpkvaclgtscxt,이재오,42446179,,,False
16,NET6850O,1,이윤성,지역구,인천 남동구갑,인천광역시 남동구 갑,,,한나라당,한나라당,한나라당,한나라당,2000-05-30,2004-05-29,general,term_end,term_end,,term_start,,term_end,,,,,,,,2000.05.30 ~ 2004.05.29,제16대 한나라당 인천광역시 남동구갑,nfzegpkvaclgtscxt,이윤성 (1944년),42446179,,,False
16,NIO3292X,1,김용균,지역구,"경남 산청,합천",경상남도 산청군·합천군,,,한나라당,한나라당,한나라당,한나라당,2000-05-30,2004-05-29,general,term_end,term_end,,term_start,,term_end,,,,,,,,2000.05.30 ~ 2004.05.29,"제16대 한나라당 경남 산청,합천",nfzegpkvaclgtscxt,김용균 (1942년),42446179,,,False
16,NJ55552S,1,오장섭,지역구,충남 예산군,충청남도 예산군,,,자유민주연합,자유민주연합,무소속,자유민주연합,2000-05-30,2004-05-29,general,term_end,term_end,,term_start,,term_end,,,,,,,,2000.05.30 ~ 2004.05.29,제16대 자유민주연합 충남 예산군,nfzegpkvaclgtscxt,오장섭,42446179,,,False
16,NLM21386,1,조성준,지역구,경기 성남시중원구,경기도 성남시 중원구,,,새천년민주당,새천년민주당,열린우리당,새천년민주당,2000-05-30,2004-05-29,general,term_end,term_end,,term_start,,term_end,,,,,,,,2000.05.30 ~ 2004.05.29,제16대 새천년민주당 경기도 성남시중원구,nfzegpkvaclgtscxt,조성준 (1948년),42446179,,,False
16,NQL1515T,1,최돈웅,지역구,강원 강릉시,강원도 강릉시,,,한나라당,한나라당,한나라당,한나라당,2000-05-30,2001-09-03,general,disqualified,court_ruling_election_law,당선무효 회피를 위한 의원직 사퇴 / 의원직 사퇴,term_start,,confirmed,wikilist+wikiseat,,2001-09-03,,2001-09-03,,,2000.05.30 ~ 2001.09.03,제16대 한나라당 강원도 강릉시,nfzegpkvaclgtscxt,최돈웅,42446179,42446181,,False
16,NQL1515T,2,최돈웅,지역구,강원 강릉시,강원도 강릉시,,,한나라당,한나라당,한나라당,한나라당,2001-10-26,2004-05-29,by_election,term_end,term_end,,confirmed_pollday_plus1,wikilist=2001-10-25; wikiseat=2001-10-25,term_end,,2001-10-25,,2001-10-25,,,,2001.10.26 ~ 2004.05.29,제16대 한나라당 강원 강릉시,nfzegpkvaclgtscxt,최돈웅,42446179,42446181,,False
16,NQR1206Q,1,정진석,지역구,"충남 공주시,연기군",충청남도 공주시·연기군,,,자유민주연합,자유민주연합,자유민주연합,자유민주연합,2000-05-30,2004-05-29,general,term_end,term_end,,term_start,,term_end,,,,,,,,2000.05.30 ~ 2004.05.29,"제16대 자유민주연합 충청남도 공주시,연기군",nfzegpkvaclgtscxt,정진석 (정치인),42446179,,,False
16,NU724914,1,조정무,지역구,경기 남양주시,경기도 남양주시,,,한나라당,한나라당,한나라당,한나라당,2000-05-30,2004-05-29,general,term_end,term_end,,term_start,,term_end,,,,,,,,2000.05.30 ~ 2004.05.29,제16대 한나라당 경기 남양주시,nfzegpkvaclgtscxt,조정무,42446179,,,False
16,NUX49887,1,이한동,지역구,경기 연천군포천군,경기도 연천군·포천군,,,자유민주연합,자유민주연합,자유민주연합,자유민주연합,2000-05-30,2004-05-29,general,term_end,term_end,,term_start,,term_end,,,,,,,,2000.05.30 ~ 2004.05.29,제16대 자유민주연합 경기 연천군포천군,nfzegpkvaclgtscxt,이한동,42446179,,,False
16,O4X7540B,1,김정숙,비례대표,비례대표,,한나라당,13,한나라당,한나라당,한나라당,한나라당,2000-05-30,2004-05-29,general,term_end,term_end,,term_start,,term_end,,,,,,,,2000.05.30 ~ 2004.05.29,제16대 한나라당 비례대표,nfzegpkvaclgtscxt,김정숙 (1946년),42446179,,,False
16,O8Z3184P,1,천용택,지역구,"전남 강진,완도군",전라남도 강진군·완도군,,,새천년민주당,새천년민주당,열린우리당,새천년민주당,2000-05-30,2004-05-14,general,,unknown,,term_start,,single_source,,,,,,,,2000.05.30 ~ 2004.05.14,"제16대 새천년민주당 전라남도 강진,완도군",nfzegpkvaclgtscxt,천용택,42446179,,,False
16,OE127272,1,허태열,지역구,"부산 북,강서구을",부산광역시 북구·강서구 을,,,한나라당,한나라당,한나라당,한나라당,2000-05-30,2004-05-29,general,term_end,term_end,,term_start,,term_end,,,,,,,,2000.05.30 ~ 2004.05.29,"제16대 한나라당 부산광역시 북,강서구을",nfzegpkvaclgtscxt,허태열,42446179,,,False
16,OK55632O,1,오영식,비례대표,비례대표,,새천년민주당,24,새천년민주당,새천년민주당,새천년민주당,새천년민주당,2003-03-05,2003-10-27,succession_pr,disqualified,pr_seat_lost_on_leaving_party,의원직 상실,api_later_than_wiki,wikilist=2003-03-04; wikiseat=2003-03-04,verified_manual,api=2003-10-27; chosen=2003-10-27; API date kept and confirmed. kowiki list gives the announcement day 2003-10-26.,2003-03-04,2003-10-26,2003-03-04,,,,2003.03.05 ~ 2003.10.27,제16대 새천년민주당 비례대표,nfzegpkvaclgtscxt,오영식,42446179,42446181,exit_detail set by manual_checks.csv (was court_ruling_other_or_unspecified),True
16,OKR39415,1,김원웅,지역구,대전 대덕구,대전광역시 대덕구,,,한나라당,한나라당,열린우리당,한나라당,2000-05-30,2004-05-29,general,term_end,term_end,,term_start,,term_end,,,,,,,,2000.05.30 ~ 2004.05.29,제16대 한나라당 대전광역시 대덕구,nfzegpkvaclgtscxt,김원웅,42446179,,,False
16,OQ09860C,1,김종호,비례대표,비례대표,,자유민주연합,3,자유민주연합,자유민주연합,자유민주연합,자유민주연합,2000-05-30,2004-03-23,general,disqualified,pr_seat_lost_on_leaving_party,김종호 탈당으로 의원직 상실 변웅전 승계 / 의원직 상실,term_start,,api_later_than_wiki,wikilist=2004-03-22; wikiseat=2004-03-22,,2004-03-22,,2004-03-22,,,2000.05.30 ~ 2004.03.23,제16대 자유민주연합 비례대표,nfzegpkvaclgtscxt,김종호 (1935년),42446179,42446181,,False
16,OW53107J,1,설훈,지역구,서울 도봉구을,서울특별시 도봉구 을,,,새천년민주당,새천년민주당,새천년민주당,새천년민주당,2000-05-30,2004-05-29,general,term_end,term_end,,term_start,,term_end,,,,,,,,2000.05.30 ~ 2004.05.29,제16대 새천년민주당 서울특별시 도봉구을,nfzegpkvaclgtscxt,설훈,42446179,,,False
16,OX877045,1,신영국,지역구,"경북 문경시,예천군",경상북도 문경시·예천군,,,한나라당,한나라당,한나라당,한나라당,2000-05-30,2004-05-29,general,term_end,term_end,,term_start,,term_end,,,,,,,,2000.05.30 ~ 2004.05.29,"제16대 한나라당 경상북도 문경시,예천군",nfzegpkvaclgtscxt,신영국,42446179,,,False
16,P303213F,1,정병국,지역구,"경기 가평군,양평군",경기도 가평군·양평군,,,한나라당,한나라당,한나라당,한나라당,2000-05-30,2004-05-29,general,term_end,term_end,,term_start,,term_end,,,,,,,,2000.05.30 ~ 2004.05.29,"제16대 한나라당 경기도 가평군,양평군",nfzegpkvaclgtscxt,정병국,42446179,,,False
16,P6Q6720D,1,김성순,지역구,서울 송파구을,서울특별시 송파구 을,,,새천년민주당,새천년민주당,새천년민주당,새천년민주당,2000-05-30,2004-05-29,general,term_end,term_end,,term_start,,term_end,,,,,,,,2000.05.30 ~ 2004.05.29,제16대 새천년민주당 서울특별시 송파구을,nfzegpkvaclgtscxt,김성순,42446179,,,False
16,PA52576I,1,이원창,비례대표,비례대표,,한나라당,17,한나라당,한나라당,한나라당,한나라당,2000-05-30,2004-05-29,general,term_end,term_end,,term_start,,term_end,,,,,,,,2000.05.30 ~ 2004.05.29,제16대 한나라당 비례대표,nfzegpkvaclgtscxt,이원창 (1942년),42446179,,,False
16,PAO22428,1,송영길,지역구,인천 계양구,인천광역시 계양구,,,새천년민주당,새천년민주당,열린우리당,새천년민주당,2000-05-30,2004-05-29,general,term_end,term_end,,term_start,,term_end,,,,,,,,2000.05.30 ~ 2004.05.29,제16대 새천년민주당 인천 계양구,nexgtxtmaamffofof,송영길 (정치인),42446179,,,False
16,PAQ11014,1,강창희,지역구,대전 중구,대전광역시 중구,,,자유민주연합,자유민주연합,한나라당,자유민주연합,2000-05-30,2004-05-29,general,term_end,term_end,,term_start,,term_end,,,,,,,,2000.05.30 ~ 2004.05.29,제16대 자유민주연합 대전광역시 중구,nfzegpkvaclgtscxt,강창희 (정치인),42446179,,,False
16,PAR7137B,1,김종필,비례대표,비례대표,,자유민주연합,1,자유민주연합,자유민주연합,자유민주연합,자유민주연합,2000-05-30,2004-05-29,general,term_end,term_end,,term_start,,term_end,,,,,,,,2000.05.30 ~ 2004.05.29,제16대 자유민주연합 비례대표,nfzegpkvaclgtscxt,김종필,42446179,,,False
16,PEI7872A,1,현승일,지역구,대구 남구,대구광역시 남구,,,한나라당,한나라당,한나라당,한나라당,2000-05-30,2004-05-29,general,term_end,term_end,,term_start,,term_end,,,,,,,,2000.05.30 ~ 2004.05.29,제16대 한나라당 대구광역시 남구,nfzegpkvaclgtscxt,현승일,42446179,,,False
16,PJ76653N,1,임태희,지역구,경기 성남시분당구을,경기도 성남시 분당구 을,,,한나라당,한나라당,한나라당,한나라당,2000-05-30,2004-05-29,general,term_end,term_end,,term_start,,term_end,,,,,,,,2000.05.30 ~ 2004.05.29,제16대 한나라당 경기도 성남시분당구을,nfzegpkvaclgtscxt,임태희,42446179,,,False
16,PJB6652Y,1,임종석,지역구,서울 성동구,서울특별시 성동구,,,새천년민주당,새천년민주당,열린우리당,새천년민주당,2000-05-30,2004-05-29,general,term_end,term_end,,term_start,,term_end,,,,,,,,2000.05.30 ~ 2004.05.29,제16대 새천년민주당 서울 성동구,nfzegpkvaclgtscxt,임종석,42446179,,,False
16,PJW7804X,1,김근태,지역구,서울 도봉구갑,서울특별시 도봉구 갑,,,새천년민주당,새천년민주당,열린우리당,새천년민주당,2000-05-30,2004-05-29,general,term_end,term_end,,term_start,,term_end,,,,,,,,2000.05.30 ~ 2004.05.29,제16대 새천년민주당 서울특별시 도봉구갑,nfzegpkvaclgtscxt,김근태 (1947년),42446179,,,False
16,PK58741O,1,박시균,지역구,경북 영주시,경상북도 영주시,,,한나라당,한나라당,무소속,한나라당,2000-05-30,2004-05-29,general,term_end,term_end,,term_start,,term_end,,,,,,,,2000.05.30 ~ 2004.05.29,제16대 한나라당 경상북도 영주시,nfzegpkvaclgtscxt,박시균,42446179,,,False
16,PKC2242M,1,박종완,비례대표,비례대표,,새천년민주당,28,새천년민주당,새천년민주당,새천년민주당,새천년민주당,2003-11-01,2004-05-03,succession_pr,disqualified,pr_seat_lost_on_leaving_party,박종완 탈당으로 의원직 상실 안희옥 승계 / 의원직 사퇴,api_later_than_wiki,wikilist=2003-10-26,api_earlier_than_wiki,wikilist=2004-05-04; wikiseat=2004-05-21,2003-10-26,2004-05-04,,2004-05-21,,,2003.11.01 ~ 2004.05.03,제16대 새천년민주당 비례대표,nfzegpkvaclgtscxt,박종완,42446179,42446181,,False
16,PT581709,1,함석재,지역구,충남 천안시을,충청남도 천안시 을,,,자유민주연합,자유민주연합,한나라당,자유민주연합,2000-05-30,2004-05-29,general,term_end,term_end,,term_start,,term_end,,,,,,,,2000.05.30 ~ 2004.05.29,제16대 자유민주연합 충청남도 천안시을,nfzegpkvaclgtscxt,함석재,42446179,,,False
16,PU35479A,1,이정일,지역구,"전남 해남,진도군",전라남도 해남군·진도군,,,무소속,무소속,새천년민주당,무소속,2000-05-30,2004-05-29,general,term_end,term_end,,term_start,,term_end,,,,,,,,2000.05.30 ~ 2004.05.29,"제16대 무소속 전라남도 해남,진도군",nfzegpkvaclgtscxt,이정일 (1947년),42446179,,,False
16,PY75021S,1,조부영,비례대표,비례대표,,자유민주연합,4,자유민주연합,자유민주연합,자유민주연합,자유민주연합,2000-05-30,2004-05-29,general,term_end,term_end,,term_start,,term_end,,,,,,,,2000.05.30 ~ 2004.05.29,제16대 자유민주연합 비례대표,nfzegpkvaclgtscxt,조부영,42446179,,,False
16,PYP5878A,1,한명숙,비례대표,비례대표,,새천년민주당,5,새천년민주당,새천년민주당,새천년민주당,새천년민주당,2000-05-30,2001-02-05,general,resigned,resigned_on_appointment,한명숙 여성부 장관 임명으로 사퇴 박양수 승계 / 의원직 사퇴,term_start,,api_later_than_wiki,wikilist=2001-01-29; wikiseat=2001-01-28,,2001-01-29,,2001-01-28,,,2000.05.30 ~ 2001.02.05,제16대 새천년민주당 비례대표,nfzegpkvaclgtscxt,한명숙,42446179,42446181,,False
16,Q3X5279D,1,윤두환,지역구,울산 북구,울산광역시 북구,,,한나라당,한나라당,한나라당,한나라당,2000-05-30,2004-05-29,general,term_end,term_end,,term_start,,term_end,,,,,,,,2000.05.30 ~ 2004.05.29,제16대 한나라당 울산 북구,nfzegpkvaclgtscxt,윤두환,42446179,,,False
16,Q5X4506F,1,황우여,지역구,인천 연수구,인천광역시 연수구,,,한나라당,한나라당,한나라당,한나라당,2000-05-30,2004-05-29,general,term_end,term_end,,term_start,,term_end,,,,,,,,2000.05.30 ~ 2004.05.29,제16대 한나라당 인천광역시 연수구,nfzegpkvaclgtscxt,황우여,42446179,,,False
16,QBY2805Y,1,이부영,지역구,서울 강동구갑,서울특별시 강동구 갑,,,한나라당,한나라당,열린우리당,한나라당,2000-05-30,2004-05-29,general,term_end,term_end,,term_start,,term_end,,,,,,,,2000.05.30 ~ 2004.05.29,제16대 한나라당 서울특별시 강동구갑,nfzegpkvaclgtscxt,이부영,42446179,,,False
16,QDK5367R,1,김성호,지역구,서울 강서구을,서울특별시 강서구 을,,,새천년민주당,새천년민주당,열린우리당,새천년민주당,2000-05-30,2004-05-29,general,term_end,term_end,,term_start,,term_end,,,,,,,,2000.05.30 ~ 2004.05.29,제16대 새천년민주당 서울특별시 강서구을,nfzegpkvaclgtscxt,김성호 (1962년),42446179,,,False
16,QFQ8496R,1,이재창,지역구,경기 파주시,경기도 파주시,,,한나라당,한나라당,한나라당,한나라당,2000-05-30,2004-05-29,general,term_end,term_end,,term_start,,term_end,,,,,,,,2000.05.30 ~ 2004.05.29,제16대 한나라당 경기도 파주시,nfzegpkvaclgtscxt,이재창,42446179,,,False
16,QG29833U,1,김운용,비례대표,비례대표,,새천년민주당,6,새천년민주당,새천년민주당,새천년민주당,새천년민주당,2000-05-30,2004-05-29,general,term_end,term_end,,term_start,,term_end,,,,,,,,2000.05.30 ~ 2004.05.29,제16대 새천년민주당 비례대표,nfzegpkvaclgtscxt,김운용,42446179,,,False
16,QKO6165V,1,박진,지역구,서울 종로구,서울특별시 종로구,,,한나라당,한나라당,한나라당,한나라당,2002-08-08,2004-05-29,by_election,term_end,term_end,,confirmed,wikilist+wikiseat,term_end,,2002-08-08,,2002-08-08,,,,2002.08.08 ~ 2004.05.29,제16대 한나라당 서울특별시 종로구,nfzegpkvaclgtscxt,박진 (정치인),42446179,42446181,,False
16,QL63675M,1,정재문,지역구,부산 부산진구갑,부산광역시 부산진구 갑,,,한나라당,한나라당,한나라당,한나라당,2000-05-30,2002-06-28,general,disqualified,court_ruling_election_law,당선무효 / 의원직 상실,term_start,,confirmed,wikilist+wikiseat,,2002-06-28,,2002-06-28,,,2000.05.30 ~ 2002.06.28,제16대 한나라당 부산광역시 부산진구갑,nfzegpkvaclgtscxt,정재문,42446179,42446181,,False
16,QM028409,1,이강래,지역구,"전북 남원시,순창군",전라북도 남원시·순창군,,,무소속,무소속,열린우리당,무소속,2000-05-30,2004-05-29,general,term_end,term_end,,term_start,,term_end,,,,,,,,2000.05.30 ~ 2004.05.29,"제16대 무소속 전라북도 남원시,순창군",nfzegpkvaclgtscxt,이강래 (1953년),42446179,,,False
16,QMK2322V,1,장태완,비례대표,비례대표,,새천년민주당,3,새천년민주당,새천년민주당,새천년민주당,새천년민주당,2000-05-30,2004-05-29,general,term_end,term_end,,term_start,,term_end,,,,,,,,2000.05.30 ~ 2004.05.29,제16대 새천년민주당 비례대표,nfzegpkvaclgtscxt,장태완,42446179,,,False
16,QQC8138L,1,조한천,지역구,인천 서구강화군갑,인천광역시 서구·강화군 갑,,,새천년민주당,새천년민주당,새천년민주당,새천년민주당,2000-05-30,2004-05-29,general,term_end,term_end,,term_start,,term_end,,,,,,,,2000.05.30 ~ 2004.05.29,제16대 새천년민주당 인천광역시 서구강화군갑,nfzegpkvaclgtscxt,조한천,42446179,,,False
16,QYJ10060,1,유재규,지역구,"강원 홍천,횡성군",강원도 홍천군·횡성군,,,새천년민주당,새천년민주당,새천년민주당,새천년민주당,2000-05-30,2004-05-29,general,term_end,term_end,,term_start,,term_end,,,,,,,,2000.05.30 ~ 2004.05.29,"제16대 새천년민주당 강원도 홍천,횡성군",nfzegpkvaclgtscxt,유재규,42446179,,,False
16,QZJ4983O,1,정인봉,지역구,서울 종로구,서울특별시 종로구,,,한나라당,한나라당,한나라당,한나라당,2000-05-30,2002-06-25,general,disqualified,court_ruling_election_law,대법원에서 공직선거법 위반으로 당선무효형 확정 / 의원직 상실,term_start,,confirmed,wikilist+wikiseat,,2002-06-25,,2002-06-25,,,2000.05.30 ~ 2002.06.25,제16대 한나라당 서울특별시 종로구,nfzegpkvaclgtscxt,정인봉,42446179,42446181,,False
16,R328185H,1,강현욱,지역구,전북 군산시,전라북도 군산시,,,새천년민주당,새천년민주당,새천년민주당,새천년민주당,2000-05-30,2002-07-01,general,elected_other_office,took_office_as_elected_local_head,전북지사 취임으로 의원직 사퇴 / 의원직 사퇴,term_start,,confirmed,wikiseat,,2002-05-27,,2002-07-01,,,2000.05.30 ~ 2002.07.01,제16대 새천년민주당 전라북도 군산시,nfzegpkvaclgtscxt,강현욱,42446179,42446181,,False
16,R4H2074H,1,전용학,지역구,충남 천안시갑,충청남도 천안시 갑,,,새천년민주당,새천년민주당,한나라당,새천년민주당,2000-05-30,2004-05-29,general,term_end,term_end,,term_start,,term_end,,,,,,,,2000.05.30 ~ 2004.05.29,제16대 새천년민주당 충청남도 천안시갑,nfzegpkvaclgtscxt,전용학,42446179,,,False
16,RE32613N,1,조순형,지역구,서울 강북구을,서울특별시 강북구 을,,,새천년민주당,새천년민주당,새천년민주당,새천년민주당,2000-05-30,2004-05-29,general,term_end,term_end,,term_start,,term_end,,,,,,,,2000.05.30 ~ 2004.05.29,제16대 새천년민주당 서울특별시 강북구을,nfzegpkvaclgtscxt,조순형,42446179,,,False
16,RIH3256C,1,조희욱,비례대표,비례대표,,자유민주연합,2,자유민주연합,자유민주연합,자유민주연합,자유민주연합,2000-05-30,2004-05-29,general,term_end,term_end,,term_start,,term_end,,,,,,,,2000.05.30 ~ 2004.05.29,제16대 자유민주연합 비례대표,nfzegpkvaclgtscxt,조희욱,42446179,,,False
16,RLG4231U,1,이상득,지역구,"경북 포항시남구,울릉군",경상북도 포항시 남구·울릉군,,,한나라당,한나라당,한나라당,한나라당,2000-05-30,2004-05-29,general,term_end,term_end,,term_start,,term_end,,,,,,,,2000.05.30 ~ 2004.05.29,"제16대 한나라당 경상북도 포항시남구,울릉군",nfzegpkvaclgtscxt,이상득,42446179,,,False
16,RLH4613I,1,윤한도,지역구,"경남 의령,함안군",경상남도 의령군·함안군,,,한나라당,한나라당,한나라당,한나라당,2000-05-30,2004-05-29,general,term_end,term_end,,term_start,,term_end,,,,,,,,2000.05.30 ~ 2004.05.29,"제16대 한나라당 경남 의령,함안군",nfzegpkvaclgtscxt,윤한도,42446179,,,False
16,RN65198P,1,최병국,지역구,울산 남구,울산광역시 남구,,,한나라당,한나라당,한나라당,한나라당,2000-05-30,2004-05-29,general,term_end,term_end,,term_start,,term_end,,,,,,,,2000.05.30 ~ 2004.05.29,제16대 한나라당 울산 남구,nfzegpkvaclgtscxt,최병국 (1942년),42446179,,,False
16,RP62407F,1,이재정,비례대표,비례대표,,새천년민주당,10,새천년민주당,새천년민주당,새천년민주당,새천년민주당,2000-05-30,2003-10-27,general,disqualified,pr_seat_lost_on_leaving_party,의원직 상실,term_start,,verified_manual,api=2003-10-27; chosen=2003-10-27; API date kept and confirmed. kowiki list gives the announcement day 2003-10-26.,,2003-10-26,,,,,2000.05.30 ~ 2003.10.27,제16대 새천년민주당 비례대표,nfzegpkvaclgtscxt,이재정 (1944년),42446179,,exit_detail set by manual_checks.csv (was court_ruling_other_or_unspecified),True
16,RST3993C,1,박종우,지역구,경기 김포시,경기도 김포시,,,새천년민주당,새천년민주당,새천년민주당,새천년민주당,2000-05-30,2004-05-29,general,term_end,term_end,,term_start,,term_end,,,,,,,,2000.05.30 ~ 2004.05.29,제16대 새천년민주당 경기도 김포시,nfzegpkvaclgtscxt,박종우 (정치인),42446179,,,False
16,RVD1966C,1,이해봉,지역구,대구 달서구을,대구광역시 달서구 을,,,한나라당,한나라당,한나라당,한나라당,2000-05-30,2004-05-29,general,term_end,term_end,,term_start,,term_end,,,,,,,,2000.05.30 ~ 2004.05.29,제16대 한나라당 대구광역시 달서구을,nfzegpkvaclgtscxt,이해봉 (1942년),42446179,,,False
16,RVR78866,1,김문수,지역구,경기 부천시소사구,경기도 부천시 소사구,,,한나라당,한나라당,한나라당,한나라당,2000-05-30,2004-05-29,general,term_end,term_end,,term_start,,term_end,,,,,,,,2000.05.30 ~ 2004.05.29,제16대 한나라당 경기도 부천시소사구,nfzegpkvaclgtscxt,김문수,42446179,,,False
16,S2C3781V,1,신계륜,지역구,서울 성북구을,서울특별시 성북구 을,,,새천년민주당,새천년민주당,열린우리당,새천년민주당,2000-05-30,2004-05-29,general,term_end,term_end,,term_start,,term_end,,,,,,,,2000.05.30 ~ 2004.05.29,제16대 새천년민주당 서울특별시 성북구을,nfzegpkvaclgtscxt,신계륜,42446179,,,False
16,S4B6672D,1,신경식,지역구,충북 청원군,충청북도 청원군,,,한나라당,한나라당,한나라당,한나라당,2000-05-30,2004-05-29,general,term_end,term_end,,term_start,,term_end,,,,,,,,2000.05.30 ~ 2004.05.29,제16대 한나라당 충청북도 청원군,nfzegpkvaclgtscxt,신경식,42446179,,,False
16,S8266690,1,이연숙,비례대표,비례대표,,한나라당,3,한나라당,한나라당,한나라당,한나라당,2000-05-30,2004-05-29,general,term_end,term_end,,term_start,,term_end,,,,,,,,2000.05.30 ~ 2004.05.29,제16대 한나라당 비례대표,nfzegpkvaclgtscxt,이연숙 (정치인),42446179,,,False
16,SAL2139X,1,구종태,비례대표,비례대표,,새천년민주당,25,새천년민주당,새천년민주당,새천년민주당,새천년민주당,2003-03-05,2004-05-29,succession_pr,term_end,term_end,,api_later_than_wiki,wikilist=2003-03-04; wikiseat=2003-03-04,term_end,,2003-03-04,,2003-03-04,,,,2003.03.05 ~ 2004.05.29,제16대 새천년민주당 비례대표,nfzegpkvaclgtscxt,구종태,42446179,42446181,,False
16,SNJ6318D,1,김무성,지역구,부산 남구,부산광역시 남구,,,한나라당,한나라당,한나라당,한나라당,2000-05-30,2004-05-29,general,term_end,term_end,,term_start,,term_end,,,,,,,,2000.05.30 ~ 2004.05.29,제16대 한나라당 부산광역시 남구,nfzegpkvaclgtscxt,김무성,42446179,,,False
16,SX52964G,1,김명섭,지역구,서울 영등포구갑,서울특별시 영등포구 갑,,,새천년민주당,새천년민주당,열린우리당,새천년민주당,2000-05-30,2004-05-29,general,term_end,term_end,,term_start,,term_end,,,,,,,,2000.05.30 ~ 2004.05.29,제16대 새천년민주당 서울특별시 영등포구갑,nfzegpkvaclgtscxt,김명섭 (1938년),42446179,,,False
16,T0C2301Q,1,김영일,지역구,경남 김해시,경상남도 김해시,,,한나라당,한나라당,한나라당,한나라당,2000-05-30,2004-05-29,general,term_end,term_end,,term_start,,term_end,,,,,,,,2000.05.30 ~ 2004.05.29,제16대 한나라당 경남 김해시,nfzegpkvaclgtscxt,김영일 (1942년),42446179,,,False
16,T0R9325Q,1,이창복,지역구,강원 원주시,강원도 원주시,,,새천년민주당,새천년민주당,열린우리당,새천년민주당,2000-05-30,2004-05-29,general,term_end,term_end,,term_start,,term_end,,,,,,,,2000.05.30 ~ 2004.05.29,제16대 새천년민주당 강원도 원주시,nfzegpkvaclgtscxt,이창복 (1938년),42446179,,,False
16,T2K9554I,1,홍문종,지역구,경기 의정부시,경기도 의정부시,,,한나라당,한나라당,한나라당,한나라당,2003-04-24,2004-05-29,by_election,term_end,term_end,,confirmed,wikilist+wikiseat,term_end,,2003-04-24,,2003-04-24,,,,2003.04.24 ~ 2004.05.29,제16대 한나라당 경기 의정부시,nfzegpkvaclgtscxt,홍문종 (정치인),42446179,42446181,,False
16,T7P8695T,1,원철희,지역구,충남 아산시,충청남도 아산시,,,자유민주연합,자유민주연합,자유민주연합,자유민주연합,2000-05-30,2003-04-08,general,disqualified,court_ruling_election_law,대법원에서 공직선거법 위반으로 당선무효형 확정 / 의원직 상실,term_start,,confirmed,wikilist+wikiseat,,2003-04-08,,2003-04-08,,,2000.05.30 ~ 2003.04.08,제16대 자유민주연합 충청남도 아산시,nfzegpkvaclgtscxt,원철희,42446179,42446181,,False
16,T8H6713N,1,최연희,지역구,강원 동해삼척시,강원도 동해시·삼척시,,,한나라당,한나라당,한나라당,한나라당,2000-05-30,2004-05-29,general,term_end,term_end,,term_start,,term_end,,,,,,,,2000.05.30 ~ 2004.05.29,제16대 한나라당 강원도 동해삼척시,nfzegpkvaclgtscxt,최연희,42446179,,,False
16,T8T6598Q,1,남궁석,지역구,경기 용인시갑,경기도 용인시 갑,,,새천년민주당,새천년민주당,열린우리당,새천년민주당,2000-05-30,2004-05-29,general,term_end,term_end,,term_start,,term_end,,,,,,,,2000.05.30 ~ 2004.05.29,제16대 새천년민주당 경기도 용인시갑,nfzegpkvaclgtscxt,남궁석,42446179,,,False
16,TF57207F,1,박광태,지역구,광주 북구갑,광주광역시 북구 갑,,,새천년민주당,새천년민주당,새천년민주당,새천년민주당,2000-05-30,2002-07-01,general,elected_other_office,took_office_as_elected_local_head,광주시장 취임으로 의원직 사퇴 / 의원직 사퇴,term_start,,confirmed,wikiseat,,2002-05-29,,2002-07-01,,,2000.05.30 ~ 2002.07.01,제16대 새천년민주당 광주광역시 북구갑,nfzegpkvaclgtscxt,박광태,42446179,42446181,,False
16,TOU48854,1,박상규,지역구,인천 부평구갑,인천광역시 부평구 갑,,,새천년민주당,새천년민주당,한나라당,새천년민주당,2000-05-30,2004-05-29,general,term_end,term_end,,term_start,,term_end,,,,,,,,2000.05.30 ~ 2004.05.29,제16대 새천년민주당 인천광역시 부평구갑,nfzegpkvaclgtscxt,박상규 (1936년),42446179,,,False
16,TQH7044H,1,박관용,지역구,부산 동래구,부산광역시 동래구,,,한나라당,한나라당,무소속,한나라당,2000-05-30,2004-05-29,general,term_end,term_end,,term_start,,term_end,,,,,,,,2000.05.30 ~ 2004.05.29,제16대 한나라당 부산광역시 동래구,nfzegpkvaclgtscxt,박관용,42446179,42446181,,False
16,TWL5801D,1,김영춘,지역구,서울 광진구갑,서울특별시 광진구 갑,,,한나라당,한나라당,열린우리당,한나라당,2000-05-30,2004-05-29,general,term_end,term_end,,term_start,,term_end,,,,,,,,2000.05.30 ~ 2004.05.29,제16대 한나라당 서울특별시 광진구갑,nfzegpkvaclgtscxt,김영춘 (정치인),42446179,,,False
16,TZD17894,1,원유철,지역구,경기 평택시갑,경기도 평택시 갑,,,새천년민주당,새천년민주당,한나라당,새천년민주당,2000-05-30,2004-05-29,general,term_end,term_end,,term_start,,term_end,,,,,,,,2000.05.30 ~ 2004.05.29,제16대 새천년민주당 경기도 평택시갑,nfzegpkvaclgtscxt,원유철,42446179,,,False
16,U9Z11055,1,이희규,지역구,경기 이천시,경기도 이천시,,,새천년민주당,새천년민주당,새천년민주당,새천년민주당,2000-05-30,2004-05-29,general,term_end,term_end,,term_start,,term_end,,,,,,,,2000.05.30 ~ 2004.05.29,제16대 새천년민주당 경기 이천시,nfzegpkvaclgtscxt,이희규,42446179,,,False
16,UIN2835Q,1,김효석,지역구,"전남 담양,곡성,장성군",전라남도 담양군·곡성군·장성군,,,새천년민주당,새천년민주당,새천년민주당,새천년민주당,2000-05-30,2004-05-29,general,term_end,term_end,,term_start,,term_end,,,,,,,,2000.05.30 ~ 2004.05.29,"제16대 새천년민주당 전라남도 담양,곡성,장성군",nfzegpkvaclgtscxt,김효석 (1949년),42446179,,,False
16,UIZ3103R,1,김부겸,지역구,경기 군포시,경기도 군포시,,,한나라당,한나라당,열린우리당,한나라당,2000-05-30,2004-05-29,general,term_end,term_end,,term_start,,term_end,,,,,,,,2000.05.30 ~ 2004.05.29,제16대 한나라당 경기도 군포시,nfzegpkvaclgtscxt,김부겸,42446179,,,False
16,UPI8940O,1,곽치영,지역구,경기 고양시덕양구갑,경기도 고양시 덕양구 갑,,,새천년민주당,새천년민주당,새천년민주당,새천년민주당,2000-05-30,2002-11-26,general,disqualified,court_ruling_election_law,당선무효 / 의원직 상실,term_start,,confirmed,wikilist+wikiseat,,2002-11-26,,2002-11-26,,,2000.05.30 ~ 2002.11.26,제16대 새천년민주당 경기도 고양시덕양구갑,nfzegpkvaclgtscxt,곽치영,42446179,42446181,,False
16,URP65047,1,심규섭,지역구,경기 안성시,경기도 안성시,,,새천년민주당,새천년민주당,새천년민주당,새천년민주당,2000-05-30,2002-01-27,general,died,died,사망 / 사망,term_start,,confirmed,wikilist+wikiseat,,2002-01-27,,2002-01-27,,,2000.05.30 ~ 2002.01.27,제16대 새천년민주당 경기도 안성시,nfzegpkvaclgtscxt,심규섭,42446179,42446181,,False
16,URV1689Q,1,추미애,지역구,서울 광진구을,서울특별시 광진구 을,,,새천년민주당,새천년민주당,새천년민주당,새천년민주당,2000-05-30,2004-05-29,general,term_end,term_end,,term_start,,term_end,,,,,,,,2000.05.30 ~ 2004.05.29,제16대 새천년민주당 서울특별시 광진구을,nfzegpkvaclgtscxt,추미애,42446179,,,False
16,UWR1927I,1,김태식,지역구,"전북 완주,임실군",전라북도 완주군·임실군,,,새천년민주당,새천년민주당,새천년민주당,새천년민주당,2000-05-30,2004-05-29,general,term_end,term_end,,term_start,,term_end,,,,,,,,2000.05.30 ~ 2004.05.29,"제16대 새천년민주당 전북 완주,임실군",nfzegpkvaclgtscxt,김태식 (정치인),42446179,,,False
16,UWS28633,1,임채정,지역구,서울 노원구을,서울특별시 노원구 을,,,새천년민주당,새천년민주당,열린우리당,새천년민주당,2000-05-30,2004-05-29,general,term_end,term_end,,term_start,,term_end,,,,,,,,2000.05.30 ~ 2004.05.29,제16대 새천년민주당 서울특별시 노원구을,nfzegpkvaclgtscxt,임채정,42446179,,,False
16,UY23844S,1,김일윤,지역구,경북 경주시,경상북도 경주시,,,한나라당,한나라당,무소속,한나라당,2000-05-30,2004-05-29,general,term_end,term_end,,term_start,,term_end,,,,,,,,2000.05.30 ~ 2004.05.29,제16대 한나라당 경상북도 경주시,nfzegpkvaclgtscxt,김일윤,42446179,,,False
16,V1849655,1,정의화,지역구,부산 중동구,부산광역시 중구·동구,,,한나라당,한나라당,한나라당,한나라당,2000-05-30,2004-05-29,general,term_end,term_end,,term_start,,term_end,,,,,,,,2000.05.30 ~ 2004.05.29,제16대 한나라당 부산광역시 중동구,nfzegpkvaclgtscxt,정의화,42446179,,,False
16,V8J2562C,1,송병대,비례대표,비례대표,,한나라당,26,한나라당,한나라당,한나라당,한나라당,2003-12-12,2004-05-29,succession_pr,term_end,term_end,,api_later_than_wiki,wikilist=2003-12-10; wikiseat=2003-12-09,term_end,,2003-12-10,,2003-12-09,,,,2003.12.12 ~ 2004.05.29,제16대 한나라당 비례대표,nfzegpkvaclgtscxt,송병대,42446179,42446181,,False
16,VDU1630B,1,박세환,비례대표,비례대표,,한나라당,8,한나라당,한나라당,한나라당,한나라당,2000-05-30,2004-05-29,general,term_end,term_end,,term_start,,term_end,,,,,,,,2000.05.30 ~ 2004.05.29,제16대 한나라당 비례대표,nfzegpkvaclgtscxt,박세환 (1940년),42446179,,,False
16,VHK3402G,1,정우택,지역구,"충북 진천,괴산,음성군",충청북도 진천군·괴산군·음성군,,,자유민주연합,자유민주연합,무소속,자유민주연합,2000-05-30,2004-05-29,general,term_end,term_end,,term_start,,term_end,,,,,,,,2000.05.30 ~ 2004.05.29,"제16대 자유민주연합 충청북도 진천,괴산,음성군",nfzegpkvaclgtscxt,정우택 (1953년),42446179,,,False
16,VQS1607Y,1,고진부,지역구,"제주 서귀포시,남제주군",제주도 서귀포시·남제주군,,,새천년민주당,새천년민주당,새천년민주당,새천년민주당,2000-05-30,2004-05-29,general,term_end,term_end,,term_start,,term_end,,,,,,,,2000.05.30 ~ 2004.05.29,"제16대 새천년민주당 제주도 서귀포시,남제주군",nfzegpkvaclgtscxt,고진부,42446179,,,False
16,VTN3694W,1,정동채,지역구,광주 서구,광주광역시 서구,,,새천년민주당,새천년민주당,열린우리당,새천년민주당,2000-05-30,2004-05-29,general,term_end,term_end,,term_start,,term_end,,,,,,,,2000.05.30 ~ 2004.05.29,제16대 새천년민주당 광주 서구,nfzegpkvaclgtscxt,정동채,42446179,,,False
16,VXQ28579,1,심재권,지역구,서울 강동구을,서울특별시 강동구 을,,,새천년민주당,새천년민주당,새천년민주당,새천년민주당,2000-05-30,2004-05-29,general,term_end,term_end,,term_start,,term_end,,,,,,,,2000.05.30 ~ 2004.05.29,제16대 새천년민주당 서울특별시 강동구을,nfzegpkvaclgtscxt,심재권,42446179,,,False
16,W0L3395K,1,김옥두,지역구,"전남 장흥,영암군",전라남도 장흥군·영암군,,,새천년민주당,새천년민주당,새천년민주당,새천년민주당,2000-05-30,2004-05-29,general,term_end,term_end,,term_start,,term_end,,,,,,,,2000.05.30 ~ 2004.05.29,"제16대 새천년민주당 전라남도 장흥,영암군",nfzegpkvaclgtscxt,김옥두,42446179,,,False
16,W8L79935,1,이강두,지역구,"경남 함양,거창군",경상남도 함양군·거창군,,,한나라당,한나라당,한나라당,한나라당,2000-05-30,2004-05-29,general,term_end,term_end,,term_start,,term_end,,,,,,,,2000.05.30 ~ 2004.05.29,"제16대 한나라당 경상남도 함양,거창군",nfzegpkvaclgtscxt,이강두,42446179,,,False
16,WCA3290J,1,이완구,지역구,"충남 청양,홍성군",충청남도 청양군·홍성군,,,자유민주연합,자유민주연합,한나라당,자유민주연합,2000-05-30,2004-05-29,general,term_end,term_end,,term_start,,term_end,,,,,,,,2000.05.30 ~ 2004.05.29,"제16대 자유민주연합 충남 청양,홍성군",nfzegpkvaclgtscxt,이완구,42446179,,,False
16,WDL36426,1,이만재,비례대표,비례대표,,한나라당,29,한나라당,한나라당,한나라당,한나라당,2004-04-01,2004-05-29,succession_pr,term_end,term_end,,api_later_than_wiki,wikilist=2004-03-29; wikiseat=2004-03-29,term_end,,2004-03-29,,2004-03-29,,,,2004.04.01 ~ 2004.05.29,제16대 한나라당 비례대표,nfzegpkvaclgtscxt,이만재 (1952년),42446179,42446181,,False
16,WDR7061Y,1,이종걸,지역구,경기 안양시만안구,경기도 안양시 만안구,,,새천년민주당,새천년민주당,열린우리당,새천년민주당,2000-05-30,2004-05-29,general,term_end,term_end,,term_start,,term_end,,,,,,,,2000.05.30 ~ 2004.05.29,제16대 새천년민주당 경기도 안양시만안구,nfzegpkvaclgtscxt,이종걸,42446179,,,False
16,WFJ6020P,1,김덕룡,지역구,서울 서초구을,서울특별시 서초구 을,,,한나라당,한나라당,한나라당,한나라당,2000-05-30,2004-05-29,general,term_end,term_end,,term_start,,term_end,,,,,,,,2000.05.30 ~ 2004.05.29,제16대 한나라당 서울특별시 서초구을,nfzegpkvaclgtscxt,김덕룡,42446179,,,False
16,WJC7553A,1,권기술,지역구,울산 울주군,울산광역시 울주군,,,한나라당,한나라당,한나라당,한나라당,2000-05-30,2004-05-29,general,term_end,term_end,,term_start,,term_end,,,,,,,,2000.05.30 ~ 2004.05.29,제16대 한나라당 울산광역시 울주군,nfzegpkvaclgtscxt,권기술,42446179,,,False
16,WMD2190C,1,이해구,지역구,경기 안성시,경기도 안성시,,,한나라당,한나라당,한나라당,한나라당,2002-08-08,2004-05-29,by_election,term_end,term_end,,confirmed,wikilist+wikiseat,term_end,,2002-08-08,,2002-08-08,,,,2002.08.08 ~ 2004.05.29,제16대 한나라당 경기도 안성시,nfzegpkvaclgtscxt,이해구,42446179,42446181,,False
16,WVT1840E,1,김기춘,지역구,경남 거제시,경상남도 거제시,,,한나라당,한나라당,한나라당,한나라당,2000-05-30,2004-05-29,general,term_end,term_end,,term_start,,term_end,,,,,,,,2000.05.30 ~ 2004.05.29,제16대 한나라당 경상남도 거제시,nfzegpkvaclgtscxt,김기춘,42446179,,,False
16,WZK3380B,1,현경대,지역구,제주 제주시,제주도 제주시,,,한나라당,한나라당,한나라당,한나라당,2000-05-30,2004-05-29,general,term_end,term_end,,term_start,,term_end,,,,,,,,2000.05.30 ~ 2004.05.29,제16대 한나라당 제주도 제주시,nfzegpkvaclgtscxt,현경대,42446179,,,False
16,WZL8101U,1,박혁규,지역구,경기 광주군,경기도 광주군,,,한나라당,한나라당,한나라당,한나라당,2000-05-30,2004-05-29,general,term_end,term_end,,term_start,,term_end,,,,,,,,2000.05.30 ~ 2004.05.29,제16대 한나라당 경기도 광주군,nfzegpkvaclgtscxt,박혁규,42446179,,,False
16,X4S23695,1,윤경식,지역구,충북 청주시흥덕구,충청북도 청주시 흥덕구,,,한나라당,한나라당,한나라당,한나라당,2000-05-30,2004-05-29,general,term_end,term_end,,term_start,,term_end,,,,,,,,2000.05.30 ~ 2004.05.29,제16대 한나라당 충북 청주시흥덕구,nfzegpkvaclgtscxt,윤경식,42446179,,,False
16,X9Z79695,1,김호일,지역구,경남 마산시 합포군,경상남도 마산시 합포구,,,한나라당,한나라당,한나라당,한나라당,2000-05-30,2002-02-21,general,disqualified,court_ruling_election_law,대법원에서 공직선거법 위반으로 당선무효형 확정 / 의원직 상실,term_start,,confirmed,wikilist+wikiseat,,2002-02-21,,2002-02-21,,,2000.05.30 ~ 2002.02.21,제16대 한나라당 경남 마산시 합포군,nfzegpkvaclgtscxt,김호일,42446179,42446181,,False
16,XF32334M,1,나오연,지역구,경남 양산시,경상남도 양산시,,,한나라당,한나라당,무소속,한나라당,2000-05-30,2004-05-29,general,term_end,term_end,,term_start,,term_end,,,,,,,,2000.05.30 ~ 2004.05.29,제16대 한나라당 경남 양산시,nfzegpkvaclgtscxt,나오연,42446179,,,False
16,XFH9918T,1,유시민,지역구,경기 고양시덕양구갑,경기도 고양시 덕양구 갑,,,개혁국민정당,개혁국민정당,열린우리당,개혁국민정당,2003-04-24,2004-05-29,by_election,term_end,term_end,,confirmed,wikilist,term_end,,2003-04-24,,,,,,2003.04.24 ~ 2004.05.29,제16대 개혁국민정당 경기도 고양시덕양구갑,nfzegpkvaclgtscxt,유시민,42446179,,,False
16,XGQ9659R,1,이한구,비례대표,비례대표,,한나라당,12,한나라당,한나라당,한나라당,한나라당,2000-05-30,2004-05-29,general,term_end,term_end,,term_start,,term_end,,,,,,,,2000.05.30 ~ 2004.05.29,제16대 한나라당 비례대표,nfzegpkvaclgtscxt,이한구 (정치인),42446179,,,False
16,XHJ97828,1,이승철,지역구,서울 구로구을,서울특별시 구로구 을,,,한나라당,한나라당,한나라당,한나라당,2001-10-25,2004-05-29,by_election,term_end,term_end,,confirmed,wikilist+wikiseat,term_end,,2001-10-25,,2001-10-25,,,,2001.10.25 ~ 2004.05.29,제16대 한나라당 서울 구로구을,nfzegpkvaclgtscxt,이승철 (1964년),42446179,42446181,,False
16,XKE15891,1,유삼남,비례대표,비례대표,,새천년민주당,19,새천년민주당,새천년민주당,새천년민주당,새천년민주당,2000-05-30,2001-09-07,general,resigned,resigned_on_appointment,유삼남 해양수산부 장관 임명으로 사퇴 조배숙 승계 / 의원직 사퇴,term_start,,confirmed,wikilist+wikiseat,,2001-09-07,,2001-09-07,,,2000.05.30 ~ 2001.09.07,제16대 새천년민주당 비례대표,nfzegpkvaclgtscxt,유삼남,42446179,42446181,,False
16,XT18076X,1,박주선,지역구,"전남 보성,화순군",전라남도 보성군·화순군,,,무소속,무소속,무소속,무소속,2000-05-30,2004-05-29,general,term_end,term_end,,term_start,,term_end,,,,,,,,2000.05.30 ~ 2004.05.29,"제16대 무소속 전라남도 보성,화순군",nfzegpkvaclgtscxt,박주선,42446179,,,False
16,XXJ47169,1,문석호,지역구,"충남 서산시,태안군",충청남도 서산시·태안군,,,새천년민주당,새천년민주당,열린우리당,새천년민주당,2000-05-30,2004-05-29,general,term_end,term_end,,term_start,,term_end,,,,,,,,2000.05.30 ~ 2004.05.29,"제16대 새천년민주당 충청남도 서산시,태안군",nfzegpkvaclgtscxt,문석호,42446179,,,False
16,Y009633J,1,배기선,지역구,경기 부천시원미구을,경기도 부천시 원미구 을,,,새천년민주당,새천년민주당,열린우리당,새천년민주당,2000-05-30,2004-05-29,general,term_end,term_end,,term_start,,term_end,,,,,,,,2000.05.30 ~ 2004.05.29,제16대 새천년민주당 경기도 부천시원미구을,nfzegpkvaclgtscxt,배기선,42446179,42446181,,False
16,Y2E7602X,1,정철기,지역구,"전남 광양시,구례군",전라남도 광양시·구례군,,,새천년민주당,새천년민주당,새천년민주당,새천년민주당,2000-05-30,2004-05-29,general,term_end,term_end,,term_start,,term_end,,,,,,,,2000.05.30 ~ 2004.05.29,"제16대 새천년민주당 전라남도 광양시,구례군",nfzegpkvaclgtscxt,정철기,42446179,,,False
16,Y2W9921H,1,김영배,지역구,서울 양천구을,서울특별시 양천구 을,,,새천년민주당,새천년민주당,새천년민주당,새천년민주당,2000-05-30,2003-03-28,general,disqualified,court_ruling_election_law,대법원에서 공직선거법 위반으로 당선무효형 확정 / 의원직 상실,term_start,,confirmed,wikilist+wikiseat,,2003-03-28,,2003-03-28,,,2000.05.30 ~ 2003.03.28,제16대 새천년민주당 서울특별시 양천구을,nfzegpkvaclgtscxt,김영배 (1932년),42446179,42446181,,False
16,Y786057K,1,박명환,지역구,서울 마포구갑,서울특별시 마포구 갑,,,한나라당,한나라당,한나라당,한나라당,2000-05-30,2004-05-29,general,term_end,term_end,,term_start,,term_end,,,,,,,,2000.05.30 ~ 2004.05.29,제16대 한나라당 서울 마포구갑,nfzegpkvaclgtscxt,박명환 (1938년),42446179,,,False
16,YAY1886G,1,김락기,비례대표,비례대표,,한나라당,14,한나라당,한나라당,한나라당,한나라당,2000-05-30,2004-05-29,general,term_end,term_end,,term_start,,term_end,,,,,,,,2000.05.30 ~ 2004.05.29,제16대 한나라당 비례(한) 비례대표(한나라당),nfzegpkvaclgtscxt,김락기 (정치인),42446179,,,False
16,YDT17694,1,윤여준,비례대표,비례대표,,한나라당,11,한나라당,한나라당,한나라당,한나라당,2000-05-30,2004-05-29,general,term_end,term_end,,term_start,,term_end,,,,,,,,2000.05.30 ~ 2004.05.29,제16대 한나라당 비례대표,nfzegpkvaclgtscxt,윤여준,42446179,,,False
16,YE691699,1,이규택,지역구,경기 여주군,경기도 여주군,,,한나라당,한나라당,한나라당,한나라당,2000-05-30,2004-05-29,general,term_end,term_end,,term_start,,term_end,,,,,,,,2000.05.30 ~ 2004.05.29,제16대 한나라당 경기도 여주군,nfzegpkvaclgtscxt,이규택,42446179,,,False
16,YEB5724H,1,김원길,지역구,서울 강북구갑,서울특별시 강북구 갑,,,새천년민주당,새천년민주당,한나라당,새천년민주당,2000-05-30,2004-05-29,general,term_end,term_end,,term_start,,term_end,,,,,,,,2000.05.30 ~ 2004.05.29,제16대 새천년민주당 서울특별시 강북구갑,nfzegpkvaclgtscxt,김원길,42446179,,,False
16,YKA9050K,1,홍재형,지역구,충북 청주시상당구,충청북도 청주시 상당구,,,새천년민주당,새천년민주당,열린우리당,새천년민주당,2000-05-30,2004-05-29,general,term_end,term_end,,term_start,,term_end,,,,,,,,2000.05.30 ~ 2004.05.29,제16대 새천년민주당 충청북도 청주시상당구,nfzegpkvaclgtscxt,홍재형,42446179,,,False
16,YWI3350Y,1,김덕배,지역구,경기 고양시일산구을,경기도 고양시 일산구 을,,,새천년민주당,새천년민주당,열린우리당,새천년민주당,2000-05-30,2004-05-29,general,term_end,term_end,,term_start,,term_end,,,,,,,,2000.05.30 ~ 2004.05.29,제16대 새천년민주당 경기도 고양시일산구을,nfzegpkvaclgtscxt,김덕배,42446179,,,False
16,YZJ60561,1,이우재,지역구,서울 금천구,서울특별시 금천구,,,한나라당,한나라당,열린우리당,한나라당,2002-08-08,2004-05-29,by_election,term_end,term_end,,confirmed,wikilist+wikiseat,term_end,,2002-08-08,,2002-08-08,,,,2002.08.08 ~ 2004.05.29,제16대 한나라당 서울특별시 금천구,nfzegpkvaclgtscxt,이우재 (1936년),42446179,42446181,,False
16,Z2N3716N,1,장영신,지역구,서울 구로구을,서울특별시 구로구 을,,,새천년민주당,새천년민주당,새천년민주당,새천년민주당,2000-05-30,2001-07-13,general,disqualified,election_voided_by_court,대법원에서 선거 무효 판결로 의원직 상실 / 의원직 상실,term_start,,confirmed,wikilist+wikiseat,,2001-07-13,,2001-07-13,,,2000.05.30 ~ 2001.07.13,제16대 새천년민주당 서울 구로구을,nfzegpkvaclgtscxt,장영신,42446179,42446181,,False
16,ZF959220,1,안경률,지역구,부산 해운대구 기장군을,부산광역시 해운대구·기장군 을,,,한나라당,한나라당,한나라당,한나라당,2000-05-30,2004-05-29,general,term_end,term_end,,term_start,,term_end,,,,,,,,2000.05.30 ~ 2004.05.29,제16대 한나라당 부산광역시 해운대구 기장군을,nfzegpkvaclgtscxt,안경률,42446179,,,False
16,ZY76641C,1,김병호,지역구,부산 부산진구갑,부산광역시 부산진구 갑,,,한나라당,한나라당,한나라당,한나라당,2002-08-08,2004-05-29,by_election,term_end,term_end,,confirmed,wikilist+wikiseat,term_end,,2002-08-08,,2002-08-08,,,,2002.08.08 ~ 2004.05.29,제16대 한나라당 부산광역시 부산진구갑,nfzegpkvaclgtscxt,김병호 (1943년),42446179,42446181,,False
17,0135473I,1,이군현,비례대표,비례대표,,한나라당,16,한나라당,한나라당,한나라당,한나라당,2004-05-30,2008-05-29,general,term_end,term_end,,term_start,,term_end,,,,,,,,2004.05.30 ~ 2008.05.29,제17대 한나라당 비례대표,nfzegpkvaclgtscxt,이군현,41080768,,,False
17,04H1337G,1,이명규,지역구,대구 북구갑,대구광역시 북구 갑,,,한나라당,한나라당,한나라당,한나라당,2004-05-30,2008-05-29,general,term_end,term_end,,term_start,,term_end,,,,,,,,2004.05.30 ~ 2008.05.29,제17대 한나라당 대구광역시 북구갑,nfzegpkvaclgtscxt,이명규 (1956년),41080768,,,False
17,0767470D,1,이낙연,지역구,"전남 함평,영광군",전라남도 함평군·영광군,,,새천년민주당,새천년민주당,통합민주당,새천년민주당,2004-05-30,2008-05-29,general,term_end,term_end,,term_start,,term_end,,,,,,,,2004.05.30 ~ 2008.05.29,"제17대 새천년민주당 전라남도 함평,영광군",nfzegpkvaclgtscxt,이낙연,41080768,,,False
17,0827740Q,1,노웅래,지역구,서울 마포구갑,서울특별시 마포구 갑,,,열린우리당,열린우리당,통합민주당,열린우리당,2004-05-30,2008-05-29,general,term_end,term_end,,term_start,,term_end,,,,,,,,2004.05.30 ~ 2008.05.29,제17대 열린우리당 서울특별시 마포구갑,nfzegpkvaclgtscxt,노웅래,41080768,41820105,,False
17,0W194007,1,김영주,비례대표,비례대표,,열린우리당,13,열린우리당,열린우리당,통합민주당,열린우리당,2004-05-30,2008-05-29,general,term_end,term_end,,term_start,,term_end,,,,,,,,2004.05.30 ~ 2008.05.29,제17대 열린우리당 비례대표,nfzegpkvaclgtscxt,김영주 (1955년),41080768,,,False
17,0WH9705X,1,전재희,지역구,경기 광명시을,경기도 광명시 을,,,한나라당,한나라당,한나라당,한나라당,2004-05-30,2008-05-29,general,term_end,term_end,,term_start,,term_end,,,,,,,,2004.05.30 ~ 2008.05.29,제17대 한나라당 경기 광명시을,nfzegpkvaclgtscxt,전재희,41080768,,,False
17,0Y39862U,1,최철국,지역구,경남 김해시을,경상남도 김해시 을,,,열린우리당,열린우리당,통합민주당,열린우리당,2004-05-30,2008-05-29,general,term_end,term_end,,term_start,,term_end,,,,,,,,2004.05.30 ~ 2008.05.29,제17대 열린우리당 경남 김해시을,nfzegpkvaclgtscxt,최철국,41080768,,,False
17,17671841,1,김태홍,지역구,광주 북구을,광주광역시 북구 을,,,열린우리당,열린우리당,통합민주당,열린우리당,2004-05-30,2008-05-29,general,term_end,term_end,,term_start,,term_end,,,,,,,,2004.05.30 ~ 2008.05.29,제17대 열린우리당 광주광역시 북구을,nfzegpkvaclgtscxt,김태홍 (정치인),41080768,,,False
17,1EL35837,1,원희룡,지역구,서울 양천구갑,서울특별시 양천구 갑,,,한나라당,한나라당,한나라당,한나라당,2004-05-30,2008-05-29,general,term_end,term_end,,term_start,,term_end,,,,,,,,2004.05.30 ~ 2008.05.29,제17대 한나라당 서울특별시 양천구갑,nfzegpkvaclgtscxt,원희룡,41080768,,,False
17,1FK74463,1,류근찬,지역구,"충남 보령시,서천군",충청남도 보령시·서천군,,,자유민주연합,자유민주연합,자유선진당,자유민주연합,2004-05-30,2008-05-29,general,term_end,term_end,,term_start,,term_end,,,,,,,,2004.05.30 ~ 2008.05.29,"제17대 자유민주연합 충남 보령시,서천군",nfzegpkvaclgtscxt,류근찬,41080768,,,False
17,1MB8686B,1,권경석,지역구,경남 창원시갑,경상남도 창원시 갑,,,한나라당,한나라당,한나라당,한나라당,2004-05-30,2008-05-29,general,term_end,term_end,,term_start,,term_end,,,,,,,,2004.05.30 ~ 2008.05.29,제17대 한나라당 경상남도 창원시갑,nfzegpkvaclgtscxt,권경석,41080768,,,False
17,1OP1897P,1,김홍일,비례대표,비례대표,,새천년민주당,4,새천년민주당,새천년민주당,민주당,새천년민주당,2004-05-30,2006-09-28,general,disqualified,court_ruling_other_or_unspecified,김홍일 뇌물 수수로 의원직 상실 김송자 승계 / 의원직 상실,term_start,,confirmed,wikilist+wikiseat,,2006-09-28,,2006-09-28,,,2004.05.30 ~ 2006.09.28,제17대 새천년민주당 비례대표,nfzegpkvaclgtscxt,김홍일 (1948년),41080768,41820105,,False
17,1PK82111,1,강기정,지역구,광주 북구갑,광주광역시 북구 갑,,,열린우리당,열린우리당,통합민주당,열린우리당,2004-05-30,2008-05-29,general,term_end,term_end,,term_start,,term_end,,,,,,,,2004.05.30 ~ 2008.05.29,제17대 열린우리당 광주광역시 북구갑,nfzegpkvaclgtscxt,강기정,41080768,,,False
17,1TW34594,1,김영덕,지역구,"경남 의령,함안군",경상남도 의령군·함안군·합천군,,,한나라당,한나라당,한나라당,한나라당,2004-05-30,2008-05-29,general,term_end,term_end,,term_start,,term_end,,,,,,,,2004.05.30 ~ 2008.05.29,"제17대 한나라당 경남 의령,함안군",nfzegpkvaclgtscxt,김영덕 (정치인),41080768,,,False
17,1WE5693J,1,김태년,지역구,경기 성남시수정구,경기도 성남시 수정구,,,열린우리당,열린우리당,통합민주당,열린우리당,2004-05-30,2008-05-29,general,term_end,term_end,,term_start,,term_end,,,,,,,,2004.05.30 ~ 2008.05.29,제17대 열린우리당 경기도 성남시수정구,nexgtxtmaamffofof,김태년 (1965년),41080768,,,False
17,1ZF7922T,1,김한길,지역구,서울 구로구을,서울특별시 구로구 을,,,열린우리당,열린우리당,통합민주당,열린우리당,2004-05-30,2008-05-29,general,term_end,term_end,,term_start,,term_end,,,,,,,,2004.05.30 ~ 2008.05.29,제17대 열린우리당 서울특별시 구로구을,nfzegpkvaclgtscxt,김한길,41080768,41820105,,False
17,21B8160Y,1,이광철,지역구,전북 전주시완산구,전라북도 전주시 완산구 을,,,열린우리당,열린우리당,통합민주당,열린우리당,2004-05-30,2008-05-29,general,term_end,term_end,,term_start,,term_end,,,,,,,,2004.05.30 ~ 2008.05.29,제17대 열린우리당 전북 전주시완산구,nfzegpkvaclgtscxt,이광철,41080768,,,False
17,2385336L,1,정청래,지역구,서울 마포구을,서울특별시 마포구 을,,,열린우리당,열린우리당,통합민주당,열린우리당,2004-05-30,2008-05-29,general,term_end,term_end,,term_start,,term_end,,,,,,,,2004.05.30 ~ 2008.05.29,제17대 열린우리당 서울특별시 마포구을,nexgtxtmaamffofof,정청래,41080768,,,False
17,26N9259T,1,이화영,지역구,서울 중랑구갑,서울특별시 중랑구 갑,,,열린우리당,열린우리당,통합민주당,열린우리당,2004-05-30,2008-05-29,general,term_end,term_end,,term_start,,term_end,,,,,,,,2004.05.30 ~ 2008.05.29,제17대 열린우리당 서울특별시 중랑구갑,nfzegpkvaclgtscxt,이화영,41080768,,,False
17,2GM8059R,1,박창달,지역구,대구 동구을,대구광역시 동구 을,,,한나라당,한나라당,한나라당,한나라당,2004-05-30,2005-09-15,general,disqualified,court_ruling_election_law,선거법 위반으로 의원직 상실 / 의원직 상실,term_start,,confirmed,wikilist+wikiseat,,2005-09-15,,2005-09-15,,,2004.05.30 ~ 2005.09.15,제17대 한나라당 대구 동구을,nfzegpkvaclgtscxt,박창달,41080768,41820105,,False
17,2LX5217V,1,박계동,지역구,서울 송파구을,서울특별시 송파구 을,,,한나라당,한나라당,한나라당,한나라당,2004-05-30,2008-05-29,general,term_end,term_end,,term_start,,term_end,,,,,,,,2004.05.30 ~ 2008.05.29,제17대 한나라당 서울특별시 송파구을,nfzegpkvaclgtscxt,박계동,41080768,,,False
17,2ML68608,1,강성종,지역구,경기 의정부시을,경기도 의정부시 을,,,열린우리당,열린우리당,통합민주당,열린우리당,2004-05-30,2008-05-29,general,term_end,term_end,,term_start,,term_end,,,,,,,,2004.05.30 ~ 2008.05.29,제17대 열린우리당 경기 의정부시을,nfzegpkvaclgtscxt,강성종 (1966년),41080768,,,False
17,2QE48823,1,장윤석,지역구,경북 영주시,경상북도 영주시,,,한나라당,한나라당,한나라당,한나라당,2004-05-30,2008-05-29,general,term_end,term_end,,term_start,,term_end,,,,,,,,2004.05.30 ~ 2008.05.29,제17대 한나라당 경상북도 영주시,nfzegpkvaclgtscxt,장윤석 (1950년),41080768,,,False
17,2XI97689,1,이종구,지역구,서울 강남구갑,서울특별시 강남구 갑,,,한나라당,한나라당,한나라당,한나라당,2004-05-30,2008-05-29,general,term_end,term_end,,term_start,,term_end,,,,,,,,2004.05.30 ~ 2008.05.29,제17대 한나라당 서울특별시 강남구갑,nfzegpkvaclgtscxt,이종구 (1950년),41080768,,,False
17,2Z21631Z,1,최재천,지역구,서울 성동구갑,서울특별시 성동구 갑,,,열린우리당,열린우리당,통합민주당,열린우리당,2004-05-30,2008-05-29,general,term_end,term_end,,term_start,,term_end,,,,,,,,2004.05.30 ~ 2008.05.29,제17대 열린우리당 서울 성동구갑,nfzegpkvaclgtscxt,최재천 (정치인),41080768,,,False
17,32X1773B,1,임종인,지역구,경기 안산시상록구을,경기도 안산시 상록구 을,,,열린우리당,열린우리당,무소속,열린우리당,2004-05-30,2008-05-29,general,term_end,term_end,,term_start,,term_end,,,,,,,,2004.05.30 ~ 2008.05.29,제17대 열린우리당 경기 안산시상록구을,nfzegpkvaclgtscxt,임종인 (1956년),41080768,,,False
17,34Y32105,1,임해규,지역구,경기 부천시원미구갑,경기도 부천시 원미구 갑,,,한나라당,한나라당,한나라당,한나라당,2005-10-26,2008-05-29,by_election,term_end,term_end,,confirmed,wikilist+wikiseat,term_end,,2005-10-26,,2005-10-26,,,,2005.10.26 ~ 2008.05.29,제17대 한나라당 경기 부천시원미구갑,nfzegpkvaclgtscxt,임해규,41080768,41820105,,False
17,37Q5759R,1,이영호,지역구,"전남 강진,완도군",전라남도 강진군·완도군,,,열린우리당,열린우리당,통합민주당,열린우리당,2004-05-30,2008-05-29,general,term_end,term_end,,term_start,,term_end,,,,,,,,2004.05.30 ~ 2008.05.29,"제17대 열린우리당 전라남도 강진,완도군",nfzegpkvaclgtscxt,이영호 (1959년),41080768,,,False
17,39938231,1,정문헌,지역구,"강원 속초시,고성군,양양군",강원도 속초시·고성군·양양군,,,한나라당,한나라당,한나라당,한나라당,2004-05-30,2008-05-29,general,term_end,term_end,,term_start,,term_end,,,,,,,,2004.05.30 ~ 2008.05.29,"제17대 한나라당 강원 속초시,고성군,양양군",nfzegpkvaclgtscxt,정문헌,41080768,,,False
17,39P2522W,1,민병두,비례대표,비례대표,,열린우리당,18,열린우리당,열린우리당,통합민주당,열린우리당,2004-05-30,2008-05-29,general,term_end,term_end,,term_start,,term_end,,,,,,,,2004.05.30 ~ 2008.05.29,제17대 열린우리당 비례대표,nfzegpkvaclgtscxt,민병두,41080768,,,False
17,39R30936,1,선병렬,지역구,대전 동구,대전광역시 동구,,,열린우리당,열린우리당,통합민주당,열린우리당,2004-05-30,2008-05-29,general,term_end,term_end,,term_start,,term_end,,,,,,,,2004.05.30 ~ 2008.05.29,제17대 열린우리당 대전광역시 동구,nfzegpkvaclgtscxt,선병렬,41080768,,,False
17,3KB30916,1,김기석,지역구,경기 부천시원미구갑,경기도 부천시 원미구 갑,,,열린우리당,열린우리당,열린우리당,열린우리당,2004-05-30,2005-08-19,general,disqualified,court_ruling_other_or_unspecified,의원직 상실,term_start,,confirmed,wikilist,,2005-08-19,,,,,2004.05.30 ~ 2005.08.19,제17대 열린우리당 경기도 부천시원미구갑,nfzegpkvaclgtscxt,김기석 (1946년),41080768,41820105,,False
17,3O66539X,1,김성곤,지역구,전남 여수시,전라남도 여수시 갑,,,열린우리당,열린우리당,통합민주당,열린우리당,2004-05-30,2008-05-29,general,term_end,term_end,,term_start,,term_end,,,,,,,,2004.05.30 ~ 2008.05.29,제17대 열린우리당 전라남도 여수시,nfzegpkvaclgtscxt,김성곤 (1952년),41080768,,,False
17,3OA12807,1,권오을,지역구,경북 안동시,경상북도 안동시,,,한나라당,한나라당,한나라당,한나라당,2004-05-30,2008-05-29,general,term_end,term_end,,term_start,,term_end,,,,,,,,2004.05.30 ~ 2008.05.29,제17대 한나라당 경상북도 안동시,nfzegpkvaclgtscxt,권오을,41080768,,,False
17,3SP89633,1,천정배,지역구,경기 안산시단원구갑,경기도 안산시 단원구 갑,,,열린우리당,열린우리당,통합민주당,열린우리당,2004-05-30,2008-05-29,general,term_end,term_end,,term_start,,term_end,,,,,,,,2004.05.30 ~ 2008.05.29,제17대 열린우리당 경기 안산시단원구갑,nfzegpkvaclgtscxt,천정배,41080768,,,False
17,3TF1550T,1,권영길,지역구,경남 창원시을,경상남도 창원시 을,,,민주노동당,민주노동당,민주노동당,민주노동당,2004-05-30,2008-05-29,general,term_end,term_end,,term_start,,term_end,,,,,,,,2004.05.30 ~ 2008.05.29,제17대 민주노동당 경상남도 창원시을,nfzegpkvaclgtscxt,권영길,41080768,,,False
17,3ZP1685J,1,박기춘,지역구,경기 남양주시을,경기도 남양주시 을,,,열린우리당,열린우리당,통합민주당,열린우리당,2004-05-30,2008-05-29,general,term_end,term_end,,term_start,,term_end,,,,,,,,2004.05.30 ~ 2008.05.29,제17대 열린우리당 경기 남양주시을,nfzegpkvaclgtscxt,박기춘,41080768,,,False
17,3ZR4438W,1,이인영,지역구,서울 구로구갑,서울특별시 구로구 갑,,,열린우리당,열린우리당,통합민주당,열린우리당,2004-05-30,2008-05-29,general,term_end,term_end,,term_start,,term_end,,,,,,,,2004.05.30 ~ 2008.05.29,제17대 열린우리당 서울특별시 구로구갑,nexgtxtmaamffofof,이인영 (1964년),41080768,,,False
17,44936542,1,박종근,지역구,대구 달서구갑,대구광역시 달서구 갑,,,한나라당,한나라당,친박연대,한나라당,2004-05-30,2008-05-29,general,term_end,term_end,,term_start,,term_end,,,,,,,,2004.05.30 ~ 2008.05.29,제17대 한나라당 대구광역시 달서구갑,nfzegpkvaclgtscxt,박종근 (1937년),41080768,,,False
17,4A067125,1,이광재,지역구,강원 태백시정선군,강원도 태백시·영월군·평창군·정선군,,,열린우리당,열린우리당,통합민주당,열린우리당,2004-05-30,2008-05-29,general,term_end,term_end,,term_start,,term_end,,,,,,,,2004.05.30 ~ 2008.05.29,제17대 열린우리당 강원 태백시정선군,nexgtxtmaamffofof,이광재 (정치인),41080768,,,False
17,4G45218X,1,심대평,지역구,대전 서구을,대전광역시 서구 을,,,국민중심당,국민중심당,자유선진당,국민중심당,2007-04-25,2008-05-29,by_election,term_end,term_end,,confirmed,wikilist+wikiseat,term_end,,2007-04-25,,2007-04-25,,,,2007.04.25 ~ 2008.05.29,제17대 국민중심당 대전 서구을,nfzegpkvaclgtscxt,심대평,41080768,41820105,,False
17,4HB8518T,1,박근혜,지역구,대구 달성군,대구광역시 달성군,,,한나라당,한나라당,한나라당,한나라당,2004-05-30,2008-05-29,general,term_end,term_end,,term_start,,term_end,,,,,,,,2004.05.30 ~ 2008.05.29,제17대 한나라당 대구 달성군,nfzegpkvaclgtscxt,박근혜,41080768,,,False
17,4MX3134T,1,김형오,지역구,부산 영도구,부산광역시 영도구,,,한나라당,한나라당,한나라당,한나라당,2004-05-30,2008-05-29,general,term_end,term_end,,term_start,,term_end,,,,,,,,2004.05.30 ~ 2008.05.29,제17대 한나라당 부산광역시 영도구,nfzegpkvaclgtscxt,김형오,41080768,,,False
17,4QP35150,1,정종복,지역구,경북 경주시,경상북도 경주시,,,한나라당,한나라당,한나라당,한나라당,2004-05-30,2008-05-29,general,term_end,term_end,,term_start,,term_end,,,,,,,,2004.05.30 ~ 2008.05.29,제17대 한나라당 경상북도 경주시,nfzegpkvaclgtscxt,정종복 (1950년),41080768,,,False
17,4RF2451S,1,김원기,지역구,전북 정읍시,전라북도 정읍시,,,열린우리당,열린우리당,통합민주당,열린우리당,2004-05-30,2008-05-29,general,term_end,term_end,,term_start,,term_end,,,,,,,,2004.05.30 ~ 2008.05.29,제17대 열린우리당 전라북도 정읍시,nfzegpkvaclgtscxt,김원기 (1937년),41080768,41820105,,False
17,52Z10964,1,신국환,지역구,"경북 문경시,예천군",경상북도 문경시·예천군,,,무소속,무소속,통합민주당,무소속,2004-05-30,2008-05-29,general,term_end,term_end,,term_start,,term_end,,,,,,,,2004.05.30 ~ 2008.05.29,"제17대 무소속 경상북도 문경시,예천군",nfzegpkvaclgtscxt,신국환 (1939년),41080768,,,False
17,53Y1887H,1,최규성,지역구,"전북 김제시,완주군",전라북도 김제시·완주군,,,열린우리당,열린우리당,통합민주당,열린우리당,2004-05-30,2008-05-29,general,term_end,term_end,,term_start,,term_end,,,,,,,,2004.05.30 ~ 2008.05.29,"제17대 열린우리당 전북 김제시,완주군",nfzegpkvaclgtscxt,최규성,41080768,,,False
17,54B18425,1,차명진,지역구,경기 부천시소사구,경기도 부천시 소사구,,,한나라당,한나라당,한나라당,한나라당,2006-07-26,2008-05-29,by_election,term_end,term_end,,confirmed,wikilist+wikiseat,term_end,,2006-07-26,,2006-07-26,,,,2006.07.26 ~ 2008.05.29,제17대 한나라당 경기 부천시소사구,nfzegpkvaclgtscxt,차명진,41080768,41820105,,False
17,5JX61739,1,박홍수,비례대표,비례대표,,열린우리당,20,열린우리당,열린우리당,열린우리당,열린우리당,2004-05-30,2005-01-10,general,resigned,resigned_other,의원직 사퇴,term_start,,confirmed,nabill,,2005-01-06,,,2005-01-10,029745,2004.05.30 ~ 2005.01.10,제17대 열린우리당 비례(열) 비례(열린우리당),nfzegpkvaclgtscxt,박홍수 (1955년),41080768,,,False
17,5KV82250,1,조경태,지역구,부산 사하구을,부산광역시 사하구 을,,,열린우리당,열린우리당,통합민주당,열린우리당,2004-05-30,2008-05-29,general,term_end,term_end,,term_start,,term_end,,,,,,,,2004.05.30 ~ 2008.05.29,제17대 열린우리당 부산광역시 사하구을,nexgtxtmaamffofof,조경태,41080768,,,False
17,5PS66776,1,맹형규,지역구,서울 송파구갑,서울특별시 송파구 갑,,,한나라당,한나라당,한나라당,한나라당,2004-05-30,2006-01-31,general,resigned,resigned_to_run_for_other_office,서울시장 출마로 사퇴 / 의원직 사퇴,term_start,,confirmed,wikilist+wikiseat+nabill,,2006-01-31,,2006-01-31,2006-01-31,033754,2004.05.30 ~ 2006.01.31,제17대 한나라당 서울특별시 송파구갑,nfzegpkvaclgtscxt,맹형규,41080768,41820105,,False
17,5PS66776,2,맹형규,지역구,서울 송파구갑,서울특별시 송파구 갑,,,한나라당,한나라당,한나라당,한나라당,2006-07-26,2008-05-29,by_election,term_end,term_end,,confirmed,wikilist+wikiseat,term_end,,2006-07-26,,2006-07-26,,,,2006.07.26 ~ 2008.05.29,제17대 한나라당 서울 송파구갑,nfzegpkvaclgtscxt,맹형규,41080768,41820105,,False
17,5YX7831C,1,정몽준,지역구,울산 동구,울산광역시 동구,,,국민통합21,국민통합21,한나라당,국민통합21,2004-05-30,2008-05-29,general,term_end,term_end,,term_start,,term_end,,,,,,,,2004.05.30 ~ 2008.05.29,제17대 국민통합21 울산광역시 동구,nfzegpkvaclgtscxt,정몽준,41080768,,,False
17,63J3777V,1,유정복,지역구,경기 김포시,경기도 김포시,,,한나라당,한나라당,한나라당,한나라당,2004-05-30,2008-05-29,general,term_end,term_end,,term_start,,term_end,,,,,,,,2004.05.30 ~ 2008.05.29,제17대 한나라당 경기도 김포시,nfzegpkvaclgtscxt,유정복,41080768,,,False
17,64G6894C,1,김정훈,지역구,부산 남구,부산광역시 남구 갑,,,한나라당,한나라당,한나라당,한나라당,2004-05-30,2008-05-29,general,term_end,term_end,,term_start,,term_end,,,,,,,,2004.05.30 ~ 2008.05.29,제17대 한나라당 부산 남구,nfzegpkvaclgtscxt,김정훈 (정치인),41080768,,,False
17,6A77393C,1,김명자,비례대표,비례대표,,열린우리당,3,열린우리당,열린우리당,통합민주당,열린우리당,2004-05-30,2008-05-29,general,term_end,term_end,,term_start,,term_end,,,,,,,,2004.05.30 ~ 2008.05.29,제17대 열린우리당 비례대표,nfzegpkvaclgtscxt,김명자,41080768,,,False
17,6DG91769,1,원혜영,지역구,경기 부천시오정구,경기도 부천시 오정구,,,열린우리당,열린우리당,통합민주당,열린우리당,2004-05-30,2008-05-29,general,term_end,term_end,,term_start,,term_end,,,,,,,,2004.05.30 ~ 2008.05.29,제17대 열린우리당 경기도 부천시오정구,nfzegpkvaclgtscxt,원혜영,41080768,,,False
17,6GM6942I,1,안택수,지역구,대구 북구을,대구광역시 북구 을,,,한나라당,한나라당,한나라당,한나라당,2004-05-30,2008-05-29,general,term_end,term_end,,term_start,,term_end,,,,,,,,2004.05.30 ~ 2008.05.29,제17대 한나라당 대구광역시 북구을,nfzegpkvaclgtscxt,안택수,41080768,,,False
17,6MT5042E,1,이인기,지역구,"경북 고령,성주군",경상북도 고령군·성주군·칠곡군,,,한나라당,한나라당,무소속,한나라당,2004-05-30,2008-05-29,general,term_end,term_end,,term_start,,term_end,,,,,,,,2004.05.30 ~ 2008.05.29,"제17대 한나라당 경북 고령,성주군",nfzegpkvaclgtscxt,이인기 (1953년),41080768,,,False
17,6NE2017V,1,최성,지역구,경기 고양시덕양구을,경기도 고양시 덕양구 을,,,열린우리당,열린우리당,통합민주당,열린우리당,2004-05-30,2008-05-29,general,term_end,term_end,,term_start,,term_end,,,,,,,,2004.05.30 ~ 2008.05.29,제17대 열린우리당 경기도 고양시덕양구을,nfzegpkvaclgtscxt,최성 (1963년),41080768,,,False
17,71M8132V,1,신상진,지역구,경기 성남시중원구,경기도 성남시 중원구,,,한나라당,한나라당,한나라당,한나라당,2005-04-30,2008-05-29,by_election,term_end,term_end,,confirmed,wikilist+wikiseat,term_end,,2005-04-30,,2005-04-30,,,,2005.04.30 ~ 2008.05.29,제17대 한나라당 경기 성남시중원구,nfzegpkvaclgtscxt,신상진,41080768,41820105,,False
17,7PU7009N,1,강봉균,지역구,전북 군산시,전라북도 군산시,,,열린우리당,열린우리당,통합민주당,열린우리당,2004-05-30,2008-05-29,general,term_end,term_end,,term_start,,term_end,,,,,,,,2004.05.30 ~ 2008.05.29,제17대 열린우리당 전라북도 군산시,nfzegpkvaclgtscxt,강봉균 (1943년),41080768,41820105,,False
17,7TU84910,1,한화갑,지역구,"전남 무안,신안군",전라남도 무안군·신안군,,,새천년민주당,새천년민주당,민주당,새천년민주당,2004-05-30,2006-12-22,general,disqualified,court_ruling_election_law,불법 정치자금으로 의원직 상실 / 의원직 상실,term_start,,confirmed,wikilist+wikiseat,,2006-12-22,,2006-12-22,,,2004.05.30 ~ 2006.12.22,"제17대 새천년민주당 전라남도 무안,신안군",nfzegpkvaclgtscxt,한화갑,41080768,41820105,,False
17,7W28547U,1,최용규,지역구,인천 부평구을,인천광역시 부평구 을,,,열린우리당,열린우리당,통합민주당,열린우리당,2004-05-30,2008-05-29,general,term_end,term_end,,term_start,,term_end,,,,,,,,2004.05.30 ~ 2008.05.29,제17대 열린우리당 인천 부평구을,nfzegpkvaclgtscxt,최용규 (1956년),41080768,41820105,,False
17,7XG93147,1,이상락,지역구,경기 성남시중원구,경기도 성남시 중원구,,,열린우리당,열린우리당,열린우리당,열린우리당,2004-05-30,2004-12-10,general,disqualified,court_ruling_election_law,선거법 위반으로 의원직 상실 / 의원직 상실,term_start,,confirmed,wikilist+wikiseat,,2004-12-10,,2004-12-10,,,2004.05.30 ~ 2004.12.10,제17대 열린우리당 경기도 성남시중원구,nfzegpkvaclgtscxt,이상락,41080768,41820105,,False
17,81X5760Z,1,김양수,지역구,경남 양산시,경상남도 양산시,,,한나라당,한나라당,한나라당,한나라당,2004-05-30,2008-05-29,general,term_end,term_end,,term_start,,term_end,,,,,,,,2004.05.30 ~ 2008.05.29,제17대 한나라당 경상남도 양산시,nfzegpkvaclgtscxt,김양수 (1960년),41080768,,,False
17,8BY8620U,1,이용희,지역구,"충북 보은,옥천,영동군",충청북도 보은군·옥천군·영동군,,,열린우리당,열린우리당,자유선진당,열린우리당,2004-05-30,2008-05-29,general,term_end,term_end,,term_start,,term_end,,,,,,,,2004.05.30 ~ 2008.05.29,"제17대 열린우리당 충청북도 보은,옥천,영동군",nfzegpkvaclgtscxt,이용희 (1931년),41080768,,,False
17,8DY7297I,1,채수찬,지역구,전북 전주시덕진구,전라북도 전주시 덕진구,,,열린우리당,열린우리당,통합민주당,열린우리당,2004-05-30,2008-05-29,general,term_end,term_end,,term_start,,term_end,,,,,,,,2004.05.30 ~ 2008.05.29,제17대 열린우리당 전라북도 전주시덕진구,nfzegpkvaclgtscxt,채수찬,41080768,,,False
17,8FC9697X,1,유기홍,지역구,서울 관악구갑,서울특별시 관악구 갑,,,열린우리당,열린우리당,통합민주당,열린우리당,2004-05-30,2008-05-29,general,term_end,term_end,,term_start,,term_end,,,,,,,,2004.05.30 ~ 2008.05.29,제17대 열린우리당 서울특별시 관악구갑,nfzegpkvaclgtscxt,유기홍,41080768,,,False
17,8G72444I,1,이시종,지역구,충북 충주시,충청북도 충주시,,,열린우리당,열린우리당,통합민주당,열린우리당,2004-05-30,2008-05-29,general,term_end,term_end,,term_start,,term_end,,,,,,,,2004.05.30 ~ 2008.05.29,제17대 열린우리당 충청북도 충주시,nfzegpkvaclgtscxt,이시종,41080768,,,False
17,8IN46764,1,이주영,지역구,경남 마산시갑,경상남도 마산시 갑,,,한나라당,한나라당,한나라당,한나라당,2006-07-26,2008-05-29,by_election,term_end,term_end,,confirmed,wikilist+wikiseat,term_end,,2006-07-26,,2006-07-26,,,,2006.07.26 ~ 2008.05.29,제17대 한나라당 경남 마산시갑,nfzegpkvaclgtscxt,이주영 (1951년),41080768,41820105,,False
17,8NC1161S,1,임인배,지역구,경북 김천시,경상북도 김천시,,,한나라당,한나라당,한나라당,한나라당,2004-05-30,2008-05-29,general,term_end,term_end,,term_start,,term_end,,,,,,,,2004.05.30 ~ 2008.05.29,제17대 한나라당 경북 김천시,nfzegpkvaclgtscxt,임인배,41080768,,,False
17,8QY4415F,1,문희,비례대표,비례대표,,한나라당,23,한나라당,한나라당,한나라당,한나라당,2005-10-13,2008-05-29,succession_pr,term_end,term_end,,confirmed,wikiseat,term_end,,2005-10-05,,2005-10-13,,,,2005.10.13 ~ 2008.05.29,제17대 한나라당 비례대표,nfzegpkvaclgtscxt,문희 (1936년),41080768,41820105,,False
17,8SV6917G,1,주호영,지역구,대구 수성구을,대구광역시 수성구 을,,,한나라당,한나라당,한나라당,한나라당,2004-05-30,2008-05-29,general,term_end,term_end,,term_start,,term_end,,,,,,,,2004.05.30 ~ 2008.05.29,제17대 한나라당 대구광역시 수성구을,nexgtxtmaamffofof,주호영,41080768,,,False
17,8TR5716Y,1,엄호성,지역구,부산 사하구갑,부산광역시 사하구 갑,,,한나라당,한나라당,친박연대,한나라당,2004-05-30,2008-05-29,general,term_end,term_end,,term_start,,term_end,,,,,,,,2004.05.30 ~ 2008.05.29,제17대 한나라당 부산광역시 사하구갑,nfzegpkvaclgtscxt,엄호성,41080768,,,False
17,9406274S,1,김정부,지역구,경남 마산시합포구,경상남도 마산시 갑,,,한나라당,한나라당,한나라당,한나라당,2004-05-30,2006-05-12,general,disqualified,court_ruling_election_law,선거법 위반으로 의원직 상실 / 의원직 상실,term_start,,confirmed,wikilist+wikiseat,,2006-05-12,,2006-05-12,,,2004.05.30 ~ 2006.05.12,제17대 한나라당 경남 마산시합포구,nfzegpkvaclgtscxt,김정부,41080768,41820105,,False
17,95C2897K,1,김홍업,지역구,"전남 무안군,신안군",전라남도 무안군·신안군,,,민주당,민주당2000,무소속,민주당,2007-04-26,2008-05-29,by_election,term_end,term_end,,confirmed_pollday_plus1,wikilist=2007-04-25; wikiseat=2007-04-25,term_end,,2007-04-25,,2007-04-25,,,,2007.04.26 ~ 2008.05.29,"제17대 민주당 전남 무안군,신안군",nfzegpkvaclgtscxt,김홍업,41080768,41820105,,False
17,99J1216Q,1,공성진,지역구,서울 강남구을,서울특별시 강남구 을,,,한나라당,한나라당,한나라당,한나라당,2004-05-30,2008-05-29,general,term_end,term_end,,term_start,,term_end,,,,,,,,2004.05.30 ~ 2008.05.29,제17대 한나라당 서울특별시 강남구을,nfzegpkvaclgtscxt,공성진,41080768,,,False
17,9A03059M,1,고진화,지역구,서울 영등포구갑,서울특별시 영등포구 갑,,,한나라당,한나라당,무소속,한나라당,2004-05-30,2008-05-29,general,term_end,term_end,,term_start,,term_end,,,,,,,,2004.05.30 ~ 2008.05.29,제17대 한나라당 서울특별시 영등포구갑,nfzegpkvaclgtscxt,고진화,41080768,,,False
17,9BE5694R,1,유승희,비례대표,비례대표,,열린우리당,21,열린우리당,열린우리당,통합민주당,열린우리당,2004-05-30,2008-05-29,general,term_end,term_end,,term_start,,term_end,,,,,,,,2004.05.30 ~ 2008.05.29,제17대 열린우리당 비례대표,nfzegpkvaclgtscxt,유승희,41080768,,,False
17,9XB6464U,1,김현미,비례대표,비례대표,,열린우리당,11,열린우리당,열린우리당,통합민주당,열린우리당,2004-05-30,2008-05-29,general,term_end,term_end,,term_start,,term_end,,,,,,,,2004.05.30 ~ 2008.05.29,제17대 열린우리당 비례대표,nfzegpkvaclgtscxt,김현미 (정치인),41080768,,,False
17,9ZP9014Q,1,이해찬,지역구,서울 관악구을,서울특별시 관악구 을,,,열린우리당,열린우리당,무소속,열린우리당,2004-05-30,2008-05-29,general,term_end,term_end,,term_start,,term_end,,,,,,,,2004.05.30 ~ 2008.05.29,제17대 열린우리당 서울특별시 관악구을,nfzegpkvaclgtscxt,이해찬,41080768,,,False
17,A9233564,1,김희선,지역구,서울 동대문구갑,서울특별시 동대문구 갑,,,열린우리당,열린우리당,통합민주당,열린우리당,2004-05-30,2008-05-29,general,term_end,term_end,,term_start,,term_end,,,,,,,,2004.05.30 ~ 2008.05.29,제17대 열린우리당 서울특별시 동대문구갑,nfzegpkvaclgtscxt,김희선 (정치인),41080768,,,False
17,AB85417F,1,김송자,비례대표,비례대표,,새천년민주당,5,민주당,민주당2000,통합민주당,민주당,2006-09-29,2008-05-29,succession_pr,term_end,term_end,,api_later_than_wiki,wikilist=2006-09-28; wikiseat=2006-09-28,term_end,,2006-09-28,,2006-09-28,,,,2006.09.29 ~ 2008.05.29,제17대 민주당 비례대표,nfzegpkvaclgtscxt,김송자,41080768,41820105,,False
17,ACS7139Z,1,안상수,지역구,"경기 의왕,과천시",경기도 의왕시·과천시,,,한나라당,한나라당,한나라당,한나라당,2004-05-30,2008-05-29,general,term_end,term_end,,term_start,,term_end,,,,,,,,2004.05.30 ~ 2008.05.29,"제17대 한나라당 경기 의왕,과천시",nfzegpkvaclgtscxt,안상수 (창원 출신 정치인),41080768,,,False
17,AEF95742,1,유재건,지역구,서울 성북구갑,서울특별시 성북구 갑,,,열린우리당,열린우리당,무소속,열린우리당,2004-05-30,2008-05-29,general,term_end,term_end,,term_start,,term_end,,,,,,,,2004.05.30 ~ 2008.05.29,제17대 열린우리당 서울특별시 성북구갑,nfzegpkvaclgtscxt,유재건,41080768,,,False
17,AFM9947E,1,김종률,지역구,"충북 진천,괴산,음성군",충청북도 증평군·진천군·괴산군·음성군,,,열린우리당,열린우리당,통합민주당,열린우리당,2004-05-30,2008-05-29,general,term_end,term_end,,term_start,,term_end,,,,,,,,2004.05.30 ~ 2008.05.29,"제17대 열린우리당 충북 진천,괴산,음성군",nfzegpkvaclgtscxt,김종률,41080768,,,False
17,AI14411Y,1,심재엽,지역구,강원 강릉시,강원도 강릉시,,,한나라당,한나라당,한나라당,한나라당,2004-05-30,2008-05-29,general,term_end,term_end,,term_start,,term_end,,,,,,,,2004.05.30 ~ 2008.05.29,제17대 한나라당 강원도 강릉시,nfzegpkvaclgtscxt,심재엽,41080768,,,False
17,AKX56559,1,조일현,지역구,"강원 홍천,횡성군",강원도 홍천군·횡성군,,,열린우리당,열린우리당,통합민주당,열린우리당,2004-05-30,2008-05-29,general,term_end,term_end,,term_start,,term_end,,,,,,,,2004.05.30 ~ 2008.05.29,"제17대 열린우리당 강원도 홍천,횡성군",nfzegpkvaclgtscxt,조일현,41080768,41820105,,False
17,ARF1960L,1,현애자,비례대표,비례대표,,민주노동당,7,민주노동당,민주노동당,민주노동당,민주노동당,2004-05-30,2008-05-29,general,term_end,term_end,,term_start,,term_end,,,,,,,,2004.05.30 ~ 2008.05.29,제17대 민주노동당 비례대표,nfzegpkvaclgtscxt,현애자,41080768,,,False
17,AUU8827S,1,정형근,지역구,"부산 북,강서구갑",부산광역시 북구·강서구 갑,,,한나라당,한나라당,한나라당,한나라당,2004-05-30,2008-05-29,general,term_end,term_end,,term_start,,term_end,,,,,,,,2004.05.30 ~ 2008.05.29,"제17대 한나라당 부산 북,강서구갑",nfzegpkvaclgtscxt,정형근,41080768,,,False
17,AV73550N,1,이상배,지역구,경북 상주시,경상북도 상주시,,,한나라당,한나라당,한나라당,한나라당,2004-05-30,2008-05-29,general,term_end,term_end,,term_start,,term_end,,,,,,,,2004.05.30 ~ 2008.05.29,제17대 한나라당 경상북도 상주시,nfzegpkvaclgtscxt,이상배 (1939년),41080768,,,False
17,B9410875,1,이영순,비례대표,비례대표,,민주노동당,3,민주노동당,민주노동당,민주노동당,민주노동당,2004-05-30,2008-05-29,general,term_end,term_end,,term_start,,term_end,,,,,,,,2004.05.30 ~ 2008.05.29,제17대 민주노동당 비례대표,nfzegpkvaclgtscxt,이영순 (1962년),41080768,,,False
17,BEH5300E,1,이계경,비례대표,비례대표,,한나라당,9,한나라당,한나라당,한나라당,한나라당,2004-05-30,2008-05-29,general,term_end,term_end,,term_start,,term_end,,,,,,,,2004.05.30 ~ 2008.05.29,제17대 한나라당 비례대표,nfzegpkvaclgtscxt,이계경,41080768,,,False
17,BLC8630L,1,박병석,지역구,대전 서구갑,대전광역시 서구 갑,,,열린우리당,열린우리당,통합민주당,열린우리당,2004-05-30,2008-05-29,general,term_end,term_end,,term_start,,term_end,,,,,,,,2004.05.30 ~ 2008.05.29,제17대 열린우리당 대전광역시 서구갑,nfzegpkvaclgtscxt,박병석,41080768,,,False
17,BPZ8472N,1,이원복,지역구,인천 남동구을,인천광역시 남동구 을,,,한나라당,한나라당,무소속,한나라당,2006-10-25,2008-05-29,by_election,term_end,term_end,,confirmed,wikiseat,term_end,,2005-10-25,,2006-10-25,,,,2006.10.25 ~ 2008.05.29,제17대 한나라당 인천 남동구을,nfzegpkvaclgtscxt,이원복 (정치인),41080768,41820105,,False
17,BU250813,1,이계안,지역구,서울 동작구을,서울특별시 동작구 을,,,열린우리당,열린우리당,통합민주당,열린우리당,2004-05-30,2008-05-29,general,term_end,term_end,,term_start,,term_end,,,,,,,,2004.05.30 ~ 2008.05.29,제17대 열린우리당 서울특별시 동작구을,nfzegpkvaclgtscxt,이계안,41080768,,,False
17,BVE2865R,1,김명주,지역구,"경남 통영시,고성군",경상남도 통영시·고성군,,,한나라당,한나라당,무소속,한나라당,2004-05-30,2008-05-29,general,term_end,term_end,,term_start,,term_end,,,,,,,,2004.05.30 ~ 2008.05.29,"제17대 한나라당 경상남도 통영시,고성군",nfzegpkvaclgtscxt,김명주 (1967년),41080768,,,False
17,C687242Z,1,안명옥,비례대표,비례대표,,한나라당,19,한나라당,한나라당,한나라당,한나라당,2004-05-30,2008-05-29,general,term_end,term_end,,term_start,,term_end,,,,,,,,2004.05.30 ~ 2008.05.29,제17대 한나라당 비례대표,nfzegpkvaclgtscxt,안명옥 (1954년),41080768,,,False
17,CAL85655,1,유기준,지역구,부산 서구,부산광역시 서구,,,한나라당,한나라당,무소속,한나라당,2004-05-30,2008-05-29,general,term_end,term_end,,term_start,,term_end,,,,,,,,2004.05.30 ~ 2008.05.29,제17대 한나라당 부산광역시 서구,nfzegpkvaclgtscxt,유기준 (1959년),41080768,,,False
17,CJ73668M,1,김석준,지역구,대구 달서구병,대구광역시 달서구 병,,,한나라당,한나라당,한나라당,한나라당,2004-05-30,2008-05-29,general,term_end,term_end,,term_start,,term_end,,,,,,,,2004.05.30 ~ 2008.05.29,제17대 한나라당 대구 달서구병,nfzegpkvaclgtscxt,김석준 (1952년),41080768,,,False
17,CNP7535A,1,이상열,지역구,전남 목포시,전라남도 목포시,,,새천년민주당,새천년민주당,무소속,새천년민주당,2004-05-30,2008-05-29,general,term_end,term_end,,term_start,,term_end,,,,,,,,2004.05.30 ~ 2008.05.29,제17대 새천년민주당 전라남도 목포시,nfzegpkvaclgtscxt,이상열 (1952년),41080768,,,False
17,CPX9210C,1,박찬숙,비례대표,비례대표,,한나라당,3,한나라당,한나라당,한나라당,한나라당,2004-05-30,2008-05-29,general,term_end,term_end,,term_start,,term_end,,,,,,,,2004.05.30 ~ 2008.05.29,제17대 한나라당 비례대표,nfzegpkvaclgtscxt,박찬숙 (정치인),41080768,,,False
17,CSB26402,1,고조흥,지역구,"경기 연천군,포천군",경기도 포천시·연천군,,,한나라당,한나라당,한나라당,한나라당,2005-05-01,2008-05-29,by_election,term_end,term_end,,confirmed_pollday_plus1,wikilist=2005-04-30; wikiseat=2005-04-30,term_end,,2005-04-30,,2005-04-30,,,,2005.05.01 ~ 2008.05.29,"제17대 한나라당 경기 연천군,포천군",nfzegpkvaclgtscxt,고조흥,41080768,41820105,,False
17,CT85313K,1,서병수,지역구,부산 해운대구 기장군갑,부산광역시 해운대구·기장군 갑,,,한나라당,한나라당,한나라당,한나라당,2004-05-30,2008-05-29,general,term_end,term_end,,term_start,,term_end,,,,,,,,2004.05.30 ~ 2008.05.29,제17대 한나라당 부산광역시 해운대구 기장군갑,nfzegpkvaclgtscxt,서병수,41080768,,,False
17,CYD5815E,1,정갑윤,지역구,울산 중구,울산광역시 중구,,,한나라당,한나라당,한나라당,한나라당,2004-05-30,2008-05-29,general,term_end,term_end,,term_start,,term_end,,,,,,,,2004.05.30 ~ 2008.05.29,제17대 한나라당 울산광역시 중구,nfzegpkvaclgtscxt,정갑윤,41080768,,,False
17,D019409S,1,서혜석,비례대표,비례대표,,열린우리당,25,열린우리당,열린우리당,통합민주당,열린우리당,2005-01-11,2008-05-29,succession_pr,term_end,term_end,,api_later_than_wiki,wikilist=2005-01-06; wikiseat=2005-01-06,term_end,,2005-01-06,,2005-01-06,,,,2005.01.11 ~ 2008.05.29,제17대 열린우리당 비례대표,nfzegpkvaclgtscxt,서혜석,41080768,41820105,,False
17,D0K32445,1,이계진,지역구,강원 원주시,강원도 원주시,,,한나라당,한나라당,한나라당,한나라당,2004-05-30,2008-05-29,general,term_end,term_end,,term_start,,term_end,,,,,,,,2004.05.30 ~ 2008.05.29,제17대 한나라당 강원도 원주시,nfzegpkvaclgtscxt,이계진,41080768,,,False
17,D7L1937J,1,이병석,지역구,경북 포항시북구,경상북도 포항시 북구,,,한나라당,한나라당,한나라당,한나라당,2004-05-30,2008-05-29,general,term_end,term_end,,term_start,,term_end,,,,,,,,2004.05.30 ~ 2008.05.29,제17대 한나라당 경상북도 포항시북구,nfzegpkvaclgtscxt,이병석 (1952년),41080768,,,False
17,D9R93445,1,이진구,지역구,충남 아산시,충청남도 아산시,,,한나라당,한나라당,한나라당,한나라당,2005-04-30,2008-05-29,by_election,term_end,term_end,,confirmed,wikilist+wikiseat,term_end,,2005-04-30,,2005-04-30,,,,2005.04.30 ~ 2008.05.29,제17대 한나라당 충남 아산시,nfzegpkvaclgtscxt,이진구 (1940년),41080768,41820105,,False
17,DCN7433W,1,정세균,지역구,"전북 진안,무주,장수군,임실군",전라북도 진안군·무주군·장수군·임실군,,,열린우리당,열린우리당,통합민주당,열린우리당,2004-05-30,2008-05-29,general,term_end,term_end,,term_start,,term_end,,,,,,,,2004.05.30 ~ 2008.05.29,"제17대 열린우리당 전북 진안,무주,장수군,임실군",nfzegpkvaclgtscxt,정세균,41080768,,,False
17,DCR84445,1,김동철,지역구,광주 광산구,광주광역시 광산구,,,열린우리당,열린우리당,통합민주당,열린우리당,2004-05-30,2008-05-29,general,term_end,term_end,,term_start,,term_end,,,,,,,,2004.05.30 ~ 2008.05.29,제17대 열린우리당 광주광역시 광산구,nfzegpkvaclgtscxt,김동철 (1955년생 정치인),41080768,,,False
17,DGA8069B,1,최구식,지역구,경남 진주시,경상남도 진주시 갑,,,한나라당,한나라당,무소속,한나라당,2004-05-30,2008-05-29,general,term_end,term_end,,term_start,,term_end,,,,,,,,2004.05.30 ~ 2008.05.29,제17대 한나라당 경상남도 진주시,nfzegpkvaclgtscxt,최구식,41080768,,,False
17,DTO5670Y,1,정의용,비례대표,비례대표,,열린우리당,10,열린우리당,열린우리당,통합민주당,열린우리당,2004-05-30,2008-05-29,general,term_end,term_end,,term_start,,term_end,,,,,,,,2004.05.30 ~ 2008.05.29,제17대 열린우리당 비례대표,nfzegpkvaclgtscxt,정의용,41080768,,,False
17,DYN10119,1,김성조,지역구,경북 구미시,경상북도 구미시 갑,,,한나라당,한나라당,한나라당,한나라당,2004-05-30,2008-05-29,general,term_end,term_end,,term_start,,term_end,,,,,,,,2004.05.30 ~ 2008.05.29,제17대 한나라당 경북 구미시,nfzegpkvaclgtscxt,김성조,41080768,,,False
17,E2O7996B,1,신기남,지역구,서울 강서구갑,서울특별시 강서구 갑,,,열린우리당,열린우리당,통합민주당,열린우리당,2004-05-30,2008-05-29,general,term_end,term_end,,term_start,,term_end,,,,,,,,2004.05.30 ~ 2008.05.29,제17대 열린우리당 서울특별시 강서구갑,nfzegpkvaclgtscxt,신기남,41080768,,,False
17,E5N8503B,1,김종인,비례대표,비례대표,,새천년민주당,2,새천년민주당,새천년민주당,통합민주당,새천년민주당,2004-05-30,2008-05-29,general,term_end,term_end,,term_start,,term_end,,,,,,,,2004.05.30 ~ 2008.05.29,제17대 새천년민주당 비례대표,nfzegpkvaclgtscxt,김종인,41080768,,,False
17,E6S86397,1,박승환,지역구,부산 금정구,부산광역시 금정구,,,한나라당,한나라당,한나라당,한나라당,2004-05-30,2008-05-29,general,term_end,term_end,,term_start,,term_end,,,,,,,,2004.05.30 ~ 2008.05.29,제17대 한나라당 부산광역시 금정구,nfzegpkvaclgtscxt,박승환 (1957년),41080768,,,False
17,EBU8493R,1,이미경,지역구,서울 은평구갑,서울특별시 은평구 갑,,,열린우리당,열린우리당,통합민주당,열린우리당,2004-05-30,2008-05-29,general,term_end,term_end,,term_start,,term_end,,,,,,,,2004.05.30 ~ 2008.05.29,제17대 열린우리당 서울특별시 은평구갑,nfzegpkvaclgtscxt,이미경 (1950년),41080768,,,False
17,EI023764,1,남경필,지역구,경기 수원시팔달구,경기도 수원시 팔달구,,,한나라당,한나라당,한나라당,한나라당,2004-05-30,2008-05-29,general,term_end,term_end,,term_start,,term_end,,,,,,,,2004.05.30 ~ 2008.05.29,제17대 한나라당 경기도 수원시팔달구,nfzegpkvaclgtscxt,남경필,41080768,,,False
17,EIV1009T,1,정두언,지역구,서울 서대문구을,서울특별시 서대문구 을,,,한나라당,한나라당,한나라당,한나라당,2004-05-30,2008-05-29,general,term_end,term_end,,term_start,,term_end,,,,,,,,2004.05.30 ~ 2008.05.29,제17대 한나라당 서울특별시 서대문구을,nfzegpkvaclgtscxt,정두언,41080768,,,False
17,EWR39555,1,주성영,지역구,대구 동구갑,대구광역시 동구 갑,,,한나라당,한나라당,한나라당,한나라당,2004-05-30,2008-05-29,general,term_end,term_end,,term_start,,term_end,,,,,,,,2004.05.30 ~ 2008.05.29,제17대 한나라당 대구 동구갑,nfzegpkvaclgtscxt,주성영,41080768,,,False
17,F0P9129B,1,이원영,지역구,경기 광명시갑,경기도 광명시 갑,,,열린우리당,열린우리당,통합민주당,열린우리당,2004-05-30,2008-05-29,general,term_end,term_end,,term_start,,term_end,,,,,,,,2004.05.30 ~ 2008.05.29,제17대 열린우리당 경기 광명시갑,nfzegpkvaclgtscxt,이원영 (1954년),41080768,,,False
17,F1M3009R,1,김형주,지역구,서울 광진구을,서울특별시 광진구 을,,,열린우리당,열린우리당,통합민주당,열린우리당,2004-05-30,2008-05-29,general,term_end,term_end,,term_start,,term_end,,,,,,,,2004.05.30 ~ 2008.05.29,제17대 열린우리당 서울특별시 광진구을,nfzegpkvaclgtscxt,김형주 (정치인),41080768,,,False
17,F5E4993M,1,이은영,비례대표,비례대표,,열린우리당,17,열린우리당,열린우리당,통합민주당,열린우리당,2004-05-30,2008-05-29,general,term_end,term_end,,term_start,,term_end,,,,,,,,2004.05.30 ~ 2008.05.29,제17대 열린우리당 비례대표,nfzegpkvaclgtscxt,이은영 (1952년),41080768,,,False
17,F7R8891K,1,박찬석,비례대표,비례대표,,열린우리당,6,열린우리당,열린우리당,통합민주당,열린우리당,2004-05-30,2008-05-29,general,term_end,term_end,,term_start,,term_end,,,,,,,,2004.05.30 ~ 2008.05.29,제17대 열린우리당 비례대표,nfzegpkvaclgtscxt,박찬석,41080768,,,False
17,FEQ4857T,1,이승희,비례대표,비례대표,,새천년민주당,3,새천년민주당,새천년민주당,통합민주당,새천년민주당,2004-05-30,2008-05-29,general,term_end,term_end,,term_start,,term_end,,,,,,,,2004.05.30 ~ 2008.05.29,제17대 새천년민주당 비례대표,nfzegpkvaclgtscxt,이승희 (1956년),41080768,,,False
17,FGX4881A,1,심재철,지역구,경기 안양시동안구을,경기도 안양시 동안구 을,,,한나라당,한나라당,한나라당,한나라당,2004-05-30,2008-05-29,general,term_end,term_end,,term_start,,term_end,,,,,,,,2004.05.30 ~ 2008.05.29,제17대 한나라당 경기 안양시동안구을,nfzegpkvaclgtscxt,심재철 (정치인),41080768,,,False
17,FJ03481D,1,최경환,지역구,"경북 경산시,청도군",경상북도 경산시·청도군,,,한나라당,한나라당,한나라당,한나라당,2004-05-30,2008-05-29,general,term_end,term_end,,term_start,,term_end,,,,,,,,2004.05.30 ~ 2008.05.29,"제17대 한나라당 경상북도 경산시,청도군",nfzegpkvaclgtscxt,최경환 (1955년),41080768,,,False
17,FOH4263F,1,정덕구,비례대표,비례대표,,열린우리당,16,열린우리당,열린우리당,열린우리당,열린우리당,2004-05-30,2007-02-01,general,resigned,resigned_other,정덕구 의원직 사퇴 / 의원직 사퇴,term_start,,confirmed,wikilist+wikiseat+nabill,,2007-02-01,,2007-02-01,2007-02-01,PRC_L0Q7F0I2N0I1Z1Q8U1P3O0N0G6A8I5,2004.05.30 ~ 2007.02.01,제17대 열린우리당 비례대표,nfzegpkvaclgtscxt,정덕구,41080768,41820105,,False
17,FP331081,1,이기우,지역구,경기 수원시권선구,경기도 수원시 권선구,,,열린우리당,열린우리당,통합민주당,열린우리당,2004-05-30,2008-05-29,general,term_end,term_end,,term_start,,term_end,,,,,,,,2004.05.30 ~ 2008.05.29,제17대 열린우리당 경기도 수원시권선구,nfzegpkvaclgtscxt,이기우 (1966년),41080768,,,False
17,FPX1564S,1,안홍준,지역구,경남 마산시회원구,경상남도 마산시 을,,,한나라당,한나라당,한나라당,한나라당,2004-05-30,2008-05-29,general,term_end,term_end,,term_start,,term_end,,,,,,,,2004.05.30 ~ 2008.05.29,제17대 한나라당 경남 마산시회원구,nfzegpkvaclgtscxt,안홍준,41080768,,,False
17,FSN5613H,1,박희태,지역구,"경남 남해,하동군",경상남도 남해군·하동군,,,한나라당,한나라당,한나라당,한나라당,2004-05-30,2008-05-29,general,term_end,term_end,,term_start,,term_end,,,,,,,,2004.05.30 ~ 2008.05.29,"제17대 한나라당 경상남도 남해,하동군",nfzegpkvaclgtscxt,박희태,41080768,,,False
17,G523339H,1,심재덕,지역구,경기 수원시장안구,경기도 수원시 장안구,,,열린우리당,열린우리당,무소속,열린우리당,2004-05-30,2008-05-29,general,term_end,term_end,,term_start,,term_end,,,,,,,,2004.05.30 ~ 2008.05.29,제17대 열린우리당 경기도 수원시장안구,nfzegpkvaclgtscxt,심재덕,41080768,,,False
17,G756492A,1,김재홍,비례대표,비례대표,,열린우리당,24,열린우리당,열린우리당,통합민주당,열린우리당,2004-05-30,2008-05-29,general,term_end,term_end,,term_start,,term_end,,,,,,,,2004.05.30 ~ 2008.05.29,제17대 열린우리당 비례대표,nfzegpkvaclgtscxt,김재홍 (1950년),41080768,,,False
17,G7D4763A,1,장영달,지역구,전북 전주시완산구갑,전라북도 전주시 완산구 갑,,,열린우리당,열린우리당,통합민주당,열린우리당,2004-05-30,2008-05-29,general,term_end,term_end,,term_start,,term_end,,,,,,,,2004.05.30 ~ 2008.05.29,제17대 열린우리당 전북 전주시완산구갑,nfzegpkvaclgtscxt,장영달,41080768,,,False
17,GCA42857,1,주승용,지역구,전남 여수시을,전라남도 여수시 을,,,열린우리당,열린우리당,통합민주당,열린우리당,2004-05-30,2008-05-29,general,term_end,term_end,,term_start,,term_end,,,,,,,,2004.05.30 ~ 2008.05.29,제17대 열린우리당 전남 여수시을,nfzegpkvaclgtscxt,주승용,41080768,41820105,,False
17,GD131760,1,홍문표,지역구,충남 예산군,충청남도 홍성군·예산군,,,한나라당,한나라당,한나라당,한나라당,2004-05-30,2008-05-29,general,term_end,term_end,,term_start,,term_end,,,,,,,,2004.05.30 ~ 2008.05.29,제17대 한나라당 충남 예산군,nfzegpkvaclgtscxt,홍문표,41080768,,,False
17,GFO6700V,1,우제창,지역구,경기 용인시갑,경기도 용인시 갑,,,열린우리당,열린우리당,통합민주당,열린우리당,2004-05-30,2008-05-29,general,term_end,term_end,,term_start,,term_end,,,,,,,,2004.05.30 ~ 2008.05.29,제17대 열린우리당 경기도 용인시갑,nfzegpkvaclgtscxt,우제창,41080768,41820105,,False
17,GJ56729D,1,복기왕,지역구,충남 아산시,충청남도 아산시,,,열린우리당,열린우리당,열린우리당,열린우리당,2004-05-30,2005-03-10,general,disqualified,court_ruling_election_law,선거법 위반 혐의로 의원직 상실 / 의원직 상실,term_start,,confirmed,wikilist+wikiseat,,2005-03-10,,2005-03-10,,,2004.05.30 ~ 2005.03.10,제17대 열린우리당 충청남도 아산시,nexgtxtmaamffofof,복기왕,41080768,41820105,,False
17,GKV4796M,1,정장선,지역구,경기 평택시을,경기도 평택시 을,,,열린우리당,열린우리당,통합민주당,열린우리당,2004-05-30,2008-05-29,general,term_end,term_end,,term_start,,term_end,,,,,,,,2004.05.30 ~ 2008.05.29,제17대 열린우리당 경기 평택시을,nfzegpkvaclgtscxt,정장선,41080768,,,False
17,GMK1374L,1,이석현,지역구,경기 안양시동안구,경기도 안양시 동안구 갑,,,열린우리당,열린우리당,통합민주당,열린우리당,2004-05-30,2008-05-29,general,term_end,term_end,,term_start,,term_end,,,,,,,,2004.05.30 ~ 2008.05.29,제17대 열린우리당 경기 안양시동안구,nfzegpkvaclgtscxt,이석현 (1951년),41080768,,,False
17,GN240959,1,노회찬,비례대표,비례대표,,민주노동당,8,민주노동당,민주노동당,민주노동당,민주노동당,2004-05-30,2008-03-07,general,disqualified,pr_seat_lost_on_leaving_party,탈당으로 의원직 상실 / 의원직 상실,term_start,,api_later_than_wiki,wikilist=2008-02-20; wikiseat=2008-02-14,,2008-02-20,,2008-02-14,,,2004.05.30 ~ 2008.03.07,제17대 민주노동당 비례대표,nfzegpkvaclgtscxt,노회찬,41080768,41820105,,False
17,GYW4323N,1,홍창선,비례대표,비례대표,,열린우리당,2,열린우리당,열린우리당,통합민주당,열린우리당,2004-05-30,2008-05-29,general,term_end,term_end,,term_start,,term_end,,,,,,,,2004.05.30 ~ 2008.05.29,제17대 열린우리당 비례대표,nfzegpkvaclgtscxt,홍창선,41080768,,,False
17,H059875B,1,단병호,비례대표,비례대표,,민주노동당,2,민주노동당,민주노동당,민주노동당,민주노동당,2004-05-30,2008-03-20,general,disqualified,pr_seat_lost_on_leaving_party,탈당으로 의원직 상실 / 의원직 상실,term_start,,api_later_than_wiki,wikilist=2008-02-20; wikiseat=2008-02-20,,2008-02-20,,2008-02-20,,,2004.05.30 ~ 2008.03.20,제17대 민주노동당 비례대표,nfzegpkvaclgtscxt,단병호,41080768,41820105,,False
17,H0G8409H,1,김충환,지역구,서울 강동구갑,서울특별시 강동구 갑,,,한나라당,한나라당,한나라당,한나라당,2004-05-30,2008-05-29,general,term_end,term_end,,term_start,,term_end,,,,,,,,2004.05.30 ~ 2008.05.29,제17대 한나라당 서울특별시 강동구갑,nfzegpkvaclgtscxt,김충환 (1954년생 정치인),41080768,,,False
17,H2X6452Y,1,김용갑,지역구,"경남 밀양시,창녕군",경상남도 밀양시·창녕군,,,한나라당,한나라당,한나라당,한나라당,2004-05-30,2008-05-29,general,term_end,term_end,,term_start,,term_end,,,,,,,,2004.05.30 ~ 2008.05.29,"제17대 한나라당 경상남도 밀양시,창녕군",nfzegpkvaclgtscxt,김용갑 (1936년),41080768,,,False
17,H5476989,1,한병도,지역구,전북 익산시,전라북도 익산시 갑,,,열린우리당,열린우리당,통합민주당,열린우리당,2004-05-30,2008-05-29,general,term_end,term_end,,term_start,,term_end,,,,,,,,2004.05.30 ~ 2008.05.29,제17대 열린우리당 전북 익산시,nexgtxtmaamffofof,한병도,41080768,,,False
17,H6577987,1,이경재,지역구,인천 서구강화군을,인천광역시 서구·강화군 을,,,한나라당,한나라당,무소속,한나라당,2004-05-30,2008-05-29,general,term_end,term_end,,term_start,,term_end,,,,,,,,2004.05.30 ~ 2008.05.29,제17대 한나라당 인천광역시 서구강화군을,nfzegpkvaclgtscxt,이경재 (1941년),41080768,,,False
17,HGU6642R,1,곽성문,지역구,"대구 중구,남구",대구광역시 중구·남구,,,한나라당,한나라당,자유선진당,한나라당,2004-05-30,2008-05-29,general,term_end,term_end,,term_start,,term_end,,,,,,,,2004.05.30 ~ 2008.05.29,"제17대 한나라당 대구 중구,남구",nfzegpkvaclgtscxt,곽성문,41080768,,,False
17,HJI9845B,1,이인제,지역구,"충남 논산시,계룡시,금산군",충청남도 논산시·계룡시·금산군,,,자유민주연합,자유민주연합,무소속,자유민주연합,2004-05-30,2008-05-29,general,term_end,term_end,,term_start,,term_end,,,,,,,,2004.05.30 ~ 2008.05.29,"제17대 자유민주연합 충남 논산시,계룡시,금산군",nfzegpkvaclgtscxt,이인제,41080768,,,False
17,HQZ6238Q,1,이성구,비례대표,비례대표,,한나라당,22,한나라당,한나라당,한나라당,한나라당,2005-03-29,2008-05-29,succession_pr,term_end,term_end,,api_later_than_wiki,wikilist=2005-03-23; wikiseat=2005-03-23,term_end,,2005-03-23,,2005-03-23,,,,2005.03.29 ~ 2008.05.29,제17대 한나라당 비례대표,nfzegpkvaclgtscxt,이성구 (1942년),41080768,41820105,,False
17,HRG9655C,1,김희정,지역구,부산 연제구,부산광역시 연제구,,,한나라당,한나라당,한나라당,한나라당,2004-05-30,2008-05-29,general,term_end,term_end,,term_start,,term_end,,,,,,,,2004.05.30 ~ 2008.05.29,제17대 한나라당 부산광역시 연제구,nexgtxtmaamffofof,김희정 (1971년),41080768,,,False
17,I4W1829R,1,김애실,비례대표,비례대표,,한나라당,1,한나라당,한나라당,한나라당,한나라당,2004-05-30,2008-05-29,general,term_end,term_end,,term_start,,term_end,,,,,,,,2004.05.30 ~ 2008.05.29,제17대 한나라당 비례대표,nfzegpkvaclgtscxt,김애실,41080768,,,False
17,I553607U,1,최순영,비례대표,비례대표,,민주노동당,5,민주노동당,민주노동당,민주노동당,민주노동당,2004-05-30,2008-05-29,general,term_end,term_end,,term_start,,term_end,,,,,,,,2004.05.30 ~ 2008.05.29,제17대 민주노동당 비례대표,nfzegpkvaclgtscxt,최순영 (정치인),41080768,,,False
17,I5T29903,1,김학원,지역구,"충남 부여군,청양군",충청남도 부여군·청양군,,,자유민주연합,자유민주연합,한나라당,자유민주연합,2004-05-30,2008-05-29,general,term_end,term_end,,term_start,,term_end,,,,,,,,2004.05.30 ~ 2008.05.29,"제17대 자유민주연합 충남 부여군,청양군",nfzegpkvaclgtscxt,김학원 (정치인),41080768,,,False
17,IDV9108J,1,진영,지역구,서울 용산구,서울특별시 용산구,,,한나라당,한나라당,한나라당,한나라당,2004-05-30,2008-05-29,general,term_end,term_end,,term_start,,term_end,,,,,,,,2004.05.30 ~ 2008.05.29,제17대 한나라당 서울특별시 용산구,nfzegpkvaclgtscxt,진영 (정치인),41080768,,,False
17,IH33403A,1,안영근,지역구,인천 남구을,인천광역시 남구 을,,,열린우리당,열린우리당,무소속,열린우리당,2004-05-30,2008-05-29,general,term_end,term_end,,term_start,,term_end,,,,,,,,2004.05.30 ~ 2008.05.29,제17대 열린우리당 인천광역시 남구을,nfzegpkvaclgtscxt,안영근,41080768,,,False
17,IN328264,1,조정식,지역구,경기 시흥시을,경기도 시흥시 을,,,열린우리당,열린우리당,통합민주당,열린우리당,2004-05-30,2008-05-29,general,term_end,term_end,,term_start,,term_end,,,,,,,,2004.05.30 ~ 2008.05.29,제17대 열린우리당 경기 시흥시을,nexgtxtmaamffofof,조정식 (정치인),41080768,,,False
17,IU67432G,1,강재섭,지역구,대구 서구,대구광역시 서구,,,한나라당,한나라당,한나라당,한나라당,2004-05-30,2008-05-29,general,term_end,term_end,,term_start,,term_end,,,,,,,,2004.05.30 ~ 2008.05.29,제17대 한나라당 대구광역시 서구,nfzegpkvaclgtscxt,강재섭,41080768,,,False
17,IUR8211H,1,강혜숙,비례대표,비례대표,,열린우리당,15,열린우리당,열린우리당,통합민주당,열린우리당,2004-05-30,2008-05-29,general,term_end,term_end,,term_start,,term_end,,,,,,,,2004.05.30 ~ 2008.05.29,제17대 열린우리당 비례대표,nfzegpkvaclgtscxt,강혜숙,41080768,,,False
17,IWK63872,1,조배숙,지역구,전북 익산시을,전라북도 익산시 을,,,열린우리당,열린우리당,통합민주당,열린우리당,2004-05-30,2008-05-29,general,term_end,term_end,,term_start,,term_end,,,,,,,,2004.05.30 ~ 2008.05.29,제17대 열린우리당 전북 익산시을,nexgtxtmaamffofof,조배숙,41080768,41820105,,False
17,IYD4143Y,1,문희상,지역구,경기 의정부시,경기도 의정부시 갑,,,열린우리당,열린우리당,통합민주당,열린우리당,2004-05-30,2008-05-29,general,term_end,term_end,,term_start,,term_end,,,,,,,,2004.05.30 ~ 2008.05.29,제17대 열린우리당 경기 의정부시,nfzegpkvaclgtscxt,문희상,41080768,,,False
17,JGX8852O,1,고흥길,지역구,경기 성남시분당구갑,경기도 성남시 분당구 갑,,,한나라당,한나라당,한나라당,한나라당,2004-05-30,2008-05-29,general,term_end,term_end,,term_start,,term_end,,,,,,,,2004.05.30 ~ 2008.05.29,제17대 한나라당 경기도 성남시분당구갑,nfzegpkvaclgtscxt,고흥길,41080768,,,False
17,JPE16970,1,박재완,비례대표,비례대표,,한나라당,10,한나라당,한나라당,한나라당,한나라당,2004-05-30,2008-03-01,general,,unknown,,term_start,,single_source,,,,,,,,2004.05.30 ~ 2008.03.01,제17대 한나라당 비례대표,nfzegpkvaclgtscxt,박재완 (1955년),41080768,,,False
17,JR141579,1,정희수,지역구,경북 영천시,경상북도 영천시,,,한나라당,한나라당,한나라당,한나라당,2005-05-01,2008-05-29,by_election,term_end,term_end,,confirmed_pollday_plus1,wikilist=2005-04-30; wikiseat=2005-04-30,term_end,,2005-04-30,,2005-04-30,,,,2005.05.01 ~ 2008.05.29,제17대 한나라당 경북 영천시,nfzegpkvaclgtscxt,정희수,41080768,41820105,,False
17,K2813994,1,김영대,비례대표,비례대표,,열린우리당,27,열린우리당,열린우리당,통합민주당,대통합민주신당,2007-10-15,2008-05-29,succession_pr,term_end,term_end,,confirmed,wikiseat,term_end,,2007-08-13,,2007-10-15,,,,2007.10.15 ~ 2008.05.29,제17대 대통합민주신당 비례대표,nfzegpkvaclgtscxt,김영대 (1960년),41080768,41820105,,False
17,K3672835,1,문학진,지역구,경기 하남시,경기도 하남시,,,열린우리당,열린우리당,통합민주당,열린우리당,2004-05-30,2008-05-29,general,term_end,term_end,,term_start,,term_end,,,,,,,,2004.05.30 ~ 2008.05.29,제17대 열린우리당 경기도 하남시,nfzegpkvaclgtscxt,문학진,41080768,,,False
17,K4669042,1,권철현,지역구,부산 사상구,부산광역시 사상구,,,한나라당,한나라당,한나라당,한나라당,2004-05-30,2008-04-14,general,resigned,resigned_other,,term_start,,confirmed,nabill,,,,,2008-04-14,PRC_X0T8X0W4U1R4Y1B0O5Q0B2F1A0C5R6,2004.05.30 ~ 2008.04.14,제17대 한나라당 부산광역시 사상구,nfzegpkvaclgtscxt,권철현,41080768,,,False
17,K8Q3437F,1,최규식,지역구,서울 강북구을,서울특별시 강북구 을,,,열린우리당,열린우리당,통합민주당,열린우리당,2004-05-30,2008-05-29,general,term_end,term_end,,term_start,,term_end,,,,,,,,2004.05.30 ~ 2008.05.29,제17대 열린우리당 서울특별시 강북구을,nfzegpkvaclgtscxt,최규식 (정치인),41080768,41820105,,False
17,KDB6892X,1,김덕규,지역구,서울 중랑구을,서울특별시 중랑구 을,,,열린우리당,열린우리당,통합민주당,열린우리당,2004-05-30,2008-05-29,general,term_end,term_end,,term_start,,term_end,,,,,,,,2004.05.30 ~ 2008.05.29,제17대 열린우리당 서울특별시 중랑구을,nfzegpkvaclgtscxt,김덕규,41080768,,,False
17,KDL4367Q,1,김학송,지역구,경남 진해시,경상남도 진해시,,,한나라당,한나라당,한나라당,한나라당,2004-05-30,2008-05-29,general,term_end,term_end,,term_start,,term_end,,,,,,,,2004.05.30 ~ 2008.05.29,제17대 한나라당 경상남도 진해시,nfzegpkvaclgtscxt,김학송,41080768,,,False
17,KFP7066Z,1,이호웅,지역구,인천 남동구을,인천광역시 남동구 을,,,열린우리당,열린우리당,열린우리당,열린우리당,2004-05-30,2006-09-14,general,disqualified,court_ruling_election_law,불법 정치자금으로 의원직 상실 / 의원직 상실,term_start,,confirmed,wikilist+wikiseat,,2006-09-14,,2006-09-14,,,2004.05.30 ~ 2006.09.14,제17대 열린우리당 인천광역시 남동구을,nfzegpkvaclgtscxt,이호웅,41080768,41820105,,False
17,KOC6603F,1,김광원,지역구,"경북 봉화,울진군",경상북도 영양군·영덕군·봉화군·울진군,,,한나라당,한나라당,한나라당,한나라당,2004-05-30,2008-05-29,general,term_end,term_end,,term_start,,term_end,,,,,,,,2004.05.30 ~ 2008.05.29,"제17대 한나라당 경상북도 봉화,울진군",nfzegpkvaclgtscxt,김광원,41080768,,,False
17,KXZ3061M,1,이근식,지역구,서울 송파구병,서울특별시 송파구 병,,,열린우리당,열린우리당,무소속,열린우리당,2004-05-30,2008-05-29,general,term_end,term_end,,term_start,,term_end,,,,,,,,2004.05.30 ~ 2008.05.29,제17대 열린우리당 서울특별시 송파구병,nfzegpkvaclgtscxt,이근식 (정치인),41080768,41820105,,False
17,KZA7680N,1,장경수,지역구,경기 안산시상록구갑,경기도 안산시 상록구 갑,,,열린우리당,열린우리당,통합민주당,열린우리당,2004-05-30,2008-05-29,general,term_end,term_end,,term_start,,term_end,,,,,,,,2004.05.30 ~ 2008.05.29,제17대 열린우리당 경기 안산시상록구갑,nfzegpkvaclgtscxt,장경수 (1959년),41080768,41820105,,False
17,L3X8851C,1,최인기,지역구,전남 나주시,전라남도 나주시·화순군,,,무소속,무소속,통합민주당,무소속,2004-05-30,2008-05-29,general,term_end,term_end,,term_start,,term_end,,,,,,,,2004.05.30 ~ 2008.05.29,제17대 무소속 전남 나주시,nfzegpkvaclgtscxt,최인기,41080768,,,False
17,L4F3519L,1,한광원,지역구,"인천 중,동구,옹진군",인천광역시 중구·동구·옹진군,,,열린우리당,열린우리당,통합민주당,열린우리당,2004-05-30,2008-05-29,general,term_end,term_end,,term_start,,term_end,,,,,,,,2004.05.30 ~ 2008.05.29,"제17대 열린우리당 인천광역시 중,동구,옹진군",nfzegpkvaclgtscxt,한광원,41080768,,,False
17,L808164D,1,조성래,비례대표,비례대표,,열린우리당,14,열린우리당,열린우리당,통합민주당,열린우리당,2004-05-30,2008-05-29,general,term_end,term_end,,term_start,,term_end,,,,,,,,2004.05.30 ~ 2008.05.29,제17대 열린우리당 비례대표,nfzegpkvaclgtscxt,조성래,41080768,,,False
17,LBC8144B,1,김영선,지역구,경기 고양시일산구을,경기도 고양시 일산구 을,,,한나라당,한나라당,한나라당,한나라당,2004-05-30,2008-05-29,general,term_end,term_end,,term_start,,term_end,,,,,,,,2004.05.30 ~ 2008.05.29,제17대 한나라당 경기도 고양시일산구을,nfzegpkvaclgtscxt,김영선 (1960년),41080768,,,False
17,LCJ77278,1,이혜훈,지역구,서울 서초구갑,서울특별시 서초구 갑,,,한나라당,한나라당,한나라당,한나라당,2004-05-30,2008-05-29,general,term_end,term_end,,term_start,,term_end,,,,,,,,2004.05.30 ~ 2008.05.29,제17대 한나라당 서울특별시 서초구갑,nfzegpkvaclgtscxt,이혜훈,41080768,,,False
17,LG63087O,1,권영세,지역구,서울 영등포구을,서울특별시 영등포구 을,,,한나라당,한나라당,한나라당,한나라당,2004-05-30,2008-05-29,general,term_end,term_end,,term_start,,term_end,,,,,,,,2004.05.30 ~ 2008.05.29,제17대 한나라당 서울특별시 영등포구을,nexgtxtmaamffofof,권영세 (1959년),41080768,,,False
17,LLT3669K,1,김영숙,비례대표,비례대표,,한나라당,13,한나라당,한나라당,한나라당,한나라당,2004-05-30,2008-05-29,general,term_end,term_end,,term_start,,term_end,,,,,,,,2004.05.30 ~ 2008.05.29,제17대 한나라당 비례대표,nfzegpkvaclgtscxt,김영숙 (1943년),41080768,,,False
17,M0A1658U,1,윤호중,지역구,경기 구리시,경기도 구리시,,,열린우리당,열린우리당,통합민주당,열린우리당,2004-05-30,2008-05-29,general,term_end,term_end,,term_start,,term_end,,,,,,,,2004.05.30 ~ 2008.05.29,제17대 열린우리당 경기도 구리시,nexgtxtmaamffofof,윤호중,41080768,,,False
17,M3Z17237,1,김재경,지역구,경남 진주시을,경상남도 진주시 을,,,한나라당,한나라당,한나라당,한나라당,2004-05-30,2008-05-29,general,term_end,term_end,,term_start,,term_end,,,,,,,,2004.05.30 ~ 2008.05.29,제17대 한나라당 경남 진주시을,nfzegpkvaclgtscxt,김재경 (1961년),41080768,,,False
17,MFX9451F,1,이경숙,비례대표,비례대표,,열린우리당,5,열린우리당,열린우리당,통합민주당,열린우리당,2004-05-30,2008-05-29,general,term_end,term_end,,term_start,,term_end,,,,,,,,2004.05.30 ~ 2008.05.29,제17대 열린우리당 비례대표,nfzegpkvaclgtscxt,이경숙 (1953년),41080768,,,False
17,MO52543L,1,변재일,지역구,충북 청원군,충청북도 청원군,,,열린우리당,열린우리당,통합민주당,열린우리당,2004-05-30,2008-05-29,general,term_end,term_end,,term_start,,term_end,,,,,,,,2004.05.30 ~ 2008.05.29,제17대 열린우리당 충청북도 청원군,nfzegpkvaclgtscxt,변재일,41080768,41820105,,False
17,MWY71007,1,안병엽,지역구,경기 화성시,경기도 화성시,,,열린우리당,열린우리당,열린우리당,열린우리당,2004-05-30,2006-11-10,general,disqualified,court_ruling_election_law,정치자금법 위반으로 당선무효 / 의원직 상실,term_start,,confirmed,wikilist+wikiseat,,2006-11-10,,2006-11-10,,,2004.05.30 ~ 2006.11.10,제17대 열린우리당 경기 화성시,nfzegpkvaclgtscxt,안병엽,41080768,41820105,,False
17,MXF7830L,1,신중식,지역구,전남 고흥군,전라남도 고흥군·보성군,,,열린우리당,열린우리당,통합민주당,열린우리당,2004-05-30,2008-05-29,general,term_end,term_end,,term_start,,term_end,,,,,,,,2004.05.30 ~ 2008.05.29,제17대 열린우리당 전남 고흥군,nfzegpkvaclgtscxt,신중식,41080768,,,False
17,MZD1909P,1,이방호,지역구,경남 사천시,경상남도 사천시,,,한나라당,한나라당,한나라당,한나라당,2004-05-30,2008-05-29,general,term_end,term_end,,term_start,,term_end,,,,,,,,2004.05.30 ~ 2008.05.29,제17대 한나라당 경상남도 사천시,nfzegpkvaclgtscxt,이방호,41080768,,,False
17,N151609U,1,지병문,지역구,광주 남구,광주광역시 남구,,,열린우리당,열린우리당,통합민주당,열린우리당,2004-05-30,2008-05-29,general,term_end,term_end,,term_start,,term_end,,,,,,,,2004.05.30 ~ 2008.05.29,제17대 열린우리당 광주광역시 남구,nfzegpkvaclgtscxt,지병문,41080768,,,False
17,N3Q3468A,1,김우남,지역구,제주 북제주군을,제주도 제주시·북제주군 을,,,열린우리당,열린우리당,통합민주당,열린우리당,2004-05-30,2008-05-29,general,term_end,term_end,,term_start,,term_end,,,,,,,,2004.05.30 ~ 2008.05.29,제17대 열린우리당 제주 북제주군을,nfzegpkvaclgtscxt,김우남,41080768,,,False
17,N467888G,1,채일병,지역구,"전남 해남군,진도군",전라남도 해남군·진도군,,,민주당,민주당2000,통합민주당,민주당,2006-10-25,2008-05-29,by_election,term_end,term_end,,confirmed,wikilist+wikiseat,term_end,,2006-10-25,,2006-10-25,,,,2006.10.25 ~ 2008.05.29,"제17대 민주당 전남 해남군,진도군",nfzegpkvaclgtscxt,채일병,41080768,41820105,,False
17,NAL4555X,1,홍준표,지역구,서울 동대문구을,서울특별시 동대문구 을,,,한나라당,한나라당,한나라당,한나라당,2004-05-30,2008-05-29,general,term_end,term_end,,term_start,,term_end,,,,,,,,2004.05.30 ~ 2008.05.29,제17대 한나라당 서울특별시 동대문구을,nfzegpkvaclgtscxt,홍준표,41080768,,,False
17,NBF6548X,1,조승수,지역구,울산 북구,울산광역시 북구,,,민주노동당,민주노동당,민주노동당,민주노동당,2004-05-30,2005-09-29,general,disqualified,court_ruling_election_law,선거법 위반으로 의원직 상실 / 의원직 상실,term_start,,confirmed,wikilist+wikiseat,,2005-09-29,,2005-09-29,,,2004.05.30 ~ 2005.09.29,제17대 민주노동당 울산광역시 북구,nfzegpkvaclgtscxt,조승수,41080768,41820105,,False
17,NDH62175,1,이재오,지역구,서울 은평구을,서울특별시 은평구 을,,,한나라당,한나라당,한나라당,한나라당,2004-05-30,2008-05-29,general,term_end,term_end,,term_start,,term_end,,,,,,,,2004.05.30 ~ 2008.05.29,제17대 한나라당 서울특별시 은평구을,nfzegpkvaclgtscxt,이재오,41080768,,,False
17,NEF96536,1,이주호,비례대표,비례대표,,한나라당,12,한나라당,한나라당,한나라당,한나라당,2004-05-30,2008-03-01,general,,unknown,,term_start,,single_source,,,,,,,,2004.05.30 ~ 2008.03.01,제17대 한나라당 비례대표,nfzegpkvaclgtscxt,이주호 (1961년),41080768,,,False
17,NET6850O,1,이윤성,지역구,인천 남동구갑,인천광역시 남동구 갑,,,한나라당,한나라당,한나라당,한나라당,2004-05-30,2008-05-29,general,term_end,term_end,,term_start,,term_end,,,,,,,,2004.05.30 ~ 2008.05.29,제17대 한나라당 인천광역시 남동구갑,nfzegpkvaclgtscxt,이윤성 (1944년),41080768,,,False
17,NG55346W,1,전병헌,지역구,서울 동작구갑,서울특별시 동작구 갑,,,열린우리당,열린우리당,통합민주당,열린우리당,2004-05-30,2008-05-29,general,term_end,term_end,,term_start,,term_end,,,,,,,,2004.05.30 ~ 2008.05.29,제17대 열린우리당 서울특별시 동작구갑,nfzegpkvaclgtscxt,전병헌,41080768,41820105,,False
17,NH229893,1,전여옥,비례대표,비례대표,,한나라당,7,한나라당,한나라당,한나라당,한나라당,2004-05-30,2008-05-29,general,term_end,term_end,,term_start,,term_end,,,,,,,,2004.05.30 ~ 2008.05.29,제17대 한나라당 비례대표,nfzegpkvaclgtscxt,전여옥,41080768,,,False
17,NHU2547U,1,양형일,지역구,광주 동구,광주광역시 동구,,,열린우리당,열린우리당,통합민주당,열린우리당,2004-05-30,2008-05-29,general,term_end,term_end,,term_start,,term_end,,,,,,,,2004.05.30 ~ 2008.05.29,제17대 열린우리당 광주광역시 동구,nfzegpkvaclgtscxt,양형일,41080768,41820105,,False
17,NQR1206Q,1,정진석,지역구,"충남 공주시,연기군",충청남도 공주시·연기군,,,무소속,무소속,한나라당,무소속,2005-04-30,2008-05-29,by_election,term_end,term_end,,confirmed,wikilist+wikiseat,term_end,,2005-04-30,,2005-04-30,,,,2005.04.30 ~ 2008.05.29,"제17대 무소속 충남 공주시,연기군",nfzegpkvaclgtscxt,정진석 (정치인),41080768,41820105,,False
17,OE127272,1,허태열,지역구,"부산 북,강서구을",부산광역시 북구·강서구 을,,,한나라당,한나라당,한나라당,한나라당,2004-05-30,2008-05-29,general,term_end,term_end,,term_start,,term_end,,,,,,,,2004.05.30 ~ 2008.05.29,"제17대 한나라당 부산광역시 북,강서구을",nfzegpkvaclgtscxt,허태열,41080768,,,False
17,OEY60882,1,박세환,지역구,"강원 철원,화천,양구군",강원도 철원군·화천군·양구군·인제군,,,한나라당,한나라당,한나라당,한나라당,2004-05-30,2008-05-29,general,term_end,term_end,,term_start,,term_end,,,,,,,,2004.05.30 ~ 2008.05.29,"제17대 한나라당 강원 철원,화천,양구군",nfzegpkvaclgtscxt,박세환 (1957년),41080768,,,False
17,OGA6675L,1,박형준,지역구,부산 수영구,부산광역시 수영구,,,한나라당,한나라당,한나라당,한나라당,2004-05-30,2008-05-29,general,term_end,term_end,,term_start,,term_end,,,,,,,,2004.05.30 ~ 2008.05.29,제17대 한나라당 부산광역시 수영구,nfzegpkvaclgtscxt,박형준 (1960년),41080768,,,False
17,OHW68320,1,윤건영,비례대표,비례대표,,한나라당,4,한나라당,한나라당,한나라당,한나라당,2004-05-30,2008-05-29,general,term_end,term_end,,term_start,,term_end,,,,,,,,2004.05.30 ~ 2008.05.29,제17대 한나라당 비례대표,nfzegpkvaclgtscxt,윤건영 (1952년),41080768,,,False
17,OIU86868,1,고희선,지역구,경기 화성시,경기도 화성시,,,한나라당,한나라당,한나라당,한나라당,2007-04-25,2008-05-29,by_election,term_end,term_end,,confirmed,wikilist+wikiseat,term_end,,2007-04-25,,2007-04-25,,,,2007.04.25 ~ 2008.05.29,제17대 한나라당 경기 화성시,nfzegpkvaclgtscxt,고희선,41080768,41820105,,False
17,OK55632O,1,오영식,지역구,서울 강북구갑,서울특별시 강북구 갑,,,열린우리당,열린우리당,통합민주당,열린우리당,2004-05-30,2008-05-29,general,term_end,term_end,,term_start,,term_end,,,,,,,,2004.05.30 ~ 2008.05.29,제17대 열린우리당 서울특별시 강북구갑,nfzegpkvaclgtscxt,오영식,41080768,,,False
17,OKK31241,1,서재관,지역구,충북 제천시단양군,충청북도 제천시·단양군,,,열린우리당,열린우리당,통합민주당,열린우리당,2004-05-30,2008-05-29,general,term_end,term_end,,term_start,,term_end,,,,,,,,2004.05.30 ~ 2008.05.29,제17대 열린우리당 충청북도 제천시단양군,nfzegpkvaclgtscxt,서재관,41080768,41820105,,False
17,OKR39415,1,김원웅,지역구,대전 대덕구,대전광역시 대덕구,,,열린우리당,열린우리당,통합민주당,열린우리당,2004-05-30,2008-05-29,general,term_end,term_end,,term_start,,term_end,,,,,,,,2004.05.30 ~ 2008.05.29,제17대 열린우리당 대전광역시 대덕구,nfzegpkvaclgtscxt,김원웅,41080768,,,False
17,OWQ6217E,1,이상경,지역구,서울 강동구을,서울특별시 강동구 을,,,열린우리당,열린우리당,통합민주당,열린우리당,2004-05-30,2008-05-29,general,term_end,term_end,,term_start,,term_end,,,,,,,,2004.05.30 ~ 2008.05.29,제17대 열린우리당 서울특별시 강동구을,nfzegpkvaclgtscxt,이상경 (1964년),41080768,,,False
17,P303213F,1,정병국,지역구,"경기 가평군,양평군",경기도 양평군·가평군,,,한나라당,한나라당,한나라당,한나라당,2004-05-30,2008-05-29,general,term_end,term_end,,term_start,,term_end,,,,,,,,2004.05.30 ~ 2008.05.29,"제17대 한나라당 경기 가평군,양평군",nfzegpkvaclgtscxt,정병국,41080768,,,False
17,P5N77987,1,오시덕,지역구,"충남 공주시,연기군",충청남도 공주시·연기군,,,열린우리당,열린우리당,열린우리당,열린우리당,2004-05-30,2005-01-27,general,disqualified,court_ruling_election_law,선거법 위반으로 의원직 상실 / 열린우리당 원내 과반수 붕괴 / 의원직 상실,term_start,,confirmed,wikilist,,2005-01-27,,2005-01-28,,,2004.05.30 ~ 2005.01.27,"제17대 열린우리당 충청남도 공주시,연기군",nfzegpkvaclgtscxt,오시덕,41080768,41820105,,False
17,P924524G,1,정화원,비례대표,비례대표,,한나라당,8,한나라당,한나라당,한나라당,한나라당,2004-05-30,2008-05-29,general,term_end,term_end,,term_start,,term_end,,,,,,,,2004.05.30 ~ 2008.05.29,제17대 한나라당 비례대표,nfzegpkvaclgtscxt,정화원,41080768,,,False
17,P9D91805,1,정봉주,지역구,서울 노원구갑,서울특별시 노원구 갑,,,열린우리당,열린우리당,통합민주당,열린우리당,2004-05-30,2008-05-29,general,term_end,term_end,,term_start,,term_end,,,,,,,,2004.05.30 ~ 2008.05.29,제17대 열린우리당 서울특별시 노원구갑,nfzegpkvaclgtscxt,정봉주,41080768,,,False
17,PAO22428,1,송영길,지역구,인천 계양구을,인천광역시 계양구 을,,,열린우리당,열린우리당,통합민주당,열린우리당,2004-05-30,2008-05-29,general,term_end,term_end,,term_start,,term_end,,,,,,,,2004.05.30 ~ 2008.05.29,제17대 열린우리당 인천 계양구을,nexgtxtmaamffofof,송영길 (정치인),41080768,,,False
17,PHE6239O,1,송영선,비례대표,비례대표,,한나라당,5,한나라당,한나라당,한나라당,한나라당,2004-05-30,2008-03-23,general,disqualified,pr_seat_lost_on_leaving_party,탈당으로 의원직 상실 / 의원직 상실,term_start,,confirmed,wikilist+wikiseat,,2008-03-23,,2008-03-23,,,2004.05.30 ~ 2008.03.23,제17대 한나라당 비례대표,nfzegpkvaclgtscxt,송영선 (1953년),41080768,41820105,,False
17,PJ76653N,1,임태희,지역구,경기 성남시분당구을,경기도 성남시 분당구 을,,,한나라당,한나라당,한나라당,한나라당,2004-05-30,2008-05-29,general,term_end,term_end,,term_start,,term_end,,,,,,,,2004.05.30 ~ 2008.05.29,제17대 한나라당 경기도 성남시분당구을,nfzegpkvaclgtscxt,임태희,41080768,,,False
17,PJB6652Y,1,임종석,지역구,서울 성동구을,서울특별시 성동구 을,,,열린우리당,열린우리당,통합민주당,열린우리당,2004-05-30,2008-05-29,general,term_end,term_end,,term_start,,term_end,,,,,,,,2004.05.30 ~ 2008.05.29,제17대 열린우리당 서울 성동구을,nfzegpkvaclgtscxt,임종석,41080768,,,False
17,PJW7804X,1,김근태,지역구,서울 도봉구갑,서울특별시 도봉구 갑,,,열린우리당,열린우리당,통합민주당,열린우리당,2004-05-30,2008-05-29,general,term_end,term_end,,term_start,,term_end,,,,,,,,2004.05.30 ~ 2008.05.29,제17대 열린우리당 서울특별시 도봉구갑,nfzegpkvaclgtscxt,김근태 (1947년),41080768,,,False
17,PMU9608V,1,김태환,지역구,경북 구미시을,경상북도 구미시 을,,,한나라당,한나라당,무소속,한나라당,2004-05-30,2008-05-29,general,term_end,term_end,,term_start,,term_end,,,,,,,,2004.05.30 ~ 2008.05.29,제17대 한나라당 경북 구미시을,nfzegpkvaclgtscxt,김태환 (1943년),41080768,,,False
17,PPY48864,1,진수희,비례대표,비례대표,,한나라당,17,한나라당,한나라당,한나라당,한나라당,2004-05-30,2008-05-29,general,term_end,term_end,,term_start,,term_end,,,,,,,,2004.05.30 ~ 2008.05.29,제17대 한나라당 비례대표,nfzegpkvaclgtscxt,진수희,41080768,,,False
17,PTC64957,1,정진섭,지역구,경기 광주시,경기도 광주시,,,한나라당,한나라당,한나라당,한나라당,2005-10-26,2008-05-29,by_election,term_end,term_end,,confirmed,wikilist+wikiseat,term_end,,2005-10-26,,2005-10-26,,,,2005.10.26 ~ 2008.05.29,제17대 한나라당 경기 광주시,nfzegpkvaclgtscxt,정진섭 (정치인),41080768,41820105,,False
17,PU35479A,1,이정일,지역구,"전남 해남,진도군",전라남도 해남군·진도군,,,새천년민주당,새천년민주당,민주당,새천년민주당,2004-05-30,2006-08-24,general,disqualified,court_ruling_other_or_unspecified,불법감청으로 의원직 상실 / 의원직 상실,term_start,,confirmed,wikilist,,2006-08-24,,2006-08-25,,,2004.05.30 ~ 2006.08.24,"제17대 새천년민주당 전남 해남,진도군",nfzegpkvaclgtscxt,이정일 (1947년),41080768,41820105,,False
17,PWU27609,1,유승민,비례대표,비례대표,,한나라당,14,한나라당,한나라당,한나라당,한나라당,2004-05-30,2005-10-12,general,resigned,resigned_other,의원직 사퇴,term_start,,confirmed,nabill,,2005-10-05,,,2005-10-12,032039,2004.05.30 ~ 2005.10.12,제17대 한나라당 비례(한) 비례(한나라당),nfzegpkvaclgtscxt,유승민 (정치인),41080768,41820105,,False
17,PWU27609,2,유승민,지역구,대구 동구을,대구광역시 동구 을,,,한나라당,한나라당,한나라당,한나라당,2005-10-26,2008-05-29,by_election,term_end,term_end,,confirmed,wikilist+wikiseat,term_end,,2005-10-26,,2005-10-26,,,,2005.10.26 ~ 2008.05.29,제17대 한나라당 대구 동구을,nfzegpkvaclgtscxt,유승민 (정치인),41080768,41820105,,False
17,PYP5878A,1,한명숙,지역구,경기 고양시일산구갑,경기도 고양시 일산구 갑,,,열린우리당,열린우리당,통합민주당,열린우리당,2004-05-30,2008-05-29,general,term_end,term_end,,term_start,,term_end,,,,,,,,2004.05.30 ~ 2008.05.29,제17대 열린우리당 경기 고양시일산구갑,nfzegpkvaclgtscxt,한명숙,41080768,,,False
17,Q3X5279D,1,윤두환,지역구,울산 북구,울산광역시 북구,,,한나라당,한나라당,한나라당,한나라당,2005-10-26,2008-05-29,by_election,term_end,term_end,,confirmed,wikilist+wikiseat,term_end,,2005-10-26,,2005-10-26,,,,2005.10.26 ~ 2008.05.29,제17대 한나라당 울산 북구,nfzegpkvaclgtscxt,윤두환,41080768,41820105,,False
17,Q4G3261X,1,염동연,지역구,광주 서구,광주광역시 서구 갑,,,열린우리당,열린우리당,통합민주당,열린우리당,2004-05-30,2008-05-29,general,term_end,term_end,,term_start,,term_end,,,,,,,,2004.05.30 ~ 2008.05.29,제17대 열린우리당 광주 서구,nfzegpkvaclgtscxt,염동연,41080768,41820105,,False
17,Q5X4506F,1,황우여,지역구,인천 연수구,인천광역시 연수구,,,한나라당,한나라당,한나라당,한나라당,2004-05-30,2008-05-29,general,term_end,term_end,,term_start,,term_end,,,,,,,,2004.05.30 ~ 2008.05.29,제17대 한나라당 인천광역시 연수구,nfzegpkvaclgtscxt,황우여,41080768,,,False
17,Q9H5708M,1,김진표,지역구,경기 수원시영통구,경기도 수원시 영통구,,,열린우리당,열린우리당,통합민주당,열린우리당,2004-05-30,2008-05-29,general,term_end,term_end,,term_start,,term_end,,,,,,,,2004.05.30 ~ 2008.05.29,제17대 열린우리당 경기 수원시영통구,nfzegpkvaclgtscxt,김진표 (정치인),41080768,,,False
17,QFQ8496R,1,이재창,지역구,경기 파주시,경기도 파주시,,,한나라당,한나라당,한나라당,한나라당,2004-05-30,2008-05-29,general,term_end,term_end,,term_start,,term_end,,,,,,,,2004.05.30 ~ 2008.05.29,제17대 한나라당 경기도 파주시,nfzegpkvaclgtscxt,이재창,41080768,,,False
17,QKO6165V,1,박진,지역구,서울 종로구,서울특별시 종로구,,,한나라당,한나라당,한나라당,한나라당,2004-05-30,2008-05-29,general,term_end,term_end,,term_start,,term_end,,,,,,,,2004.05.30 ~ 2008.05.29,제17대 한나라당 서울특별시 종로구,nfzegpkvaclgtscxt,박진 (정치인),41080768,,,False
17,QM028409,1,이강래,지역구,"전북 남원시,순창군",전라북도 남원시·순창군,,,열린우리당,열린우리당,통합민주당,열린우리당,2004-05-30,2008-05-29,general,term_end,term_end,,term_start,,term_end,,,,,,,,2004.05.30 ~ 2008.05.29,"제17대 열린우리당 전라북도 남원시,순창군",nfzegpkvaclgtscxt,이강래 (정치인),41080768,41820105,,False
17,QMQ4659V,1,김선미,지역구,경기 안성시,경기도 안성시,,,열린우리당,열린우리당,무소속,열린우리당,2004-05-30,2008-05-29,general,term_end,term_end,,term_start,,term_end,,,,,,,,2004.05.30 ~ 2008.05.29,제17대 열린우리당 경기도 안성시,nfzegpkvaclgtscxt,김선미 (1961년),41080768,,,False
17,QPC3365A,1,김혁규,비례대표,비례대표,,열린우리당,4,열린우리당,열린우리당,열린우리당,열린우리당,2004-05-30,2007-10-12,general,resigned,resigned_other,김혁규 의원직 사퇴 / 김영대 승계 / 의원직 사퇴,term_start,,conflict,wikilist=2007-08-13; wikiseat=2007-10-15,,2007-08-13,,2007-10-15,,,2004.05.30 ~ 2007.10.12,제17대 열린우리당 비례대표,nfzegpkvaclgtscxt,김혁규,41080768,41820105,,False
17,QT984813,1,신학용,지역구,인천 계양구갑,인천광역시 계양구 갑,,,열린우리당,열린우리당,통합민주당,열린우리당,2004-05-30,2008-05-29,general,term_end,term_end,,term_start,,term_end,,,,,,,,2004.05.30 ~ 2008.05.29,제17대 열린우리당 인천 계양구갑,nfzegpkvaclgtscxt,신학용,41080768,,,False
17,QZG38143,1,김춘진,지역구,"전북 고창,부안군",전라북도 고창군·부안군,,,열린우리당,열린우리당,통합민주당,열린우리당,2004-05-30,2008-05-29,general,term_end,term_end,,term_start,,term_end,,,,,,,,2004.05.30 ~ 2008.05.29,"제17대 열린우리당 전라북도 고창,부안군",nfzegpkvaclgtscxt,김춘진,41080768,,,False
17,QZU9232M,1,김재원,지역구,"경북 군위,의성군",경상북도 군위군·의성군·청송군,,,한나라당,한나라당,한나라당,한나라당,2004-05-30,2008-05-29,general,term_end,term_end,,term_start,,term_end,,,,,,,,2004.05.30 ~ 2008.05.29,"제17대 한나라당 경북 군위,의성군",nfzegpkvaclgtscxt,김재원 (1964년),41080768,,,False
17,R403874L,1,제종길,지역구,경기 안산시단원구을,경기도 안산시 단원구 을,,,열린우리당,열린우리당,통합민주당,열린우리당,2004-05-30,2008-05-29,general,term_end,term_end,,term_start,,term_end,,,,,,,,2004.05.30 ~ 2008.05.29,제17대 열린우리당 경기 안산시단원구을,nfzegpkvaclgtscxt,제종길,41080768,41820105,,False
17,R724713H,1,김재윤,지역구,"제주 서귀포시,남제주군",제주도 서귀포시·남제주군,,,열린우리당,열린우리당,통합민주당,열린우리당,2004-05-30,2008-05-29,general,term_end,term_end,,term_start,,term_end,,,,,,,,2004.05.30 ~ 2008.05.29,"제17대 열린우리당 제주도 서귀포시,남제주군",nfzegpkvaclgtscxt,김재윤 (1965년),41080768,,,False
17,R7753197,1,우윤근,지역구,"전남 광양시,구례군",전라남도 광양시·구례군,,,열린우리당,열린우리당,통합민주당,열린우리당,2004-05-30,2008-05-29,general,term_end,term_end,,term_start,,term_end,,,,,,,,2004.05.30 ~ 2008.05.29,"제17대 열린우리당 전라남도 광양시,구례군",nfzegpkvaclgtscxt,우윤근,41080768,41820105,,False
17,RE32613N,1,조순형,지역구,서울 성북구을,서울특별시 성북구 을,,,민주당,민주당2000,자유선진당,민주당,2006-07-26,2008-05-29,by_election,term_end,term_end,,confirmed,wikilist+wikiseat,term_end,,2006-07-26,,2006-07-26,,,,2006.07.26 ~ 2008.05.29,제17대 민주당 서울 성북구을,nfzegpkvaclgtscxt,조순형,41080768,41820105,,False
17,RLG4231U,1,이상득,지역구,"경북 포항시남구,울릉군",경상북도 포항시 남구·울릉군,,,한나라당,한나라당,한나라당,한나라당,2004-05-30,2008-05-29,general,term_end,term_end,,term_start,,term_end,,,,,,,,2004.05.30 ~ 2008.05.29,"제17대 한나라당 경상북도 포항시남구,울릉군",nfzegpkvaclgtscxt,이상득,41080768,,,False
17,RN65198P,1,최병국,지역구,울산 남구갑,울산광역시 남구 갑,,,한나라당,한나라당,한나라당,한나라당,2004-05-30,2008-05-29,general,term_end,term_end,,term_start,,term_end,,,,,,,,2004.05.30 ~ 2008.05.29,제17대 한나라당 울산 남구갑,nfzegpkvaclgtscxt,최병국 (1942년),41080768,,,False
17,RRD80903,1,이덕모,지역구,경북 영천시,경상북도 영천시,,,한나라당,한나라당,한나라당,한나라당,2004-05-30,2005-02-18,general,disqualified,court_ruling_election_law,선거법 위반 혐의로 의원직 상실 / 의원직 상실,term_start,,confirmed,wikiseat,,2005-01-18,,2005-02-18,,,2004.05.30 ~ 2005.02.18,제17대 한나라당 경상북도 영천시,nfzegpkvaclgtscxt,이덕모,41080768,41820105,,False
17,RUW8681N,1,황진하,비례대표,비례대표,,한나라당,6,한나라당,한나라당,한나라당,한나라당,2004-05-30,2008-05-29,general,term_end,term_end,,term_start,,term_end,,,,,,,,2004.05.30 ~ 2008.05.29,제17대 한나라당 비례대표,nfzegpkvaclgtscxt,황진하,41080768,,,False
17,RVD1966C,1,이해봉,지역구,대구 달서구을,대구광역시 달서구 을,,,한나라당,한나라당,무소속,한나라당,2004-05-30,2008-05-29,general,term_end,term_end,,term_start,,term_end,,,,,,,,2004.05.30 ~ 2008.05.29,제17대 한나라당 대구광역시 달서구을,nfzegpkvaclgtscxt,이해봉 (1942년),41080768,,,False
17,RVR78866,1,김문수,지역구,경기 부천시소사구,경기도 부천시 소사구,,,한나라당,한나라당,한나라당,한나라당,2004-05-30,2006-04-24,general,resigned,resigned_to_run_for_other_office,경기지사 출마로 사퇴 / 의원직 사퇴,term_start,,confirmed,wikilist+wikiseat+nabill,,2006-04-24,,2006-04-24,2006-04-24,034925,2004.05.30 ~ 2006.04.24,제17대 한나라당 경기도 부천시소사구,nfzegpkvaclgtscxt,김문수,41080768,41820105,,False
17,RYL1698T,1,문병호,지역구,인천 부평구갑,인천광역시 부평구 갑,,,열린우리당,열린우리당,통합민주당,열린우리당,2004-05-30,2008-05-29,general,term_end,term_end,,term_start,,term_end,,,,,,,,2004.05.30 ~ 2008.05.29,제17대 열린우리당 인천광역시 부평구갑,nfzegpkvaclgtscxt,문병호,41080768,,,False
17,S2C3781V,1,신계륜,지역구,서울 성북구을,서울특별시 성북구 을,,,열린우리당,열린우리당,열린우리당,열린우리당,2004-05-30,2006-02-10,general,disqualified,court_ruling_election_law,불법 정치자금으로 의원직 상실 / 의원직 상실,term_start,,confirmed,wikilist+wikiseat,,2006-02-10,,2006-02-10,,,2004.05.30 ~ 2006.02.10,제17대 열린우리당 서울특별시 성북구을,nfzegpkvaclgtscxt,신계륜,41080768,41820105,,False
17,S8431719,1,박영선,비례대표,비례대표,,열린우리당,9,열린우리당,열린우리당,통합민주당,열린우리당,2004-05-30,2008-05-29,general,term_end,term_end,,term_start,,term_end,,,,,,,,2004.05.30 ~ 2008.05.29,제17대 열린우리당 비례대표,nfzegpkvaclgtscxt,박영선 (정치인),41080768,,,False
17,SJ050998,1,신명,비례대표,비례대표,,열린우리당,26,열린우리당,열린우리당,통합민주당,열린우리당,2007-02-02,2008-05-29,succession_pr,term_end,term_end,,api_later_than_wiki,wikilist=2007-02-01; wikiseat=2007-02-01,term_end,,2007-02-01,,2007-02-01,,,,2007.02.02 ~ 2008.05.29,제17대 열린우리당 비례대표,nfzegpkvaclgtscxt,신명 (1946년),41080768,41820105,,False
17,SKV1971K,1,유선호,지역구,"전남 장흥,영암군",전라남도 장흥군·영암군,,,열린우리당,열린우리당,통합민주당,열린우리당,2004-05-30,2008-05-29,general,term_end,term_end,,term_start,,term_end,,,,,,,,2004.05.30 ~ 2008.05.29,"제17대 열린우리당 전라남도 장흥,영암군",nfzegpkvaclgtscxt,유선호 (정치인),41080768,,,False
17,SLW27496,1,나경원,비례대표,비례대표,,한나라당,11,한나라당,한나라당,한나라당,한나라당,2004-05-30,2008-05-29,general,term_end,term_end,,term_start,,term_end,,,,,,,,2004.05.30 ~ 2008.05.29,제17대 한나라당 비례대표,nexgtxtmaamffofof,나경원,41080768,,,False
17,SNJ6318D,1,김무성,지역구,부산 남구을,부산광역시 남구 을,,,한나라당,한나라당,무소속,한나라당,2004-05-30,2008-05-29,general,term_end,term_end,,term_start,,term_end,,,,,,,,2004.05.30 ~ 2008.05.29,제17대 한나라당 부산 남구을,nfzegpkvaclgtscxt,김무성,41080768,,,False
17,SOB8871D,1,권선택,지역구,대전 중구,대전광역시 중구,,,열린우리당,열린우리당,자유선진당,열린우리당,2004-05-30,2008-05-29,general,term_end,term_end,,term_start,,term_end,,,,,,,,2004.05.30 ~ 2008.05.29,제17대 열린우리당 대전광역시 중구,nfzegpkvaclgtscxt,권선택,41080768,,,False
17,SSH8397C,1,김낙성,지역구,충남 당진군,충청남도 당진군,,,자유민주연합,자유민주연합,자유선진당,자유민주연합,2004-05-30,2008-05-29,general,term_end,term_end,,term_start,,term_end,,,,,,,,2004.05.30 ~ 2008.05.29,제17대 자유민주연합 충남 당진군,nfzegpkvaclgtscxt,김낙성,41080768,,,False
17,SU53086M,1,심상정,비례대표,비례대표,,민주노동당,1,민주노동당,민주노동당,민주노동당,민주노동당,2004-05-30,2008-03-11,general,disqualified,pr_seat_lost_on_leaving_party,탈당으로 의원직 상실 / 의원직 상실,term_start,,api_later_than_wiki,wikilist=2008-02-17; wikiseat=2008-02-14,,2008-02-17,,2008-02-14,,,2004.05.30 ~ 2008.03.11,제17대 민주노동당 비례대표,nfzegpkvaclgtscxt,심상정,41080768,41820105,,False
17,SVH30067,1,오제세,지역구,충북 청주시흥덕구,충청북도 청주시 흥덕구 갑,,,열린우리당,열린우리당,통합민주당,열린우리당,2004-05-30,2008-05-29,general,term_end,term_end,,term_start,,term_end,,,,,,,,2004.05.30 ~ 2008.05.29,제17대 열린우리당 충청북도 청주시흥덕구,nfzegpkvaclgtscxt,오제세,41080768,,,False
17,SVO8520I,1,이재웅,지역구,부산 동래구,부산광역시 동래구,,,한나라당,한나라당,한나라당,한나라당,2004-05-30,2008-05-29,general,term_end,term_end,,term_start,,term_end,,,,,,,,2004.05.30 ~ 2008.05.29,제17대 한나라당 부산광역시 동래구,nfzegpkvaclgtscxt,이재웅 (1953년),41080768,,,False
17,T3M8349A,1,배일도,비례대표,비례대표,,한나라당,18,한나라당,한나라당,한나라당,한나라당,2004-05-30,2008-05-29,general,term_end,term_end,,term_start,,term_end,,,,,,,,2004.05.30 ~ 2008.05.29,제17대 한나라당 비례대표,nfzegpkvaclgtscxt,배일도,41080768,,,False
17,T7P49316,1,천영세,비례대표,비례대표,,민주노동당,4,민주노동당,민주노동당,민주노동당,민주노동당,2004-05-30,2008-05-29,general,term_end,term_end,,term_start,,term_end,,,,,,,,2004.05.30 ~ 2008.05.29,제17대 민주노동당 비례대표,nfzegpkvaclgtscxt,천영세,41080768,,,False
17,T8H6713N,1,최연희,지역구,강원 동해삼척시,강원도 동해시·삼척시,,,한나라당,한나라당,무소속,한나라당,2004-05-30,2008-05-29,general,term_end,term_end,,term_start,,term_end,,,,,,,,2004.05.30 ~ 2008.05.29,제17대 한나라당 강원 동해삼척시,nfzegpkvaclgtscxt,최연희,41080768,,,False
17,TA88758O,1,백원우,지역구,경기 시흥시,경기도 시흥시 갑,,,열린우리당,열린우리당,통합민주당,열린우리당,2004-05-30,2008-05-29,general,term_end,term_end,,term_start,,term_end,,,,,,,,2004.05.30 ~ 2008.05.29,제17대 열린우리당 경기 시흥시,nfzegpkvaclgtscxt,백원우,41080768,,,False
17,TAJ3272G,1,우제항,지역구,경기 평택시갑,경기도 평택시 갑,,,열린우리당,열린우리당,통합민주당,열린우리당,2004-05-30,2008-05-29,general,term_end,term_end,,term_start,,term_end,,,,,,,,2004.05.30 ~ 2008.05.29,제17대 열린우리당 경기도 평택시갑,nfzegpkvaclgtscxt,우제항,41080768,41820105,,False
17,TIS61927,1,양승조,지역구,충남 천안시갑,충청남도 천안시 갑,,,열린우리당,열린우리당,통합민주당,열린우리당,2004-05-30,2008-05-29,general,term_end,term_end,,term_start,,term_end,,,,,,,,2004.05.30 ~ 2008.05.29,제17대 열린우리당 충청남도 천안시갑,nfzegpkvaclgtscxt,양승조,41080768,,,False
17,TOM5642Y,1,고경화,비례대표,비례대표,,한나라당,15,한나라당,한나라당,한나라당,한나라당,2004-05-30,2008-05-29,general,term_end,term_end,,term_start,,term_end,,,,,,,,2004.05.30 ~ 2008.05.29,제17대 한나라당 비례대표,nfzegpkvaclgtscxt,고경화,41080768,,,False
17,TOU1222X,1,강창일,지역구,제주 북제주군갑,제주도 제주시·북제주군 갑,,,열린우리당,열린우리당,통합민주당,열린우리당,2004-05-30,2008-05-29,general,term_end,term_end,,term_start,,term_end,,,,,,,,2004.05.30 ~ 2008.05.29,제17대 열린우리당 제주 북제주군갑,nfzegpkvaclgtscxt,강창일,41080768,,,False
17,TQS1780I,1,윤원호,비례대표,비례대표,,열린우리당,19,열린우리당,열린우리당,통합민주당,열린우리당,2004-05-30,2008-05-29,general,term_end,term_end,,term_start,,term_end,,,,,,,,2004.05.30 ~ 2008.05.29,제17대 열린우리당 비례대표,nfzegpkvaclgtscxt,윤원호,41080768,,,False
17,TWL5801D,1,김영춘,지역구,서울 광진구갑,서울특별시 광진구 갑,,,열린우리당,열린우리당,무소속,열린우리당,2004-05-30,2008-05-29,general,term_end,term_end,,term_start,,term_end,,,,,,,,2004.05.30 ~ 2008.05.29,제17대 열린우리당 서울특별시 광진구갑,nfzegpkvaclgtscxt,김영춘 (정치인),41080768,,,False
17,U0H3584N,1,박세일,비례대표,비례대표,,한나라당,2,한나라당,한나라당,한나라당,한나라당,2004-05-30,2005-03-25,general,resigned,resigned_other,의원직 사퇴,term_start,,api_later_than_wiki,wikilist=2005-03-23,,2005-03-23,,,,,2004.05.30 ~ 2005.03.25,제17대 한나라당 비례(한) 비례(한나라당),nfzegpkvaclgtscxt,박세일,41080768,,,False
17,UIN2835Q,1,김효석,지역구,"전남 담양,곡성,장성군",전라남도 담양군·곡성군·장성군,,,새천년민주당,새천년민주당,통합민주당,새천년민주당,2004-05-30,2008-05-29,general,term_end,term_end,,term_start,,term_end,,,,,,,,2004.05.30 ~ 2008.05.29,"제17대 새천년민주당 전라남도 담양,곡성,장성군",nfzegpkvaclgtscxt,김효석 (1949년),41080768,,,False
17,UIZ3103R,1,김부겸,지역구,경기 군포시,경기도 군포시,,,열린우리당,열린우리당,통합민주당,열린우리당,2004-05-30,2008-05-29,general,term_end,term_end,,term_start,,term_end,,,,,,,,2004.05.30 ~ 2008.05.29,제17대 열린우리당 경기도 군포시,nfzegpkvaclgtscxt,김부겸,41080768,,,False
17,UUE26413,1,장향숙,비례대표,비례대표,,열린우리당,1,열린우리당,열린우리당,통합민주당,열린우리당,2004-05-30,2008-05-29,general,term_end,term_end,,term_start,,term_end,,,,,,,,2004.05.30 ~ 2008.05.29,제17대 열린우리당 비례대표,nfzegpkvaclgtscxt,장향숙,41080768,,,False
17,UWS28633,1,임채정,지역구,서울 노원구병,서울특별시 노원구 병,,,열린우리당,열린우리당,무소속,열린우리당,2004-05-30,2008-05-29,general,term_end,term_end,,term_start,,term_end,,,,,,,,2004.05.30 ~ 2008.05.29,제17대 열린우리당 서울 노원구병,nfzegpkvaclgtscxt,임채정,41080768,41820105,,False
17,V0O5343U,1,우상호,지역구,서울 서대문구갑,서울특별시 서대문구 갑,,,열린우리당,열린우리당,통합민주당,열린우리당,2004-05-30,2008-05-29,general,term_end,term_end,,term_start,,term_end,,,,,,,,2004.05.30 ~ 2008.05.29,제17대 열린우리당 서울특별시 서대문구갑,nfzegpkvaclgtscxt,우상호,41080768,,,False
17,V1849655,1,정의화,지역구,부산 중동구,부산광역시 중구·동구,,,한나라당,한나라당,한나라당,한나라당,2004-05-30,2008-05-29,general,term_end,term_end,,term_start,,term_end,,,,,,,,2004.05.30 ~ 2008.05.29,제17대 한나라당 부산 중동구,nfzegpkvaclgtscxt,정의화,41080768,,,False
17,V429892C,1,정성호,지역구,"경기 양주,동두천시",경기도 양주시·동두천시,,,열린우리당,열린우리당,통합민주당,열린우리당,2004-05-30,2008-05-29,general,term_end,term_end,,term_start,,term_end,,,,,,,,2004.05.30 ~ 2008.05.29,"제17대 열린우리당 경기 양주,동두천시",nexgtxtmaamffofof,정성호 (1962년),41080768,,,False
17,V822582Y,1,이목희,지역구,서울 금천구,서울특별시 금천구,,,열린우리당,열린우리당,통합민주당,열린우리당,2004-05-30,2008-05-29,general,term_end,term_end,,term_start,,term_end,,,,,,,,2004.05.30 ~ 2008.05.29,제17대 열린우리당 서울특별시 금천구,nfzegpkvaclgtscxt,이목희,41080768,,,False
17,V8Y41572,1,서갑원,지역구,전남 순천시,전라남도 순천시,,,열린우리당,열린우리당,통합민주당,열린우리당,2004-05-30,2008-05-29,general,term_end,term_end,,term_start,,term_end,,,,,,,,2004.05.30 ~ 2008.05.29,제17대 열린우리당 전라남도 순천시,nfzegpkvaclgtscxt,서갑원,41080768,,,False
17,VE469451,1,최재성,지역구,경기 남양주시,경기도 남양주시 갑,,,열린우리당,열린우리당,통합민주당,열린우리당,2004-05-30,2008-05-29,general,term_end,term_end,,term_start,,term_end,,,,,,,,2004.05.30 ~ 2008.05.29,제17대 열린우리당 경기 남양주시,nfzegpkvaclgtscxt,최재성 (정치인),41080768,,,False
17,VF63237H,1,홍미영,비례대표,비례대표,,열린우리당,7,열린우리당,열린우리당,통합민주당,열린우리당,2004-05-30,2008-05-29,general,term_end,term_end,,term_start,,term_end,,,,,,,,2004.05.30 ~ 2008.05.29,제17대 열린우리당 비례대표,nfzegpkvaclgtscxt,홍미영,41080768,,,False
17,VO548788,1,유인태,지역구,서울 도봉구을,서울특별시 도봉구 을,,,열린우리당,열린우리당,통합민주당,열린우리당,2004-05-30,2008-05-29,general,term_end,term_end,,term_start,,term_end,,,,,,,,2004.05.30 ~ 2008.05.29,제17대 열린우리당 서울특별시 도봉구을,nfzegpkvaclgtscxt,유인태,41080768,,,False
17,VTB9705E,1,장복심,비례대표,비례대표,,열린우리당,23,열린우리당,열린우리당,통합민주당,열린우리당,2004-05-30,2008-05-29,general,term_end,term_end,,term_start,,term_end,,,,,,,,2004.05.30 ~ 2008.05.29,제17대 열린우리당 비례대표,nfzegpkvaclgtscxt,장복심 (정치인),41080768,,,False
17,VTN3694W,1,정동채,지역구,광주 서구을,광주광역시 서구 을,,,열린우리당,열린우리당,통합민주당,열린우리당,2004-05-30,2008-05-29,general,term_end,term_end,,term_start,,term_end,,,,,,,,2004.05.30 ~ 2008.05.29,제17대 열린우리당 광주 서구을,nfzegpkvaclgtscxt,정동채,41080768,,,False
17,VZ33903V,1,조성태,비례대표,비례대표,,열린우리당,8,열린우리당,열린우리당,통합민주당,열린우리당,2004-05-30,2008-05-29,general,term_end,term_end,,term_start,,term_end,,,,,,,,2004.05.30 ~ 2008.05.29,제17대 열린우리당 비례대표,nfzegpkvaclgtscxt,조성태 (정치인),41080768,,,False
17,W8L79935,1,이강두,지역구,"경남 산청,함양,거창군",경상남도 산청군·함양군·거창군,,,한나라당,한나라당,한나라당,한나라당,2004-05-30,2008-05-29,general,term_end,term_end,,term_start,,term_end,,,,,,,,2004.05.30 ~ 2008.05.29,"제17대 한나라당 경남 산청,함양,거창군",nfzegpkvaclgtscxt,이강두,41080768,,,False
17,WDR7061Y,1,이종걸,지역구,경기 안양시만안구,경기도 안양시 만안구,,,열린우리당,열린우리당,통합민주당,열린우리당,2004-05-30,2008-05-29,general,term_end,term_end,,term_start,,term_end,,,,,,,,2004.05.30 ~ 2008.05.29,제17대 열린우리당 경기도 안양시만안구,nfzegpkvaclgtscxt,이종걸,41080768,41820105,,False
17,WFJ6020P,1,김덕룡,지역구,서울 서초구을,서울특별시 서초구 을,,,한나라당,한나라당,한나라당,한나라당,2004-05-30,2008-05-29,general,term_end,term_end,,term_start,,term_end,,,,,,,,2004.05.30 ~ 2008.05.29,제17대 한나라당 서울특별시 서초구을,nfzegpkvaclgtscxt,김덕룡,41080768,,,False
17,WNQ9029K,1,박상돈,지역구,충남 천안시을,충청남도 천안시 을,,,열린우리당,열린우리당,자유선진당,열린우리당,2004-05-30,2008-05-29,general,term_end,term_end,,term_start,,term_end,,,,,,,,2004.05.30 ~ 2008.05.29,제17대 열린우리당 충청남도 천안시을,nfzegpkvaclgtscxt,박상돈,41080768,41820105,,False
17,WVT1840E,1,김기춘,지역구,경남 거제시,경상남도 거제시,,,한나라당,한나라당,한나라당,한나라당,2004-05-30,2008-05-29,general,term_end,term_end,,term_start,,term_end,,,,,,,,2004.05.30 ~ 2008.05.29,제17대 한나라당 경상남도 거제시,nfzegpkvaclgtscxt,김기춘,41080768,,,False
17,WXJ8352N,1,이성권,지역구,부산 부산진구을,부산광역시 부산진구 을,,,한나라당,한나라당,한나라당,한나라당,2004-05-30,2008-05-29,general,term_end,term_end,,term_start,,term_end,,,,,,,,2004.05.30 ~ 2008.05.29,제17대 한나라당 부산광역시 부산진구을,nexgtxtmaamffofof,이성권 (1968년),41080768,,,False
17,WZL8101U,1,박혁규,지역구,경기 광주군,경기도 광주시,,,한나라당,한나라당,한나라당,한나라당,2004-05-30,2005-09-09,general,disqualified,court_ruling_election_law,선거법 위반으로 의원직 상실 / 의원직 상실,term_start,,confirmed,wikilist+wikiseat,,2005-09-09,,2005-09-09,,,2004.05.30 ~ 2005.09.09,제17대 한나라당 경기 광주군,nfzegpkvaclgtscxt,박혁규,41080768,41820105,,False
17,X0R95148,1,강기갑,비례대표,비례대표,,민주노동당,6,민주노동당,민주노동당,민주노동당,민주노동당,2004-05-30,2008-05-29,general,term_end,term_end,,term_start,,term_end,,,,,,,,2004.05.30 ~ 2008.05.29,제17대 민주노동당 비례대표,nfzegpkvaclgtscxt,강기갑,41080768,,,False
17,X1K3667J,1,김교흥,지역구,인천 서구강화군갑,인천광역시 서구·강화군 갑,,,열린우리당,열린우리당,통합민주당,열린우리당,2004-05-30,2008-05-29,general,term_end,term_end,,term_start,,term_end,,,,,,,,2004.05.30 ~ 2008.05.29,제17대 열린우리당 인천광역시 서구강화군갑,nexgtxtmaamffofof,김교흥,41080768,,,False
17,X316937B,1,김정권,지역구,경남 김해시갑,경상남도 김해시 갑,,,한나라당,한나라당,한나라당,한나라당,2005-04-30,2008-05-29,by_election,term_end,term_end,,confirmed,wikilist+wikiseat,term_end,,2005-04-30,,2005-04-30,,,,2005.04.30 ~ 2008.05.29,제17대 한나라당 경남 김해시갑,nfzegpkvaclgtscxt,김정권 (정치인),41080768,41820105,,False
17,X6I1342Z,1,김낙순,지역구,서울 양천구을,서울특별시 양천구 을,,,열린우리당,열린우리당,통합민주당,열린우리당,2004-05-30,2008-05-29,general,term_end,term_end,,term_start,,term_end,,,,,,,,2004.05.30 ~ 2008.05.29,제17대 열린우리당 서울특별시 양천구을,nfzegpkvaclgtscxt,김낙순,41080768,41820105,,False
17,X7I4680R,1,김기현,지역구,울산 남구을,울산광역시 남구 을,,,한나라당,한나라당,한나라당,한나라당,2004-05-30,2008-05-29,general,term_end,term_end,,term_start,,term_end,,,,,,,,2004.05.30 ~ 2008.05.29,제17대 한나라당 울산 남구을,nexgtxtmaamffofof,김기현 (1959년),41080768,,,False
17,X7K8338U,1,박성범,지역구,서울 중구,서울특별시 중구,,,한나라당,한나라당,무소속,한나라당,2004-05-30,2008-05-29,general,term_end,term_end,,term_start,,term_end,,,,,,,,2004.05.30 ~ 2008.05.29,제17대 한나라당 서울특별시 중구,nfzegpkvaclgtscxt,박성범 (정치인),41080768,,,False
17,XBJ9297Q,1,노영민,지역구,충북 청주시흥덕구을,충청북도 청주시 흥덕구 을,,,열린우리당,열린우리당,통합민주당,열린우리당,2004-05-30,2008-05-29,general,term_end,term_end,,term_start,,term_end,,,,,,,,2004.05.30 ~ 2008.05.29,제17대 열린우리당 충북 청주시흥덕구을,nfzegpkvaclgtscxt,노영민,41080768,,,False
17,XBT9550Q,1,우원식,지역구,서울 노원구을,서울특별시 노원구 을,,,열린우리당,열린우리당,통합민주당,열린우리당,2004-05-30,2008-05-29,general,term_end,term_end,,term_start,,term_end,,,,,,,,2004.05.30 ~ 2008.05.29,제17대 열린우리당 서울특별시 노원구을,nexgtxtmaamffofof,우원식,41080768,,,False
17,XFH9918T,1,유시민,지역구,경기 고양시덕양구갑,경기도 고양시 덕양구 갑,,,열린우리당,열린우리당,무소속,열린우리당,2004-05-30,2008-05-29,general,term_end,term_end,,term_start,,term_end,,,,,,,,2004.05.30 ~ 2008.05.29,제17대 열린우리당 경기도 고양시덕양구갑,nfzegpkvaclgtscxt,유시민,41080768,,,False
17,XGQ9659R,1,이한구,지역구,대구 수성구갑,대구광역시 수성구 갑,,,한나라당,한나라당,한나라당,한나라당,2004-05-30,2008-05-29,general,term_end,term_end,,term_start,,term_end,,,,,,,,2004.05.30 ~ 2008.05.29,제17대 한나라당 대구광역시 수성구갑,nfzegpkvaclgtscxt,이한구 (정치인),41080768,,,False
17,XQ98168F,1,강길부,지역구,울산 울주군,울산광역시 울주군,,,열린우리당,열린우리당,무소속,열린우리당,2004-05-30,2008-05-29,general,term_end,term_end,,term_start,,term_end,,,,,,,,2004.05.30 ~ 2008.05.29,제17대 열린우리당 울산광역시 울주군,nfzegpkvaclgtscxt,강길부,41080768,,,False
17,XTQ62716,1,박명광,비례대표,비례대표,,열린우리당,12,열린우리당,열린우리당,통합민주당,열린우리당,2004-05-30,2008-05-29,general,term_end,term_end,,term_start,,term_end,,,,,,,,2004.05.30 ~ 2008.05.29,제17대 열린우리당 비례대표,nfzegpkvaclgtscxt,박명광,41080768,,,False
17,XXJ47169,1,문석호,지역구,"충남 서산시,태안군",충청남도 서산시·태안군,,,열린우리당,열린우리당,통합민주당,열린우리당,2004-05-30,2008-05-29,general,term_end,term_end,,term_start,,term_end,,,,,,,,2004.05.30 ~ 2008.05.29,"제17대 열린우리당 충청남도 서산시,태안군",nfzegpkvaclgtscxt,문석호,41080768,,,False
17,XY451321,1,김맹곤,지역구,경남 김해시,경상남도 김해시 갑,,,열린우리당,열린우리당,열린우리당,열린우리당,2004-05-30,2005-03-25,general,disqualified,court_ruling_election_law,선거법 위반으로 의원직 상실 / 의원직 상실,term_start,,confirmed,wikilist,,2005-03-25,,2005-03-27,,,2004.05.30 ~ 2005.03.25,제17대 열린우리당 경남 김해시,nfzegpkvaclgtscxt,김맹곤,41080768,41820105,,False
17,Y009633J,1,배기선,지역구,경기 부천시원미구을,경기도 부천시 원미구 을,,,열린우리당,열린우리당,통합민주당,열린우리당,2004-05-30,2008-05-29,general,term_end,term_end,,term_start,,term_end,,,,,,,,2004.05.30 ~ 2008.05.29,제17대 열린우리당 경기도 부천시원미구을,nfzegpkvaclgtscxt,배기선,41080768,,,False
17,YE691699,1,이규택,지역구,"경기 이천시,여주군",경기도 이천시·여주군,,,한나라당,한나라당,친박연대,한나라당,2004-05-30,2008-05-29,general,term_end,term_end,,term_start,,term_end,,,,,,,,2004.05.30 ~ 2008.05.29,"제17대 한나라당 경기 이천시,여주군",nfzegpkvaclgtscxt,이규택,41080768,,,False
17,YKA9050K,1,홍재형,지역구,충북 청주시상당구,충청북도 청주시 상당구,,,열린우리당,열린우리당,통합민주당,열린우리당,2004-05-30,2008-05-29,general,term_end,term_end,,term_start,,term_end,,,,,,,,2004.05.30 ~ 2008.05.29,제17대 열린우리당 충북 청주시상당구,nfzegpkvaclgtscxt,홍재형,41080768,,,False
17,YLM7354D,1,유필우,지역구,인천 남구갑,인천광역시 남구 갑,,,열린우리당,열린우리당,통합민주당,열린우리당,2004-05-30,2008-05-29,general,term_end,term_end,,term_start,,term_end,,,,,,,,2004.05.30 ~ 2008.05.29,제17대 열린우리당 인천광역시 남구갑,nfzegpkvaclgtscxt,유필우,41080768,41820105,,False
17,YLM92014,1,박순자,비례대표,비례대표,,한나라당,21,한나라당,한나라당,한나라당,한나라당,2004-05-30,2008-05-29,general,term_end,term_end,,term_start,,term_end,,,,,,,,2004.05.30 ~ 2008.05.29,제17대 한나라당 비례대표,nfzegpkvaclgtscxt,박순자,41080768,,,False
17,Z206474J,1,서상기,비례대표,비례대표,,한나라당,20,한나라당,한나라당,한나라당,한나라당,2004-05-30,2008-05-29,general,term_end,term_end,,term_start,,term_end,,,,,,,,2004.05.30 ~ 2008.05.29,제17대 한나라당 비례대표,nfzegpkvaclgtscxt,서상기 (정치인),41080768,,,False
17,Z7A57920,1,손봉숙,비례대표,비례대표,,새천년민주당,1,새천년민주당,새천년민주당,통합민주당,새천년민주당,2004-05-30,2008-05-29,general,term_end,term_end,,term_start,,term_end,,,,,,,,2004.05.30 ~ 2008.05.29,제17대 새천년민주당 비례대표,nfzegpkvaclgtscxt,손봉숙,41080768,,,False
17,ZA54991S,1,안민석,지역구,경기 오산시화성군,경기도 오산시,,,열린우리당,열린우리당,통합민주당,열린우리당,2004-05-30,2008-05-29,general,term_end,term_end,,term_start,,term_end,,,,,,,,2004.05.30 ~ 2008.05.29,제17대 열린우리당 경기 오산시화성군,nfzegpkvaclgtscxt,안민석,41080768,,,False
17,ZAD6422F,1,허천,지역구,강원 춘천시,강원도 춘천시,,,한나라당,한나라당,한나라당,한나라당,2004-05-30,2008-05-29,general,term_end,term_end,,term_start,,term_end,,,,,,,,2004.05.30 ~ 2008.05.29,제17대 한나라당 강원도 춘천시,nfzegpkvaclgtscxt,허천 (정치인),41080768,,,False
17,ZF959220,1,안경률,지역구,부산 해운대구 기장군을,부산광역시 해운대구·기장군 을,,,한나라당,한나라당,한나라당,한나라당,2004-05-30,2008-05-29,general,term_end,term_end,,term_start,,term_end,,,,,,,,2004.05.30 ~ 2008.05.29,제17대 한나라당 부산광역시 해운대구 기장군을,nfzegpkvaclgtscxt,안경률,41080768,,,False
17,ZKU1175F,1,노현송,지역구,서울 강서구을,서울특별시 강서구 을,,,열린우리당,열린우리당,통합민주당,열린우리당,2004-05-30,2008-05-29,general,term_end,term_end,,term_start,,term_end,,,,,,,,2004.05.30 ~ 2008.05.29,제17대 열린우리당 서울특별시 강서구을,nfzegpkvaclgtscxt,노현송,41080768,41820105,,False
17,ZLG77338,1,구논회,지역구,대전 서구을,대전광역시 서구 을,,,열린우리당,열린우리당,열린우리당,열린우리당,2004-05-30,2006-11-05,general,died,died,암으로 인한 사망로 인해 퇴직 / 사망,term_start,,confirmed,wikilist+wikiseat,,2006-11-05,,2006-11-05,,,2004.05.30 ~ 2006.11.05,제17대 열린우리당 대전광역시 서구을,nfzegpkvaclgtscxt,구논회,41080768,41820105,,False
17,ZO74670Y,1,이철우,지역구,"경기 연천군,포천군",경기도 포천시·연천군,,,열린우리당,열린우리당,열린우리당,열린우리당,2004-05-30,2005-03-25,general,disqualified,court_ruling_election_law,선거법 위반으로 의원직 상실 / 의원직 상실,term_start,,confirmed,wikilist,,2005-03-25,,2005-03-28,,,2004.05.30 ~ 2005.03.25,"제17대 열린우리당 경기 연천군,포천군",nfzegpkvaclgtscxt,이철우 (1960년),41080768,41820105,,False
17,ZX71333R,1,한선교,지역구,경기 용인시을,경기도 용인시 을,,,한나라당,한나라당,무소속,한나라당,2004-05-30,2008-05-29,general,term_end,term_end,,term_start,,term_end,,,,,,,,2004.05.30 ~ 2008.05.29,제17대 한나라당 경기도 용인시을,nfzegpkvaclgtscxt,한선교,41080768,,,False
17,ZY76641C,1,김병호,지역구,부산 부산진구갑,부산광역시 부산진구 갑,,,한나라당,한나라당,무소속,한나라당,2004-05-30,2007-12-13,general,disqualified,court_ruling_election_law,선거법 위반으로 대법원에서 의원직 상실 / 의원직 상실,term_start,,confirmed,wikilist+wikiseat,,2007-12-13,,2007-12-13,,,2004.05.30 ~ 2007.12.13,제17대 한나라당 부산광역시 부산진구갑,nfzegpkvaclgtscxt,김병호 (1943년),41080768,41820105,,False
17,ZYH1940A,1,이상민,지역구,대전 유성구,대전광역시 유성구,,,열린우리당,열린우리당,자유선진당,열린우리당,2004-05-30,2008-05-29,general,term_end,term_end,,term_start,,term_end,,,,,,,,2004.05.30 ~ 2008.05.29,제17대 열린우리당 대전광역시 유성구,nfzegpkvaclgtscxt,이상민 (1958년),41080768,,,False
18,0135473I,1,이군현,지역구,경남 통영시고성군,경상남도 통영시·고성군,,,한나라당,한나라당,새누리당,한나라당,2008-05-30,2012-05-29,general,term_end,term_end,,term_start,,term_end,,,,,,,,2008.05.30 ~ 2012.05.29,제18대 한나라당 경남 통영시고성군,nfzegpkvaclgtscxt,이군현,40331558,,,False
18,04H1337G,1,이명규,지역구,대구 북구갑,대구광역시 북구 갑,,,한나라당,한나라당,무소속,한나라당,2008-05-30,2012-05-29,general,term_end,term_end,,term_start,,term_end,,,,,,,,2008.05.30 ~ 2012.05.29,제18대 한나라당 대구 북구갑,nfzegpkvaclgtscxt,이명규 (1956년),40331558,,,False
18,0667420L,1,이윤석,지역구,"전남 무안군,신안군",전라남도 무안군·신안군,,,무소속,무소속,민주통합당,무소속,2008-05-30,2012-05-29,general,term_end,term_end,,term_start,,term_end,,,,,,,,2008.05.30 ~ 2012.05.29,"제18대 무소속 전남 무안군,신안군",nfzegpkvaclgtscxt,이윤석 (1960년),40331558,,,False
18,06L2365K,1,홍일표,지역구,인천 남구갑,인천광역시 남구 갑,,,한나라당,한나라당,새누리당,한나라당,2008-05-30,2012-05-29,general,term_end,term_end,,term_start,,term_end,,,,,,,,2008.05.30 ~ 2012.05.29,제18대 한나라당 인천 남구갑,nfzegpkvaclgtscxt,홍일표,40331558,,,False
18,0767470D,1,이낙연,지역구,전남 함평군영광군장성군,전라남도 함평군·영광군·장성군,,,통합민주당,통합민주당2008,민주통합당,통합민주당,2008-05-30,2012-05-29,general,term_end,term_end,,term_start,,term_end,,,,,,,,2008.05.30 ~ 2012.05.29,제18대 통합민주당 전남 함평군영광군장성군,nfzegpkvaclgtscxt,이낙연,40331558,,,False
18,0AQ3265T,1,김동성,지역구,서울 성동구을,서울특별시 성동구 을,,,한나라당,한나라당,새누리당,한나라당,2008-05-30,2012-05-29,general,term_end,term_end,,term_start,,term_end,,,,,,,,2008.05.30 ~ 2012.05.29,제18대 한나라당 서울 성동구을,nfzegpkvaclgtscxt,김동성 (1971년),40331558,,,False
18,0E97245Y,1,정양석,지역구,서울 강북구갑,서울특별시 강북구 갑,,,한나라당,한나라당,새누리당,한나라당,2008-05-30,2012-05-29,general,term_end,term_end,,term_start,,term_end,,,,,,,,2008.05.30 ~ 2012.05.29,제18대 한나라당 서울 강북구갑,nfzegpkvaclgtscxt,정양석,40331558,,,False
18,0GX8381G,1,정해걸,지역구,"경북 군위군,의성군,청송군",경상북도 군위군·의성군·청송군,,,무소속,무소속,새누리당,무소속,2008-05-30,2012-05-29,general,term_end,term_end,,term_start,,term_end,,,,,,,,2008.05.30 ~ 2012.05.29,"제18대 무소속 경북 군위군,의성군,청송군",nfzegpkvaclgtscxt,정해걸,40331558,,,False
18,0ID22746,1,이진복,지역구,부산 동래구,부산광역시 동래구,,,무소속,무소속,새누리당,무소속,2008-05-30,2012-05-29,general,term_end,term_end,,term_start,,term_end,,,,,,,,2008.05.30 ~ 2012.05.29,제18대 무소속 부산 동래구,nfzegpkvaclgtscxt,이진복 (1957년),40331558,,,False
18,0P85685J,1,이회창,지역구,충남 홍성군예산군,충청남도 홍성군·예산군,,,자유선진당,자유선진당,무소속,자유선진당,2008-05-30,2012-05-29,general,term_end,term_end,,term_start,,term_end,,,,,,,,2008.05.30 ~ 2012.05.29,제18대 자유선진당 충남 홍성군예산군,nfzegpkvaclgtscxt,이회창,40331558,,,False
18,0WH9705X,1,전재희,지역구,경기 광명시을,경기도 광명시 을,,,한나라당,한나라당,새누리당,한나라당,2008-05-30,2012-05-29,general,term_end,term_end,,term_start,,term_end,,,,,,,,2008.05.30 ~ 2012.05.29,제18대 한나라당 경기 광명시을,nfzegpkvaclgtscxt,전재희,40331558,,,False
18,0XK21509,1,안효대,지역구,울산 동구,울산광역시 동구,,,한나라당,한나라당,새누리당,한나라당,2008-05-30,2012-05-29,general,term_end,term_end,,term_start,,term_end,,,,,,,,2008.05.30 ~ 2012.05.29,제18대 한나라당 울산 동구,nfzegpkvaclgtscxt,안효대,40331558,,,False
18,0Y39862U,1,최철국,지역구,경남 김해시을,경상남도 김해시 을,,,통합민주당,통합민주당2008,민주당,통합민주당,2008-05-30,2010-12-09,general,disqualified,court_ruling_election_law,정치자금법 위반으로 의원직 상실 / 의원직 상실,term_start,,confirmed,wikilist,,2010-12-09,,2010-12-10,,,2008.05.30 ~ 2010.12.09,제18대 통합민주당 경남 김해시을,nfzegpkvaclgtscxt,최철국,40331558,41820092,,False
18,1C04271Z,1,김영환,지역구,경기 안산시상록구을,경기도 안산시 상록구 을,,,민주당,민주당2008,민주통합당,민주당,2009-10-28,2012-05-29,by_election,term_end,term_end,,confirmed,wikilist,term_end,,2009-10-28,,2009-10-29,,,,2009.10.28 ~ 2012.05.29,제18대 민주당 경기 안산시상록구을,nfzegpkvaclgtscxt,김영환 (1955년),40331558,41820092,,False
18,1EL35837,1,원희룡,지역구,서울 양천구갑,서울특별시 양천구 갑,,,한나라당,한나라당,새누리당,한나라당,2008-05-30,2012-05-29,general,term_end,term_end,,term_start,,term_end,,,,,,,,2008.05.30 ~ 2012.05.29,제18대 한나라당 서울 양천구갑,nfzegpkvaclgtscxt,원희룡,40331558,,,False
18,1FK74463,1,류근찬,지역구,충남 보령시서천군,충청남도 보령시·서천군,,,자유선진당,자유선진당,자유선진당,자유선진당,2008-05-30,2012-05-29,general,term_end,term_end,,term_start,,term_end,,,,,,,,2008.05.30 ~ 2012.05.29,제18대 자유선진당 충남 보령시서천군,nfzegpkvaclgtscxt,류근찬,40331558,,,False
18,1G96387U,1,조진형,지역구,인천 부평구갑,인천광역시 부평구 갑,,,한나라당,한나라당,새누리당,한나라당,2008-05-30,2012-05-29,general,term_end,term_end,,term_start,,term_end,,,,,,,,2008.05.30 ~ 2012.05.29,제18대 한나라당 인천 부평구갑,nfzegpkvaclgtscxt,조진형,40331558,,,False
18,1MB8686B,1,권경석,지역구,경남 창원시갑,경상남도 창원시 갑,,,한나라당,한나라당,새누리당,한나라당,2008-05-30,2012-05-29,general,term_end,term_end,,term_start,,term_end,,,,,,,,2008.05.30 ~ 2012.05.29,제18대 한나라당 경남 창원시갑,nfzegpkvaclgtscxt,권경석,40331558,,,False
18,1PK82111,1,강기정,지역구,광주 북구갑,광주광역시 북구 갑,,,통합민주당,통합민주당2008,민주통합당,통합민주당,2008-05-30,2012-05-29,general,term_end,term_end,,term_start,,term_end,,,,,,,,2008.05.30 ~ 2012.05.29,제18대 통합민주당 광주 북구갑,nfzegpkvaclgtscxt,강기정,40331558,,,False
18,1U115589,1,장세환,지역구,전북 전주시완산구을,전라북도 전주시 완산구 을,,,통합민주당,통합민주당2008,민주통합당,통합민주당,2008-05-30,2012-05-29,general,term_end,term_end,,term_start,,term_end,,,,,,,,2008.05.30 ~ 2012.05.29,제18대 통합민주당 전북 전주시완산구을,nfzegpkvaclgtscxt,장세환,40331558,,,False
18,21U3017N,1,신낙균,비례대표,비례대표,,통합민주당,9,통합민주당,통합민주당2008,민주통합당,통합민주당,2008-05-30,2012-05-29,general,term_end,term_end,,term_start,,term_end,,,,,,,,2008.05.30 ~ 2012.05.29,제18대 통합민주당 비례대표,nfzegpkvaclgtscxt,신낙균,40331558,,,False
18,25G2571T,1,전현희,비례대표,비례대표,,통합민주당,7,통합민주당,통합민주당2008,민주통합당,통합민주당,2008-05-30,2012-05-29,general,term_end,term_end,,term_start,,term_end,,,,,,,,2008.05.30 ~ 2012.05.29,제18대 통합민주당 비례대표,nexgtxtmaamffofof,전현희,40331558,,,False
18,2ML68608,1,강성종,지역구,경기 의정부시을,경기도 의정부시 을,,,통합민주당,통합민주당2008,민주통합당,통합민주당,2008-05-30,2012-05-10,general,disqualified,court_ruling_other_or_unspecified,학교 자금 횡령 혐의으로 의원직 상실 / 의원직 상실,term_start,,confirmed,wikilist,,2012-05-10,,2012-05-11,,,2008.05.30 ~ 2012.05.10,제18대 통합민주당 경기 의정부시을,nfzegpkvaclgtscxt,강성종 (정치인),40331558,41820092,,False
18,2QE48823,1,장윤석,지역구,경북 영주시,경상북도 영주시,,,한나라당,한나라당,새누리당,한나라당,2008-05-30,2012-05-29,general,term_end,term_end,,term_start,,term_end,,,,,,,,2008.05.30 ~ 2012.05.29,제18대 한나라당 경북 영주시,nfzegpkvaclgtscxt,장윤석 (1950년),40331558,,,False
18,2WQ6656P,1,김세연,지역구,부산 금정구,부산광역시 금정구,,,무소속,무소속,새누리당,무소속,2008-05-30,2012-05-29,general,term_end,term_end,,term_start,,term_end,,,,,,,,2008.05.30 ~ 2012.05.29,제18대 무소속 부산 금정구,nfzegpkvaclgtscxt,김세연 (1972년),40331558,,,False
18,2XI97689,1,이종구,지역구,서울 강남구갑,서울특별시 강남구 갑,,,한나라당,한나라당,새누리당,한나라당,2008-05-30,2012-05-29,general,term_end,term_end,,term_start,,term_end,,,,,,,,2008.05.30 ~ 2012.05.29,제18대 한나라당 서울 강남구갑,nfzegpkvaclgtscxt,이종구 (1950년),40331558,,,False
18,34Y32105,1,임해규,지역구,경기 부천시원미구갑,경기도 부천시 원미구 갑,,,한나라당,한나라당,새누리당,한나라당,2008-05-30,2012-05-29,general,term_end,term_end,,term_start,,term_end,,,,,,,,2008.05.30 ~ 2012.05.29,제18대 한나라당 경기 부천시원미구갑,nfzegpkvaclgtscxt,임해규,40331558,,,False
18,3538970J,1,김을동,비례대표,비례대표,,친박연대,5,친박연대,친박연대,새누리당,친박연대,2008-05-30,2012-05-29,general,term_end,term_end,,term_start,,term_end,,,,,,,,2008.05.30 ~ 2012.05.29,제18대 친박연대 비례대표,nfzegpkvaclgtscxt,김을동,40331558,,,False
18,37K34903,1,홍희덕,비례대표,비례대표,,민주노동당,2,민주노동당,민주노동당,통합진보당,민주노동당,2008-05-30,2012-05-29,general,term_end,term_end,,term_start,,term_end,,,,,,,,2008.05.30 ~ 2012.05.29,제18대 민주노동당 비례대표,nfzegpkvaclgtscxt,홍희덕,40331558,,,False
18,3D684981,1,신지호,지역구,서울 도봉구갑,서울특별시 도봉구 갑,,,한나라당,한나라당,새누리당,한나라당,2008-05-30,2012-05-29,general,term_end,term_end,,term_start,,term_end,,,,,,,,2008.05.30 ~ 2012.05.29,제18대 한나라당 서울 도봉구갑,nfzegpkvaclgtscxt,신지호 (정치인),40331558,,,False
18,3EW5478Q,1,유정현,지역구,서울 중랑구갑,서울특별시 중랑구 갑,,,한나라당,한나라당,무소속,한나라당,2008-05-30,2012-05-29,general,term_end,term_end,,term_start,,term_end,,,,,,,,2008.05.30 ~ 2012.05.29,제18대 한나라당 서울 중랑구갑,nfzegpkvaclgtscxt,유정현 (1967년),40331558,,,False
18,3O66539X,1,김성곤,지역구,전남 여수시갑,전라남도 여수시 갑,,,통합민주당,통합민주당2008,민주통합당,통합민주당,2008-05-30,2012-05-29,general,term_end,term_end,,term_start,,term_end,,,,,,,,2008.05.30 ~ 2012.05.29,제18대 통합민주당 전남 여수시갑,nfzegpkvaclgtscxt,김성곤 (1952년),40331558,,,False
18,3RK46312,1,이정선,비례대표,비례대표,,한나라당,5,한나라당,한나라당,새누리당,한나라당,2008-05-30,2012-05-29,general,term_end,term_end,,term_start,,term_end,,,,,,,,2008.05.30 ~ 2012.05.29,제18대 한나라당 비례대표,nfzegpkvaclgtscxt,이정선 (1960년),40331558,,,False
18,3SP89633,1,천정배,지역구,경기 안산시단원구갑,경기도 안산시 단원구 갑,,,통합민주당,통합민주당2008,민주통합당,통합민주당,2008-05-30,2012-05-29,general,term_end,term_end,,term_start,,term_end,,,,,,,,2008.05.30 ~ 2012.05.29,제18대 통합민주당 경기 안산시단원구갑,nfzegpkvaclgtscxt,천정배,40331558,,,False
18,3TF1550T,1,권영길,지역구,경남 창원시을,경상남도 창원시 을,,,민주노동당,민주노동당,통합진보당,민주노동당,2008-05-30,2012-05-29,general,term_end,term_end,,term_start,,term_end,,,,,,,,2008.05.30 ~ 2012.05.29,제18대 민주노동당 경남 창원시을,nfzegpkvaclgtscxt,권영길,40331558,,,False
18,3ZP1685J,1,박기춘,지역구,경기 남양주시을,경기도 남양주시 을,,,통합민주당,통합민주당2008,민주통합당,통합민주당,2008-05-30,2012-05-29,general,term_end,term_end,,term_start,,term_end,,,,,,,,2008.05.30 ~ 2012.05.29,제18대 통합민주당 경기 남양주시을,nfzegpkvaclgtscxt,박기춘,40331558,,,False
18,42K7317Y,1,강승규,지역구,서울 마포구갑,서울특별시 마포구 갑,,,한나라당,한나라당,새누리당,한나라당,2008-05-30,2012-05-29,general,term_end,term_end,,term_start,,term_end,,,,,,,,2008.05.30 ~ 2012.05.29,제18대 한나라당 서울 마포구갑,nexgtxtmaamffofof,강승규,40331558,,,False
18,44936542,1,박종근,지역구,대구 달서구갑,대구광역시 달서구 갑,,,친박연대,친박연대,무소속,친박연대,2008-05-30,2012-05-29,general,term_end,term_end,,term_start,,term_end,,,,,,,,2008.05.30 ~ 2012.05.29,제18대 친박연대 대구 달서구갑,nfzegpkvaclgtscxt,박종근 (1937년),40331558,,,False
18,4A067125,1,이광재,지역구,"강원 태백시,영월,평창,정선군",강원도 태백시·영월군·평창군·정선군,,,통합민주당,통합민주당2008,민주당,통합민주당,2008-05-30,2010-05-13,general,resigned,resigned_to_run_for_other_office,강원지사 출마로 인한 사퇴 / 의원직 사퇴,term_start,,api_later_than_wiki,wikilist=2010-04-28; wikiseat=2010-04-28,,2010-04-28,,2010-04-28,,,2008.05.30 ~ 2010.05.13,"제18대 통합민주당 강원 태백시,영월,평창,정선군",nexgtxtmaamffofof,이광재 (정치인),40331558,41820092,,False
18,4B859597,1,서종표,비례대표,비례대표,,통합민주당,8,통합민주당,통합민주당2008,민주통합당,통합민주당,2008-05-30,2012-05-29,general,term_end,term_end,,term_start,,term_end,,,,,,,,2008.05.30 ~ 2012.05.29,제18대 통합민주당 비례대표,nfzegpkvaclgtscxt,서종표,40331558,,,False
18,4D93608C,1,원희목,비례대표,비례대표,,한나라당,16,한나라당,한나라당,새누리당,한나라당,2008-05-30,2012-05-29,general,term_end,term_end,,term_start,,term_end,,,,,,,,2008.05.30 ~ 2012.05.29,제18대 한나라당 비례대표,nfzegpkvaclgtscxt,원희목,40331558,,,False
18,4G45218X,1,심대평,지역구,충남 공주시연기군,충청남도 공주시·연기군,,,자유선진당,자유선진당,자유선진당,자유선진당,2008-05-30,2012-05-29,general,term_end,term_end,,term_start,,term_end,,,,,,,,2008.05.30 ~ 2012.05.29,제18대 자유선진당 충남 공주시연기군,nfzegpkvaclgtscxt,심대평,40331558,,,False
18,4HB8518T,1,박근혜,지역구,대구 달성군,대구광역시 달성군,,,한나라당,한나라당,새누리당,한나라당,2008-05-30,2012-05-29,general,term_end,term_end,,term_start,,term_end,,,,,,,,2008.05.30 ~ 2012.05.29,제18대 한나라당 대구 달성군,nfzegpkvaclgtscxt,박근혜,40331558,,,False
18,4MX3134T,1,김형오,지역구,부산 영도구,부산광역시 영도구,,,한나라당,한나라당,새누리당,한나라당,2008-05-30,2012-05-29,general,term_end,term_end,,term_start,,term_end,,,,,,,,2008.05.30 ~ 2012.05.29,제18대 한나라당 부산 영도구,nfzegpkvaclgtscxt,김형오,40331558,41820092,,False
18,4NU4867S,1,구상찬,지역구,서울 강서구갑,서울특별시 강서구 갑,,,한나라당,한나라당,새누리당,한나라당,2008-05-30,2012-05-29,general,term_end,term_end,,term_start,,term_end,,,,,,,,2008.05.30 ~ 2012.05.29,제18대 한나라당 서울 강서구갑,nfzegpkvaclgtscxt,구상찬,40331558,,,False
18,4T21524D,1,성윤환,지역구,경북 상주시,경상북도 상주시,,,무소속,무소속,무소속,무소속,2008-05-30,2012-05-29,general,term_end,term_end,,term_start,,term_end,,,,,,,,2008.05.30 ~ 2012.05.29,제18대 무소속 경북 상주시,nfzegpkvaclgtscxt,성윤환,40331558,,,False
18,4Y54669I,1,서청원,비례대표,비례대표,,친박연대,2,친박연대,친박연대,친박연대,친박연대,2008-05-30,2009-05-14,general,disqualified,court_ruling_election_law,당선무효판결 확정 / 의원직 상실,term_start,,confirmed,wikilist+wikiseat,,2009-05-14,,2009-05-14,,,2008.05.30 ~ 2009.05.14,제18대 친박연대 비례대표,nfzegpkvaclgtscxt,서청원,40331558,41820092,,False
18,4Z38561R,1,이범관,지역구,경기 이천시여주군,경기도 이천시·여주군,,,한나라당,한나라당,새누리당,한나라당,2008-05-30,2012-05-29,general,term_end,term_end,,term_start,,term_end,,,,,,,,2008.05.30 ~ 2012.05.29,제18대 한나라당 경기 이천시여주군,nfzegpkvaclgtscxt,이범관 (1943년),40331558,,,False
18,53Y1887H,1,최규성,지역구,전북 김제시완주군,전라북도 김제시·완주군,,,통합민주당,통합민주당2008,민주통합당,통합민주당,2008-05-30,2012-05-29,general,term_end,term_end,,term_start,,term_end,,,,,,,,2008.05.30 ~ 2012.05.29,제18대 통합민주당 전북 김제시완주군,nfzegpkvaclgtscxt,최규성,40331558,,,False
18,54B18425,1,차명진,지역구,경기 부천시소사구,경기도 부천시 소사구,,,한나라당,한나라당,새누리당,한나라당,2008-05-30,2012-05-29,general,term_end,term_end,,term_start,,term_end,,,,,,,,2008.05.30 ~ 2012.05.29,제18대 한나라당 경기 부천시소사구,nfzegpkvaclgtscxt,차명진,40331558,,,False
18,5JA4781U,1,김영록,지역구,"전남 해남,완도,진도군",전라남도 해남군·완도군·진도군,,,무소속,무소속,민주통합당,무소속,2008-05-30,2012-05-29,general,term_end,term_end,,term_start,,term_end,,,,,,,,2008.05.30 ~ 2012.05.29,"제18대 무소속 전남 해남,완도,진도군",nfzegpkvaclgtscxt,김영록,40331558,,,False
18,5KI6669W,1,김노식,비례대표,비례대표,,친박연대,3,친박연대,친박연대,친박연대,친박연대,2008-05-30,2009-05-14,general,disqualified,court_ruling_election_law,당선무효판결 확정 / 의원직 상실,term_start,,confirmed,wikilist+wikiseat,,2009-05-14,,2009-05-14,,,2008.05.30 ~ 2009.05.14,제18대 친박연대 비례대표,nfzegpkvaclgtscxt,김노식,40331558,41820092,,False
18,5KV82250,1,조경태,지역구,부산 사하구을,부산광역시 사하구 을,,,통합민주당,통합민주당2008,민주통합당,통합민주당,2008-05-30,2012-05-29,general,term_end,term_end,,term_start,,term_end,,,,,,,,2008.05.30 ~ 2012.05.29,제18대 통합민주당 부산 사하구을,nexgtxtmaamffofof,조경태,40331558,,,False
18,5YX7831C,1,정몽준,지역구,서울 동작구을,서울특별시 동작구 을,,,한나라당,한나라당,새누리당,한나라당,2008-05-30,2012-05-29,general,term_end,term_end,,term_start,,term_end,,,,,,,,2008.05.30 ~ 2012.05.29,제18대 한나라당 서울 동작구을,nfzegpkvaclgtscxt,정몽준,40331558,,,False
18,63J3777V,1,유정복,지역구,경기 김포시,경기도 김포시,,,한나라당,한나라당,새누리당,한나라당,2008-05-30,2012-05-29,general,term_end,term_end,,term_start,,term_end,,,,,,,,2008.05.30 ~ 2012.05.29,제18대 한나라당 경기 김포시,nfzegpkvaclgtscxt,유정복,40331558,,,False
18,64G6894C,1,김정훈,지역구,부산 남구갑,부산광역시 남구 갑,,,한나라당,한나라당,새누리당,한나라당,2008-05-30,2012-05-29,general,term_end,term_end,,term_start,,term_end,,,,,,,,2008.05.30 ~ 2012.05.29,제18대 한나라당 부산 남구갑,nfzegpkvaclgtscxt,김정훈 (정치인),40331558,,,False
18,6DG91769,1,원혜영,지역구,경기 부천시오정구,경기도 부천시 오정구,,,통합민주당,통합민주당2008,민주통합당,통합민주당,2008-05-30,2012-05-29,general,term_end,term_end,,term_start,,term_end,,,,,,,,2008.05.30 ~ 2012.05.29,제18대 통합민주당 경기 부천시오정구,nfzegpkvaclgtscxt,원혜영,40331558,,,False
18,6GI61964,1,권택기,지역구,서울 광진구갑,서울특별시 광진구 갑,,,한나라당,한나라당,새누리당,한나라당,2008-05-30,2012-05-29,general,term_end,term_end,,term_start,,term_end,,,,,,,,2008.05.30 ~ 2012.05.29,제18대 한나라당 서울 광진구갑,nfzegpkvaclgtscxt,권택기,40331558,,,False
18,6MT5042E,1,이인기,지역구,경북 고령군성주군칠곡군,경상북도 고령군·성주군·칠곡군,,,무소속,무소속,새누리당,무소속,2008-05-30,2012-05-29,general,term_end,term_end,,term_start,,term_end,,,,,,,,2008.05.30 ~ 2012.05.29,제18대 무소속 경북 고령군성주군칠곡군,nfzegpkvaclgtscxt,이인기 (1953년),40331558,,,False
18,6SQ9031K,1,조전혁,지역구,인천 남동구을,인천광역시 남동구 을,,,한나라당,한나라당,새누리당,한나라당,2008-05-30,2012-05-29,general,term_end,term_end,,term_start,,term_end,,,,,,,,2008.05.30 ~ 2012.05.29,제18대 한나라당 인천 남동구을,nfzegpkvaclgtscxt,조전혁,40331558,,,False
18,6UE9476K,1,문국현,지역구,서울 은평구을,서울특별시 은평구 을,,,창조한국당,창조한국당,창조한국당,창조한국당,2008-05-30,2009-10-22,general,disqualified,court_ruling_election_law,당선무효판결 확정 / 의원직 상실,term_start,,confirmed,wikilist+wikiseat,,2009-10-22,,2009-10-22,,,2008.05.30 ~ 2009.10.22,제18대 창조한국당 서울 은평구을,nfzegpkvaclgtscxt,문국현,40331558,41820092,,False
18,6YT83269,1,이명수,지역구,충남 아산시,충청남도 아산시,,,자유선진당,자유선진당,자유선진당,자유선진당,2008-05-30,2012-05-29,general,term_end,term_end,,term_start,,term_end,,,,,,,,2008.05.30 ~ 2012.05.29,제18대 자유선진당 충남 아산시,nfzegpkvaclgtscxt,이명수 (1955년),40331558,,,False
18,71M8132V,1,신상진,지역구,경기 성남시중원구,경기도 성남시 중원구,,,한나라당,한나라당,새누리당,한나라당,2008-05-30,2012-05-29,general,term_end,term_end,,term_start,,term_end,,,,,,,,2008.05.30 ~ 2012.05.29,제18대 한나라당 경기 성남시중원구,nfzegpkvaclgtscxt,신상진,40331558,,,False
18,7AN97172,1,이정현,비례대표,비례대표,,한나라당,22,한나라당,한나라당,새누리당,한나라당,2008-05-30,2012-05-29,general,term_end,term_end,,term_start,,term_end,,,,,,,,2008.05.30 ~ 2012.05.29,제18대 한나라당 비례대표,nfzegpkvaclgtscxt,이정현 (정치인),40331558,,,False
18,7GP7701F,1,박은수,비례대표,비례대표,,통합민주당,2,통합민주당,통합민주당2008,민주통합당,통합민주당,2008-05-30,2012-05-29,general,term_end,term_end,,term_start,,term_end,,,,,,,,2008.05.30 ~ 2012.05.29,제18대 통합민주당 비례대표,nfzegpkvaclgtscxt,박은수 (1956년),40331558,,,False
18,7NN1740A,1,임두성,비례대표,비례대표,,한나라당,2,한나라당,한나라당,한나라당,한나라당,2008-05-30,2010-09-09,general,disqualified,court_ruling_election_law,임두성 정치자금법 위반 혐의로 당선무효형 최경희 승계 / 의원직 상실,term_start,,confirmed,wikilist+wikiseat,,2010-09-09,,2010-09-09,,,2008.05.30 ~ 2010.09.09,제18대 한나라당 비례대표,nfzegpkvaclgtscxt,임두성,40331558,41820092,,False
18,7PU7009N,1,강봉균,지역구,전북 군산시,전라북도 군산시,,,통합민주당,통합민주당2008,무소속,통합민주당,2008-05-30,2012-05-29,general,term_end,term_end,,term_start,,term_end,,,,,,,,2008.05.30 ~ 2012.05.29,제18대 통합민주당 전북 군산시,nfzegpkvaclgtscxt,강봉균 (정치인),40331558,,,False
18,7XM9484U,1,신영수,지역구,경기 성남시수정구,경기도 성남시 수정구,,,한나라당,한나라당,새누리당,한나라당,2008-05-30,2012-05-29,general,term_end,term_end,,term_start,,term_end,,,,,,,,2008.05.30 ~ 2012.05.29,제18대 한나라당 경기 성남시수정구,nfzegpkvaclgtscxt,신영수 (1951년),40331558,,,False
18,8BF5855P,1,박지원,지역구,전남 목포시,전라남도 목포시,,,무소속,무소속,민주통합당,무소속,2008-05-30,2012-05-29,general,term_end,term_end,,term_start,,term_end,,,,,,,,2008.05.30 ~ 2012.05.29,제18대 무소속 전남 목포시,nexgtxtmaamffofof,박지원 (1942년),40331558,,,False
18,8BY8620U,1,이용희,지역구,충북 보은군옥천군영동군,충청북도 보은군·옥천군·영동군,,,자유선진당,자유선진당,민주통합당,자유선진당,2008-05-30,2012-05-29,general,term_end,term_end,,term_start,,term_end,,,,,,,,2008.05.30 ~ 2012.05.29,제18대 자유선진당 충북 보은군옥천군영동군,nfzegpkvaclgtscxt,이용희 (1931년),40331558,,,False
18,8DK7238W,1,백재현,지역구,경기 광명시갑,경기도 광명시 갑,,,통합민주당,통합민주당2008,민주통합당,통합민주당,2008-05-30,2012-05-29,general,term_end,term_end,,term_start,,term_end,,,,,,,,2008.05.30 ~ 2012.05.29,제18대 통합민주당 경기 광명시갑,nfzegpkvaclgtscxt,백재현 (정치인),40331558,,,False
18,8G72444I,1,이시종,지역구,충북 충주시,충청북도 충주시,,,통합민주당,통합민주당2008,민주당,통합민주당,2008-05-30,2010-05-13,general,resigned,resigned_to_run_for_other_office,충북지사 출마로 인한 의원직 사퇴 / 의원직 사퇴,term_start,,api_later_than_wiki,wikilist=2010-04-12; wikiseat=2010-04-12,,2010-04-12,,2010-04-12,,,2008.05.30 ~ 2010.05.13,제18대 통합민주당 충북 충주시,nfzegpkvaclgtscxt,이시종,40331558,41820092,,False
18,8I61593E,1,강석호,지역구,"경북 영양,영덕,봉화,울진군",경상북도 영양군·영덕군·봉화군·울진군,,,한나라당,한나라당,새누리당,한나라당,2008-05-30,2012-05-29,general,term_end,term_end,,term_start,,term_end,,,,,,,,2008.05.30 ~ 2012.05.29,"제18대 한나라당 경북 영양,영덕,봉화,울진군",nfzegpkvaclgtscxt,강석호 (1955년),40331558,,,False
18,8IN46764,1,이주영,지역구,경남 마산시갑,경상남도 마산시 갑,,,한나라당,한나라당,새누리당,한나라당,2008-05-30,2012-05-29,general,term_end,term_end,,term_start,,term_end,,,,,,,,2008.05.30 ~ 2012.05.29,제18대 한나라당 경남 마산시갑,nfzegpkvaclgtscxt,이주영 (1951년),40331558,,,False
18,8JS3570T,1,조영택,지역구,광주 서구갑,광주광역시 서구 갑,,,통합민주당,통합민주당2008,무소속,통합민주당,2008-05-30,2012-05-29,general,term_end,term_end,,term_start,,term_end,,,,,,,,2008.05.30 ~ 2012.05.29,제18대 통합민주당 광주 서구갑,nfzegpkvaclgtscxt,조영택,40331558,,,False
18,8QG6926L,1,신건,지역구,전북 전주시완산구갑,전라북도 전주시 완산구 갑,,,무소속,무소속,무소속,무소속,2009-04-29,2012-05-29,by_election,term_end,term_end,,confirmed,wikilist,term_end,,2009-04-29,,2009-04-30,,,,2009.04.29 ~ 2012.05.29,제18대 무소속 전북 전주시완산구갑,nfzegpkvaclgtscxt,신건 (법조인),40331558,41820092,,False
18,8SV6917G,1,주호영,지역구,대구 수성구을,대구광역시 수성구 을,,,한나라당,한나라당,새누리당,한나라당,2008-05-30,2012-05-29,general,term_end,term_end,,term_start,,term_end,,,,,,,,2008.05.30 ~ 2012.05.29,제18대 한나라당 대구 수성구을,nexgtxtmaamffofof,주호영,40331558,,,False
18,8TG3670K,1,이영애,비례대표,비례대표,,자유선진당,1,자유선진당,자유선진당,자유선진당,자유선진당,2008-05-30,2012-05-29,general,term_end,term_end,,term_start,,term_end,,,,,,,,2008.05.30 ~ 2012.05.29,제18대 자유선진당 비례대표,nfzegpkvaclgtscxt,이영애 (법조인),40331558,41820092,,False
18,99J1216Q,1,공성진,지역구,서울 강남구을,서울특별시 강남구 을,,,한나라당,한나라당,한나라당,한나라당,2008-05-30,2011-06-09,general,disqualified,court_ruling_election_law,대법원에서 정치자금법 위반으로 의원직 상실 / 의원직 상실,term_start,,confirmed,wikilist+wikiseat,,2011-06-09,,2011-06-09,,,2008.05.30 ~ 2011.06.09,제18대 한나라당 서울 강남구을,nfzegpkvaclgtscxt,공성진,40331558,41820092,,False
18,99O59850,1,구본철,지역구,인천 부평구을,인천광역시 부평구 을,,,한나라당,한나라당,한나라당,한나라당,2008-05-30,2009-01-15,general,disqualified,court_ruling_other_or_unspecified,대법원에서 당선 무효형 판결으로 의원직 상실 / 의원직 상실,term_start,,confirmed,wikilist+wikiseat,,2009-01-15,,2009-01-15,,,2008.05.30 ~ 2009.01.15,제18대 한나라당 인천 부평구을,nfzegpkvaclgtscxt,구본철 (1959년),40331558,41820092,,False
18,9DF85543,1,허범도,지역구,경남 양산시,경상남도 양산시,,,한나라당,한나라당,한나라당,한나라당,2008-05-30,2009-06-23,general,disqualified,court_ruling_election_law,당선무효판결 확정 / 의원직 상실,term_start,,confirmed,wikilist+wikiseat,,2009-06-23,,2009-06-23,,,2008.05.30 ~ 2009.06.23,제18대 한나라당 경남 양산시,nfzegpkvaclgtscxt,허범도,40331558,41820092,,False
18,9MG6704Y,1,임동규,비례대표,비례대표,,한나라당,20,한나라당,한나라당,새누리당,한나라당,2008-05-30,2012-05-29,general,term_end,term_end,,term_start,,term_end,,,,,,,,2008.05.30 ~ 2012.05.29,제18대 한나라당 비례대표,nfzegpkvaclgtscxt,임동규 (1944년),40331558,,,False
18,9YV1627V,1,강운태,지역구,광주 남구,광주광역시 남구,,,무소속,무소속,민주당,무소속,2008-05-30,2010-05-13,general,resigned,resigned_to_run_for_other_office,광주시장 출마로 인한 의원직 사퇴 / 의원직 사퇴,term_start,,api_later_than_wiki,wikilist=2010-05-07; wikiseat=2010-05-07,,2010-05-07,,2010-05-07,,,2008.05.30 ~ 2010.05.13,제18대 무소속 광주 남구,nfzegpkvaclgtscxt,강운태,40331558,41820092,,False
18,A1M4510O,1,송민순,비례대표,비례대표,,통합민주당,4,통합민주당,통합민주당2008,민주통합당,통합민주당,2008-05-30,2012-05-29,general,term_end,term_end,,term_start,,term_end,,,,,,,,2008.05.30 ~ 2012.05.29,제18대 통합민주당 비례대표,nfzegpkvaclgtscxt,송민순,40331558,,,False
18,A523052O,1,정국교,비례대표,비례대표,,통합민주당,6,통합민주당,통합민주당2008,민주당,통합민주당,2008-05-30,2009-07-09,general,disqualified,court_ruling_election_law,당선무효판결 확정 / 의원직 상실,term_start,,confirmed,wikiseat,,2009-07-06,,2009-07-09,,,2008.05.30 ~ 2009.07.09,제18대 통합민주당 비례대표,nfzegpkvaclgtscxt,정국교,40331558,41820092,,False
18,A5D8747O,1,이정희,비례대표,비례대표,,민주노동당,3,민주노동당,민주노동당,통합진보당,민주노동당,2008-05-30,2012-05-29,general,term_end,term_end,,term_start,,term_end,,,,,,,,2008.05.30 ~ 2012.05.29,제18대 민주노동당 비례대표,nfzegpkvaclgtscxt,이정희 (1969년),40331558,,,False
18,ACS7139Z,1,안상수,지역구,경기 의왕시과천시,경기도 의왕시·과천시,,,한나라당,한나라당,새누리당,한나라당,2008-05-30,2012-05-29,general,term_end,term_end,,term_start,,term_end,,,,,,,,2008.05.30 ~ 2012.05.29,제18대 한나라당 경기 의왕시과천시,nfzegpkvaclgtscxt,안상수 (창원 출신 정치인),40331558,,,False
18,AFM9947E,1,김종률,지역구,"충북 증평,진천,괴산,음성군",충청북도 증평군·진천군·괴산군·음성군,,,통합민주당,통합민주당2008,민주당,통합민주당,2008-05-30,2009-09-24,general,disqualified,court_ruling_other_or_unspecified,피선거권 상실 / 의원직 상실,term_start,,confirmed,wikilist+wikiseat,,2009-09-24,,2009-09-24,,,2008.05.30 ~ 2009.09.24,"제18대 통합민주당 충북 증평,진천,괴산,음성군",nfzegpkvaclgtscxt,김종률,40331558,41820092,,False
18,AFQ26679,1,주광덕,지역구,경기 구리시,경기도 구리시,,,한나라당,한나라당,새누리당,한나라당,2008-05-30,2012-05-29,general,term_end,term_end,,term_start,,term_end,,,,,,,,2008.05.30 ~ 2012.05.29,제18대 한나라당 경기 구리시,nfzegpkvaclgtscxt,주광덕,40331558,,,False
18,AJV31724,1,이학재,지역구,인천 서구강화군갑,인천광역시 서구·강화군 갑,,,한나라당,한나라당,새누리당,한나라당,2008-05-30,2012-05-29,general,term_end,term_end,,term_start,,term_end,,,,,,,,2008.05.30 ~ 2012.05.29,제18대 한나라당 인천 서구강화군갑,nfzegpkvaclgtscxt,이학재 (정치인),40331558,,,False
18,ALY71988,1,홍정욱,지역구,서울 노원구병,서울특별시 노원구 병,,,한나라당,한나라당,새누리당,한나라당,2008-05-30,2012-05-29,general,term_end,term_end,,term_start,,term_end,,,,,,,,2008.05.30 ~ 2012.05.29,제18대 한나라당 서울 노원구병,nfzegpkvaclgtscxt,홍정욱,40331558,,,False
18,AMF4093D,1,김용태,지역구,서울 양천구을,서울특별시 양천구 을,,,한나라당,한나라당,새누리당,한나라당,2008-05-30,2012-05-29,general,term_end,term_end,,term_start,,term_end,,,,,,,,2008.05.30 ~ 2012.05.29,제18대 한나라당 서울 양천구을,nfzegpkvaclgtscxt,김용태 (1968년),40331558,,,False
18,AQZ80083,1,송훈석,지역구,강원 속초시고성군양양군,강원도 속초시·고성군·양양군,,,무소속,무소속,민주통합당,무소속,2008-05-30,2012-05-29,general,term_end,term_end,,term_start,,term_end,,,,,,,,2008.05.30 ~ 2012.05.29,제18대 무소속 강원 속초시고성군양양군,nfzegpkvaclgtscxt,송훈석,40331558,,,False
18,ARP89147,1,정동영,지역구,전북 전주시덕진구,전라북도 전주시 덕진구,,,무소속,무소속,민주통합당,무소속,2009-04-29,2012-05-29,by_election,term_end,term_end,,confirmed,wikilist,term_end,,2009-04-29,,2009-04-30,,,,2009.04.29 ~ 2012.05.29,제18대 무소속 전북 전주시덕진구,nexgtxtmaamffofof,정동영,40331558,41820092,,False
18,BCO6264C,1,김영진,지역구,광주 서구을,광주광역시 서구 을,,,통합민주당,통합민주당2008,민주통합당,통합민주당,2008-05-30,2012-05-29,general,term_end,term_end,,term_start,,term_end,,,,,,,,2008.05.30 ~ 2012.05.29,제18대 통합민주당 광주 서구을,nfzegpkvaclgtscxt,김영진 (1947년),40331558,,,False
18,BEJ7022K,1,김성회,지역구,경기 화성시갑,경기도 화성시 갑,,,한나라당,한나라당,새누리당,한나라당,2008-05-30,2012-05-29,general,term_end,term_end,,term_start,,term_end,,,,,,,,2008.05.30 ~ 2012.05.29,제18대 한나라당 경기 화성시갑,nfzegpkvaclgtscxt,김성회 (1956년),40331558,,,False
18,BGF3673X,1,김희철,지역구,서울 관악구을,서울특별시 관악구 을,,,통합민주당,통합민주당2008,무소속,통합민주당,2008-05-30,2012-05-29,general,term_end,term_end,,term_start,,term_end,,,,,,,,2008.05.30 ~ 2012.05.29,제18대 통합민주당 서울 관악구을,nfzegpkvaclgtscxt,김희철 (정치인),40331558,,,False
18,BJW1335W,1,변웅전,지역구,"충남 서산시,태안군",충청남도 서산시·태안군,,,자유선진당,자유선진당,자유선진당,자유선진당,2008-05-30,2012-05-29,general,term_end,term_end,,term_start,,term_end,,,,,,,,2008.05.30 ~ 2012.05.29,"제18대 자유선진당 충남 서산시,태안군",nfzegpkvaclgtscxt,변웅전,40331558,,,False
18,BLC8630L,1,박병석,지역구,대전 서구갑,대전광역시 서구 갑,,,통합민주당,통합민주당2008,민주통합당,통합민주당,2008-05-30,2012-05-29,general,term_end,term_end,,term_start,,term_end,,,,,,,,2008.05.30 ~ 2012.05.29,제18대 통합민주당 대전 서구갑,nfzegpkvaclgtscxt,박병석,40331558,,,False
18,BQS2021C,1,김성태,지역구,서울 강서구을,서울특별시 강서구 을,,,한나라당,한나라당,새누리당,한나라당,2008-05-30,2012-05-29,general,term_end,term_end,,term_start,,term_end,,,,,,,,2008.05.30 ~ 2012.05.29,제18대 한나라당 서울 강서구을,nfzegpkvaclgtscxt,김성태 (1958년),40331558,,,False
18,BW19186J,1,홍사덕,지역구,대구 서구,대구광역시 서구,,,친박연대,친박연대,새누리당,친박연대,2008-05-30,2012-05-29,general,term_end,term_end,,term_start,,term_end,,,,,,,,2008.05.30 ~ 2012.05.29,제18대 친박연대 대구 서구,nfzegpkvaclgtscxt,홍사덕,40331558,,,False
18,BWD92364,1,이찬열,지역구,경기 수원시장안구,경기도 수원시 장안구,,,민주당,민주당2008,민주통합당,민주당,2009-10-28,2012-05-29,by_election,term_end,term_end,,confirmed,wikilist,term_end,,2009-10-28,,2009-10-29,,,,2009.10.28 ~ 2012.05.29,제18대 민주당 경기 수원시장안구,nfzegpkvaclgtscxt,이찬열,40331558,41820092,,False
18,C0V2172Q,1,곽정숙,비례대표,비례대표,,민주노동당,1,민주노동당,민주노동당,통합진보당,민주노동당,2008-05-30,2012-05-29,general,term_end,term_end,,term_start,,term_end,,,,,,,,2008.05.30 ~ 2012.05.29,제18대 민주노동당 비례대표,nfzegpkvaclgtscxt,곽정숙,40331558,,,False
18,C4T1051R,1,김성동,비례대표,비례대표,,한나라당,24,한나라당,한나라당,새누리당,한나라당,2010-07-19,2012-05-29,succession_pr,term_end,term_end,,conflict,wikilist=2010-07-20; wikiseat=2010-07-16,term_end,,2010-07-20,,2010-07-16,,,,2010.07.19 ~ 2012.05.29,제18대 한나라당 비례대표,nfzegpkvaclgtscxt,김성동 (1954년),40331558,41820092,,False
18,C6R4461P,1,박선영,비례대표,비례대표,,자유선진당,3,자유선진당,자유선진당,자유선진당,자유선진당,2008-05-30,2012-05-29,general,term_end,term_end,,term_start,,term_end,,,,,,,,2008.05.30 ~ 2012.05.29,제18대 자유선진당 비례대표,nfzegpkvaclgtscxt,박선영 (1956년),40331558,,,False
18,C7Z8238W,1,황영철,지역구,"강원 홍천군,횡성군",강원도 홍천군·횡성군,,,한나라당,한나라당,새누리당,한나라당,2008-05-30,2012-05-29,general,term_end,term_end,,term_start,,term_end,,,,,,,,2008.05.30 ~ 2012.05.29,"제18대 한나라당 강원 홍천군,횡성군",nfzegpkvaclgtscxt,황영철,40331558,,,False
18,CAL85655,1,유기준,지역구,부산 서구,부산광역시 서구,,,무소속,무소속,새누리당,무소속,2008-05-30,2012-05-29,general,term_end,term_end,,term_start,,term_end,,,,,,,,2008.05.30 ~ 2012.05.29,제18대 무소속 부산 서구,nfzegpkvaclgtscxt,유기준 (1959년),40331558,,,False
18,CKH5381Y,1,노철래,비례대표,비례대표,,친박연대,8,친박연대,친박연대,새누리당,친박연대,2008-05-30,2012-05-29,general,term_end,term_end,,term_start,,term_end,,,,,,,,2008.05.30 ~ 2012.05.29,제18대 친박연대 비례대표,nfzegpkvaclgtscxt,노철래,40331558,,,False
18,CRW93712,1,김학재,비례대표,비례대표,,통합민주당,18,민주당,민주당2008,민주통합당,민주당,2011-04-05,2012-05-29,succession_pr,term_end,term_end,,confirmed,wikilist+wikiseat,term_end,,2011-04-05,,2011-04-05,,,,2011.04.05 ~ 2012.05.29,제18대 민주당 비례대표,nfzegpkvaclgtscxt,김학재,40331558,41820092,,False
18,CT85313K,1,서병수,지역구,부산 해운대구기장군갑,부산광역시 해운대구·기장군 갑,,,한나라당,한나라당,새누리당,한나라당,2008-05-30,2012-05-29,general,term_end,term_end,,term_start,,term_end,,,,,,,,2008.05.30 ~ 2012.05.29,제18대 한나라당 부산 해운대구기장군갑,nfzegpkvaclgtscxt,서병수,40331558,,,False
18,CYD5815E,1,정갑윤,지역구,울산 중구,울산광역시 중구,,,한나라당,한나라당,새누리당,한나라당,2008-05-30,2012-05-29,general,term_end,term_end,,term_start,,term_end,,,,,,,,2008.05.30 ~ 2012.05.29,제18대 한나라당 울산 중구,nfzegpkvaclgtscxt,정갑윤,40331558,,,False
18,CZB4125D,1,장제원,지역구,부산 사상구,부산광역시 사상구,,,한나라당,한나라당,새누리당,한나라당,2008-05-30,2012-05-29,general,term_end,term_end,,term_start,,term_end,,,,,,,,2008.05.30 ~ 2012.05.29,제18대 한나라당 부산 사상구,nfzegpkvaclgtscxt,장제원,40331558,,,False
18,CZN3813Q,1,김정,비례대표,비례대표,,친박연대,11,친박연대,친박연대,새누리당,친박연대,2009-11-03,2012-05-29,succession_pr,term_end,term_end,,confirmed,wikilist+wikiseat,term_end,,2009-11-03,,2009-11-03,,,,2009.11.03 ~ 2012.05.29,제18대 친박연대 비례대표,nfzegpkvaclgtscxt,김정 (1951년),40331558,41820092,,False
18,D0K32445,1,이계진,지역구,강원 원주시,강원도 원주시,,,한나라당,한나라당,한나라당,한나라당,2008-05-30,2010-05-13,general,resigned,resigned_to_run_for_other_office,강원지사 출마로 인한 의원직 사퇴 / 의원직 사퇴,term_start,,api_later_than_wiki,wikilist=2010-04-30; wikiseat=2010-04-30,,2010-04-30,,2010-04-30,,,2008.05.30 ~ 2010.05.13,제18대 한나라당 강원 원주시,nfzegpkvaclgtscxt,이계진,40331558,41820092,,False
18,D7L1937J,1,이병석,지역구,경북 포항시북구,경상북도 포항시 북구,,,한나라당,한나라당,새누리당,한나라당,2008-05-30,2012-05-29,general,term_end,term_end,,term_start,,term_end,,,,,,,,2008.05.30 ~ 2012.05.29,제18대 한나라당 경북 포항시북구,nfzegpkvaclgtscxt,이병석 (1952년),40331558,,,False
18,D8O8176K,1,조윤선,비례대표,비례대표,,한나라당,13,한나라당,한나라당,새누리당,한나라당,2008-05-30,2012-05-29,general,term_end,term_end,,term_start,,term_end,,,,,,,,2008.05.30 ~ 2012.05.29,제18대 한나라당 비례대표,nfzegpkvaclgtscxt,조윤선,40331558,,,False
18,DCN7433W,1,정세균,지역구,"전북 진안,무주,장수군,임실군",전라북도 진안군·무주군·장수군·임실군,,,통합민주당,통합민주당2008,민주통합당,통합민주당,2008-05-30,2012-05-29,general,term_end,term_end,,term_start,,term_end,,,,,,,,2008.05.30 ~ 2012.05.29,"제18대 통합민주당 전북 진안,무주,장수군,임실군",nfzegpkvaclgtscxt,정세균,40331558,,,False
18,DCR84445,1,김동철,지역구,광주 광산구갑,광주광역시 광산구 갑,,,통합민주당,통합민주당2008,민주통합당,통합민주당,2008-05-30,2012-05-29,general,term_end,term_end,,term_start,,term_end,,,,,,,,2008.05.30 ~ 2012.05.29,제18대 통합민주당 광주 광산구갑,nfzegpkvaclgtscxt,김동철 (1955년생 정치인),40331558,,,False
18,DDK4008U,1,이재선,지역구,대전 서구을,대전광역시 서구 을,,,자유선진당,자유선진당,자유선진당,자유선진당,2008-05-30,2012-05-29,general,term_end,term_end,,term_start,,term_end,,,,,,,,2008.05.30 ~ 2012.05.29,제18대 자유선진당 대전 서구을,nfzegpkvaclgtscxt,이재선 (1956년),40331558,,,False
18,DGA8069B,1,최구식,지역구,경남 진주시갑,경상남도 진주시 갑,,,무소속,무소속,무소속,무소속,2008-05-30,2012-05-29,general,term_end,term_end,,term_start,,term_end,,,,,,,,2008.05.30 ~ 2012.05.29,제18대 무소속 경남 진주시갑,nfzegpkvaclgtscxt,최구식,40331558,,,False
18,DGR8579Q,1,윤영,지역구,경남 거제시,경상남도 거제시,,,한나라당,한나라당,새누리당,한나라당,2008-05-30,2012-05-29,general,term_end,term_end,,term_start,,term_end,,,,,,,,2008.05.30 ~ 2012.05.29,제18대 한나라당 경남 거제시,nfzegpkvaclgtscxt,윤영 (1955년),40331558,,,False
18,DMR40160,1,유일호,지역구,서울 송파구을,서울특별시 송파구 을,,,한나라당,한나라당,새누리당,한나라당,2008-05-30,2012-05-29,general,term_end,term_end,,term_start,,term_end,,,,,,,,2008.05.30 ~ 2012.05.29,제18대 한나라당 서울 송파구을,nfzegpkvaclgtscxt,유일호,40331558,,,False
18,DN76694L,1,이용섭,지역구,광주 광산구을,광주광역시 광산구 을,,,통합민주당,통합민주당2008,민주통합당,통합민주당,2008-05-30,2012-05-29,general,term_end,term_end,,term_start,,term_end,,,,,,,,2008.05.30 ~ 2012.05.29,제18대 통합민주당 광주 광산구을,nfzegpkvaclgtscxt,이용섭,40331558,,,False
18,DQ92548C,1,현경병,지역구,서울 노원구갑,서울특별시 노원구 갑,,,한나라당,한나라당,한나라당,한나라당,2008-05-30,2011-06-10,general,disqualified,court_ruling_election_law,대법원에서 정치자금법 위반으로 의원직 상실 / 의원직 상실,term_start,,confirmed,wikilist+wikiseat,,2011-06-10,,2011-06-10,,,2008.05.30 ~ 2011.06.10,제18대 한나라당 서울 노원구갑,nfzegpkvaclgtscxt,현경병,40331558,41820092,,False
18,DTG4846A,1,김선동,지역구,서울 도봉구을,서울특별시 도봉구 을,,,한나라당,한나라당,새누리당,한나라당,2008-05-30,2012-05-29,general,term_end,term_end,,term_start,,term_end,,,,,,,,2008.05.30 ~ 2012.05.29,제18대 한나라당 서울 도봉구을,nfzegpkvaclgtscxt,김선동 (1963년),40331558,41820092,,False
18,DTX6052I,1,김창수,지역구,대전 대덕구,대전광역시 대덕구,,,자유선진당,자유선진당,무소속,자유선진당,2008-05-30,2012-05-29,general,term_end,term_end,,term_start,,term_end,,,,,,,,2008.05.30 ~ 2012.05.29,제18대 자유선진당 대전 대덕구,nfzegpkvaclgtscxt,김창수 (1955년),40331558,,,False
18,DX05874I,1,임영호,지역구,대전 동구,대전광역시 동구,,,자유선진당,자유선진당,자유선진당,자유선진당,2008-05-30,2012-05-29,general,term_end,term_end,,term_start,,term_end,,,,,,,,2008.05.30 ~ 2012.05.29,제18대 자유선진당 대전 동구,nfzegpkvaclgtscxt,임영호,40331558,,,False
18,DYN10119,1,김성조,지역구,경북 구미시갑,경상북도 구미시 갑,,,한나라당,한나라당,무소속,한나라당,2008-05-30,2012-05-29,general,term_end,term_end,,term_start,,term_end,,,,,,,,2008.05.30 ~ 2012.05.29,제18대 한나라당 경북 구미시갑,nfzegpkvaclgtscxt,김성조,40331558,,,False
18,EBU8493R,1,이미경,지역구,서울 은평구갑,서울특별시 은평구 갑,,,통합민주당,통합민주당2008,민주통합당,통합민주당,2008-05-30,2012-05-29,general,term_end,term_end,,term_start,,term_end,,,,,,,,2008.05.30 ~ 2012.05.29,제18대 통합민주당 서울 은평구갑,nfzegpkvaclgtscxt,이미경 (1950년),40331558,,,False
18,EI023764,1,남경필,지역구,경기 수원시팔달구,경기도 수원시 팔달구,,,한나라당,한나라당,새누리당,한나라당,2008-05-30,2012-05-29,general,term_end,term_end,,term_start,,term_end,,,,,,,,2008.05.30 ~ 2012.05.29,제18대 한나라당 경기 수원시팔달구,nfzegpkvaclgtscxt,남경필,40331558,,,False
18,EIV1009T,1,정두언,지역구,서울 서대문구을,서울특별시 서대문구 을,,,한나라당,한나라당,새누리당,한나라당,2008-05-30,2012-05-29,general,term_end,term_end,,term_start,,term_end,,,,,,,,2008.05.30 ~ 2012.05.29,제18대 한나라당 서울 서대문구을,nfzegpkvaclgtscxt,정두언,40331558,,,False
18,EIV1883J,1,이두아,비례대표,비례대표,,한나라당,23,한나라당,한나라당,새누리당,한나라당,2009-03-04,2012-05-29,succession_pr,term_end,term_end,,confirmed,wikilist+wikiseat,term_end,,2009-03-04,,2009-03-04,,,,2009.03.04 ~ 2012.05.29,제18대 한나라당 비례대표,nfzegpkvaclgtscxt,이두아,40331558,41820092,,False
18,ERX2058H,1,김충조,비례대표,비례대표,,통합민주당,12,통합민주당,통합민주당2008,민주통합당,통합민주당,2008-05-30,2012-03-13,general,disqualified,pr_seat_lost_on_leaving_party,민주통합당 탈당 및 의원직 상실 / 의원직 상실,term_start,,confirmed,wikilist+wikiseat,,2012-03-13,,2012-03-13,,,2008.05.30 ~ 2012.03.13,제18대 통합민주당 비례대표,nfzegpkvaclgtscxt,김충조,40331558,41820092,,False
18,EWR39555,1,주성영,지역구,대구 동구갑,대구광역시 동구 갑,,,한나라당,한나라당,새누리당,한나라당,2008-05-30,2012-05-29,general,term_end,term_end,,term_start,,term_end,,,,,,,,2008.05.30 ~ 2012.05.29,제18대 한나라당 대구 동구갑,nfzegpkvaclgtscxt,주성영,40331558,,,False
18,F5U2979W,1,김학용,지역구,경기 안성시,경기도 안성시,,,한나라당,한나라당,새누리당,한나라당,2008-05-30,2012-05-29,general,term_end,term_end,,term_start,,term_end,,,,,,,,2008.05.30 ~ 2012.05.29,제18대 한나라당 경기 안성시,nfzegpkvaclgtscxt,김학용,40331558,,,False
18,FGX4881A,1,심재철,지역구,경기 안양시동안구을,경기도 안양시 동안구 을,,,한나라당,한나라당,새누리당,한나라당,2008-05-30,2012-05-29,general,term_end,term_end,,term_start,,term_end,,,,,,,,2008.05.30 ~ 2012.05.29,제18대 한나라당 경기 안양시동안구을,nfzegpkvaclgtscxt,심재철 (정치인),40331558,,,False
18,FJ03481D,1,최경환,지역구,경북 경산시청도군,경상북도 경산시·청도군,,,한나라당,한나라당,새누리당,한나라당,2008-05-30,2012-05-29,general,term_end,term_end,,term_start,,term_end,,,,,,,,2008.05.30 ~ 2012.05.29,제18대 한나라당 경북 경산시청도군,nfzegpkvaclgtscxt,최경환 (1955년),40331558,,,False
18,FND7010Q,1,손학규,지역구,경기 성남시분당구을,경기도 성남시 분당구 을,,,민주당,민주당2008,민주통합당,민주당,2011-04-27,2012-05-29,by_election,term_end,term_end,,confirmed,wikilist,term_end,,2011-04-27,,2011-04-28,,,,2011.04.27 ~ 2012.05.29,제18대 민주당 경기 성남시분당구을,nfzegpkvaclgtscxt,손학규,40331558,41820092,,False
18,FP15333B,1,최경희,비례대표,비례대표,,한나라당,25,한나라당,한나라당,새누리당,한나라당,2010-09-13,2012-05-29,succession_pr,term_end,term_end,,conflict,wikilist=2010-09-14; wikiseat=2010-09-09,term_end,,2010-09-14,,2010-09-09,,,,2010.09.13 ~ 2012.05.29,제18대 한나라당 비례대표,nfzegpkvaclgtscxt,최경희 (1947년),40331558,41820092,,False
18,FPX1564S,1,안홍준,지역구,경남 마산시을,경상남도 마산시 을,,,한나라당,한나라당,새누리당,한나라당,2008-05-30,2012-05-29,general,term_end,term_end,,term_start,,term_end,,,,,,,,2008.05.30 ~ 2012.05.29,제18대 한나라당 경남 마산시을,nfzegpkvaclgtscxt,안홍준,40331558,,,False
18,FSN5613H,1,박희태,지역구,경남 양산시,경상남도 양산시,,,한나라당,한나라당,새누리당,한나라당,2009-10-28,2012-05-29,by_election,term_end,term_end,,confirmed,wikilist,term_end,,2009-10-28,,2009-10-29,,,,2009.10.28 ~ 2012.05.29,제18대 한나라당 경남 양산시,nfzegpkvaclgtscxt,박희태,40331558,41820092,,False
18,GBP60233,1,이용삼,지역구,"강원 철원,화천,양구,인제군",강원도 철원군·화천군·양구군·인제군,,,통합민주당,통합민주당2008,민주당,통합민주당,2008-05-30,2010-01-20,general,died,died,위암으로 사망 / 사망,term_start,,confirmed,wikilist+wikiseat,,2010-01-20,,2010-01-20,,,2008.05.30 ~ 2010.01.20,"제18대 통합민주당 강원 철원,화천,양구,인제군",nfzegpkvaclgtscxt,이용삼,40331558,41820092,,False
18,GCA42857,1,주승용,지역구,전남 여수시을,전라남도 여수시 을,,,통합민주당,통합민주당2008,민주통합당,통합민주당,2008-05-30,2012-05-29,general,term_end,term_end,,term_start,,term_end,,,,,,,,2008.05.30 ~ 2012.05.29,제18대 통합민주당 전남 여수시을,nfzegpkvaclgtscxt,주승용,40331558,,,False
18,GDG1847Z,1,권성동,지역구,강원 강릉시,강원도 강릉시,,,한나라당,한나라당,새누리당,한나라당,2009-10-28,2012-05-29,by_election,term_end,term_end,,confirmed,wikilist,term_end,,2009-10-28,,2009-10-29,,,,2009.10.28 ~ 2012.05.29,제18대 한나라당 강원 강릉시,nfzegpkvaclgtscxt,권성동,40331558,41820092,,False
18,GFO6700V,1,우제창,지역구,경기 용인시처인구,경기도 용인시 처인구,,,통합민주당,통합민주당2008,민주통합당,통합민주당,2008-05-30,2012-05-29,general,term_end,term_end,,term_start,,term_end,,,,,,,,2008.05.30 ~ 2012.05.29,제18대 통합민주당 경기 용인시처인구,nfzegpkvaclgtscxt,우제창,40331558,,,False
18,GKV4796M,1,정장선,지역구,경기 평택시을,경기도 평택시 을,,,통합민주당,통합민주당2008,민주통합당,통합민주당,2008-05-30,2012-05-29,general,term_end,term_end,,term_start,,term_end,,,,,,,,2008.05.30 ~ 2012.05.29,제18대 통합민주당 경기 평택시을,nfzegpkvaclgtscxt,정장선,40331558,,,False
18,GMK1374L,1,이석현,지역구,경기 안양시동안구갑,경기도 안양시 동안구 갑,,,통합민주당,통합민주당2008,민주통합당,통합민주당,2008-05-30,2012-05-29,general,term_end,term_end,,term_start,,term_end,,,,,,,,2008.05.30 ~ 2012.05.29,제18대 통합민주당 경기 안양시동안구갑,nfzegpkvaclgtscxt,이석현 (1951년),40331558,,,False
18,GW154990,1,윤상일,비례대표,비례대표,,친박연대,10,친박연대,친박연대,새누리당,친박연대,2009-11-03,2012-05-29,succession_pr,term_end,term_end,,confirmed,wikilist+wikiseat,term_end,,2009-11-03,,2009-11-03,,,,2009.11.03 ~ 2012.05.29,제18대 친박연대 비례대표,nfzegpkvaclgtscxt,윤상일 (1955년),40331558,41820092,,False
18,H0G8409H,1,김충환,지역구,서울 강동구갑,서울특별시 강동구 갑,,,한나라당,한나라당,새누리당,한나라당,2008-05-30,2012-05-29,general,term_end,term_end,,term_start,,term_end,,,,,,,,2008.05.30 ~ 2012.05.29,제18대 한나라당 서울 강동구갑,nfzegpkvaclgtscxt,김충환 (1954년생 정치인),40331558,,,False
18,H6577987,1,이경재,지역구,인천 서구강화군을,인천광역시 서구·강화군 을,,,무소속,무소속,새누리당,무소속,2008-05-30,2012-05-29,general,term_end,term_end,,term_start,,term_end,,,,,,,,2008.05.30 ~ 2012.05.29,제18대 무소속 인천 서구강화군을,nfzegpkvaclgtscxt,이경재 (1941년),40331558,,,False
18,H6Z15266,1,김장수,비례대표,비례대표,,한나라당,6,한나라당,한나라당,새누리당,한나라당,2008-05-30,2012-05-29,general,term_end,term_end,,term_start,,term_end,,,,,,,,2008.05.30 ~ 2012.05.29,제18대 한나라당 비례대표,nfzegpkvaclgtscxt,김장수 (1948년),40331558,,,False
18,H8S93115,1,강성천,비례대표,비례대표,,한나라당,4,한나라당,한나라당,새누리당,한나라당,2008-05-30,2012-05-29,general,term_end,term_end,,term_start,,term_end,,,,,,,,2008.05.30 ~ 2012.05.29,제18대 한나라당 비례대표,nfzegpkvaclgtscxt,강성천 (정치인),40331558,,,False
18,HC725148,1,이용경,비례대표,비례대표,,창조한국당,1,창조한국당,창조한국당,무소속,창조한국당,2008-05-30,2012-05-29,general,term_end,term_end,,term_start,,term_end,,,,,,,,2008.05.30 ~ 2012.05.29,제18대 창조한국당 비례대표,nfzegpkvaclgtscxt,이용경,40331558,,,False
18,HJG1284F,1,정하균,비례대표,비례대표,,친박연대,6,친박연대,친박연대,새누리당,친박연대,2008-05-30,2012-05-29,general,term_end,term_end,,term_start,,term_end,,,,,,,,2008.05.30 ~ 2012.05.29,제18대 친박연대 비례대표,nfzegpkvaclgtscxt,정하균,40331558,,,False
18,HJI9845B,1,이인제,지역구,충남 논산시계룡시금산군,충청남도 논산시·계룡시·금산군,,,무소속,무소속,자유선진당,무소속,2008-05-30,2012-05-29,general,term_end,term_end,,term_start,,term_end,,,,,,,,2008.05.30 ~ 2012.05.29,제18대 무소속 충남 논산시계룡시금산군,nfzegpkvaclgtscxt,이인제,40331558,,,False
18,HY29614Q,1,정태근,지역구,서울 성북구갑,서울특별시 성북구 갑,,,한나라당,한나라당,무소속,한나라당,2008-05-30,2012-05-29,general,term_end,term_end,,term_start,,term_end,,,,,,,,2008.05.30 ~ 2012.05.29,제18대 한나라당 서울 성북구갑,nfzegpkvaclgtscxt,정태근,40331558,,,False
18,I3B8061W,1,최문순,비례대표,비례대표,,통합민주당,10,통합민주당,통합민주당2008,민주당,통합민주당,2008-05-30,2011-03-31,general,resigned,resigned_to_run_for_other_office,최문순 강원지사 출마로 인한 의원직 사퇴 김학재 승계 / 의원직 사퇴,term_start,,confirmed,wikilist+nabill,,2011-03-31,,2011-04-05,2011-03-31,PRC_Q1L1K0L2G2V8T1E4Y0E4U2H0L5H4D4,2008.05.30 ~ 2011.03.31,제18대 통합민주당 비례대표,nfzegpkvaclgtscxt,최문순 (1956년),40331558,41820092,,False
18,I7Z3068X,1,유성엽,지역구,전북 정읍시,전라북도 정읍시,,,무소속,무소속,무소속,무소속,2008-05-30,2012-05-29,general,term_end,term_end,,term_start,,term_end,,,,,,,,2008.05.30 ~ 2012.05.29,제18대 무소속 전북 정읍시,nfzegpkvaclgtscxt,유성엽,40331558,,,False
18,IBT51219,1,배영식,지역구,"대구 중구,남구",대구광역시 중구·남구,,,한나라당,한나라당,무소속,한나라당,2008-05-30,2012-05-29,general,term_end,term_end,,term_start,,term_end,,,,,,,,2008.05.30 ~ 2012.05.29,"제18대 한나라당 대구 중구,남구",nfzegpkvaclgtscxt,배영식,40331558,,,False
18,IDV9108J,1,진영,지역구,서울 용산구,서울특별시 용산구,,,한나라당,한나라당,새누리당,한나라당,2008-05-30,2012-05-29,general,term_end,term_end,,term_start,,term_end,,,,,,,,2008.05.30 ~ 2012.05.29,제18대 한나라당 서울 용산구,nfzegpkvaclgtscxt,진영 (정치인),40331558,,,False
18,IKQ8876M,1,김재균,지역구,광주 북구을,광주광역시 북구 을,,,통합민주당,통합민주당2008,무소속,통합민주당,2008-05-30,2012-05-29,general,term_end,term_end,,term_start,,term_end,,,,,,,,2008.05.30 ~ 2012.05.29,제18대 통합민주당 광주 북구을,nfzegpkvaclgtscxt,김재균 (1952년),40331558,,,False
18,ILN1240B,1,박영아,지역구,서울 송파구갑,서울특별시 송파구 갑,,,한나라당,한나라당,새누리당,한나라당,2008-05-30,2012-05-29,general,term_end,term_end,,term_start,,term_end,,,,,,,,2008.05.30 ~ 2012.05.29,제18대 한나라당 서울 송파구갑,nfzegpkvaclgtscxt,박영아,40331558,,,False
18,IN328264,1,조정식,지역구,경기 시흥시을,경기도 시흥시 을,,,통합민주당,통합민주당2008,민주통합당,통합민주당,2008-05-30,2012-05-29,general,term_end,term_end,,term_start,,term_end,,,,,,,,2008.05.30 ~ 2012.05.29,제18대 통합민주당 경기 시흥시을,nexgtxtmaamffofof,조정식 (정치인),40331558,,,False
18,INO4490Y,1,손숙미,비례대표,비례대표,,한나라당,15,한나라당,한나라당,새누리당,한나라당,2008-05-30,2012-05-29,general,term_end,term_end,,term_start,,term_end,,,,,,,,2008.05.30 ~ 2012.05.29,제18대 한나라당 비례대표,nfzegpkvaclgtscxt,손숙미,40331558,,,False
18,IQN7588X,1,이은재,비례대표,비례대표,,한나라당,9,한나라당,한나라당,새누리당,한나라당,2008-05-30,2012-05-29,general,term_end,term_end,,term_start,,term_end,,,,,,,,2008.05.30 ~ 2012.05.29,제18대 한나라당 비례대표,nfzegpkvaclgtscxt,이은재 (정치인),40331558,,,False
18,IRQ5741O,1,나성린,비례대표,비례대표,,한나라당,12,한나라당,한나라당,새누리당,한나라당,2008-05-30,2012-05-29,general,term_end,term_end,,term_start,,term_end,,,,,,,,2008.05.30 ~ 2012.05.29,제18대 한나라당 비례대표,nfzegpkvaclgtscxt,나성린,40331558,,,False
18,IU54544T,1,고승덕,지역구,서울 서초구을,서울특별시 서초구 을,,,한나라당,한나라당,새누리당,한나라당,2008-05-30,2012-05-29,general,term_end,term_end,,term_start,,term_end,,,,,,,,2008.05.30 ~ 2012.05.29,제18대 한나라당 서울 서초구을,nfzegpkvaclgtscxt,고승덕,40331558,,,False
18,IUZ2177I,1,정수성,지역구,경북 경주시,경상북도 경주시,,,무소속,무소속,새누리당,무소속,2009-04-30,2012-05-29,by_election,term_end,term_end,,confirmed,wikiseat,term_end,,2009-04-29,,2009-04-30,,,,2009.04.30 ~ 2012.05.29,제18대 무소속 경북 경주시,nfzegpkvaclgtscxt,정수성 (정치인),40331558,41820092,,False
18,IVT5000L,1,박종희,지역구,경기 수원시장안구,경기도 수원시 장안구,,,한나라당,한나라당,한나라당,한나라당,2008-05-30,2009-09-10,general,disqualified,court_ruling_election_law,당선무효판결 확정 / 의원직 상실,term_start,,confirmed,wikilist+wikiseat,,2009-09-10,,2009-09-10,,,2008.05.30 ~ 2009.09.10,제18대 한나라당 경기 수원시장안구,nfzegpkvaclgtscxt,박종희,40331558,41820092,,False
18,IWK63872,1,조배숙,지역구,전북 익산시을,전라북도 익산시 을,,,통합민주당,통합민주당2008,무소속,통합민주당,2008-05-30,2012-05-29,general,term_end,term_end,,term_start,,term_end,,,,,,,,2008.05.30 ~ 2012.05.29,제18대 통합민주당 전북 익산시을,nexgtxtmaamffofof,조배숙,40331558,,,False
18,IYD4143Y,1,문희상,지역구,경기 의정부시갑,경기도 의정부시 갑,,,통합민주당,통합민주당2008,민주통합당,통합민주당,2008-05-30,2012-05-29,general,term_end,term_end,,term_start,,term_end,,,,,,,,2008.05.30 ~ 2012.05.29,제18대 통합민주당 경기 의정부시갑,nfzegpkvaclgtscxt,문희상,40331558,,,False
18,J1G1329F,1,김금래,비례대표,비례대표,,한나라당,11,한나라당,한나라당,한나라당,한나라당,2008-05-30,2011-09-29,general,resigned,resigned_on_appointment,여성가족부장관 임명으로 사퇴 이영애 승계 / 의원직 사퇴,term_start,,confirmed,wikilist,,2011-09-29,,2011-10-04,,,2008.05.30 ~ 2011.09.29,제18대 한나라당 비례대표,nfzegpkvaclgtscxt,김금래,40331558,41820092,,False
18,JBM92636,1,배은희,비례대표,비례대표,,한나라당,3,한나라당,한나라당,새누리당,한나라당,2008-05-30,2012-05-29,general,term_end,term_end,,term_start,,term_end,,,,,,,,2008.05.30 ~ 2012.05.29,제18대 한나라당 비례대표,nfzegpkvaclgtscxt,배은희 (1959년),40331558,,,False
18,JGX8852O,1,고흥길,지역구,경기 성남시분당구갑,경기도 성남시 분당구 갑,,,한나라당,한나라당,새누리당,한나라당,2008-05-30,2012-05-29,general,term_end,term_end,,term_start,,term_end,,,,,,,,2008.05.30 ~ 2012.05.29,제18대 한나라당 경기 성남시분당구갑,nfzegpkvaclgtscxt,고흥길,40331558,,,False
18,JOM36883,1,김소남,비례대표,비례대표,,한나라당,7,한나라당,한나라당,새누리당,한나라당,2008-05-30,2012-05-29,general,term_end,term_end,,term_start,,term_end,,,,,,,,2008.05.30 ~ 2012.05.29,제18대 한나라당 비례대표,nfzegpkvaclgtscxt,김소남,40331558,,,False
18,JQA21112,1,한기호,지역구,강원 철원군화천군양구군인제군,강원도 철원군·화천군·양구군·인제군,,,한나라당,한나라당,새누리당,한나라당,2010-07-28,2012-05-29,by_election,term_end,term_end,,confirmed,wikilist,term_end,,2010-07-28,,2010-07-29,,,,2010.07.28 ~ 2012.05.29,제18대 한나라당 강원 철원군화천군양구군인제군,nexgtxtmaamffofof,한기호 (1952년),40331558,41820092,,False
18,JR141579,1,정희수,지역구,경북 영천시,경상북도 영천시,,,한나라당,한나라당,새누리당,한나라당,2008-05-30,2012-05-29,general,term_end,term_end,,term_start,,term_end,,,,,,,,2008.05.30 ~ 2012.05.29,제18대 한나라당 경북 영천시,nfzegpkvaclgtscxt,정희수,40331558,,,False
18,JUM9212Y,1,장광근,지역구,서울 동대문구갑,서울특별시 동대문구 갑,,,한나라당,한나라당,새누리당,한나라당,2008-05-30,2012-03-15,general,disqualified,court_ruling_election_law,정치자금법 위반으로 의원직 상실 / 의원직 상실,term_start,,confirmed,wikilist+wikiseat,,2012-03-15,,2012-03-15,,,2008.05.30 ~ 2012.03.15,제18대 한나라당 서울 동대문구갑,nfzegpkvaclgtscxt,장광근,40331558,41820092,,False
18,JVR5259R,1,이애주,비례대표,비례대표,,한나라당,17,한나라당,한나라당,새누리당,한나라당,2008-05-30,2012-05-29,general,term_end,term_end,,term_start,,term_end,,,,,,,,2008.05.30 ~ 2012.05.29,제18대 한나라당 비례대표,nfzegpkvaclgtscxt,이애주 (1946년),40331558,,,False
18,K3672835,1,문학진,지역구,경기 하남시,경기도 하남시,,,통합민주당,통합민주당2008,민주통합당,통합민주당,2008-05-30,2012-05-29,general,term_end,term_end,,term_start,,term_end,,,,,,,,2008.05.30 ~ 2012.05.29,제18대 통합민주당 경기 하남시,nfzegpkvaclgtscxt,문학진,40331558,,,False
18,K8Q3437F,1,최규식,지역구,서울 강북구을,서울특별시 강북구 을,,,통합민주당,통합민주당2008,민주통합당,통합민주당,2008-05-30,2012-05-29,general,term_end,term_end,,term_start,,term_end,,,,,,,,2008.05.30 ~ 2012.05.29,제18대 통합민주당 서울 강북구을,nfzegpkvaclgtscxt,최규식 (정치인),40331558,,,False
18,KDL4367Q,1,김학송,지역구,경남 진해시,경상남도 진해시,,,한나라당,한나라당,새누리당,한나라당,2008-05-30,2012-05-29,general,term_end,term_end,,term_start,,term_end,,,,,,,,2008.05.30 ~ 2012.05.29,제18대 한나라당 경남 진해시,nfzegpkvaclgtscxt,김학송,40331558,,,False
18,KR14136C,1,홍영표,지역구,인천 부평구을,인천광역시 부평구 을,,,민주당,민주당2008,민주통합당,민주당,2009-04-29,2012-05-29,by_election,term_end,term_end,,confirmed,wikilist,term_end,,2009-04-29,,2009-04-30,,,,2009.04.29 ~ 2012.05.29,제18대 민주당 인천 부평구을,nfzegpkvaclgtscxt,홍영표,40331558,41820092,,False
18,L3981924,1,조문환,비례대표,비례대표,,한나라당,14,한나라당,한나라당,새누리당,한나라당,2008-05-30,2012-05-29,general,term_end,term_end,,term_start,,term_end,,,,,,,,2008.05.30 ~ 2012.05.29,제18대 한나라당 비례대표,nfzegpkvaclgtscxt,조문환 (1959년),40331558,,,False
18,L3P9125A,1,이화수,지역구,경기 안산시상록구갑,경기도 안산시 상록구 갑,,,한나라당,한나라당,새누리당,한나라당,2008-05-30,2012-05-29,general,term_end,term_end,,term_start,,term_end,,,,,,,,2008.05.30 ~ 2012.05.29,제18대 한나라당 경기 안산시상록구갑,nfzegpkvaclgtscxt,이화수,40331558,,,False
18,L3X8851C,1,최인기,지역구,전남 나주시화순군,전라남도 나주시·화순군,,,통합민주당,통합민주당2008,무소속,통합민주당,2008-05-30,2012-05-29,general,term_end,term_end,,term_start,,term_end,,,,,,,,2008.05.30 ~ 2012.05.29,제18대 통합민주당 전남 나주시화순군,nfzegpkvaclgtscxt,최인기,40331558,,,False
18,L726240M,1,안형환,지역구,서울 금천구,서울특별시 금천구,,,한나라당,한나라당,새누리당,한나라당,2008-05-30,2012-05-29,general,term_end,term_end,,term_start,,term_end,,,,,,,,2008.05.30 ~ 2012.05.29,제18대 한나라당 서울 금천구,nfzegpkvaclgtscxt,안형환,40331558,,,False
18,LBC8144B,1,김영선,지역구,경기 고양시일산서구,경기도 고양시 일산서구,,,한나라당,한나라당,새누리당,한나라당,2008-05-30,2012-05-29,general,term_end,term_end,,term_start,,term_end,,,,,,,,2008.05.30 ~ 2012.05.29,제18대 한나라당 경기 고양시일산서구,nfzegpkvaclgtscxt,김영선 (1960년),40331558,,,False
18,LCJ77278,1,이혜훈,지역구,서울 서초구갑,서울특별시 서초구 갑,,,한나라당,한나라당,새누리당,한나라당,2008-05-30,2012-05-29,general,term_end,term_end,,term_start,,term_end,,,,,,,,2008.05.30 ~ 2012.05.29,제18대 한나라당 서울 서초구갑,nfzegpkvaclgtscxt,이혜훈,40331558,,,False
18,LG63087O,1,권영세,지역구,서울 영등포구을,서울특별시 영등포구 을,,,한나라당,한나라당,새누리당,한나라당,2008-05-30,2012-05-29,general,term_end,term_end,,term_start,,term_end,,,,,,,,2008.05.30 ~ 2012.05.29,제18대 한나라당 서울 영등포구을,nexgtxtmaamffofof,권영세 (1959년),40331558,,,False
18,LHG6788P,1,정범구,지역구,충북 증평군진천군괴산군음성군,충청북도 증평군·진천군·괴산군·음성군,,,민주당,민주당2008,민주통합당,민주당,2009-10-28,2012-05-29,by_election,term_end,term_end,,confirmed,wikilist,term_end,,2009-10-28,,2009-10-29,,,,2009.10.28 ~ 2012.05.29,제18대 민주당 충북 증평군진천군괴산군음성군,nfzegpkvaclgtscxt,정범구,40331558,41820092,,False
18,LIR7134B,1,이한정,비례대표,비례대표,,창조한국당,2,창조한국당,창조한국당,창조한국당,창조한국당,2008-05-30,2008-12-11,general,disqualified,court_ruling_election_law,당선무효판결 확정 / 의원직 상실,term_start,,confirmed,wikilist+wikiseat,,2008-12-11,,2008-12-11,,,2008.05.30 ~ 2008.12.11,제18대 창조한국당 비례대표,nfzegpkvaclgtscxt,이한정,40331558,41820092,,False
18,LJJ52334,1,송광호,지역구,충북 제천시단양군,충청북도 제천시·단양군,,,한나라당,한나라당,새누리당,한나라당,2008-05-30,2012-05-29,general,term_end,term_end,,term_start,,term_end,,,,,,,,2008.05.30 ~ 2012.05.29,제18대 한나라당 충북 제천시단양군,nfzegpkvaclgtscxt,송광호,40331558,,,False
18,LNR7932L,1,김진애,비례대표,비례대표,,통합민주당,17,민주당,민주당2008,민주통합당,민주당,2009-11-03,2012-05-29,succession_pr,term_end,term_end,,confirmed,wikilist+wikiseat,term_end,,2009-11-03,,2009-11-03,,,,2009.11.03 ~ 2012.05.29,제18대 민주당 비례대표,nfzegpkvaclgtscxt,김진애,40331558,41820092,,False
18,LR83348R,1,이진삼,지역구,"충남 부여군,청양군",충청남도 부여군·청양군,,,자유선진당,자유선진당,무소속,자유선진당,2008-05-30,2012-05-29,general,term_end,term_end,,term_start,,term_end,,,,,,,,2008.05.30 ~ 2012.05.29,"제18대 자유선진당 충남 부여군,청양군",nfzegpkvaclgtscxt,이진삼,40331558,,,False
18,LXP1076C,1,김태원,지역구,경기 고양시덕양구을,경기도 고양시 덕양구 을,,,한나라당,한나라당,새누리당,한나라당,2008-05-30,2012-05-29,general,term_end,term_end,,term_start,,term_end,,,,,,,,2008.05.30 ~ 2012.05.29,제18대 한나라당 경기 고양시덕양구을,nfzegpkvaclgtscxt,김태원 (1951년),40331558,,,False
18,LYY5513O,1,권영진,지역구,서울 노원구을,서울특별시 노원구 을,,,한나라당,한나라당,새누리당,한나라당,2008-05-30,2012-05-29,general,term_end,term_end,,term_start,,term_end,,,,,,,,2008.05.30 ~ 2012.05.29,제18대 한나라당 서울 노원구을,nexgtxtmaamffofof,권영진 (정치인),40331558,,,False
18,LZQ7860L,1,이성헌,지역구,서울 서대문구갑,서울특별시 서대문구 갑,,,한나라당,한나라당,새누리당,한나라당,2008-05-30,2012-05-29,general,term_end,term_end,,term_start,,term_end,,,,,,,,2008.05.30 ~ 2012.05.29,제18대 한나라당 서울 서대문구갑,nfzegpkvaclgtscxt,이성헌,40331558,,,False
18,LZW5716C,1,이춘식,비례대표,비례대표,,한나라당,18,한나라당,한나라당,새누리당,한나라당,2008-05-30,2012-05-29,general,term_end,term_end,,term_start,,term_end,,,,,,,,2008.05.30 ~ 2012.05.29,제18대 한나라당 비례대표,nfzegpkvaclgtscxt,이춘식 (정치인),40331558,,,False
18,M3Z17237,1,김재경,지역구,경남 진주시을,경상남도 진주시 을,,,한나라당,한나라당,새누리당,한나라당,2008-05-30,2012-05-29,general,term_end,term_end,,term_start,,term_end,,,,,,,,2008.05.30 ~ 2012.05.29,제18대 한나라당 경남 진주시을,nfzegpkvaclgtscxt,김재경 (1961년),40331558,,,False
18,M7I8728R,1,김성수,지역구,"경기 양주시,동두천시",경기도 양주시·동두천시,,,한나라당,한나라당,새누리당,한나라당,2008-05-30,2012-05-29,general,term_end,term_end,,term_start,,term_end,,,,,,,,2008.05.30 ~ 2012.05.29,"제18대 한나라당 경기 양주시,동두천시",nfzegpkvaclgtscxt,김성수 (1953년),40331558,,,False
18,M8T3316Q,1,이종혁,지역구,부산 부산진구을,부산광역시 부산진구 을,,,한나라당,한나라당,새누리당,한나라당,2008-05-30,2012-05-29,general,term_end,term_end,,term_start,,term_end,,,,,,,,2008.05.30 ~ 2012.05.29,제18대 한나라당 부산 부산진구을,nfzegpkvaclgtscxt,이종혁 (1956년),40331558,,,False
18,M8X1458S,1,허원제,지역구,부산 부산진구갑,부산광역시 부산진구 갑,,,한나라당,한나라당,새누리당,한나라당,2008-05-30,2012-05-29,general,term_end,term_end,,term_start,,term_end,,,,,,,,2008.05.30 ~ 2012.05.29,제18대 한나라당 부산 부산진구갑,nfzegpkvaclgtscxt,허원제,40331558,,,False
18,MC32279F,1,박선숙,비례대표,비례대표,,통합민주당,13,통합민주당,통합민주당2008,민주통합당,통합민주당,2008-05-30,2012-05-29,general,term_end,term_end,,term_start,,term_end,,,,,,,,2008.05.30 ~ 2012.05.29,제18대 통합민주당 비례대표,nfzegpkvaclgtscxt,박선숙,40331558,,,False
18,MGE7194M,1,김광림,지역구,경북 안동시,경상북도 안동시,,,무소속,무소속,새누리당,무소속,2008-05-30,2012-05-29,general,term_end,term_end,,term_start,,term_end,,,,,,,,2008.05.30 ~ 2012.05.29,제18대 무소속 경북 안동시,nfzegpkvaclgtscxt,김광림 (정치인),40331558,,,False
18,MHE1145A,1,박상천,지역구,"전남 고흥군,보성군",전라남도 고흥군·보성군,,,통합민주당,통합민주당2008,민주통합당,통합민주당,2008-05-30,2012-05-29,general,term_end,term_end,,term_start,,term_end,,,,,,,,2008.05.30 ~ 2012.05.29,"제18대 통합민주당 전남 고흥군,보성군",nfzegpkvaclgtscxt,박상천,40331558,,,False
18,MO52543L,1,변재일,지역구,충북 청원군,충청북도 청원군,,,통합민주당,통합민주당2008,민주통합당,통합민주당,2008-05-30,2012-05-29,general,term_end,term_end,,term_start,,term_end,,,,,,,,2008.05.30 ~ 2012.05.29,제18대 통합민주당 충북 청원군,nfzegpkvaclgtscxt,변재일,40331558,,,False
18,MPQ32684,1,최욱철,지역구,강원 강릉시,강원도 강릉시,,,무소속,무소속,무소속,무소속,2008-05-30,2009-07-23,general,disqualified,court_ruling_election_law,당선무효판결 확정 / 의원직 상실,term_start,,confirmed,wikilist+wikiseat,,2009-07-23,,2009-07-23,,,2008.05.30 ~ 2009.07.23,제18대 무소속 강원 강릉시,nfzegpkvaclgtscxt,최욱철,40331558,41820092,,False
18,MSY7784L,1,윤상현,지역구,인천 남구을,인천광역시 남구 을,,,한나라당,한나라당,새누리당,한나라당,2008-05-30,2012-05-29,general,term_end,term_end,,term_start,,term_end,,,,,,,,2008.05.30 ~ 2012.05.29,제18대 한나라당 인천 남구을,nexgtxtmaamffofof,윤상현 (정치인),40331558,,,False
18,N3Q3468A,1,김우남,지역구,제주 제주시을,제주특별자치도 제주시 을,,,통합민주당,통합민주당2008,민주통합당,통합민주당,2008-05-30,2012-05-29,general,term_end,term_end,,term_start,,term_end,,,,,,,,2008.05.30 ~ 2012.05.29,제18대 통합민주당 제주 제주시을,nfzegpkvaclgtscxt,김우남,40331558,,,False
18,N9X9673B,1,전혜숙,비례대표,비례대표,,통합민주당,5,통합민주당,통합민주당2008,민주통합당,통합민주당,2008-05-30,2012-05-29,general,term_end,term_end,,term_start,,term_end,,,,,,,,2008.05.30 ~ 2012.05.29,제18대 통합민주당 비례대표,nfzegpkvaclgtscxt,전혜숙,40331558,,,False
18,NAL4555X,1,홍준표,지역구,서울 동대문구을,서울특별시 동대문구 을,,,한나라당,한나라당,새누리당,한나라당,2008-05-30,2012-05-29,general,term_end,term_end,,term_start,,term_end,,,,,,,,2008.05.30 ~ 2012.05.29,제18대 한나라당 서울 동대문구을,nfzegpkvaclgtscxt,홍준표,40331558,,,False
18,NBF6548X,1,조승수,지역구,울산 북구,울산광역시 북구,,,진보신당,진보신당,통합진보당,진보신당,2009-04-29,2012-05-29,by_election,term_end,term_end,,confirmed,wikilist,term_end,,2009-04-29,,2009-04-30,,,,2009.04.29 ~ 2012.05.29,제18대 진보신당 울산 북구,nfzegpkvaclgtscxt,조승수,40331558,41820092,,False
18,NDH62175,1,이재오,지역구,서울 은평구을,서울특별시 은평구 을,,,한나라당,한나라당,새누리당,한나라당,2010-07-28,2012-05-29,by_election,term_end,term_end,,confirmed,wikilist,term_end,,2010-07-28,,2010-07-29,,,,2010.07.28 ~ 2012.05.29,제18대 한나라당 서울 은평구을,nfzegpkvaclgtscxt,이재오,40331558,41820092,,False
18,NET6850O,1,이윤성,지역구,인천 남동구갑,인천광역시 남동구 갑,,,한나라당,한나라당,무소속,한나라당,2008-05-30,2012-05-29,general,term_end,term_end,,term_start,,term_end,,,,,,,,2008.05.30 ~ 2012.05.29,제18대 한나라당 인천 남동구갑,nfzegpkvaclgtscxt,이윤성 (정치인),40331558,,,False
18,NFR83567,1,김세웅,지역구,전북 전주시덕진구,전라북도 전주시 덕진구,,,통합민주당,통합민주당2008,민주당,통합민주당,2008-05-30,2008-12-24,general,disqualified,court_ruling_election_law,당선무효판결 확정 / 의원직 상실,term_start,,confirmed,wikilist+wikiseat,,2008-12-24,,2008-12-24,,,2008.05.30 ~ 2008.12.24,제18대 통합민주당 전북 전주시덕진구,nfzegpkvaclgtscxt,김세웅,40331558,41820092,,False
18,NG55346W,1,전병헌,지역구,서울 동작구갑,서울특별시 동작구 갑,,,통합민주당,통합민주당2008,민주통합당,통합민주당,2008-05-30,2012-05-29,general,term_end,term_end,,term_start,,term_end,,,,,,,,2008.05.30 ~ 2012.05.29,제18대 통합민주당 서울 동작구갑,nfzegpkvaclgtscxt,전병헌,40331558,,,False
18,NH229893,1,전여옥,지역구,서울 영등포구갑,서울특별시 영등포구 갑,,,한나라당,한나라당,무소속,한나라당,2008-05-30,2012-05-29,general,term_end,term_end,,term_start,,term_end,,,,,,,,2008.05.30 ~ 2012.05.29,제18대 한나라당 서울 영등포구갑,nfzegpkvaclgtscxt,전여옥,40331558,,,False
18,NQR1206Q,1,정진석,비례대표,비례대표,,한나라당,8,한나라당,한나라당,한나라당,한나라당,2008-05-30,2010-07-16,general,resigned,resigned_on_appointment,정진석 청와대 정무수석 임명으로 사퇴 김성동 승계 / 의원직 사퇴,term_start,,confirmed,wikiseat,,2010-07-20,,2010-07-16,,,2008.05.30 ~ 2010.07.16,제18대 한나라당 비례대표,nfzegpkvaclgtscxt,정진석 (정치인),40331558,41820092,,False
18,NS06841K,1,이철우,지역구,경북 김천시,경상북도 김천시,,,한나라당,한나라당,새누리당,한나라당,2008-05-30,2012-05-29,general,term_end,term_end,,term_start,,term_end,,,,,,,,2008.05.30 ~ 2012.05.29,제18대 한나라당 경북 김천시,nfzegpkvaclgtscxt,이철우 (1955년),40331558,,,False
18,NYV25701,1,김효재,지역구,서울 성북구을,서울특별시 성북구 을,,,한나라당,한나라당,한나라당,한나라당,2008-05-30,2011-08-04,general,resigned,resigned_on_appointment,청와대 정무수석 임명으로 의원직 사퇴 / 의원직 사퇴,term_start,,confirmed,wikilist+wikiseat+nabill,,2011-08-04,,2011-08-04,2011-08-04,PRC_Z1Q1Y0T7Q0K6Z1U0Q4S7S1G2A1V3O7,2008.05.30 ~ 2011.08.04,제18대 한나라당 서울 성북구을,nfzegpkvaclgtscxt,김효재,40331558,41820092,,False
18,OE127272,1,허태열,지역구,부산 북구강서구을,부산광역시 북구·강서구 을,,,한나라당,한나라당,새누리당,한나라당,2008-05-30,2012-05-29,general,term_end,term_end,,term_start,,term_end,,,,,,,,2008.05.30 ~ 2012.05.29,제18대 한나라당 부산 북구강서구을,nfzegpkvaclgtscxt,허태열,40331558,,,False
18,OSC50359,1,강명순,비례대표,비례대표,,한나라당,1,한나라당,한나라당,새누리당,한나라당,2008-05-30,2012-05-29,general,term_end,term_end,,term_start,,term_end,,,,,,,,2008.05.30 ~ 2012.05.29,제18대 한나라당 비례대표,nfzegpkvaclgtscxt,강명순 (정치인),40331558,,,False
18,OSM57783,1,정옥임,비례대표,비례대표,,한나라당,19,한나라당,한나라당,새누리당,한나라당,2008-05-30,2012-05-29,general,term_end,term_end,,term_start,,term_end,,,,,,,,2008.05.30 ~ 2012.05.29,제18대 한나라당 비례대표,nfzegpkvaclgtscxt,정옥임 (1960년),40331558,,,False
18,OTR59398,1,정미경,지역구,경기 수원시권선구,경기도 수원시 권선구,,,한나라당,한나라당,무소속,한나라당,2008-05-30,2012-05-29,general,term_end,term_end,,term_start,,term_end,,,,,,,,2008.05.30 ~ 2012.05.29,제18대 한나라당 경기 수원시권선구,nfzegpkvaclgtscxt,정미경 (정치인),40331558,,,False
18,P0F1530P,1,김태호,지역구,경남 김해시을,경상남도 김해시 을,,,한나라당,한나라당,새누리당,한나라당,2011-04-27,2012-05-29,by_election,term_end,term_end,,confirmed,wikilist,term_end,,2011-04-27,,2011-04-28,,,,2011.04.27 ~ 2012.05.29,제18대 한나라당 경남 김해시을,nexgtxtmaamffofof,김태호 (1962년),40331558,41820092,,False
18,P2G3854D,1,강용석,지역구,서울 마포구을,서울특별시 마포구 을,,,한나라당,한나라당,무소속,한나라당,2008-05-30,2012-05-29,general,term_end,term_end,,term_start,,term_end,,,,,,,,2008.05.30 ~ 2012.05.29,제18대 한나라당 서울 마포구을,nfzegpkvaclgtscxt,강용석,40331558,,,False
18,P303213F,1,정병국,지역구,경기 양평군가평군,경기도 양평군·가평군,,,한나라당,한나라당,새누리당,한나라당,2008-05-30,2012-05-29,general,term_end,term_end,,term_start,,term_end,,,,,,,,2008.05.30 ~ 2012.05.29,제18대 한나라당 경기 양평군가평군,nfzegpkvaclgtscxt,정병국,40331558,,,False
18,P318485D,1,박민식,지역구,부산 북구강서구갑,부산광역시 북구·강서구 갑,,,한나라당,한나라당,새누리당,한나라당,2008-05-30,2012-05-29,general,term_end,term_end,,term_start,,term_end,,,,,,,,2008.05.30 ~ 2012.05.29,제18대 한나라당 부산 북구강서구갑,nfzegpkvaclgtscxt,박민식,40331558,,,False
18,P6Q6720D,1,김성순,지역구,서울 송파구병,서울특별시 송파구 병,,,통합민주당,통합민주당2008,민주통합당,통합민주당,2008-05-30,2012-05-29,general,term_end,term_end,,term_start,,term_end,,,,,,,,2008.05.30 ~ 2012.05.29,제18대 통합민주당 서울 송파구병,nfzegpkvaclgtscxt,김성순,40331558,,,False
18,PAO22428,1,송영길,지역구,인천 계양구을,인천광역시 계양구 을,,,통합민주당,통합민주당2008,민주당,통합민주당,2008-05-30,2010-05-13,general,resigned,resigned_to_run_for_other_office,인천시장 출마로 인한 의원직 사퇴 / 의원직 사퇴,term_start,,api_later_than_wiki,wikilist=2010-04-26; wikiseat=2010-04-26,,2010-04-26,,2010-04-26,,,2008.05.30 ~ 2010.05.13,제18대 통합민주당 인천 계양구을,nexgtxtmaamffofof,송영길 (정치인),40331558,41820092,,False
18,PHE6239O,1,송영선,비례대표,비례대표,,친박연대,4,친박연대,친박연대,새누리당,친박연대,2008-05-30,2012-05-29,general,term_end,term_end,,term_start,,term_end,,,,,,,,2008.05.30 ~ 2012.05.29,제18대 친박연대 비례대표,nfzegpkvaclgtscxt,송영선 (1953년),40331558,,,False
18,PJ76653N,1,임태희,지역구,경기 성남시분당구을,경기도 성남시 분당구 을,,,한나라당,한나라당,한나라당,한나라당,2008-05-30,2010-10-01,general,resigned,resigned_on_appointment,청와대 대통령실장 임명으로 사퇴 / 의원직 사퇴,term_start,,confirmed,wikilist+wikiseat+nabill,,2010-10-01,,2010-10-01,2010-10-01,PRC_B1A0P0R7O1R6C1V0G4N8T2J7L6E7K3,2008.05.30 ~ 2010.10.01,제18대 한나라당 경기 성남시분당구을,nfzegpkvaclgtscxt,임태희,40331558,41820092,,False
18,PLR62452,1,김영우,지역구,경기 포천시연천군,경기도 포천시·연천군,,,한나라당,한나라당,새누리당,한나라당,2008-05-30,2012-05-29,general,term_end,term_end,,term_start,,term_end,,,,,,,,2008.05.30 ~ 2012.05.29,제18대 한나라당 경기 포천시연천군,nfzegpkvaclgtscxt,김영우 (1967년),40331558,,,False
18,PMU9608V,1,김태환,지역구,경북 구미시을,경상북도 구미시 을,,,무소속,무소속,새누리당,무소속,2008-05-30,2012-05-29,general,term_end,term_end,,term_start,,term_end,,,,,,,,2008.05.30 ~ 2012.05.29,제18대 무소속 경북 구미시을,nfzegpkvaclgtscxt,김태환 (1943년),40331558,,,False
18,PPY48864,1,진수희,지역구,서울 성동구갑,서울특별시 성동구 갑,,,한나라당,한나라당,새누리당,한나라당,2008-05-30,2012-05-29,general,term_end,term_end,,term_start,,term_end,,,,,,,,2008.05.30 ~ 2012.05.29,제18대 한나라당 서울 성동구갑,nfzegpkvaclgtscxt,진수희,40331558,,,False
18,PTC64957,1,정진섭,지역구,경기 광주시,경기도 광주시,,,한나라당,한나라당,무소속,한나라당,2008-05-30,2012-05-29,general,term_end,term_end,,term_start,,term_end,,,,,,,,2008.05.30 ~ 2012.05.29,제18대 한나라당 경기 광주시,nfzegpkvaclgtscxt,정진섭 (정치인),40331558,,,False
18,PU97362N,1,이영애,비례대표,비례대표,,한나라당,27,한나라당,한나라당,새누리당,한나라당,2011-10-04,2012-05-29,succession_pr,term_end,term_end,,confirmed,wikiseat,term_end,,2011-09-29,,2011-10-04,,,,2011.10.04 ~ 2012.05.29,제18대 한나라당 비례대표,nfzegpkvaclgtscxt,이영애 (1951년),40331558,41820092,,False
18,PVV68260,1,손범규,지역구,경기 고양시덕양구갑,경기도 고양시 덕양구 갑,,,한나라당,한나라당,새누리당,한나라당,2008-05-30,2012-05-29,general,term_end,term_end,,term_start,,term_end,,,,,,,,2008.05.30 ~ 2012.05.29,제18대 한나라당 경기 고양시덕양구갑,nfzegpkvaclgtscxt,손범규,40331558,,,False
18,PWU27609,1,유승민,지역구,대구 동구을,대구광역시 동구 을,,,한나라당,한나라당,새누리당,한나라당,2008-05-30,2012-05-29,general,term_end,term_end,,term_start,,term_end,,,,,,,,2008.05.30 ~ 2012.05.29,제18대 한나라당 대구 동구을,nfzegpkvaclgtscxt,유승민 (정치인),40331558,,,False
18,Q3X5279D,1,윤두환,지역구,울산 북구,울산광역시 북구,,,한나라당,한나라당,한나라당,한나라당,2008-05-30,2009-03-12,general,disqualified,court_ruling_election_law,당선무효판결 확정 / 의원직 상실,term_start,,confirmed,wikilist+wikiseat,,2009-03-12,,2009-03-12,,,2008.05.30 ~ 2009.03.12,제18대 한나라당 울산 북구,nfzegpkvaclgtscxt,윤두환,40331558,41820092,,False
18,Q5X4506F,1,황우여,지역구,인천 연수구,인천광역시 연수구,,,한나라당,한나라당,새누리당,한나라당,2008-05-30,2012-05-29,general,term_end,term_end,,term_start,,term_end,,,,,,,,2008.05.30 ~ 2012.05.29,제18대 한나라당 인천 연수구,nfzegpkvaclgtscxt,황우여,40331558,,,False
18,Q9H5708M,1,김진표,지역구,경기 수원시영통구,경기도 수원시 영통구,,,통합민주당,통합민주당2008,민주통합당,통합민주당,2008-05-30,2012-05-29,general,term_end,term_end,,term_start,,term_end,,,,,,,,2008.05.30 ~ 2012.05.29,제18대 통합민주당 경기 수원시영통구,nfzegpkvaclgtscxt,김진표 (정치인),40331558,,,False
18,QG36879J,1,이사철,지역구,경기 부천시원미구을,경기도 부천시 원미구 을,,,한나라당,한나라당,새누리당,한나라당,2008-05-30,2012-05-29,general,term_end,term_end,,term_start,,term_end,,,,,,,,2008.05.30 ~ 2012.05.29,제18대 한나라당 경기 부천시원미구을,nfzegpkvaclgtscxt,이사철 (1952년),40331558,,,False
18,QKO6165V,1,박진,지역구,서울 종로구,서울특별시 종로구,,,한나라당,한나라당,새누리당,한나라당,2008-05-30,2012-05-29,general,term_end,term_end,,term_start,,term_end,,,,,,,,2008.05.30 ~ 2012.05.29,제18대 한나라당 서울 종로구,nfzegpkvaclgtscxt,박진 (정치인),40331558,,,False
18,QKY38290,1,여상규,지역구,경남 남해군하동군,경상남도 남해군·하동군,,,한나라당,한나라당,새누리당,한나라당,2008-05-30,2012-05-29,general,term_end,term_end,,term_start,,term_end,,,,,,,,2008.05.30 ~ 2012.05.29,제18대 한나라당 경남 남해군하동군,nfzegpkvaclgtscxt,여상규,40331558,,,False
18,QM028409,1,이강래,지역구,전북 남원시순창군,전라북도 남원시·순창군,,,통합민주당,통합민주당2008,민주통합당,통합민주당,2008-05-30,2012-05-29,general,term_end,term_end,,term_start,,term_end,,,,,,,,2008.05.30 ~ 2012.05.29,제18대 통합민주당 전북 남원시순창군,nfzegpkvaclgtscxt,이강래 (1953년),40331558,,,False
18,QNI3781H,1,김유정,비례대표,비례대표,,통합민주당,15,통합민주당,통합민주당2008,민주통합당,통합민주당,2008-05-30,2012-05-29,general,term_end,term_end,,term_start,,term_end,,,,,,,,2008.05.30 ~ 2012.05.29,제18대 통합민주당 비례대표,nfzegpkvaclgtscxt,김유정 (국회의원),40331558,,,False
18,QT984813,1,신학용,지역구,인천 계양구갑,인천광역시 계양구 갑,,,통합민주당,통합민주당2008,민주통합당,통합민주당,2008-05-30,2012-05-29,general,term_end,term_end,,term_start,,term_end,,,,,,,,2008.05.30 ~ 2012.05.29,제18대 통합민주당 인천 계양구갑,nfzegpkvaclgtscxt,신학용,40331558,,,False
18,QUM8288K,1,이달곤,비례대표,비례대표,,한나라당,10,한나라당,한나라당,한나라당,한나라당,2008-05-30,2009-03-02,general,resigned,resigned_on_appointment,행정안전부 장관 임명 관계로 의원직 사퇴 / 의원직 사퇴,term_start,,confirmed,nabill,,2009-03-04,,2009-03-03,2009-03-02,PRC_X0S9X0C2X0S3S1L4U3L7K2J2M6A1G6,2008.05.30 ~ 2009.03.02,제18대 한나라당 비례대표,nfzegpkvaclgtscxt,이달곤,40331558,41820092,,False
18,QZG38143,1,김춘진,지역구,전북 고창군부안군,전라북도 고창군·부안군,,,통합민주당,통합민주당2008,민주통합당,통합민주당,2008-05-30,2012-05-29,general,term_end,term_end,,term_start,,term_end,,,,,,,,2008.05.30 ~ 2012.05.29,제18대 통합민주당 전북 고창군부안군,nfzegpkvaclgtscxt,김춘진,40331558,,,False
18,R724713H,1,김재윤,지역구,제주 서귀포시,제주특별자치도 서귀포시,,,통합민주당,통합민주당2008,민주통합당,통합민주당,2008-05-30,2012-05-29,general,term_end,term_end,,term_start,,term_end,,,,,,,,2008.05.30 ~ 2012.05.29,제18대 통합민주당 제주 서귀포시,nfzegpkvaclgtscxt,김재윤 (1965년),40331558,,,False
18,R7753197,1,우윤근,지역구,전남 광양시,전라남도 광양시,,,통합민주당,통합민주당2008,민주통합당,통합민주당,2008-05-30,2012-05-29,general,term_end,term_end,,term_start,,term_end,,,,,,,,2008.05.30 ~ 2012.05.29,제18대 통합민주당 전남 광양시,nfzegpkvaclgtscxt,우윤근,40331558,,,False
18,RCF90176,1,김성식,지역구,서울 관악구갑,서울특별시 관악구 갑,,,한나라당,한나라당,무소속,한나라당,2008-05-30,2012-05-29,general,term_end,term_end,,term_start,,term_end,,,,,,,,2008.05.30 ~ 2012.05.29,제18대 한나라당 서울 관악구갑,nfzegpkvaclgtscxt,김성식 (1958년),40331558,,,False
18,RE32613N,1,조순형,비례대표,비례대표,,자유선진당,2,자유선진당,자유선진당,자유선진당,자유선진당,2008-05-30,2012-05-29,general,term_end,term_end,,term_start,,term_end,,,,,,,,2008.05.30 ~ 2012.05.29,제18대 자유선진당 비례대표,nfzegpkvaclgtscxt,조순형,40331558,,,False
18,RG97851G,1,선경식,비례대표,비례대표,,창조한국당,4,창조한국당,창조한국당,무소속,창조한국당,2012-01-26,2012-04-27,succession_pr,died,died,뇌출혈로 사망 / 사망,confirmed,wikilist,confirmed,wikilist+wikiseat,2012-01-26,2012-04-27,2012-01-25,2012-04-27,,,2012.01.26 ~ 2012.04.27,제18대 창조한국당 비례대표,nfzegpkvaclgtscxt,선경식,40331558,41820092,,False
18,RK22879B,1,박상은,지역구,인천 중구동구옹진군,인천광역시 중구·동구·옹진군,,,한나라당,한나라당,새누리당,한나라당,2008-05-30,2012-05-29,general,term_end,term_end,,term_start,,term_end,,,,,,,,2008.05.30 ~ 2012.05.29,제18대 한나라당 인천 중구동구옹진군,nfzegpkvaclgtscxt,박상은 (1949년),40331558,,,False
18,RLG4231U,1,이상득,지역구,경북 포항시남구울릉군,경상북도 포항시 남구·울릉군,,,한나라당,한나라당,새누리당,한나라당,2008-05-30,2012-05-29,general,term_end,term_end,,term_start,,term_end,,,,,,,,2008.05.30 ~ 2012.05.29,제18대 한나라당 경북 포항시남구울릉군,nfzegpkvaclgtscxt,이상득,40331558,,,False
18,RMC1840P,1,신성범,지역구,경남 산청군함양군거창군,경상남도 산청군·함양군·거창군,,,한나라당,한나라당,새누리당,한나라당,2008-05-30,2012-05-29,general,term_end,term_end,,term_start,,term_end,,,,,,,,2008.05.30 ~ 2012.05.29,제18대 한나라당 경남 산청군함양군거창군,nexgtxtmaamffofof,신성범,40331558,,,False
18,RN65198P,1,최병국,지역구,울산 남구갑,울산광역시 남구 갑,,,한나라당,한나라당,무소속,한나라당,2008-05-30,2012-05-29,general,term_end,term_end,,term_start,,term_end,,,,,,,,2008.05.30 ~ 2012.05.29,제18대 한나라당 울산 남구갑,nfzegpkvaclgtscxt,최병국 (1942년),40331558,,,False
18,RSE18860,1,김옥이,비례대표,비례대표,,한나라당,21,한나라당,한나라당,새누리당,한나라당,2008-05-30,2012-05-29,general,term_end,term_end,,term_start,,term_end,,,,,,,,2008.05.30 ~ 2012.05.29,제18대 한나라당 비례대표,nfzegpkvaclgtscxt,김옥이,40331558,,,False
18,RUW8681N,1,황진하,지역구,경기 파주시,경기도 파주시,,,한나라당,한나라당,새누리당,한나라당,2008-05-30,2012-05-29,general,term_end,term_end,,term_start,,term_end,,,,,,,,2008.05.30 ~ 2012.05.29,제18대 한나라당 경기 파주시,nfzegpkvaclgtscxt,황진하,40331558,,,False
18,RVD1966C,1,이해봉,지역구,대구 달서구을,대구광역시 달서구 을,,,무소속,무소속,새누리당,무소속,2008-05-30,2012-05-29,general,term_end,term_end,,term_start,,term_end,,,,,,,,2008.05.30 ~ 2012.05.29,제18대 무소속 대구 달서구을,nfzegpkvaclgtscxt,이해봉 (1942년),40331558,,,False
18,S0S7941O,1,박대해,지역구,부산 연제구,부산광역시 연제구,,,친박연대,친박연대,새누리당,친박연대,2008-05-30,2012-05-29,general,term_end,term_end,,term_start,,term_end,,,,,,,,2008.05.30 ~ 2012.05.29,제18대 친박연대 부산 연제구,nfzegpkvaclgtscxt,박대해,40331558,,,False
18,S3072602,1,진성호,지역구,서울 중랑구을,서울특별시 중랑구 을,,,한나라당,한나라당,무소속,한나라당,2008-05-30,2012-05-29,general,term_end,term_end,,term_start,,term_end,,,,,,,,2008.05.30 ~ 2012.05.29,제18대 한나라당 서울 중랑구을,nfzegpkvaclgtscxt,진성호,40331558,,,False
18,S312791R,1,윤석용,지역구,서울 강동구을,서울특별시 강동구 을,,,한나라당,한나라당,새누리당,한나라당,2008-05-30,2012-05-29,general,term_end,term_end,,term_start,,term_end,,,,,,,,2008.05.30 ~ 2012.05.29,제18대 한나라당 서울 강동구을,nfzegpkvaclgtscxt,윤석용,40331558,,,False
18,S7E4736F,1,윤진식,지역구,충북 충주시,충청북도 충주시,,,한나라당,한나라당,새누리당,한나라당,2010-07-28,2012-05-29,by_election,term_end,term_end,,confirmed,wikilist,term_end,,2010-07-28,,2010-07-29,,,,2010.07.28 ~ 2012.05.29,제18대 한나라당 충북 충주시,nfzegpkvaclgtscxt,윤진식,40331558,41820092,,False
18,S8431719,1,박영선,지역구,서울 구로구을,서울특별시 구로구 을,,,통합민주당,통합민주당2008,민주통합당,통합민주당,2008-05-30,2012-05-29,general,term_end,term_end,,term_start,,term_end,,,,,,,,2008.05.30 ~ 2012.05.29,제18대 통합민주당 서울 구로구을,nfzegpkvaclgtscxt,박영선 (정치인),40331558,,,False
18,SAA7309Q,1,이한성,지역구,경북 문경시예천군,경상북도 문경시·예천군,,,한나라당,한나라당,새누리당,한나라당,2008-05-30,2012-05-29,general,term_end,term_end,,term_start,,term_end,,,,,,,,2008.05.30 ~ 2012.05.29,제18대 한나라당 경북 문경시예천군,nfzegpkvaclgtscxt,이한성,40331558,,,False
18,SCA7983X,1,최종원,지역구,강원 태백시영월군평창군정선군,강원도 태백시·영월군·평창군·정선군,,,민주당,민주당2008,민주통합당,민주당,2010-07-28,2012-05-29,by_election,term_end,term_end,,confirmed,wikilist,term_end,,2010-07-28,,2010-07-29,,,,2010.07.28 ~ 2012.05.29,제18대 민주당 강원 태백시영월군평창군정선군,nfzegpkvaclgtscxt,최종원,40331558,41820092,,False
18,SEK1881Q,1,유재중,지역구,부산 수영구,부산광역시 수영구,,,무소속,무소속,새누리당,무소속,2008-05-30,2012-05-29,general,term_end,term_end,,term_start,,term_end,,,,,,,,2008.05.30 ~ 2012.05.29,제18대 무소속 부산 수영구,nfzegpkvaclgtscxt,유재중,40331558,,,False
18,SKV1971K,1,유선호,지역구,전남 장흥군강진군영암군,전라남도 장흥군·강진군·영암군,,,통합민주당,통합민주당2008,민주통합당,통합민주당,2008-05-30,2012-05-29,general,term_end,term_end,,term_start,,term_end,,,,,,,,2008.05.30 ~ 2012.05.29,제18대 통합민주당 전남 장흥군강진군영암군,nfzegpkvaclgtscxt,유선호 (정치인),40331558,,,False
18,SLW27496,1,나경원,지역구,서울 중구,서울특별시 중구,,,한나라당,한나라당,한나라당,한나라당,2008-05-30,2011-10-06,general,resigned,resigned_to_run_for_other_office,서울시장 보궐선거 출마로 인한 의원직 사퇴 / 의원직 사퇴,term_start,,api_later_than_wiki,wikilist=2011-09-28; wikiseat=2011-09-28,,2011-09-28,,2011-09-28,,,2008.05.30 ~ 2011.10.06,제18대 한나라당 서울 중구,nexgtxtmaamffofof,나경원,40331558,41820092,,False
18,SNJ6318D,1,김무성,지역구,부산 남구을,부산광역시 남구 을,,,무소속,무소속,새누리당,무소속,2008-05-30,2012-05-29,general,term_end,term_end,,term_start,,term_end,,,,,,,,2008.05.30 ~ 2012.05.29,제18대 무소속 부산 남구을,nfzegpkvaclgtscxt,김무성,40331558,,,False
18,SOB8871D,1,권선택,지역구,대전 중구,대전광역시 중구,,,자유선진당,자유선진당,자유선진당,자유선진당,2008-05-30,2012-05-29,general,term_end,term_end,,term_start,,term_end,,,,,,,,2008.05.30 ~ 2012.05.29,제18대 자유선진당 대전 중구,nfzegpkvaclgtscxt,권선택,40331558,,,False
18,SPY40975,1,이성남,비례대표,비례대표,,통합민주당,1,통합민주당,통합민주당2008,민주통합당,통합민주당,2008-05-30,2012-05-29,general,term_end,term_end,,term_start,,term_end,,,,,,,,2008.05.30 ~ 2012.05.29,제18대 통합민주당 비례대표,nfzegpkvaclgtscxt,이성남 (1947년),40331558,,,False
18,SSH8397C,1,김낙성,지역구,충남 당진군,충청남도 당진군,,,자유선진당,자유선진당,자유선진당,자유선진당,2008-05-30,2012-05-29,general,term_end,term_end,,term_start,,term_end,,,,,,,,2008.05.30 ~ 2012.05.29,제18대 자유선진당 충남 당진군,nfzegpkvaclgtscxt,김낙성,40331558,,,False
18,SVH30067,1,오제세,지역구,충북 청주시흥덕구갑,충청북도 청주시 흥덕구 갑,,,통합민주당,통합민주당2008,민주통합당,통합민주당,2008-05-30,2012-05-29,general,term_end,term_end,,term_start,,term_end,,,,,,,,2008.05.30 ~ 2012.05.29,제18대 통합민주당 충북 청주시흥덕구갑,nfzegpkvaclgtscxt,오제세,40331558,,,False
18,T8H6713N,1,최연희,지역구,강원 동해시삼척시,강원도 동해시·삼척시,,,무소속,무소속,무소속,무소속,2008-05-30,2012-05-29,general,term_end,term_end,,term_start,,term_end,,,,,,,,2008.05.30 ~ 2012.05.29,제18대 무소속 강원 동해시삼척시,nfzegpkvaclgtscxt,최연희,40331558,,,False
18,TA88758O,1,백원우,지역구,경기 시흥시갑,경기도 시흥시 갑,,,통합민주당,통합민주당2008,민주통합당,통합민주당,2008-05-30,2012-05-29,general,term_end,term_end,,term_start,,term_end,,,,,,,,2008.05.30 ~ 2012.05.29,제18대 통합민주당 경기 시흥시갑,nfzegpkvaclgtscxt,백원우,40331558,,,False
18,THS8807E,1,조진래,지역구,경남 의령군함안군합천군,경상남도 의령군·함안군·합천군,,,한나라당,한나라당,새누리당,한나라당,2008-05-30,2012-05-29,general,term_end,term_end,,term_start,,term_end,,,,,,,,2008.05.30 ~ 2012.05.29,제18대 한나라당 경남 의령군함안군합천군,nfzegpkvaclgtscxt,조진래,40331558,,,False
18,TIS61927,1,양승조,지역구,충남 천안시갑,충청남도 천안시 갑,,,통합민주당,통합민주당2008,민주통합당,통합민주당,2008-05-30,2012-05-29,general,term_end,term_end,,term_start,,term_end,,,,,,,,2008.05.30 ~ 2012.05.29,제18대 통합민주당 충남 천안시갑,nfzegpkvaclgtscxt,양승조,40331558,,,False
18,TJT1453B,1,현기환,지역구,부산 사하구갑,부산광역시 사하구 갑,,,한나라당,한나라당,새누리당,한나라당,2008-05-30,2012-05-29,general,term_end,term_end,,term_start,,term_end,,,,,,,,2008.05.30 ~ 2012.05.29,제18대 한나라당 부산 사하구갑,nfzegpkvaclgtscxt,현기환,40331558,,,False
18,TOU1222X,1,강창일,지역구,제주 제주시갑,제주특별자치도 제주시 갑,,,통합민주당,통합민주당2008,민주통합당,통합민주당,2008-05-30,2012-05-29,general,term_end,term_end,,term_start,,term_end,,,,,,,,2008.05.30 ~ 2012.05.29,제18대 통합민주당 제주 제주시갑,nfzegpkvaclgtscxt,강창일,40331558,,,False
18,TST4507I,1,안규백,비례대표,비례대표,,통합민주당,14,통합민주당,통합민주당2008,민주통합당,통합민주당,2008-05-30,2012-05-29,general,term_end,term_end,,term_start,,term_end,,,,,,,,2008.05.30 ~ 2012.05.29,제18대 통합민주당 비례대표,nexgtxtmaamffofof,안규백,40331558,,,False
18,TVF5566E,1,백성운,지역구,경기 고양시일산동구,경기도 고양시 일산동구,,,한나라당,한나라당,새누리당,한나라당,2008-05-30,2012-05-29,general,term_end,term_end,,term_start,,term_end,,,,,,,,2008.05.30 ~ 2012.05.29,제18대 한나라당 경기 고양시일산동구,nfzegpkvaclgtscxt,백성운,40331558,,,False
18,TZD17894,1,원유철,지역구,경기 평택시갑,경기도 평택시 갑,,,한나라당,한나라당,새누리당,한나라당,2008-05-30,2012-05-29,general,term_end,term_end,,term_start,,term_end,,,,,,,,2008.05.30 ~ 2012.05.29,제18대 한나라당 경기 평택시갑,nfzegpkvaclgtscxt,원유철,40331558,,,False
18,U8D30778,1,김용구,비례대표,비례대표,,자유선진당,4,자유선진당,자유선진당,자유선진당,자유선진당,2008-05-30,2012-05-29,general,term_end,term_end,,term_start,,term_end,,,,,,,,2008.05.30 ~ 2012.05.29,제18대 자유선진당 비례대표,nfzegpkvaclgtscxt,김용구 (1940년),40331558,,,False
18,UCD59119,1,유원일,비례대표,비례대표,,창조한국당,3,창조한국당,창조한국당,창조한국당,창조한국당,2008-12-15,2012-01-25,succession_pr,resigned,resigned_other,"유원일 의원직 사퇴, 선경식 승계 / 의원직 사퇴",confirmed,wikilist,confirmed,wikilist+wikiseat,2008-12-15,2012-01-25,2009-01-08,2012-01-25,,,2008.12.15 ~ 2012.01.25,제18대 창조한국당 비례대표,nfzegpkvaclgtscxt,유원일,40331558,41820092,,False
18,UDB9699P,1,김호연,지역구,충남 천안시을,충청남도 천안시 을,,,한나라당,한나라당,새누리당,한나라당,2010-07-28,2012-05-29,by_election,term_end,term_end,,confirmed,wikilist,term_end,,2010-07-28,,2010-07-29,,,,2010.07.28 ~ 2012.05.29,제18대 한나라당 충남 천안시을,nfzegpkvaclgtscxt,김호연 (1955년),40331558,41820092,,False
18,UGH6481E,1,김상희,비례대표,비례대표,,통합민주당,11,통합민주당,통합민주당2008,민주통합당,통합민주당,2008-05-30,2012-05-29,general,term_end,term_end,,term_start,,term_end,,,,,,,,2008.05.30 ~ 2012.05.29,제18대 통합민주당 비례대표,nfzegpkvaclgtscxt,김상희 (1954년),40331558,,,False
18,UIN2835Q,1,김효석,지역구,전남 담양군곡성군구례군,전라남도 담양군·곡성군·구례군,,,통합민주당,통합민주당2008,민주통합당,통합민주당,2008-05-30,2012-05-29,general,term_end,term_end,,term_start,,term_end,,,,,,,,2008.05.30 ~ 2012.05.29,제18대 통합민주당 전남 담양군곡성군구례군,nfzegpkvaclgtscxt,김효석 (1949년),40331558,,,False
18,UIZ3103R,1,김부겸,지역구,경기 군포시,경기도 군포시,,,통합민주당,통합민주당2008,민주통합당,통합민주당,2008-05-30,2012-05-29,general,term_end,term_end,,term_start,,term_end,,,,,,,,2008.05.30 ~ 2012.05.29,제18대 통합민주당 경기 군포시,nfzegpkvaclgtscxt,김부겸,40331558,,,False
18,URV1689Q,1,추미애,지역구,서울 광진구을,서울특별시 광진구 을,,,통합민주당,통합민주당2008,민주통합당,통합민주당,2008-05-30,2012-05-29,general,term_end,term_end,,term_start,,term_end,,,,,,,,2008.05.30 ~ 2012.05.29,제18대 통합민주당 서울 광진구을,nfzegpkvaclgtscxt,추미애,40331558,,,False
18,UY23844S,1,김일윤,지역구,경북 경주시,경상북도 경주시,,,친박연대,친박연대,무소속,무소속,2008-05-30,2008-12-24,general,disqualified,court_ruling_election_law,당선무효판결 확정 / 의원직 상실,term_start,,confirmed,wikilist+wikiseat,,2008-12-24,,2008-12-24,,,2008.05.30 ~ 2008.12.24,제18대 무소속 경북 경주시,nfzegpkvaclgtscxt,김일윤,40331558,41820092,,False
18,V1849655,1,정의화,지역구,부산 중구동구,부산광역시 중구·동구,,,한나라당,한나라당,새누리당,한나라당,2008-05-30,2012-05-29,general,term_end,term_end,,term_start,,term_end,,,,,,,,2008.05.30 ~ 2012.05.29,제18대 한나라당 부산 중구동구,nfzegpkvaclgtscxt,정의화,40331558,,,False
18,V2R7430Z,1,이춘석,지역구,전북 익산시갑,전라북도 익산시 갑,,,통합민주당,통합민주당2008,민주통합당,통합민주당,2008-05-30,2012-05-29,general,term_end,term_end,,term_start,,term_end,,,,,,,,2008.05.30 ~ 2012.05.29,제18대 통합민주당 전북 익산시갑,nexgtxtmaamffofof,이춘석,40331558,,,False
18,V8I36226,1,장병완,지역구,광주 남구,광주광역시 남구,,,민주당,민주당2008,민주통합당,민주통합당,2010-07-28,2012-05-29,by_election,term_end,term_end,,confirmed,wikilist,term_end,,2010-07-28,,2010-07-29,,,,2010.07.28 ~ 2012.05.29,제18대 민주통합당 광주 남구,nfzegpkvaclgtscxt,장병완,40331558,41820092,,False
18,V8Y41572,1,서갑원,지역구,전남 순천시,전라남도 순천시,,,통합민주당,통합민주당2008,민주당,통합민주당,2008-05-30,2011-01-27,general,disqualified,court_ruling_election_law,정치자금법 위반으로 의원직 상실 / 의원직 상실,term_start,,confirmed,wikilist+wikiseat,,2011-01-27,,2011-01-27,,,2008.05.30 ~ 2011.01.27,제18대 통합민주당 전남 순천시,nfzegpkvaclgtscxt,서갑원,40331558,41820092,,False
18,VBE6017U,1,홍장표,지역구,경기 안산시상록구을,경기도 안산시 상록구 을,,,친박연대,친박연대,한나라당,친박연대,2008-05-30,2009-07-23,general,disqualified,court_ruling_election_law,당선무효판결 확정 / 의원직 상실,term_start,,confirmed,wikilist+wikiseat,,2009-07-23,,2009-07-23,,,2008.05.30 ~ 2009.07.23,제18대 친박연대 경기 안산시상록구을,nfzegpkvaclgtscxt,홍장표 (1959년),40331558,41820092,,False
18,VE469451,1,최재성,지역구,경기 남양주시갑,경기도 남양주시 갑,,,통합민주당,통합민주당2008,민주통합당,통합민주당,2008-05-30,2012-05-29,general,term_end,term_end,,term_start,,term_end,,,,,,,,2008.05.30 ~ 2012.05.29,제18대 통합민주당 경기 남양주시갑,nfzegpkvaclgtscxt,최재성 (정치인),40331558,,,False
18,VNF2868Z,1,조원진,지역구,대구 달서구병,대구광역시 달서구 병,,,친박연대,친박연대,새누리당,친박연대,2008-05-30,2012-05-29,general,term_end,term_end,,term_start,,term_end,,,,,,,,2008.05.30 ~ 2012.05.29,제18대 친박연대 대구 달서구병,nfzegpkvaclgtscxt,조원진,40331558,,,False
18,W0E4362P,1,최영희,비례대표,비례대표,,통합민주당,3,통합민주당,통합민주당2008,민주통합당,통합민주당,2008-05-30,2012-05-29,general,term_end,term_end,,term_start,,term_end,,,,,,,,2008.05.30 ~ 2012.05.29,제18대 통합민주당 비례대표,nfzegpkvaclgtscxt,최영희 (1950년),40331558,,,False
18,W1W1462T,1,박준선,지역구,경기 용인시기흥구,경기도 용인시 기흥구,,,한나라당,한나라당,새누리당,한나라당,2008-05-30,2012-05-29,general,term_end,term_end,,term_start,,term_end,,,,,,,,2008.05.30 ~ 2012.05.29,제18대 한나라당 경기 용인시기흥구,nfzegpkvaclgtscxt,박준선 (1966년),40331558,,,False
18,WDR7061Y,1,이종걸,지역구,경기 안양시만안구,경기도 안양시 만안구,,,통합민주당,통합민주당2008,민주통합당,통합민주당,2008-05-30,2012-05-29,general,term_end,term_end,,term_start,,term_end,,,,,,,,2008.05.30 ~ 2012.05.29,제18대 통합민주당 경기 안양시만안구,nfzegpkvaclgtscxt,이종걸,40331558,,,False
18,WMY7084J,1,이무영,지역구,전북 전주시완산구갑,전라북도 전주시 완산구 갑,,,무소속,무소속,무소속,무소속,2008-05-30,2008-12-11,general,disqualified,court_ruling_election_law,당선무효판결 확정 / 의원직 상실,term_start,,confirmed,wikilist+wikiseat,,2008-12-11,,2008-12-11,,,2008.05.30 ~ 2008.12.11,제18대 무소속 전북 전주시완산구갑,nfzegpkvaclgtscxt,이무영 (경찰),40331558,41820092,,False
18,WNQ9029K,1,박상돈,지역구,충남 천안시을,충청남도 천안시 을,,,자유선진당,자유선진당,자유선진당,자유선진당,2008-05-30,2010-05-13,general,resigned,resigned_to_run_for_other_office,충남지사 출마로 인한 의원직 사퇴 / 의원직 사퇴,term_start,,api_later_than_wiki,wikilist=2010-05-04; wikiseat=2010-05-04,,2010-05-04,,2010-05-04,,,2008.05.30 ~ 2010.05.13,제18대 자유선진당 충남 천안시을,nfzegpkvaclgtscxt,박상돈,40331558,41820092,,False
18,WYI5610U,1,김혜성,비례대표,비례대표,,친박연대,9,친박연대,친박연대,새누리당,친박연대,2009-11-03,2012-05-29,succession_pr,term_end,term_end,,confirmed,wikilist+wikiseat,term_end,,2009-11-03,,2009-11-03,,,,2009.11.03 ~ 2012.05.29,제18대 친박연대 비례대표,nfzegpkvaclgtscxt,김혜성 (정치인),40331558,41820092,,False
18,X0R95148,1,강기갑,지역구,경남 사천시,경상남도 사천시,,,민주노동당,민주노동당,통합진보당,민주노동당,2008-05-30,2012-05-29,general,term_end,term_end,,term_start,,term_end,,,,,,,,2008.05.30 ~ 2012.05.29,제18대 민주노동당 경남 사천시,nfzegpkvaclgtscxt,강기갑,40331558,,,False
18,X1E79772,1,양정례,비례대표,비례대표,,친박연대,1,친박연대,친박연대,친박연대,친박연대,2008-05-30,2009-05-14,general,disqualified,court_ruling_election_law,당선무효판결 확정 / 의원직 상실,term_start,,confirmed,wikilist+wikiseat,,2009-05-14,,2009-05-14,,,2008.05.30 ~ 2009.05.14,제18대 친박연대 비례대표,nfzegpkvaclgtscxt,양정례,40331558,41820092,,False
18,X316937B,1,김정권,지역구,경남 김해시갑,경상남도 김해시 갑,,,한나라당,한나라당,새누리당,한나라당,2008-05-30,2012-05-29,general,term_end,term_end,,term_start,,term_end,,,,,,,,2008.05.30 ~ 2012.05.29,제18대 한나라당 경남 김해시갑,nfzegpkvaclgtscxt,김정권 (정치인),40331558,,,False
18,X7I4680R,1,김기현,지역구,울산 남구을,울산광역시 남구 을,,,한나라당,한나라당,새누리당,한나라당,2008-05-30,2012-05-29,general,term_end,term_end,,term_start,,term_end,,,,,,,,2008.05.30 ~ 2012.05.29,제18대 한나라당 울산 남구을,nexgtxtmaamffofof,김기현 (1959년),40331558,,,False
18,XBJ9297Q,1,노영민,지역구,충북 청주시흥덕구을,충청북도 청주시 흥덕구 을,,,통합민주당,통합민주당2008,민주통합당,통합민주당,2008-05-30,2012-05-29,general,term_end,term_end,,term_start,,term_end,,,,,,,,2008.05.30 ~ 2012.05.29,제18대 통합민주당 충북 청주시흥덕구을,nfzegpkvaclgtscxt,노영민,40331558,,,False
18,XGQ9659R,1,이한구,지역구,대구 수성구갑,대구광역시 수성구 갑,,,한나라당,한나라당,새누리당,한나라당,2008-05-30,2012-05-29,general,term_end,term_end,,term_start,,term_end,,,,,,,,2008.05.30 ~ 2012.05.29,제18대 한나라당 대구 수성구갑,nfzegpkvaclgtscxt,이한구 (정치인),40331558,,,False
18,XJT56751,1,박보환,지역구,경기 화성시을,경기도 화성시 을,,,한나라당,한나라당,새누리당,한나라당,2008-05-30,2012-05-29,general,term_end,term_end,,term_start,,term_end,,,,,,,,2008.05.30 ~ 2012.05.29,제18대 한나라당 경기 화성시을,nfzegpkvaclgtscxt,박보환,40331558,,,False
18,XQ98168F,1,강길부,지역구,울산 울주군,울산광역시 울주군,,,무소속,무소속,새누리당,무소속,2008-05-30,2012-05-29,general,term_end,term_end,,term_start,,term_end,,,,,,,,2008.05.30 ~ 2012.05.29,제18대 무소속 울산 울주군,nfzegpkvaclgtscxt,강길부,40331558,,,False
18,XT18076X,1,박주선,지역구,광주 동구,광주광역시 동구,,,통합민주당,통합민주당2008,무소속,통합민주당,2008-05-30,2012-05-29,general,term_end,term_end,,term_start,,term_end,,,,,,,,2008.05.30 ~ 2012.05.29,제18대 통합민주당 광주 동구,nfzegpkvaclgtscxt,박주선,40331558,,,False
18,YKA9050K,1,홍재형,지역구,충북 청주시상당구,충청북도 청주시 상당구,,,통합민주당,통합민주당2008,민주통합당,통합민주당,2008-05-30,2012-05-29,general,term_end,term_end,,term_start,,term_end,,,,,,,,2008.05.30 ~ 2012.05.29,제18대 통합민주당 충북 청주시상당구,nfzegpkvaclgtscxt,홍재형,40331558,,,False
18,YLM92014,1,박순자,지역구,경기 안산시단원구을,경기도 안산시 단원구 을,,,한나라당,한나라당,새누리당,한나라당,2008-05-30,2012-05-29,general,term_end,term_end,,term_start,,term_end,,,,,,,,2008.05.30 ~ 2012.05.29,제18대 한나라당 경기 안산시단원구을,nfzegpkvaclgtscxt,박순자,40331558,,,False
18,Z206474J,1,서상기,지역구,대구 북구을,대구광역시 북구 을,,,한나라당,한나라당,새누리당,한나라당,2008-05-30,2012-05-29,general,term_end,term_end,,term_start,,term_end,,,,,,,,2008.05.30 ~ 2012.05.29,제18대 한나라당 대구 북구을,nfzegpkvaclgtscxt,서상기 (1946년),40331558,,,False
18,Z344466I,1,박우순,지역구,강원 원주시,강원도 원주시,,,민주당,민주당2008,민주통합당,민주당,2010-07-28,2012-05-29,by_election,term_end,term_end,,confirmed,wikilist,term_end,,2010-07-28,,2010-07-29,,,,2010.07.28 ~ 2012.05.29,제18대 민주당 강원 원주시,nfzegpkvaclgtscxt,박우순,40331558,41820092,,False
18,Z6R3959C,1,조해진,지역구,경남 밀양시창녕군,경상남도 밀양시·창녕군,,,한나라당,한나라당,새누리당,한나라당,2008-05-30,2012-05-29,general,term_end,term_end,,term_start,,term_end,,,,,,,,2008.05.30 ~ 2012.05.29,제18대 한나라당 경남 밀양시창녕군,nfzegpkvaclgtscxt,조해진 (1963년),40331558,,,False
18,ZA54991S,1,안민석,지역구,경기 오산시,경기도 오산시,,,통합민주당,통합민주당2008,민주통합당,통합민주당,2008-05-30,2012-05-29,general,term_end,term_end,,term_start,,term_end,,,,,,,,2008.05.30 ~ 2012.05.29,제18대 통합민주당 경기 오산시,nfzegpkvaclgtscxt,안민석,40331558,,,False
18,ZAD6422F,1,허천,지역구,강원 춘천시,강원도 춘천시,,,한나라당,한나라당,무소속,한나라당,2008-05-30,2012-05-29,general,term_end,term_end,,term_start,,term_end,,,,,,,,2008.05.30 ~ 2012.05.29,제18대 한나라당 강원 춘천시,nfzegpkvaclgtscxt,허천 (1943년),40331558,,,False
18,ZB494869,1,정영희,비례대표,비례대표,,친박연대,7,친박연대,친박연대,새누리당,친박연대,2008-05-30,2012-05-29,general,term_end,term_end,,term_start,,term_end,,,,,,,,2008.05.30 ~ 2012.05.29,제18대 친박연대 비례대표,nfzegpkvaclgtscxt,정영희 (1945년),40331558,,,False
18,ZC87486D,1,김선동,지역구,전남 순천시,전라남도 순천시,,,민주노동당,민주노동당,통합진보당,민주노동당,2011-04-27,2012-05-29,by_election,term_end,term_end,,confirmed,wikilist,term_end,,2011-04-27,,2011-04-28,,,,2011.04.27 ~ 2012.05.29,제18대 민주노동당 전남 순천시,nfzegpkvaclgtscxt,김선동 (1967년),40331558,41820092,,False
18,ZF959220,1,안경률,지역구,부산 해운대구기장군을,부산광역시 해운대구·기장군 을,,,한나라당,한나라당,새누리당,한나라당,2008-05-30,2012-05-29,general,term_end,term_end,,term_start,,term_end,,,,,,,,2008.05.30 ~ 2012.05.29,제18대 한나라당 부산 해운대구기장군을,nfzegpkvaclgtscxt,안경률,40331558,,,False
18,ZG482421,1,이상권,지역구,인천 계양구을,인천광역시 계양구 을,,,한나라당,한나라당,새누리당,한나라당,2010-07-28,2012-05-29,by_election,term_end,term_end,,confirmed,wikilist,term_end,,2010-07-28,,2010-07-29,,,,2010.07.28 ~ 2012.05.29,제18대 한나라당 인천 계양구을,nfzegpkvaclgtscxt,이상권,40331558,41820092,,False
18,ZHD57353,1,이범래,지역구,서울 구로구갑,서울특별시 구로구 갑,,,한나라당,한나라당,새누리당,한나라당,2008-05-30,2012-05-29,general,term_end,term_end,,term_start,,term_end,,,,,,,,2008.05.30 ~ 2012.05.29,제18대 한나라당 서울 구로구갑,nfzegpkvaclgtscxt,이범래 (정치인),40331558,,,False
18,ZX71333R,1,한선교,지역구,경기 용인시수지구,경기도 용인시 수지구,,,무소속,무소속,새누리당,무소속,2008-05-30,2012-05-29,general,term_end,term_end,,term_start,,term_end,,,,,,,,2008.05.30 ~ 2012.05.29,제18대 무소속 경기 용인시수지구,nfzegpkvaclgtscxt,한선교,40331558,,,False
18,ZYH1940A,1,이상민,지역구,대전 유성구,대전광역시 유성구,,,자유선진당,자유선진당,민주통합당,자유선진당,2008-05-30,2012-05-29,general,term_end,term_end,,term_start,,term_end,,,,,,,,2008.05.30 ~ 2012.05.29,제18대 자유선진당 대전 유성구,nfzegpkvaclgtscxt,이상민 (1958년),40331558,,,False
19,0135473I,1,이군현,지역구,경남 통영시고성군,경상남도 통영시·고성군,,,새누리당,새누리당,새누리당,새누리당,2012-05-30,2016-05-29,general,term_end,term_end,,term_start,,term_end,,,,,,,,2012.05.30 ~ 2016.05.29,제19대 새누리당 경남 통영시고성군,nfzegpkvaclgtscxt,이군현,40914874,,,False
19,04T3751T,1,남인순,비례대표,비례대표,,민주통합당,9,민주통합당,민주통합당,더불어민주당,민주통합당,2012-05-30,2016-05-29,general,term_end,term_end,,term_start,,term_end,,,,,,,,2012.05.30 ~ 2016.05.29,제19대 민주통합당 비례대표,nexgtxtmaamffofof,남인순,40914874,,,False
19,05179989,1,유승우,지역구,경기 이천시,경기도 이천시,,,새누리당,새누리당,무소속,새누리당,2012-05-30,2016-05-29,general,term_end,term_end,,term_start,,term_end,,,,,,,,2012.05.30 ~ 2016.05.29,제19대 새누리당 경기 이천시,nfzegpkvaclgtscxt,유승우 (1948년),40914874,,,False
19,0582116P,1,이우현,지역구,경기 용인시갑,경기도 용인시 갑,,,새누리당,새누리당,새누리당,새누리당,2012-05-30,2016-05-29,general,term_end,term_end,,term_start,,term_end,,,,,,,,2012.05.30 ~ 2016.05.29,제19대 새누리당 경기 용인시갑,nfzegpkvaclgtscxt,이우현 (1957년),40914874,,,False
19,0667420L,1,이윤석,지역구,전남 무안군신안군,전라남도 무안군·신안군,,,민주통합당,민주통합당,무소속,민주통합당,2012-05-30,2016-05-29,general,term_end,term_end,,term_start,,term_end,,,,,,,,2012.05.30 ~ 2016.05.29,제19대 민주통합당 전남 무안군신안군,nfzegpkvaclgtscxt,이윤석 (1960년),40914874,,,False
19,06K9071F,1,김제남,비례대표,비례대표,,통합진보당,5,통합진보당,통합진보당,정의당,통합진보당,2012-05-30,2016-05-29,general,term_end,term_end,,term_start,,term_end,,,,,,,,2012.05.30 ~ 2016.05.29,제19대 통합진보당 비례대표,nfzegpkvaclgtscxt,김제남 (1963년),40914874,,,False
19,06L2365K,1,홍일표,지역구,인천 남구갑,인천광역시 남구 갑,,,새누리당,새누리당,새누리당,새누리당,2012-05-30,2016-05-29,general,term_end,term_end,,term_start,,term_end,,,,,,,,2012.05.30 ~ 2016.05.29,제19대 새누리당 인천 남구갑,nfzegpkvaclgtscxt,홍일표,40914874,,,False
19,0767470D,1,이낙연,지역구,전남 담양군함평군영광군장성군,전라남도 담양군·함평군·영광군·장성군,,,민주통합당,민주통합당,민주당,민주통합당,2012-05-30,2014-05-15,general,resigned,resigned_to_run_for_other_office,전남지사 후보자로 등록에 따른 퇴직 / 의원직 사퇴,term_start,,confirmed,wikiseat,,2014-03-12,,2014-05-15,,,2012.05.30 ~ 2014.05.15,제19대 민주통합당 전남 담양군함평군영광군장성군,nfzegpkvaclgtscxt,이낙연,40914874,42216872,,False
19,0827740Q,1,노웅래,지역구,서울 마포구갑,서울특별시 마포구 갑,,,민주통합당,민주통합당,더불어민주당,민주통합당,2012-05-30,2016-05-29,general,term_end,term_end,,term_start,,term_end,,,,,,,,2012.05.30 ~ 2016.05.29,제19대 민주통합당 서울 마포구갑,nfzegpkvaclgtscxt,노웅래,40914874,,,False
19,0A02586D,1,박혜자,지역구,광주 서구갑,광주광역시 서구 갑,,,민주통합당,민주통합당,더불어민주당,민주통합당,2012-05-30,2016-05-29,general,term_end,term_end,,term_start,,term_end,,,,,,,,2012.05.30 ~ 2016.05.29,제19대 민주통합당 광주 서구갑,nfzegpkvaclgtscxt,박혜자,40914874,,,False
19,0ID22746,1,이진복,지역구,부산 동래구,부산광역시 동래구,,,새누리당,새누리당,새누리당,새누리당,2012-05-30,2016-05-29,general,term_end,term_end,,term_start,,term_end,,,,,,,,2012.05.30 ~ 2016.05.29,제19대 새누리당 부산 동래구,nfzegpkvaclgtscxt,이진복 (1957년),40914874,,,False
19,0W194007,1,김영주,지역구,서울 영등포구갑,서울특별시 영등포구 갑,,,민주통합당,민주통합당,더불어민주당,민주통합당,2012-05-30,2016-05-29,general,term_end,term_end,,term_start,,term_end,,,,,,,,2012.05.30 ~ 2016.05.29,제19대 민주통합당 서울 영등포구갑,nfzegpkvaclgtscxt,김영주 (1955년),40914874,42216872,,False
19,0WM96169,1,전정희,지역구,전북 익산시을,전라북도 익산시 을,,,민주통합당,민주통합당,국민의당,민주통합당,2012-05-30,2016-05-29,general,term_end,term_end,,term_start,,term_end,,,,,,,,2012.05.30 ~ 2016.05.29,제19대 민주통합당 전북 익산시을,nfzegpkvaclgtscxt,전정희 (정치인),40914874,,,False
19,0X75519K,1,최봉홍,비례대표,비례대표,,새누리당,16,새누리당,새누리당,새누리당,새누리당,2012-05-30,2016-05-29,general,term_end,term_end,,term_start,,term_end,,,,,,,,2012.05.30 ~ 2016.05.29,제19대 새누리당 비례대표,nfzegpkvaclgtscxt,최봉홍,40914874,,,False
19,0XK21509,1,안효대,지역구,울산 동구,울산광역시 동구,,,새누리당,새누리당,새누리당,새누리당,2012-05-30,2016-05-29,general,term_end,term_end,,term_start,,term_end,,,,,,,,2012.05.30 ~ 2016.05.29,제19대 새누리당 울산 동구,nfzegpkvaclgtscxt,안효대,40914874,,,False
19,14M56632,1,강기윤,지역구,경남 창원시성산구,경상남도 창원시 성산구,,,새누리당,새누리당,새누리당,새누리당,2012-05-30,2016-05-29,general,term_end,term_end,,term_start,,term_end,,,,,,,,2012.05.30 ~ 2016.05.29,제19대 새누리당 경남 창원시성산구,nfzegpkvaclgtscxt,강기윤,40914874,,,False
19,1599843H,1,이강후,지역구,강원 원주시을,강원도 원주시 을,,,새누리당,새누리당,새누리당,새누리당,2012-05-30,2016-05-29,general,term_end,term_end,,term_start,,term_end,,,,,,,,2012.05.30 ~ 2016.05.29,제19대 새누리당 강원 원주시을,nfzegpkvaclgtscxt,이강후,40914874,,,False
19,16D7652C,1,이원욱,지역구,경기 화성시을,경기도 화성시 을,,,민주통합당,민주통합당,더불어민주당,민주통합당,2012-05-30,2016-05-29,general,term_end,term_end,,term_start,,term_end,,,,,,,,2012.05.30 ~ 2016.05.29,제19대 민주통합당 경기 화성시을,nfzegpkvaclgtscxt,이원욱,40914874,,,False
19,1C04271Z,1,김영환,지역구,경기 안산시상록구을,경기도 안산시 상록구 을,,,민주통합당,민주통합당,국민의당,민주통합당,2012-05-30,2016-05-29,general,term_end,term_end,,term_start,,term_end,,,,,,,,2012.05.30 ~ 2016.05.29,제19대 민주통합당 경기 안산시상록구을,nfzegpkvaclgtscxt,김영환 (1955년),40914874,,,False
19,1KD95875,1,함진규,지역구,경기 시흥시갑,경기도 시흥시 갑,,,새누리당,새누리당,새누리당,새누리당,2012-05-30,2016-05-29,general,term_end,term_end,,term_start,,term_end,,,,,,,,2012.05.30 ~ 2016.05.29,제19대 새누리당 경기 시흥시갑,nfzegpkvaclgtscxt,함진규,40914874,,,False
19,1O81498A,1,김형태,지역구,경북 포항시남구울릉군,경상북도 포항시 남구·울릉군,,,새누리당,새누리당,무소속,새누리당,2012-05-30,2013-07-25,general,disqualified,court_ruling_election_law,공직선거법 위반으로 대법원에서 당선 무효형 확정 / 의원직 상실,term_start,,confirmed,wikilist+wikiseat,,2013-07-25,,2013-07-25,,,2012.05.30 ~ 2013.07.25,제19대 새누리당 경북 포항시남구울릉군,nfzegpkvaclgtscxt,김형태 (1952년),40914874,42216872,,False
19,1PK82111,1,강기정,지역구,광주 북구갑,광주광역시 북구 갑,,,민주통합당,민주통합당,더불어민주당,민주통합당,2012-05-30,2016-05-29,general,term_end,term_end,,term_start,,term_end,,,,,,,,2012.05.30 ~ 2016.05.29,제19대 민주통합당 광주 북구갑,nfzegpkvaclgtscxt,강기정,40914874,,,False
19,1QC51111,1,김회선,지역구,서울 서초구갑,서울특별시 서초구 갑,,,새누리당,새누리당,새누리당,새누리당,2012-05-30,2016-05-29,general,term_end,term_end,,term_start,,term_end,,,,,,,,2012.05.30 ~ 2016.05.29,제19대 새누리당 서울 서초구갑,nfzegpkvaclgtscxt,김회선,40914874,,,False
19,1TX50241,1,전하진,지역구,경기 성남시분당구을,경기도 성남시 분당구 을,,,새누리당,새누리당,새누리당,새누리당,2012-05-30,2016-05-29,general,term_end,term_end,,term_start,,term_end,,,,,,,,2012.05.30 ~ 2016.05.29,제19대 새누리당 경기 성남시분당구을,nfzegpkvaclgtscxt,전하진,40914874,,,False
19,1WE5693J,1,김태년,지역구,경기 성남시수정구,경기도 성남시 수정구,,,민주통합당,민주통합당,더불어민주당,민주통합당,2012-05-30,2016-05-29,general,term_end,term_end,,term_start,,term_end,,,,,,,,2012.05.30 ~ 2016.05.29,제19대 민주통합당 경기 성남시수정구,nexgtxtmaamffofof,김태년 (1965년),40914874,,,False
19,1WP9325U,1,강동원,지역구,전북 남원시순창군,전라북도 남원시·순창군,,,통합진보당,통합진보당,무소속,통합진보당,2012-05-30,2016-05-29,general,term_end,term_end,,term_start,,term_end,,,,,,,,2012.05.30 ~ 2016.05.29,제19대 통합진보당 전북 남원시순창군,nfzegpkvaclgtscxt,강동원 (1953년),40914874,,,False
19,1XO42697,1,이재영,지역구,경기 평택시을,경기도 평택시 을,,,새누리당,새누리당,새누리당,새누리당,2012-05-30,2014-01-16,general,disqualified,court_ruling_election_law,공직선거법 위반 및 업무상 횡령으로 대법원에서 당선 무효형 확정 / 의원직 상실,term_start,,confirmed,wikilist+wikiseat,,2014-01-16,,2014-01-16,,,2012.05.30 ~ 2014.01.16,제19대 새누리당 경기 평택시을,nfzegpkvaclgtscxt,이재영 (1956년),40914874,42216872,,False
19,1Y73132H,1,김상훈,지역구,대구 서구,대구광역시 서구,,,새누리당,새누리당,새누리당,새누리당,2012-05-30,2016-05-29,general,term_end,term_end,,term_start,,term_end,,,,,,,,2012.05.30 ~ 2016.05.29,제19대 새누리당 대구 서구,nexgtxtmaamffofof,김상훈 (1963년),40914874,,,False
19,1ZF7922T,1,김한길,지역구,서울 광진구갑,서울특별시 광진구 갑,,,민주통합당,민주통합당,국민의당,민주통합당,2012-05-30,2016-05-29,general,term_end,term_end,,term_start,,term_end,,,,,,,,2012.05.30 ~ 2016.05.29,제19대 민주통합당 서울 광진구갑,nfzegpkvaclgtscxt,김한길,40914874,,,False
19,2385336L,1,정청래,지역구,서울 마포구을,서울특별시 마포구 을,,,민주통합당,민주통합당,더불어민주당,민주통합당,2012-05-30,2016-05-29,general,term_end,term_end,,term_start,,term_end,,,,,,,,2012.05.30 ~ 2016.05.29,제19대 민주통합당 서울 마포구을,nexgtxtmaamffofof,정청래,40914874,,,False
19,23D73143,1,경대수,지역구,충북 증평군진천군괴산군음성군,충청북도 증평군·진천군·괴산군·음성군,,,새누리당,새누리당,새누리당,새누리당,2012-05-30,2016-05-29,general,term_end,term_end,,term_start,,term_end,,,,,,,,2012.05.30 ~ 2016.05.29,제19대 새누리당 충북 증평군진천군괴산군음성군,nfzegpkvaclgtscxt,경대수,40914874,,,False
19,24E9427D,1,박남춘,지역구,인천 남동구갑,인천광역시 남동구 갑,,,민주통합당,민주통합당,더불어민주당,민주통합당,2012-05-30,2016-05-29,general,term_end,term_end,,term_start,,term_end,,,,,,,,2012.05.30 ~ 2016.05.29,제19대 민주통합당 인천 남동구갑,nfzegpkvaclgtscxt,박남춘,40914874,,,False
19,2796588I,1,김용남,지역구,경기 수원시병,경기도 수원시 병,,,새누리당,새누리당,새누리당,새누리당,2014-07-30,2016-05-29,by_election,term_end,term_end,,confirmed,wikilist,term_end,,2014-07-30,,2014-07-31,,,,2014.07.30 ~ 2016.05.29,제19대 새누리당 경기 수원시병,nfzegpkvaclgtscxt,김용남 (1970년),40914874,42216872,,False
19,2LY1272R,1,오병윤,지역구,광주 서구을,광주광역시 서구 을,,,통합진보당,통합진보당,통합진보당,통합진보당,2012-05-30,2014-12-19,general,disqualified,court_ruling_other_or_unspecified,헌법재판소가 위헌정당 판결로 해산되어 의원직 상실 / 의원직 상실,term_start,,confirmed,wikilist+wikiseat,,2014-12-19,,2014-12-19,,,2012.05.30 ~ 2014.12.19,제19대 통합진보당 광주 서구을,nfzegpkvaclgtscxt,오병윤,40914874,42216872,,False
19,2QE48823,1,장윤석,지역구,경북 영주시,경상북도 영주시,,,새누리당,새누리당,새누리당,새누리당,2012-05-30,2016-05-29,general,term_end,term_end,,term_start,,term_end,,,,,,,,2012.05.30 ~ 2016.05.29,제19대 새누리당 경북 영주시,nfzegpkvaclgtscxt,장윤석 (1950년),40914874,,,False
19,2SE64657,1,이장우,지역구,대전 동구,대전광역시 동구,,,새누리당,새누리당,새누리당,새누리당,2012-05-30,2016-05-29,general,term_end,term_end,,term_start,,term_end,,,,,,,,2012.05.30 ~ 2016.05.29,제19대 새누리당 대전 동구,nfzegpkvaclgtscxt,이장우 (1965년),40914874,,,False
19,2UD1340H,1,김성주,지역구,전북 전주시덕진구,전라북도 전주시 덕진구,,,민주통합당,민주통합당,더불어민주당,민주통합당,2012-05-30,2016-05-29,general,term_end,term_end,,term_start,,term_end,,,,,,,,2012.05.30 ~ 2016.05.29,제19대 민주통합당 전북 전주시덕진구,nfzegpkvaclgtscxt,김성주 (1964년),40914874,,,False
19,2WQ6656P,1,김세연,지역구,부산 금정구,부산광역시 금정구,,,새누리당,새누리당,새누리당,새누리당,2012-05-30,2016-05-29,general,term_end,term_end,,term_start,,term_end,,,,,,,,2012.05.30 ~ 2016.05.29,제19대 새누리당 부산 금정구,nfzegpkvaclgtscxt,김세연 (1972년),40914874,,,False
19,2Z21631Z,1,최재천,지역구,서울 성동구갑,서울특별시 성동구 갑,,,민주통합당,민주통합당,무소속,민주통합당,2012-05-30,2016-05-29,general,term_end,term_end,,term_start,,term_end,,,,,,,,2012.05.30 ~ 2016.05.29,제19대 민주통합당 서울 성동구갑,nfzegpkvaclgtscxt,최재천 (정치인),40914874,,,False
19,3538970J,1,김을동,지역구,서울 송파구병,서울특별시 송파구 병,,,새누리당,새누리당,새누리당,새누리당,2012-05-30,2016-05-29,general,term_end,term_end,,term_start,,term_end,,,,,,,,2012.05.30 ~ 2016.05.29,제19대 새누리당 서울 송파구병,nfzegpkvaclgtscxt,김을동,40914874,,,False
19,39938231,1,정문헌,지역구,강원 속초시고성군양양군,강원도 속초시·고성군·양양군,,,새누리당,새누리당,새누리당,새누리당,2012-05-30,2016-05-29,general,term_end,term_end,,term_start,,term_end,,,,,,,,2012.05.30 ~ 2016.05.29,제19대 새누리당 강원 속초시고성군양양군,nfzegpkvaclgtscxt,정문헌,40914874,,,False
19,39P2522W,1,민병두,지역구,서울 동대문구을,서울특별시 동대문구 을,,,민주통합당,민주통합당,더불어민주당,민주통합당,2012-05-30,2016-05-29,general,term_end,term_end,,term_start,,term_end,,,,,,,,2012.05.30 ~ 2016.05.29,제19대 민주통합당 서울 동대문구을,nfzegpkvaclgtscxt,민병두,40914874,,,False
19,3C23171A,1,진성준,비례대표,비례대표,,민주통합당,18,민주통합당,민주통합당,더불어민주당,민주통합당,2012-05-30,2016-05-29,general,term_end,term_end,,term_start,,term_end,,,,,,,,2012.05.30 ~ 2016.05.29,제19대 민주통합당 비례대표,nexgtxtmaamffofof,진성준,40914874,,,False
19,3EF4589Q,1,문정림,비례대표,비례대표,,자유선진당,1,자유선진당,자유선진당,새누리당,자유선진당,2012-05-30,2016-05-29,general,term_end,term_end,,term_start,,term_end,,,,,,,,2012.05.30 ~ 2016.05.29,제19대 자유선진당 비례대표,nfzegpkvaclgtscxt,문정림,40914874,,,False
19,3MR75193,1,강은희,비례대표,비례대표,,새누리당,5,새누리당,새누리당,새누리당,새누리당,2012-05-30,2016-01-18,general,resigned,resigned_on_appointment,여성가족부 장관 임명후 의원직 사퇴 / 의원직 사퇴,term_start,,conflict,wikilist=2015-12-21; wikiseat=2016-01-19,,2015-12-21,,2016-01-19,,,2012.05.30 ~ 2016.01.18,제19대 새누리당 비례대표,nfzegpkvaclgtscxt,강은희,40914874,42216872,,False
19,3O66539X,1,김성곤,지역구,전남 여수시갑,전라남도 여수시 갑,,,민주통합당,민주통합당,더불어민주당,민주통합당,2012-05-30,2016-05-29,general,term_end,term_end,,term_start,,term_end,,,,,,,,2012.05.30 ~ 2016.05.29,제19대 민주통합당 전남 여수시갑,nfzegpkvaclgtscxt,김성곤 (1952년),40914874,,,False
19,3SP89633,1,천정배,지역구,광주 서구을,광주광역시 서구 을,,,무소속,무소속,국민의당,무소속,2015-04-29,2016-05-29,by_election,term_end,term_end,,confirmed,wikilist,term_end,,2015-04-29,,2015-04-30,,,,2015.04.29 ~ 2016.05.29,제19대 무소속 광주 서구을,nfzegpkvaclgtscxt,천정배,40914874,42216872,,False
19,3ZP1685J,1,박기춘,지역구,경기 남양주시을,경기도 남양주시 을,,,민주통합당,민주통합당,무소속,민주통합당,2012-05-30,2016-05-29,general,term_end,term_end,,term_start,,term_end,,,,,,,,2012.05.30 ~ 2016.05.29,제19대 민주통합당 경기 남양주시을,nfzegpkvaclgtscxt,박기춘,40914874,,,False
19,3ZR4438W,1,이인영,지역구,서울 구로구갑,서울특별시 구로구 갑,,,민주통합당,민주통합당,더불어민주당,민주통합당,2012-05-30,2016-05-29,general,term_end,term_end,,term_start,,term_end,,,,,,,,2012.05.30 ~ 2016.05.29,제19대 민주통합당 서울 구로구갑,nexgtxtmaamffofof,이인영 (1964년),40914874,,,False
19,4CH4157I,1,송영근,비례대표,비례대표,,새누리당,18,새누리당,새누리당,새누리당,새누리당,2012-05-30,2016-05-29,general,term_end,term_end,,term_start,,term_end,,,,,,,,2012.05.30 ~ 2016.05.29,제19대 새누리당 비례대표,nfzegpkvaclgtscxt,송영근 (1947년),40914874,,,False
19,4HB8518T,1,박근혜,비례대표,비례대표,,새누리당,11,새누리당,새누리당,새누리당,새누리당,2012-05-30,2012-12-10,general,resigned,resigned_to_run_for_other_office,18대 대선 출마의 사유로 의원직 사퇴 / 의원직 사퇴,term_start,,confirmed,wikiseat+nabill,,2012-11-25,,2012-12-10,2012-12-10,PRC_L1L2B1K1E2F6C1P8E0D2I0Z0A4C8O1,2012.05.30 ~ 2012.12.10,제19대 새누리당 비례대표,nfzegpkvaclgtscxt,박근혜,40914874,42216872,,False
19,4I848418,1,성완종,지역구,충남 서산시태안군,충청남도 서산시·태안군,,,자유선진당,자유선진당,새누리당,자유선진당,2012-05-30,2014-06-26,general,disqualified,court_ruling_election_law,공직 선거법 위반에 따른 혐의로 대법원에서 당선 무효형 확정 / 의원직 상실,term_start,,confirmed,wikilist+wikiseat,,2014-06-26,,2014-06-26,,,2012.05.30 ~ 2014.06.26,제19대 자유선진당 충남 서산시태안군,nfzegpkvaclgtscxt,성완종,40914874,42216872,,False
19,4Y54669I,1,서청원,지역구,경기 화성시갑,경기도 화성시 갑,,,새누리당,새누리당,새누리당,새누리당,2013-10-30,2016-05-29,by_election,term_end,term_end,,confirmed,wikilist,term_end,,2013-10-30,,2013-10-31,,,,2013.10.30 ~ 2016.05.29,제19대 새누리당 경기 화성시갑,nfzegpkvaclgtscxt,서청원,40914874,42216872,,False
19,53Y1887H,1,최규성,지역구,전북 김제시완주군,전라북도 김제시·완주군,,,민주통합당,민주통합당,더불어민주당,민주통합당,2012-05-30,2016-05-29,general,term_end,term_end,,term_start,,term_end,,,,,,,,2012.05.30 ~ 2016.05.29,제19대 민주통합당 전북 김제시완주군,nfzegpkvaclgtscxt,최규성,40914874,,,False
19,54Q4619H,1,박윤옥,비례대표,비례대표,,새누리당,27,새누리당,새누리당,새누리당,새누리당,2014-01-17,2016-05-29,succession_pr,term_end,term_end,,confirmed,wikilist,term_end,,2014-01-17,,2014-01-16,,,,2014.01.17 ~ 2016.05.29,제19대 새누리당 비례대표,nfzegpkvaclgtscxt,박윤옥,40914874,42216872,,False
19,5CO4531H,1,유은혜,지역구,경기 고양시일산동구,경기도 고양시 일산동구,,,민주통합당,민주통합당,더불어민주당,민주통합당,2012-05-30,2016-05-29,general,term_end,term_end,,term_start,,term_end,,,,,,,,2012.05.30 ~ 2016.05.29,제19대 민주통합당 경기 고양시일산동구,nfzegpkvaclgtscxt,유은혜,40914874,,,False
19,5JA4781U,1,김영록,지역구,전남 해남군완도군진도군,전라남도 해남군·완도군·진도군,,,민주통합당,민주통합당,더불어민주당,민주통합당,2012-05-30,2016-05-29,general,term_end,term_end,,term_start,,term_end,,,,,,,,2012.05.30 ~ 2016.05.29,제19대 민주통합당 전남 해남군완도군진도군,nfzegpkvaclgtscxt,김영록,40914874,,,False
19,5KV82250,1,조경태,지역구,부산 사하구을,부산광역시 사하구 을,,,민주통합당,민주통합당,새누리당,민주통합당,2012-05-30,2016-05-29,general,term_end,term_end,,term_start,,term_end,,,,,,,,2012.05.30 ~ 2016.05.29,제19대 민주통합당 부산 사하구을,nexgtxtmaamffofof,조경태,40914874,,,False
19,5TQ6306B,1,박수현,지역구,충남 공주시,충청남도 공주시,,,민주통합당,민주통합당,더불어민주당,민주통합당,2012-05-30,2016-05-29,general,term_end,term_end,,term_start,,term_end,,,,,,,,2012.05.30 ~ 2016.05.29,제19대 민주통합당 충남 공주시,nfzegpkvaclgtscxt,박수현 (1964년),40914874,,,False
19,5XZ8670E,1,신장용,지역구,경기 수원시을,경기도 수원시 을,,,민주통합당,민주통합당,민주당,민주통합당,2012-05-30,2014-01-16,general,disqualified,court_ruling_election_law,공직선거법 위반으로 대법원에서 당선 무효형 확정 / 의원직 상실,term_start,,confirmed,wikilist+wikiseat,,2014-01-16,,2014-01-16,,,2012.05.30 ~ 2014.01.16,제19대 민주통합당 경기 수원시을,nfzegpkvaclgtscxt,신장용,40914874,42216872,,False
19,5YX7831C,1,정몽준,지역구,서울 동작구을,서울특별시 동작구 을,,,새누리당,새누리당,새누리당,새누리당,2012-05-30,2014-05-15,general,resigned,resigned_to_run_for_other_office,서울시장 후보자로 등록에 따른 퇴직 / 새누리당 원내 과반수 붕괴 / 의원직 사퇴,term_start,,confirmed,wikilist+wikiseat,,2014-05-15,,2014-05-15,,,2012.05.30 ~ 2014.05.15,제19대 새누리당 서울 동작구을,nfzegpkvaclgtscxt,정몽준,40914874,42216872,,False
19,5Z47834I,1,김제식,지역구,충남 서산시태안군,충청남도 서산시·태안군,,,새누리당,새누리당,새누리당,새누리당,2014-07-30,2016-05-29,by_election,term_end,term_end,,confirmed,wikilist,term_end,,2014-07-30,,2014-07-31,,,,2014.07.30 ~ 2016.05.29,제19대 새누리당 충남 서산시태안군,nfzegpkvaclgtscxt,김제식,40914874,42216872,,False
19,63J3777V,1,유정복,지역구,경기 김포시,경기도 김포시,,,새누리당,새누리당,새누리당,새누리당,2012-05-30,2014-05-15,general,resigned,resigned_to_run_for_other_office,인천시장 후보자로 등록에 따른 퇴직 / 의원직 사퇴,term_start,,confirmed,wikiseat,,2014-03-31,,2014-05-15,,,2012.05.30 ~ 2014.05.15,제19대 새누리당 경기 김포시,nfzegpkvaclgtscxt,유정복,40914874,42216872,,False
19,64G6894C,1,김정훈,지역구,부산 남구갑,부산광역시 남구 갑,,,새누리당,새누리당,새누리당,새누리당,2012-05-30,2016-05-29,general,term_end,term_end,,term_start,,term_end,,,,,,,,2012.05.30 ~ 2016.05.29,제19대 새누리당 부산 남구갑,nfzegpkvaclgtscxt,김정훈 (정치인),40914874,,,False
19,68P7228G,1,진선미,비례대표,비례대표,,민주통합당,5,민주통합당,민주통합당,더불어민주당,민주통합당,2012-05-30,2016-05-29,general,term_end,term_end,,term_start,,term_end,,,,,,,,2012.05.30 ~ 2016.05.29,제19대 민주통합당 비례대표,nexgtxtmaamffofof,진선미,40914874,,,False
19,6AR6743G,1,김희국,지역구,대구 중구남구,대구광역시 중구·남구,,,새누리당,새누리당,새누리당,새누리당,2012-05-30,2016-05-29,general,term_end,term_end,,term_start,,term_end,,,,,,,,2012.05.30 ~ 2016.05.29,제19대 새누리당 대구 중구남구,nfzegpkvaclgtscxt,김희국,40914874,,,False
19,6DG91769,1,원혜영,지역구,경기 부천시오정구,경기도 부천시 오정구,,,민주통합당,민주통합당,더불어민주당,민주통합당,2012-05-30,2016-05-29,general,term_end,term_end,,term_start,,term_end,,,,,,,,2012.05.30 ~ 2016.05.29,제19대 민주통합당 경기 부천시오정구,nfzegpkvaclgtscxt,원혜영,40914874,,,False
19,6PK53823,1,서기호,비례대표,비례대표,,통합진보당,14,통합진보당,통합진보당,정의당,통합진보당,2012-07-10,2016-05-29,succession_pr,term_end,term_end,,confirmed,wikilist,term_end,,2012-07-10,,2012-07-09,,,,2012.07.10 ~ 2016.05.29,제19대 통합진보당 비례대표,nfzegpkvaclgtscxt,서기호,40914874,42216872,,False
19,6V68130W,1,김종훈,지역구,서울 강남구을,서울특별시 강남구 을,,,새누리당,새누리당,새누리당,새누리당,2012-05-30,2016-05-29,general,term_end,term_end,,term_start,,term_end,,,,,,,,2012.05.30 ~ 2016.05.29,제19대 새누리당 서울 강남구을,nfzegpkvaclgtscxt,김종훈 (1952년),40914874,,,False
19,6YO6092T,1,안덕수,지역구,인천 서구강화군을,인천광역시 서구·강화군 을,,,새누리당,새누리당,새누리당,새누리당,2012-05-30,2015-03-12,general,disqualified,court_ruling_election_law,대법원에서 회계 책임자의 선거법 위반으로 의원직 당선 무효형 확정 / 의원직 상실,term_start,,confirmed,wikilist+wikiseat,,2015-03-12,,2015-03-12,,,2012.05.30 ~ 2015.03.12,제19대 새누리당 인천 서구강화군을,nfzegpkvaclgtscxt,안덕수,40914874,42216872,,False
19,6YT83269,1,이명수,지역구,충남 아산시,충청남도 아산시,,,자유선진당,자유선진당,새누리당,자유선진당,2012-05-30,2016-05-29,general,term_end,term_end,,term_start,,term_end,,,,,,,,2012.05.30 ~ 2016.05.29,제19대 자유선진당 충남 아산시,nfzegpkvaclgtscxt,이명수 (1955년),40914874,,,False
19,71M8132V,1,신상진,지역구,경기 성남시중원구,경기도 성남시 중원구,,,새누리당,새누리당,새누리당,새누리당,2015-04-29,2016-05-29,by_election,term_end,term_end,,confirmed,wikilist,term_end,,2015-04-29,,2015-04-30,,,,2015.04.29 ~ 2016.05.29,제19대 새누리당 경기 성남시중원구,nfzegpkvaclgtscxt,신상진,40914874,42216872,,False
19,7AN97172,1,이정현,지역구,전남 순천시곡성군,전라남도 순천시·곡성군,,,새누리당,새누리당,새누리당,새누리당,2014-07-31,2016-05-29,by_election,term_end,term_end,,confirmed,wikiseat,term_end,,2014-07-30,,2014-07-31,,,,2014.07.31 ~ 2016.05.29,제19대 새누리당 전남 순천시곡성군,nfzegpkvaclgtscxt,이정현 (정치인),40914874,42216872,,False
19,7R156073,1,박범계,지역구,대전 서구을,대전광역시 서구 을,,,민주통합당,민주통합당,더불어민주당,민주통합당,2012-05-30,2016-05-29,general,term_end,term_end,,term_start,,term_end,,,,,,,,2012.05.30 ~ 2016.05.29,제19대 민주통합당 대전 서구을,nexgtxtmaamffofof,박범계,40914874,,,False
19,7YL9580G,1,김현,비례대표,비례대표,,민주통합당,17,민주통합당,민주통합당,더불어민주당,민주통합당,2012-05-30,2016-05-29,general,term_end,term_end,,term_start,,term_end,,,,,,,,2012.05.30 ~ 2016.05.29,제19대 민주통합당 비례대표,nexgtxtmaamffofof,김현 (정치인),40914874,,,False
19,8BF5855P,1,박지원,지역구,전남 목포시,전라남도 목포시,,,민주통합당,민주통합당,국민의당,민주통합당,2012-05-30,2016-05-29,general,term_end,term_end,,term_start,,term_end,,,,,,,,2012.05.30 ~ 2016.05.29,제19대 민주통합당 전남 목포시,nexgtxtmaamffofof,박지원 (1942년),40914874,,,False
19,8D298611,1,문재인,지역구,부산 사상구,부산광역시 사상구,,,민주통합당,민주통합당,더불어민주당,민주통합당,2012-05-30,2016-05-29,general,term_end,term_end,,term_start,,term_end,,,,,,,,2012.05.30 ~ 2016.05.29,제19대 민주통합당 부산 사상구,nfzegpkvaclgtscxt,문재인,40914874,,,False
19,8DK7238W,1,백재현,지역구,경기 광명시갑,경기도 광명시 갑,,,민주통합당,민주통합당,더불어민주당,민주통합당,2012-05-30,2016-05-29,general,term_end,term_end,,term_start,,term_end,,,,,,,,2012.05.30 ~ 2016.05.29,제19대 민주통합당 경기 광명시갑,nfzegpkvaclgtscxt,백재현 (정치인),40914874,,,False
19,8FC9697X,1,유기홍,지역구,서울 관악구갑,서울특별시 관악구 갑,,,민주통합당,민주통합당,더불어민주당,민주통합당,2012-05-30,2016-05-29,general,term_end,term_end,,term_start,,term_end,,,,,,,,2012.05.30 ~ 2016.05.29,제19대 민주통합당 서울 관악구갑,nfzegpkvaclgtscxt,유기홍,40914874,,,False
19,8GH3836P,1,신문식,비례대표,비례대표,,민주통합당,22,새정치민주연합,새정치민주연합,더불어민주당,새정치민주연합,2015-08-24,2016-05-29,succession_pr,term_end,term_end,,conflict,wikilist=2015-08-26; wikiseat=2015-08-20,term_end,,2015-08-26,,2015-08-20,,,,2015.08.24 ~ 2016.05.29,제19대 새정치민주연합 비례대표,nfzegpkvaclgtscxt,신문식,40914874,42216872,,False
19,8I61593E,1,강석호,지역구,경북 영양군영덕군봉화군울진군,경상북도 영양군·영덕군·봉화군·울진군,,,새누리당,새누리당,새누리당,새누리당,2012-05-30,2016-05-29,general,term_end,term_end,,term_start,,term_end,,,,,,,,2012.05.30 ~ 2016.05.29,제19대 새누리당 경북 영양군영덕군봉화군울진군,nfzegpkvaclgtscxt,강석호 (1955년),40914874,,,False
19,8IN46764,1,이주영,지역구,경남 창원시마산합포구,경상남도 창원시 마산합포구,,,새누리당,새누리당,새누리당,새누리당,2012-05-30,2016-05-29,general,term_end,term_end,,term_start,,term_end,,,,,,,,2012.05.30 ~ 2016.05.29,제19대 새누리당 경남 창원시마산합포구,nfzegpkvaclgtscxt,이주영 (1951년),40914874,,,False
19,8SV6917G,1,주호영,지역구,대구 수성구을,대구광역시 수성구 을,,,새누리당,새누리당,무소속,새누리당,2012-05-30,2016-05-29,general,term_end,term_end,,term_start,,term_end,,,,,,,,2012.05.30 ~ 2016.05.29,제19대 새누리당 대구 수성구을,nexgtxtmaamffofof,주호영,40914874,,,False
19,8V02734T,1,서용교,지역구,부산 남구을,부산광역시 남구 을,,,새누리당,새누리당,새누리당,새누리당,2012-05-30,2016-05-29,general,term_end,term_end,,term_start,,term_end,,,,,,,,2012.05.30 ~ 2016.05.29,제19대 새누리당 부산 남구을,nfzegpkvaclgtscxt,서용교,40914874,,,False
19,8VY63414,1,류성걸,지역구,대구 동구갑,대구광역시 동구 갑,,,새누리당,새누리당,무소속,새누리당,2012-05-30,2016-05-29,general,term_end,term_end,,term_start,,term_end,,,,,,,,2012.05.30 ~ 2016.05.29,제19대 새누리당 대구 동구갑,nfzegpkvaclgtscxt,류성걸,40914874,,,False
19,8WV8289I,1,이완영,지역구,경북 고령군성주군칠곡군,경상북도 고령군·성주군·칠곡군,,,새누리당,새누리당,새누리당,새누리당,2012-05-30,2016-05-29,general,term_end,term_end,,term_start,,term_end,,,,,,,,2012.05.30 ~ 2016.05.29,제19대 새누리당 경북 고령군성주군칠곡군,nfzegpkvaclgtscxt,이완영,40914874,,,False
19,92I3002P,1,부좌현,지역구,경기 안산시단원구을,경기도 안산시 단원구 을,,,민주통합당,민주통합당,국민의당,민주통합당,2012-05-30,2016-05-29,general,term_end,term_end,,term_start,,term_end,,,,,,,,2012.05.30 ~ 2016.05.29,제19대 민주통합당 경기 안산시단원구을,nfzegpkvaclgtscxt,부좌현,40914874,,,False
19,96A2025Q,1,안종범,비례대표,비례대표,,새누리당,12,새누리당,새누리당,새누리당,새누리당,2012-05-30,2014-06-12,general,resigned,resigned_on_appointment,청와대 경제수석 임명에 따른 의원직 사퇴 / 의원직 상실,term_start,,api_earlier_than_wiki,wikilist=2014-06-13; wikiseat=2014-06-16,,2014-06-13,,2014-06-16,,,2012.05.30 ~ 2014.06.12,제19대 새누리당 비례대표,nfzegpkvaclgtscxt,안종범,40914874,42216872,exit_reason set by manual_checks.csv (was resigned); exit_detail set by manual_checks.csv (was resigned_on_appointment),True
19,97C8328D,1,민현주,비례대표,비례대표,,새누리당,19,새누리당,새누리당,새누리당,새누리당,2012-05-30,2016-05-29,general,term_end,term_end,,term_start,,term_end,,,,,,,,2012.05.30 ~ 2016.05.29,제19대 새누리당 비례대표,nfzegpkvaclgtscxt,민현주,40914874,,,False
19,9BE5694R,1,유승희,지역구,서울 성북구갑,서울특별시 성북구 갑,,,민주통합당,민주통합당,더불어민주당,민주통합당,2012-05-30,2016-05-29,general,term_end,term_end,,term_start,,term_end,,,,,,,,2012.05.30 ~ 2016.05.29,제19대 민주통합당 서울 성북구갑,nfzegpkvaclgtscxt,유승희,40914874,,,False
19,9CR4440H,1,배덕광,지역구,부산 해운대구기장군갑,부산광역시 해운대구·기장군 갑,,,새누리당,새누리당,새누리당,새누리당,2014-07-30,2016-05-29,by_election,term_end,term_end,,confirmed,wikilist,term_end,,2014-07-30,,2014-07-31,,,,2014.07.30 ~ 2016.05.29,제19대 새누리당 부산 해운대구기장군갑,nfzegpkvaclgtscxt,배덕광,40914874,42216872,,False
19,9EA39580,1,김명연,지역구,경기 안산시단원구갑,경기도 안산시 단원구 갑,,,새누리당,새누리당,새누리당,새누리당,2012-05-30,2016-05-29,general,term_end,term_end,,term_start,,term_end,,,,,,,,2012.05.30 ~ 2016.05.29,제19대 새누리당 경기 안산시단원구갑,nfzegpkvaclgtscxt,김명연 (1964년),40914874,,,False
19,9FZ9424U,1,이석기,비례대표,비례대표,,통합진보당,2,통합진보당,통합진보당,통합진보당,통합진보당,2012-05-30,2014-12-19,general,disqualified,court_ruling_other_or_unspecified,헌법재판소가 위헌정당 판결로 해산되어 의원직 상실 / 의원직 상실,term_start,,confirmed,wikilist+wikiseat,,2014-12-19,,2014-12-19,,,2012.05.30 ~ 2014.12.19,제19대 통합진보당 비례대표,nfzegpkvaclgtscxt,이석기,40914874,42216872,,False
19,9HH8057S,1,박성호,지역구,경남 창원시의창구,경상남도 창원시 의창구,,,새누리당,새누리당,새누리당,새누리당,2012-05-30,2016-05-29,general,term_end,term_end,,term_start,,term_end,,,,,,,,2012.05.30 ~ 2016.05.29,제19대 새누리당 경남 창원시의창구,nfzegpkvaclgtscxt,박성호 (1957년),40914874,,,False
19,9I451000,1,현영희,비례대표,비례대표,,새누리당,23,새누리당,새누리당,무소속,새누리당,2012-05-30,2014-01-16,general,disqualified,court_ruling_election_law,공직선거법 위반 및 정치자금법 위반으로 당선 무효 / 의원직 상실,term_start,,confirmed,wikilist+wikiseat,,2014-01-16,,2014-01-16,,,2012.05.30 ~ 2014.01.16,제19대 새누리당 비례대표,nfzegpkvaclgtscxt,현영희,40914874,42216872,,False
19,9LK1769G,1,김광진,비례대표,비례대표,,민주통합당,10,민주통합당,민주통합당,더불어민주당,민주통합당,2012-05-30,2016-05-29,general,term_end,term_end,,term_start,,term_end,,,,,,,,2012.05.30 ~ 2016.05.29,제19대 민주통합당 비례대표,nfzegpkvaclgtscxt,김광진 (정치인),40914874,,,False
19,9VR65006,1,윤영석,지역구,경남 양산시,경상남도 양산시,,,새누리당,새누리당,새누리당,새누리당,2012-05-30,2016-05-29,general,term_end,term_end,,term_start,,term_end,,,,,,,,2012.05.30 ~ 2016.05.29,제19대 새누리당 경남 양산시,nexgtxtmaamffofof,윤영석,40914874,,,False
19,9XB6464U,1,김현미,지역구,경기 고양시일산서구,경기도 고양시 일산서구,,,민주통합당,민주통합당,더불어민주당,민주통합당,2012-05-30,2016-05-29,general,term_end,term_end,,term_start,,term_end,,,,,,,,2012.05.30 ~ 2016.05.29,제19대 민주통합당 경기 고양시일산서구,nfzegpkvaclgtscxt,김현미 (정치인),40914874,,,False
19,9ZP9014Q,1,이해찬,지역구,세종특별자치시,세종특별자치시 세종특별자치시,,,민주통합당,민주통합당,무소속,민주통합당,2012-05-30,2016-05-29,general,term_end,term_end,,term_start,,term_end,,,,,,,,2012.05.30 ~ 2016.05.29,제19대 민주통합당 세종특별자치시,nfzegpkvaclgtscxt,이해찬,40914874,,,False
19,A3H7195R,1,박완주,지역구,충남 천안시을,충청남도 천안시 을,,,민주통합당,민주통합당,더불어민주당,민주통합당,2012-05-30,2016-05-29,general,term_end,term_end,,term_start,,term_end,,,,,,,,2012.05.30 ~ 2016.05.29,제19대 민주통합당 충남 천안시을,nfzegpkvaclgtscxt,박완주,40914874,,,False
19,A486635H,1,안상수,지역구,인천 서구강화군을,인천광역시 서구·강화군 을,,,새누리당,새누리당,무소속,새누리당,2015-04-29,2016-05-29,by_election,term_end,term_end,,confirmed,wikilist,term_end,,2015-04-29,,2015-04-30,,,,2015.04.29 ~ 2016.05.29,제19대 새누리당 인천 서구강화군을,nfzegpkvaclgtscxt,안상수 (인천 출신 정치인),40914874,42216872,,False
19,AHO78623,1,주영순,비례대표,비례대표,,새누리당,6,새누리당,새누리당,새누리당,새누리당,2012-05-30,2016-05-29,general,term_end,term_end,,term_start,,term_end,,,,,,,,2012.05.30 ~ 2016.05.29,제19대 새누리당 비례대표,nfzegpkvaclgtscxt,주영순,40914874,,,False
19,AIP8367M,1,배기운,지역구,전남 나주시화순군,전라남도 나주시·화순군,,,민주통합당,민주통합당,새정치민주연합,민주통합당,2012-05-30,2014-06-12,general,disqualified,court_ruling_election_law,공직 선거법 위반에 대법원에서 의해 당선 무효형 확정 / 의원직 상실,term_start,,confirmed,wikilist+wikiseat,,2014-06-12,,2014-06-12,,,2012.05.30 ~ 2014.06.12,제19대 민주통합당 전남 나주시화순군,nfzegpkvaclgtscxt,배기운,40914874,42216872,,False
19,AJV31724,1,이학재,지역구,인천 서구강화군갑,인천광역시 서구·강화군 갑,,,새누리당,새누리당,새누리당,새누리당,2012-05-30,2016-05-29,general,term_end,term_end,,term_start,,term_end,,,,,,,,2012.05.30 ~ 2016.05.29,제19대 새누리당 인천 서구강화군갑,nfzegpkvaclgtscxt,이학재 (정치인),40914874,,,False
19,AMF4093D,1,김용태,지역구,서울 양천구을,서울특별시 양천구 을,,,새누리당,새누리당,새누리당,새누리당,2012-05-30,2016-05-29,general,term_end,term_end,,term_start,,term_end,,,,,,,,2012.05.30 ~ 2016.05.29,제19대 새누리당 서울 양천구을,nfzegpkvaclgtscxt,김용태 (1968년),40914874,,,False
19,BEF9073K,1,홍종학,비례대표,비례대표,,민주통합당,4,민주통합당,민주통합당,더불어민주당,민주통합당,2012-05-30,2016-05-29,general,term_end,term_end,,term_start,,term_end,,,,,,,,2012.05.30 ~ 2016.05.29,제19대 민주통합당 비례대표,nfzegpkvaclgtscxt,홍종학,40914874,,,False
19,BHA7868N,1,이노근,지역구,서울 노원구갑,서울특별시 노원구 갑,,,새누리당,새누리당,새누리당,새누리당,2012-05-30,2016-05-29,general,term_end,term_end,,term_start,,term_end,,,,,,,,2012.05.30 ~ 2016.05.29,제19대 새누리당 서울 노원구갑,nfzegpkvaclgtscxt,이노근,40914874,,,False
19,BLC8630L,1,박병석,지역구,대전 서구갑,대전광역시 서구 갑,,,민주통합당,민주통합당,더불어민주당,민주통합당,2012-05-30,2016-05-29,general,term_end,term_end,,term_start,,term_end,,,,,,,,2012.05.30 ~ 2016.05.29,제19대 민주통합당 대전 서구갑,nfzegpkvaclgtscxt,박병석,40914874,,,False
19,BM63269Y,1,전해철,지역구,경기 안산시상록구갑,경기도 안산시 상록구 갑,,,민주통합당,민주통합당,더불어민주당,민주통합당,2012-05-30,2016-05-29,general,term_end,term_end,,term_start,,term_end,,,,,,,,2012.05.30 ~ 2016.05.29,제19대 민주통합당 경기 안산시상록구갑,nfzegpkvaclgtscxt,전해철,40914874,,,False
19,BN49469V,1,신경민,지역구,서울 영등포구을,서울특별시 영등포구 을,,,민주통합당,민주통합당,더불어민주당,민주통합당,2012-05-30,2016-05-29,general,term_end,term_end,,term_start,,term_end,,,,,,,,2012.05.30 ~ 2016.05.29,제19대 민주통합당 서울 영등포구을,nfzegpkvaclgtscxt,신경민,40914874,,,False
19,BQS2021C,1,김성태,지역구,서울 강서구을,서울특별시 강서구 을,,,새누리당,새누리당,새누리당,새누리당,2012-05-30,2016-05-29,general,term_end,term_end,,term_start,,term_end,,,,,,,,2012.05.30 ~ 2016.05.29,제19대 새누리당 서울 강서구을,nfzegpkvaclgtscxt,김성태 (1958년),40914874,,,False
19,BUA6864N,1,유대운,지역구,서울 강북구을,서울특별시 강북구 을,,,민주통합당,민주통합당,더불어민주당,민주통합당,2012-05-30,2016-05-29,general,term_end,term_end,,term_start,,term_end,,,,,,,,2012.05.30 ~ 2016.05.29,제19대 민주통합당 서울 강북구을,nfzegpkvaclgtscxt,유대운,40914874,,,False
19,BWD92364,1,이찬열,지역구,경기 수원시갑,경기도 수원시 갑,,,민주통합당,민주통합당,더불어민주당,민주통합당,2012-05-30,2016-05-29,general,term_end,term_end,,term_start,,term_end,,,,,,,,2012.05.30 ~ 2016.05.29,제19대 민주통합당 경기 수원시갑,nfzegpkvaclgtscxt,이찬열,40914874,,,False
19,C7Z8238W,1,황영철,지역구,강원 홍천군횡성군,강원도 홍천군·횡성군,,,새누리당,새누리당,새누리당,새누리당,2012-05-30,2016-05-29,general,term_end,term_end,,term_start,,term_end,,,,,,,,2012.05.30 ~ 2016.05.29,제19대 새누리당 강원 홍천군횡성군,nfzegpkvaclgtscxt,황영철,40914874,,,False
19,C8L89785,1,이에리사,비례대표,비례대표,,새누리당,9,새누리당,새누리당,새누리당,새누리당,2012-05-30,2016-05-29,general,term_end,term_end,,term_start,,term_end,,,,,,,,2012.05.30 ~ 2016.05.29,제19대 새누리당 비례대표,nfzegpkvaclgtscxt,이에리사,40914874,,,False
19,CAL85655,1,유기준,지역구,부산 서구,부산광역시 서구,,,새누리당,새누리당,새누리당,새누리당,2012-05-30,2016-05-29,general,term_end,term_end,,term_start,,term_end,,,,,,,,2012.05.30 ~ 2016.05.29,제19대 새누리당 부산 서구,nfzegpkvaclgtscxt,유기준 (1959년),40914874,,,False
19,CFE3998F,1,이상직,지역구,전북 전주시완산구을,전라북도 전주시 완산구 을,,,민주통합당,민주통합당,더불어민주당,민주통합당,2012-05-30,2016-05-29,general,term_end,term_end,,term_start,,term_end,,,,,,,,2012.05.30 ~ 2016.05.29,제19대 민주통합당 전북 전주시완산구을,nfzegpkvaclgtscxt,이상직,40914874,,,False
19,CHN4172Q,1,김장실,비례대표,비례대표,,새누리당,14,새누리당,새누리당,새누리당,새누리당,2012-05-30,2016-05-29,general,term_end,term_end,,term_start,,term_end,,,,,,,,2012.05.30 ~ 2016.05.29,제19대 새누리당 비례대표,nfzegpkvaclgtscxt,김장실,40914874,,,False
19,CKH5381Y,1,노철래,지역구,경기 광주시,경기도 광주시,,,새누리당,새누리당,새누리당,새누리당,2012-05-30,2016-05-29,general,term_end,term_end,,term_start,,term_end,,,,,,,,2012.05.30 ~ 2016.05.29,제19대 새누리당 경기 광주시,nfzegpkvaclgtscxt,노철래,40914874,,,False
19,CT85313K,1,서병수,지역구,부산 해운대구기장군갑,부산광역시 해운대구·기장군 갑,,,새누리당,새누리당,새누리당,새누리당,2012-05-30,2014-05-15,general,resigned,resigned_to_run_for_other_office,부산시장 후보자로 등록에 따른 퇴직 / 의원직 사퇴,term_start,,confirmed,wikilist+wikiseat,,2014-05-15,,2014-05-15,,,2012.05.30 ~ 2014.05.15,제19대 새누리당 부산 해운대구기장군갑,nfzegpkvaclgtscxt,서병수,40914874,42216872,,False
19,CYD5815E,1,정갑윤,지역구,울산 중구,울산광역시 중구,,,새누리당,새누리당,새누리당,새누리당,2012-05-30,2016-05-29,general,term_end,term_end,,term_start,,term_end,,,,,,,,2012.05.30 ~ 2016.05.29,제19대 새누리당 울산 중구,nfzegpkvaclgtscxt,정갑윤,40914874,,,False
19,D3V12361,1,이종진,지역구,대구 달성군,대구광역시 달성군,,,새누리당,새누리당,새누리당,새누리당,2012-05-30,2016-05-29,general,term_end,term_end,,term_start,,term_end,,,,,,,,2012.05.30 ~ 2016.05.29,제19대 새누리당 대구 달성군,nfzegpkvaclgtscxt,이종진 (1950년),40914874,,,False
19,D7L1937J,1,이병석,지역구,경북 포항시북구,경상북도 포항시 북구,,,새누리당,새누리당,새누리당,새누리당,2012-05-30,2016-05-29,general,term_end,term_end,,term_start,,term_end,,,,,,,,2012.05.30 ~ 2016.05.29,제19대 새누리당 경북 포항시북구,nfzegpkvaclgtscxt,이병석 (1952년),40914874,,,False
19,DCN7433W,1,정세균,지역구,서울 종로구,서울특별시 종로구,,,민주통합당,민주통합당,더불어민주당,민주통합당,2012-05-30,2016-05-29,general,term_end,term_end,,term_start,,term_end,,,,,,,,2012.05.30 ~ 2016.05.29,제19대 민주통합당 서울 종로구,nfzegpkvaclgtscxt,정세균,40914874,,,False
19,DCR84445,1,김동철,지역구,광주 광산구갑,광주광역시 광산구 갑,,,민주통합당,민주통합당,국민의당,민주통합당,2012-05-30,2016-05-29,general,term_end,term_end,,term_start,,term_end,,,,,,,,2012.05.30 ~ 2016.05.29,제19대 민주통합당 광주 광산구갑,nfzegpkvaclgtscxt,김동철 (1955년생 정치인),40914874,,,False
19,DMR40160,1,유일호,지역구,서울 송파구을,서울특별시 송파구 을,,,새누리당,새누리당,새누리당,새누리당,2012-05-30,2016-05-29,general,term_end,term_end,,term_start,,term_end,,,,,,,,2012.05.30 ~ 2016.05.29,제19대 새누리당 서울 송파구을,nfzegpkvaclgtscxt,유일호,40914874,,,False
19,DN76694L,1,이용섭,지역구,광주 광산구을,광주광역시 광산구 을,,,민주통합당,민주통합당,무소속,민주통합당,2012-05-30,2014-05-15,general,resigned,resigned_to_run_for_other_office,광주시장 후보자로 등록에 따른 퇴직 / 의원직 사퇴,term_start,,confirmed,wikiseat,,2014-05-07,,2014-05-15,,,2012.05.30 ~ 2014.05.15,제19대 민주통합당 광주 광산구을,nfzegpkvaclgtscxt,이용섭,40914874,42216872,,False
19,DSU7667M,1,박대동,지역구,울산 북구,울산광역시 북구,,,새누리당,새누리당,새누리당,새누리당,2012-05-30,2016-05-29,general,term_end,term_end,,term_start,,term_end,,,,,,,,2012.05.30 ~ 2016.05.29,제19대 새누리당 울산 북구,nfzegpkvaclgtscxt,박대동,40914874,,,False
19,DW737223,1,김미희,지역구,경기 성남시중원구,경기도 성남시 중원구,,,통합진보당,통합진보당,통합진보당,통합진보당,2012-05-30,2014-12-19,general,disqualified,court_ruling_other_or_unspecified,헌법재판소가 위헌정당 판결로 해산되어 의원직 상실 / 의원직 상실,term_start,,confirmed,wikilist+wikiseat,,2014-12-19,,2014-12-19,,,2012.05.30 ~ 2014.12.19,제19대 통합진보당 경기 성남시중원구,nfzegpkvaclgtscxt,김미희 (1966년),40914874,42216872,,False
19,E2O7996B,1,신기남,지역구,서울 강서구갑,서울특별시 강서구 갑,,,민주통합당,민주통합당,민주당,민주통합당,2012-05-30,2016-05-29,general,term_end,term_end,,term_start,,term_end,,,,,,,,2012.05.30 ~ 2016.05.29,제19대 민주통합당 서울 강서구갑,nfzegpkvaclgtscxt,신기남,40914874,,,False
19,E6S73230,1,김영주,비례대표,비례대표,,자유선진당,2,자유선진당,자유선진당,새누리당,자유선진당,2012-05-30,2013-12-12,general,disqualified,court_ruling_election_law,공직선거법 위반 혐의로 대법원에서 당선 무효형 확정 / 의원직 상실,term_start,,confirmed,wikilist+wikiseat,,2013-12-12,,2013-12-12,,,2012.05.30 ~ 2013.12.12,제19대 자유선진당 비례대표,nfzegpkvaclgtscxt,김영주 (1954년),40914874,42216872,,False
19,EBU8493R,1,이미경,지역구,서울 은평구갑,서울특별시 은평구 갑,,,민주통합당,민주통합당,더불어민주당,민주통합당,2012-05-30,2016-05-29,general,term_end,term_end,,term_start,,term_end,,,,,,,,2012.05.30 ~ 2016.05.29,제19대 민주통합당 서울 은평구갑,nfzegpkvaclgtscxt,이미경 (1950년),40914874,,,False
19,EC57622S,1,김기식,비례대표,비례대표,,민주통합당,14,민주통합당,민주통합당,더불어민주당,민주통합당,2012-05-30,2016-05-29,general,term_end,term_end,,term_start,,term_end,,,,,,,,2012.05.30 ~ 2016.05.29,제19대 민주통합당 비례대표,nfzegpkvaclgtscxt,김기식,40914874,,,False
19,EED3932M,1,신동우,지역구,서울 강동구갑,서울특별시 강동구 갑,,,새누리당,새누리당,새누리당,새누리당,2012-05-30,2016-05-29,general,term_end,term_end,,term_start,,term_end,,,,,,,,2012.05.30 ~ 2016.05.29,제19대 새누리당 서울 강동구갑,nfzegpkvaclgtscxt,신동우 (정치인),40914874,,,False
19,EI023764,1,남경필,지역구,경기 수원시병,경기도 수원시 병,,,새누리당,새누리당,새누리당,새누리당,2012-05-30,2014-05-15,general,resigned,resigned_to_run_for_other_office,경기지사 후보자로 등록에 따른 퇴직 / 의원직 사퇴,term_start,,confirmed,wikiseat,,2014-05-14,,2014-05-15,,,2012.05.30 ~ 2014.05.15,제19대 새누리당 경기 수원시병,nfzegpkvaclgtscxt,남경필,40914874,42216872,,False
19,EIV1009T,1,정두언,지역구,서울 서대문구을,서울특별시 서대문구 을,,,새누리당,새누리당,새누리당,새누리당,2012-05-30,2016-05-29,general,term_end,term_end,,term_start,,term_end,,,,,,,,2012.05.30 ~ 2016.05.29,제19대 새누리당 서울 서대문구을,nfzegpkvaclgtscxt,정두언,40914874,,,False
19,EJS5449A,1,류지영,비례대표,비례대표,,새누리당,17,새누리당,새누리당,새누리당,새누리당,2012-05-30,2016-05-29,general,term_end,term_end,,term_start,,term_end,,,,,,,,2012.05.30 ~ 2016.05.29,제19대 새누리당 비례대표,nfzegpkvaclgtscxt,류지영,40914874,,,False
19,EOY55268,1,최원식,지역구,인천 계양구을,인천광역시 계양구 을,,,민주통합당,민주통합당,국민의당,민주통합당,2012-05-30,2016-05-29,general,term_end,term_end,,term_start,,term_end,,,,,,,,2012.05.30 ~ 2016.05.29,제19대 민주통합당 인천 계양구을,nfzegpkvaclgtscxt,최원식 (1963년),40914874,,,False
19,ETV7396M,1,윤명희,비례대표,비례대표,,새누리당,3,새누리당,새누리당,새누리당,새누리당,2012-05-30,2016-05-29,general,term_end,term_end,,term_start,,term_end,,,,,,,,2012.05.30 ~ 2016.05.29,제19대 새누리당 비례대표,nfzegpkvaclgtscxt,윤명희 (1956년),40914874,,,False
19,EUR98126,1,박맹우,지역구,울산 남구을,울산광역시 남구 을,,,새누리당,새누리당,새누리당,새누리당,2014-07-30,2016-05-29,by_election,term_end,term_end,,confirmed,wikilist,term_end,,2014-07-30,,2014-07-31,,,,2014.07.30 ~ 2016.05.29,제19대 새누리당 울산 남구을,nfzegpkvaclgtscxt,박맹우,40914874,42216872,,False
19,EVH1507C,1,이헌승,지역구,부산 부산진구을,부산광역시 부산진구 을,,,새누리당,새누리당,새누리당,새누리당,2012-05-30,2016-05-29,general,term_end,term_end,,term_start,,term_end,,,,,,,,2012.05.30 ~ 2016.05.29,제19대 새누리당 부산 부산진구을,nexgtxtmaamffofof,이헌승,40914874,,,False
19,F363102R,1,양창영,비례대표,비례대표,,새누리당,28,새누리당,새누리당,새누리당,새누리당,2014-06-16,2016-05-29,succession_pr,term_end,term_end,,confirmed,wikilist+wikiseat,term_end,,2014-06-16,,2014-06-16,,,,2014.06.16 ~ 2016.05.29,제19대 새누리당 비례대표,nfzegpkvaclgtscxt,양창영 (정치인),40914874,42216872,,False
19,F5U2979W,1,김학용,지역구,경기 안성시,경기도 안성시,,,새누리당,새누리당,새누리당,새누리당,2012-05-30,2016-05-29,general,term_end,term_end,,term_start,,term_end,,,,,,,,2012.05.30 ~ 2016.05.29,제19대 새누리당 경기 안성시,nfzegpkvaclgtscxt,김학용,40914874,,,False
19,FGX4881A,1,심재철,지역구,경기 안양시동안구을,경기도 안양시 동안구 을,,,새누리당,새누리당,새누리당,새누리당,2012-05-30,2016-05-29,general,term_end,term_end,,term_start,,term_end,,,,,,,,2012.05.30 ~ 2016.05.29,제19대 새누리당 경기 안양시동안구을,nfzegpkvaclgtscxt,심재철 (정치인),40914874,,,False
19,FI898377,1,이운룡,비례대표,비례대표,,새누리당,26,새누리당,새누리당,새누리당,새누리당,2012-12-11,2016-05-29,succession_pr,term_end,term_end,,confirmed,wikilist,term_end,,2012-12-11,,2012-12-10,,,,2012.12.11 ~ 2016.05.29,제19대 새누리당 비례대표,nfzegpkvaclgtscxt,이운룡 (1961년),40914874,42216872,,False
19,FJ03481D,1,최경환,지역구,경북 경산시청도군,경상북도 경산시·청도군,,,새누리당,새누리당,새누리당,새누리당,2012-05-30,2016-05-29,general,term_end,term_end,,term_start,,term_end,,,,,,,,2012.05.30 ~ 2016.05.29,제19대 새누리당 경북 경산시청도군,nfzegpkvaclgtscxt,최경환 (1955년),40914874,,,False
19,FPX1564S,1,안홍준,지역구,경남 창원시마산회원구,경상남도 창원시 마산회원구,,,새누리당,새누리당,새누리당,새누리당,2012-05-30,2016-05-29,general,term_end,term_end,,term_start,,term_end,,,,,,,,2012.05.30 ~ 2016.05.29,제19대 새누리당 경남 창원시마산회원구,nfzegpkvaclgtscxt,안홍준,40914874,,,False
19,FRN1867O,1,홍익표,지역구,서울 성동구을,서울특별시 성동구 을,,,민주통합당,민주통합당,더불어민주당,민주통합당,2012-05-30,2016-05-29,general,term_end,term_end,,term_start,,term_end,,,,,,,,2012.05.30 ~ 2016.05.29,제19대 민주통합당 서울 성동구을,nfzegpkvaclgtscxt,홍익표 (1967년),40914874,,,False
19,FY756149,1,심학봉,지역구,경북 구미시갑,경상북도 구미시 갑,,,새누리당,새누리당,무소속,새누리당,2012-05-30,2015-10-12,general,resigned,resigned_other,국회의원 제명안 처리를 앞두고 의원직 사퇴 / 의원직 사퇴,term_start,,confirmed,wikilist+wikiseat+nabill,,2015-10-12,,2015-10-12,2015-10-12,PRC_H1W5H1K0Z1M2G1Q0Q5I5T0O5H4O2H8,2012.05.30 ~ 2015.10.12,제19대 새누리당 경북 구미시갑,nfzegpkvaclgtscxt,심학봉,40914874,42216872,,False
19,G8Y72423,1,은수미,비례대표,비례대표,,민주통합당,3,민주통합당,민주통합당,더불어민주당,민주통합당,2012-05-30,2016-05-29,general,term_end,term_end,,term_start,,term_end,,,,,,,,2012.05.30 ~ 2016.05.29,제19대 민주통합당 비례대표,nfzegpkvaclgtscxt,은수미,40914874,,,False
19,GCA42857,1,주승용,지역구,전남 여수시을,전라남도 여수시 을,,,민주통합당,민주통합당,국민의당,민주통합당,2012-05-30,2016-05-29,general,term_end,term_end,,term_start,,term_end,,,,,,,,2012.05.30 ~ 2016.05.29,제19대 민주통합당 전남 여수시을,nfzegpkvaclgtscxt,주승용,40914874,,,False
19,GD131760,1,홍문표,지역구,충남 홍성군예산군,충청남도 홍성군·예산군,,,새누리당,새누리당,새누리당,새누리당,2012-05-30,2016-05-29,general,term_end,term_end,,term_start,,term_end,,,,,,,,2012.05.30 ~ 2016.05.29,제19대 새누리당 충남 홍성군예산군,nfzegpkvaclgtscxt,홍문표,40914874,,,False
19,GDG1847Z,1,권성동,지역구,강원 강릉시,강원도 강릉시,,,새누리당,새누리당,새누리당,새누리당,2012-05-30,2016-05-29,general,term_end,term_end,,term_start,,term_end,,,,,,,,2012.05.30 ~ 2016.05.29,제19대 새누리당 강원 강릉시,nfzegpkvaclgtscxt,권성동,40914874,,,False
19,GMK1374L,1,이석현,지역구,경기 안양시동안구갑,경기도 안양시 동안구 갑,,,민주통합당,민주통합당,더불어민주당,민주통합당,2012-05-30,2016-05-29,general,term_end,term_end,,term_start,,term_end,,,,,,,,2012.05.30 ~ 2016.05.29,제19대 민주통합당 경기 안양시동안구갑,nfzegpkvaclgtscxt,이석현 (1951년),40914874,,,False
19,GN240959,1,노회찬,지역구,서울 노원구병,서울특별시 노원구 병,,,통합진보당,통합진보당,진보정의당,통합진보당,2012-05-30,2013-02-14,general,disqualified,court_ruling_other_or_unspecified,통신비밀보호법 위반으로 대법원에서 의원직 상실 / 의원직 상실,term_start,,confirmed,wikilist+wikiseat,,2013-02-14,,2013-02-14,,,2012.05.30 ~ 2013.02.14,제19대 통합진보당 서울 노원구병,nfzegpkvaclgtscxt,노회찬,40914874,42216872,,False
19,GW55008L,1,홍의락,비례대표,비례대표,,민주통합당,20,민주통합당,민주통합당,더불어민주당,민주통합당,2012-05-30,2016-03-21,general,disqualified,pr_seat_lost_on_leaving_party,더불어민주당 탈당으로 인해 의원직 상실 / 의원직 상실,term_start,,api_later_than_wiki,wikilist=2016-02-25; wikiseat=2016-03-18,,2016-02-25,,2016-03-18,,,2012.05.30 ~ 2016.03.21,제19대 민주통합당 비례대표,nfzegpkvaclgtscxt,홍의락,40914874,42216872,,False
19,H337332S,1,오신환,지역구,서울 관악구을,서울특별시 관악구 을,,,새누리당,새누리당,새누리당,새누리당,2015-04-29,2016-05-29,by_election,term_end,term_end,,confirmed,wikilist,term_end,,2015-04-29,,2015-04-30,,,,2015.04.29 ~ 2016.05.29,제19대 새누리당 서울 관악구을,nfzegpkvaclgtscxt,오신환,40914874,42216872,,False
19,HJI9845B,1,이인제,지역구,충남 논산시계룡시금산군,충청남도 논산시·계룡시·금산군,,,자유선진당,자유선진당,새누리당,자유선진당,2012-05-30,2016-05-29,general,term_end,term_end,,term_start,,term_end,,,,,,,,2012.05.30 ~ 2016.05.29,제19대 자유선진당 충남 논산시계룡시금산군,nfzegpkvaclgtscxt,이인제,40914874,,,False
19,HRG9655C,1,김희정,지역구,부산 연제구,부산광역시 연제구,,,새누리당,새누리당,새누리당,새누리당,2012-05-30,2016-05-29,general,term_end,term_end,,term_start,,term_end,,,,,,,,2012.05.30 ~ 2016.05.29,제19대 새누리당 부산 연제구,nexgtxtmaamffofof,김희정 (1971년),40914874,,,False
19,HSW1214Q,1,이종배,지역구,충북 충주시,충청북도 충주시,,,새누리당,새누리당,새누리당,새누리당,2014-07-30,2016-05-29,by_election,term_end,term_end,,confirmed,wikilist,term_end,,2014-07-30,,2014-07-31,,,,2014.07.30 ~ 2016.05.29,제19대 새누리당 충북 충주시,nexgtxtmaamffofof,이종배,40914874,42216872,,False
19,I0S53762,1,하태경,지역구,부산 해운대구기장군을,부산광역시 해운대구·기장군 을,,,새누리당,새누리당,새누리당,새누리당,2012-05-30,2016-05-29,general,term_end,term_end,,term_start,,term_end,,,,,,,,2012.05.30 ~ 2016.05.29,제19대 새누리당 부산 해운대구기장군을,nfzegpkvaclgtscxt,하태경,40914874,,,False
19,I7R13867,1,이개호,지역구,전남 담양군함평군영광군장성군,전라남도 담양군·함평군·영광군·장성군,,,새정치민주연합,새정치민주연합,더불어민주당,새정치민주연합,2014-07-30,2016-05-29,by_election,term_end,term_end,,confirmed,wikilist,term_end,,2014-07-30,,2014-07-31,,,,2014.07.30 ~ 2016.05.29,제19대 새정치민주연합 전남 담양군함평군영광군장성군,nexgtxtmaamffofof,이개호,40914874,42216872,,False
19,I7Z3068X,1,유성엽,지역구,전북 정읍시,전라북도 정읍시,,,무소속,무소속,국민의당,무소속,2012-05-30,2016-05-29,general,term_end,term_end,,term_start,,term_end,,,,,,,,2012.05.30 ~ 2016.05.29,제19대 무소속 전북 정읍시,nfzegpkvaclgtscxt,유성엽,40914874,,,False
19,IDV9108J,1,진영,지역구,서울 용산구,서울특별시 용산구,,,새누리당,새누리당,더불어민주당,새누리당,2012-05-30,2016-05-29,general,term_end,term_end,,term_start,,term_end,,,,,,,,2012.05.30 ~ 2016.05.29,제19대 새누리당 서울 용산구,nfzegpkvaclgtscxt,진영 (정치인),40914874,,,False
19,IN328264,1,조정식,지역구,경기 시흥시을,경기도 시흥시 을,,,민주통합당,민주통합당,더불어민주당,민주통합당,2012-05-30,2016-05-29,general,term_end,term_end,,term_start,,term_end,,,,,,,,2012.05.30 ~ 2016.05.29,제19대 민주통합당 경기 시흥시을,nexgtxtmaamffofof,조정식 (정치인),40914874,,,False
19,IQ54138I,1,박인숙,지역구,서울 송파구갑,서울특별시 송파구 갑,,,새누리당,새누리당,새누리당,새누리당,2012-05-30,2016-05-29,general,term_end,term_end,,term_start,,term_end,,,,,,,,2012.05.30 ~ 2016.05.29,제19대 새누리당 서울 송파구갑,nfzegpkvaclgtscxt,박인숙 (1948년),40914874,,,False
19,IRQ5741O,1,나성린,지역구,부산 부산진구갑,부산광역시 부산진구 갑,,,새누리당,새누리당,새누리당,새누리당,2012-05-30,2016-05-29,general,term_end,term_end,,term_start,,term_end,,,,,,,,2012.05.30 ~ 2016.05.29,제19대 새누리당 부산 부산진구갑,nfzegpkvaclgtscxt,나성린,40914874,,,False
19,IUZ2177I,1,정수성,지역구,경북 경주시,경상북도 경주시,,,새누리당,새누리당,새누리당,새누리당,2012-05-30,2016-05-29,general,term_end,term_end,,term_start,,term_end,,,,,,,,2012.05.30 ~ 2016.05.29,제19대 새누리당 경북 경주시,nfzegpkvaclgtscxt,정수성 (정치인),40914874,,,False
19,IYD4143Y,1,문희상,지역구,경기 의정부시갑,경기도 의정부시 갑,,,민주통합당,민주통합당,더불어민주당,민주통합당,2012-05-30,2016-05-29,general,term_end,term_end,,term_start,,term_end,,,,,,,,2012.05.30 ~ 2016.05.29,제19대 민주통합당 경기 의정부시갑,nfzegpkvaclgtscxt,문희상,40914874,,,False
19,J2O8643H,1,도종환,비례대표,비례대표,,민주통합당,16,민주통합당,민주통합당,더불어민주당,민주통합당,2012-05-30,2016-05-29,general,term_end,term_end,,term_start,,term_end,,,,,,,,2012.05.30 ~ 2016.05.29,제19대 민주통합당 비례대표,nfzegpkvaclgtscxt,도종환,40914874,,,False
19,J8545024,1,박민수,지역구,전북 진안군무주군장수군임실군,전라북도 진안군·무주군·장수군·임실군,,,민주통합당,민주통합당,더불어민주당,민주통합당,2012-05-30,2016-05-29,general,term_end,term_end,,term_start,,term_end,,,,,,,,2012.05.30 ~ 2016.05.29,제19대 민주통합당 전북 진안군무주군장수군임실군,nfzegpkvaclgtscxt,박민수 (변호사),40914874,,,False
19,JG77046J,1,이언주,지역구,경기 광명시을,경기도 광명시 을,,,민주통합당,민주통합당,더불어민주당,민주통합당,2012-05-30,2016-05-29,general,term_end,term_end,,term_start,,term_end,,,,,,,,2012.05.30 ~ 2016.05.29,제19대 민주통합당 경기 광명시을,nexgtxtmaamffofof,이언주,40914874,,,False
19,JMY9959W,1,윤관석,지역구,인천 남동구을,인천광역시 남동구 을,,,민주통합당,민주통합당,더불어민주당,민주통합당,2012-05-30,2016-05-29,general,term_end,term_end,,term_start,,term_end,,,,,,,,2012.05.30 ~ 2016.05.29,제19대 민주통합당 인천 남동구을,nfzegpkvaclgtscxt,윤관석,40914874,,,False
19,JOY4394O,1,황주홍,지역구,전남 장흥군강진군영암군,전라남도 장흥군·강진군·영암군,,,민주통합당,민주통합당,국민의당,민주통합당,2012-05-30,2016-05-29,general,term_end,term_end,,term_start,,term_end,,,,,,,,2012.05.30 ~ 2016.05.29,제19대 민주통합당 전남 장흥군강진군영암군,nfzegpkvaclgtscxt,황주홍,40914874,,,False
19,JQA21112,1,한기호,지역구,강원 철원군화천군양구군인제군,강원도 철원군·화천군·양구군·인제군,,,새누리당,새누리당,새누리당,새누리당,2012-05-30,2016-05-29,general,term_end,term_end,,term_start,,term_end,,,,,,,,2012.05.30 ~ 2016.05.29,제19대 새누리당 강원 철원군화천군양구군인제군,nexgtxtmaamffofof,한기호 (1952년),40914874,,,False
19,JR141579,1,정희수,지역구,경북 영천시,경상북도 영천시,,,새누리당,새누리당,새누리당,새누리당,2012-05-30,2016-05-29,general,term_end,term_end,,term_start,,term_end,,,,,,,,2012.05.30 ~ 2016.05.29,제19대 새누리당 경북 영천시,nfzegpkvaclgtscxt,정희수,40914874,,,False
19,JZY9937U,1,김윤덕,지역구,전북 전주시완산구갑,전라북도 전주시 완산구 갑,,,민주통합당,민주통합당,더불어민주당,민주통합당,2012-05-30,2016-05-29,general,term_end,term_end,,term_start,,term_end,,,,,,,,2012.05.30 ~ 2016.05.29,제19대 민주통합당 전북 전주시완산구갑,nexgtxtmaamffofof,김윤덕 (1966년),40914874,,,False
19,K1Y45873,1,김종태,지역구,경북 상주시,경상북도 상주시,,,새누리당,새누리당,새누리당,새누리당,2012-05-30,2016-05-29,general,term_end,term_end,,term_start,,term_end,,,,,,,,2012.05.30 ~ 2016.05.29,제19대 새누리당 경북 상주시,nfzegpkvaclgtscxt,김종태 (1949년),40914874,,,False
19,K3W33496,1,박광온,지역구,경기 수원시정,경기도 수원시 정,,,새정치민주연합,새정치민주연합,더불어민주당,새정치민주연합,2014-07-30,2016-05-29,by_election,term_end,term_end,,confirmed,wikilist,term_end,,2014-07-30,,2014-07-31,,,,2014.07.30 ~ 2016.05.29,제19대 새정치민주연합 경기 수원시정,nfzegpkvaclgtscxt,박광온,40914874,42216872,,False
19,K5F2023J,1,이학영,지역구,경기 군포시,경기도 군포시,,,민주통합당,민주통합당,더불어민주당,민주통합당,2012-05-30,2016-05-29,general,term_end,term_end,,term_start,,term_end,,,,,,,,2012.05.30 ~ 2016.05.29,제19대 민주통합당 경기 군포시,nexgtxtmaamffofof,이학영,40914874,,,False
19,KKD3190X,1,신의진,비례대표,비례대표,,새누리당,7,새누리당,새누리당,새누리당,새누리당,2012-05-30,2016-05-29,general,term_end,term_end,,term_start,,term_end,,,,,,,,2012.05.30 ~ 2016.05.29,제19대 새누리당 비례대표,nfzegpkvaclgtscxt,신의진,40914874,,,False
19,KM010870,1,최동익,비례대표,비례대표,,민주통합당,2,민주통합당,민주통합당,더불어민주당,민주통합당,2012-05-30,2016-05-29,general,term_end,term_end,,term_start,,term_end,,,,,,,,2012.05.30 ~ 2016.05.29,제19대 민주통합당 비례대표,nfzegpkvaclgtscxt,최동익,40914874,,,False
19,KR14136C,1,홍영표,지역구,인천 부평구을,인천광역시 부평구 을,,,민주통합당,민주통합당,더불어민주당,민주통합당,2012-05-30,2016-05-29,general,term_end,term_end,,term_start,,term_end,,,,,,,,2012.05.30 ~ 2016.05.29,제19대 민주통합당 인천 부평구을,nfzegpkvaclgtscxt,홍영표,40914874,,,False
19,LAU79556,1,신경림,비례대표,비례대표,,새누리당,25,새누리당,새누리당,새누리당,새누리당,2012-05-30,2016-05-29,general,term_end,term_end,,term_start,,term_end,,,,,,,,2012.05.30 ~ 2016.05.29,제19대 새누리당 비례대표,nfzegpkvaclgtscxt,신경림 (정치인),40914874,,,False
19,LGG10412,1,김현숙,비례대표,비례대표,,새누리당,13,새누리당,새누리당,새누리당,새누리당,2012-05-30,2015-08-04,general,resigned,resigned_on_appointment,청와대 고용복지수석 임명에 따른 의원직 사퇴 / 의원직 상실,term_start,,confirmed,wikilist+wikiseat,,2015-08-04,,2015-08-04,,,2012.05.30 ~ 2015.08.04,제19대 새누리당 비례대표,nfzegpkvaclgtscxt,김현숙 (1966년),40914874,42216872,,False
19,LH97552Q,1,김도읍,지역구,부산 북구강서구을,부산광역시 북구·강서구 을,,,새누리당,새누리당,새누리당,새누리당,2012-05-30,2016-05-29,general,term_end,term_end,,term_start,,term_end,,,,,,,,2012.05.30 ~ 2016.05.29,제19대 새누리당 부산 북구강서구을,nexgtxtmaamffofof,김도읍,40914874,,,False
19,LJJ52334,1,송광호,지역구,충북 제천시단양군,충청북도 제천시·단양군,,,새누리당,새누리당,새누리당,새누리당,2012-05-30,2015-11-12,general,disqualified,court_ruling_other_or_unspecified,철도비리 혐의으로 대법원에서 의원직 상실 / 의원직 상실,term_start,,confirmed,wikilist+wikiseat,,2015-11-12,,2015-11-12,,,2012.05.30 ~ 2015.11.12,제19대 새누리당 충북 제천시단양군,nfzegpkvaclgtscxt,송광호,40914874,42216872,,False
19,LXP1076C,1,김태원,지역구,경기 고양시덕양구을,경기도 고양시 덕양구 을,,,새누리당,새누리당,새누리당,새누리당,2012-05-30,2016-05-29,general,term_end,term_end,,term_start,,term_end,,,,,,,,2012.05.30 ~ 2016.05.29,제19대 새누리당 경기 고양시덕양구을,nfzegpkvaclgtscxt,김태원 (1951년),40914874,,,False
19,M0A1658U,1,윤호중,지역구,경기 구리시,경기도 구리시,,,민주통합당,민주통합당,더불어민주당,민주통합당,2012-05-30,2016-05-29,general,term_end,term_end,,term_start,,term_end,,,,,,,,2012.05.30 ~ 2016.05.29,제19대 민주통합당 경기 구리시,nexgtxtmaamffofof,윤호중,40914874,,,False
19,M3Z17237,1,김재경,지역구,경남 진주시을,경상남도 진주시 을,,,새누리당,새누리당,새누리당,새누리당,2012-05-30,2016-05-29,general,term_end,term_end,,term_start,,term_end,,,,,,,,2012.05.30 ~ 2016.05.29,제19대 새누리당 경남 진주시을,nfzegpkvaclgtscxt,김재경 (1961년),40914874,,,False
19,M7O7878U,1,신정훈,지역구,전남 나주시화순군,전라남도 나주시·화순군,,,새정치민주연합,새정치민주연합,더불어민주당,새정치민주연합,2014-07-30,2016-05-29,by_election,term_end,term_end,,confirmed,wikilist,term_end,,2014-07-30,,2014-07-31,,,,2014.07.30 ~ 2016.05.29,제19대 새정치민주연합 전남 나주시화순군,nexgtxtmaamffofof,신정훈,40914874,42216872,,False
19,MBS2896E,1,이현재,지역구,경기 하남시,경기도 하남시,,,새누리당,새누리당,새누리당,새누리당,2012-05-30,2016-05-29,general,term_end,term_end,,term_start,,term_end,,,,,,,,2012.05.30 ~ 2016.05.29,제19대 새누리당 경기 하남시,nfzegpkvaclgtscxt,이현재 (1949년),40914874,,,False
19,MGE7194M,1,김광림,지역구,경북 안동시,경상북도 안동시,,,새누리당,새누리당,새누리당,새누리당,2012-05-30,2016-05-29,general,term_end,term_end,,term_start,,term_end,,,,,,,,2012.05.30 ~ 2016.05.29,제19대 새누리당 경북 안동시,nfzegpkvaclgtscxt,김광림 (정치인),40914874,,,False
19,MO52543L,1,변재일,지역구,충북 청원군,충청북도 청원군,,,민주통합당,민주통합당,더불어민주당,민주통합당,2012-05-30,2016-05-29,general,term_end,term_end,,term_start,,term_end,,,,,,,,2012.05.30 ~ 2016.05.29,제19대 민주통합당 충북 청원군,nfzegpkvaclgtscxt,변재일,40914874,,,False
19,MOW97559,1,전순옥,비례대표,비례대표,,민주통합당,1,민주통합당,민주통합당,더불어민주당,민주통합당,2012-05-30,2016-05-29,general,term_end,term_end,,term_start,,term_end,,,,,,,,2012.05.30 ~ 2016.05.29,제19대 민주통합당 비례대표,nfzegpkvaclgtscxt,전순옥,40914874,,,False
19,MRK4871S,1,유의동,지역구,경기 평택시을,경기도 평택시 을,,,새누리당,새누리당,새누리당,새누리당,2014-07-30,2016-05-29,by_election,term_end,term_end,,confirmed,wikilist,term_end,,2014-07-30,,2014-07-31,,,,2014.07.30 ~ 2016.05.29,제19대 새누리당 경기 평택시을,nexgtxtmaamffofof,유의동,40914874,42216872,,False
19,MSY7784L,1,윤상현,지역구,인천 남구을,인천광역시 남구 을,,,새누리당,새누리당,무소속,새누리당,2012-05-30,2016-05-29,general,term_end,term_end,,term_start,,term_end,,,,,,,,2012.05.30 ~ 2016.05.29,제19대 새누리당 인천 남구을,nexgtxtmaamffofof,윤상현 (정치인),40914874,42216872,,False
19,N3Q3468A,1,김우남,지역구,제주 제주시을,제주특별자치도 제주시 을,,,민주통합당,민주통합당,더불어민주당,민주통합당,2012-05-30,2016-05-29,general,term_end,term_end,,term_start,,term_end,,,,,,,,2012.05.30 ~ 2016.05.29,제19대 민주통합당 제주 제주시을,nfzegpkvaclgtscxt,김우남,40914874,,,False
19,N4B7983W,1,길정우,지역구,서울 양천구갑,서울특별시 양천구 갑,,,새누리당,새누리당,새누리당,새누리당,2012-05-30,2016-05-29,general,term_end,term_end,,term_start,,term_end,,,,,,,,2012.05.30 ~ 2016.05.29,제19대 새누리당 서울 양천구갑,nfzegpkvaclgtscxt,길정우,40914874,,,False
19,N4R2421C,1,박덕흠,지역구,충북 보은군옥천군영동군,충청북도 보은군·옥천군·영동군,,,새누리당,새누리당,새누리당,새누리당,2012-05-30,2016-05-29,general,term_end,term_end,,term_start,,term_end,,,,,,,,2012.05.30 ~ 2016.05.29,제19대 새누리당 충북 보은군옥천군영동군,nexgtxtmaamffofof,박덕흠,40914874,,,False
19,N6C1899K,1,김진태,지역구,강원 춘천시,강원도 춘천시,,,새누리당,새누리당,새누리당,새누리당,2012-05-30,2016-05-29,general,term_end,term_end,,term_start,,term_end,,,,,,,,2012.05.30 ~ 2016.05.29,제19대 새누리당 강원 춘천시,nfzegpkvaclgtscxt,김진태 (1964년),40914874,,,False
19,NDH62175,1,이재오,지역구,서울 은평구을,서울특별시 은평구 을,,,새누리당,새누리당,무소속,새누리당,2012-05-30,2016-05-29,general,term_end,term_end,,term_start,,term_end,,,,,,,,2012.05.30 ~ 2016.05.29,제19대 새누리당 서울 은평구을,nfzegpkvaclgtscxt,이재오,40914874,,,False
19,NG55346W,1,전병헌,지역구,서울 동작구갑,서울특별시 동작구 갑,,,민주통합당,민주통합당,더불어민주당,민주통합당,2012-05-30,2016-05-29,general,term_end,term_end,,term_start,,term_end,,,,,,,,2012.05.30 ~ 2016.05.29,제19대 민주통합당 서울 동작구갑,nfzegpkvaclgtscxt,전병헌,40914874,,,False
19,NKU2941B,1,김동완,지역구,충남 당진시,충청남도 당진시,,,새누리당,새누리당,새누리당,새누리당,2012-05-30,2016-05-29,general,term_end,term_end,,term_start,,term_end,,,,,,,,2012.05.30 ~ 2016.05.29,제19대 새누리당 충남 당진시,nfzegpkvaclgtscxt,김동완 (1958년),40914874,,,False
19,NNP30098,1,김기선,지역구,강원 원주시갑,강원도 원주시 갑,,,새누리당,새누리당,새누리당,새누리당,2012-05-30,2016-05-29,general,term_end,term_end,,term_start,,term_end,,,,,,,,2012.05.30 ~ 2016.05.29,제19대 새누리당 강원 원주시갑,nfzegpkvaclgtscxt,김기선,40914874,,,False
19,NR221895,1,심윤조,지역구,서울 강남구갑,서울특별시 강남구 갑,,,새누리당,새누리당,새누리당,새누리당,2012-05-30,2016-05-29,general,term_end,term_end,,term_start,,term_end,,,,,,,,2012.05.30 ~ 2016.05.29,제19대 새누리당 서울 강남구갑,nfzegpkvaclgtscxt,심윤조,40914874,,,False
19,NS06841K,1,이철우,지역구,경북 김천시,경상북도 김천시,,,새누리당,새누리당,새누리당,새누리당,2012-05-30,2016-05-29,general,term_end,term_end,,term_start,,term_end,,,,,,,,2012.05.30 ~ 2016.05.29,제19대 새누리당 경북 김천시,nfzegpkvaclgtscxt,이철우 (1955년),40914874,,,False
19,NTT8182Q,1,김민기,지역구,경기 용인시을,경기도 용인시 을,,,민주통합당,민주통합당,더불어민주당,민주통합당,2012-05-30,2016-05-29,general,term_end,term_end,,term_start,,term_end,,,,,,,,2012.05.30 ~ 2016.05.29,제19대 민주통합당 경기 용인시을,nfzegpkvaclgtscxt,김민기 (정치인),40914874,,,False
19,O6D8329R,1,민홍철,지역구,경남 김해시갑,경상남도 김해시 갑,,,민주통합당,민주통합당,더불어민주당,민주통합당,2012-05-30,2016-05-29,general,term_end,term_end,,term_start,,term_end,,,,,,,,2012.05.30 ~ 2016.05.29,제19대 민주통합당 경남 김해시갑,nexgtxtmaamffofof,민홍철,40914874,,,False
19,O7R5461J,1,윤후덕,지역구,경기 파주시갑,경기도 파주시 갑,,,민주통합당,민주통합당,더불어민주당,민주통합당,2012-05-30,2016-05-29,general,term_end,term_end,,term_start,,term_end,,,,,,,,2012.05.30 ~ 2016.05.29,제19대 민주통합당 경기 파주시갑,nexgtxtmaamffofof,윤후덕,40914874,,,False
19,OIU86868,1,고희선,지역구,경기 화성시갑,경기도 화성시 갑,,,새누리당,새누리당,새누리당,새누리당,2012-05-30,2013-08-25,general,died,died,폐암으로 인한 사망 / 사망,term_start,,confirmed,wikilist+wikiseat,,2013-08-25,,2013-08-25,,,2012.05.30 ~ 2013.08.25,제19대 새누리당 경기 화성시갑,nfzegpkvaclgtscxt,고희선,40914874,42216872,,False
19,OK55632O,1,오영식,지역구,서울 강북구갑,서울특별시 강북구 갑,,,민주통합당,민주통합당,더불어민주당,민주통합당,2012-05-30,2016-05-29,general,term_end,term_end,,term_start,,term_end,,,,,,,,2012.05.30 ~ 2016.05.29,제19대 민주통합당 서울 강북구갑,nfzegpkvaclgtscxt,오영식,40914874,,,False
19,OTE19384,1,박명재,지역구,경북 포항시남구울릉군,경상북도 포항시 남구·울릉군,,,새누리당,새누리당,새누리당,새누리당,2013-10-30,2016-05-29,by_election,term_end,term_end,,confirmed,wikilist,term_end,,2013-10-30,,2013-10-31,,,,2013.10.30 ~ 2016.05.29,제19대 새누리당 경북 포항시남구울릉군,nfzegpkvaclgtscxt,박명재,40914874,42216872,,False
19,OTR59398,1,정미경,지역구,경기 수원시을,경기도 수원시 을,,,새누리당,새누리당,새누리당,새누리당,2014-07-30,2016-05-29,by_election,term_end,term_end,,confirmed,wikilist,term_end,,2014-07-30,,2014-07-31,,,,2014.07.30 ~ 2016.05.29,제19대 새누리당 경기 수원시을,nfzegpkvaclgtscxt,정미경 (정치인),40914874,42216872,,False
19,OW53107J,1,설훈,지역구,경기 부천시원미구을,경기도 부천시 원미구 을,,,민주통합당,민주통합당,더불어민주당,민주통합당,2012-05-30,2016-05-29,general,term_end,term_end,,term_start,,term_end,,,,,,,,2012.05.30 ~ 2016.05.29,제19대 민주통합당 경기 부천시원미구을,nfzegpkvaclgtscxt,설훈,40914874,,,False
19,P0F1530P,1,김태호,지역구,경남 김해시을,경상남도 김해시 을,,,새누리당,새누리당,새누리당,새누리당,2012-05-30,2016-05-29,general,term_end,term_end,,term_start,,term_end,,,,,,,,2012.05.30 ~ 2016.05.29,제19대 새누리당 경남 김해시을,nexgtxtmaamffofof,김태호 (1962년),40914874,,,False
19,P2N4585G,1,김승남,지역구,전남 고흥군보성군,전라남도 고흥군·보성군,,,민주통합당,민주통합당,더불어민주당,민주통합당,2012-05-30,2016-05-29,general,term_end,term_end,,term_start,,term_end,,,,,,,,2012.05.30 ~ 2016.05.29,제19대 민주통합당 전남 고흥군보성군,nfzegpkvaclgtscxt,김승남 (정치인),40914874,,,False
19,P303213F,1,정병국,지역구,경기 여주군양평군가평군,경기도 여주군·양평군·가평군,,,새누리당,새누리당,새누리당,새누리당,2012-05-30,2016-05-29,general,term_end,term_end,,term_start,,term_end,,,,,,,,2012.05.30 ~ 2016.05.29,제19대 새누리당 경기 여주군양평군가평군,nfzegpkvaclgtscxt,정병국,40914874,,,False
19,P318485D,1,박민식,지역구,부산 북구강서구갑,부산광역시 북구·강서구 갑,,,새누리당,새누리당,새누리당,새누리당,2012-05-30,2016-05-29,general,term_end,term_end,,term_start,,term_end,,,,,,,,2012.05.30 ~ 2016.05.29,제19대 새누리당 부산 북구강서구갑,nfzegpkvaclgtscxt,박민식,40914874,,,False
19,PAB29217,1,김성찬,지역구,경남 창원시진해구,경상남도 창원시 진해구,,,새누리당,새누리당,새누리당,새누리당,2012-05-30,2016-05-29,general,term_end,term_end,,term_start,,term_end,,,,,,,,2012.05.30 ~ 2016.05.29,제19대 새누리당 경남 창원시진해구,nfzegpkvaclgtscxt,김성찬 (1954년),40914874,,,False
19,PAQ11014,1,강창희,지역구,대전 중구,대전광역시 중구,,,새누리당,새누리당,새누리당,새누리당,2012-05-30,2016-05-29,general,term_end,term_end,,term_start,,term_end,,,,,,,,2012.05.30 ~ 2016.05.29,제19대 새누리당 대전 중구,nfzegpkvaclgtscxt,강창희 (정치인),40914874,42216872,,False
19,PFM7673W,1,권은희,지역구,대구 북구갑,대구광역시 북구 갑,,,새누리당,새누리당,무소속,새누리당,2012-05-30,2016-05-29,general,term_end,term_end,,term_start,,term_end,,,,,,,,2012.05.30 ~ 2016.05.29,제19대 새누리당 대구 북구갑,nfzegpkvaclgtscxt,권은희 (1959년),40914874,42216872,,False
19,PLR62452,1,김영우,지역구,경기 포천시연천군,경기도 포천시·연천군,,,새누리당,새누리당,새누리당,새누리당,2012-05-30,2016-05-29,general,term_end,term_end,,term_start,,term_end,,,,,,,,2012.05.30 ~ 2016.05.29,제19대 새누리당 경기 포천시연천군,nfzegpkvaclgtscxt,김영우 (1967년),40914874,,,False
19,PMU9608V,1,김태환,지역구,경북 구미시을,경상북도 구미시 을,,,새누리당,새누리당,무소속,새누리당,2012-05-30,2016-05-29,general,term_end,term_end,,term_start,,term_end,,,,,,,,2012.05.30 ~ 2016.05.29,제19대 새누리당 경북 구미시을,nfzegpkvaclgtscxt,김태환 (1943년),40914874,,,False
19,PTC5301T,1,민병주,비례대표,비례대표,,새누리당,1,새누리당,새누리당,새누리당,새누리당,2012-05-30,2016-05-29,general,term_end,term_end,,term_start,,term_end,,,,,,,,2012.05.30 ~ 2016.05.29,제19대 새누리당 비례대표,nfzegpkvaclgtscxt,민병주,40914874,,,False
19,PWU27609,1,유승민,지역구,대구 동구을,대구광역시 동구 을,,,새누리당,새누리당,무소속,새누리당,2012-05-30,2016-05-29,general,term_end,term_end,,term_start,,term_end,,,,,,,,2012.05.30 ~ 2016.05.29,제19대 새누리당 대구 동구을,nfzegpkvaclgtscxt,유승민 (정치인),40914874,,,False
19,PYP5878A,1,한명숙,비례대표,비례대표,,민주통합당,15,민주통합당,민주통합당,새정치민주연합,민주통합당,2012-05-30,2015-08-20,general,disqualified,court_ruling_election_law,정치자금법 위반 혐의으로 대법원에서 의원직 상실 / 의원직 상실,term_start,,confirmed,wikilist+wikiseat,,2015-08-20,,2015-08-20,,,2012.05.30 ~ 2015.08.20,제19대 민주통합당 비례대표,nfzegpkvaclgtscxt,한명숙,40914874,42216872,,False
19,Q5X4506F,1,황우여,지역구,인천 연수구,인천광역시 연수구,,,새누리당,새누리당,새누리당,새누리당,2012-05-30,2016-05-29,general,term_end,term_end,,term_start,,term_end,,,,,,,,2012.05.30 ~ 2016.05.29,제19대 새누리당 인천 연수구,nfzegpkvaclgtscxt,황우여,40914874,,,False
19,Q9H5708M,1,김진표,지역구,경기 수원시정,경기도 수원시 정,,,민주통합당,민주통합당,새정치민주연합,민주통합당,2012-05-30,2014-05-15,general,resigned,resigned_to_run_for_other_office,경기지사 후보자로 등록에 따른 퇴직 / 의원직 사퇴,term_start,,confirmed,wikiseat,,2014-05-14,,2014-05-15,,,2012.05.30 ~ 2014.05.15,제19대 민주통합당 경기 수원시정,nfzegpkvaclgtscxt,김진표 (정치인),40914874,42216872,,False
19,QF159955,1,황인자,비례대표,비례대표,,자유선진당,3,새누리당,새누리당,새누리당,새누리당,2013-12-16,2016-05-29,succession_pr,term_end,term_end,,confirmed,wikilist,term_end,,2013-12-16,,2013-12-12,,,,2013.12.16 ~ 2016.05.29,제19대 새누리당 비례대표,nfzegpkvaclgtscxt,황인자,40914874,42216872,,False
19,QKY38290,1,여상규,지역구,경남 사천시남해군하동군,경상남도 사천시·남해군·하동군,,,새누리당,새누리당,새누리당,새누리당,2012-05-30,2016-05-29,general,term_end,term_end,,term_start,,term_end,,,,,,,,2012.05.30 ~ 2016.05.29,제19대 새누리당 경남 사천시남해군하동군,nfzegpkvaclgtscxt,여상규,40914874,,,False
19,QT984813,1,신학용,지역구,인천 계양구갑,인천광역시 계양구 갑,,,민주통합당,민주통합당,국민의당,민주통합당,2012-05-30,2016-05-29,general,term_end,term_end,,term_start,,term_end,,,,,,,,2012.05.30 ~ 2016.05.29,제19대 민주통합당 인천 계양구갑,nfzegpkvaclgtscxt,신학용,40914874,,,False
19,QZG38143,1,김춘진,지역구,전북 고창군부안군,전라북도 고창군·부안군,,,민주통합당,민주통합당,더불어민주당,민주통합당,2012-05-30,2016-05-29,general,term_end,term_end,,term_start,,term_end,,,,,,,,2012.05.30 ~ 2016.05.29,제19대 민주통합당 전북 고창군부안군,nfzegpkvaclgtscxt,김춘진,40914874,,,False
19,QZU9232M,1,김재원,지역구,경북 군위군의성군청송군,경상북도 군위군·의성군·청송군,,,새누리당,새누리당,새누리당,새누리당,2012-05-30,2016-05-29,general,term_end,term_end,,term_start,,term_end,,,,,,,,2012.05.30 ~ 2016.05.29,제19대 새누리당 경북 군위군의성군청송군,nfzegpkvaclgtscxt,김재원 (1964년),40914874,,,False
19,R365233W,1,홍철호,지역구,경기 김포시,경기도 김포시,,,새누리당,새누리당,새누리당,새누리당,2014-07-30,2016-05-29,by_election,term_end,term_end,,confirmed,wikilist,term_end,,2014-07-30,,2014-07-31,,,,2014.07.30 ~ 2016.05.29,제19대 새누리당 경기 김포시,nfzegpkvaclgtscxt,홍철호,40914874,42216872,,False
19,R724713H,1,김재윤,지역구,제주 서귀포시,제주특별자치도 서귀포시,,,민주통합당,민주통합당,새정치민주연합,민주통합당,2012-05-30,2015-11-12,general,disqualified,court_ruling_other_or_unspecified,입법로비 혐의으로 대법원에서 의원직 상실 / 의원직 상실,term_start,,confirmed,wikilist+wikiseat,,2015-11-12,,2015-11-12,,,2012.05.30 ~ 2015.11.12,제19대 민주통합당 제주 서귀포시,nfzegpkvaclgtscxt,김재윤 (1965년),40914874,42216872,,False
19,R7753197,1,우윤근,지역구,전남 광양시구례군,전라남도 광양시·구례군,,,민주통합당,민주통합당,더불어민주당,민주통합당,2012-05-30,2016-05-29,general,term_end,term_end,,term_start,,term_end,,,,,,,,2012.05.30 ~ 2016.05.29,제19대 민주통합당 전남 광양시구례군,nfzegpkvaclgtscxt,우윤근,40914874,,,False
19,RK22879B,1,박상은,지역구,인천 중구동구옹진군,인천광역시 중구·동구·옹진군,,,새누리당,새누리당,새누리당,새누리당,2012-05-30,2015-12-24,general,disqualified,court_ruling_election_law,공직선거법 위반 및 정치자금법 위반으로 당선 무효 / 의원직 상실,term_start,,confirmed,wikilist+wikiseat,,2015-12-24,,2015-12-24,,,2012.05.30 ~ 2015.12.24,제19대 새누리당 인천 중구동구옹진군,nfzegpkvaclgtscxt,박상은 (1949년),40914874,42216872,,False
19,RMC1840P,1,신성범,지역구,경남 산청군함양군거창군,경상남도 산청군·함양군·거창군,,,새누리당,새누리당,새누리당,새누리당,2012-05-30,2016-05-29,general,term_end,term_end,,term_start,,term_end,,,,,,,,2012.05.30 ~ 2016.05.29,제19대 새누리당 경남 산청군함양군거창군,nexgtxtmaamffofof,신성범,40914874,,,False
19,RO47676W,1,박원석,비례대표,비례대표,,통합진보당,6,통합진보당,통합진보당,정의당,통합진보당,2012-05-30,2016-05-29,general,term_end,term_end,,term_start,,term_end,,,,,,,,2012.05.30 ~ 2016.05.29,제19대 통합진보당 비례대표,nfzegpkvaclgtscxt,박원석 (1970년),40914874,,,False
19,RUW8681N,1,황진하,지역구,경기 파주시을,경기도 파주시 을,,,새누리당,새누리당,새누리당,새누리당,2012-05-30,2016-05-29,general,term_end,term_end,,term_start,,term_end,,,,,,,,2012.05.30 ~ 2016.05.29,제19대 새누리당 경기 파주시을,nfzegpkvaclgtscxt,황진하,40914874,,,False
19,RYL1698T,1,문병호,지역구,인천 부평구갑,인천광역시 부평구 갑,,,민주통합당,민주통합당,국민의당,민주통합당,2012-05-30,2016-05-29,general,term_end,term_end,,term_start,,term_end,,,,,,,,2012.05.30 ~ 2016.05.29,제19대 민주통합당 인천 부평구갑,nfzegpkvaclgtscxt,문병호,40914874,,,False
19,S2C3781V,1,신계륜,지역구,서울 성북구을,서울특별시 성북구 을,,,민주통합당,민주통합당,더불어민주당,민주통합당,2012-05-30,2016-05-29,general,term_end,term_end,,term_start,,term_end,,,,,,,,2012.05.30 ~ 2016.05.29,제19대 민주통합당 서울 성북구을,nfzegpkvaclgtscxt,신계륜,40914874,,,False
19,S7E4736F,1,윤진식,지역구,충북 충주시,충청북도 충주시,,,새누리당,새누리당,새누리당,새누리당,2012-05-30,2014-05-15,general,resigned,resigned_to_run_for_other_office,충북지사 후보자로 등록에 따른 퇴직 / 의원직 사퇴,term_start,,confirmed,wikiseat,,2014-03-28,,2014-05-15,,,2012.05.30 ~ 2014.05.15,제19대 새누리당 충북 충주시,nfzegpkvaclgtscxt,윤진식,40914874,42216872,,False
19,S7O71101,1,김재연,비례대표,비례대표,,통합진보당,3,통합진보당,통합진보당,통합진보당,통합진보당,2012-05-30,2014-12-19,general,disqualified,court_ruling_other_or_unspecified,헌법재판소가 위헌정당 판결로 해산되어 의원직 상실 / 의원직 상실,term_start,,confirmed,wikilist+wikiseat,,2014-12-19,,2014-12-19,,,2012.05.30 ~ 2014.12.19,제19대 통합진보당 비례대표,nfzegpkvaclgtscxt,김재연 (정치인),40914874,42216872,,False
19,S824682L,1,박홍근,지역구,서울 중랑구을,서울특별시 중랑구 을,,,민주통합당,민주통합당,더불어민주당,민주통합당,2012-05-30,2016-05-29,general,term_end,term_end,,term_start,,term_end,,,,,,,,2012.05.30 ~ 2016.05.29,제19대 민주통합당 서울 중랑구을,nexgtxtmaamffofof,박홍근 (정치인),40914874,,,False
19,S8431719,1,박영선,지역구,서울 구로구을,서울특별시 구로구 을,,,민주통합당,민주통합당,더불어민주당,민주통합당,2012-05-30,2016-05-29,general,term_end,term_end,,term_start,,term_end,,,,,,,,2012.05.30 ~ 2016.05.29,제19대 민주통합당 서울 구로구을,nfzegpkvaclgtscxt,박영선 (정치인),40914874,,,False
19,SAA7309Q,1,이한성,지역구,경북 문경시예천군,경상북도 문경시·예천군,,,새누리당,새누리당,새누리당,새누리당,2012-05-30,2016-05-29,general,term_end,term_end,,term_start,,term_end,,,,,,,,2012.05.30 ~ 2016.05.29,제19대 새누리당 경북 문경시예천군,nfzegpkvaclgtscxt,이한성,40914874,,,False
19,SBQ65245,1,이만우,비례대표,비례대표,,새누리당,10,새누리당,새누리당,새누리당,새누리당,2012-05-30,2016-05-29,general,term_end,term_end,,term_start,,term_end,,,,,,,,2012.05.30 ~ 2016.05.29,제19대 새누리당 비례대표,nfzegpkvaclgtscxt,이만우 (1950년),40914874,,,False
19,SE71196I,1,정윤숙,비례대표,비례대표,,새누리당,31,새누리당,새누리당,새누리당,새누리당,2016-01-22,2016-05-29,succession_pr,term_end,term_end,,confirmed,wikilist,term_end,,2016-01-22,,2016-01-19,,,,2016.01.22 ~ 2016.05.29,제19대 새누리당 비례대표,nfzegpkvaclgtscxt,정윤숙,40914874,42216872,,False
19,SEK1881Q,1,유재중,지역구,부산 수영구,부산광역시 수영구,,,새누리당,새누리당,새누리당,새누리당,2012-05-30,2016-05-29,general,term_end,term_end,,term_start,,term_end,,,,,,,,2012.05.30 ~ 2016.05.29,제19대 새누리당 부산 수영구,nfzegpkvaclgtscxt,유재중,40914874,,,False
19,SIL7886Y,1,조현룡,지역구,경남 의령군함안군합천군,경상남도 의령군·함안군·합천군,,,새누리당,새누리당,새누리당,새누리당,2012-05-30,2015-11-27,general,disqualified,court_ruling_other_or_unspecified,철도비리 혐의으로 대법원에서 의원직 상실 / 의원직 상실,term_start,,confirmed,wikilist+wikiseat,,2015-11-27,,2015-11-27,,,2012.05.30 ~ 2015.11.27,제19대 새누리당 경남 의령군함안군합천군,nfzegpkvaclgtscxt,조현룡,40914874,42216872,,False
19,SLW27496,1,나경원,지역구,서울 동작구을,서울특별시 동작구 을,,,새누리당,새누리당,새누리당,새누리당,2014-07-30,2016-05-29,by_election,term_end,term_end,,confirmed,wikilist,term_end,,2014-07-30,,2014-07-31,,,,2014.07.30 ~ 2016.05.29,제19대 새누리당 서울 동작구을,nexgtxtmaamffofof,나경원,40914874,42216872,,False
19,SNJ6318D,1,김무성,지역구,부산 영도구,부산광역시 영도구,,,새누리당,새누리당,새누리당,새누리당,2013-04-24,2016-05-29,by_election,term_end,term_end,,confirmed,wikilist,term_end,,2013-04-24,,2013-04-25,,,,2013.04.24 ~ 2016.05.29,제19대 새누리당 부산 영도구,nfzegpkvaclgtscxt,김무성,40914874,42216872,,False
19,SPF4589S,1,장하나,비례대표,비례대표,,민주통합당,13,민주통합당,민주통합당,더불어민주당,민주통합당,2012-05-30,2016-05-29,general,term_end,term_end,,term_start,,term_end,,,,,,,,2012.05.30 ~ 2016.05.29,제19대 민주통합당 비례대표,nfzegpkvaclgtscxt,장하나 (1977년),40914874,,,False
19,SSF6805Q,1,염동열,지역구,강원 태백시영월군평창군정선군,강원도 태백시·영월군·평창군·정선군,,,새누리당,새누리당,새누리당,새누리당,2012-05-30,2016-05-29,general,term_end,term_end,,term_start,,term_end,,,,,,,,2012.05.30 ~ 2016.05.29,제19대 새누리당 강원 태백시영월군평창군정선군,nfzegpkvaclgtscxt,염동열,40914874,,,False
19,SU53086M,1,심상정,지역구,경기 고양시덕양구갑,경기도 고양시 덕양구 갑,,,통합진보당,통합진보당,정의당,통합진보당,2012-05-30,2016-05-29,general,term_end,term_end,,term_start,,term_end,,,,,,,,2012.05.30 ~ 2016.05.29,제19대 통합진보당 경기 고양시덕양구갑,nfzegpkvaclgtscxt,심상정,40914874,,,False
19,SVH30067,1,오제세,지역구,충북 청주시흥덕구갑,충청북도 청주시 흥덕구 갑,,,민주통합당,민주통합당,더불어민주당,민주통합당,2012-05-30,2016-05-29,general,term_end,term_end,,term_start,,term_end,,,,,,,,2012.05.30 ~ 2016.05.29,제19대 민주통합당 충북 청주시흥덕구갑,nfzegpkvaclgtscxt,오제세,40914874,,,False
19,SZ51175J,1,이자스민,비례대표,비례대표,,새누리당,15,새누리당,새누리당,새누리당,새누리당,2012-05-30,2016-05-29,general,term_end,term_end,,term_start,,term_end,,,,,,,,2012.05.30 ~ 2016.05.29,제19대 새누리당 비례대표,nfzegpkvaclgtscxt,이자스민,40914874,,,False
19,T2K9554I,1,홍문종,지역구,경기 의정부시을,경기도 의정부시 을,,,새누리당,새누리당,새누리당,새누리당,2012-05-30,2016-05-29,general,term_end,term_end,,term_start,,term_end,,,,,,,,2012.05.30 ~ 2016.05.29,제19대 새누리당 경기 의정부시을,nfzegpkvaclgtscxt,홍문종 (정치인),40914874,,,False
19,T7Q3589Y,1,정진후,비례대표,비례대표,,통합진보당,4,통합진보당,통합진보당,정의당,통합진보당,2012-05-30,2016-05-29,general,term_end,term_end,,term_start,,term_end,,,,,,,,2012.05.30 ~ 2016.05.29,제19대 통합진보당 비례대표,nfzegpkvaclgtscxt,정진후,40914874,,,False
19,TBB59984,1,조명철,비례대표,비례대표,,새누리당,4,새누리당,새누리당,새누리당,새누리당,2012-05-30,2016-05-29,general,term_end,term_end,,term_start,,term_end,,,,,,,,2012.05.30 ~ 2016.05.29,제19대 새누리당 비례대표,nfzegpkvaclgtscxt,조명철,40914874,,,False
19,TIS61927,1,양승조,지역구,충남 천안시갑,충청남도 천안시 갑,,,민주통합당,민주통합당,더불어민주당,민주통합당,2012-05-30,2016-05-29,general,term_end,term_end,,term_start,,term_end,,,,,,,,2012.05.30 ~ 2016.05.29,제19대 민주통합당 충남 천안시갑,nfzegpkvaclgtscxt,양승조,40914874,,,False
19,TKJ4800F,1,서영교,지역구,서울 중랑구갑,서울특별시 중랑구 갑,,,민주통합당,민주통합당,더불어민주당,민주통합당,2012-05-30,2016-05-29,general,term_end,term_end,,term_start,,term_end,,,,,,,,2012.05.30 ~ 2016.05.29,제19대 민주통합당 서울 중랑구갑,nexgtxtmaamffofof,서영교,40914874,,,False
19,TOU1222X,1,강창일,지역구,제주 제주시갑,제주특별자치도 제주시 갑,,,민주통합당,민주통합당,더불어민주당,민주통합당,2012-05-30,2016-05-29,general,term_end,term_end,,term_start,,term_end,,,,,,,,2012.05.30 ~ 2016.05.29,제19대 민주통합당 제주 제주시갑,nfzegpkvaclgtscxt,강창일,40914874,,,False
19,TS24083U,1,박성효,지역구,대전 대덕구,대전광역시 대덕구,,,새누리당,새누리당,새누리당,새누리당,2012-05-30,2014-05-15,general,resigned,resigned_to_run_for_other_office,대전시장 후보자로 등록에 따른 퇴직 / 의원직 사퇴,term_start,,confirmed,wikiseat,,2014-05-01,,2014-05-15,,,2012.05.30 ~ 2014.05.15,제19대 새누리당 대전 대덕구,nfzegpkvaclgtscxt,박성효,40914874,42216872,,False
19,TST4507I,1,안규백,지역구,서울 동대문구갑,서울특별시 동대문구 갑,,,민주통합당,민주통합당,더불어민주당,민주통합당,2012-05-30,2016-05-29,general,term_end,term_end,,term_start,,term_end,,,,,,,,2012.05.30 ~ 2016.05.29,제19대 민주통합당 서울 동대문구갑,nexgtxtmaamffofof,안규백,40914874,,,False
19,TVF3669B,1,김태흠,지역구,충남 보령시서천군,충청남도 보령시·서천군,,,새누리당,새누리당,새누리당,새누리당,2012-05-30,2016-05-29,general,term_end,term_end,,term_start,,term_end,,,,,,,,2012.05.30 ~ 2016.05.29,제19대 새누리당 충남 보령시서천군,nfzegpkvaclgtscxt,김태흠,40914874,,,False
19,TZD17894,1,원유철,지역구,경기 평택시갑,경기도 평택시 갑,,,새누리당,새누리당,새누리당,새누리당,2012-05-30,2016-05-29,general,term_end,term_end,,term_start,,term_end,,,,,,,,2012.05.30 ~ 2016.05.29,제19대 새누리당 경기 평택시갑,nfzegpkvaclgtscxt,원유철,40914874,,,False
19,U168240U,1,김근태,지역구,충남 부여군청양군,충청남도 부여군·청양군,,,새누리당,새누리당,새누리당,새누리당,2012-05-30,2013-02-28,general,disqualified,court_ruling_election_law,공직선거법 위반 혐의으로 인한 대법원에서 당선 무효형 확정 / 의원직 상실,term_start,,confirmed,wikilist+wikiseat,,2013-02-28,,2013-02-28,,,2012.05.30 ~ 2013.02.28,제19대 새누리당 충남 부여군청양군,nfzegpkvaclgtscxt,김근태 (군인),40914874,42216872,,False
19,UGH6481E,1,김상희,지역구,경기 부천시소사구,경기도 부천시 소사구,,,민주통합당,민주통합당,더불어민주당,민주통합당,2012-05-30,2016-05-29,general,term_end,term_end,,term_start,,term_end,,,,,,,,2012.05.30 ~ 2016.05.29,제19대 민주통합당 경기 부천시소사구,nfzegpkvaclgtscxt,김상희 (1954년),40914874,,,False
19,UM51067K,1,인재근,지역구,서울 도봉구갑,서울특별시 도봉구 갑,,,민주통합당,민주통합당,더불어민주당,민주통합당,2012-05-30,2016-05-29,general,term_end,term_end,,term_start,,term_end,,,,,,,,2012.05.30 ~ 2016.05.29,제19대 민주통합당 서울 도봉구갑,nfzegpkvaclgtscxt,인재근,40914874,,,False
19,URQ4401W,1,이재영,비례대표,비례대표,,새누리당,24,새누리당,새누리당,새누리당,새누리당,2012-05-30,2016-05-29,general,term_end,term_end,,term_start,,term_end,,,,,,,,2012.05.30 ~ 2016.05.29,제19대 새누리당 비례대표,nfzegpkvaclgtscxt,이재영 (1975년),40914874,42216872,,False
19,URV1689Q,1,추미애,지역구,서울 광진구을,서울특별시 광진구 을,,,민주통합당,민주통합당,더불어민주당,민주통합당,2012-05-30,2016-05-29,general,term_end,term_end,,term_start,,term_end,,,,,,,,2012.05.30 ~ 2016.05.29,제19대 민주통합당 서울 광진구을,nfzegpkvaclgtscxt,추미애,40914874,,,False
19,V0O5343U,1,우상호,지역구,서울 서대문구갑,서울특별시 서대문구 갑,,,민주통합당,민주통합당,더불어민주당,민주통합당,2012-05-30,2016-05-29,general,term_end,term_end,,term_start,,term_end,,,,,,,,2012.05.30 ~ 2016.05.29,제19대 민주통합당 서울 서대문구갑,nfzegpkvaclgtscxt,우상호,40914874,,,False
19,V1849655,1,정의화,지역구,부산 중구동구,부산광역시 중구·동구,,,새누리당,새누리당,무소속,새누리당,2012-05-30,2016-05-29,general,term_end,term_end,,term_start,,term_end,,,,,,,,2012.05.30 ~ 2016.05.29,제19대 새누리당 부산 중구동구,nfzegpkvaclgtscxt,정의화,40914874,42216872,,False
19,V2R7430Z,1,이춘석,지역구,전북 익산시갑,전라북도 익산시 갑,,,민주통합당,민주통합당,더불어민주당,민주통합당,2012-05-30,2016-05-29,general,term_end,term_end,,term_start,,term_end,,,,,,,,2012.05.30 ~ 2016.05.29,제19대 민주통합당 전북 익산시갑,nexgtxtmaamffofof,이춘석,40914874,,,False
19,V429892C,1,정성호,지역구,경기 양주시동두천시,경기도 양주시·동두천시,,,민주통합당,민주통합당,더불어민주당,민주통합당,2012-05-30,2016-05-29,general,term_end,term_end,,term_start,,term_end,,,,,,,,2012.05.30 ~ 2016.05.29,제19대 민주통합당 경기 양주시동두천시,nexgtxtmaamffofof,정성호 (1962년),40914874,,,False
19,V4P1608C,1,문대성,지역구,부산 사하구갑,부산광역시 사하구 갑,,,새누리당,새누리당,새누리당,새누리당,2012-05-30,2016-05-29,general,term_end,term_end,,term_start,,term_end,,,,,,,,2012.05.30 ~ 2016.05.29,제19대 새누리당 부산 사하구갑,nfzegpkvaclgtscxt,문대성,40914874,,,False
19,V772925Y,1,정호준,지역구,서울 중구,서울특별시 중구,,,민주통합당,민주통합당,국민의당,민주통합당,2012-05-30,2016-05-29,general,term_end,term_end,,term_start,,term_end,,,,,,,,2012.05.30 ~ 2016.05.29,제19대 민주통합당 서울 중구,nfzegpkvaclgtscxt,정호준,40914874,,,False
19,V822582Y,1,이목희,지역구,서울 금천구,서울특별시 금천구,,,민주통합당,민주통합당,더불어민주당,민주통합당,2012-05-30,2016-05-29,general,term_end,term_end,,term_start,,term_end,,,,,,,,2012.05.30 ~ 2016.05.29,제19대 민주통합당 서울 금천구,nfzegpkvaclgtscxt,이목희,40914874,,,False
19,V8I36226,1,장병완,지역구,광주 남구,광주광역시 남구,,,민주통합당,민주통합당,국민의당,민주통합당,2012-05-30,2016-05-29,general,term_end,term_end,,term_start,,term_end,,,,,,,,2012.05.30 ~ 2016.05.29,제19대 민주통합당 광주 남구,nfzegpkvaclgtscxt,장병완,40914874,,,False
19,VE469451,1,최재성,지역구,경기 남양주시갑,경기도 남양주시 갑,,,민주통합당,민주통합당,더불어민주당,민주통합당,2012-05-30,2016-05-29,general,term_end,term_end,,term_start,,term_end,,,,,,,,2012.05.30 ~ 2016.05.29,제19대 민주통합당 경기 남양주시갑,nfzegpkvaclgtscxt,최재성 (정치인),40914874,,,False
19,VHK3402G,1,정우택,지역구,충북 청주시상당구,충청북도 청주시 상당구,,,새누리당,새누리당,새누리당,새누리당,2012-05-30,2016-05-29,general,term_end,term_end,,term_start,,term_end,,,,,,,,2012.05.30 ~ 2016.05.29,제19대 새누리당 충북 청주시상당구,nfzegpkvaclgtscxt,정우택 (1953년),40914874,,,False
19,VNF2868Z,1,조원진,지역구,대구 달서구병,대구광역시 달서구 병,,,새누리당,새누리당,새누리당,새누리당,2012-05-30,2016-05-29,general,term_end,term_end,,term_start,,term_end,,,,,,,,2012.05.30 ~ 2016.05.29,제19대 새누리당 대구 달서구병,nfzegpkvaclgtscxt,조원진,40914874,,,False
19,VO548788,1,유인태,지역구,서울 도봉구을,서울특별시 도봉구 을,,,민주통합당,민주통합당,더불어민주당,민주통합당,2012-05-30,2016-05-29,general,term_end,term_end,,term_start,,term_end,,,,,,,,2012.05.30 ~ 2016.05.29,제19대 민주통합당 서울 도봉구을,nfzegpkvaclgtscxt,유인태,40914874,,,False
19,VWJ7674Q,1,배재정,비례대표,비례대표,,민주통합당,7,민주통합당,민주통합당,더불어민주당,민주통합당,2012-05-30,2016-05-29,general,term_end,term_end,,term_start,,term_end,,,,,,,,2012.05.30 ~ 2016.05.29,제19대 민주통합당 비례대표,nfzegpkvaclgtscxt,배재정,40914874,,,False
19,VXQ28579,1,심재권,지역구,서울 강동구을,서울특별시 강동구 을,,,민주통합당,민주통합당,더불어민주당,민주통합당,2012-05-30,2016-05-29,general,term_end,term_end,,term_start,,term_end,,,,,,,,2012.05.30 ~ 2016.05.29,제19대 민주통합당 서울 강동구을,nfzegpkvaclgtscxt,심재권,40914874,,,False
19,W136716J,1,이재균,지역구,부산 영도구,부산광역시 영도구,,,새누리당,새누리당,새누리당,새누리당,2012-05-30,2013-02-14,general,disqualified,court_ruling_election_law,선거사무장의 공직선거법 위반으로 대법원에서 당선 무효형 확정 / 의원직 상실,term_start,,confirmed,wikilist+wikiseat,,2013-02-14,,2013-02-14,,,2012.05.30 ~ 2013.02.14,제19대 새누리당 부산 영도구,nfzegpkvaclgtscxt,이재균 (정치인),40914874,42216872,,False
19,W168182V,1,김관영,지역구,전북 군산시,전라북도 군산시,,,민주통합당,민주통합당,국민의당,민주통합당,2012-05-30,2016-05-29,general,term_end,term_end,,term_start,,term_end,,,,,,,,2012.05.30 ~ 2016.05.29,제19대 민주통합당 전북 군산시,nfzegpkvaclgtscxt,김관영,40914874,,,False
19,W4X85128,1,박대출,지역구,경남 진주시갑,경상남도 진주시 갑,,,새누리당,새누리당,새누리당,새누리당,2012-05-30,2016-05-29,general,term_end,term_end,,term_start,,term_end,,,,,,,,2012.05.30 ~ 2016.05.29,제19대 새누리당 경남 진주시갑,nexgtxtmaamffofof,박대출,40914874,,,False
19,WAL2715Z,1,박창식,비례대표,비례대표,,새누리당,20,새누리당,새누리당,새누리당,새누리당,2012-05-30,2016-05-29,general,term_end,term_end,,term_start,,term_end,,,,,,,,2012.05.30 ~ 2016.05.29,제19대 새누리당 비례대표,nfzegpkvaclgtscxt,박창식 (1959년),40914874,,,False
19,WCA3290J,1,이완구,지역구,충남 부여군청양군,충청남도 부여군·청양군,,,새누리당,새누리당,새누리당,새누리당,2013-04-25,2016-05-29,by_election,term_end,term_end,,confirmed,wikiseat,term_end,,2013-04-24,,2013-04-25,,,,2013.04.25 ~ 2016.05.29,제19대 새누리당 충남 부여군청양군,nfzegpkvaclgtscxt,이완구,40914874,42216872,,False
19,WCN6711J,1,손인춘,비례대표,비례대표,,새누리당,21,새누리당,새누리당,새누리당,새누리당,2012-05-30,2016-05-29,general,term_end,term_end,,term_start,,term_end,,,,,,,,2012.05.30 ~ 2016.05.29,제19대 새누리당 비례대표,nfzegpkvaclgtscxt,손인춘,40914874,,,False
19,WDR7061Y,1,이종걸,지역구,경기 안양시만안구,경기도 안양시 만안구,,,민주통합당,민주통합당,더불어민주당,민주통합당,2012-05-30,2016-05-29,general,term_end,term_end,,term_start,,term_end,,,,,,,,2012.05.30 ~ 2016.05.29,제19대 민주통합당 경기 안양시만안구,nfzegpkvaclgtscxt,이종걸,40914874,,,False
19,WDS6044S,1,이채익,지역구,울산 남구갑,울산광역시 남구 갑,,,새누리당,새누리당,새누리당,새누리당,2012-05-30,2016-05-29,general,term_end,term_end,,term_start,,term_end,,,,,,,,2012.05.30 ~ 2016.05.29,제19대 새누리당 울산 남구갑,nfzegpkvaclgtscxt,이채익,40914874,,,False
19,WQ12168I,1,임수경,비례대표,비례대표,,민주통합당,21,민주통합당,민주통합당,더불어민주당,민주통합당,2012-05-30,2016-05-29,general,term_end,term_end,,term_start,,term_end,,,,,,,,2012.05.30 ~ 2016.05.29,제19대 민주통합당 비례대표,nfzegpkvaclgtscxt,임수경,40914874,,,False
19,WXO1612R,1,김상민,비례대표,비례대표,,새누리당,22,새누리당,새누리당,새누리당,새누리당,2012-05-30,2016-05-29,general,term_end,term_end,,term_start,,term_end,,,,,,,,2012.05.30 ~ 2016.05.29,제19대 새누리당 비례대표,nfzegpkvaclgtscxt,김상민 (정치인),40914874,,,False
19,X7I4680R,1,김기현,지역구,울산 남구을,울산광역시 남구 을,,,새누리당,새누리당,새누리당,새누리당,2012-05-30,2014-05-15,general,resigned,resigned_to_run_for_other_office,울산시장 후보자로 등록에 따른 퇴직 / 의원직 사퇴,term_start,,confirmed,wikilist+wikiseat,,2014-05-15,,2014-05-15,,,2012.05.30 ~ 2014.05.15,제19대 새누리당 울산 남구을,nexgtxtmaamffofof,김기현 (1959년),40914874,42216872,,False
19,XBJ9297Q,1,노영민,지역구,충북 청주시흥덕구을,충청북도 청주시 흥덕구 을,,,민주통합당,민주통합당,더불어민주당,민주통합당,2012-05-30,2016-05-29,general,term_end,term_end,,term_start,,term_end,,,,,,,,2012.05.30 ~ 2016.05.29,제19대 민주통합당 충북 청주시흥덕구을,nfzegpkvaclgtscxt,노영민,40914874,,,False
19,XBT9550Q,1,우원식,지역구,서울 노원구을,서울특별시 노원구 을,,,민주통합당,민주통합당,더불어민주당,민주통합당,2012-05-30,2016-05-29,general,term_end,term_end,,term_start,,term_end,,,,,,,,2012.05.30 ~ 2016.05.29,제19대 민주통합당 서울 노원구을,nexgtxtmaamffofof,우원식,40914874,,,False
19,XC039067,1,이상규,지역구,서울 관악구을,서울특별시 관악구 을,,,통합진보당,통합진보당,통합진보당,통합진보당,2012-05-30,2014-12-19,general,disqualified,court_ruling_other_or_unspecified,헌법재판소가 위헌정당 판결로 해산되어 의원직 상실 / 의원직 상실,term_start,,confirmed,wikilist+wikiseat,,2014-12-19,,2014-12-19,,,2012.05.30 ~ 2014.12.19,제19대 통합진보당 서울 관악구을,nfzegpkvaclgtscxt,이상규 (정치인),40914874,42216872,,False
19,XGQ9659R,1,이한구,지역구,대구 수성구갑,대구광역시 수성구 갑,,,새누리당,새누리당,새누리당,새누리당,2012-05-30,2016-05-29,general,term_end,term_end,,term_start,,term_end,,,,,,,,2012.05.30 ~ 2016.05.29,제19대 새누리당 대구 수성구갑,nfzegpkvaclgtscxt,이한구 (정치인),40914874,,,False
19,XPP2564T,1,한정애,비례대표,비례대표,,민주통합당,11,민주통합당,민주통합당,더불어민주당,민주통합당,2012-05-30,2016-05-29,general,term_end,term_end,,term_start,,term_end,,,,,,,,2012.05.30 ~ 2016.05.29,제19대 민주통합당 비례대표,nexgtxtmaamffofof,한정애,40914874,,,False
19,XQ98168F,1,강길부,지역구,울산 울주군,울산광역시 울주군,,,새누리당,새누리당,무소속,새누리당,2012-05-30,2016-05-29,general,term_end,term_end,,term_start,,term_end,,,,,,,,2012.05.30 ~ 2016.05.29,제19대 새누리당 울산 울주군,nfzegpkvaclgtscxt,강길부,40914874,42216872,,False
19,XT18076X,1,박주선,지역구,광주 동구,광주광역시 동구,,,무소속,무소속,국민의당,무소속,2012-05-30,2016-05-29,general,term_end,term_end,,term_start,,term_end,,,,,,,,2012.05.30 ~ 2016.05.29,제19대 무소속 광주 동구,nfzegpkvaclgtscxt,박주선,40914874,,,False
19,XYI1730O,1,이이재,지역구,강원 동해시삼척시,강원도 동해시·삼척시,,,새누리당,새누리당,새누리당,새누리당,2012-05-30,2016-05-29,general,term_end,term_end,,term_start,,term_end,,,,,,,,2012.05.30 ~ 2016.05.29,제19대 새누리당 강원 동해시삼척시,nfzegpkvaclgtscxt,이이재,40914874,,,False
19,XZT48020,1,김정록,비례대표,비례대표,,새누리당,2,새누리당,새누리당,새누리당,새누리당,2012-05-30,2016-05-29,general,term_end,term_end,,term_start,,term_end,,,,,,,,2012.05.30 ~ 2016.05.29,제19대 새누리당 비례대표,nfzegpkvaclgtscxt,김정록 (1951년),40914874,,,False
19,Y4896106,1,백군기,비례대표,비례대표,,민주통합당,8,민주통합당,민주통합당,더불어민주당,민주통합당,2012-05-30,2016-05-29,general,term_end,term_end,,term_start,,term_end,,,,,,,,2012.05.30 ~ 2016.05.29,제19대 민주통합당 비례대표,nfzegpkvaclgtscxt,백군기,40914874,,,False
19,YB364276,1,윤금순,비례대표,비례대표,,통합진보당,1,통합진보당,통합진보당,통합진보당,통합진보당,2012-05-30,2012-07-09,general,resigned,resigned_other,통합진보당 부정 경선 사건과 관련된 사유로 사퇴 / 의원직 사퇴,term_start,,confirmed,wikilist+wikiseat+nabill,,2012-07-09,,2012-07-09,2012-07-09,PRC_Q1A2B0Y7S0A5B1W5M5W3E5T4B5T7E3,2012.05.30 ~ 2012.07.09,제19대 통합진보당 비례대표,nfzegpkvaclgtscxt,윤금순,40914874,42216872,,False
19,YBM9779M,1,김한표,지역구,경남 거제시,경상남도 거제시,,,무소속,무소속,새누리당,무소속,2012-05-30,2016-05-29,general,term_end,term_end,,term_start,,term_end,,,,,,,,2012.05.30 ~ 2016.05.29,제19대 무소속 경남 거제시,nfzegpkvaclgtscxt,김한표,40914874,,,False
19,YKW37422,1,권은희,지역구,광주 광산구을,광주광역시 광산구 을,,,새정치민주연합,새정치민주연합,국민의당,새정치민주연합,2014-07-30,2016-05-29,by_election,term_end,term_end,,confirmed,wikilist,term_end,,2014-07-30,,2014-07-31,,,,2014.07.30 ~ 2016.05.29,제19대 새정치민주연합 광주 광산구을,nfzegpkvaclgtscxt,권은희 (1974년),40914874,42216872,,False
19,YNC4052A,1,김기준,비례대표,비례대표,,민주통합당,12,민주통합당,민주통합당,더불어민주당,민주통합당,2012-05-30,2016-05-29,general,term_end,term_end,,term_start,,term_end,,,,,,,,2012.05.30 ~ 2016.05.29,제19대 민주통합당 비례대표,nfzegpkvaclgtscxt,김기준,40914874,,,False
19,YOG1280B,1,안철수,지역구,서울 노원구병,서울특별시 노원구 병,,,무소속,무소속,국민의당,무소속,2013-04-24,2016-05-29,by_election,term_end,term_end,,confirmed,wikilist,term_end,,2013-04-24,,2013-04-25,,,,2013.04.24 ~ 2016.05.29,제19대 무소속 서울 노원구병,nexgtxtmaamffofof,안철수,40914874,42216872,,False
19,YS38221N,1,최민희,비례대표,비례대표,,민주통합당,19,민주통합당,민주통합당,더불어민주당,민주통합당,2012-05-30,2016-05-29,general,term_end,term_end,,term_start,,term_end,,,,,,,,2012.05.30 ~ 2016.05.29,제19대 민주통합당 비례대표,nexgtxtmaamffofof,최민희 (1960년),40914874,,,False
19,YSL5919D,1,장정은,비례대표,비례대표,,새누리당,29,새누리당,새누리당,새누리당,새누리당,2015-08-10,2016-05-29,succession_pr,term_end,term_end,,api_later_than_wiki,wikilist=2015-08-04; wikiseat=2015-08-04,term_end,,2015-08-04,,2015-08-04,,,,2015.08.10 ~ 2016.05.29,제19대 새누리당 비례대표,nfzegpkvaclgtscxt,장정은,40914874,42216872,,False
19,YUV9402W,1,송호창,지역구,경기 의왕시과천시,경기도 의왕시·과천시,,,민주통합당,민주통합당,더불어민주당,민주통합당,2012-05-30,2016-05-29,general,term_end,term_end,,term_start,,term_end,,,,,,,,2012.05.30 ~ 2016.05.29,제19대 민주통합당 경기 의왕시과천시,nfzegpkvaclgtscxt,송호창 (1967년),40914874,,,False
19,Z206474J,1,서상기,지역구,대구 북구을,대구광역시 북구 을,,,새누리당,새누리당,새누리당,새누리당,2012-05-30,2016-05-29,general,term_end,term_end,,term_start,,term_end,,,,,,,,2012.05.30 ~ 2016.05.29,제19대 새누리당 대구 북구을,nfzegpkvaclgtscxt,서상기 (1946년),40914874,,,False
19,Z5V67692,1,홍지만,지역구,대구 달서구갑,대구광역시 달서구 갑,,,새누리당,새누리당,새누리당,새누리당,2012-05-30,2016-05-29,general,term_end,term_end,,term_start,,term_end,,,,,,,,2012.05.30 ~ 2016.05.29,제19대 새누리당 대구 달서구갑,nfzegpkvaclgtscxt,홍지만,40914874,,,False
19,Z6R3959C,1,조해진,지역구,경남 밀양시창녕군,경상남도 밀양시·창녕군,,,새누리당,새누리당,무소속,새누리당,2012-05-30,2016-05-29,general,term_end,term_end,,term_start,,term_end,,,,,,,,2012.05.30 ~ 2016.05.29,제19대 새누리당 경남 밀양시창녕군,nfzegpkvaclgtscxt,조해진 (1963년),40914874,,,False
19,Z7S62260,1,임내현,지역구,광주 북구을,광주광역시 북구 을,,,민주통합당,민주통합당,국민의당,민주통합당,2012-05-30,2016-05-29,general,term_end,term_end,,term_start,,term_end,,,,,,,,2012.05.30 ~ 2016.05.29,제19대 민주통합당 광주 북구을,nfzegpkvaclgtscxt,임내현,40914874,,,False
19,ZA54991S,1,안민석,지역구,경기 오산시,경기도 오산시,,,민주통합당,민주통합당,더불어민주당,민주통합당,2012-05-30,2016-05-29,general,term_end,term_end,,term_start,,term_end,,,,,,,,2012.05.30 ~ 2016.05.29,제19대 민주통합당 경기 오산시,nfzegpkvaclgtscxt,안민석,40914874,,,False
19,ZBL82850,1,이종훈,지역구,경기 성남시분당구갑,경기도 성남시 분당구 갑,,,새누리당,새누리당,새누리당,새누리당,2012-05-30,2016-05-29,general,term_end,term_end,,term_start,,term_end,,,,,,,,2012.05.30 ~ 2016.05.29,제19대 새누리당 경기 성남시분당구갑,nfzegpkvaclgtscxt,이종훈 (1960년),40914874,,,False
19,ZC87486D,1,김선동,지역구,전남 순천시곡성군,전라남도 순천시·곡성군,,,통합진보당,통합진보당,통합진보당,통합진보당,2012-05-30,2014-06-12,general,disqualified,court_ruling_other_or_unspecified,총포·도검·화약류등 단속법 위반에 따른 대법원에서 의원직 상실 / 의원직 상실,term_start,,confirmed,wikilist+wikiseat,,2014-06-12,,2014-06-12,,,2012.05.30 ~ 2014.06.12,제19대 통합진보당 전남 순천시곡성군,nfzegpkvaclgtscxt,김선동 (1967년),40914874,42216872,,False
19,ZGA4092Y,1,정용기,지역구,대전 대덕구,대전광역시 대덕구,,,새누리당,새누리당,새누리당,새누리당,2014-07-30,2016-05-29,by_election,term_end,term_end,,confirmed,wikilist,term_end,,2014-07-30,,2014-07-31,,,,2014.07.30 ~ 2016.05.29,제19대 새누리당 대전 대덕구,nfzegpkvaclgtscxt,정용기 (1962년),40914874,42216872,,False
19,ZKU88693,1,김경협,지역구,경기 부천시원미구갑,경기도 부천시 원미구 갑,,,민주통합당,민주통합당,더불어민주당,민주통합당,2012-05-30,2016-05-29,general,term_end,term_end,,term_start,,term_end,,,,,,,,2012.05.30 ~ 2016.05.29,제19대 민주통합당 경기 부천시원미구갑,nfzegpkvaclgtscxt,김경협,40914874,,,False
19,ZP141168,1,김용익,비례대표,비례대표,,민주통합당,6,민주통합당,민주통합당,더불어민주당,민주통합당,2012-05-30,2016-05-29,general,term_end,term_end,,term_start,,term_end,,,,,,,,2012.05.30 ~ 2016.05.29,제19대 민주통합당 비례대표,nfzegpkvaclgtscxt,김용익 (1952년),40914874,,,False
19,ZPC8171Z,1,이상일,비례대표,비례대표,,새누리당,8,새누리당,새누리당,새누리당,새누리당,2012-05-30,2016-05-29,general,term_end,term_end,,term_start,,term_end,,,,,,,,2012.05.30 ~ 2016.05.29,제19대 새누리당 비례대표,nfzegpkvaclgtscxt,이상일 (1961년),40914874,,,False
19,ZRF3039U,1,윤재옥,지역구,대구 달서구을,대구광역시 달서구 을,,,새누리당,새누리당,새누리당,새누리당,2012-05-30,2016-05-29,general,term_end,term_end,,term_start,,term_end,,,,,,,,2012.05.30 ~ 2016.05.29,제19대 새누리당 대구 달서구을,nexgtxtmaamffofof,윤재옥,40914874,,,False
19,ZX71333R,1,한선교,지역구,경기 용인시병,경기도 용인시 병,,,새누리당,새누리당,새누리당,새누리당,2012-05-30,2016-05-29,general,term_end,term_end,,term_start,,term_end,,,,,,,,2012.05.30 ~ 2016.05.29,제19대 새누리당 경기 용인시병,nfzegpkvaclgtscxt,한선교,40914874,,,False
19,ZX891805,1,강석훈,지역구,서울 서초구을,서울특별시 서초구 을,,,새누리당,새누리당,새누리당,새누리당,2012-05-30,2016-05-19,general,resigned,resigned_on_appointment,청와대 경제수석 임명으로 의원직 사퇴 / 의원직 사퇴,term_start,,confirmed,wikilist+wikiseat+nabill,,2016-05-19,,2016-05-19,2016-05-19,PRC_F1B6H0Q5O1P7T1U5H2U2A3N3H3T7H1,2012.05.30 ~ 2016.05.19,제19대 새누리당 서울 서초구을,nfzegpkvaclgtscxt,강석훈 (1964년),40914874,42216872,,False
19,ZYH1940A,1,이상민,지역구,대전 유성구,대전광역시 유성구,,,민주통합당,민주통합당,더불어민주당,민주통합당,2012-05-30,2016-05-29,general,term_end,term_end,,term_start,,term_end,,,,,,,,2012.05.30 ~ 2016.05.29,제19대 민주통합당 대전 유성구,nfzegpkvaclgtscxt,이상민 (1958년),40914874,,,False
20,0135473I,1,이군현,지역구,경남 통영시고성군,경상남도 통영시·고성군,,,새누리당,새누리당,자유한국당,새누리당,2016-05-30,2018-12-27,general,disqualified,court_ruling_election_law,정치자금법 위반으로 의원직 상실 / 의원직 상실,term_start,,confirmed,wikilist+wikiseat,,2018-12-27,,2018-12-27,,,2016.05.30 ~ 2018.12.27,제20대 새누리당 경남 통영시고성군,nfzegpkvaclgtscxt,이군현,40331548,41820069,,False
20,04T3751T,1,남인순,지역구,서울 송파구병,서울특별시 송파구 병,,,더불어민주당,더불어민주당,더불어민주당,더불어민주당,2016-05-30,2020-05-29,general,term_end,term_end,,term_start,,term_end,,,,,,,,2016.05.30 ~ 2020.05.29,제20대 더불어민주당 서울 송파구병,nexgtxtmaamffofof,남인순,40331548,,,False
20,0582116P,1,이우현,지역구,경기 용인시갑,경기도 용인시 갑,,,새누리당,새누리당,자유한국당,새누리당,2016-05-30,2019-05-30,general,disqualified,court_ruling_election_law,"정치자금법 위반, 뇌물 수수로 의원직 상실 / 의원직 상실",term_start,,confirmed,wikilist+wikiseat,,2019-05-30,,2019-05-30,,,2016.05.30 ~ 2019.05.30,제20대 새누리당 경기 용인시갑,nfzegpkvaclgtscxt,이우현 (1957년),40331548,41820069,,False
20,06571503,1,정태옥,지역구,대구 북구갑,대구광역시 북구 갑,,,새누리당,새누리당,무소속,새누리당,2016-05-30,2020-05-29,general,term_end,term_end,,term_start,,term_end,,,,,,,,2016.05.30 ~ 2020.05.29,제20대 새누리당 대구 북구갑,nfzegpkvaclgtscxt,정태옥,40331548,,,False
20,06L2365K,1,홍일표,지역구,인천 남구갑,인천광역시 남구 갑,,,새누리당,새누리당,미래통합당,새누리당,2016-05-30,2020-05-29,general,term_end,term_end,,term_start,,term_end,,,,,,,,2016.05.30 ~ 2020.05.29,제20대 새누리당 인천 남구갑,nfzegpkvaclgtscxt,홍일표,40331548,41820069,,False
20,06X3845L,1,김종석,비례대표,비례대표,,새누리당,10,새누리당,새누리당,미래통합당,새누리당,2016-05-30,2020-05-29,general,term_end,term_end,,term_start,,term_end,,,,,,,,2016.05.30 ~ 2020.05.29,제20대 새누리당 비례대표,nfzegpkvaclgtscxt,김종석 (1955년),40331548,,,False
20,0827740Q,1,노웅래,지역구,서울 마포구갑,서울특별시 마포구 갑,,,더불어민주당,더불어민주당,더불어민주당,더불어민주당,2016-05-30,2020-05-29,general,term_end,term_end,,term_start,,term_end,,,,,,,,2016.05.30 ~ 2020.05.29,제20대 더불어민주당 서울 마포구갑,nfzegpkvaclgtscxt,노웅래,40331548,,,False
20,09I2323E,1,김한정,지역구,경기 남양주시을,경기도 남양주시 을,,,더불어민주당,더불어민주당,더불어민주당,더불어민주당,2016-05-30,2020-05-29,general,term_end,term_end,,term_start,,term_end,,,,,,,,2016.05.30 ~ 2020.05.29,제20대 더불어민주당 경기 남양주시을,nfzegpkvaclgtscxt,김한정,40331548,,,False
20,0AI7568W,1,장정숙,비례대표,비례대표,,국민의당,11,국민의당,국민의당2016,민생당,국민의당,2016-05-30,2020-05-29,general,term_end,term_end,,term_start,,term_end,,,,,,,,2016.05.30 ~ 2020.05.29,제20대 국민의당 비례대표,nfzegpkvaclgtscxt,장정숙,40331548,,,False
20,0E97245Y,1,정양석,지역구,서울 강북구갑,서울특별시 강북구 갑,,,새누리당,새누리당,미래통합당,새누리당,2016-05-30,2020-05-29,general,term_end,term_end,,term_start,,term_end,,,,,,,,2016.05.30 ~ 2020.05.29,제20대 새누리당 서울 강북구갑,nfzegpkvaclgtscxt,정양석,40331548,41820069,,False
20,0GF6251P,1,정유섭,지역구,인천 부평구갑,인천광역시 부평구 갑,,,새누리당,새누리당,미래통합당,새누리당,2016-05-30,2020-05-29,general,term_end,term_end,,term_start,,term_end,,,,,,,,2016.05.30 ~ 2020.05.29,제20대 새누리당 인천 부평구갑,nfzegpkvaclgtscxt,정유섭,40331548,,,False
20,0ID22746,1,이진복,지역구,부산 동래구,부산광역시 동래구,,,새누리당,새누리당,미래통합당,새누리당,2016-05-30,2020-05-29,general,term_end,term_end,,term_start,,term_end,,,,,,,,2016.05.30 ~ 2020.05.29,제20대 새누리당 부산 동래구,nfzegpkvaclgtscxt,이진복 (1957년),40331548,41820069,,False
20,0VU8517U,1,황희,지역구,서울 양천구갑,서울특별시 양천구 갑,,,더불어민주당,더불어민주당,더불어민주당,더불어민주당,2016-05-30,2020-05-29,general,term_end,term_end,,term_start,,term_end,,,,,,,,2016.05.30 ~ 2020.05.29,제20대 더불어민주당 서울 양천구갑,nexgtxtmaamffofof,황희 (1967년),40331548,,,False
20,0W194007,1,김영주,지역구,서울 영등포구갑,서울특별시 영등포구 갑,,,더불어민주당,더불어민주당,더불어민주당,더불어민주당,2016-05-30,2020-05-29,general,term_end,term_end,,term_start,,term_end,,,,,,,,2016.05.30 ~ 2020.05.29,제20대 더불어민주당 서울 영등포구갑,nfzegpkvaclgtscxt,김영주 (1955년),40331548,,,False
20,11N7618M,1,이종명,비례대표,비례대표,,새누리당,2,새누리당,새누리당,미래통합당,새누리당,2016-05-30,2020-05-29,general,term_end,term_end,,term_start,,term_end,,,,,,,,2016.05.30 ~ 2020.05.29,제20대 새누리당 비례대표,nfzegpkvaclgtscxt,이종명 (1959년),40331548,,,False
20,16D7652C,1,이원욱,지역구,경기 화성시을,경기도 화성시 을,,,더불어민주당,더불어민주당,더불어민주당,더불어민주당,2016-05-30,2020-05-29,general,term_end,term_end,,term_start,,term_end,,,,,,,,2016.05.30 ~ 2020.05.29,제20대 더불어민주당 경기 화성시을,nfzegpkvaclgtscxt,이원욱,40331548,,,False
20,16I8621J,1,최연혜,비례대표,비례대표,,새누리당,5,새누리당,새누리당,미래통합당,새누리당,2016-05-30,2020-05-29,general,term_end,term_end,,term_start,,term_end,,,,,,,,2016.05.30 ~ 2020.05.29,제20대 새누리당 비례대표,nfzegpkvaclgtscxt,최연혜,40331548,,,False
20,1KD95875,1,함진규,지역구,경기 시흥시갑,경기도 시흥시 갑,,,새누리당,새누리당,미래통합당,새누리당,2016-05-30,2020-05-29,general,term_end,term_end,,term_start,,term_end,,,,,,,,2016.05.30 ~ 2020.05.29,제20대 새누리당 경기 시흥시갑,nfzegpkvaclgtscxt,함진규,40331548,,,False
20,1MU99298,1,김철민,지역구,경기 안산시상록구을,경기도 안산시 상록구 을,,,더불어민주당,더불어민주당,더불어민주당,더불어민주당,2016-05-30,2020-05-29,general,term_end,term_end,,term_start,,term_end,,,,,,,,2016.05.30 ~ 2020.05.29,제20대 더불어민주당 경기 안산시상록구을,nfzegpkvaclgtscxt,김철민 (1957년),40331548,,,False
20,1PZ8289D,1,송희경,비례대표,비례대표,,새누리당,1,새누리당,새누리당,미래통합당,새누리당,2016-05-30,2020-05-29,general,term_end,term_end,,term_start,,term_end,,,,,,,,2016.05.30 ~ 2020.05.29,제20대 새누리당 비례대표,nfzegpkvaclgtscxt,송희경 (1964년),40331548,,,False
20,1WE5693J,1,김태년,지역구,경기 성남시수정구,경기도 성남시 수정구,,,더불어민주당,더불어민주당,더불어민주당,더불어민주당,2016-05-30,2020-05-29,general,term_end,term_end,,term_start,,term_end,,,,,,,,2016.05.30 ~ 2020.05.29,제20대 더불어민주당 경기 성남시수정구,nexgtxtmaamffofof,김태년 (1965년),40331548,,,False
20,1Y73132H,1,김상훈,지역구,대구 서구,대구광역시 서구,,,새누리당,새누리당,미래통합당,새누리당,2016-05-30,2020-05-29,general,term_end,term_end,,term_start,,term_end,,,,,,,,2016.05.30 ~ 2020.05.29,제20대 새누리당 대구 서구,nexgtxtmaamffofof,김상훈 (1963년),40331548,,,False
20,21N57758,1,오영훈,지역구,제주 제주시을,제주특별자치도 제주시 을,,,더불어민주당,더불어민주당,더불어민주당,더불어민주당,2016-05-30,2020-05-29,general,term_end,term_end,,term_start,,term_end,,,,,,,,2016.05.30 ~ 2020.05.29,제20대 더불어민주당 제주 제주시을,nfzegpkvaclgtscxt,오영훈,40331548,,,False
20,23D73143,1,경대수,지역구,충북 증평군진천군음성군,충청북도 증평군·진천군·음성군,,,새누리당,새누리당,미래통합당,새누리당,2016-05-30,2020-05-29,general,term_end,term_end,,term_start,,term_end,,,,,,,,2016.05.30 ~ 2020.05.29,제20대 새누리당 충북 증평군진천군음성군,nfzegpkvaclgtscxt,경대수,40331548,,,False
20,24E9427D,1,박남춘,지역구,인천 남동구갑,인천광역시 남동구 갑,,,더불어민주당,더불어민주당,더불어민주당,더불어민주당,2016-05-30,2018-05-14,general,resigned,resigned_to_run_for_other_office,인천시장 출마를 위해 의원직 사퇴 / 의원직 사퇴,term_start,,confirmed,wikiseat+nabill,,2018-05-03,,2018-05-14,2018-05-14,PRC_F1L8F0M5W0R3J1A6Z1A1K1N9V9K5Z0,2016.05.30 ~ 2018.05.14,제20대 더불어민주당 인천 남동구갑,nfzegpkvaclgtscxt,박남춘,40331548,41820069,,False
20,25G2571T,1,전현희,지역구,서울 강남구을,서울특별시 강남구 을,,,더불어민주당,더불어민주당,더불어민주당,더불어민주당,2016-05-30,2020-05-29,general,term_end,term_end,,term_start,,term_end,,,,,,,,2016.05.30 ~ 2020.05.29,제20대 더불어민주당 서울 강남구을,nexgtxtmaamffofof,전현희,40331548,,,False
20,2SE64657,1,이장우,지역구,대전 동구,대전광역시 동구,,,새누리당,새누리당,미래통합당,새누리당,2016-05-30,2020-05-29,general,term_end,term_end,,term_start,,term_end,,,,,,,,2016.05.30 ~ 2020.05.29,제20대 새누리당 대전 동구,nfzegpkvaclgtscxt,이장우 (1965년),40331548,,,False
20,2WQ6656P,1,김세연,지역구,부산 금정구,부산광역시 금정구,,,새누리당,새누리당,미래통합당,새누리당,2016-05-30,2020-05-29,general,term_end,term_end,,term_start,,term_end,,,,,,,,2016.05.30 ~ 2020.05.29,제20대 새누리당 부산 금정구,nfzegpkvaclgtscxt,김세연 (1972년),40331548,41820069,,False
20,2XI97689,1,이종구,지역구,서울 강남구갑,서울특별시 강남구 갑,,,새누리당,새누리당,미래통합당,새누리당,2016-05-30,2020-05-29,general,term_end,term_end,,term_start,,term_end,,,,,,,,2016.05.30 ~ 2020.05.29,제20대 새누리당 서울 강남구갑,nfzegpkvaclgtscxt,이종구 (1950년),40331548,41820069,,False
20,3249208I,1,송옥주,비례대표,비례대표,,더불어민주당,3,더불어민주당,더불어민주당,더불어민주당,더불어민주당,2016-05-30,2020-05-29,general,term_end,term_end,,term_start,,term_end,,,,,,,,2016.05.30 ~ 2020.05.29,제20대 더불어민주당 비례대표,nexgtxtmaamffofof,송옥주,40331548,,,False
20,39P2522W,1,민병두,지역구,서울 동대문구을,서울특별시 동대문구 을,,,더불어민주당,더불어민주당,무소속,더불어민주당,2016-05-30,2020-05-29,general,term_end,term_end,,term_start,,term_end,,,,,,,,2016.05.30 ~ 2020.05.29,제20대 더불어민주당 서울 동대문구을,nfzegpkvaclgtscxt,민병두,40331548,,,False
20,3NM5411H,1,김광수,지역구,전북 전주시갑,전라북도 전주시 갑,,,국민의당,국민의당2016,무소속,국민의당,2016-05-30,2020-05-29,general,term_end,term_end,,term_start,,term_end,,,,,,,,2016.05.30 ~ 2020.05.29,제20대 국민의당 전북 전주시갑,nfzegpkvaclgtscxt,김광수 (1958년),40331548,,,False
20,3SP89633,1,천정배,지역구,광주 서구을,광주광역시 서구 을,,,국민의당,국민의당2016,민생당,국민의당,2016-05-30,2020-05-29,general,term_end,term_end,,term_start,,term_end,,,,,,,,2016.05.30 ~ 2020.05.29,제20대 국민의당 광주 서구을,nfzegpkvaclgtscxt,천정배,40331548,,,False
20,3TP65086,1,윤종오,지역구,울산 북구,울산광역시 북구,,,무소속,무소속,민중당,무소속,2016-05-30,2017-12-22,general,disqualified,court_ruling_election_law,공직선거법 위반으로 의원직 상실,term_start,,confirmed,wikiseat,,,,2017-12-22,,,2016.05.30 ~ 2017.12.22,제20대 무소속 울산 북구,nexgtxtmaamffofof,윤종오,40331548,41820069,,False
20,3UZ61136,1,허윤정,비례대표,비례대표,,더불어민주당,17,더불어민주당,더불어민주당,더불어민주당,더불어민주당,2020-01-30,2020-05-29,succession_pr,term_end,term_end,,confirmed,wikilist,term_end,,2020-01-30,,2020-01-31,,,,2020.01.30 ~ 2020.05.29,제20대 더불어민주당 비례대표,nfzegpkvaclgtscxt,허윤정 (1969년),40331548,41820069,,False
20,3ZR4438W,1,이인영,지역구,서울 구로구갑,서울특별시 구로구 갑,,,더불어민주당,더불어민주당,더불어민주당,더불어민주당,2016-05-30,2020-05-29,general,term_end,term_end,,term_start,,term_end,,,,,,,,2016.05.30 ~ 2020.05.29,제20대 더불어민주당 서울 구로구갑,nexgtxtmaamffofof,이인영 (정치인),40331548,,,False
20,4019850M,1,박정,지역구,경기 파주시을,경기도 파주시 을,,,더불어민주당,더불어민주당,더불어민주당,더불어민주당,2016-05-30,2020-05-29,general,term_end,term_end,,term_start,,term_end,,,,,,,,2016.05.30 ~ 2020.05.29,제20대 더불어민주당 경기 파주시을,nexgtxtmaamffofof,박정 (1962년),40331548,,,False
20,4Y54669I,1,서청원,지역구,경기 화성시갑,경기도 화성시 갑,,,새누리당,새누리당,우리공화당,새누리당,2016-05-30,2020-05-29,general,term_end,term_end,,term_start,,term_end,,,,,,,,2016.05.30 ~ 2020.05.29,제20대 새누리당 경기 화성시갑,nfzegpkvaclgtscxt,서청원,40331548,,,False
20,5765663F,1,김영진,지역구,경기 수원시병,경기도 수원시 병,,,더불어민주당,더불어민주당,더불어민주당,더불어민주당,2016-05-30,2020-05-29,general,term_end,term_end,,term_start,,term_end,,,,,,,,2016.05.30 ~ 2020.05.29,제20대 더불어민주당 경기 수원시병,nexgtxtmaamffofof,김영진 (1967년),40331548,,,False
20,5CO4531H,1,유은혜,지역구,경기 고양시병,경기도 고양시 병,,,더불어민주당,더불어민주당,더불어민주당,더불어민주당,2016-05-30,2020-05-29,general,term_end,term_end,,term_start,,term_end,,,,,,,,2016.05.30 ~ 2020.05.29,제20대 더불어민주당 경기 고양시병,nfzegpkvaclgtscxt,유은혜,40331548,,,False
20,5DR6334X,1,윤일규,지역구,충남 천안시병,충청남도 천안시 병,,,더불어민주당,더불어민주당,더불어민주당,더불어민주당,2018-06-14,2020-05-29,by_election,term_end,term_end,,confirmed,wikiseat,term_end,,2018-06-13,,2018-06-14,,,,2018.06.14 ~ 2020.05.29,제20대 더불어민주당 충남 천안시병,nfzegpkvaclgtscxt,윤일규,40331548,41820069,,False
20,5HG31863,1,지상욱,지역구,서울 중구성동구을,서울특별시 중구·성동구 을,,,새누리당,새누리당,미래통합당,새누리당,2016-05-30,2020-05-29,general,term_end,term_end,,term_start,,term_end,,,,,,,,2016.05.30 ~ 2020.05.29,제20대 새누리당 서울 중구성동구을,nfzegpkvaclgtscxt,지상욱,40331548,,,False
20,5K343700,1,김수민,비례대표,비례대표,,국민의당,7,국민의당,국민의당2016,민생당,국민의당,2016-05-30,2020-03-19,general,disqualified,pr_seat_lost_on_leaving_party,민생당 탈당으로 인한 의원직 상실 / 의원직 상실,term_start,,confirmed,wikilist+wikiseat,,2020-03-19,,2020-03-19,,,2016.05.30 ~ 2020.03.19,제20대 국민의당 비례대표,nfzegpkvaclgtscxt,김수민 (1986년),40331548,41820069,,False
20,5KV82250,1,조경태,지역구,부산 사하구을,부산광역시 사하구 을,,,새누리당,새누리당,미래통합당,새누리당,2016-05-30,2020-05-29,general,term_end,term_end,,term_start,,term_end,,,,,,,,2016.05.30 ~ 2020.05.29,제20대 새누리당 부산 사하구을,nexgtxtmaamffofof,조경태,40331548,,,False
20,60490713,1,강병원,지역구,서울 은평구을,서울특별시 은평구 을,,,더불어민주당,더불어민주당,더불어민주당,더불어민주당,2016-05-30,2020-05-29,general,term_end,term_end,,term_start,,term_end,,,,,,,,2016.05.30 ~ 2020.05.29,제20대 더불어민주당 서울 은평구을,nfzegpkvaclgtscxt,강병원,40331548,,,False
20,64G6894C,1,김정훈,지역구,부산 남구갑,부산광역시 남구 갑,,,새누리당,새누리당,미래통합당,새누리당,2016-05-30,2020-05-29,general,term_end,term_end,,term_start,,term_end,,,,,,,,2016.05.30 ~ 2020.05.29,제20대 새누리당 부산 남구갑,nfzegpkvaclgtscxt,김정훈 (정치인),40331548,,,False
20,68P7228G,1,진선미,지역구,서울 강동구갑,서울특별시 강동구 갑,,,더불어민주당,더불어민주당,더불어민주당,더불어민주당,2016-05-30,2020-05-29,general,term_end,term_end,,term_start,,term_end,,,,,,,,2016.05.30 ~ 2020.05.29,제20대 더불어민주당 서울 강동구갑,nexgtxtmaamffofof,진선미,40331548,,,False
20,6AU2417B,1,박주민,지역구,서울 은평구갑,서울특별시 은평구 갑,,,더불어민주당,더불어민주당,더불어민주당,더불어민주당,2016-05-30,2020-05-29,general,term_end,term_end,,term_start,,term_end,,,,,,,,2016.05.30 ~ 2020.05.29,제20대 더불어민주당 서울 은평구갑,nexgtxtmaamffofof,박주민,40331548,,,False
20,6DG91769,1,원혜영,지역구,경기 부천시오정구,경기도 부천시 오정구,,,더불어민주당,더불어민주당,더불어민주당,더불어민주당,2016-05-30,2020-05-29,general,term_end,term_end,,term_start,,term_end,,,,,,,,2016.05.30 ~ 2020.05.29,제20대 더불어민주당 경기 부천시오정구,nfzegpkvaclgtscxt,원혜영,40331548,,,False
20,6EN68926,1,송언석,지역구,경북 김천시,경상북도 김천시,,,자유한국당,자유한국당,미래통합당,자유한국당,2018-06-14,2020-05-29,by_election,term_end,term_end,,confirmed,wikiseat,term_end,,2018-06-13,,2018-06-14,,,,2018.06.14 ~ 2020.05.29,제20대 자유한국당 경북 김천시,nexgtxtmaamffofof,송언석,40331548,41820069,,False
20,6N28669V,1,서형수,지역구,경남 양산시을,경상남도 양산시 을,,,더불어민주당,더불어민주당,더불어민주당,더불어민주당,2016-05-30,2020-05-29,general,term_end,term_end,,term_start,,term_end,,,,,,,,2016.05.30 ~ 2020.05.29,제20대 더불어민주당 경남 양산시을,nfzegpkvaclgtscxt,서형수 (1957년),40331548,,,False
20,6QU2958D,1,김해영,지역구,부산 연제구,부산광역시 연제구,,,더불어민주당,더불어민주당,더불어민주당,더불어민주당,2016-05-30,2020-05-29,general,term_end,term_end,,term_start,,term_end,,,,,,,,2016.05.30 ~ 2020.05.29,제20대 더불어민주당 부산 연제구,nfzegpkvaclgtscxt,김해영,40331548,,,False
20,6RP89579,1,김정우,지역구,경기 군포시갑,경기도 군포시 갑,,,더불어민주당,더불어민주당,더불어민주당,더불어민주당,2016-05-30,2020-05-29,general,term_end,term_end,,term_start,,term_end,,,,,,,,2016.05.30 ~ 2020.05.29,제20대 더불어민주당 경기 군포시갑,nfzegpkvaclgtscxt,김정우 (1968년),40331548,,,False
20,6V37131U,1,고용진,지역구,서울 노원구갑,서울특별시 노원구 갑,,,더불어민주당,더불어민주당,더불어민주당,더불어민주당,2016-05-30,2020-05-29,general,term_end,term_end,,term_start,,term_end,,,,,,,,2016.05.30 ~ 2020.05.29,제20대 더불어민주당 서울 노원구갑,nfzegpkvaclgtscxt,고용진,40331548,,,False
20,6YT83269,1,이명수,지역구,충남 아산시갑,충청남도 아산시 갑,,,새누리당,새누리당,미래통합당,새누리당,2016-05-30,2020-05-29,general,term_end,term_end,,term_start,,term_end,,,,,,,,2016.05.30 ~ 2020.05.29,제20대 새누리당 충남 아산시갑,nfzegpkvaclgtscxt,이명수 (1955년),40331548,,,False
20,71M8132V,1,신상진,지역구,경기 성남시중원구,경기도 성남시 중원구,,,새누리당,새누리당,미래통합당,새누리당,2016-05-30,2020-05-29,general,term_end,term_end,,term_start,,term_end,,,,,,,,2016.05.30 ~ 2020.05.29,제20대 새누리당 경기 성남시중원구,nfzegpkvaclgtscxt,신상진,40331548,,,False
20,7AN97172,1,이정현,지역구,전남 순천시,전라남도 순천시,,,새누리당,새누리당,무소속,새누리당,2016-05-30,2020-05-29,general,term_end,term_end,,term_start,,term_end,,,,,,,,2016.05.30 ~ 2020.05.29,제20대 새누리당 전남 순천시,nfzegpkvaclgtscxt,이정현 (정치인),40331548,,,False
20,7BM2933Y,1,김영호,지역구,서울 서대문구을,서울특별시 서대문구 을,,,더불어민주당,더불어민주당,더불어민주당,더불어민주당,2016-05-30,2020-05-29,general,term_end,term_end,,term_start,,term_end,,,,,,,,2016.05.30 ~ 2020.05.29,제20대 더불어민주당 서울 서대문구을,nexgtxtmaamffofof,김영호 (1967년),40331548,,,False
20,7BV5480O,1,송기석,지역구,광주 서구갑,광주광역시 서구 갑,,,국민의당,국민의당2016,국민의당,국민의당,2016-05-30,2018-02-08,general,disqualified,court_ruling_election_law,공직선거법과 정치자금법 위반으로 / 의원직 상실 / 의원직 상실,term_start,,confirmed,wikilist+wikiseat,,2018-02-08,,2018-02-08,,,2016.05.30 ~ 2018.02.08,제20대 국민의당 광주 서구갑,nfzegpkvaclgtscxt,송기석,40331548,41820069,,False
20,7KD2317D,1,김순례,비례대표,비례대표,,새누리당,15,새누리당,새누리당,미래통합당,새누리당,2016-05-30,2020-05-29,general,term_end,term_end,,term_start,,term_end,,,,,,,,2016.05.30 ~ 2020.05.29,제20대 새누리당 비례대표,nfzegpkvaclgtscxt,김순례,40331548,,,False
20,7R156073,1,박범계,지역구,대전 서구을,대전광역시 서구 을,,,더불어민주당,더불어민주당,더불어민주당,더불어민주당,2016-05-30,2020-05-29,general,term_end,term_end,,term_start,,term_end,,,,,,,,2016.05.30 ~ 2020.05.29,제20대 더불어민주당 대전 서구을,nexgtxtmaamffofof,박범계,40331548,,,False
20,7W35098M,1,윤준호,지역구,부산 해운대구을,부산광역시 해운대구 을,,,더불어민주당,더불어민주당,더불어민주당,더불어민주당,2018-06-14,2020-05-29,by_election,term_end,term_end,,confirmed,wikiseat,term_end,,2018-06-13,,2018-06-14,,,,2018.06.14 ~ 2020.05.29,제20대 더불어민주당 부산 해운대구을,nfzegpkvaclgtscxt,윤준호 (정치인),40331548,41820069,,False
20,7XY7109I,1,성일종,지역구,충남 서산시태안군,충청남도 서산시·태안군,,,새누리당,새누리당,미래통합당,새누리당,2016-05-30,2020-05-29,general,term_end,term_end,,term_start,,term_end,,,,,,,,2016.05.30 ~ 2020.05.29,제20대 새누리당 충남 서산시태안군,nexgtxtmaamffofof,성일종,40331548,,,False
20,8BF5855P,1,박지원,지역구,전남 목포시,전라남도 목포시,,,국민의당,국민의당2016,민생당,국민의당,2016-05-30,2020-05-29,general,term_end,term_end,,term_start,,term_end,,,,,,,,2016.05.30 ~ 2020.05.29,제20대 국민의당 전남 목포시,nexgtxtmaamffofof,박지원 (1942년),40331548,,,False
20,8DK7238W,1,백재현,지역구,경기 광명시갑,경기도 광명시 갑,,,더불어민주당,더불어민주당,더불어민주당,더불어민주당,2016-05-30,2020-05-29,general,term_end,term_end,,term_start,,term_end,,,,,,,,2016.05.30 ~ 2020.05.29,제20대 더불어민주당 경기 광명시갑,nfzegpkvaclgtscxt,백재현 (정치인),40331548,,,False
20,8EL9225R,1,박준영,지역구,전남 영암군무안군신안군,전라남도 영암군·무안군·신안군,,,국민의당,국민의당2016,민주평화당,국민의당,2016-05-30,2018-02-08,general,disqualified,court_ruling_election_law,공직선거법과 정치자금법 위반으로 / 의원직 상실 / 의원직 상실,term_start,,confirmed,wikilist+wikiseat,,2018-02-08,,2018-02-08,,,2016.05.30 ~ 2018.02.08,제20대 국민의당 전남 영암군무안군신안군,nfzegpkvaclgtscxt,박준영 (1946년),40331548,41820069,,False
20,8FB1535Y,1,어기구,지역구,충남 당진시,충청남도 당진시,,,더불어민주당,더불어민주당,더불어민주당,더불어민주당,2016-05-30,2020-05-29,general,term_end,term_end,,term_start,,term_end,,,,,,,,2016.05.30 ~ 2020.05.29,제20대 더불어민주당 충남 당진시,nexgtxtmaamffofof,어기구,40331548,,,False
20,8I61593E,1,강석호,지역구,경북 영양군영덕군봉화군울진군,경상북도 영양군·영덕군·봉화군·울진군,,,새누리당,새누리당,미래통합당,새누리당,2016-05-30,2020-05-29,general,term_end,term_end,,term_start,,term_end,,,,,,,,2016.05.30 ~ 2020.05.29,제20대 새누리당 경북 영양군영덕군봉화군울진군,nfzegpkvaclgtscxt,강석호 (1955년),40331548,,,False
20,8IN46764,1,이주영,지역구,경남 창원시마산합포구,경상남도 창원시 마산합포구,,,새누리당,새누리당,미래통합당,새누리당,2016-05-30,2020-05-29,general,term_end,term_end,,term_start,,term_end,,,,,,,,2016.05.30 ~ 2020.05.29,제20대 새누리당 경남 창원시마산합포구,nfzegpkvaclgtscxt,이주영 (1951년),40331548,,,False
20,8KB8281W,1,제윤경,비례대표,비례대표,,더불어민주당,9,더불어민주당,더불어민주당,더불어민주당,더불어민주당,2016-05-30,2020-05-29,general,term_end,term_end,,term_start,,term_end,,,,,,,,2016.05.30 ~ 2020.05.29,제20대 더불어민주당 비례대표,nfzegpkvaclgtscxt,제윤경,40331548,,,False
20,8Q88373R,1,김병기,지역구,서울 동작구갑,서울특별시 동작구 갑,,,더불어민주당,더불어민주당,더불어민주당,더불어민주당,2016-05-30,2020-05-29,general,term_end,term_end,,term_start,,term_end,,,,,,,,2016.05.30 ~ 2020.05.29,제20대 더불어민주당 서울 동작구갑,nexgtxtmaamffofof,김병기 (1961년),40331548,,,False
20,8SV6917G,1,주호영,지역구,대구 수성구을,대구광역시 수성구 을,,,무소속,무소속,미래통합당,무소속,2016-05-30,2020-05-29,general,term_end,term_end,,term_start,,term_end,,,,,,,,2016.05.30 ~ 2020.05.29,제20대 무소속 대구 수성구을,nexgtxtmaamffofof,주호영,40331548,41820069,,False
20,8T51904N,1,박찬우,지역구,충남 천안시갑,충청남도 천안시 갑,,,새누리당,새누리당,자유한국당,새누리당,2016-05-30,2018-02-13,general,disqualified,court_ruling_election_law,공직선거법 위반으로 의원직 상실 / 의원직 상실,term_start,,confirmed,wikilist+wikiseat,,2018-02-13,,2018-02-13,,,2016.05.30 ~ 2018.02.13,제20대 새누리당 충남 천안시갑,nfzegpkvaclgtscxt,박찬우 (1959년),40331548,41820069,,False
20,8WC7967F,1,김승희,비례대표,비례대표,,새누리당,11,새누리당,새누리당,미래통합당,새누리당,2016-05-30,2020-05-29,general,term_end,term_end,,term_start,,term_end,,,,,,,,2016.05.30 ~ 2020.05.29,제20대 새누리당 비례대표,nfzegpkvaclgtscxt,김승희 (1954년),40331548,,,False
20,8WV8289I,1,이완영,지역구,경북 고령군성주군칠곡군,경상북도 고령군·성주군·칠곡군,,,새누리당,새누리당,자유한국당,새누리당,2016-05-30,2019-06-13,general,disqualified,court_ruling_election_law,정치자금법 위반으로 의원직 상실 / 의원직 상실,term_start,,confirmed,wikilist+wikiseat,,2019-06-13,,2019-06-13,,,2016.05.30 ~ 2019.06.13,제20대 새누리당 경북 고령군성주군칠곡군,nfzegpkvaclgtscxt,이완영,40331548,41820069,,False
20,8X15119P,1,윤한홍,지역구,경남 창원시마산회원구,경상남도 창원시 마산회원구,,,새누리당,새누리당,미래통합당,새누리당,2016-05-30,2020-05-29,general,term_end,term_end,,term_start,,term_end,,,,,,,,2016.05.30 ~ 2020.05.29,제20대 새누리당 경남 창원시마산회원구,nexgtxtmaamffofof,윤한홍,40331548,,,False
20,8X46899U,1,윤소하,비례대표,비례대표,,정의당,4,정의당,정의당,정의당,정의당,2016-05-30,2020-05-29,general,term_end,term_end,,term_start,,term_end,,,,,,,,2016.05.30 ~ 2020.05.29,제20대 정의당 비례대표,nfzegpkvaclgtscxt,윤소하,40331548,,,False
20,9414335X,1,심기준,비례대표,비례대표,,더불어민주당,14,더불어민주당,더불어민주당,더불어민주당,더불어민주당,2017-03-14,2020-05-29,succession_pr,term_end,term_end,,confirmed,wikilist+wikiseat,term_end,,2017-03-14,,2017-03-14,,,,2017.03.14 ~ 2020.05.29,제20대 더불어민주당 비례대표,nfzegpkvaclgtscxt,심기준,40331548,41820069,,False
20,9BE5694R,1,유승희,지역구,서울 성북구갑,서울특별시 성북구 갑,,,더불어민주당,더불어민주당,더불어민주당,더불어민주당,2016-05-30,2020-05-29,general,term_end,term_end,,term_start,,term_end,,,,,,,,2016.05.30 ~ 2020.05.29,제20대 더불어민주당 서울 성북구갑,nfzegpkvaclgtscxt,유승희,40331548,,,False
20,9CR4440H,1,배덕광,지역구,부산 해운대구을,부산광역시 해운대구 을,,,새누리당,새누리당,자유한국당,새누리당,2016-05-30,2018-01-29,general,resigned,resigned_other,사퇴 / 의원직 사퇴,term_start,,confirmed,wikilist+wikiseat+nabill,,2018-01-29,,2018-01-29,2018-01-29,PRC_A1O8J0G1Y2J3D1Y6V4H6Z4O7R8T0T3,2016.05.30 ~ 2018.01.29,제20대 새누리당 부산 해운대구을,nfzegpkvaclgtscxt,배덕광,40331548,41820069,,False
20,9D939735,1,김성원,지역구,경기 동두천시연천군,경기도 동두천시·연천군,,,새누리당,새누리당,미래통합당,새누리당,2016-05-30,2020-05-29,general,term_end,term_end,,term_start,,term_end,,,,,,,,2016.05.30 ~ 2020.05.29,제20대 새누리당 경기 동두천시연천군,nexgtxtmaamffofof,김성원 (정치인),40331548,,,False
20,9EA39580,1,김명연,지역구,경기 안산시단원구갑,경기도 안산시 단원구 갑,,,새누리당,새누리당,미래통합당,새누리당,2016-05-30,2020-05-29,general,term_end,term_end,,term_start,,term_end,,,,,,,,2016.05.30 ~ 2020.05.29,제20대 새누리당 경기 안산시단원구갑,nfzegpkvaclgtscxt,김명연 (1964년),40331548,,,False
20,9FL71418,1,이규희,지역구,충남 천안시갑,충청남도 천안시 갑,,,더불어민주당,더불어민주당,더불어민주당,더불어민주당,2018-06-14,2020-05-29,by_election,term_end,term_end,,confirmed,wikiseat,term_end,,2018-06-13,,2018-06-14,,,,2018.06.14 ~ 2020.05.29,제20대 더불어민주당 충남 천안시갑,nfzegpkvaclgtscxt,이규희,40331548,41820069,,False
20,9LD2641Q,1,김정호,지역구,경남 김해시을,경상남도 김해시 을,,,더불어민주당,더불어민주당,더불어민주당,더불어민주당,2018-06-14,2020-05-29,by_election,term_end,term_end,,confirmed,wikiseat,term_end,,2018-06-13,,2018-06-14,,,,2018.06.14 ~ 2020.05.29,제20대 더불어민주당 경남 김해시을,nexgtxtmaamffofof,김정호 (1960년),40331548,41820069,,False
20,9S468336,1,정재호,지역구,경기 고양시을,경기도 고양시 을,,,더불어민주당,더불어민주당,더불어민주당,더불어민주당,2016-05-30,2020-05-29,general,term_end,term_end,,term_start,,term_end,,,,,,,,2016.05.30 ~ 2020.05.29,제20대 더불어민주당 경기 고양시을,nfzegpkvaclgtscxt,정재호 (1965년),40331548,,,False
20,9UW75767,1,김성태,비례대표,비례대표,,새누리당,8,새누리당,새누리당,미래통합당,새누리당,2016-05-30,2020-05-29,general,term_end,term_end,,term_start,,term_end,,,,,,,,2016.05.30 ~ 2020.05.29,제20대 새누리당 비례대표,nfzegpkvaclgtscxt,김성태 (1954년),40331548,41820069,,False
20,9VR65006,1,윤영석,지역구,경남 양산시갑,경상남도 양산시 갑,,,새누리당,새누리당,미래통합당,새누리당,2016-05-30,2020-05-29,general,term_end,term_end,,term_start,,term_end,,,,,,,,2016.05.30 ~ 2020.05.29,제20대 새누리당 경남 양산시갑,nexgtxtmaamffofof,윤영석,40331548,,,False
20,9WQ7845Z,1,강효상,비례대표,비례대표,,새누리당,16,새누리당,새누리당,미래통합당,새누리당,2016-05-30,2020-05-29,general,term_end,term_end,,term_start,,term_end,,,,,,,,2016.05.30 ~ 2020.05.29,제20대 새누리당 비례대표,nfzegpkvaclgtscxt,강효상,40331548,,,False
20,9XB6464U,1,김현미,지역구,경기 고양시정,경기도 고양시 정,,,더불어민주당,더불어민주당,더불어민주당,더불어민주당,2016-05-30,2020-05-29,general,term_end,term_end,,term_start,,term_end,,,,,,,,2016.05.30 ~ 2020.05.29,제20대 더불어민주당 경기 고양시정,nfzegpkvaclgtscxt,김현미 (정치인),40331548,,,False
20,9YO73104,1,전재수,지역구,부산 북구강서구갑,부산광역시 북구·강서구 갑,,,더불어민주당,더불어민주당,더불어민주당,더불어민주당,2016-05-30,2020-05-29,general,term_end,term_end,,term_start,,term_end,,,,,,,,2016.05.30 ~ 2020.05.29,제20대 더불어민주당 부산 북구강서구갑,nfzegpkvaclgtscxt,전재수,40331548,,,False
20,9ZP9014Q,1,이해찬,지역구,세종특별자치시,세종특별자치시 세종특별자치시,,,무소속,무소속,더불어민주당,무소속,2016-05-30,2020-05-29,general,term_end,term_end,,term_start,,term_end,,,,,,,,2016.05.30 ~ 2020.05.29,제20대 무소속 세종특별자치시,nfzegpkvaclgtscxt,이해찬,40331548,,,False
20,A3H7195R,1,박완주,지역구,충남 천안시을,충청남도 천안시 을,,,더불어민주당,더불어민주당,더불어민주당,더불어민주당,2016-05-30,2020-05-29,general,term_end,term_end,,term_start,,term_end,,,,,,,,2016.05.30 ~ 2020.05.29,제20대 더불어민주당 충남 천안시을,nfzegpkvaclgtscxt,박완주,40331548,,,False
20,A486635H,1,안상수,지역구,인천 중구동구강화군옹진군,인천광역시 중구·동구·강화군·옹진군,,,무소속,무소속,미래통합당,무소속,2016-05-30,2020-05-29,general,term_end,term_end,,term_start,,term_end,,,,,,,,2016.05.30 ~ 2020.05.29,제20대 무소속 인천 중구동구강화군옹진군,nfzegpkvaclgtscxt,안상수 (인천 출신 정치인),40331548,41820069,,False
20,A8O42480,1,손금주,지역구,전남 나주시화순군,전라남도 나주시·화순군,,,국민의당,국민의당2016,더불어민주당,국민의당,2016-05-30,2020-05-29,general,term_end,term_end,,term_start,,term_end,,,,,,,,2016.05.30 ~ 2020.05.29,제20대 국민의당 전남 나주시화순군,nfzegpkvaclgtscxt,손금주,40331548,,,False
20,A935446Z,1,김종훈,지역구,울산 동구,울산광역시 동구,,,무소속,무소속,민중당,무소속,2016-05-30,2020-05-29,general,term_end,term_end,,term_start,,term_end,,,,,,,,2016.05.30 ~ 2020.05.29,제20대 무소속 울산 동구,nfzegpkvaclgtscxt,김종훈 (1964년),40331548,,,False
20,ABT2266H,1,이용득,비례대표,비례대표,,더불어민주당,12,더불어민주당,더불어민주당,더불어민주당,더불어민주당,2016-05-30,2020-05-29,general,term_end,term_end,,term_start,,term_end,,,,,,,,2016.05.30 ~ 2020.05.29,제20대 더불어민주당 비례대표,nfzegpkvaclgtscxt,이용득,40331548,,,False
20,AFQ26679,1,주광덕,지역구,경기 남양주시병,경기도 남양주시 병,,,새누리당,새누리당,미래통합당,새누리당,2016-05-30,2020-05-29,general,term_end,term_end,,term_start,,term_end,,,,,,,,2016.05.30 ~ 2020.05.29,제20대 새누리당 경기 남양주시병,nfzegpkvaclgtscxt,주광덕,40331548,,,False
20,AJV31724,1,이학재,지역구,인천 서구갑,인천광역시 서구 갑,,,새누리당,새누리당,미래통합당,새누리당,2016-05-30,2020-05-29,general,term_end,term_end,,term_start,,term_end,,,,,,,,2016.05.30 ~ 2020.05.29,제20대 새누리당 인천 서구갑,nfzegpkvaclgtscxt,이학재 (정치인),40331548,41820069,,False
20,AMF4093D,1,김용태,지역구,서울 양천구을,서울특별시 양천구 을,,,새누리당,새누리당,미래통합당,새누리당,2016-05-30,2020-05-29,general,term_end,term_end,,term_start,,term_end,,,,,,,,2016.05.30 ~ 2020.05.29,제20대 새누리당 서울 양천구을,nfzegpkvaclgtscxt,김용태 (1968년),40331548,41820069,,False
20,ARP89147,1,정동영,지역구,전북 전주시병,전라북도 전주시 병,,,국민의당,국민의당2016,민생당,국민의당,2016-05-30,2020-05-29,general,term_end,term_end,,term_start,,term_end,,,,,,,,2016.05.30 ~ 2020.05.29,제20대 국민의당 전북 전주시병,nexgtxtmaamffofof,정동영,40331548,,,False
20,B6F5266B,1,엄용수,지역구,경남 밀양시의령군함안군창녕군,경상남도 밀양시·의령군·함안군·창녕군,,,새누리당,새누리당,자유한국당,새누리당,2016-05-30,2019-11-15,general,disqualified,court_ruling_election_law,정치자금법 위반으로 의원직 상실 / 의원직 상실,term_start,,confirmed,wikilist+wikiseat,,2019-11-15,,2019-11-15,,,2016.05.30 ~ 2019.11.15,제20대 새누리당 경남 밀양시의령군함안군창녕군,nfzegpkvaclgtscxt,엄용수 (1965년),40331548,41820069,,False
20,B751170H,1,여영국,지역구,경남 창원시성산구,경상남도 창원시 성산구,,,정의당,정의당,정의당,정의당,2019-04-03,2020-05-29,by_election,term_end,term_end,,confirmed,wikilist+wikiseat,term_end,,2019-04-03,,2019-04-03,,,,2019.04.03 ~ 2020.05.29,제20대 정의당 경남 창원시성산구,nfzegpkvaclgtscxt,여영국,40331548,41820069,,False
20,B7R2742J,1,기동민,지역구,서울 성북구을,서울특별시 성북구 을,,,더불어민주당,더불어민주당,더불어민주당,더불어민주당,2016-05-30,2020-05-29,general,term_end,term_end,,term_start,,term_end,,,,,,,,2016.05.30 ~ 2020.05.29,제20대 더불어민주당 서울 성북구을,nfzegpkvaclgtscxt,기동민,40331548,,,False
20,BIR8594P,1,임재훈,비례대표,비례대표,,국민의당,14,바른미래당,바른미래당,민생당,바른미래당,2018-10-01,2020-05-29,succession_pr,term_end,term_end,,confirmed,wikilist,term_end,,2018-10-01,,2018-10-02,,,,2018.10.01 ~ 2020.05.29,제20대 바른미래당 비례대표,nfzegpkvaclgtscxt,임재훈 (정치인),40331548,41820069,,False
20,BLC8630L,1,박병석,지역구,대전 서구갑,대전광역시 서구 갑,,,더불어민주당,더불어민주당,더불어민주당,더불어민주당,2016-05-30,2020-05-29,general,term_end,term_end,,term_start,,term_end,,,,,,,,2016.05.30 ~ 2020.05.29,제20대 더불어민주당 대전 서구갑,nfzegpkvaclgtscxt,박병석,40331548,,,False
20,BM63269Y,1,전해철,지역구,경기 안산시상록구갑,경기도 안산시 상록구 갑,,,더불어민주당,더불어민주당,더불어민주당,더불어민주당,2016-05-30,2020-05-29,general,term_end,term_end,,term_start,,term_end,,,,,,,,2016.05.30 ~ 2020.05.29,제20대 더불어민주당 경기 안산시상록구갑,nfzegpkvaclgtscxt,전해철,40331548,,,False
20,BN49469V,1,신경민,지역구,서울 영등포구을,서울특별시 영등포구 을,,,더불어민주당,더불어민주당,더불어민주당,더불어민주당,2016-05-30,2020-05-29,general,term_end,term_end,,term_start,,term_end,,,,,,,,2016.05.30 ~ 2020.05.29,제20대 더불어민주당 서울 영등포구을,nfzegpkvaclgtscxt,신경민,40331548,,,False
20,BQS2021C,1,김성태,지역구,서울 강서구을,서울특별시 강서구 을,,,새누리당,새누리당,미래통합당,새누리당,2016-05-30,2020-05-29,general,term_end,term_end,,term_start,,term_end,,,,,,,,2016.05.30 ~ 2020.05.29,제20대 새누리당 서울 강서구을,nfzegpkvaclgtscxt,김성태 (1958년),40331548,41820069,,False
20,BT62420K,1,박찬대,지역구,인천 연수구갑,인천광역시 연수구 갑,,,더불어민주당,더불어민주당,더불어민주당,더불어민주당,2016-05-30,2020-05-29,general,term_end,term_end,,term_start,,term_end,,,,,,,,2016.05.30 ~ 2020.05.29,제20대 더불어민주당 인천 연수구갑,nfzegpkvaclgtscxt,박찬대,40331548,,,False
20,BTP28870,1,이훈,지역구,서울 금천구,서울특별시 금천구,,,더불어민주당,더불어민주당,더불어민주당,더불어민주당,2016-05-30,2020-05-29,general,term_end,term_end,,term_start,,term_end,,,,,,,,2016.05.30 ~ 2020.05.29,제20대 더불어민주당 서울 금천구,nfzegpkvaclgtscxt,이훈 (1965년),40331548,,,False
20,BWD92364,1,이찬열,지역구,경기 수원시갑,경기도 수원시 갑,,,더불어민주당,더불어민주당,미래통합당,더불어민주당,2016-05-30,2020-05-29,general,term_end,term_end,,term_start,,term_end,,,,,,,,2016.05.30 ~ 2020.05.29,제20대 더불어민주당 경기 수원시갑,nfzegpkvaclgtscxt,이찬열,40331548,41820069,,False
20,C7E79345,1,권칠승,지역구,경기 화성시병,경기도 화성시 병,,,더불어민주당,더불어민주당,더불어민주당,더불어민주당,2016-05-30,2020-05-29,general,term_end,term_end,,term_start,,term_end,,,,,,,,2016.05.30 ~ 2020.05.29,제20대 더불어민주당 경기 화성시병,nexgtxtmaamffofof,권칠승,40331548,,,False
20,C7Z8238W,1,황영철,지역구,강원 홍천군철원군화천군양구군인제군,강원도 홍천군·철원군·화천군·양구군·인제군,,,새누리당,새누리당,자유한국당,새누리당,2016-05-30,2019-10-31,general,disqualified,court_ruling_election_law,정치자금법 위반으로 의원직 상실 / 의원직 상실,term_start,,confirmed,wikilist+wikiseat,,2019-10-31,,2019-10-31,,,2016.05.30 ~ 2019.10.31,제20대 새누리당 강원 홍천군철원군화천군양구군인제군,nfzegpkvaclgtscxt,황영철,40331548,41820069,,False
20,CAL85655,1,유기준,지역구,부산 서구동구,부산광역시 서구·동구,,,새누리당,새누리당,미래통합당,새누리당,2016-05-30,2020-05-29,general,term_end,term_end,,term_start,,term_end,,,,,,,,2016.05.30 ~ 2020.05.29,제20대 새누리당 부산 서구동구,nfzegpkvaclgtscxt,유기준 (1959년),40331548,,,False
20,CDL93608,1,조응천,지역구,경기 남양주시갑,경기도 남양주시 갑,,,더불어민주당,더불어민주당,더불어민주당,더불어민주당,2016-05-30,2020-05-29,general,term_end,term_end,,term_start,,term_end,,,,,,,,2016.05.30 ~ 2020.05.29,제20대 더불어민주당 경기 남양주시갑,nfzegpkvaclgtscxt,조응천,40331548,,,False
20,CI15627C,1,김두관,지역구,경기 김포시갑,경기도 김포시 갑,,,더불어민주당,더불어민주당,더불어민주당,더불어민주당,2016-05-30,2020-05-29,general,term_end,term_end,,term_start,,term_end,,,,,,,,2016.05.30 ~ 2020.05.29,제20대 더불어민주당 경기 김포시갑,nfzegpkvaclgtscxt,김두관,40331548,,,False
20,CJX51868,1,정종섭,지역구,대구 동구갑,대구광역시 동구 갑,,,새누리당,새누리당,미래통합당,새누리당,2016-05-30,2020-05-29,general,term_end,term_end,,term_start,,term_end,,,,,,,,2016.05.30 ~ 2020.05.29,제20대 새누리당 대구 동구갑,nfzegpkvaclgtscxt,정종섭,40331548,,,False
20,CNW5754J,1,송석준,지역구,경기 이천시,경기도 이천시,,,새누리당,새누리당,미래통합당,새누리당,2016-05-30,2020-05-29,general,term_end,term_end,,term_start,,term_end,,,,,,,,2016.05.30 ~ 2020.05.29,제20대 새누리당 경기 이천시,nexgtxtmaamffofof,송석준,40331548,,,False
20,CXA6162I,1,김현아,비례대표,비례대표,,새누리당,17,새누리당,새누리당,미래통합당,새누리당,2016-05-30,2020-05-29,general,term_end,term_end,,term_start,,term_end,,,,,,,,2016.05.30 ~ 2020.05.29,제20대 새누리당 비례대표,nfzegpkvaclgtscxt,김현아 (정치인),40331548,,,False
20,CYD5815E,1,정갑윤,지역구,울산 중구,울산광역시 중구,,,새누리당,새누리당,미래통합당,새누리당,2016-05-30,2020-05-29,general,term_end,term_end,,term_start,,term_end,,,,,,,,2016.05.30 ~ 2020.05.29,제20대 새누리당 울산 중구,nfzegpkvaclgtscxt,정갑윤,40331548,,,False
20,CZB4125D,1,장제원,지역구,부산 사상구,부산광역시 사상구,,,무소속,무소속,미래통합당,무소속,2016-05-30,2020-05-29,general,term_end,term_end,,term_start,,term_end,,,,,,,,2016.05.30 ~ 2020.05.29,제20대 무소속 부산 사상구,nfzegpkvaclgtscxt,장제원,40331548,41820069,,False
20,D0C85236,1,박완수,지역구,경남 창원시의창구,경상남도 창원시 의창구,,,새누리당,새누리당,미래통합당,새누리당,2016-05-30,2020-05-29,general,term_end,term_end,,term_start,,term_end,,,,,,,,2016.05.30 ~ 2020.05.29,제20대 새누리당 경남 창원시의창구,nfzegpkvaclgtscxt,박완수,40331548,,,False
20,D397960C,1,조훈현,비례대표,비례대표,,새누리당,14,새누리당,새누리당,미래통합당,새누리당,2016-05-30,2020-05-29,general,term_end,term_end,,term_start,,term_end,,,,,,,,2016.05.30 ~ 2020.05.29,제20대 새누리당 비례대표,nfzegpkvaclgtscxt,조훈현,40331548,,,False
20,DAN6731C,1,박성중,지역구,서울 서초구을,서울특별시 서초구 을,,,새누리당,새누리당,미래통합당,새누리당,2016-05-30,2020-05-29,general,term_end,term_end,,term_start,,term_end,,,,,,,,2016.05.30 ~ 2020.05.29,제20대 새누리당 서울 서초구을,nfzegpkvaclgtscxt,박성중,40331548,41820069,,False
20,DBA1057Z,1,이용호,지역구,전북 남원시임실군순창군,전라북도 남원시·임실군·순창군,,,국민의당,국민의당2016,무소속,국민의당,2016-05-30,2020-05-29,general,term_end,term_end,,term_start,,term_end,,,,,,,,2016.05.30 ~ 2020.05.29,제20대 국민의당 전북 남원시임실군순창군,nfzegpkvaclgtscxt,이용호 (1960년),40331548,,,False
20,DCN7433W,1,정세균,지역구,서울 종로구,서울특별시 종로구,,,더불어민주당,더불어민주당,더불어민주당,더불어민주당,2016-05-30,2020-05-29,general,term_end,term_end,,term_start,,term_end,,,,,,,,2016.05.30 ~ 2020.05.29,제20대 더불어민주당 서울 종로구,nfzegpkvaclgtscxt,정세균,40331548,41820069,,False
20,DCR84445,1,김동철,지역구,광주 광산구갑,광주광역시 광산구 갑,,,국민의당,국민의당2016,민생당,국민의당,2016-05-30,2020-05-29,general,term_end,term_end,,term_start,,term_end,,,,,,,,2016.05.30 ~ 2020.05.29,제20대 국민의당 광주 광산구갑,nfzegpkvaclgtscxt,김동철 (1955년생 정치인),40331548,,,False
20,DKB8522X,1,정인화,지역구,전남 광양시곡성군구례군,전라남도 광양시·곡성군·구례군,,,국민의당,국민의당2016,무소속,국민의당,2016-05-30,2020-05-29,general,term_end,term_end,,term_start,,term_end,,,,,,,,2016.05.30 ~ 2020.05.29,제20대 국민의당 전남 광양시곡성군구례군,nfzegpkvaclgtscxt,정인화,40331548,,,False
20,DQL3007B,1,정은혜,비례대표,비례대표,,더불어민주당,16,더불어민주당,더불어민주당,더불어민주당,더불어민주당,2019-10-11,2020-05-29,succession_pr,term_end,term_end,,confirmed,wikilist+wikiseat,term_end,,2019-10-11,,2019-10-11,,,,2019.10.11 ~ 2020.05.29,제20대 더불어민주당 비례대표,nfzegpkvaclgtscxt,정은혜 (정치인),40331548,41820069,,False
20,DTG4846A,1,김선동,지역구,서울 도봉구을,서울특별시 도봉구 을,,,새누리당,새누리당,미래통합당,새누리당,2016-05-30,2020-05-29,general,term_end,term_end,,term_start,,term_end,,,,,,,,2016.05.30 ~ 2020.05.29,제20대 새누리당 서울 도봉구을,nfzegpkvaclgtscxt,김선동 (1963년),40331548,,,False
20,DVD2735W,1,이은권,지역구,대전 중구,대전광역시 중구,,,새누리당,새누리당,미래통합당,새누리당,2016-05-30,2020-05-29,general,term_end,term_end,,term_start,,term_end,,,,,,,,2016.05.30 ~ 2020.05.29,제20대 새누리당 대전 중구,nfzegpkvaclgtscxt,이은권,40331548,,,False
20,E1J8836Y,1,김정재,지역구,경북 포항시북구,경상북도 포항시 북구,,,새누리당,새누리당,미래통합당,새누리당,2016-05-30,2020-05-29,general,term_end,term_end,,term_start,,term_end,,,,,,,,2016.05.30 ~ 2020.05.29,제20대 새누리당 경북 포항시북구,nexgtxtmaamffofof,김정재,40331548,,,False
20,E5N8503B,1,김종인,비례대표,비례대표,,더불어민주당,2,더불어민주당,더불어민주당,더불어민주당,더불어민주당,2016-05-30,2017-03-08,general,disqualified,pr_seat_lost_on_leaving_party,더불어민주당 탈당으로 의원직 상실 / 의원직 상실,term_start,,confirmed,wikilist+wikiseat,,2017-03-08,,2017-03-08,,,2016.05.30 ~ 2017.03.08,제20대 더불어민주당 비례대표,nfzegpkvaclgtscxt,김종인,40331548,41820069,,False
20,E6U4345C,1,임종성,지역구,경기 광주시을,경기도 광주시 을,,,더불어민주당,더불어민주당,더불어민주당,더불어민주당,2016-05-30,2020-05-29,general,term_end,term_end,,term_start,,term_end,,,,,,,,2016.05.30 ~ 2020.05.29,제20대 더불어민주당 경기 광주시을,nfzegpkvaclgtscxt,임종성,40331548,,,False
20,EH27538E,1,임이자,비례대표,비례대표,,새누리당,3,새누리당,새누리당,미래통합당,새누리당,2016-05-30,2020-05-29,general,term_end,term_end,,term_start,,term_end,,,,,,,,2016.05.30 ~ 2020.05.29,제20대 새누리당 비례대표,nexgtxtmaamffofof,임이자,40331548,,,False
20,EUR98126,1,박맹우,지역구,울산 남구을,울산광역시 남구 을,,,새누리당,새누리당,미래통합당,새누리당,2016-05-30,2020-05-29,general,term_end,term_end,,term_start,,term_end,,,,,,,,2016.05.30 ~ 2020.05.29,제20대 새누리당 울산 남구을,nfzegpkvaclgtscxt,박맹우,40331548,,,False
20,EVH1507C,1,이헌승,지역구,부산 부산진구을,부산광역시 부산진구 을,,,새누리당,새누리당,미래통합당,새누리당,2016-05-30,2020-05-29,general,term_end,term_end,,term_start,,term_end,,,,,,,,2016.05.30 ~ 2020.05.29,제20대 새누리당 부산 부산진구을,nexgtxtmaamffofof,이헌승,40331548,,,False
20,EX94352K,1,표창원,지역구,경기 용인시정,경기도 용인시 정,,,더불어민주당,더불어민주당,더불어민주당,더불어민주당,2016-05-30,2020-05-29,general,term_end,term_end,,term_start,,term_end,,,,,,,,2016.05.30 ~ 2020.05.29,제20대 더불어민주당 경기 용인시정,nfzegpkvaclgtscxt,표창원,40331548,,,False
20,F5U2979W,1,김학용,지역구,경기 안성시,경기도 안성시,,,새누리당,새누리당,미래통합당,새누리당,2016-05-30,2020-05-29,general,term_end,term_end,,term_start,,term_end,,,,,,,,2016.05.30 ~ 2020.05.29,제20대 새누리당 경기 안성시,nfzegpkvaclgtscxt,김학용,40331548,41820069,,False
20,FGX4881A,1,심재철,지역구,경기 안양시동안구을,경기도 안양시 동안구 을,,,새누리당,새누리당,미래통합당,새누리당,2016-05-30,2020-05-29,general,term_end,term_end,,term_start,,term_end,,,,,,,,2016.05.30 ~ 2020.05.29,제20대 새누리당 경기 안양시동안구을,nfzegpkvaclgtscxt,심재철 (정치인),40331548,,,False
20,FJ03481D,1,최경환,지역구,경북 경산시,경상북도 경산시,,,새누리당,새누리당,자유한국당,자유한국당,2016-05-30,2019-07-11,general,disqualified,court_ruling_other_or_unspecified,뇌물수수로 의원직 상실 / 의원직 상실,term_start,,confirmed,wikilist+wikiseat,,2019-07-11,,2019-07-11,,,2016.05.30 ~ 2019.07.11,제20대 자유한국당 경북 경산시,nfzegpkvaclgtscxt,최경환 (1955년),40331548,41820069,,False
20,FJK3396E,1,맹성규,지역구,인천 남동구갑,인천광역시 남동구 갑,,,더불어민주당,더불어민주당,더불어민주당,더불어민주당,2018-06-14,2020-05-29,by_election,term_end,term_end,,confirmed,wikiseat,term_end,,2018-06-13,,2018-06-14,,,,2018.06.14 ~ 2020.05.29,제20대 더불어민주당 인천 남동구갑,nexgtxtmaamffofof,맹성규,40331548,41820069,,False
20,FOK3459D,1,서삼석,지역구,전남 영암군무안군신안군,전라남도 영암군·무안군·신안군,,,더불어민주당,더불어민주당,더불어민주당,더불어민주당,2018-06-14,2020-05-29,by_election,term_end,term_end,,confirmed,wikiseat,term_end,,2018-06-13,,2018-06-14,,,,2018.06.14 ~ 2020.05.29,제20대 더불어민주당 전남 영암군무안군신안군,nexgtxtmaamffofof,서삼석,40331548,41820069,,False
20,FRN1867O,1,홍익표,지역구,서울 중구성동구갑,서울특별시 중구·성동구 갑,,,더불어민주당,더불어민주당,더불어민주당,더불어민주당,2016-05-30,2020-05-29,general,term_end,term_end,,term_start,,term_end,,,,,,,,2016.05.30 ~ 2020.05.29,제20대 더불어민주당 서울 중구성동구갑,nfzegpkvaclgtscxt,홍익표 (1967년),40331548,,,False
20,FYI20317,1,조승래,지역구,대전 유성구갑,대전광역시 유성구 갑,,,더불어민주당,더불어민주당,더불어민주당,더불어민주당,2016-05-30,2020-05-29,general,term_end,term_end,,term_start,,term_end,,,,,,,,2016.05.30 ~ 2020.05.29,제20대 더불어민주당 대전 유성구갑,nexgtxtmaamffofof,조승래,40331548,,,False
20,G152611B,1,추경호,지역구,대구 달성군,대구광역시 달성군,,,새누리당,새누리당,미래통합당,새누리당,2016-05-30,2020-05-29,general,term_end,term_end,,term_start,,term_end,,,,,,,,2016.05.30 ~ 2020.05.29,제20대 새누리당 대구 달성군,nfzegpkvaclgtscxt,추경호,40331548,,,False
20,G1570880,1,신동근,지역구,인천 서구을,인천광역시 서구 을,,,더불어민주당,더불어민주당,더불어민주당,더불어민주당,2016-05-30,2020-05-29,general,term_end,term_end,,term_start,,term_end,,,,,,,,2016.05.30 ~ 2020.05.29,제20대 더불어민주당 인천 서구을,nfzegpkvaclgtscxt,신동근,40331548,,,False
20,GCA42857,1,주승용,지역구,전남 여수시을,전라남도 여수시 을,,,국민의당,국민의당2016,민생당,국민의당,2016-05-30,2020-05-29,general,term_end,term_end,,term_start,,term_end,,,,,,,,2016.05.30 ~ 2020.05.29,제20대 국민의당 전남 여수시을,nfzegpkvaclgtscxt,주승용,40331548,,,False
20,GD131760,1,홍문표,지역구,충남 홍성군예산군,충청남도 홍성군·예산군,,,새누리당,새누리당,미래통합당,새누리당,2016-05-30,2020-05-29,general,term_end,term_end,,term_start,,term_end,,,,,,,,2016.05.30 ~ 2020.05.29,제20대 새누리당 충남 홍성군예산군,nfzegpkvaclgtscxt,홍문표,40331548,41820069,,False
20,GDG1847Z,1,권성동,지역구,강원 강릉시,강원도 강릉시,,,새누리당,새누리당,무소속,새누리당,2016-05-30,2020-05-29,general,term_end,term_end,,term_start,,term_end,,,,,,,,2016.05.30 ~ 2020.05.29,제20대 새누리당 강원 강릉시,nfzegpkvaclgtscxt,권성동,40331548,41820069,,False
20,GDN7894V,1,채이배,비례대표,비례대표,,국민의당,6,국민의당,국민의당2016,민생당,국민의당,2016-05-30,2020-05-29,general,term_end,term_end,,term_start,,term_end,,,,,,,,2016.05.30 ~ 2020.05.29,제20대 국민의당 비례대표,nfzegpkvaclgtscxt,채이배,40331548,,,False
20,GFF1986K,1,김병욱,지역구,경기 성남시분당구을,경기도 성남시 분당구 을,,,더불어민주당,더불어민주당,더불어민주당,더불어민주당,2016-05-30,2020-05-29,general,term_end,term_end,,term_start,,term_end,,,,,,,,2016.05.30 ~ 2020.05.29,제20대 더불어민주당 경기 성남시분당구을,nfzegpkvaclgtscxt,김병욱 (1965년),40331548,,,False
20,GMK1374L,1,이석현,지역구,경기 안양시동안구갑,경기도 안양시 동안구 갑,,,더불어민주당,더불어민주당,더불어민주당,더불어민주당,2016-05-30,2020-05-29,general,term_end,term_end,,term_start,,term_end,,,,,,,,2016.05.30 ~ 2020.05.29,제20대 더불어민주당 경기 안양시동안구갑,nfzegpkvaclgtscxt,이석현 (1951년),40331548,,,False
20,GN240959,1,노회찬,지역구,경남 창원시성산구,경상남도 창원시 성산구,,,정의당,정의당,정의당,정의당,2016-05-30,2018-07-23,general,died,died,본인 사망으로 인한 당연퇴직 / 사망,term_start,,confirmed,wikilist+wikiseat,,2018-07-23,,2018-07-23,,,2016.05.30 ~ 2018.07.23,제20대 정의당 경남 창원시성산구,nfzegpkvaclgtscxt,노회찬,40331548,41820069,,False
20,GW55008L,1,홍의락,지역구,대구 북구을,대구광역시 북구 을,,,무소속,무소속,더불어민주당,무소속,2016-05-30,2020-05-29,general,term_end,term_end,,term_start,,term_end,,,,,,,,2016.05.30 ~ 2020.05.29,제20대 무소속 대구 북구을,nfzegpkvaclgtscxt,홍의락,40331548,,,False
20,GX38539O,1,유동수,지역구,인천 계양구갑,인천광역시 계양구 갑,,,더불어민주당,더불어민주당,더불어민주당,더불어민주당,2016-05-30,2020-05-29,general,term_end,term_end,,term_start,,term_end,,,,,,,,2016.05.30 ~ 2020.05.29,제20대 더불어민주당 인천 계양구갑,nexgtxtmaamffofof,유동수,40331548,,,False
20,GXT11570,1,김성수,비례대표,비례대표,,더불어민주당,10,더불어민주당,더불어민주당,더불어민주당,더불어민주당,2016-05-30,2020-01-29,general,resigned,resigned_on_appointment,국무총리비서실장 임명으로 의원직 사퇴 / 의원직 사퇴,term_start,,confirmed,wikilist+nabill,,2020-01-29,,2020-01-30,2020-01-29,PRC_S2T0E0S1B2S9L1G3I5D9K3L4M3J5F0,2016.05.30 ~ 2020.01.29,제20대 더불어민주당 비례대표,nfzegpkvaclgtscxt,김성수 (1956년),40331548,41820069,,False
20,H337332S,1,오신환,지역구,서울 관악구을,서울특별시 관악구 을,,,새누리당,새누리당,미래통합당,새누리당,2016-05-30,2020-05-29,general,term_end,term_end,,term_start,,term_end,,,,,,,,2016.05.30 ~ 2020.05.29,제20대 새누리당 서울 관악구을,nfzegpkvaclgtscxt,오신환,40331548,41820069,,False
20,HE838063,1,신보라,비례대표,비례대표,,새누리당,7,새누리당,새누리당,미래통합당,새누리당,2016-05-30,2020-05-29,general,term_end,term_end,,term_start,,term_end,,,,,,,,2016.05.30 ~ 2020.05.29,제20대 새누리당 비례대표,nfzegpkvaclgtscxt,신보라 (정치인),40331548,,,False
20,HSS7466Y,1,백혜련,지역구,경기 수원시을,경기도 수원시 을,,,더불어민주당,더불어민주당,더불어민주당,더불어민주당,2016-05-30,2020-05-29,general,term_end,term_end,,term_start,,term_end,,,,,,,,2016.05.30 ~ 2020.05.29,제20대 더불어민주당 경기 수원시을,nexgtxtmaamffofof,백혜련,40331548,,,False
20,HSW1214Q,1,이종배,지역구,충북 충주시,충청북도 충주시,,,새누리당,새누리당,미래통합당,새누리당,2016-05-30,2020-05-29,general,term_end,term_end,,term_start,,term_end,,,,,,,,2016.05.30 ~ 2020.05.29,제20대 새누리당 충북 충주시,nexgtxtmaamffofof,이종배,40331548,,,False
20,HTK5293K,1,김종회,지역구,전북 김제시부안군,전라북도 김제시·부안군,,,국민의당,국민의당2016,무소속,국민의당,2016-05-30,2020-05-29,general,term_end,term_end,,term_start,,term_end,,,,,,,,2016.05.30 ~ 2020.05.29,제20대 국민의당 전북 김제시부안군,nfzegpkvaclgtscxt,김종회 (1965년),40331548,,,False
20,I0F2578R,1,김종대,비례대표,비례대표,,정의당,2,정의당,정의당,정의당,정의당,2016-05-30,2020-05-29,general,term_end,term_end,,term_start,,term_end,,,,,,,,2016.05.30 ~ 2020.05.29,제20대 정의당 비례대표,nfzegpkvaclgtscxt,김종대 (1966년),40331548,,,False
20,I0S53762,1,하태경,지역구,부산 해운대구갑,부산광역시 해운대구 갑,,,새누리당,새누리당,미래통합당,새누리당,2016-05-30,2020-05-29,general,term_end,term_end,,term_start,,term_end,,,,,,,,2016.05.30 ~ 2020.05.29,제20대 새누리당 부산 해운대구갑,nfzegpkvaclgtscxt,하태경,40331548,41820069,,False
20,I5V5327I,1,유민봉,비례대표,비례대표,,새누리당,12,새누리당,새누리당,미래통합당,새누리당,2016-05-30,2020-05-29,general,term_end,term_end,,term_start,,term_end,,,,,,,,2016.05.30 ~ 2020.05.29,제20대 새누리당 비례대표,nfzegpkvaclgtscxt,유민봉,40331548,,,False
20,I7R13867,1,이개호,지역구,전남 담양군함평군영광군장성군,전라남도 담양군·함평군·영광군·장성군,,,더불어민주당,더불어민주당,더불어민주당,더불어민주당,2016-05-30,2020-05-29,general,term_end,term_end,,term_start,,term_end,,,,,,,,2016.05.30 ~ 2020.05.29,제20대 더불어민주당 전남 담양군함평군영광군장성군,nexgtxtmaamffofof,이개호,40331548,,,False
20,I7Z3068X,1,유성엽,지역구,전북 정읍시고창군,전라북도 정읍시·고창군,,,국민의당,국민의당2016,민생당,국민의당,2016-05-30,2020-05-29,general,term_end,term_end,,term_start,,term_end,,,,,,,,2016.05.30 ~ 2020.05.29,제20대 국민의당 전북 정읍시고창군,nfzegpkvaclgtscxt,유성엽,40331548,,,False
20,IDV9108J,1,진영,지역구,서울 용산구,서울특별시 용산구,,,더불어민주당,더불어민주당,더불어민주당,더불어민주당,2016-05-30,2020-05-29,general,term_end,term_end,,term_start,,term_end,,,,,,,,2016.05.30 ~ 2020.05.29,제20대 더불어민주당 서울 용산구,nfzegpkvaclgtscxt,진영 (정치인),40331548,,,False
20,IH436704,1,강석진,지역구,경남 산청군함양군거창군합천군,경상남도 산청군·함양군·거창군·합천군,,,새누리당,새누리당,미래통합당,새누리당,2016-05-30,2020-05-29,general,term_end,term_end,,term_start,,term_end,,,,,,,,2016.05.30 ~ 2020.05.29,제20대 새누리당 경남 산청군함양군거창군합천군,nfzegpkvaclgtscxt,강석진 (1959년),40331548,,,False
20,IN328264,1,조정식,지역구,경기 시흥시을,경기도 시흥시 을,,,더불어민주당,더불어민주당,더불어민주당,더불어민주당,2016-05-30,2020-05-29,general,term_end,term_end,,term_start,,term_end,,,,,,,,2016.05.30 ~ 2020.05.29,제20대 더불어민주당 경기 시흥시을,nexgtxtmaamffofof,조정식 (정치인),40331548,,,False
20,IQ54138I,1,박인숙,지역구,서울 송파구갑,서울특별시 송파구 갑,,,새누리당,새누리당,미래통합당,새누리당,2016-05-30,2020-05-29,general,term_end,term_end,,term_start,,term_end,,,,,,,,2016.05.30 ~ 2020.05.29,제20대 새누리당 서울 송파구갑,nfzegpkvaclgtscxt,박인숙 (1948년),40331548,41820069,,False
20,IQN7588X,1,이은재,지역구,서울 강남구병,서울특별시 강남구 병,,,새누리당,새누리당,무소속,새누리당,2016-05-30,2020-05-29,general,term_end,term_end,,term_start,,term_end,,,,,,,,2016.05.30 ~ 2020.05.29,제20대 새누리당 서울 강남구병,nfzegpkvaclgtscxt,이은재 (정치인),40331548,41820069,,False
20,IUE5875N,1,이정미,비례대표,비례대표,,정의당,1,정의당,정의당,정의당,정의당,2016-05-30,2020-05-29,general,term_end,term_end,,term_start,,term_end,,,,,,,,2016.05.30 ~ 2020.05.29,제20대 정의당 비례대표,nfzegpkvaclgtscxt,이정미 (정치인),40331548,,,False
20,IWK63872,1,조배숙,지역구,전북 익산시을,전라북도 익산시 을,,,국민의당,국민의당2016,민생당,국민의당,2016-05-30,2020-05-29,general,term_end,term_end,,term_start,,term_end,,,,,,,,2016.05.30 ~ 2020.05.29,제20대 국민의당 전북 익산시을,nexgtxtmaamffofof,조배숙,40331548,,,False
20,IYD4143Y,1,문희상,지역구,경기 의정부시갑,경기도 의정부시 갑,,,더불어민주당,더불어민주당,무소속,더불어민주당,2016-05-30,2020-05-29,general,term_end,term_end,,term_start,,term_end,,,,,,,,2016.05.30 ~ 2020.05.29,제20대 더불어민주당 경기 의정부시갑,nfzegpkvaclgtscxt,문희상,40331548,41820069,,False
20,J2O8643H,1,도종환,지역구,충북 청주시흥덕구,충청북도 청주시 흥덕구,,,더불어민주당,더불어민주당,더불어민주당,더불어민주당,2016-05-30,2020-05-29,general,term_end,term_end,,term_start,,term_end,,,,,,,,2016.05.30 ~ 2020.05.29,제20대 더불어민주당 충북 청주시흥덕구,nfzegpkvaclgtscxt,도종환,40331548,,,False
20,JG77046J,1,이언주,지역구,경기 광명시을,경기도 광명시 을,,,더불어민주당,더불어민주당,미래통합당,더불어민주당,2016-05-30,2020-05-29,general,term_end,term_end,,term_start,,term_end,,,,,,,,2016.05.30 ~ 2020.05.29,제20대 더불어민주당 경기 광명시을,nexgtxtmaamffofof,이언주,40331548,,,False
20,JMD3241I,1,박경미,비례대표,비례대표,,더불어민주당,1,더불어민주당,더불어민주당,더불어민주당,더불어민주당,2016-05-30,2020-05-29,general,term_end,term_end,,term_start,,term_end,,,,,,,,2016.05.30 ~ 2020.05.29,제20대 더불어민주당 비례대표,nfzegpkvaclgtscxt,박경미,40331548,,,False
20,JMY9959W,1,윤관석,지역구,인천 남동구을,인천광역시 남동구 을,,,더불어민주당,더불어민주당,더불어민주당,더불어민주당,2016-05-30,2020-05-29,general,term_end,term_end,,term_start,,term_end,,,,,,,,2016.05.30 ~ 2020.05.29,제20대 더불어민주당 인천 남동구을,nfzegpkvaclgtscxt,윤관석,40331548,,,False
20,JOY4394O,1,황주홍,지역구,전남 고흥군보성군장흥군강진군,전라남도 고흥군·보성군·장흥군·강진군,,,국민의당,국민의당2016,민생당,국민의당,2016-05-30,2020-05-29,general,term_end,term_end,,term_start,,term_end,,,,,,,,2016.05.30 ~ 2020.05.29,제20대 국민의당 전남 고흥군보성군장흥군강진군,nfzegpkvaclgtscxt,황주홍,40331548,,,False
20,JWW6081H,1,이상돈,비례대표,비례대표,,국민의당,4,국민의당,국민의당2016,민생당,국민의당,2016-05-30,2020-05-29,general,term_end,term_end,,term_start,,term_end,,,,,,,,2016.05.30 ~ 2020.05.29,제20대 국민의당 비례대표,nfzegpkvaclgtscxt,이상돈 (1951년),40331548,41820069,,False
20,K1Y45873,1,김종태,지역구,경북 상주시군위군의성군청송군,경상북도 상주시·군위군·의성군·청송군,,,새누리당,새누리당,새누리당,새누리당,2016-05-30,2017-02-09,general,disqualified,court_ruling_election_law,공직선거법 위반으로 의원직 상실 / 의원직 상실,term_start,,confirmed,wikilist+wikiseat,,2017-02-09,,2017-02-09,,,2016.05.30 ~ 2017.02.09,제20대 새누리당 경북 상주시군위군의성군청송군,nfzegpkvaclgtscxt,김종태 (1949년),40331548,41820069,,False
20,K3W33496,1,박광온,지역구,경기 수원시정,경기도 수원시 정,,,더불어민주당,더불어민주당,더불어민주당,더불어민주당,2016-05-30,2020-05-29,general,term_end,term_end,,term_start,,term_end,,,,,,,,2016.05.30 ~ 2020.05.29,제20대 더불어민주당 경기 수원시정,nfzegpkvaclgtscxt,박광온,40331548,,,False
20,K5F2023J,1,이학영,지역구,경기 군포시을,경기도 군포시 을,,,더불어민주당,더불어민주당,더불어민주당,더불어민주당,2016-05-30,2020-05-29,general,term_end,term_end,,term_start,,term_end,,,,,,,,2016.05.30 ~ 2020.05.29,제20대 더불어민주당 경기 군포시을,nexgtxtmaamffofof,이학영,40331548,,,False
20,KA04352K,1,최경환,지역구,광주 북구을,광주광역시 북구 을,,,국민의당,국민의당2016,민생당,국민의당,2016-05-30,2020-05-29,general,term_end,term_end,,term_start,,term_end,,,,,,,,2016.05.30 ~ 2020.05.29,제20대 국민의당 광주 북구을,nfzegpkvaclgtscxt,최경환 (1959년),40331548,41820069,,False
20,KR14136C,1,홍영표,지역구,인천 부평구을,인천광역시 부평구 을,,,더불어민주당,더불어민주당,더불어민주당,더불어민주당,2016-05-30,2020-05-29,general,term_end,term_end,,term_start,,term_end,,,,,,,,2016.05.30 ~ 2020.05.29,제20대 더불어민주당 인천 부평구을,nfzegpkvaclgtscxt,홍영표,40331548,,,False
20,LCJ77278,1,이혜훈,지역구,서울 서초구갑,서울특별시 서초구 갑,,,새누리당,새누리당,미래통합당,새누리당,2016-05-30,2020-05-29,general,term_end,term_end,,term_start,,term_end,,,,,,,,2016.05.30 ~ 2020.05.29,제20대 새누리당 서울 서초구갑,nfzegpkvaclgtscxt,이혜훈,40331548,41820069,,False
20,LDY9563L,1,윤상직,지역구,부산 기장군,부산광역시 기장군,,,새누리당,새누리당,미래통합당,새누리당,2016-05-30,2020-05-29,general,term_end,term_end,,term_start,,term_end,,,,,,,,2016.05.30 ~ 2020.05.29,제20대 새누리당 부산 기장군,nfzegpkvaclgtscxt,윤상직,40331548,,,False
20,LH97552Q,1,김도읍,지역구,부산 북구강서구을,부산광역시 북구·강서구 을,,,새누리당,새누리당,미래통합당,새누리당,2016-05-30,2020-05-29,general,term_end,term_end,,term_start,,term_end,,,,,,,,2016.05.30 ~ 2020.05.29,제20대 새누리당 부산 북구강서구을,nexgtxtmaamffofof,김도읍,40331548,,,False
20,LJK4960Z,1,정점식,지역구,경남 통영시고성군,경상남도 통영시·고성군,,,자유한국당,자유한국당,미래통합당,자유한국당,2019-04-04,2020-05-29,by_election,term_end,term_end,,confirmed_pollday_plus1,wikilist=2019-04-03; wikiseat=2019-04-03,term_end,,2019-04-03,,2019-04-03,,,,2019.04.04 ~ 2020.05.29,제20대 자유한국당 경남 통영시고성군,nexgtxtmaamffofof,정점식,40331548,41820069,,False
20,LPB30152,1,최인호,지역구,부산 사하구갑,부산광역시 사하구 갑,,,더불어민주당,더불어민주당,더불어민주당,더불어민주당,2016-05-30,2020-05-29,general,term_end,term_end,,term_start,,term_end,,,,,,,,2016.05.30 ~ 2020.05.29,제20대 더불어민주당 부산 사하구갑,nfzegpkvaclgtscxt,최인호 (1966년),40331548,,,False
20,LSK9789D,1,이철희,비례대표,비례대표,,더불어민주당,8,더불어민주당,더불어민주당,더불어민주당,더불어민주당,2016-05-30,2020-05-29,general,term_end,term_end,,term_start,,term_end,,,,,,,,2016.05.30 ~ 2020.05.29,제20대 더불어민주당 비례대표,nfzegpkvaclgtscxt,이철희 (1964년),40331548,,,False
20,M0A1658U,1,윤호중,지역구,경기 구리시,경기도 구리시,,,더불어민주당,더불어민주당,더불어민주당,더불어민주당,2016-05-30,2020-05-29,general,term_end,term_end,,term_start,,term_end,,,,,,,,2016.05.30 ~ 2020.05.29,제20대 더불어민주당 경기 구리시,nexgtxtmaamffofof,윤호중,40331548,,,False
20,M2Q9024I,1,김종민,지역구,충남 논산시계룡시금산군,충청남도 논산시·계룡시·금산군,,,더불어민주당,더불어민주당,더불어민주당,더불어민주당,2016-05-30,2020-05-29,general,term_end,term_end,,term_start,,term_end,,,,,,,,2016.05.30 ~ 2020.05.29,제20대 더불어민주당 충남 논산시계룡시금산군,nexgtxtmaamffofof,김종민 (1964년),40331548,,,False
20,M3Z17237,1,김재경,지역구,경남 진주시을,경상남도 진주시 을,,,새누리당,새누리당,미래통합당,새누리당,2016-05-30,2020-05-29,general,term_end,term_end,,term_start,,term_end,,,,,,,,2016.05.30 ~ 2020.05.29,제20대 새누리당 경남 진주시을,nfzegpkvaclgtscxt,김재경 (1961년),40331548,41820069,,False
20,M6K7940A,1,오세정,비례대표,비례대표,,국민의당,2,국민의당,국민의당2016,바른미래당,국민의당,2016-05-30,2018-10-01,general,resigned,resigned_to_run_for_other_office,서울대학교 총장 재선거 출마로 의원직 사퇴 / 의원직 사퇴,term_start,,confirmed,wikilist+wikiseat+nabill,,2018-10-01,,2018-10-01,2018-10-01,PRC_N1P8Q0K9G2U1Q1X7M4M7L5C1M1D6B0,2016.05.30 ~ 2018.10.01,제20대 국민의당 비례대표,nfzegpkvaclgtscxt,오세정 (물리학자),40331548,41820069,,False
20,MBS2896E,1,이현재,지역구,경기 하남시,경기도 하남시,,,새누리당,새누리당,무소속,새누리당,2016-05-30,2020-05-29,general,term_end,term_end,,term_start,,term_end,,,,,,,,2016.05.30 ~ 2020.05.29,제20대 새누리당 경기 하남시,nfzegpkvaclgtscxt,이현재 (1949년),40331548,,,False
20,MC32279F,1,박선숙,비례대표,비례대표,,국민의당,5,국민의당,국민의당2016,민생당,국민의당,2016-05-30,2020-05-29,general,term_end,term_end,,term_start,,term_end,,,,,,,,2016.05.30 ~ 2020.05.29,제20대 국민의당 비례대표,nfzegpkvaclgtscxt,박선숙,40331548,,,False
20,MD083627,1,정춘숙,비례대표,비례대표,,더불어민주당,13,더불어민주당,더불어민주당,더불어민주당,더불어민주당,2016-05-30,2020-05-29,general,term_end,term_end,,term_start,,term_end,,,,,,,,2016.05.30 ~ 2020.05.29,제20대 더불어민주당 비례대표,nfzegpkvaclgtscxt,정춘숙,40331548,,,False
20,MGE7194M,1,김광림,지역구,경북 안동시,경상북도 안동시,,,새누리당,새누리당,미래통합당,새누리당,2016-05-30,2020-05-29,general,term_end,term_end,,term_start,,term_end,,,,,,,,2016.05.30 ~ 2020.05.29,제20대 새누리당 경북 안동시,nfzegpkvaclgtscxt,김광림 (정치인),40331548,,,False
20,MHK9919B,1,곽상도,지역구,대구 중구남구,대구광역시 중구·남구,,,새누리당,새누리당,미래통합당,새누리당,2016-05-30,2020-05-29,general,term_end,term_end,,term_start,,term_end,,,,,,,,2016.05.30 ~ 2020.05.29,제20대 새누리당 대구 중구남구,nfzegpkvaclgtscxt,곽상도,40331548,,,False
20,MO52543L,1,변재일,지역구,충북 청주시청원구,충청북도 청주시 청원구,,,더불어민주당,더불어민주당,더불어민주당,더불어민주당,2016-05-30,2020-05-29,general,term_end,term_end,,term_start,,term_end,,,,,,,,2016.05.30 ~ 2020.05.29,제20대 더불어민주당 충북 청주시청원구,nfzegpkvaclgtscxt,변재일,40331548,,,False
20,MPV9321A,1,김현권,비례대표,비례대표,,더불어민주당,6,더불어민주당,더불어민주당,더불어민주당,더불어민주당,2016-05-30,2020-05-29,general,term_end,term_end,,term_start,,term_end,,,,,,,,2016.05.30 ~ 2020.05.29,제20대 더불어민주당 비례대표,nfzegpkvaclgtscxt,김현권,40331548,,,False
20,MRK4871S,1,유의동,지역구,경기 평택시을,경기도 평택시 을,,,새누리당,새누리당,미래통합당,새누리당,2016-05-30,2020-05-29,general,term_end,term_end,,term_start,,term_end,,,,,,,,2016.05.30 ~ 2020.05.29,제20대 새누리당 경기 평택시을,nexgtxtmaamffofof,유의동,40331548,41820069,,False
20,MSY7784L,1,윤상현,지역구,인천 남구을,인천광역시 남구 을,,,무소속,무소속,무소속,무소속,2016-05-30,2020-05-29,general,term_end,term_end,,term_start,,term_end,,,,,,,,2016.05.30 ~ 2020.05.29,제20대 무소속 인천 남구을,nexgtxtmaamffofof,윤상현 (정치인),40331548,41820069,,False
20,MTK2954E,1,신용현,비례대표,비례대표,,국민의당,1,국민의당,국민의당2016,민생당,국민의당,2016-05-30,2020-05-29,general,term_end,term_end,,term_start,,term_end,,,,,,,,2016.05.30 ~ 2020.05.29,제20대 국민의당 비례대표,nfzegpkvaclgtscxt,신용현,40331548,41820069,,False
20,N4R2421C,1,박덕흠,지역구,충북 보은군옥천군영동군괴산군,충청북도 보은군·옥천군·영동군·괴산군,,,새누리당,새누리당,미래통합당,새누리당,2016-05-30,2020-05-29,general,term_end,term_end,,term_start,,term_end,,,,,,,,2016.05.30 ~ 2020.05.29,제20대 새누리당 충북 보은군옥천군영동군괴산군,nexgtxtmaamffofof,박덕흠,40331548,,,False
20,N6C1899K,1,김진태,지역구,강원 춘천시,강원도 춘천시,,,새누리당,새누리당,미래통합당,새누리당,2016-05-30,2020-05-29,general,term_end,term_end,,term_start,,term_end,,,,,,,,2016.05.30 ~ 2020.05.29,제20대 새누리당 강원 춘천시,nfzegpkvaclgtscxt,김진태 (1964년),40331548,,,False
20,N9X9673B,1,전혜숙,지역구,서울 광진구갑,서울특별시 광진구 갑,,,더불어민주당,더불어민주당,더불어민주당,더불어민주당,2016-05-30,2020-05-29,general,term_end,term_end,,term_start,,term_end,,,,,,,,2016.05.30 ~ 2020.05.29,제20대 더불어민주당 서울 광진구갑,nfzegpkvaclgtscxt,전혜숙,40331548,,,False
20,NNP30098,1,김기선,지역구,강원 원주시갑,강원도 원주시 갑,,,새누리당,새누리당,미래통합당,새누리당,2016-05-30,2020-05-29,general,term_end,term_end,,term_start,,term_end,,,,,,,,2016.05.30 ~ 2020.05.29,제20대 새누리당 강원 원주시갑,nfzegpkvaclgtscxt,김기선,40331548,,,False
20,NQR1206Q,1,정진석,지역구,충남 공주시부여군청양군,충청남도 공주시·부여군·청양군,,,새누리당,새누리당,미래통합당,새누리당,2016-05-30,2020-05-29,general,term_end,term_end,,term_start,,term_end,,,,,,,,2016.05.30 ~ 2020.05.29,제20대 새누리당 충남 공주시부여군청양군,nfzegpkvaclgtscxt,정진석 (정치인),40331548,,,False
20,NS06841K,1,이철우,지역구,경북 김천시,경상북도 김천시,,,새누리당,새누리당,자유한국당,새누리당,2016-05-30,2018-05-14,general,resigned,resigned_to_run_for_other_office,경북지사 출마를 위해 의원직 사퇴 / 의원직 사퇴,term_start,,confirmed,wikiseat+nabill,,2018-05-02,,2018-05-14,2018-05-14,PRC_T1R8G0O5H0W2U1O6G4Z1H0N0I6I0E1,2016.05.30 ~ 2018.05.14,제20대 새누리당 경북 김천시,nfzegpkvaclgtscxt,이철우 (1955년),40331548,41820069,,False
20,NTT8182Q,1,김민기,지역구,경기 용인시을,경기도 용인시 을,,,더불어민주당,더불어민주당,더불어민주당,더불어민주당,2016-05-30,2020-05-29,general,term_end,term_end,,term_start,,term_end,,,,,,,,2016.05.30 ~ 2020.05.29,제20대 더불어민주당 경기 용인시을,nfzegpkvaclgtscxt,김민기 (정치인),40331548,,,False
20,NZF1659U,1,정운천,지역구,전북 전주시을,전라북도 전주시 을,,,새누리당,새누리당,미래통합당,새누리당,2016-05-30,2020-05-29,general,term_end,term_end,,term_start,,term_end,,,,,,,,2016.05.30 ~ 2020.05.29,제20대 새누리당 전북 전주시을,nfzegpkvaclgtscxt,정운천,40331548,41820069,,False
20,O0G3169T,1,백승주,지역구,경북 구미시갑,경상북도 구미시 갑,,,새누리당,새누리당,미래통합당,새누리당,2016-05-30,2020-05-29,general,term_end,term_end,,term_start,,term_end,,,,,,,,2016.05.30 ~ 2020.05.29,제20대 새누리당 경북 구미시갑,nfzegpkvaclgtscxt,백승주 (1961년),40331548,,,False
20,O149331C,1,권석창,지역구,충북 제천시단양군,충청북도 제천시·단양군,,,새누리당,새누리당,자유한국당,새누리당,2016-05-30,2018-05-11,general,disqualified,court_ruling_election_law,당선무효 / 의원직 상실,term_start,,confirmed,wikilist+wikiseat,,2018-05-11,,2018-05-11,,,2016.05.30 ~ 2018.05.11,제20대 새누리당 충북 제천시단양군,nfzegpkvaclgtscxt,권석창,40331548,41820069,,False
20,O6D8329R,1,민홍철,지역구,경남 김해시갑,경상남도 김해시 갑,,,더불어민주당,더불어민주당,더불어민주당,더불어민주당,2016-05-30,2020-05-29,general,term_end,term_end,,term_start,,term_end,,,,,,,,2016.05.30 ~ 2020.05.29,제20대 더불어민주당 경남 김해시갑,nexgtxtmaamffofof,민홍철,40331548,,,False
20,O7R5461J,1,윤후덕,지역구,경기 파주시갑,경기도 파주시 갑,,,더불어민주당,더불어민주당,더불어민주당,더불어민주당,2016-05-30,2020-05-29,general,term_end,term_end,,term_start,,term_end,,,,,,,,2016.05.30 ~ 2020.05.29,제20대 더불어민주당 경기 파주시갑,nexgtxtmaamffofof,윤후덕,40331548,,,False
20,O8E1566L,1,최도자,비례대표,비례대표,,국민의당,13,국민의당,국민의당2016,민생당,국민의당,2016-05-30,2020-05-29,general,term_end,term_end,,term_start,,term_end,,,,,,,,2016.05.30 ~ 2020.05.29,제20대 국민의당 비례대표,nfzegpkvaclgtscxt,최도자,40331548,,,False
20,OC037566,1,김규환,비례대표,비례대표,,새누리당,6,새누리당,새누리당,미래통합당,새누리당,2016-05-30,2020-05-29,general,term_end,term_end,,term_start,,term_end,,,,,,,,2016.05.30 ~ 2020.05.29,제20대 새누리당 비례대표,nfzegpkvaclgtscxt,김규환 (1956년),40331548,,,False
20,OQO34632,1,이동섭,비례대표,비례대표,,국민의당,12,국민의당,국민의당2016,민생당,국민의당,2016-05-30,2020-03-19,general,disqualified,pr_seat_lost_on_leaving_party,민생당 탈당으로 인한 의원직 상실 / 의원직 상실,term_start,,confirmed,wikilist+wikiseat,,2020-03-19,,2020-03-19,,,2016.05.30 ~ 2020.03.19,제20대 국민의당 비례대표,nfzegpkvaclgtscxt,이동섭 (1956년),40331548,41820069,,False
20,OSV9142K,1,이만희,지역구,경북 영천시청도군,경상북도 영천시·청도군,,,새누리당,새누리당,미래통합당,새누리당,2016-05-30,2020-05-29,general,term_end,term_end,,term_start,,term_end,,,,,,,,2016.05.30 ~ 2020.05.29,제20대 새누리당 경북 영천시청도군,nexgtxtmaamffofof,이만희 (정치인),40331548,,,False
20,OTE19384,1,박명재,지역구,경북 포항시남구울릉군,경상북도 포항시 남구·울릉군,,,새누리당,새누리당,미래통합당,새누리당,2016-05-30,2020-05-29,general,term_end,term_end,,term_start,,term_end,,,,,,,,2016.05.30 ~ 2020.05.29,제20대 새누리당 경북 포항시남구울릉군,nfzegpkvaclgtscxt,박명재,40331548,,,False
20,OW53107J,1,설훈,지역구,경기 부천시원미구을,경기도 부천시 원미구 을,,,더불어민주당,더불어민주당,더불어민주당,더불어민주당,2016-05-30,2020-05-29,general,term_end,term_end,,term_start,,term_end,,,,,,,,2016.05.30 ~ 2020.05.29,제20대 더불어민주당 경기 부천시원미구을,nfzegpkvaclgtscxt,설훈,40331548,,,False
20,P303213F,1,정병국,지역구,경기 여주시양평군,경기도 여주시·양평군,,,새누리당,새누리당,미래통합당,새누리당,2016-05-30,2020-05-29,general,term_end,term_end,,term_start,,term_end,,,,,,,,2016.05.30 ~ 2020.05.29,제20대 새누리당 경기 여주시양평군,nfzegpkvaclgtscxt,정병국,40331548,41820069,,False
20,PAB29217,1,김성찬,지역구,경남 창원시진해구,경상남도 창원시 진해구,,,새누리당,새누리당,미래통합당,새누리당,2016-05-30,2020-05-29,general,term_end,term_end,,term_start,,term_end,,,,,,,,2016.05.30 ~ 2020.05.29,제20대 새누리당 경남 창원시진해구,nfzegpkvaclgtscxt,김성찬 (1954년),40331548,,,False
20,PAO22428,1,송영길,지역구,인천 계양구을,인천광역시 계양구 을,,,더불어민주당,더불어민주당,더불어민주당,더불어민주당,2016-05-30,2020-05-29,general,term_end,term_end,,term_start,,term_end,,,,,,,,2016.05.30 ~ 2020.05.29,제20대 더불어민주당 인천 계양구을,nexgtxtmaamffofof,송영길 (정치인),40331548,,,False
20,PEP6922S,1,박용진,지역구,서울 강북구을,서울특별시 강북구 을,,,더불어민주당,더불어민주당,더불어민주당,더불어민주당,2016-05-30,2020-05-29,general,term_end,term_end,,term_start,,term_end,,,,,,,,2016.05.30 ~ 2020.05.29,제20대 더불어민주당 서울 강북구을,nfzegpkvaclgtscxt,박용진 (정치인),40331548,,,False
20,PLR62452,1,김영우,지역구,경기 포천시가평군,경기도 포천시·가평군,,,새누리당,새누리당,미래통합당,새누리당,2016-05-30,2020-05-29,general,term_end,term_end,,term_start,,term_end,,,,,,,,2016.05.30 ~ 2020.05.29,제20대 새누리당 경기 포천시가평군,nfzegpkvaclgtscxt,김영우 (1967년),40331548,41820069,,False
20,PP08673W,1,김경수,지역구,경남 김해시을,경상남도 김해시 을,,,더불어민주당,더불어민주당,더불어민주당,더불어민주당,2016-05-30,2018-05-14,general,resigned,resigned_to_run_for_other_office,경남지사 출마를 위해 의원직 사퇴 / 의원직 사퇴,term_start,,confirmed,wikiseat+nabill,,2018-05-03,,2018-05-14,2018-05-14,PRC_Z1D8V0D5W0C3G0N9D0X1E1U1O5Z9D6,2016.05.30 ~ 2018.05.14,제20대 더불어민주당 경남 김해시을,nfzegpkvaclgtscxt,김경수 (정치인),40331548,41820069,,False
20,PWU27609,1,유승민,지역구,대구 동구을,대구광역시 동구 을,,,무소속,무소속,미래통합당,무소속,2016-05-30,2020-05-29,general,term_end,term_end,,term_start,,term_end,,,,,,,,2016.05.30 ~ 2020.05.29,제20대 무소속 대구 동구을,nfzegpkvaclgtscxt,유승민 (정치인),40331548,41820069,,False
20,Q6A9034Q,1,곽대훈,지역구,대구 달서구갑,대구광역시 달서구 갑,,,새누리당,새누리당,무소속,새누리당,2016-05-30,2020-05-29,general,term_end,term_end,,term_start,,term_end,,,,,,,,2016.05.30 ~ 2020.05.29,제20대 새누리당 대구 달서구갑,nfzegpkvaclgtscxt,곽대훈,40331548,,,False
20,Q6G2914I,1,윤종필,비례대표,비례대표,,새누리당,13,새누리당,새누리당,미래통합당,새누리당,2016-05-30,2020-05-29,general,term_end,term_end,,term_start,,term_end,,,,,,,,2016.05.30 ~ 2020.05.29,제20대 새누리당 비례대표,nfzegpkvaclgtscxt,윤종필,40331548,,,False
20,Q9H5708M,1,김진표,지역구,경기 수원시무,경기도 수원시 무,,,더불어민주당,더불어민주당,더불어민주당,더불어민주당,2016-05-30,2020-05-29,general,term_end,term_end,,term_start,,term_end,,,,,,,,2016.05.30 ~ 2020.05.29,제20대 더불어민주당 경기 수원시무,nfzegpkvaclgtscxt,김진표 (정치인),40331548,,,False
20,QB390802,1,김병관,지역구,경기 성남시분당구갑,경기도 성남시 분당구 갑,,,더불어민주당,더불어민주당,더불어민주당,더불어민주당,2016-05-30,2020-05-29,general,term_end,term_end,,term_start,,term_end,,,,,,,,2016.05.30 ~ 2020.05.29,제20대 더불어민주당 경기 성남시분당구갑,nfzegpkvaclgtscxt,김병관 (1973년),40331548,,,False
20,QKY38290,1,여상규,지역구,경남 사천시남해군하동군,경상남도 사천시·남해군·하동군,,,새누리당,새누리당,미래통합당,새누리당,2016-05-30,2020-05-29,general,term_end,term_end,,term_start,,term_end,,,,,,,,2016.05.30 ~ 2020.05.29,제20대 새누리당 경남 사천시남해군하동군,nfzegpkvaclgtscxt,여상규,40331548,41820069,,False
20,QTW6852F,1,이태규,비례대표,비례대표,,국민의당,8,국민의당,국민의당2016,민생당,국민의당,2016-05-30,2020-03-17,general,disqualified,pr_seat_lost_on_leaving_party,민생당 탈당으로 인한 의원직 상실 / 의원직 상실,term_start,,confirmed,wikilist+wikiseat,,2020-03-17,,2020-03-17,,,2016.05.30 ~ 2020.03.17,제20대 국민의당 비례대표,nfzegpkvaclgtscxt,이태규 (1964년),40331548,41820069,,False
20,QUO78839,1,박재호,지역구,부산 남구을,부산광역시 남구 을,,,더불어민주당,더불어민주당,더불어민주당,더불어민주당,2016-05-30,2020-05-29,general,term_end,term_end,,term_start,,term_end,,,,,,,,2016.05.30 ~ 2020.05.29,제20대 더불어민주당 부산 남구을,nfzegpkvaclgtscxt,박재호,40331548,,,False
20,QXD2505Y,1,이후삼,지역구,충북 제천시단양군,충청북도 제천시·단양군,,,더불어민주당,더불어민주당,더불어민주당,더불어민주당,2018-06-14,2020-05-29,by_election,term_end,term_end,,confirmed,wikiseat,term_end,,2018-06-13,,2018-06-14,,,,2018.06.14 ~ 2020.05.29,제20대 더불어민주당 충북 제천시단양군,nfzegpkvaclgtscxt,이후삼,40331548,41820069,,False
20,QZF33498,1,전희경,비례대표,비례대표,,새누리당,9,새누리당,새누리당,미래통합당,새누리당,2016-05-30,2020-05-29,general,term_end,term_end,,term_start,,term_end,,,,,,,,2016.05.30 ~ 2020.05.29,제20대 새누리당 비례대표,nfzegpkvaclgtscxt,전희경,40331548,,,False
20,QZR19240,1,금태섭,지역구,서울 강서구갑,서울특별시 강서구 갑,,,더불어민주당,더불어민주당,더불어민주당,더불어민주당,2016-05-30,2020-05-29,general,term_end,term_end,,term_start,,term_end,,,,,,,,2016.05.30 ~ 2020.05.29,제20대 더불어민주당 서울 강서구갑,nfzegpkvaclgtscxt,금태섭,40331548,,,False
20,QZU9232M,1,김재원,지역구,경북 상주시군위군의성군청송군,경상북도 상주시·군위군·의성군·청송군,,,자유한국당,자유한국당,미래통합당,자유한국당,2017-04-13,2020-05-29,by_election,term_end,term_end,,confirmed,wikilist,term_end,,2017-04-13,,2017-04-12,,,,2017.04.13 ~ 2020.05.29,제20대 자유한국당 경북 상주시군위군의성군청송군,nfzegpkvaclgtscxt,김재원 (1964년),40331548,41820069,,False
20,R365233W,1,홍철호,지역구,경기 김포시을,경기도 김포시 을,,,새누리당,새누리당,미래통합당,새누리당,2016-05-30,2020-05-29,general,term_end,term_end,,term_start,,term_end,,,,,,,,2016.05.30 ~ 2020.05.29,제20대 새누리당 경기 김포시을,nfzegpkvaclgtscxt,홍철호,40331548,41820069,,False
20,R7N74579,1,이수혁,비례대표,비례대표,,더불어민주당,15,더불어민주당,더불어민주당,더불어민주당,더불어민주당,2017-06-22,2019-10-10,succession_pr,resigned,resigned_on_appointment,주미대사 임명으로 의원직 사퇴 / 의원직 상실,confirmed,wikilist+wikiseat,confirmed,wikilist+wikiseat,2017-06-22,2019-10-10,2017-06-22,2019-10-10,,,2017.06.22 ~ 2019.10.10,제20대 더불어민주당 비례대표,nfzegpkvaclgtscxt,이수혁 (외교관),40331548,41820069,,False
20,RCF90176,1,김성식,지역구,서울 관악구갑,서울특별시 관악구 갑,,,국민의당,국민의당2016,무소속,국민의당,2016-05-30,2020-05-29,general,term_end,term_end,,term_start,,term_end,,,,,,,,2016.05.30 ~ 2020.05.29,제20대 국민의당 서울 관악구갑,nfzegpkvaclgtscxt,김성식 (1958년),40331548,,,False
20,RD42006Y,1,송갑석,지역구,광주 서구갑,광주광역시 서구 갑,,,더불어민주당,더불어민주당,더불어민주당,더불어민주당,2018-06-14,2020-05-29,by_election,term_end,term_end,,confirmed,wikiseat,term_end,,2018-06-13,,2018-06-14,,,,2018.06.14 ~ 2020.05.29,제20대 더불어민주당 광주 서구갑,nfzegpkvaclgtscxt,송갑석,40331548,41820069,,False
20,RH454994,1,권미혁,비례대표,비례대표,,더불어민주당,11,더불어민주당,더불어민주당,더불어민주당,더불어민주당,2016-05-30,2020-05-29,general,term_end,term_end,,term_start,,term_end,,,,,,,,2016.05.30 ~ 2020.05.29,제20대 더불어민주당 비례대표,nfzegpkvaclgtscxt,권미혁,40331548,,,False
20,RQQ3807K,1,위성곤,지역구,제주 서귀포시,제주특별자치도 서귀포시,,,더불어민주당,더불어민주당,더불어민주당,더불어민주당,2016-05-30,2020-05-29,general,term_end,term_end,,term_start,,term_end,,,,,,,,2016.05.30 ~ 2020.05.29,제20대 더불어민주당 제주 서귀포시,nfzegpkvaclgtscxt,위성곤,40331548,,,False
20,S824682L,1,박홍근,지역구,서울 중랑구을,서울특별시 중랑구 을,,,더불어민주당,더불어민주당,더불어민주당,더불어민주당,2016-05-30,2020-05-29,general,term_end,term_end,,term_start,,term_end,,,,,,,,2016.05.30 ~ 2020.05.29,제20대 더불어민주당 서울 중랑구을,nexgtxtmaamffofof,박홍근 (정치인),40331548,,,False
20,S8431719,1,박영선,지역구,서울 구로구을,서울특별시 구로구 을,,,더불어민주당,더불어민주당,더불어민주당,더불어민주당,2016-05-30,2020-05-29,general,term_end,term_end,,term_start,,term_end,,,,,,,,2016.05.30 ~ 2020.05.29,제20대 더불어민주당 서울 구로구을,nfzegpkvaclgtscxt,박영선 (정치인),40331548,,,False
20,S9U45255,1,이양수,지역구,강원 속초시고성군양양군,강원도 속초시·고성군·양양군,,,새누리당,새누리당,미래통합당,새누리당,2016-05-30,2020-05-29,general,term_end,term_end,,term_start,,term_end,,,,,,,,2016.05.30 ~ 2020.05.29,제20대 새누리당 강원 속초시고성군양양군,nexgtxtmaamffofof,이양수,40331548,,,False
20,SEK1881Q,1,유재중,지역구,부산 수영구,부산광역시 수영구,,,새누리당,새누리당,미래통합당,새누리당,2016-05-30,2020-05-29,general,term_end,term_end,,term_start,,term_end,,,,,,,,2016.05.30 ~ 2020.05.29,제20대 새누리당 부산 수영구,nfzegpkvaclgtscxt,유재중,40331548,,,False
20,SLW27496,1,나경원,지역구,서울 동작구을,서울특별시 동작구 을,,,새누리당,새누리당,미래통합당,새누리당,2016-05-30,2020-05-29,general,term_end,term_end,,term_start,,term_end,,,,,,,,2016.05.30 ~ 2020.05.29,제20대 새누리당 서울 동작구을,nexgtxtmaamffofof,나경원,40331548,,,False
20,SNJ6318D,1,김무성,지역구,부산 중구영도구,부산광역시 중구·영도구,,,새누리당,새누리당,미래통합당,새누리당,2016-05-30,2020-05-29,general,term_end,term_end,,term_start,,term_end,,,,,,,,2016.05.30 ~ 2020.05.29,제20대 새누리당 부산 중구영도구,nfzegpkvaclgtscxt,김무성,40331548,41820069,,False
20,SQ36001H,1,송기헌,지역구,강원 원주시을,강원도 원주시 을,,,더불어민주당,더불어민주당,더불어민주당,더불어민주당,2016-05-30,2020-05-29,general,term_end,term_end,,term_start,,term_end,,,,,,,,2016.05.30 ~ 2020.05.29,제20대 더불어민주당 강원 원주시을,nexgtxtmaamffofof,송기헌,40331548,,,False
20,SSF6805Q,1,염동열,지역구,강원 태백시횡성군영월군평창군정선군,강원도 태백시·횡성군·영월군·평창군·정선군,,,새누리당,새누리당,미래통합당,새누리당,2016-05-30,2020-05-29,general,term_end,term_end,,term_start,,term_end,,,,,,,,2016.05.30 ~ 2020.05.29,제20대 새누리당 강원 태백시횡성군영월군평창군정선군,nfzegpkvaclgtscxt,염동열,40331548,,,False
20,SU53086M,1,심상정,지역구,경기 고양시갑,경기도 고양시 갑,,,정의당,정의당,정의당,정의당,2016-05-30,2020-05-29,general,term_end,term_end,,term_start,,term_end,,,,,,,,2016.05.30 ~ 2020.05.29,제20대 정의당 경기 고양시갑,nfzegpkvaclgtscxt,심상정,40331548,,,False
20,SVH30067,1,오제세,지역구,충북 청주시서원구,충청북도 청주시 서원구,,,더불어민주당,더불어민주당,더불어민주당,더불어민주당,2016-05-30,2020-05-29,general,term_end,term_end,,term_start,,term_end,,,,,,,,2016.05.30 ~ 2020.05.29,제20대 더불어민주당 충북 청주시서원구,nfzegpkvaclgtscxt,오제세,40331548,,,False
20,SY09851R,1,김중로,비례대표,비례대표,,국민의당,10,국민의당,국민의당2016,민생당,국민의당,2016-05-30,2020-03-19,general,disqualified,pr_seat_lost_on_leaving_party,민생당 탈당으로 인한 의원직 상실 / 의원직 상실,term_start,,confirmed,wikilist+wikiseat,,2020-03-19,,2020-03-19,,,2016.05.30 ~ 2020.03.19,제20대 국민의당 비례대표,nfzegpkvaclgtscxt,김중로,40331548,41820069,,False
20,T2K9554I,1,홍문종,지역구,경기 의정부시을,경기도 의정부시 을,,,새누리당,새누리당,친박신당,새누리당,2016-05-30,2020-05-29,general,term_end,term_end,,term_start,,term_end,,,,,,,,2016.05.30 ~ 2020.05.29,제20대 새누리당 경기 의정부시을,nfzegpkvaclgtscxt,홍문종 (정치인),40331548,,,False
20,TGL10010,1,문미옥,비례대표,비례대표,,더불어민주당,7,더불어민주당,더불어민주당,더불어민주당,더불어민주당,2016-05-30,2017-06-20,general,resigned,resigned_on_appointment,대통령비서실 과학기술보좌관 임명으로 / 의원직 사퇴 / 의원직 상실,term_start,,confirmed,wikilist+wikiseat,,2017-06-20,,2017-06-20,,,2016.05.30 ~ 2017.06.20,제20대 더불어민주당 비례대표,nfzegpkvaclgtscxt,문미옥,40331548,41820069,,False
20,TIS61927,1,양승조,지역구,충남 천안시병,충청남도 천안시 병,,,더불어민주당,더불어민주당,더불어민주당,더불어민주당,2016-05-30,2018-05-14,general,resigned,resigned_to_run_for_other_office,충남지사 출마를 위해 의원직 사퇴 / 의원직 사퇴,term_start,,confirmed,wikiseat+nabill,,2018-05-01,,2018-05-14,2018-05-14,PRC_R1Z8S0Y4G3N0Y1W1K1X0I2Y5X7Z0C6,2016.05.30 ~ 2018.05.14,제20대 더불어민주당 충남 천안시병,nfzegpkvaclgtscxt,양승조,40331548,41820069,,False
20,TKJ4800F,1,서영교,지역구,서울 중랑구갑,서울특별시 중랑구 갑,,,더불어민주당,더불어민주당,더불어민주당,더불어민주당,2016-05-30,2020-05-29,general,term_end,term_end,,term_start,,term_end,,,,,,,,2016.05.30 ~ 2020.05.29,제20대 더불어민주당 서울 중랑구갑,nexgtxtmaamffofof,서영교,40331548,,,False
20,TO79481Z,1,최교일,지역구,경북 영주시문경시예천군,경상북도 영주시·문경시·예천군,,,새누리당,새누리당,미래통합당,새누리당,2016-05-30,2020-05-29,general,term_end,term_end,,term_start,,term_end,,,,,,,,2016.05.30 ~ 2020.05.29,제20대 새누리당 경북 영주시문경시예천군,nfzegpkvaclgtscxt,최교일,40331548,,,False
20,TOU1222X,1,강창일,지역구,제주 제주시갑,제주특별자치도 제주시 갑,,,더불어민주당,더불어민주당,더불어민주당,더불어민주당,2016-05-30,2020-05-29,general,term_end,term_end,,term_start,,term_end,,,,,,,,2016.05.30 ~ 2020.05.29,제20대 더불어민주당 제주 제주시갑,nfzegpkvaclgtscxt,강창일,40331548,,,False
20,TRE2429O,1,강훈식,지역구,충남 아산시을,충청남도 아산시 을,,,더불어민주당,더불어민주당,더불어민주당,더불어민주당,2016-05-30,2020-05-29,general,term_end,term_end,,term_start,,term_end,,,,,,,,2016.05.30 ~ 2020.05.29,제20대 더불어민주당 충남 아산시을,nfzegpkvaclgtscxt,강훈식,40331548,,,False
20,TST4507I,1,안규백,지역구,서울 동대문구갑,서울특별시 동대문구 갑,,,더불어민주당,더불어민주당,더불어민주당,더불어민주당,2016-05-30,2020-05-29,general,term_end,term_end,,term_start,,term_end,,,,,,,,2016.05.30 ~ 2020.05.29,제20대 더불어민주당 서울 동대문구갑,nexgtxtmaamffofof,안규백,40331548,,,False
20,TVF3669B,1,김태흠,지역구,충남 보령시서천군,충청남도 보령시·서천군,,,새누리당,새누리당,미래통합당,새누리당,2016-05-30,2020-05-29,general,term_end,term_end,,term_start,,term_end,,,,,,,,2016.05.30 ~ 2020.05.29,제20대 새누리당 충남 보령시서천군,nfzegpkvaclgtscxt,김태흠,40331548,,,False
20,TWL5801D,1,김영춘,지역구,부산 부산진구갑,부산광역시 부산진구 갑,,,더불어민주당,더불어민주당,더불어민주당,더불어민주당,2016-05-30,2020-05-29,general,term_end,term_end,,term_start,,term_end,,,,,,,,2016.05.30 ~ 2020.05.29,제20대 더불어민주당 부산 부산진구갑,nfzegpkvaclgtscxt,김영춘 (1962년),40331548,,,False
20,TZD17894,1,원유철,지역구,경기 평택시갑,경기도 평택시 갑,,,새누리당,새누리당,미래통합당,새누리당,2016-05-30,2020-05-29,general,term_end,term_end,,term_start,,term_end,,,,,,,,2016.05.30 ~ 2020.05.29,제20대 새누리당 경기 평택시갑,nfzegpkvaclgtscxt,원유철,40331548,,,False
20,TZP9391O,1,이철규,지역구,강원 동해시삼척시,강원도 동해시·삼척시,,,무소속,무소속,미래통합당,무소속,2016-05-30,2020-05-29,general,term_end,term_end,,term_start,,term_end,,,,,,,,2016.05.30 ~ 2020.05.29,제20대 무소속 강원 동해시삼척시,nexgtxtmaamffofof,이철규 (1957년),40331548,,,False
20,U013741R,1,최명길,지역구,서울 송파구을,서울특별시 송파구 을,,,더불어민주당,더불어민주당,국민의당,더불어민주당,2016-05-30,2017-12-05,general,disqualified,court_ruling_election_law,공직선거법 위반으로 의원직 상실 / 의원직 상실,term_start,,confirmed,wikilist+wikiseat,,2017-12-05,,2017-12-05,,,2016.05.30 ~ 2017.12.05,제20대 더불어민주당 서울 송파구을,nfzegpkvaclgtscxt,최명길 (1961년),40331548,41820069,,False
20,U9G5099O,1,윤영일,지역구,전남 해남군완도군진도군,전라남도 해남군·완도군·진도군,,,국민의당,국민의당2016,민생당,국민의당,2016-05-30,2020-05-29,general,term_end,term_end,,term_start,,term_end,,,,,,,,2016.05.30 ~ 2020.05.29,제20대 국민의당 전남 해남군완도군진도군,nfzegpkvaclgtscxt,윤영일,40331548,,,False
20,UDB4825U,1,박주현,비례대표,비례대표,,국민의당,3,국민의당,국민의당2016,민생당,국민의당,2016-05-30,2020-05-29,general,term_end,term_end,,term_start,,term_end,,,,,,,,2016.05.30 ~ 2020.05.29,제20대 국민의당 비례대표,nfzegpkvaclgtscxt,박주현 (1963년),40331548,,,False
20,UGH6481E,1,김상희,지역구,경기 부천시소사구,경기도 부천시 소사구,,,더불어민주당,더불어민주당,더불어민주당,더불어민주당,2016-05-30,2020-05-29,general,term_end,term_end,,term_start,,term_end,,,,,,,,2016.05.30 ~ 2020.05.29,제20대 더불어민주당 경기 부천시소사구,nfzegpkvaclgtscxt,김상희 (1954년),40331548,,,False
20,UIZ3103R,1,김부겸,지역구,대구 수성구갑,대구광역시 수성구 갑,,,더불어민주당,더불어민주당,더불어민주당,더불어민주당,2016-05-30,2020-05-29,general,term_end,term_end,,term_start,,term_end,,,,,,,,2016.05.30 ~ 2020.05.29,제20대 더불어민주당 대구 수성구갑,nfzegpkvaclgtscxt,김부겸,40331548,,,False
20,UM51067K,1,인재근,지역구,서울 도봉구갑,서울특별시 도봉구 갑,,,더불어민주당,더불어민주당,더불어민주당,더불어민주당,2016-05-30,2020-05-29,general,term_end,term_end,,term_start,,term_end,,,,,,,,2016.05.30 ~ 2020.05.29,제20대 더불어민주당 서울 도봉구갑,nfzegpkvaclgtscxt,인재근,40331548,,,False
20,UQ282145,1,이재정,비례대표,비례대표,,더불어민주당,5,더불어민주당,더불어민주당,더불어민주당,더불어민주당,2016-05-30,2020-05-29,general,term_end,term_end,,term_start,,term_end,,,,,,,,2016.05.30 ~ 2020.05.29,제20대 더불어민주당 비례대표,nexgtxtmaamffofof,이재정 (1974년),40331548,,,False
20,URV1689Q,1,추미애,지역구,서울 광진구을,서울특별시 광진구 을,,,더불어민주당,더불어민주당,더불어민주당,더불어민주당,2016-05-30,2020-05-29,general,term_end,term_end,,term_start,,term_end,,,,,,,,2016.05.30 ~ 2020.05.29,제20대 더불어민주당 서울 광진구을,nfzegpkvaclgtscxt,추미애,40331548,,,False
20,V0O5343U,1,우상호,지역구,서울 서대문구갑,서울특별시 서대문구 갑,,,더불어민주당,더불어민주당,더불어민주당,더불어민주당,2016-05-30,2020-05-29,general,term_end,term_end,,term_start,,term_end,,,,,,,,2016.05.30 ~ 2020.05.29,제20대 더불어민주당 서울 서대문구갑,nfzegpkvaclgtscxt,우상호,40331548,,,False
20,V2R7430Z,1,이춘석,지역구,전북 익산시갑,전라북도 익산시 갑,,,더불어민주당,더불어민주당,더불어민주당,더불어민주당,2016-05-30,2020-05-29,general,term_end,term_end,,term_start,,term_end,,,,,,,,2016.05.30 ~ 2020.05.29,제20대 더불어민주당 전북 익산시갑,nexgtxtmaamffofof,이춘석,40331548,,,False
20,V429892C,1,정성호,지역구,경기 양주시,경기도 양주시,,,더불어민주당,더불어민주당,더불어민주당,더불어민주당,2016-05-30,2020-05-29,general,term_end,term_end,,term_start,,term_end,,,,,,,,2016.05.30 ~ 2020.05.29,제20대 더불어민주당 경기 양주시,nexgtxtmaamffofof,정성호 (1962년),40331548,,,False
20,V8I36226,1,장병완,지역구,광주 동구남구갑,광주광역시 동구·남구 갑,,,국민의당,국민의당2016,민생당,국민의당,2016-05-30,2020-05-29,general,term_end,term_end,,term_start,,term_end,,,,,,,,2016.05.30 ~ 2020.05.29,제20대 국민의당 광주 동구남구갑,nfzegpkvaclgtscxt,장병완,40331548,,,False
20,VE469451,1,최재성,지역구,서울 송파구을,서울특별시 송파구 을,,,더불어민주당,더불어민주당,더불어민주당,더불어민주당,2018-06-14,2020-05-29,by_election,term_end,term_end,,confirmed,wikiseat,term_end,,2018-06-13,,2018-06-14,,,,2018.06.14 ~ 2020.05.29,제20대 더불어민주당 서울 송파구을,nfzegpkvaclgtscxt,최재성 (정치인),40331548,41820069,,False
20,VHK3402G,1,정우택,지역구,충북 청주시상당구,충청북도 청주시 상당구,,,새누리당,새누리당,미래통합당,새누리당,2016-05-30,2020-05-29,general,term_end,term_end,,term_start,,term_end,,,,,,,,2016.05.30 ~ 2020.05.29,제20대 새누리당 충북 청주시상당구,nfzegpkvaclgtscxt,정우택 (1953년),40331548,,,False
20,VNF2868Z,1,조원진,지역구,대구 달서구병,대구광역시 달서구 병,,,새누리당,새누리당,우리공화당,새누리당,2016-05-30,2020-05-29,general,term_end,term_end,,term_start,,term_end,,,,,,,,2016.05.30 ~ 2020.05.29,제20대 새누리당 대구 달서구병,nfzegpkvaclgtscxt,조원진,40331548,,,False
20,VXQ28579,1,심재권,지역구,서울 강동구을,서울특별시 강동구 을,,,더불어민주당,더불어민주당,더불어민주당,더불어민주당,2016-05-30,2020-05-29,general,term_end,term_end,,term_start,,term_end,,,,,,,,2016.05.30 ~ 2020.05.29,제20대 더불어민주당 서울 강동구을,nfzegpkvaclgtscxt,심재권,40331548,,,False
20,W168182V,1,김관영,지역구,전북 군산시,전라북도 군산시,,,국민의당,국민의당2016,무소속,국민의당,2016-05-30,2020-05-29,general,term_end,term_end,,term_start,,term_end,,,,,,,,2016.05.30 ~ 2020.05.29,제20대 국민의당 전북 군산시,nfzegpkvaclgtscxt,김관영,40331548,,,False
20,W4X85128,1,박대출,지역구,경남 진주시갑,경상남도 진주시 갑,,,새누리당,새누리당,미래통합당,새누리당,2016-05-30,2020-05-29,general,term_end,term_end,,term_start,,term_end,,,,,,,,2016.05.30 ~ 2020.05.29,제20대 새누리당 경남 진주시갑,nexgtxtmaamffofof,박대출,40331548,,,False
20,WDR7061Y,1,이종걸,지역구,경기 안양시만안구,경기도 안양시 만안구,,,더불어민주당,더불어민주당,더불어민주당,더불어민주당,2016-05-30,2020-05-29,general,term_end,term_end,,term_start,,term_end,,,,,,,,2016.05.30 ~ 2020.05.29,제20대 더불어민주당 경기 안양시만안구,nfzegpkvaclgtscxt,이종걸,40331548,,,False
20,WDS6044S,1,이채익,지역구,울산 남구갑,울산광역시 남구 갑,,,새누리당,새누리당,미래통합당,새누리당,2016-05-30,2020-05-29,general,term_end,term_end,,term_start,,term_end,,,,,,,,2016.05.30 ~ 2020.05.29,제20대 새누리당 울산 남구갑,nfzegpkvaclgtscxt,이채익,40331548,,,False
20,WNN9272X,1,장석춘,지역구,경북 구미시을,경상북도 구미시 을,,,새누리당,새누리당,미래통합당,새누리당,2016-05-30,2020-05-29,general,term_end,term_end,,term_start,,term_end,,,,,,,,2016.05.30 ~ 2020.05.29,제20대 새누리당 경북 구미시을,nfzegpkvaclgtscxt,장석춘,40331548,,,False
20,WV97281W,1,문진국,비례대표,비례대표,,새누리당,4,새누리당,새누리당,미래통합당,새누리당,2016-05-30,2020-05-29,general,term_end,term_end,,term_start,,term_end,,,,,,,,2016.05.30 ~ 2020.05.29,제20대 새누리당 비례대표,nfzegpkvaclgtscxt,문진국,40331548,,,False
20,WVU2479T,1,이상헌,지역구,울산 북구,울산광역시 북구,,,더불어민주당,더불어민주당,더불어민주당,더불어민주당,2018-06-14,2020-05-29,by_election,term_end,term_end,,confirmed,wikiseat,term_end,,2018-06-13,,2018-06-14,,,,2018.06.14 ~ 2020.05.29,제20대 더불어민주당 울산 북구,nfzegpkvaclgtscxt,이상헌 (1954년),40331548,41820069,,False
20,WYC63862,1,신창현,지역구,경기 의왕시과천시,경기도 의왕시·과천시,,,더불어민주당,더불어민주당,더불어민주당,더불어민주당,2016-05-30,2020-05-29,general,term_end,term_end,,term_start,,term_end,,,,,,,,2016.05.30 ~ 2020.05.29,제20대 더불어민주당 경기 의왕시과천시,nfzegpkvaclgtscxt,신창현 (정치인),40331548,,,False
20,X9Y63914,1,이용주,지역구,전남 여수시갑,전라남도 여수시 갑,,,국민의당,국민의당2016,무소속,국민의당,2016-05-30,2020-05-29,general,term_end,term_end,,term_start,,term_end,,,,,,,,2016.05.30 ~ 2020.05.29,제20대 국민의당 전남 여수시갑,nfzegpkvaclgtscxt,이용주 (정치인),40331548,,,False
20,XBT9550Q,1,우원식,지역구,서울 노원구을,서울특별시 노원구 을,,,더불어민주당,더불어민주당,더불어민주당,더불어민주당,2016-05-30,2020-05-29,general,term_end,term_end,,term_start,,term_end,,,,,,,,2016.05.30 ~ 2020.05.29,제20대 더불어민주당 서울 노원구을,nexgtxtmaamffofof,우원식,40331548,,,False
20,XEF29171,1,안호영,지역구,전북 완주군진안군무주군장수군,전라북도 완주군·진안군·무주군·장수군,,,더불어민주당,더불어민주당,더불어민주당,더불어민주당,2016-05-30,2020-05-29,general,term_end,term_end,,term_start,,term_end,,,,,,,,2016.05.30 ~ 2020.05.29,제20대 더불어민주당 전북 완주군진안군무주군장수군,nexgtxtmaamffofof,안호영 (1965년),40331548,,,False
20,XPP2564T,1,한정애,지역구,서울 강서구병,서울특별시 강서구 병,,,더불어민주당,더불어민주당,더불어민주당,더불어민주당,2016-05-30,2020-05-29,general,term_end,term_end,,term_start,,term_end,,,,,,,,2016.05.30 ~ 2020.05.29,제20대 더불어민주당 서울 강서구병,nexgtxtmaamffofof,한정애,40331548,,,False
20,XQ98168F,1,강길부,지역구,울산 울주군,울산광역시 울주군,,,무소속,무소속,무소속,무소속,2016-05-30,2020-05-29,general,term_end,term_end,,term_start,,term_end,,,,,,,,2016.05.30 ~ 2020.05.29,제20대 무소속 울산 울주군,nfzegpkvaclgtscxt,강길부,40331548,41820069,,False
20,XSP20229,1,김성환,지역구,서울 노원구병,서울특별시 노원구 병,,,더불어민주당,더불어민주당,더불어민주당,더불어민주당,2018-06-14,2020-05-29,by_election,term_end,term_end,,confirmed,wikiseat,term_end,,2018-06-13,,2018-06-14,,,,2018.06.14 ~ 2020.05.29,제20대 더불어민주당 서울 노원구병,nexgtxtmaamffofof,김성환 (1965년),40331548,41820069,,False
20,XT18076X,1,박주선,지역구,광주 동구남구을,광주광역시 동구·남구 을,,,국민의당,국민의당2016,민생당,국민의당,2016-05-30,2020-05-29,general,term_end,term_end,,term_start,,term_end,,,,,,,,2016.05.30 ~ 2020.05.29,제20대 국민의당 광주 동구남구을,nfzegpkvaclgtscxt,박주선,40331548,,,False
20,XTB3104O,1,추혜선,비례대표,비례대표,,정의당,3,정의당,정의당,정의당,정의당,2016-05-30,2020-05-29,general,term_end,term_end,,term_start,,term_end,,,,,,,,2016.05.30 ~ 2020.05.29,제20대 정의당 비례대표,nfzegpkvaclgtscxt,추혜선,40331548,,,False
20,Y3E8697I,1,민경욱,지역구,인천 연수구을,인천광역시 연수구 을,,,새누리당,새누리당,미래통합당,새누리당,2016-05-30,2020-05-29,general,term_end,term_end,,term_start,,term_end,,,,,,,,2016.05.30 ~ 2020.05.29,제20대 새누리당 인천 연수구을,nfzegpkvaclgtscxt,민경욱,40331548,,,False
20,YBM9779M,1,김한표,지역구,경남 거제시,경상남도 거제시,,,새누리당,새누리당,미래통합당,새누리당,2016-05-30,2020-05-29,general,term_end,term_end,,term_start,,term_end,,,,,,,,2016.05.30 ~ 2020.05.29,제20대 새누리당 경남 거제시,nfzegpkvaclgtscxt,김한표,40331548,,,False
20,YKW37422,1,권은희,지역구,광주 광산구을,광주광역시 광산구 을,,,국민의당,국민의당2016,국민의당,국민의당,2016-05-30,2020-05-29,general,term_end,term_end,,term_start,,term_end,,,,,,,,2016.05.30 ~ 2020.05.29,제20대 국민의당 광주 광산구을,nfzegpkvaclgtscxt,권은희 (1974년),40331548,,,False
20,YLM92014,1,박순자,지역구,경기 안산시단원구을,경기도 안산시 단원구 을,,,새누리당,새누리당,미래통합당,새누리당,2016-05-30,2020-05-29,general,term_end,term_end,,term_start,,term_end,,,,,,,,2016.05.30 ~ 2020.05.29,제20대 새누리당 경기 안산시단원구을,nfzegpkvaclgtscxt,박순자,40331548,,,False
20,YOG1280B,1,안철수,지역구,서울 노원구병,서울특별시 노원구 병,,,국민의당,국민의당2016,국민의당,국민의당,2016-05-30,2017-04-17,general,resigned,resigned_to_run_for_other_office,19대 대선 출마로 의원직 사퇴 / 의원직 사퇴,term_start,,confirmed,wikilist+wikiseat+nabill,,2017-04-17,,2017-04-17,2017-04-17,PRC_J1I7E0T4Q1O7J1T0G4B7M3M3Y8F1L8,2016.05.30 ~ 2017.04.17,제20대 국민의당 서울 노원구병,nexgtxtmaamffofof,안철수,40331548,41820069,,False
20,YVN3115U,1,김경진,지역구,광주 북구갑,광주광역시 북구 갑,,,국민의당,국민의당2016,무소속,국민의당,2016-05-30,2020-05-29,general,term_end,term_end,,term_start,,term_end,,,,,,,,2016.05.30 ~ 2020.05.29,제20대 국민의당 광주 북구갑,nfzegpkvaclgtscxt,김경진 (정치인),40331548,,,False
20,ZA54991S,1,안민석,지역구,경기 오산시,경기도 오산시,,,더불어민주당,더불어민주당,더불어민주당,더불어민주당,2016-05-30,2020-05-29,general,term_end,term_end,,term_start,,term_end,,,,,,,,2016.05.30 ~ 2020.05.29,제20대 더불어민주당 경기 오산시,nfzegpkvaclgtscxt,안민석,40331548,,,False
20,ZBX31520,1,손혜원,지역구,서울 마포구을,서울특별시 마포구 을,,,더불어민주당,더불어민주당,열린민주당,더불어민주당,2016-05-30,2020-05-29,general,term_end,term_end,,term_start,,term_end,,,,,,,,2016.05.30 ~ 2020.05.29,제20대 더불어민주당 서울 마포구을,nfzegpkvaclgtscxt,손혜원,40331548,,,False
20,ZDR63255,1,소병훈,지역구,경기 광주시갑,경기도 광주시 갑,,,더불어민주당,더불어민주당,더불어민주당,더불어민주당,2016-05-30,2020-05-29,general,term_end,term_end,,term_start,,term_end,,,,,,,,2016.05.30 ~ 2020.05.29,제20대 더불어민주당 경기 광주시갑,nexgtxtmaamffofof,소병훈,40331548,,,False
20,ZGA4092Y,1,정용기,지역구,대전 대덕구,대전광역시 대덕구,,,새누리당,새누리당,미래통합당,새누리당,2016-05-30,2020-05-29,general,term_end,term_end,,term_start,,term_end,,,,,,,,2016.05.30 ~ 2020.05.29,제20대 새누리당 대전 대덕구,nfzegpkvaclgtscxt,정용기 (1962년),40331548,,,False
20,ZJI5740K,1,최운열,비례대표,비례대표,,더불어민주당,4,더불어민주당,더불어민주당,더불어민주당,더불어민주당,2016-05-30,2020-05-29,general,term_end,term_end,,term_start,,term_end,,,,,,,,2016.05.30 ~ 2020.05.29,제20대 더불어민주당 비례대표,nfzegpkvaclgtscxt,최운열,40331548,,,False
20,ZKU88693,1,김경협,지역구,경기 부천시원미구갑,경기도 부천시 원미구 갑,,,더불어민주당,더불어민주당,더불어민주당,더불어민주당,2016-05-30,2020-05-29,general,term_end,term_end,,term_start,,term_end,,,,,,,,2016.05.30 ~ 2020.05.29,제20대 더불어민주당 경기 부천시원미구갑,nfzegpkvaclgtscxt,김경협,40331548,,,False
20,ZL32287Z,1,김삼화,비례대표,비례대표,,국민의당,9,국민의당,국민의당2016,민생당,국민의당,2016-05-30,2020-03-19,general,disqualified,pr_seat_lost_on_leaving_party,민생당 탈당으로 인한 의원직 상실 / 의원직 상실,term_start,,confirmed,wikilist+wikiseat,,2020-03-19,,2020-03-19,,,2016.05.30 ~ 2020.03.19,제20대 국민의당 비례대표,nfzegpkvaclgtscxt,김삼화,40331548,41820069,,False
20,ZRF3039U,1,윤재옥,지역구,대구 달서구을,대구광역시 달서구 을,,,새누리당,새누리당,미래통합당,새누리당,2016-05-30,2020-05-29,general,term_end,term_end,,term_start,,term_end,,,,,,,,2016.05.30 ~ 2020.05.29,제20대 새누리당 대구 달서구을,nexgtxtmaamffofof,윤재옥,40331548,,,False
20,ZX71333R,1,한선교,지역구,경기 용인시병,경기도 용인시 병,,,새누리당,새누리당,미래통합당,새누리당,2016-05-30,2020-05-29,general,term_end,term_end,,term_start,,term_end,,,,,,,,2016.05.30 ~ 2020.05.29,제20대 새누리당 경기 용인시병,nfzegpkvaclgtscxt,한선교,40331548,,,False
20,ZYH1940A,1,이상민,지역구,대전 유성구을,대전광역시 유성구 을,,,더불어민주당,더불어민주당,더불어민주당,더불어민주당,2016-05-30,2020-05-29,general,term_end,term_end,,term_start,,term_end,,,,,,,,2016.05.30 ~ 2020.05.29,제20대 더불어민주당 대전 유성구을,nfzegpkvaclgtscxt,이상민 (1958년),40331548,,,False
20,ZYP7962W,1,김석기,지역구,경북 경주시,경상북도 경주시,,,새누리당,새누리당,미래통합당,새누리당,2016-05-30,2020-05-29,general,term_end,term_end,,term_start,,term_end,,,,,,,,2016.05.30 ~ 2020.05.29,제20대 새누리당 경북 경주시,nexgtxtmaamffofof,김석기 (1954년),40331548,,,False
21,04T3751T,1,남인순,지역구,서울 송파구병,서울특별시 송파구 병,,,더불어민주당,더불어민주당,더불어민주당,더불어민주당,2020-05-30,2024-05-29,general,term_end,term_end,,term_start,,term_end,,,,,,,,2020.05.30 ~ 2024.05.29,제21대 더불어민주당 서울 송파구병,nexgtxtmaamffofof,남인순,42148778,,,False
21,0767470D,1,이낙연,지역구,서울 종로구,서울특별시 종로구,,,더불어민주당,더불어민주당,더불어민주당,더불어민주당,2020-05-30,2021-09-15,general,resigned,resigned_other,제20대 대선 당경선 참여로 인해 의원직 사퇴 / 의원직 사퇴,term_start,,confirmed,wikilist+wikiseat+nabill,,2021-09-15,,2021-09-15,2021-09-15,PRC_A2H1R0R9O0Z8K1O7P4J1K1R6L3B3I8,2020.05.30 ~ 2021.09.15,제21대 더불어민주당 서울 종로구,nfzegpkvaclgtscxt,이낙연,42148778,41820079,,False
21,0827740Q,1,노웅래,지역구,서울 마포구갑,서울특별시 마포구 갑,,,더불어민주당,더불어민주당,더불어민주당,더불어민주당,2020-05-30,2024-05-29,general,term_end,term_end,,term_start,,term_end,,,,,,,,2020.05.30 ~ 2024.05.29,제21대 더불어민주당 서울 마포구갑,nfzegpkvaclgtscxt,노웅래,42148778,,,False
21,09I2323E,1,김한정,지역구,경기 남양주시을,경기도 남양주시 을,,,더불어민주당,더불어민주당,더불어민주당,더불어민주당,2020-05-30,2024-05-29,general,term_end,term_end,,term_start,,term_end,,,,,,,,2020.05.30 ~ 2024.05.29,제21대 더불어민주당 경기 남양주시을,nfzegpkvaclgtscxt,김한정,42148778,,,False
21,0PK7354M,1,서동용,지역구,전남 순천시광양시곡성군구례군을,전라남도 순천시·광양시·곡성군·구례군 을,,,더불어민주당,더불어민주당,더불어민주당,더불어민주당,2020-05-30,2024-05-29,general,term_end,term_end,,term_start,,term_end,,,,,,,,2020.05.30 ~ 2024.05.29,제21대 더불어민주당 전남 순천시광양시곡성군구례군을,nfzegpkvaclgtscxt,서동용,42148778,,,False
21,0R68099X,1,이수진,비례대표,비례대표,,더불어시민당,13,더불어시민당,더불어시민당,더불어민주당,더불어시민당,2020-05-30,2024-05-29,general,term_end,term_end,,term_start,,term_end,,,,,,,,2020.05.30 ~ 2024.05.29,제21대 더불어시민당 비례대표,nexgtxtmaamffofof,이수진 (간호사 출신 정치인),42148778,,,False
21,0VU8517U,1,황희,지역구,서울 양천구갑,서울특별시 양천구 갑,,,더불어민주당,더불어민주당,더불어민주당,더불어민주당,2020-05-30,2024-05-29,general,term_end,term_end,,term_start,,term_end,,,,,,,,2020.05.30 ~ 2024.05.29,제21대 더불어민주당 서울 양천구갑,nexgtxtmaamffofof,황희 (1967년),42148778,,,False
21,0W194007,1,김영주,지역구,서울 영등포구갑,서울특별시 영등포구 갑,,,더불어민주당,더불어민주당,국민의힘,더불어민주당,2020-05-30,2024-05-29,general,term_end,term_end,,term_start,,term_end,,,,,,,,2020.05.30 ~ 2024.05.29,제21대 더불어민주당 서울 영등포구갑,nfzegpkvaclgtscxt,김영주 (1955년),42148778,,,False
21,0WL9321T,1,유정주,비례대표,비례대표,,더불어시민당,10,더불어시민당,더불어시민당,더불어민주당,더불어시민당,2020-05-30,2024-05-29,general,term_end,term_end,,term_start,,term_end,,,,,,,,2020.05.30 ~ 2024.05.29,제21대 더불어시민당 비례대표,nfzegpkvaclgtscxt,유정주,42148778,,,False
21,0YT3774N,1,황운하,지역구,대전 중구,대전광역시 중구,,,더불어민주당,더불어민주당,조국혁신당,더불어민주당,2020-05-30,2024-05-29,general,term_end,term_end,,term_start,,term_end,,,,,,,,2020.05.30 ~ 2024.05.29,제21대 더불어민주당 대전 중구,nexgtxtmaamffofof,황운하,42148778,,,False
21,14M56632,1,강기윤,지역구,경남 창원시성산구,경상남도 창원시 성산구,,,미래통합당,미래통합당,국민의힘,미래통합당,2020-05-30,2024-05-29,general,term_end,term_end,,term_start,,term_end,,,,,,,,2020.05.30 ~ 2024.05.29,제21대 미래통합당 경남 창원시성산구,nfzegpkvaclgtscxt,강기윤,42148778,,,False
21,16D7652C,1,이원욱,지역구,경기 화성시을,경기도 화성시 을,,,더불어민주당,더불어민주당,개혁신당,더불어민주당,2020-05-30,2024-05-29,general,term_end,term_end,,term_start,,term_end,,,,,,,,2020.05.30 ~ 2024.05.29,제21대 더불어민주당 경기 화성시을,nfzegpkvaclgtscxt,이원욱,42148778,,,False
21,17M85910,1,소병철,지역구,전남 순천시광양시곡성군구례군갑,전라남도 순천시·광양시·곡성군·구례군 갑,,,더불어민주당,더불어민주당,더불어민주당,더불어민주당,2020-05-30,2024-05-29,general,term_end,term_end,,term_start,,term_end,,,,,,,,2020.05.30 ~ 2024.05.29,제21대 더불어민주당 전남 순천시광양시곡성군구례군갑,nfzegpkvaclgtscxt,소병철,42148778,,,False
21,1BX7234U,1,김경만,비례대표,비례대표,,더불어시민당,2,더불어시민당,더불어시민당,더불어민주당,더불어시민당,2020-05-30,2024-05-29,general,term_end,term_end,,term_start,,term_end,,,,,,,,2020.05.30 ~ 2024.05.29,제21대 더불어시민당 비례대표,nfzegpkvaclgtscxt,김경만 (1962년),42148778,,,False
21,1MU99298,1,김철민,지역구,경기 안산시상록구을,경기도 안산시 상록구 을,,,더불어민주당,더불어민주당,더불어민주당,더불어민주당,2020-05-30,2024-05-29,general,term_end,term_end,,term_start,,term_end,,,,,,,,2020.05.30 ~ 2024.05.29,제21대 더불어민주당 경기 안산시상록구을,nfzegpkvaclgtscxt,김철민 (1957년),42148778,,,False
21,1WE5693J,1,김태년,지역구,경기 성남시수정구,경기도 성남시 수정구,,,더불어민주당,더불어민주당,더불어민주당,더불어민주당,2020-05-30,2024-05-29,general,term_end,term_end,,term_start,,term_end,,,,,,,,2020.05.30 ~ 2024.05.29,제21대 더불어민주당 경기 성남시수정구,nexgtxtmaamffofof,김태년 (1965년),42148778,,,False
21,1X376850,1,이영,비례대표,비례대표,,미래한국당,13,미래한국당,미래한국당,국민의힘,미래한국당,2020-05-30,2022-05-20,general,resigned,resigned_on_appointment,중소벤처기업부 장관 취임으로 의원직 사직 / 의원직 사퇴,term_start,,confirmed,wikilist+wikiseat+nabill,,2022-05-20,,2022-05-20,2022-05-20,PRC_J2D2J0A5V1E7W1K1L4R0Q2Y6N5L8E1,2020.05.30 ~ 2022.05.20,제21대 미래한국당 비례대표,nfzegpkvaclgtscxt,이영 (1969년),42148778,41820079,,False
21,1Y73132H,1,김상훈,지역구,대구 서구,대구광역시 서구,,,미래통합당,미래통합당,국민의힘,미래통합당,2020-05-30,2024-05-29,general,term_end,term_end,,term_start,,term_end,,,,,,,,2020.05.30 ~ 2024.05.29,제21대 미래통합당 대구 서구,nexgtxtmaamffofof,김상훈 (1963년),42148778,,,False
21,21N57758,1,오영훈,지역구,제주 제주시을,제주특별자치도 제주시 을,,,더불어민주당,더불어민주당,더불어민주당,더불어민주당,2020-05-30,2022-04-29,general,resigned,resigned_to_run_for_other_office,제8회 전국동시지방선거 출마로 사직 / 의원직 사퇴,term_start,,confirmed,wikilist+wikiseat+nabill,,2022-04-29,,2022-04-29,2022-04-29,PRC_I2Q2O0G4F2U9G1V0W2B3E4Y7X9P4R6,2020.05.30 ~ 2022.04.29,제21대 더불어민주당 제주 제주시을,nfzegpkvaclgtscxt,오영훈,42148778,41820079,,False
21,2385336L,1,정청래,지역구,서울 마포구을,서울특별시 마포구 을,,,더불어민주당,더불어민주당,더불어민주당,더불어민주당,2020-05-30,2024-05-29,general,term_end,term_end,,term_start,,term_end,,,,,,,,2020.05.30 ~ 2024.05.29,제21대 더불어민주당 서울 마포구을,nexgtxtmaamffofof,정청래,42148778,,,False
21,25I8709Q,1,조오섭,지역구,광주 북구갑,광주광역시 북구 갑,,,더불어민주당,더불어민주당,더불어민주당,더불어민주당,2020-05-30,2024-05-29,general,term_end,term_end,,term_start,,term_end,,,,,,,,2020.05.30 ~ 2024.05.29,제21대 더불어민주당 광주 북구갑,nfzegpkvaclgtscxt,조오섭,42148778,,,False
21,2N793392,1,홍성국,지역구,세종특별자치시갑,세종특별자치시 세종특별자치시 갑,,,더불어민주당,더불어민주당,더불어민주당,더불어민주당,2020-05-30,2024-05-29,general,term_end,term_end,,term_start,,term_end,,,,,,,,2020.05.30 ~ 2024.05.29,제21대 더불어민주당 세종특별자치시갑,nfzegpkvaclgtscxt,홍성국,42148778,,,False
21,2NV6751W,1,장철민,지역구,대전 동구,대전광역시 동구,,,더불어민주당,더불어민주당,더불어민주당,더불어민주당,2020-05-30,2024-05-29,general,term_end,term_end,,term_start,,term_end,,,,,,,,2020.05.30 ~ 2024.05.29,제21대 더불어민주당 대전 동구,nexgtxtmaamffofof,장철민 (정치인),42148778,,,False
21,2UD1340H,1,김성주,지역구,전북 전주시병,전북특별자치도 전주시 병,,,더불어민주당,더불어민주당,더불어민주당,더불어민주당,2020-05-30,2024-05-29,general,term_end,term_end,,term_start,,term_end,,,,,,,,2020.05.30 ~ 2024.05.29,제21대 더불어민주당 전북 전주시병,nfzegpkvaclgtscxt,김성주 (1964년),42148778,,,False
21,3249208I,1,송옥주,지역구,경기 화성시갑,경기도 화성시 갑,,,더불어민주당,더불어민주당,더불어민주당,더불어민주당,2020-05-30,2024-05-29,general,term_end,term_end,,term_start,,term_end,,,,,,,,2020.05.30 ~ 2024.05.29,제21대 더불어민주당 경기 화성시갑,nexgtxtmaamffofof,송옥주,42148778,,,False
21,3425169D,1,정필모,비례대표,비례대표,,더불어시민당,8,더불어시민당,더불어시민당,더불어민주당,더불어시민당,2020-05-30,2024-05-29,general,term_end,term_end,,term_start,,term_end,,,,,,,,2020.05.30 ~ 2024.05.29,제21대 더불어시민당 비례대표,nfzegpkvaclgtscxt,정필모,42148778,,,False
21,3BC6890E,1,김미애,지역구,부산 해운대구을,부산광역시 해운대구 을,,,미래통합당,미래통합당,국민의힘,미래통합당,2020-05-30,2024-05-29,general,term_end,term_end,,term_start,,term_end,,,,,,,,2020.05.30 ~ 2024.05.29,제21대 미래통합당 부산 해운대구을,nexgtxtmaamffofof,김미애 (1969년),42148778,,,False
21,3C23171A,1,진성준,지역구,서울 강서구을,서울특별시 강서구 을,,,더불어민주당,더불어민주당,더불어민주당,더불어민주당,2020-05-30,2024-05-29,general,term_end,term_end,,term_start,,term_end,,,,,,,,2020.05.30 ~ 2024.05.29,제21대 더불어민주당 서울 강서구을,nexgtxtmaamffofof,진성준,42148778,,,False
21,3DK8989T,1,최춘식,지역구,경기 포천시가평군,경기도 포천시·가평군,,,미래통합당,미래통합당,국민의힘,미래통합당,2020-05-30,2024-05-29,general,term_end,term_end,,term_start,,term_end,,,,,,,,2020.05.30 ~ 2024.05.29,제21대 미래통합당 경기 포천시가평군,nfzegpkvaclgtscxt,최춘식 (1956년),42148778,,,False
21,3RW63706,1,이주환,지역구,부산 연제구,부산광역시 연제구,,,미래통합당,미래통합당,국민의힘,미래통합당,2020-05-30,2024-05-29,general,term_end,term_end,,term_start,,term_end,,,,,,,,2020.05.30 ~ 2024.05.29,제21대 미래통합당 부산 연제구,nfzegpkvaclgtscxt,이주환 (1967년),42148778,,,False
21,3TO11703,1,권인숙,비례대표,비례대표,,더불어시민당,3,더불어시민당,더불어시민당,더불어민주당,더불어시민당,2020-05-30,2024-05-29,general,term_end,term_end,,term_start,,term_end,,,,,,,,2020.05.30 ~ 2024.05.29,제21대 더불어시민당 비례대표,nfzegpkvaclgtscxt,권인숙,42148778,,,False
21,3ZR4438W,1,이인영,지역구,서울 구로구갑,서울특별시 구로구 갑,,,더불어민주당,더불어민주당,더불어민주당,더불어민주당,2020-05-30,2024-05-29,general,term_end,term_end,,term_start,,term_end,,,,,,,,2020.05.30 ~ 2024.05.29,제21대 더불어민주당 서울 구로구갑,nexgtxtmaamffofof,이인영 (정치인),42148778,,,False
21,4019850M,1,박정,지역구,경기 파주시을,경기도 파주시 을,,,더불어민주당,더불어민주당,더불어민주당,더불어민주당,2020-05-30,2024-05-29,general,term_end,term_end,,term_start,,term_end,,,,,,,,2020.05.30 ~ 2024.05.29,제21대 더불어민주당 경기 파주시을,nexgtxtmaamffofof,박정 (1962년),42148778,,,False
21,40E3739H,1,윤창현,비례대표,비례대표,,미래한국당,2,미래한국당,미래한국당,국민의힘,미래한국당,2020-05-30,2024-05-29,general,term_end,term_end,,term_start,,term_end,,,,,,,,2020.05.30 ~ 2024.05.29,제21대 미래한국당 비례대표,nfzegpkvaclgtscxt,윤창현 (1960년),42148778,,,False
21,40S1959J,1,박영순,지역구,대전 대덕구,대전광역시 대덕구,,,더불어민주당,더불어민주당,새로운미래,더불어민주당,2020-05-30,2024-05-29,general,term_end,term_end,,term_start,,term_end,,,,,,,,2020.05.30 ~ 2024.05.29,제21대 더불어민주당 대전 대덕구,nfzegpkvaclgtscxt,박영순 (1964년),42148778,,,False
21,4A067125,1,이광재,지역구,강원 원주시갑,강원특별자치도 원주시 갑,,,더불어민주당,더불어민주당,더불어민주당,더불어민주당,2020-05-30,2022-04-29,general,resigned,resigned_to_run_for_other_office,제8회 전국동시지방선거 출마로 사직 / 의원직 사퇴,term_start,,confirmed,wikilist+wikiseat+nabill,,2022-04-29,,2022-04-29,2022-04-29,PRC_J2X2Q0B4Q2O5W1U6Z4N6C3X0Q4O7B8,2020.05.30 ~ 2022.04.29,제21대 더불어민주당 강원 원주시갑,nexgtxtmaamffofof,이광재 (정치인),42148778,41820079,,False
21,4L695580,1,김원이,지역구,전남 목포시,전라남도 목포시,,,더불어민주당,더불어민주당,더불어민주당,더불어민주당,2020-05-30,2024-05-29,general,term_end,term_end,,term_start,,term_end,,,,,,,,2020.05.30 ~ 2024.05.29,제21대 더불어민주당 전남 목포시,nexgtxtmaamffofof,김원이,42148778,,,False
21,4T026790,1,임오경,지역구,경기 광명시갑,경기도 광명시 갑,,,더불어민주당,더불어민주당,더불어민주당,더불어민주당,2020-05-30,2024-05-29,general,term_end,term_end,,term_start,,term_end,,,,,,,,2020.05.30 ~ 2024.05.29,제21대 더불어민주당 경기 광명시갑,nexgtxtmaamffofof,임오경,42148778,,,False
21,4U29186R,1,문진석,지역구,충남 천안시갑,충청남도 천안시 갑,,,더불어민주당,더불어민주당,더불어민주당,더불어민주당,2020-05-30,2024-05-29,general,term_end,term_end,,term_start,,term_end,,,,,,,,2020.05.30 ~ 2024.05.29,제21대 더불어민주당 충남 천안시갑,nexgtxtmaamffofof,문진석,42148778,,,False
21,4X525582,1,배현진,지역구,서울 송파구을,서울특별시 송파구 을,,,미래통합당,미래통합당,국민의힘,미래통합당,2020-05-30,2024-05-29,general,term_end,term_end,,term_start,,term_end,,,,,,,,2020.05.30 ~ 2024.05.29,제21대 미래통합당 서울 송파구을,nexgtxtmaamffofof,배현진,42148778,,,False
21,4XG1439M,1,고영인,지역구,경기 안산시단원구갑,경기도 안산시 단원구 갑,,,더불어민주당,더불어민주당,더불어민주당,더불어민주당,2020-05-30,2024-05-29,general,term_end,term_end,,term_start,,term_end,,,,,,,,2020.05.30 ~ 2024.05.29,제21대 더불어민주당 경기 안산시단원구갑,nfzegpkvaclgtscxt,고영인,42148778,,,False
21,52P3934K,1,김희곤,지역구,부산 동래구,부산광역시 동래구,,,미래통합당,미래통합당,국민의힘,미래통합당,2020-05-30,2024-05-29,general,term_end,term_end,,term_start,,term_end,,,,,,,,2020.05.30 ~ 2024.05.29,제21대 미래통합당 부산 동래구,nfzegpkvaclgtscxt,김희곤 (정치인),42148778,,,False
21,5765663F,1,김영진,지역구,경기 수원시병,경기도 수원시 병,,,더불어민주당,더불어민주당,더불어민주당,더불어민주당,2020-05-30,2024-05-29,general,term_end,term_end,,term_start,,term_end,,,,,,,,2020.05.30 ~ 2024.05.29,제21대 더불어민주당 경기 수원시병,nexgtxtmaamffofof,김영진 (1967년),42148778,,,False
21,5K93695T,1,김승수,지역구,대구 북구을,대구광역시 북구 을,,,미래통합당,미래통합당,국민의힘,미래통합당,2020-05-30,2024-05-29,general,term_end,term_end,,term_start,,term_end,,,,,,,,2020.05.30 ~ 2024.05.29,제21대 미래통합당 대구 북구을,nexgtxtmaamffofof,김승수 (1965년),42148778,,,False
21,5KV82250,1,조경태,지역구,부산 사하구을,부산광역시 사하구 을,,,미래통합당,미래통합당,국민의힘,미래통합당,2020-05-30,2024-05-29,general,term_end,term_end,,term_start,,term_end,,,,,,,,2020.05.30 ~ 2024.05.29,제21대 미래통합당 부산 사하구을,nexgtxtmaamffofof,조경태,42148778,,,False
21,5KV96424,1,강준현,지역구,세종특별자치시을,세종특별자치시 세종특별자치시 을,,,더불어민주당,더불어민주당,더불어민주당,더불어민주당,2020-05-30,2024-05-29,general,term_end,term_end,,term_start,,term_end,,,,,,,,2020.05.30 ~ 2024.05.29,제21대 더불어민주당 세종특별자치시을,nexgtxtmaamffofof,강준현,42148778,,,False
21,5MD4184K,1,홍기원,지역구,경기 평택시갑,경기도 평택시 갑,,,더불어민주당,더불어민주당,더불어민주당,더불어민주당,2020-05-30,2024-05-29,general,term_end,term_end,,term_start,,term_end,,,,,,,,2020.05.30 ~ 2024.05.29,제21대 더불어민주당 경기 평택시갑,nexgtxtmaamffofof,홍기원,42148778,,,False
21,5UN9725L,1,이용,비례대표,비례대표,,미래한국당,18,미래한국당,미래한국당,국민의힘,미래한국당,2020-05-30,2024-05-29,general,term_end,term_end,,term_start,,term_end,,,,,,,,2020.05.30 ~ 2024.05.29,제21대 미래한국당 비례대표,nfzegpkvaclgtscxt,이용 (1978년),42148778,,,False
21,60490713,1,강병원,지역구,서울 은평구을,서울특별시 은평구 을,,,더불어민주당,더불어민주당,더불어민주당,더불어민주당,2020-05-30,2024-05-29,general,term_end,term_end,,term_start,,term_end,,,,,,,,2020.05.30 ~ 2024.05.29,제21대 더불어민주당 서울 은평구을,nfzegpkvaclgtscxt,강병원,42148778,,,False
21,6399076T,1,김민철,지역구,경기 의정부시을,경기도 의정부시 을,,,더불어민주당,더불어민주당,더불어민주당,더불어민주당,2020-05-30,2024-05-29,general,term_end,term_end,,term_start,,term_end,,,,,,,,2020.05.30 ~ 2024.05.29,제21대 더불어민주당 경기 의정부시을,nfzegpkvaclgtscxt,김민철 (1967년),42148778,,,False
21,66W6739S,1,허은아,비례대표,비례대표,,미래한국당,19,미래한국당,미래한국당,국민의힘,미래한국당,2020-05-30,2024-01-05,general,disqualified,pr_seat_lost_on_leaving_party,국민의힘 탈당으로 인해 의원직 상실 / 의원직 상실,term_start,,confirmed,wikilist,,2024-01-05,,2024-01-03,,,2020.05.30 ~ 2024.01.05,제21대 미래한국당 비례대표,nfzegpkvaclgtscxt,허은아,42148778,41820079,,False
21,68P7228G,1,진선미,지역구,서울 강동구갑,서울특별시 강동구 갑,,,더불어민주당,더불어민주당,더불어민주당,더불어민주당,2020-05-30,2024-05-29,general,term_end,term_end,,term_start,,term_end,,,,,,,,2020.05.30 ~ 2024.05.29,제21대 더불어민주당 서울 강동구갑,nexgtxtmaamffofof,진선미,42148778,,,False
21,6AR6743G,1,김희국,지역구,경북 군위군의성군청송군영덕군,경상북도 군위군·의성군·청송군·영덕군,,,미래통합당,미래통합당,국민의힘,미래통합당,2020-05-30,2024-05-29,general,term_end,term_end,,term_start,,term_end,,,,,,,,2020.05.30 ~ 2024.05.29,제21대 미래통합당 경북 군위군의성군청송군영덕군,nfzegpkvaclgtscxt,김희국,42148778,,,False
21,6AU2417B,1,박주민,지역구,서울 은평구갑,서울특별시 은평구 갑,,,더불어민주당,더불어민주당,더불어민주당,더불어민주당,2020-05-30,2024-05-29,general,term_end,term_end,,term_start,,term_end,,,,,,,,2020.05.30 ~ 2024.05.29,제21대 더불어민주당 서울 은평구갑,nexgtxtmaamffofof,박주민,42148778,,,False
21,6EN68926,1,송언석,지역구,경북 김천시,경상북도 김천시,,,미래통합당,미래통합당,국민의힘,미래통합당,2020-05-30,2024-05-29,general,term_end,term_end,,term_start,,term_end,,,,,,,,2020.05.30 ~ 2024.05.29,제21대 미래통합당 경북 김천시,nexgtxtmaamffofof,송언석,42148778,,,False
21,6FS10566,1,강성희,지역구,전북 전주시을,전북특별자치도 전주시 을,,,진보당,진보당2017,진보당,진보당,2023-04-06,2024-05-29,by_election,term_end,term_end,,confirmed_pollday_plus1,wikilist=2023-04-05; wikiseat=2023-04-05,term_end,,2023-04-05,,2023-04-05,,,,2023.04.06 ~ 2024.05.29,제21대 진보당 전북 전주시을,nfzegpkvaclgtscxt,강성희 (정치인),42148778,41820079,,False
21,6MO8786S,1,안병길,지역구,부산 서구동구,부산광역시 서구·동구,,,미래통합당,미래통합당,국민의힘,미래통합당,2020-05-30,2024-05-29,general,term_end,term_end,,term_start,,term_end,,,,,,,,2020.05.30 ~ 2024.05.29,제21대 미래통합당 부산 서구동구,nfzegpkvaclgtscxt,안병길 (1962년),42148778,,,False
21,6RD62559,1,박정하,지역구,강원 원주시갑,강원특별자치도 원주시 갑,,,국민의힘,국민의힘,국민의힘,국민의힘,2022-06-02,2024-05-29,by_election,term_end,term_end,,confirmed,wikiseat,term_end,,2022-06-01,,2022-06-02,,,,2022.06.02 ~ 2024.05.29,제21대 국민의힘 강원 원주시갑,nexgtxtmaamffofof,박정하 (정치인),42148778,41820079,,False
21,6RM29022,1,최재형,지역구,서울 종로구,서울특별시 종로구,,,국민의힘,국민의힘,국민의힘,국민의힘,2022-03-10,2024-05-29,by_election,term_end,term_end,,confirmed_pollday_plus1,wikilist=2022-03-09; wikiseat=2022-03-09,term_end,,2022-03-09,,2022-03-09,,,,2022.03.10 ~ 2024.05.29,제21대 국민의힘 서울 종로구,nfzegpkvaclgtscxt,최재형 (정치인),42148778,41820079,,False
21,6U243644,1,박형수,지역구,경북 영주시영양군봉화군울진군,경상북도 영주시·영양군·봉화군·울진군,,,미래통합당,미래통합당,국민의힘,미래통합당,2020-05-30,2024-05-29,general,term_end,term_end,,term_start,,term_end,,,,,,,,2020.05.30 ~ 2024.05.29,제21대 미래통합당 경북 영주시영양군봉화군울진군,nexgtxtmaamffofof,박형수 (1965년),42148778,,,False
21,6V37131U,1,고용진,지역구,서울 노원구갑,서울특별시 노원구 갑,,,더불어민주당,더불어민주당,더불어민주당,더불어민주당,2020-05-30,2024-05-29,general,term_end,term_end,,term_start,,term_end,,,,,,,,2020.05.30 ~ 2024.05.29,제21대 더불어민주당 서울 노원구갑,nfzegpkvaclgtscxt,고용진,42148778,,,False
21,6YT83269,1,이명수,지역구,충남 아산시갑,충청남도 아산시 갑,,,미래통합당,미래통합당,국민의힘,미래통합당,2020-05-30,2024-05-29,general,term_end,term_end,,term_start,,term_end,,,,,,,,2020.05.30 ~ 2024.05.29,제21대 미래통합당 충남 아산시갑,nfzegpkvaclgtscxt,이명수 (1955년),42148778,,,False
21,71J2365L,1,전주혜,비례대표,비례대표,,미래한국당,15,미래한국당,미래한국당,국민의힘,미래한국당,2020-05-30,2024-05-29,general,term_end,term_end,,term_start,,term_end,,,,,,,,2020.05.30 ~ 2024.05.29,제21대 미래한국당 비례대표,nfzegpkvaclgtscxt,전주혜,42148778,,,False
21,7469929V,1,구자근,지역구,경북 구미시갑,경상북도 구미시 갑,,,미래통합당,미래통합당,국민의힘,미래통합당,2020-05-30,2024-05-29,general,term_end,term_end,,term_start,,term_end,,,,,,,,2020.05.30 ~ 2024.05.29,제21대 미래통합당 경북 구미시갑,nexgtxtmaamffofof,구자근,42148778,,,False
21,7BM2933Y,1,김영호,지역구,서울 서대문구을,서울특별시 서대문구 을,,,더불어민주당,더불어민주당,더불어민주당,더불어민주당,2020-05-30,2024-05-29,general,term_end,term_end,,term_start,,term_end,,,,,,,,2020.05.30 ~ 2024.05.29,제21대 더불어민주당 서울 서대문구을,nexgtxtmaamffofof,김영호 (1967년),42148778,,,False
21,7I09543O,1,이장섭,지역구,충북 청주시서원구,충청북도 청주시 서원구,,,더불어민주당,더불어민주당,더불어민주당,더불어민주당,2020-05-30,2024-05-29,general,term_end,term_end,,term_start,,term_end,,,,,,,,2020.05.30 ~ 2024.05.29,제21대 더불어민주당 충북 청주시서원구,nfzegpkvaclgtscxt,이장섭,42148778,,,False
21,7JC3239L,1,윤두현,지역구,경북 경산시,경상북도 경산시,,,미래통합당,미래통합당,국민의힘,미래통합당,2020-05-30,2024-05-29,general,term_end,term_end,,term_start,,term_end,,,,,,,,2020.05.30 ~ 2024.05.29,제21대 미래통합당 경북 경산시,nfzegpkvaclgtscxt,윤두현,42148778,,,False
21,7O71647Z,1,양이원영,비례대표,비례대표,,더불어시민당,9,더불어시민당,더불어시민당,더불어민주당,더불어시민당,2020-05-30,2024-05-29,general,term_end,term_end,,term_start,,term_end,,,,,,,,2020.05.30 ~ 2024.05.29,제21대 더불어시민당 비례대표,nfzegpkvaclgtscxt,양이원영,42148778,,,False
21,7R156073,1,박범계,지역구,대전 서구을,대전광역시 서구 을,,,더불어민주당,더불어민주당,더불어민주당,더불어민주당,2020-05-30,2024-05-29,general,term_end,term_end,,term_start,,term_end,,,,,,,,2020.05.30 ~ 2024.05.29,제21대 더불어민주당 대전 서구을,nexgtxtmaamffofof,박범계,42148778,,,False
21,7XY7109I,1,성일종,지역구,충남 서산시태안군,충청남도 서산시·태안군,,,미래통합당,미래통합당,국민의힘,미래통합당,2020-05-30,2024-05-29,general,term_end,term_end,,term_start,,term_end,,,,,,,,2020.05.30 ~ 2024.05.29,제21대 미래통합당 충남 서산시태안군,nexgtxtmaamffofof,성일종,42148778,,,False
21,8348421R,1,엄태영,지역구,충북 제천시단양군,충청북도 제천시·단양군,,,미래통합당,미래통합당,국민의힘,미래통합당,2020-05-30,2024-05-29,general,term_end,term_end,,term_start,,term_end,,,,,,,,2020.05.30 ~ 2024.05.29,제21대 미래통합당 충북 제천시단양군,nexgtxtmaamffofof,엄태영 (1958년),42148778,,,False
21,8FB1535Y,1,어기구,지역구,충남 당진시,충청남도 당진시,,,더불어민주당,더불어민주당,더불어민주당,더불어민주당,2020-05-30,2024-05-29,general,term_end,term_end,,term_start,,term_end,,,,,,,,2020.05.30 ~ 2024.05.29,제21대 더불어민주당 충남 당진시,nexgtxtmaamffofof,어기구,42148778,,,False
21,8FC9697X,1,유기홍,지역구,서울 관악구갑,서울특별시 관악구 갑,,,더불어민주당,더불어민주당,더불어민주당,더불어민주당,2020-05-30,2024-05-29,general,term_end,term_end,,term_start,,term_end,,,,,,,,2020.05.30 ~ 2024.05.29,제21대 더불어민주당 서울 관악구갑,nfzegpkvaclgtscxt,유기홍,42148778,,,False
21,8KF7223D,1,이성만,지역구,인천 부평구갑,인천광역시 부평구 갑,,,더불어민주당,더불어민주당,무소속,더불어민주당,2020-05-30,2024-05-29,general,term_end,term_end,,term_start,,term_end,,,,,,,,2020.05.30 ~ 2024.05.29,제21대 더불어민주당 인천 부평구갑,nfzegpkvaclgtscxt,이성만,42148778,,,False
21,8P37634C,1,강득구,지역구,경기 안양시만안구,경기도 안양시 만안구,,,더불어민주당,더불어민주당,더불어민주당,더불어민주당,2020-05-30,2024-05-29,general,term_end,term_end,,term_start,,term_end,,,,,,,,2020.05.30 ~ 2024.05.29,제21대 더불어민주당 경기 안양시만안구,nexgtxtmaamffofof,강득구,42148778,,,False
21,8Q88373R,1,김병기,지역구,서울 동작구갑,서울특별시 동작구 갑,,,더불어민주당,더불어민주당,더불어민주당,더불어민주당,2020-05-30,2024-05-29,general,term_end,term_end,,term_start,,term_end,,,,,,,,2020.05.30 ~ 2024.05.29,제21대 더불어민주당 서울 동작구갑,nexgtxtmaamffofof,김병기 (1961년),42148778,,,False
21,8SV6917G,1,주호영,지역구,대구 수성구갑,대구광역시 수성구 갑,,,미래통합당,미래통합당,국민의힘,미래통합당,2020-05-30,2024-05-29,general,term_end,term_end,,term_start,,term_end,,,,,,,,2020.05.30 ~ 2024.05.29,제21대 미래통합당 대구 수성구갑,nexgtxtmaamffofof,주호영,42148778,,,False
21,8VJ8533R,1,최연숙,비례대표,비례대표,,국민의당,1,국민의당,국민의당2020,국민의힘,국민의당,2020-05-30,2024-05-29,general,term_end,term_end,,term_start,,term_end,,,,,,,,2020.05.30 ~ 2024.05.29,제21대 국민의당 비례대표,nfzegpkvaclgtscxt,최연숙,42148778,,,False
21,8VY63414,1,류성걸,지역구,대구 동구갑,대구광역시 동구 갑,,,미래통합당,미래통합당,국민의힘,미래통합당,2020-05-30,2024-05-29,general,term_end,term_end,,term_start,,term_end,,,,,,,,2020.05.30 ~ 2024.05.29,제21대 미래통합당 대구 동구갑,nfzegpkvaclgtscxt,류성걸,42148778,,,False
21,8X15119P,1,윤한홍,지역구,경남 창원시마산회원구,경상남도 창원시 마산회원구,,,미래통합당,미래통합당,국민의힘,미래통합당,2020-05-30,2024-05-29,general,term_end,term_end,,term_start,,term_end,,,,,,,,2020.05.30 ~ 2024.05.29,제21대 미래통합당 경남 창원시마산회원구,nexgtxtmaamffofof,윤한홍,42148778,,,False
21,9D939735,1,김성원,지역구,경기 동두천시연천군,경기도 동두천시·연천군,,,미래통합당,미래통합당,국민의힘,미래통합당,2020-05-30,2024-05-29,general,term_end,term_end,,term_start,,term_end,,,,,,,,2020.05.30 ~ 2024.05.29,제21대 미래통합당 경기 동두천시연천군,nexgtxtmaamffofof,김성원 (정치인),42148778,,,False
21,9JF4562W,1,이용선,지역구,서울 양천구을,서울특별시 양천구 을,,,더불어민주당,더불어민주당,더불어민주당,더불어민주당,2020-05-30,2024-05-29,general,term_end,term_end,,term_start,,term_end,,,,,,,,2020.05.30 ~ 2024.05.29,제21대 더불어민주당 서울 양천구을,nexgtxtmaamffofof,이용선,42148778,,,False
21,9L57027L,1,유경준,지역구,서울 강남구병,서울특별시 강남구 병,,,미래통합당,미래통합당,국민의힘,미래통합당,2020-05-30,2024-05-29,general,term_end,term_end,,term_start,,term_end,,,,,,,,2020.05.30 ~ 2024.05.29,제21대 미래통합당 서울 강남구병,nfzegpkvaclgtscxt,유경준,42148778,,,False
21,9LD2641Q,1,김정호,지역구,경남 김해시을,경상남도 김해시 을,,,더불어민주당,더불어민주당,더불어민주당,더불어민주당,2020-05-30,2024-05-29,general,term_end,term_end,,term_start,,term_end,,,,,,,,2020.05.30 ~ 2024.05.29,제21대 더불어민주당 경남 김해시을,nexgtxtmaamffofof,김정호 (1960년),42148778,,,False
21,9S151177,1,이탄희,지역구,경기 용인시정,경기도 용인시 정,,,더불어민주당,더불어민주당,더불어민주당,더불어민주당,2020-05-30,2024-05-29,general,term_end,term_end,,term_start,,term_end,,,,,,,,2020.05.30 ~ 2024.05.29,제21대 더불어민주당 경기 용인시정,nfzegpkvaclgtscxt,이탄희,42148778,,,False
21,9V18755A,1,양경숙,비례대표,비례대표,,더불어시민당,17,더불어시민당,더불어시민당,더불어민주당,더불어시민당,2020-05-30,2024-05-29,general,term_end,term_end,,term_start,,term_end,,,,,,,,2020.05.30 ~ 2024.05.29,제21대 더불어시민당 비례대표,nfzegpkvaclgtscxt,양경숙 (정치인),42148778,,,False
21,9VR65006,1,윤영석,지역구,경남 양산시갑,경상남도 양산시 갑,,,미래통합당,미래통합당,국민의힘,미래통합당,2020-05-30,2024-05-29,general,term_end,term_end,,term_start,,term_end,,,,,,,,2020.05.30 ~ 2024.05.29,제21대 미래통합당 경남 양산시갑,nexgtxtmaamffofof,윤영석,42148778,,,False
21,9YO73104,1,전재수,지역구,부산 북구강서구갑,부산광역시 북구·강서구 갑,,,더불어민주당,더불어민주당,더불어민주당,더불어민주당,2020-05-30,2024-05-29,general,term_end,term_end,,term_start,,term_end,,,,,,,,2020.05.30 ~ 2024.05.29,제21대 더불어민주당 부산 북구강서구갑,nfzegpkvaclgtscxt,전재수,42148778,,,False
21,A0P4646G,1,최형두,지역구,경남 창원시마산합포구,경상남도 창원시 마산합포구,,,미래통합당,미래통합당,국민의힘,미래통합당,2020-05-30,2024-05-29,general,term_end,term_end,,term_start,,term_end,,,,,,,,2020.05.30 ~ 2024.05.29,제21대 미래통합당 경남 창원시마산합포구,nexgtxtmaamffofof,최형두,42148778,,,False
21,A2V51235,1,배진교,비례대표,비례대표,,정의당,4,정의당,정의당,정의당,정의당,2020-05-30,2024-05-29,general,term_end,term_end,,term_start,,term_end,,,,,,,,2020.05.30 ~ 2024.05.29,제21대 정의당 비례대표,nfzegpkvaclgtscxt,배진교,42148778,,,False
21,A3H7195R,1,박완주,지역구,충남 천안시을,충청남도 천안시 을,,,더불어민주당,더불어민주당,무소속,더불어민주당,2020-05-30,2024-05-29,general,term_end,term_end,,term_start,,term_end,,,,,,,,2020.05.30 ~ 2024.05.29,제21대 더불어민주당 충남 천안시을,nfzegpkvaclgtscxt,박완주,42148778,,,False
21,A494529E,1,천준호,지역구,서울 강북구갑,서울특별시 강북구 갑,,,더불어민주당,더불어민주당,더불어민주당,더불어민주당,2020-05-30,2024-05-29,general,term_end,term_end,,term_start,,term_end,,,,,,,,2020.05.30 ~ 2024.05.29,제21대 더불어민주당 서울 강북구갑,nexgtxtmaamffofof,천준호,42148778,,,False
21,AE685067,1,이규민,지역구,경기 안성시,경기도 안성시,,,더불어민주당,더불어민주당,더불어민주당,더불어민주당,2020-05-30,2021-09-30,general,disqualified,court_ruling_election_law,선거법 위반으로 의원직 상실 / 의원직 상실,term_start,,confirmed,wikilist+wikiseat,,2021-09-30,,2021-09-30,,,2020.05.30 ~ 2021.09.30,제21대 더불어민주당 경기 안성시,nfzegpkvaclgtscxt,이규민,42148778,41820079,,False
21,AFH96856,1,신영대,지역구,전북 군산시,전북특별자치도 군산시,,,더불어민주당,더불어민주당,더불어민주당,더불어민주당,2020-05-30,2024-05-29,general,term_end,term_end,,term_start,,term_end,,,,,,,,2020.05.30 ~ 2024.05.29,제21대 더불어민주당 전북 군산시,nfzegpkvaclgtscxt,신영대,42148778,,,False
21,ATB59635,1,김승원,지역구,경기 수원시갑,경기도 수원시 갑,,,더불어민주당,더불어민주당,더불어민주당,더불어민주당,2020-05-30,2024-05-29,general,term_end,term_end,,term_start,,term_end,,,,,,,,2020.05.30 ~ 2024.05.29,제21대 더불어민주당 경기 수원시갑,nexgtxtmaamffofof,김승원 (정치인),42148778,,,False
21,B7D7534L,1,김영배,지역구,서울 성북구갑,서울특별시 성북구 갑,,,더불어민주당,더불어민주당,더불어민주당,더불어민주당,2020-05-30,2024-05-29,general,term_end,term_end,,term_start,,term_end,,,,,,,,2020.05.30 ~ 2024.05.29,제21대 더불어민주당 서울 성북구갑,nexgtxtmaamffofof,김영배 (1967년),42148778,,,False
21,B7H6207C,1,박대수,비례대표,비례대표,,미래한국당,10,미래한국당,미래한국당,국민의힘,미래한국당,2020-05-30,2024-05-29,general,term_end,term_end,,term_start,,term_end,,,,,,,,2020.05.30 ~ 2024.05.29,제21대 미래한국당 비례대표,nfzegpkvaclgtscxt,박대수,42148778,,,False
21,B7R2742J,1,기동민,지역구,서울 성북구을,서울특별시 성북구 을,,,더불어민주당,더불어민주당,더불어민주당,더불어민주당,2020-05-30,2024-05-29,general,term_end,term_end,,term_start,,term_end,,,,,,,,2020.05.30 ~ 2024.05.29,제21대 더불어민주당 서울 성북구을,nfzegpkvaclgtscxt,기동민,42148778,,,False
21,BCQ55105,1,한준호,지역구,경기 고양시을,경기도 고양시 을,,,더불어민주당,더불어민주당,더불어민주당,더불어민주당,2020-05-30,2024-05-29,general,term_end,term_end,,term_start,,term_end,,,,,,,,2020.05.30 ~ 2024.05.29,제21대 더불어민주당 경기 고양시을,nexgtxtmaamffofof,한준호 (정치인),42148778,,,False
21,BLC8630L,1,박병석,지역구,대전 서구갑,대전광역시 서구 갑,,,더불어민주당,더불어민주당,더불어민주당,더불어민주당,2020-05-30,2024-05-29,general,term_end,term_end,,term_start,,term_end,,,,,,,,2020.05.30 ~ 2024.05.29,제21대 더불어민주당 대전 서구갑,nfzegpkvaclgtscxt,박병석,42148778,41820079,,False
21,BM63269Y,1,전해철,지역구,경기 안산시상록구갑,경기도 안산시 상록구 갑,,,더불어민주당,더불어민주당,더불어민주당,더불어민주당,2020-05-30,2024-05-29,general,term_end,term_end,,term_start,,term_end,,,,,,,,2020.05.30 ~ 2024.05.29,제21대 더불어민주당 경기 안산시상록구갑,nfzegpkvaclgtscxt,전해철,42148778,,,False
21,BT62420K,1,박찬대,지역구,인천 연수구갑,인천광역시 연수구 갑,,,더불어민주당,더불어민주당,더불어민주당,더불어민주당,2020-05-30,2024-05-29,general,term_end,term_end,,term_start,,term_end,,,,,,,,2020.05.30 ~ 2024.05.29,제21대 더불어민주당 인천 연수구갑,nfzegpkvaclgtscxt,박찬대,42148778,,,False
21,C7E79345,1,권칠승,지역구,경기 화성시병,경기도 화성시 병,,,더불어민주당,더불어민주당,더불어민주당,더불어민주당,2020-05-30,2024-05-29,general,term_end,term_end,,term_start,,term_end,,,,,,,,2020.05.30 ~ 2024.05.29,제21대 더불어민주당 경기 화성시병,nexgtxtmaamffofof,권칠승,42148778,,,False
21,C835799S,1,김근태,비례대표,비례대표,,국민의당,4,국민의힘,국민의힘,국민의힘,국민의힘,2024-01-30,2024-05-29,succession_pr,term_end,term_end,,confirmed,wikilist,term_end,,2024-01-30,,2024-01-29,,,,2024.01.30 ~ 2024.05.29,제21대 국민의힘 비례대표,nfzegpkvaclgtscxt,김근태 (1990년),42148778,41820079,,False
21,CAA7713A,1,백종헌,지역구,부산 금정구,부산광역시 금정구,,,미래통합당,미래통합당,국민의힘,미래통합당,2020-05-30,2024-05-29,general,term_end,term_end,,term_start,,term_end,,,,,,,,2020.05.30 ~ 2024.05.29,제21대 미래통합당 부산 금정구,nexgtxtmaamffofof,백종헌 (1962년),42148778,,,False
21,CCU1009B,1,이해식,지역구,서울 강동구을,서울특별시 강동구 을,,,더불어민주당,더불어민주당,더불어민주당,더불어민주당,2020-05-30,2024-05-29,general,term_end,term_end,,term_start,,term_end,,,,,,,,2020.05.30 ~ 2024.05.29,제21대 더불어민주당 서울 강동구을,nexgtxtmaamffofof,이해식,42148778,,,False
21,CDL93608,1,조응천,지역구,경기 남양주시갑,경기도 남양주시 갑,,,더불어민주당,더불어민주당,개혁신당,더불어민주당,2020-05-30,2024-05-29,general,term_end,term_end,,term_start,,term_end,,,,,,,,2020.05.30 ~ 2024.05.29,제21대 더불어민주당 경기 남양주시갑,nfzegpkvaclgtscxt,조응천,42148778,,,False
21,CFE3998F,1,이상직,지역구,전북 전주시을,전북특별자치도 전주시 을,,,더불어민주당,더불어민주당,무소속,더불어민주당,2020-05-30,2022-05-12,general,disqualified,court_ruling_election_law,공직선거법 위반으로 의원직 상실 / 의원직 상실,term_start,,confirmed,wikilist+wikiseat,,2022-05-12,,2022-05-12,,,2020.05.30 ~ 2022.05.12,제21대 더불어민주당 전북 전주시을,nfzegpkvaclgtscxt,이상직,42148778,41820079,,False
21,CI15627C,1,김두관,지역구,경남 양산시을,경상남도 양산시 을,,,더불어민주당,더불어민주당,더불어민주당,더불어민주당,2020-05-30,2024-05-29,general,term_end,term_end,,term_start,,term_end,,,,,,,,2020.05.30 ~ 2024.05.29,제21대 더불어민주당 경남 양산시을,nfzegpkvaclgtscxt,김두관,42148778,,,False
21,CNW5754J,1,송석준,지역구,경기 이천시,경기도 이천시,,,미래통합당,미래통합당,국민의힘,미래통합당,2020-05-30,2024-05-29,general,term_end,term_end,,term_start,,term_end,,,,,,,,2020.05.30 ~ 2024.05.29,제21대 미래통합당 경기 이천시,nexgtxtmaamffofof,송석준,42148778,,,False
21,CNZ51556,1,김예지,비례대표,비례대표,,미래한국당,11,미래한국당,미래한국당,국민의힘,미래한국당,2020-05-30,2024-05-29,general,term_end,term_end,,term_start,,term_end,,,,,,,,2020.05.30 ~ 2024.05.29,제21대 미래한국당 비례대표,nexgtxtmaamffofof,김예지 (1980년),42148778,,,False
21,CT85313K,1,서병수,지역구,부산 진구갑,부산광역시 부산진구 갑,,,미래통합당,미래통합당,국민의힘,미래통합당,2020-05-30,2024-05-29,general,term_end,term_end,,term_start,,term_end,,,,,,,,2020.05.30 ~ 2024.05.29,제21대 미래통합당 부산 진구갑,nfzegpkvaclgtscxt,서병수,42148778,,,False
21,CZB4125D,1,장제원,지역구,부산 사상구,부산광역시 사상구,,,미래통합당,미래통합당,국민의힘,미래통합당,2020-05-30,2024-05-29,general,term_end,term_end,,term_start,,term_end,,,,,,,,2020.05.30 ~ 2024.05.29,제21대 미래통합당 부산 사상구,nfzegpkvaclgtscxt,장제원,42148778,,,False
21,D0C85236,1,박완수,지역구,경남 창원시의창구,경상남도 창원시 의창구,,,미래통합당,미래통합당,국민의힘,미래통합당,2020-05-30,2022-04-29,general,resigned,resigned_to_run_for_other_office,제8회 전국동시지방선거 출마로 사직 / 의원직 사퇴,term_start,,confirmed,wikilist+wikiseat+nabill,,2022-04-29,,2022-04-29,2022-04-29,PRC_U2O2P0L4Z2J6O1X1A2J9W2V1O3T0P2,2020.05.30 ~ 2022.04.29,제21대 미래통합당 경남 창원시의창구,nfzegpkvaclgtscxt,박완수,42148778,41820079,,False
21,D4L60530,1,이수진,지역구,서울 동작구을,서울특별시 동작구 을,,,더불어민주당,더불어민주당,무소속,더불어민주당,2020-05-30,2024-05-29,general,term_end,term_end,,term_start,,term_end,,,,,,,,2020.05.30 ~ 2024.05.29,제21대 더불어민주당 서울 동작구을,nfzegpkvaclgtscxt,이수진 (1969년 11월),42148778,,,False
21,D6U6678O,1,김주영,지역구,경기 김포시갑,경기도 김포시 갑,,,더불어민주당,더불어민주당,더불어민주당,더불어민주당,2020-05-30,2024-05-29,general,term_end,term_end,,term_start,,term_end,,,,,,,,2020.05.30 ~ 2024.05.29,제21대 더불어민주당 경기 김포시갑,nexgtxtmaamffofof,김주영 (1961년),42148778,,,False
21,DAN6731C,1,박성중,지역구,서울 서초구을,서울특별시 서초구 을,,,미래통합당,미래통합당,국민의힘,미래통합당,2020-05-30,2024-05-29,general,term_end,term_end,,term_start,,term_end,,,,,,,,2020.05.30 ~ 2024.05.29,제21대 미래통합당 서울 서초구을,nfzegpkvaclgtscxt,박성중,42148778,,,False
21,DAV7257X,1,이원택,지역구,전북 김제시부안군,전북특별자치도 김제시·부안군,,,더불어민주당,더불어민주당,더불어민주당,더불어민주당,2020-05-30,2024-05-29,general,term_end,term_end,,term_start,,term_end,,,,,,,,2020.05.30 ~ 2024.05.29,제21대 더불어민주당 전북 김제시부안군,nfzegpkvaclgtscxt,이원택,42148778,,,False
21,DAY6557K,1,정동만,지역구,부산 기장군,부산광역시 기장군,,,미래통합당,미래통합당,국민의힘,미래통합당,2020-05-30,2024-05-29,general,term_end,term_end,,term_start,,term_end,,,,,,,,2020.05.30 ~ 2024.05.29,제21대 미래통합당 부산 기장군,nexgtxtmaamffofof,정동만,42148778,,,False
21,DBA1057Z,1,이용호,지역구,전북 남원시임실군순창군,전북특별자치도 남원시·임실군·순창군,,,무소속,무소속,국민의힘,무소속,2020-05-30,2024-05-29,general,term_end,term_end,,term_start,,term_end,,,,,,,,2020.05.30 ~ 2024.05.29,제21대 무소속 전북 남원시임실군순창군,nfzegpkvaclgtscxt,이용호 (1960년),42148778,,,False
21,DPZ7685X,1,전봉민,지역구,부산 수영구,부산광역시 수영구,,,미래통합당,미래통합당,국민의힘,미래통합당,2020-05-30,2024-05-29,general,term_end,term_end,,term_start,,term_end,,,,,,,,2020.05.30 ~ 2024.05.29,제21대 미래통합당 부산 수영구,nfzegpkvaclgtscxt,전봉민,42148778,,,False
21,DV77269P,1,양경규,비례대표,비례대표,,정의당,8,정의당,정의당,정의당,정의당,2024-01-29,2024-05-29,succession_pr,term_end,term_end,,confirmed,wikilist,term_end,,2024-01-29,,2024-01-25,,,,2024.01.29 ~ 2024.05.29,제21대 정의당 비례대표,nfzegpkvaclgtscxt,양경규,42148778,41820079,,False
21,DWK26447,1,이인선,지역구,대구 수성구을,대구광역시 수성구 을,,,국민의힘,국민의힘,국민의힘,국민의힘,2022-06-02,2024-05-29,by_election,term_end,term_end,,confirmed,wikiseat,term_end,,2022-06-01,,2022-06-02,,,,2022.06.02 ~ 2024.05.29,제21대 국민의힘 대구 수성구을,nexgtxtmaamffofof,이인선 (1959년),42148778,41820079,,False
21,E1J8836Y,1,김정재,지역구,경북 포항시북구,경상북도 포항시 북구,,,미래통합당,미래통합당,국민의힘,미래통합당,2020-05-30,2024-05-29,general,term_end,term_end,,term_start,,term_end,,,,,,,,2020.05.30 ~ 2024.05.29,제21대 미래통합당 경북 포항시북구,nexgtxtmaamffofof,김정재,42148778,,,False
21,E6U4345C,1,임종성,지역구,경기 광주시을,경기도 광주시 을,,,더불어민주당,더불어민주당,더불어민주당,더불어민주당,2020-05-30,2024-02-08,general,disqualified,court_ruling_election_law,선거법 위반으로 의원직 상실 / 의원직 상실,term_start,,confirmed,wikilist+wikiseat,,2024-02-08,,2024-02-08,,,2020.05.30 ~ 2024.02.08,제21대 더불어민주당 경기 광주시을,nfzegpkvaclgtscxt,임종성,42148778,41820079,,False
21,E9R4507P,1,권명호,지역구,울산 동구,울산광역시 동구,,,미래통합당,미래통합당,국민의힘,미래통합당,2020-05-30,2024-05-29,general,term_end,term_end,,term_start,,term_end,,,,,,,,2020.05.30 ~ 2024.05.29,제21대 미래통합당 울산 동구,nfzegpkvaclgtscxt,권명호,42148778,,,False
21,EH27538E,1,임이자,지역구,경북 상주시문경시,경상북도 상주시·문경시,,,미래통합당,미래통합당,국민의힘,미래통합당,2020-05-30,2024-05-29,general,term_end,term_end,,term_start,,term_end,,,,,,,,2020.05.30 ~ 2024.05.29,제21대 미래통합당 경북 상주시문경시,nexgtxtmaamffofof,임이자,42148778,,,False
21,EMC8812P,1,홍석준,지역구,대구 달서구갑,대구광역시 달서구 갑,,,미래통합당,미래통합당,국민의힘,미래통합당,2020-05-30,2024-05-29,general,term_end,term_end,,term_start,,term_end,,,,,,,,2020.05.30 ~ 2024.05.29,제21대 미래통합당 대구 달서구갑,nfzegpkvaclgtscxt,홍석준 (1966년),42148778,,,False
21,EVH1507C,1,이헌승,지역구,부산 부산진구을,부산광역시 부산진구 을,,,미래통합당,미래통합당,국민의힘,미래통합당,2020-05-30,2024-05-29,general,term_end,term_end,,term_start,,term_end,,,,,,,,2020.05.30 ~ 2024.05.29,제21대 미래통합당 부산 부산진구을,nexgtxtmaamffofof,이헌승,42148778,,,False
21,F0I5053J,1,우신구,비례대표,비례대표,,미래한국당,22,국민의힘,국민의힘,국민의힘,국민의힘,2023-11-02,2024-05-29,succession_pr,term_end,term_end,,confirmed,wikilist,term_end,,2023-11-02,,2023-10-31,,,,2023.11.02 ~ 2024.05.29,제21대 국민의힘 비례대표,nfzegpkvaclgtscxt,우신구,42148778,41820079,,False
21,F5U2979W,1,김학용,지역구,경기 안성시,경기도 안성시,,,국민의힘,국민의힘,국민의힘,국민의힘,2022-03-10,2024-05-29,by_election,term_end,term_end,,confirmed_pollday_plus1,wikilist=2022-03-09; wikiseat=2022-03-09,term_end,,2022-03-09,,2022-03-09,,,,2022.03.10 ~ 2024.05.29,제21대 국민의힘 경기 안성시,nfzegpkvaclgtscxt,김학용,42148778,41820079,,False
21,F5Y4026Q,1,신현영,비례대표,비례대표,,더불어시민당,1,더불어시민당,더불어시민당,더불어민주당,더불어시민당,2020-05-30,2024-05-29,general,term_end,term_end,,term_start,,term_end,,,,,,,,2020.05.30 ~ 2024.05.29,제21대 더불어시민당 비례대표,nfzegpkvaclgtscxt,신현영,42148778,,,False
21,FDC3144T,1,이종성,비례대표,비례대표,,미래한국당,4,미래한국당,미래한국당,국민의힘,미래한국당,2020-05-30,2024-05-29,general,term_end,term_end,,term_start,,term_end,,,,,,,,2020.05.30 ~ 2024.05.29,제21대 미래한국당 비례대표,nfzegpkvaclgtscxt,이종성 (1970년),42148778,,,False
21,FGI27280,1,하영제,지역구,경남 사천시남해군하동군,경상남도 사천시·남해군·하동군,,,미래통합당,미래통합당,무소속,미래통합당,2020-05-30,2024-05-29,general,term_end,term_end,,term_start,,term_end,,,,,,,,2020.05.30 ~ 2024.05.29,제21대 미래통합당 경남 사천시남해군하동군,nfzegpkvaclgtscxt,하영제,42148778,,,False
21,FH777496,1,임호선,지역구,충북 증평군진천군음성군,충청북도 증평군·진천군·음성군,,,더불어민주당,더불어민주당,더불어민주당,더불어민주당,2020-05-30,2024-05-29,general,term_end,term_end,,term_start,,term_end,,,,,,,,2020.05.30 ~ 2024.05.29,제21대 더불어민주당 충북 증평군진천군음성군,nexgtxtmaamffofof,임호선,42148778,,,False
21,FIC9046Z,1,김의겸,비례대표,비례대표,,열린민주당,4,열린민주당,열린민주당,더불어민주당,열린민주당,2021-03-25,2024-05-29,succession_pr,term_end,term_end,,confirmed,wikilist,term_end,,2021-03-25,,2021-03-26,,,,2021.03.25 ~ 2024.05.29,제21대 열린민주당 비례대표,nexgtxtmaamffofof,김의겸,42148778,41820079,,False
21,FJK3396E,1,맹성규,지역구,인천 남동구갑,인천광역시 남동구 갑,,,더불어민주당,더불어민주당,더불어민주당,더불어민주당,2020-05-30,2024-05-29,general,term_end,term_end,,term_start,,term_end,,,,,,,,2020.05.30 ~ 2024.05.29,제21대 더불어민주당 인천 남동구갑,nexgtxtmaamffofof,맹성규,42148778,,,False
21,FOK3459D,1,서삼석,지역구,전남 영암군무안군신안군,전라남도 영암군·무안군·신안군,,,더불어민주당,더불어민주당,더불어민주당,더불어민주당,2020-05-30,2024-05-29,general,term_end,term_end,,term_start,,term_end,,,,,,,,2020.05.30 ~ 2024.05.29,제21대 더불어민주당 전남 영암군무안군신안군,nexgtxtmaamffofof,서삼석,42148778,,,False
21,FRN1867O,1,홍익표,지역구,서울 중구성동구갑,서울특별시 중구·성동구 갑,,,더불어민주당,더불어민주당,더불어민주당,더불어민주당,2020-05-30,2024-05-29,general,term_end,term_end,,term_start,,term_end,,,,,,,,2020.05.30 ~ 2024.05.29,제21대 더불어민주당 서울 중구성동구갑,nfzegpkvaclgtscxt,홍익표 (1967년),42148778,,,False
21,FU53642G,1,허영,지역구,강원 춘천시철원군화천군양구군갑,강원특별자치도 춘천시·철원군·화천군·양구군 갑,,,더불어민주당,더불어민주당,더불어민주당,더불어민주당,2020-05-30,2024-05-29,general,term_end,term_end,,term_start,,term_end,,,,,,,,2020.05.30 ~ 2024.05.29,제21대 더불어민주당 강원 춘천시철원군화천군양구군갑,nexgtxtmaamffofof,허영 (정치인),42148778,,,False
21,FU87526G,1,박수영,지역구,부산 남구갑,부산광역시 남구 갑,,,미래통합당,미래통합당,국민의힘,미래통합당,2020-05-30,2024-05-29,general,term_end,term_end,,term_start,,term_end,,,,,,,,2020.05.30 ~ 2024.05.29,제21대 미래통합당 부산 남구갑,nexgtxtmaamffofof,박수영 (1964년),42148778,,,False
21,FYI20317,1,조승래,지역구,대전 유성구갑,대전광역시 유성구 갑,,,더불어민주당,더불어민주당,더불어민주당,더불어민주당,2020-05-30,2024-05-29,general,term_end,term_end,,term_start,,term_end,,,,,,,,2020.05.30 ~ 2024.05.29,제21대 더불어민주당 대전 유성구갑,nexgtxtmaamffofof,조승래,42148778,,,False
21,G152611B,1,추경호,지역구,대구 달성군,대구광역시 달성군,,,미래통합당,미래통합당,국민의힘,미래통합당,2020-05-30,2024-05-29,general,term_end,term_end,,term_start,,term_end,,,,,,,,2020.05.30 ~ 2024.05.29,제21대 미래통합당 대구 달성군,nfzegpkvaclgtscxt,추경호,42148778,,,False
21,G1570880,1,신동근,지역구,인천 서구을,인천광역시 서구 을,,,더불어민주당,더불어민주당,더불어민주당,더불어민주당,2020-05-30,2024-05-29,general,term_end,term_end,,term_start,,term_end,,,,,,,,2020.05.30 ~ 2024.05.29,제21대 더불어민주당 인천 서구을,nfzegpkvaclgtscxt,신동근,42148778,,,False
21,G7512472,1,이용우,지역구,경기 고양시정,경기도 고양시 정,,,더불어민주당,더불어민주당,더불어민주당,더불어민주당,2020-05-30,2024-05-29,general,term_end,term_end,,term_start,,term_end,,,,,,,,2020.05.30 ~ 2024.05.29,제21대 더불어민주당 경기 고양시정,nfzegpkvaclgtscxt,이용우 (1964년),42148778,,,False
21,GAV6441G,1,장혜영,비례대표,비례대표,,정의당,2,정의당,정의당,정의당,정의당,2020-05-30,2024-05-29,general,term_end,term_end,,term_start,,term_end,,,,,,,,2020.05.30 ~ 2024.05.29,제21대 정의당 비례대표,nfzegpkvaclgtscxt,장혜영,42148778,,,False
21,GD131760,1,홍문표,지역구,충남 홍성군예산군,충청남도 홍성군·예산군,,,미래통합당,미래통합당,국민의힘,미래통합당,2020-05-30,2024-05-29,general,term_end,term_end,,term_start,,term_end,,,,,,,,2020.05.30 ~ 2024.05.29,제21대 미래통합당 충남 홍성군예산군,nfzegpkvaclgtscxt,홍문표,42148778,,,False
21,GDG1847Z,1,권성동,지역구,강원 강릉시,강원특별자치도 강릉시,,,무소속,무소속,국민의힘,무소속,2020-05-30,2024-05-29,general,term_end,term_end,,term_start,,term_end,,,,,,,,2020.05.30 ~ 2024.05.29,제21대 무소속 강원 강릉시,nfzegpkvaclgtscxt,권성동,42148778,,,False
21,GE71932C,1,용혜인,비례대표,비례대표,,더불어시민당,5,더불어시민당,더불어시민당,기본소득당,기본소득당,2020-05-30,2024-05-29,general,term_end,term_end,,term_start,,term_end,,,,,,,,2020.05.30 ~ 2024.05.29,제21대 기본소득당 비례대표,nexgtxtmaamffofof,용혜인,42148778,,,False
21,GF286398,1,김병주,비례대표,비례대표,,더불어시민당,12,더불어시민당,더불어시민당,더불어민주당,더불어시민당,2020-05-30,2024-05-29,general,term_end,term_end,,term_start,,term_end,,,,,,,,2020.05.30 ~ 2024.05.29,제21대 더불어시민당 비례대표,nexgtxtmaamffofof,김병주 (군인),42148778,,,False
21,GFF1986K,1,김병욱,지역구,경기 성남시분당구을,경기도 성남시 분당구 을,,,더불어민주당,더불어민주당,더불어민주당,더불어민주당,2020-05-30,2024-05-29,general,term_end,term_end,,term_start,,term_end,,,,,,,,2020.05.30 ~ 2024.05.29,제21대 더불어민주당 경기 성남시분당구을,nfzegpkvaclgtscxt,김병욱 (1965년),42148778,,,False
21,GKD32201,1,이용빈,지역구,광주 광산구갑,광주광역시 광산구 갑,,,더불어민주당,더불어민주당,더불어민주당,더불어민주당,2020-05-30,2024-05-29,general,term_end,term_end,,term_start,,term_end,,,,,,,,2020.05.30 ~ 2024.05.29,제21대 더불어민주당 광주 광산구갑,nfzegpkvaclgtscxt,이용빈,42148778,,,False
21,GOC54665,1,문정복,지역구,경기 시흥시갑,경기도 시흥시 갑,,,더불어민주당,더불어민주당,더불어민주당,더불어민주당,2020-05-30,2024-05-29,general,term_end,term_end,,term_start,,term_end,,,,,,,,2020.05.30 ~ 2024.05.29,제21대 더불어민주당 경기 시흥시갑,nexgtxtmaamffofof,문정복,42148778,,,False
21,GP07421U,1,윤건영,지역구,서울 구로구을,서울특별시 구로구 을,,,더불어민주당,더불어민주당,더불어민주당,더불어민주당,2020-05-30,2024-05-29,general,term_end,term_end,,term_start,,term_end,,,,,,,,2020.05.30 ~ 2024.05.29,제21대 더불어민주당 서울 구로구을,nexgtxtmaamffofof,윤건영 (1969년),42148778,,,False
21,GX22581L,1,강민국,지역구,경남 진주시을,경상남도 진주시 을,,,미래통합당,미래통합당,국민의힘,미래통합당,2020-05-30,2024-05-29,general,term_end,term_end,,term_start,,term_end,,,,,,,,2020.05.30 ~ 2024.05.29,제21대 미래통합당 경남 진주시을,nexgtxtmaamffofof,강민국 (정치인),42148778,,,False
21,GX38539O,1,유동수,지역구,인천 계양구갑,인천광역시 계양구 갑,,,더불어민주당,더불어민주당,더불어민주당,더불어민주당,2020-05-30,2024-05-29,general,term_end,term_end,,term_start,,term_end,,,,,,,,2020.05.30 ~ 2024.05.29,제21대 더불어민주당 인천 계양구갑,nexgtxtmaamffofof,유동수,42148778,,,False
21,H5476989,1,한병도,지역구,전북 익산시을,전북특별자치도 익산시 을,,,더불어민주당,더불어민주당,더불어민주당,더불어민주당,2020-05-30,2024-05-29,general,term_end,term_end,,term_start,,term_end,,,,,,,,2020.05.30 ~ 2024.05.29,제21대 더불어민주당 전북 익산시을,nexgtxtmaamffofof,한병도,42148778,,,False
21,HKJ99607,1,이병훈,지역구,광주 동구남구을,광주광역시 동구·남구 을,,,더불어민주당,더불어민주당,더불어민주당,더불어민주당,2020-05-30,2024-05-29,general,term_end,term_end,,term_start,,term_end,,,,,,,,2020.05.30 ~ 2024.05.29,제21대 더불어민주당 광주 동구남구을,nfzegpkvaclgtscxt,이병훈 (1957년),42148778,,,False
21,HSS7466Y,1,백혜련,지역구,경기 수원시을,경기도 수원시 을,,,더불어민주당,더불어민주당,더불어민주당,더불어민주당,2020-05-30,2024-05-29,general,term_end,term_end,,term_start,,term_end,,,,,,,,2020.05.30 ~ 2024.05.29,제21대 더불어민주당 경기 수원시을,nexgtxtmaamffofof,백혜련,42148778,,,False
21,HSW1214Q,1,이종배,지역구,충북 충주시,충청북도 충주시,,,미래통합당,미래통합당,국민의힘,미래통합당,2020-05-30,2024-05-29,general,term_end,term_end,,term_start,,term_end,,,,,,,,2020.05.30 ~ 2024.05.29,제21대 미래통합당 충북 충주시,nexgtxtmaamffofof,이종배,42148778,,,False
21,HXT76735,1,박상혁,지역구,경기 김포시을,경기도 김포시 을,,,더불어민주당,더불어민주당,더불어민주당,더불어민주당,2020-05-30,2024-05-29,general,term_end,term_end,,term_start,,term_end,,,,,,,,2020.05.30 ~ 2024.05.29,제21대 더불어민주당 경기 김포시을,nexgtxtmaamffofof,박상혁 (1973년),42148778,,,False
21,I0S53762,1,하태경,지역구,부산 해운대구갑,부산광역시 해운대구 갑,,,미래통합당,미래통합당,국민의힘,미래통합당,2020-05-30,2024-05-29,general,term_end,term_end,,term_start,,term_end,,,,,,,,2020.05.30 ~ 2024.05.29,제21대 미래통합당 부산 해운대구갑,nfzegpkvaclgtscxt,하태경,42148778,,,False
21,I434361W,1,조태용,비례대표,비례대표,,미래한국당,6,미래한국당,미래한국당,국민의힘,미래한국당,2020-05-30,2022-06-09,general,resigned,resigned_on_appointment,주미대사 취임으로 의원직 사직 / 의원직 상실,term_start,,confirmed,wikilist,,2022-06-09,,2022-06-02,,,2020.05.30 ~ 2022.06.09,제21대 미래한국당 비례대표,nfzegpkvaclgtscxt,조태용,42148778,41820079,,False
21,I5I2468R,1,최기상,지역구,서울 금천구,서울특별시 금천구,,,더불어민주당,더불어민주당,더불어민주당,더불어민주당,2020-05-30,2024-05-29,general,term_end,term_end,,term_start,,term_end,,,,,,,,2020.05.30 ~ 2024.05.29,제21대 더불어민주당 서울 금천구,nexgtxtmaamffofof,최기상,42148778,,,False
21,I7R13867,1,이개호,지역구,전남 담양군함평군영광군장성군,전라남도 담양군·함평군·영광군·장성군,,,더불어민주당,더불어민주당,더불어민주당,더불어민주당,2020-05-30,2024-05-29,general,term_end,term_end,,term_start,,term_end,,,,,,,,2020.05.30 ~ 2024.05.29,제21대 더불어민주당 전남 담양군함평군영광군장성군,nexgtxtmaamffofof,이개호,42148778,,,False
21,ICH23251,1,최강욱,비례대표,비례대표,,열린민주당,2,열린민주당,열린민주당,더불어민주당,열린민주당,2020-05-30,2023-09-18,general,disqualified,court_ruling_other_or_unspecified,조국 전 법무부 장관 아들의 인턴증명서 허위 발급 혐의로 의원직 상실 / 의원직 상실,term_start,,confirmed,wikilist+wikiseat,,2023-09-18,,2023-09-18,,,2020.05.30 ~ 2023.09.18,제21대 열린민주당 비례대표,nfzegpkvaclgtscxt,최강욱,42148778,41820079,,False
21,IL74008M,1,박성준,지역구,서울 중구성동구을,서울특별시 중구·성동구 을,,,더불어민주당,더불어민주당,더불어민주당,더불어민주당,2020-05-30,2024-05-29,general,term_end,term_end,,term_start,,term_end,,,,,,,,2020.05.30 ~ 2024.05.29,제21대 더불어민주당 서울 중구성동구을,nexgtxtmaamffofof,박성준 (정치인),42148778,,,False
21,IN328264,1,조정식,지역구,경기 시흥시을,경기도 시흥시 을,,,더불어민주당,더불어민주당,더불어민주당,더불어민주당,2020-05-30,2024-05-29,general,term_end,term_end,,term_start,,term_end,,,,,,,,2020.05.30 ~ 2024.05.29,제21대 더불어민주당 경기 시흥시을,nexgtxtmaamffofof,조정식 (정치인),42148778,,,False
21,IOW1101J,1,김영식,지역구,경북 구미시을,경상북도 구미시 을,,,미래통합당,미래통합당,국민의힘,미래통합당,2020-05-30,2024-05-29,general,term_end,term_end,,term_start,,term_end,,,,,,,,2020.05.30 ~ 2024.05.29,제21대 미래통합당 경북 구미시을,nfzegpkvaclgtscxt,김영식 (1959년),42148778,,,False
21,IOW8224X,1,이형석,지역구,광주 북구을,광주광역시 북구 을,,,더불어민주당,더불어민주당,더불어민주당,더불어민주당,2020-05-30,2024-05-29,general,term_end,term_end,,term_start,,term_end,,,,,,,,2020.05.30 ~ 2024.05.29,제21대 더불어민주당 광주 북구을,nfzegpkvaclgtscxt,이형석 (1961년),42148778,,,False
21,IUD9392R,1,이재명,지역구,인천 계양구을,인천광역시 계양구 을,,,더불어민주당,더불어민주당,더불어민주당,더불어민주당,2022-06-02,2024-05-29,by_election,term_end,term_end,,confirmed,wikiseat,term_end,,2022-06-01,,2022-06-02,,,,2022.06.02 ~ 2024.05.29,제21대 더불어민주당 인천 계양구을,nfzegpkvaclgtscxt,이재명,42148778,41820079,,False
21,IUL4848V,1,윤희숙,지역구,서울 서초구갑,서울특별시 서초구 갑,,,미래통합당,미래통합당,국민의힘,미래통합당,2020-05-30,2021-09-13,general,resigned,resigned_other,부동신 투기 의혹으로 의원직 사퇴 / 의원직 사퇴,term_start,,confirmed,wikilist+wikiseat+nabill,,2021-09-13,,2021-09-13,2021-09-13,PRC_U2M1R0C8L2P5X1W0Y1G6W1L6H1L1I0,2020.05.30 ~ 2021.09.13,제21대 미래통합당 서울 서초구갑,nfzegpkvaclgtscxt,윤희숙 (1970년),42148778,41820079,,False
21,J2O8643H,1,도종환,지역구,충북 청주시흥덕구,충청북도 청주시 흥덕구,,,더불어민주당,더불어민주당,더불어민주당,더불어민주당,2020-05-30,2024-05-29,general,term_end,term_end,,term_start,,term_end,,,,,,,,2020.05.30 ~ 2024.05.29,제21대 더불어민주당 충북 청주시흥덕구,nfzegpkvaclgtscxt,도종환,42148778,,,False
21,J9S37905,1,황보승희,지역구,부산 중구영도구,부산광역시 중구·영도구,,,미래통합당,미래통합당,자유통일당,미래통합당,2020-05-30,2024-05-29,general,term_end,term_end,,term_start,,term_end,,,,,,,,2020.05.30 ~ 2024.05.29,제21대 미래통합당 부산 중구영도구,nfzegpkvaclgtscxt,황보승희,42148778,,,False
21,JC14718Q,1,윤준병,지역구,전북 정읍시고창군,전북특별자치도 정읍시·고창군,,,더불어민주당,더불어민주당,더불어민주당,더불어민주당,2020-05-30,2024-05-29,general,term_end,term_end,,term_start,,term_end,,,,,,,,2020.05.30 ~ 2024.05.29,제21대 더불어민주당 전북 정읍시고창군,nexgtxtmaamffofof,윤준병,42148778,,,False
21,JEZ3130Q,1,김형동,지역구,경북 안동시예천군,경상북도 안동시·예천군,,,미래통합당,미래통합당,국민의힘,미래통합당,2020-05-30,2024-05-29,general,term_end,term_end,,term_start,,term_end,,,,,,,,2020.05.30 ~ 2024.05.29,제21대 미래통합당 경북 안동시예천군,nexgtxtmaamffofof,김형동,42148778,,,False
21,JMY9959W,1,윤관석,지역구,인천 남동구을,인천광역시 남동구 을,,,더불어민주당,더불어민주당,무소속,더불어민주당,2020-05-30,2024-05-29,general,term_end,term_end,,term_start,,term_end,,,,,,,,2020.05.30 ~ 2024.05.29,제21대 더불어민주당 인천 남동구을,nfzegpkvaclgtscxt,윤관석,42148778,,,False
21,JNL7001A,1,김선교,지역구,경기 여주시양평군,경기도 여주시·양평군,,,미래통합당,미래통합당,국민의힘,미래통합당,2020-05-30,2023-05-18,general,disqualified,court_ruling_election_law,공직선거법 위반 혐의로 의원직 상실 / 의원직 상실,term_start,,confirmed,wikilist+wikiseat,,2023-05-18,,2023-05-18,,,2020.05.30 ~ 2023.05.18,제21대 미래통합당 경기 여주시양평군,nexgtxtmaamffofof,김선교,42148778,41820079,,False
21,JQA21112,1,한기호,지역구,강원 춘천시철원군화천군양구군을,강원특별자치도 춘천시·철원군·화천군·양구군 을,,,미래통합당,미래통합당,국민의힘,미래통합당,2020-05-30,2024-05-29,general,term_end,term_end,,term_start,,term_end,,,,,,,,2020.05.30 ~ 2024.05.29,제21대 미래통합당 강원 춘천시철원군화천군양구군을,nexgtxtmaamffofof,한기호 (1952년),42148778,,,False
21,JVB6983V,1,노용호,비례대표,비례대표,,미래한국당,20,국민의힘,국민의힘,국민의힘,국민의힘,2022-05-23,2024-05-29,succession_pr,term_end,term_end,,confirmed,wikilist+wikiseat,term_end,,2022-05-23,,2022-05-23,,,,2022.05.23 ~ 2024.05.29,제21대 국민의힘 비례대표,nfzegpkvaclgtscxt,노용호 (정치인),42148778,41820079,,False
21,JZY9937U,1,김윤덕,지역구,전북 전주시갑,전북특별자치도 전주시 갑,,,더불어민주당,더불어민주당,더불어민주당,더불어민주당,2020-05-30,2024-05-29,general,term_end,term_end,,term_start,,term_end,,,,,,,,2020.05.30 ~ 2024.05.29,제21대 더불어민주당 전북 전주시갑,nexgtxtmaamffofof,김윤덕 (1966년),42148778,,,False
21,K3W33496,1,박광온,지역구,경기 수원시정,경기도 수원시 정,,,더불어민주당,더불어민주당,더불어민주당,더불어민주당,2020-05-30,2024-05-29,general,term_end,term_end,,term_start,,term_end,,,,,,,,2020.05.30 ~ 2024.05.29,제21대 더불어민주당 경기 수원시정,nfzegpkvaclgtscxt,박광온,42148778,,,False
21,K5F2023J,1,이학영,지역구,경기 군포시,경기도 군포시,,,더불어민주당,더불어민주당,더불어민주당,더불어민주당,2020-05-30,2024-05-29,general,term_end,term_end,,term_start,,term_end,,,,,,,,2020.05.30 ~ 2024.05.29,제21대 더불어민주당 경기 군포시,nexgtxtmaamffofof,이학영,42148778,,,False
21,KB04377U,1,김병욱,지역구,경북 포항시남구울릉군,경상북도 포항시 남구·울릉군,,,미래통합당,미래통합당,국민의힘,미래통합당,2020-05-30,2024-05-29,general,term_end,term_end,,term_start,,term_end,,,,,,,,2020.05.30 ~ 2024.05.29,제21대 미래통합당 경북 포항시남구울릉군,nfzegpkvaclgtscxt,김병욱 (1977년),42148778,,,False
21,KFM1081G,1,장동혁,지역구,충남 보령시서천군,충청남도 보령시·서천군,,,국민의힘,국민의힘,국민의힘,국민의힘,2022-06-02,2024-05-29,by_election,term_end,term_end,,confirmed,wikiseat,term_end,,2022-06-01,,2022-06-02,,,,2022.06.02 ~ 2024.05.29,제21대 국민의힘 충남 보령시서천군,nexgtxtmaamffofof,장동혁 (정치인),42148778,41820079,,False
21,KFS1358P,1,윤영덕,지역구,광주 동구남구갑,광주광역시 동구·남구 갑,,,더불어민주당,더불어민주당,더불어민주당,더불어민주당,2020-05-30,2024-05-29,general,term_end,term_end,,term_start,,term_end,,,,,,,,2020.05.30 ~ 2024.05.29,제21대 더불어민주당 광주 동구남구갑,nfzegpkvaclgtscxt,윤영덕,42148778,,,False
21,KNM3215T,1,윤미향,비례대표,비례대표,,더불어시민당,7,더불어시민당,더불어시민당,무소속,더불어시민당,2020-05-30,2024-05-29,general,term_end,term_end,,term_start,,term_end,,,,,,,,2020.05.30 ~ 2024.05.29,제21대 더불어시민당 비례대표,nfzegpkvaclgtscxt,윤미향,42148778,,,False
21,KR14136C,1,홍영표,지역구,인천 부평구을,인천광역시 부평구 을,,,더불어민주당,더불어민주당,새로운미래,더불어민주당,2020-05-30,2024-05-29,general,term_end,term_end,,term_start,,term_end,,,,,,,,2020.05.30 ~ 2024.05.29,제21대 더불어민주당 인천 부평구을,nfzegpkvaclgtscxt,홍영표,42148778,,,False
21,KUO3574J,1,양기대,지역구,경기 광명시을,경기도 광명시 을,,,더불어민주당,더불어민주당,더불어민주당,더불어민주당,2020-05-30,2024-05-29,general,term_end,term_end,,term_start,,term_end,,,,,,,,2020.05.30 ~ 2024.05.29,제21대 더불어민주당 경기 광명시을,nfzegpkvaclgtscxt,양기대,42148778,,,False
21,L2I9861C,1,강대식,지역구,대구 동구을,대구광역시 동구 을,,,미래통합당,미래통합당,국민의힘,미래통합당,2020-05-30,2024-05-29,general,term_end,term_end,,term_start,,term_end,,,,,,,,2020.05.30 ~ 2024.05.29,제21대 미래통합당 대구 동구을,nexgtxtmaamffofof,강대식,42148778,,,False
21,L5P27909,1,김은혜,지역구,경기 성남시분당구갑,경기도 성남시 분당구 갑,,,미래통합당,미래통합당,국민의힘,미래통합당,2020-05-30,2022-04-29,general,resigned,resigned_to_run_for_other_office,제8회 전국동시지방선거 출마로 사직 / 의원직 사퇴,term_start,,confirmed,wikilist+wikiseat+nabill,,2022-04-29,,2022-04-29,2022-04-29,PRC_K2B2V0H4G2Q8S1Y3K3N3F4V8V7G5F7,2020.05.30 ~ 2022.04.29,제21대 미래통합당 경기 성남시분당구갑,nexgtxtmaamffofof,김은혜 (1971년),42148778,41820079,,False
21,L7J93733,1,서범수,지역구,울산 울주군,울산광역시 울주군,,,미래통합당,미래통합당,국민의힘,미래통합당,2020-05-30,2024-05-29,general,term_end,term_end,,term_start,,term_end,,,,,,,,2020.05.30 ~ 2024.05.29,제21대 미래통합당 울산 울주군,nexgtxtmaamffofof,서범수,42148778,,,False
21,L7T64271,1,김수흥,지역구,전북 익산시갑,전북특별자치도 익산시 갑,,,더불어민주당,더불어민주당,더불어민주당,더불어민주당,2020-05-30,2024-05-29,general,term_end,term_end,,term_start,,term_end,,,,,,,,2020.05.30 ~ 2024.05.29,제21대 더불어민주당 전북 익산시갑,nfzegpkvaclgtscxt,김수흥 (1961년),42148778,,,False
21,LBC8144B,1,김영선,지역구,경남 창원시의창구,경상남도 창원시 의창구,,,국민의힘,국민의힘,국민의힘,국민의힘,2022-06-02,2024-05-29,by_election,term_end,term_end,,confirmed,wikiseat,term_end,,2022-06-01,,2022-06-02,,,,2022.06.02 ~ 2024.05.29,제21대 국민의힘 경남 창원시의창구,nfzegpkvaclgtscxt,김영선 (1960년),42148778,41820079,,False
21,LG63087O,1,권영세,지역구,서울 용산구,서울특별시 용산구,,,미래통합당,미래통합당,국민의힘,미래통합당,2020-05-30,2024-05-29,general,term_end,term_end,,term_start,,term_end,,,,,,,,2020.05.30 ~ 2024.05.29,제21대 미래통합당 서울 용산구,nexgtxtmaamffofof,권영세 (1959년),42148778,,,False
21,LH97552Q,1,김도읍,지역구,부산 북구강서구을,부산광역시 북구·강서구 을,,,미래통합당,미래통합당,국민의힘,미래통합당,2020-05-30,2024-05-29,general,term_end,term_end,,term_start,,term_end,,,,,,,,2020.05.30 ~ 2024.05.29,제21대 미래통합당 부산 북구강서구을,nexgtxtmaamffofof,김도읍,42148778,,,False
21,LJK4960Z,1,정점식,지역구,경남 통영시고성군,경상남도 통영시·고성군,,,미래통합당,미래통합당,국민의힘,미래통합당,2020-05-30,2024-05-29,general,term_end,term_end,,term_start,,term_end,,,,,,,,2020.05.30 ~ 2024.05.29,제21대 미래통합당 경남 통영시고성군,nexgtxtmaamffofof,정점식,42148778,,,False
21,LM13674V,1,송재호,지역구,제주 제주시갑,제주특별자치도 제주시 갑,,,더불어민주당,더불어민주당,더불어민주당,더불어민주당,2020-05-30,2024-05-29,general,term_end,term_end,,term_start,,term_end,,,,,,,,2020.05.30 ~ 2024.05.29,제21대 더불어민주당 제주 제주시갑,nfzegpkvaclgtscxt,송재호 (정치인),42148778,,,False
21,LNR7932L,1,김진애,비례대표,비례대표,,열린민주당,1,열린민주당,열린민주당,열린민주당,열린민주당,2020-05-30,2021-03-24,general,resigned,resigned_to_run_for_other_office,2021년 재보궐선거 출마로 의원직 사직 / 의원직 사퇴,term_start,,confirmed,wikilist+wikiseat+nabill,,2021-03-24,,2021-03-24,2021-03-24,PRC_H2P1B0V3T0Z8Y0M9Q4F1B1M9R6J5H5,2020.05.30 ~ 2021.03.24,제21대 열린민주당 비례대표,nfzegpkvaclgtscxt,김진애,42148778,41820079,,False
21,LPB30152,1,최인호,지역구,부산 사하구갑,부산광역시 사하구 갑,,,더불어민주당,더불어민주당,더불어민주당,더불어민주당,2020-05-30,2024-05-29,general,term_end,term_end,,term_start,,term_end,,,,,,,,2020.05.30 ~ 2024.05.29,제21대 더불어민주당 부산 사하구갑,nfzegpkvaclgtscxt,최인호 (1966년),42148778,,,False
21,LQW3652K,1,김웅,지역구,서울 송파구갑,서울특별시 송파구 갑,,,미래통합당,미래통합당,국민의힘,미래통합당,2020-05-30,2024-05-29,general,term_end,term_end,,term_start,,term_end,,,,,,,,2020.05.30 ~ 2024.05.29,제21대 미래통합당 서울 송파구갑,nfzegpkvaclgtscxt,김웅 (정치인),42148778,,,False
21,LT72093S,1,정일영,지역구,인천 연수구을,인천광역시 연수구 을,,,더불어민주당,더불어민주당,더불어민주당,더불어민주당,2020-05-30,2024-05-29,general,term_end,term_end,,term_start,,term_end,,,,,,,,2020.05.30 ~ 2024.05.29,제21대 더불어민주당 인천 연수구을,nexgtxtmaamffofof,정일영 (1957년),42148778,,,False
21,M0A1658U,1,윤호중,지역구,경기 구리시,경기도 구리시,,,더불어민주당,더불어민주당,더불어민주당,더불어민주당,2020-05-30,2024-05-29,general,term_end,term_end,,term_start,,term_end,,,,,,,,2020.05.30 ~ 2024.05.29,제21대 더불어민주당 경기 구리시,nexgtxtmaamffofof,윤호중,42148778,,,False
21,M2Q9024I,1,김종민,지역구,충남 논산시계룡시금산군,충청남도 논산시·계룡시·금산군,,,더불어민주당,더불어민주당,새로운미래,더불어민주당,2020-05-30,2024-05-29,general,term_end,term_end,,term_start,,term_end,,,,,,,,2020.05.30 ~ 2024.05.29,제21대 더불어민주당 충남 논산시계룡시금산군,nexgtxtmaamffofof,김종민 (1964년),42148778,,,False
21,M6H1705E,1,김회재,지역구,전남 여수시을,전라남도 여수시 을,,,더불어민주당,더불어민주당,더불어민주당,더불어민주당,2020-05-30,2024-05-29,general,term_end,term_end,,term_start,,term_end,,,,,,,,2020.05.30 ~ 2024.05.29,제21대 더불어민주당 전남 여수시을,nfzegpkvaclgtscxt,김회재,42148778,,,False
21,M7O7878U,1,신정훈,지역구,전남 나주시화순군,전라남도 나주시·화순군,,,더불어민주당,더불어민주당,더불어민주당,더불어민주당,2020-05-30,2024-05-29,general,term_end,term_end,,term_start,,term_end,,,,,,,,2020.05.30 ~ 2024.05.29,제21대 더불어민주당 전남 나주시화순군,nexgtxtmaamffofof,신정훈,42148778,,,False
21,M7T9712V,1,최승재,비례대표,비례대표,,미래한국당,14,미래한국당,미래한국당,국민의힘,미래한국당,2020-05-30,2024-05-29,general,term_end,term_end,,term_start,,term_end,,,,,,,,2020.05.30 ~ 2024.05.29,제21대 미래한국당 비례대표,nfzegpkvaclgtscxt,최승재 (정치인),42148778,,,False
21,MD083627,1,정춘숙,지역구,경기 용인시병,경기도 용인시 병,,,더불어민주당,더불어민주당,더불어민주당,더불어민주당,2020-05-30,2024-05-29,general,term_end,term_end,,term_start,,term_end,,,,,,,,2020.05.30 ~ 2024.05.29,제21대 더불어민주당 경기 용인시병,nfzegpkvaclgtscxt,정춘숙,42148778,,,False
21,MHK9919B,1,곽상도,지역구,대구 중구남구,대구광역시 중구·남구,,,미래통합당,미래통합당,무소속,미래통합당,2020-05-30,2021-11-11,general,resigned,resigned_other,아들 화천대유 퇴직금 논란으로 사퇴 / 의원직 사퇴,term_start,,confirmed,wikilist+wikiseat+nabill,,2021-11-11,,2021-11-11,2021-11-11,PRC_Z2S1B1B0U0B5C1R5E4T4S4T0Y1I9S3,2020.05.30 ~ 2021.11.11,제21대 미래통합당 대구 중구남구,nfzegpkvaclgtscxt,곽상도,42148778,41820079,,False
21,MLH1404S,1,김민석,지역구,서울 영등포구을,서울특별시 영등포구 을,,,더불어민주당,더불어민주당,더불어민주당,더불어민주당,2020-05-30,2024-05-29,general,term_end,term_end,,term_start,,term_end,,,,,,,,2020.05.30 ~ 2024.05.29,제21대 더불어민주당 서울 영등포구을,nexgtxtmaamffofof,김민석 (정치인),42148778,,,False
21,MNZ4401T,1,강선우,지역구,서울 강서구갑,서울특별시 강서구 갑,,,더불어민주당,더불어민주당,더불어민주당,더불어민주당,2020-05-30,2024-05-29,general,term_end,term_end,,term_start,,term_end,,,,,,,,2020.05.30 ~ 2024.05.29,제21대 더불어민주당 서울 강서구갑,nexgtxtmaamffofof,강선우,42148778,,,False
21,MO52543L,1,변재일,지역구,충북 청주시청원구,충청북도 청주시 청원구,,,더불어민주당,더불어민주당,더불어민주당,더불어민주당,2020-05-30,2024-05-29,general,term_end,term_end,,term_start,,term_end,,,,,,,,2020.05.30 ~ 2024.05.29,제21대 더불어민주당 충북 청주시청원구,nfzegpkvaclgtscxt,변재일,42148778,,,False
21,MQU41854,1,조은희,지역구,서울 서초구갑,서울특별시 서초구 갑,,,국민의힘,국민의힘,국민의힘,국민의힘,2022-03-10,2024-05-29,by_election,term_end,term_end,,confirmed_pollday_plus1,wikilist=2022-03-09; wikiseat=2022-03-09,term_end,,2022-03-09,,2022-03-09,,,,2022.03.10 ~ 2024.05.29,제21대 국민의힘 서울 서초구갑,nexgtxtmaamffofof,조은희 (정치인),42148778,41820079,,False
21,MR210505,1,서일준,지역구,경남 거제시,경상남도 거제시,,,미래통합당,미래통합당,국민의힘,미래통합당,2020-05-30,2024-05-29,general,term_end,term_end,,term_start,,term_end,,,,,,,,2020.05.30 ~ 2024.05.29,제21대 미래통합당 경남 거제시,nexgtxtmaamffofof,서일준,42148778,,,False
21,MRK4871S,1,유의동,지역구,경기 평택시을,경기도 평택시 을,,,미래통합당,미래통합당,국민의힘,미래통합당,2020-05-30,2024-05-29,general,term_end,term_end,,term_start,,term_end,,,,,,,,2020.05.30 ~ 2024.05.29,제21대 미래통합당 경기 평택시을,nexgtxtmaamffofof,유의동,42148778,,,False
21,MSO2590I,1,김은희,비례대표,비례대표,,미래한국당,23,국민의힘,국민의힘,국민의힘,국민의힘,2024-01-08,2024-05-29,succession_pr,term_end,term_end,,confirmed,wikilist,term_end,,2024-01-08,,2024-01-03,,,,2024.01.08 ~ 2024.05.29,제21대 국민의힘 비례대표,nfzegpkvaclgtscxt,김은희 (테니스인),42148778,41820079,,False
21,MSY7784L,1,윤상현,지역구,인천 동구미추홀구을,인천광역시 동구·미추홀구 을,,,무소속,무소속,국민의힘,국민의힘,2020-05-30,2024-05-29,general,term_end,term_end,,term_start,,term_end,,,,,,,,2020.05.30 ~ 2024.05.29,제21대 국민의힘 인천 동구미추홀구을,nexgtxtmaamffofof,윤상현 (정치인),42148778,,,False
21,MU69217P,1,유상범,지역구,강원 홍천군횡성군영월군평창군,강원특별자치도 홍천군·횡성군·영월군·평창군,,,미래통합당,미래통합당,국민의힘,미래통합당,2020-05-30,2024-05-29,general,term_end,term_end,,term_start,,term_end,,,,,,,,2020.05.30 ~ 2024.05.29,제21대 미래통합당 강원 홍천군횡성군영월군평창군,nexgtxtmaamffofof,유상범 (1966년),42148778,,,False
21,MY318392,1,오영환,지역구,경기 의정부시갑,경기도 의정부시 갑,,,더불어민주당,더불어민주당,새로운미래,더불어민주당,2020-05-30,2024-05-29,general,term_end,term_end,,term_start,,term_end,,,,,,,,2020.05.30 ~ 2024.05.29,제21대 더불어민주당 경기 의정부시갑,nfzegpkvaclgtscxt,오영환 (1988년),42148778,,,False
21,N4R2421C,1,박덕흠,지역구,충북 보은군옥천군영동군괴산군,충청북도 보은군·옥천군·영동군·괴산군,,,미래통합당,미래통합당,국민의힘,미래통합당,2020-05-30,2024-05-29,general,term_end,term_end,,term_start,,term_end,,,,,,,,2020.05.30 ~ 2024.05.29,제21대 미래통합당 충북 보은군옥천군영동군괴산군,nexgtxtmaamffofof,박덕흠,42148778,,,False
21,N9X9673B,1,전혜숙,지역구,서울 광진구갑,서울특별시 광진구 갑,,,더불어민주당,더불어민주당,무소속,더불어민주당,2020-05-30,2024-05-29,general,term_end,term_end,,term_start,,term_end,,,,,,,,2020.05.30 ~ 2024.05.29,제21대 더불어민주당 서울 광진구갑,nfzegpkvaclgtscxt,전혜숙,42148778,,,False
21,NAL4555X,1,홍준표,지역구,대구 수성구을,대구광역시 수성구 을,,,무소속,무소속,국민의힘,무소속,2020-05-30,2022-04-29,general,resigned,resigned_to_run_for_other_office,제8회 전국동시지방선거 출마로 사직 / 의원직 사퇴,term_start,,confirmed,wikilist+wikiseat+nabill,,2022-04-29,,2022-04-29,2022-04-29,PRC_D2T2L0S4U2Q6K1E0V0X5S2I6G5X6J7,2020.05.30 ~ 2022.04.29,제21대 무소속 대구 수성구을,nfzegpkvaclgtscxt,홍준표,42148778,41820079,,False
21,NCO99988,1,허숙정,비례대표,비례대표,,열린민주당,5,더불어민주당,더불어민주당,더불어민주당,더불어민주당,2023-09-20,2024-05-29,succession_pr,term_end,term_end,,confirmed,wikilist,term_end,,2023-09-20,,2023-09-18,,,,2023.09.20 ~ 2024.05.29,제21대 더불어민주당 비례대표,nfzegpkvaclgtscxt,허숙정,42148778,41820079,,False
21,NCP9875N,1,류호정,비례대표,비례대표,,정의당,1,정의당,정의당,정의당,정의당,2020-05-30,2024-01-25,general,disqualified,pr_seat_lost_on_leaving_party,정의당 탈당으로 의원직 상실 / 의원직 상실,term_start,,confirmed,wikilist+wikiseat,,2024-01-25,,2024-01-25,,,2020.05.30 ~ 2024.01.25,제21대 정의당 비례대표,nfzegpkvaclgtscxt,류호정,42148778,41820079,,False
21,NLR6572J,1,임병헌,지역구,대구 중구남구,대구광역시 중구·남구,,,무소속,무소속,국민의힘,무소속,2022-03-10,2024-05-29,by_election,term_end,term_end,,confirmed_pollday_plus1,wikilist=2022-03-09; wikiseat=2022-03-09,term_end,,2022-03-09,,2022-03-09,,,,2022.03.10 ~ 2024.05.29,제21대 무소속 대구 중구남구,nfzegpkvaclgtscxt,임병헌 (1953년),42148778,41820079,,False
21,NQR1206Q,1,정진석,지역구,충남 공주시부여군청양군,충청남도 공주시·부여군·청양군,,,미래통합당,미래통합당,국민의힘,미래통합당,2020-05-30,2024-04-23,general,resigned,resigned_other,의원직 사퇴,term_start,,confirmed,wikilist+nabill,,2024-04-23,,,2024-04-23,PRC_V2R4G0M4R2Y2U1L7U5Q9W4I2N9G5Y7,2020.05.30 ~ 2024.04.23,제21대 미래통합당 충남 공주시부여군청양군,nfzegpkvaclgtscxt,정진석 (정치인),42148778,,,False
21,NTT8182Q,1,김민기,지역구,경기 용인시을,경기도 용인시 을,,,더불어민주당,더불어민주당,더불어민주당,더불어민주당,2020-05-30,2024-05-29,general,term_end,term_end,,term_start,,term_end,,,,,,,,2020.05.30 ~ 2024.05.29,제21대 더불어민주당 경기 용인시을,nfzegpkvaclgtscxt,김민기 (정치인),42148778,,,False
21,NUB4941Z,1,김한규,지역구,제주 제주시을,제주특별자치도 제주시 을,,,더불어민주당,더불어민주당,더불어민주당,더불어민주당,2022-06-02,2024-05-29,by_election,term_end,term_end,,confirmed,wikiseat,term_end,,2022-06-01,,2022-06-02,,,,2022.06.02 ~ 2024.05.29,제21대 더불어민주당 제주 제주시을,nexgtxtmaamffofof,김한규 (1974년),42148778,41820079,,False
21,NZF1659U,1,정운천,비례대표,비례대표,,미래한국당,16,미래한국당,미래한국당,국민의힘,미래통합당,2020-05-30,2024-05-29,general,term_end,term_end,,term_start,,term_end,,,,,,,,2020.05.30 ~ 2024.05.29,제21대 미래통합당 비례대표,nfzegpkvaclgtscxt,정운천,42148778,,,False
21,O0I2045I,1,이정문,지역구,충남 천안시병,충청남도 천안시 병,,,더불어민주당,더불어민주당,더불어민주당,더불어민주당,2020-05-30,2024-05-29,general,term_end,term_end,,term_start,,term_end,,,,,,,,2020.05.30 ~ 2024.05.29,제21대 더불어민주당 충남 천안시병,nexgtxtmaamffofof,이정문 (1973년),42148778,,,False
21,O6D8329R,1,민홍철,지역구,경남 김해시갑,경상남도 김해시 갑,,,더불어민주당,더불어민주당,더불어민주당,더불어민주당,2020-05-30,2024-05-29,general,term_end,term_end,,term_start,,term_end,,,,,,,,2020.05.30 ~ 2024.05.29,제21대 더불어민주당 경남 김해시갑,nexgtxtmaamffofof,민홍철,42148778,,,False
21,O7R5461J,1,윤후덕,지역구,경기 파주시갑,경기도 파주시 갑,,,더불어민주당,더불어민주당,더불어민주당,더불어민주당,2020-05-30,2024-05-29,general,term_end,term_end,,term_start,,term_end,,,,,,,,2020.05.30 ~ 2024.05.29,제21대 더불어민주당 경기 파주시갑,nexgtxtmaamffofof,윤후덕,42148778,,,False
21,OFE45081,1,김용민,지역구,경기 남양주시병,경기도 남양주시 병,,,더불어민주당,더불어민주당,더불어민주당,더불어민주당,2020-05-30,2024-05-29,general,term_end,term_end,,term_start,,term_end,,,,,,,,2020.05.30 ~ 2024.05.29,제21대 더불어민주당 경기 남양주시병,nexgtxtmaamffofof,김용민 (1976년),42148778,,,False
21,OIA3741M,1,오기형,지역구,서울 도봉구을,서울특별시 도봉구 을,,,더불어민주당,더불어민주당,더불어민주당,더불어민주당,2020-05-30,2024-05-29,general,term_end,term_end,,term_start,,term_end,,,,,,,,2020.05.30 ~ 2024.05.29,제21대 더불어민주당 서울 도봉구을,nexgtxtmaamffofof,오기형,42148778,,,False
21,OSV9142K,1,이만희,지역구,경북 영천시청도군,경상북도 영천시·청도군,,,미래통합당,미래통합당,국민의힘,미래통합당,2020-05-30,2024-05-29,general,term_end,term_end,,term_start,,term_end,,,,,,,,2020.05.30 ~ 2024.05.29,제21대 미래통합당 경북 영천시청도군,nexgtxtmaamffofof,이만희 (정치인),42148778,,,False
21,OW53107J,1,설훈,지역구,경기 부천시을,경기도 부천시 을,,,더불어민주당,더불어민주당,새로운미래,더불어민주당,2020-05-30,2024-05-29,general,term_end,term_end,,term_start,,term_end,,,,,,,,2020.05.30 ~ 2024.05.29,제21대 더불어민주당 경기 부천시을,nfzegpkvaclgtscxt,설훈,42148778,,,False
21,P0F1530P,1,김태호,지역구,경남 산청군함양군거창군합천군,경상남도 산청군·함양군·거창군·합천군,,,무소속,무소속,국민의힘,무소속,2020-05-30,2024-05-29,general,term_end,term_end,,term_start,,term_end,,,,,,,,2020.05.30 ~ 2024.05.29,제21대 무소속 경남 산청군함양군거창군합천군,nexgtxtmaamffofof,김태호 (1962년),42148778,,,False
21,P2N4585G,1,김승남,지역구,전남 고흥군보성군장흥군강진군,전라남도 고흥군·보성군·장흥군·강진군,,,더불어민주당,더불어민주당,더불어민주당,더불어민주당,2020-05-30,2024-05-29,general,term_end,term_end,,term_start,,term_end,,,,,,,,2020.05.30 ~ 2024.05.29,제21대 더불어민주당 전남 고흥군보성군장흥군강진군,nfzegpkvaclgtscxt,김승남 (정치인),42148778,,,False
21,P2N50879,1,강민정,비례대표,비례대표,,열린민주당,3,열린민주당,열린민주당,더불어민주당,열린민주당,2020-05-30,2024-05-29,general,term_end,term_end,,term_start,,term_end,,,,,,,,2020.05.30 ~ 2024.05.29,제21대 열린민주당 비례대표,nfzegpkvaclgtscxt,강민정 (정치인),42148778,,,False
21,PAO22428,1,송영길,지역구,인천 계양구을,인천광역시 계양구 을,,,더불어민주당,더불어민주당,더불어민주당,더불어민주당,2020-05-30,2022-04-29,general,resigned,resigned_to_run_for_other_office,제8회 전국동시지방선거 출마로 사직 / 의원직 사퇴,term_start,,confirmed,wikilist+wikiseat+nabill,,2022-04-29,,2022-04-29,2022-04-29,PRC_C2R2I0E4H2J9K1T9N3P9H3Y0Z1P5U0,2020.05.30 ~ 2022.04.29,제21대 더불어민주당 인천 계양구을,nexgtxtmaamffofof,송영길 (정치인),42148778,41820079,,False
21,PEP6922S,1,박용진,지역구,서울 강북구을,서울특별시 강북구 을,,,더불어민주당,더불어민주당,더불어민주당,더불어민주당,2020-05-30,2024-05-29,general,term_end,term_end,,term_start,,term_end,,,,,,,,2020.05.30 ~ 2024.05.29,제21대 더불어민주당 서울 강북구을,nfzegpkvaclgtscxt,박용진 (정치인),42148778,,,False
21,PFG2137X,1,정희용,지역구,경북 고령군성주군칠곡군,경상북도 고령군·성주군·칠곡군,,,미래통합당,미래통합당,국민의힘,미래통합당,2020-05-30,2024-05-29,general,term_end,term_end,,term_start,,term_end,,,,,,,,2020.05.30 ~ 2024.05.29,제21대 미래통합당 경북 고령군성주군칠곡군,nexgtxtmaamffofof,정희용,42148778,,,False
21,PO64874I,1,김홍걸,비례대표,비례대표,,더불어시민당,14,더불어시민당,더불어시민당,더불어민주당,더불어시민당,2020-05-30,2024-05-29,general,term_end,term_end,,term_start,,term_end,,,,,,,,2020.05.30 ~ 2024.05.29,제21대 더불어시민당 비례대표,nfzegpkvaclgtscxt,김홍걸,42148778,,,False
21,PZA4062H,1,양정숙,비례대표,비례대표,,더불어시민당,15,더불어시민당,더불어시민당,개혁신당,무소속,2020-05-30,2024-05-29,general,term_end,term_end,,term_start,,term_end,,,,,,,,2020.05.30 ~ 2024.05.29,제21대 무소속 비례대표,nfzegpkvaclgtscxt,양정숙,42148778,,,False
21,Q9H5708M,1,김진표,지역구,경기 수원시무,경기도 수원시 무,,,더불어민주당,더불어민주당,무소속,더불어민주당,2020-05-30,2024-05-29,general,term_end,term_end,,term_start,,term_end,,,,,,,,2020.05.30 ~ 2024.05.29,제21대 더불어민주당 경기 수원시무,nfzegpkvaclgtscxt,김진표 (정치인),42148778,41820079,,False
21,QD25323M,1,최혜영,비례대표,비례대표,,더불어시민당,11,더불어시민당,더불어시민당,더불어민주당,더불어시민당,2020-05-30,2024-05-29,general,term_end,term_end,,term_start,,term_end,,,,,,,,2020.05.30 ~ 2024.05.29,제21대 더불어시민당 비례대표,nfzegpkvaclgtscxt,최혜영 (1979년),42148778,,,False
21,QHL3248U,1,김남국,지역구,경기 안산시단원구을,경기도 안산시 단원구 을,,,더불어민주당,더불어민주당,더불어민주당,더불어민주당,2020-05-30,2024-05-29,general,term_end,term_end,,term_start,,term_end,,,,,,,,2020.05.30 ~ 2024.05.29,제21대 더불어민주당 경기 안산시단원구을,nexgtxtmaamffofof,김남국,42148778,,,False
21,QKO6165V,1,박진,지역구,서울 강남구을,서울특별시 강남구 을,,,미래통합당,미래통합당,국민의힘,미래통합당,2020-05-30,2024-05-29,general,term_end,term_end,,term_start,,term_end,,,,,,,,2020.05.30 ~ 2024.05.29,제21대 미래통합당 서울 강남구을,nfzegpkvaclgtscxt,박진 (정치인),42148778,,,False
21,QQP4727N,1,배준영,지역구,인천 중구강화군옹진군,인천광역시 중구·강화군·옹진군,,,미래통합당,미래통합당,국민의힘,미래통합당,2020-05-30,2024-05-29,general,term_end,term_end,,term_start,,term_end,,,,,,,,2020.05.30 ~ 2024.05.29,제21대 미래통합당 인천 중구강화군옹진군,nexgtxtmaamffofof,배준영,42148778,,,False
21,QTW6852F,1,이태규,비례대표,비례대표,,국민의당,2,국민의당,국민의당2020,국민의힘,국민의당,2020-05-30,2024-05-29,general,term_end,term_end,,term_start,,term_end,,,,,,,,2020.05.30 ~ 2024.05.29,제21대 국민의당 비례대표,nfzegpkvaclgtscxt,이태규 (1964년),42148778,,,False
21,QUM8288K,1,이달곤,지역구,경남 창원시진해구,경상남도 창원시 진해구,,,미래통합당,미래통합당,국민의힘,미래통합당,2020-05-30,2024-05-29,general,term_end,term_end,,term_start,,term_end,,,,,,,,2020.05.30 ~ 2024.05.29,제21대 미래통합당 경남 창원시진해구,nfzegpkvaclgtscxt,이달곤,42148778,,,False
21,QUO78839,1,박재호,지역구,부산 남구을,부산광역시 남구 을,,,더불어민주당,더불어민주당,더불어민주당,더불어민주당,2020-05-30,2024-05-29,general,term_end,term_end,,term_start,,term_end,,,,,,,,2020.05.30 ~ 2024.05.29,제21대 더불어민주당 부산 남구을,nfzegpkvaclgtscxt,박재호,42148778,,,False
21,RD42006Y,1,송갑석,지역구,광주 서구갑,광주광역시 서구 갑,,,더불어민주당,더불어민주당,더불어민주당,더불어민주당,2020-05-30,2024-05-29,general,term_end,term_end,,term_start,,term_end,,,,,,,,2020.05.30 ~ 2024.05.29,제21대 더불어민주당 광주 서구갑,nfzegpkvaclgtscxt,송갑석,42148778,,,False
21,RO593601,1,이동주,비례대표,비례대표,,더불어시민당,4,더불어시민당,더불어시민당,더불어민주당,더불어시민당,2020-05-30,2024-05-29,general,term_end,term_end,,term_start,,term_end,,,,,,,,2020.05.30 ~ 2024.05.29,제21대 더불어시민당 비례대표,nfzegpkvaclgtscxt,이동주 (1972년),42148778,,,False
21,RPN2293B,1,장경태,지역구,서울 동대문구을,서울특별시 동대문구 을,,,더불어민주당,더불어민주당,더불어민주당,더불어민주당,2020-05-30,2024-05-29,general,term_end,term_end,,term_start,,term_end,,,,,,,,2020.05.30 ~ 2024.05.29,제21대 더불어민주당 서울 동대문구을,nexgtxtmaamffofof,장경태,42148778,,,False
21,RQQ3807K,1,위성곤,지역구,제주 서귀포시,제주특별자치도 서귀포시,,,더불어민주당,더불어민주당,더불어민주당,더불어민주당,2020-05-30,2024-05-29,general,term_end,term_end,,term_start,,term_end,,,,,,,,2020.05.30 ~ 2024.05.29,제21대 더불어민주당 제주 서귀포시,nfzegpkvaclgtscxt,위성곤,42148778,,,False
21,S741317G,1,조명희,비례대표,비례대표,,미래한국당,9,미래한국당,미래한국당,국민의힘,미래한국당,2020-05-30,2024-05-29,general,term_end,term_end,,term_start,,term_end,,,,,,,,2020.05.30 ~ 2024.05.29,제21대 미래한국당 비례대표,nfzegpkvaclgtscxt,조명희 (1955년),42148778,,,False
21,S824682L,1,박홍근,지역구,서울 중랑구을,서울특별시 중랑구 을,,,더불어민주당,더불어민주당,더불어민주당,더불어민주당,2020-05-30,2024-05-29,general,term_end,term_end,,term_start,,term_end,,,,,,,,2020.05.30 ~ 2024.05.29,제21대 더불어민주당 서울 중랑구을,nexgtxtmaamffofof,박홍근 (정치인),42148778,,,False
21,S9U45255,1,이양수,지역구,강원 속초시인제군고성군양양군,강원특별자치도 속초시·인제군·고성군·양양군,,,미래통합당,미래통합당,국민의힘,미래통합당,2020-05-30,2024-05-29,general,term_end,term_end,,term_start,,term_end,,,,,,,,2020.05.30 ~ 2024.05.29,제21대 미래통합당 강원 속초시인제군고성군양양군,nexgtxtmaamffofof,이양수,42148778,,,False
21,SBK1544B,1,정찬민,지역구,경기 용인시갑,경기도 용인시 갑,,,미래통합당,미래통합당,국민의힘,미래통합당,2020-05-30,2023-08-18,general,disqualified,court_ruling_other_or_unspecified,뇌물수수 유죄판결로 의원직 상실 / 의원직 상실,term_start,,confirmed,wikilist+wikiseat,,2023-08-18,,2023-08-18,,,2020.05.30 ~ 2023.08.18,제21대 미래통합당 경기 용인시갑,nfzegpkvaclgtscxt,정찬민 (1958년),42148778,41820079,,False
21,SE233396,1,윤재갑,지역구,전남 해남군완도군진도군,전라남도 해남군·완도군·진도군,,,더불어민주당,더불어민주당,더불어민주당,더불어민주당,2020-05-30,2024-05-29,general,term_end,term_end,,term_start,,term_end,,,,,,,,2020.05.30 ~ 2024.05.29,제21대 더불어민주당 전남 해남군완도군진도군,nfzegpkvaclgtscxt,윤재갑,42148778,,,False
21,SQ36001H,1,송기헌,지역구,강원 원주시을,강원특별자치도 원주시 을,,,더불어민주당,더불어민주당,더불어민주당,더불어민주당,2020-05-30,2024-05-29,general,term_end,term_end,,term_start,,term_end,,,,,,,,2020.05.30 ~ 2024.05.29,제21대 더불어민주당 강원 원주시을,nexgtxtmaamffofof,송기헌,42148778,,,False
21,SRP7336N,1,신원식,비례대표,비례대표,,미래한국당,8,미래한국당,미래한국당,국민의힘,미래한국당,2020-05-30,2023-10-31,general,resigned,resigned_on_appointment,국방부 장관 취임으로 의원직 사직 / 의원직 사퇴,term_start,,confirmed,wikilist+wikiseat+nabill,,2023-10-31,,2023-10-31,2023-10-31,PRC_I2N3X1L0I1H3H1V7X5J0K2H3V7I5D8,2020.05.30 ~ 2023.10.31,제21대 미래한국당 비례대표,nfzegpkvaclgtscxt,신원식 (1958년),42148778,41820079,,False
21,SU53086M,1,심상정,지역구,경기 고양시갑,경기도 고양시 갑,,,정의당,정의당,정의당,정의당,2020-05-30,2024-05-29,general,term_end,term_end,,term_start,,term_end,,,,,,,,2020.05.30 ~ 2024.05.29,제21대 정의당 경기 고양시갑,nfzegpkvaclgtscxt,심상정,42148778,,,False
21,SVH3899R,1,김용판,지역구,대구 달서구병,대구광역시 달서구 병,,,미래통합당,미래통합당,국민의힘,미래통합당,2020-05-30,2024-05-29,general,term_end,term_end,,term_start,,term_end,,,,,,,,2020.05.30 ~ 2024.05.29,제21대 미래통합당 대구 달서구병,nfzegpkvaclgtscxt,김용판,42148778,,,False
21,SZ51175J,1,이자스민,비례대표,비례대표,,정의당,9,정의당,정의당,정의당,정의당,2024-01-29,2024-05-29,succession_pr,term_end,term_end,,confirmed,wikilist,term_end,,2024-01-29,,2024-01-25,,,,2024.01.29 ~ 2024.05.29,제21대 정의당 비례대표,nfzegpkvaclgtscxt,이자스민,42148778,41820079,,False
21,T465023H,1,주철현,지역구,전남 여수시갑,전라남도 여수시 갑,,,더불어민주당,더불어민주당,더불어민주당,더불어민주당,2020-05-30,2024-05-29,general,term_end,term_end,,term_start,,term_end,,,,,,,,2020.05.30 ~ 2024.05.29,제21대 더불어민주당 전남 여수시갑,nexgtxtmaamffofof,주철현,42148778,,,False
21,TJW93720,1,전용기,비례대표,비례대표,,더불어시민당,16,더불어시민당,더불어시민당,더불어민주당,더불어시민당,2020-05-30,2024-05-29,general,term_end,term_end,,term_start,,term_end,,,,,,,,2020.05.30 ~ 2024.05.29,제21대 더불어시민당 비례대표,nexgtxtmaamffofof,전용기,42148778,,,False
21,TKJ4800F,1,서영교,지역구,서울 중랑구갑,서울특별시 중랑구 갑,,,더불어민주당,더불어민주당,더불어민주당,더불어민주당,2020-05-30,2024-05-29,general,term_end,term_end,,term_start,,term_end,,,,,,,,2020.05.30 ~ 2024.05.29,제21대 더불어민주당 서울 중랑구갑,nexgtxtmaamffofof,서영교,42148778,,,False
21,TP066860,1,정정순,지역구,충북 청주시상당구,충청북도 청주시 상당구,,,더불어민주당,더불어민주당,더불어민주당,더불어민주당,2020-05-30,2021-08-28,general,disqualified,court_ruling_election_law,선거법 위반으로 의원직 상실 / 의원직 상실,term_start,,confirmed,wikilist+wikiseat,,2021-08-28,,2021-08-28,,,2020.05.30 ~ 2021.08.28,제21대 더불어민주당 충북 청주시상당구,nfzegpkvaclgtscxt,정정순,42148778,41820079,,False
21,TRE2429O,1,강훈식,지역구,충남 아산시을,충청남도 아산시 을,,,더불어민주당,더불어민주당,더불어민주당,더불어민주당,2020-05-30,2024-05-29,general,term_end,term_end,,term_start,,term_end,,,,,,,,2020.05.30 ~ 2024.05.29,제21대 더불어민주당 충남 아산시을,nfzegpkvaclgtscxt,강훈식,42148778,,,False
21,TST4507I,1,안규백,지역구,서울 동대문구갑,서울특별시 동대문구 갑,,,더불어민주당,더불어민주당,더불어민주당,더불어민주당,2020-05-30,2024-05-29,general,term_end,term_end,,term_start,,term_end,,,,,,,,2020.05.30 ~ 2024.05.29,제21대 더불어민주당 서울 동대문구갑,nexgtxtmaamffofof,안규백,42148778,,,False
21,TVF3669B,1,김태흠,지역구,충남 보령시서천군,충청남도 보령시·서천군,,,미래통합당,미래통합당,국민의힘,미래통합당,2020-05-30,2022-04-29,general,resigned,resigned_to_run_for_other_office,제8회 전국동시지방선거 출마로 사직 / 의원직 사퇴,term_start,,confirmed,wikilist+wikiseat+nabill,,2022-04-29,,2022-04-29,2022-04-29,PRC_W2J2H0P4Q2E6S1K4C4S0A1C4Y4Q8O4,2020.05.30 ~ 2022.04.29,제21대 미래통합당 충남 보령시서천군,nfzegpkvaclgtscxt,김태흠,42148778,41820079,,False
21,TZ228122,1,민병덕,지역구,경기 안양시동안구갑,경기도 안양시 동안구 갑,,,더불어민주당,더불어민주당,더불어민주당,더불어민주당,2020-05-30,2024-05-29,general,term_end,term_end,,term_start,,term_end,,,,,,,,2020.05.30 ~ 2024.05.29,제21대 더불어민주당 경기 안양시동안구갑,nexgtxtmaamffofof,민병덕 (1970년),42148778,,,False
21,TZP9391O,1,이철규,지역구,강원 동해시태백시삼척시정선군,강원특별자치도 동해시·태백시·삼척시·정선군,,,미래통합당,미래통합당,국민의힘,미래통합당,2020-05-30,2024-05-29,general,term_end,term_end,,term_start,,term_end,,,,,,,,2020.05.30 ~ 2024.05.29,제21대 미래통합당 강원 동해시태백시삼척시정선군,nexgtxtmaamffofof,이철규 (1957년),42148778,,,False
21,UB114374,1,한무경,비례대표,비례대표,,미래한국당,3,미래한국당,미래한국당,국민의힘,미래한국당,2020-05-30,2024-05-29,general,term_end,term_end,,term_start,,term_end,,,,,,,,2020.05.30 ~ 2024.05.29,제21대 미래한국당 비례대표,nfzegpkvaclgtscxt,한무경,42148778,,,False
21,UGH6481E,1,김상희,지역구,경기 부천시병,경기도 부천시 병,,,더불어민주당,더불어민주당,더불어민주당,더불어민주당,2020-05-30,2024-05-29,general,term_end,term_end,,term_start,,term_end,,,,,,,,2020.05.30 ~ 2024.05.29,제21대 더불어민주당 경기 부천시병,nfzegpkvaclgtscxt,김상희 (1954년),42148778,,,False
21,UHB5553T,1,정태호,지역구,서울 관악구을,서울특별시 관악구 을,,,더불어민주당,더불어민주당,더불어민주당,더불어민주당,2020-05-30,2024-05-29,general,term_end,term_end,,term_start,,term_end,,,,,,,,2020.05.30 ~ 2024.05.29,제21대 더불어민주당 서울 관악구을,nexgtxtmaamffofof,정태호 (1963년),42148778,,,False
21,UM51067K,1,인재근,지역구,서울 도봉구갑,서울특별시 도봉구 갑,,,더불어민주당,더불어민주당,더불어민주당,더불어민주당,2020-05-30,2024-05-29,general,term_end,term_end,,term_start,,term_end,,,,,,,,2020.05.30 ~ 2024.05.29,제21대 더불어민주당 서울 도봉구갑,nfzegpkvaclgtscxt,인재근,42148778,,,False
21,UQ282145,1,이재정,지역구,경기 안양시동안구을,경기도 안양시 동안구 을,,,더불어민주당,더불어민주당,더불어민주당,더불어민주당,2020-05-30,2024-05-29,general,term_end,term_end,,term_start,,term_end,,,,,,,,2020.05.30 ~ 2024.05.29,제21대 더불어민주당 경기 안양시동안구을,nexgtxtmaamffofof,이재정 (1974년),42148778,,,False
21,USR7059P,1,정경희,비례대표,비례대표,,미래한국당,7,미래한국당,미래한국당,국민의힘,미래한국당,2020-05-30,2024-05-29,general,term_end,term_end,,term_start,,term_end,,,,,,,,2020.05.30 ~ 2024.05.29,제21대 미래한국당 비례대표,nfzegpkvaclgtscxt,정경희,42148778,,,False
21,V0O5343U,1,우상호,지역구,서울 서대문구갑,서울특별시 서대문구 갑,,,더불어민주당,더불어민주당,더불어민주당,더불어민주당,2020-05-30,2024-05-29,general,term_end,term_end,,term_start,,term_end,,,,,,,,2020.05.30 ~ 2024.05.29,제21대 더불어민주당 서울 서대문구갑,nfzegpkvaclgtscxt,우상호,42148778,,,False
21,V429892C,1,정성호,지역구,경기 양주시,경기도 양주시,,,더불어민주당,더불어민주당,더불어민주당,더불어민주당,2020-05-30,2024-05-29,general,term_end,term_end,,term_start,,term_end,,,,,,,,2020.05.30 ~ 2024.05.29,제21대 더불어민주당 경기 양주시,nexgtxtmaamffofof,정성호 (1962년),42148778,,,False
21,VCP96419,1,허종식,지역구,인천 동구미추홀구갑,인천광역시 동구·미추홀구 갑,,,더불어민주당,더불어민주당,더불어민주당,더불어민주당,2020-05-30,2024-05-29,general,term_end,term_end,,term_start,,term_end,,,,,,,,2020.05.30 ~ 2024.05.29,제21대 더불어민주당 인천 동구미추홀구갑,nexgtxtmaamffofof,허종식,42148778,,,False
21,VG24001G,1,양금희,지역구,대구 북구갑,대구광역시 북구 갑,,,미래통합당,미래통합당,국민의힘,미래통합당,2020-05-30,2024-05-29,general,term_end,term_end,,term_start,,term_end,,,,,,,,2020.05.30 ~ 2024.05.29,제21대 미래통합당 대구 북구갑,nfzegpkvaclgtscxt,양금희,42148778,,,False
21,VHK3402G,1,정우택,지역구,충북 청주시상당구,충청북도 청주시 상당구,,,국민의힘,국민의힘,국민의힘,국민의힘,2022-03-10,2024-05-29,by_election,term_end,term_end,,confirmed_pollday_plus1,wikilist=2022-03-09; wikiseat=2022-03-09,term_end,,2022-03-09,,2022-03-09,,,,2022.03.10 ~ 2024.05.29,제21대 국민의힘 충북 청주시상당구,nfzegpkvaclgtscxt,정우택 (1953년),42148778,41820079,,False
21,VRY5522V,1,민형배,지역구,광주 광산구을,광주광역시 광산구 을,,,더불어민주당,더불어민주당,더불어민주당,더불어민주당,2020-05-30,2024-05-29,general,term_end,term_end,,term_start,,term_end,,,,,,,,2020.05.30 ~ 2024.05.29,제21대 더불어민주당 광주 광산구을,nfzegpkvaclgtscxt,민형배,42148778,,,False
21,W1Q6753M,1,이은주,비례대표,비례대표,,정의당,5,정의당,정의당,정의당,정의당,2020-05-30,2024-01-25,general,resigned,resigned_other,의원직 사퇴 / 의원직 사퇴,term_start,,confirmed,wikilist+wikiseat+nabill,,2024-01-25,,2024-01-25,2024-01-25,PRC_H2U4V0Q1A2I4P1T7W5C6D2X6H2K4F8,2020.05.30 ~ 2024.01.25,제21대 정의당 비례대표,nfzegpkvaclgtscxt,이은주 (1969년),42148778,41820079,,False
21,W4X85128,1,박대출,지역구,경남 진주시갑,경상남도 진주시 갑,,,미래통합당,미래통합당,국민의힘,미래통합당,2020-05-30,2024-05-29,general,term_end,term_end,,term_start,,term_end,,,,,,,,2020.05.30 ~ 2024.05.29,제21대 미래통합당 경남 진주시갑,nexgtxtmaamffofof,박대출,42148778,,,False
21,WCD5518S,1,고민정,지역구,서울 광진구을,서울특별시 광진구 을,,,더불어민주당,더불어민주당,더불어민주당,더불어민주당,2020-05-30,2024-05-29,general,term_end,term_end,,term_start,,term_end,,,,,,,,2020.05.30 ~ 2024.05.29,제21대 더불어민주당 서울 광진구을,nexgtxtmaamffofof,고민정,42148778,,,False
21,WDS6044S,1,이채익,지역구,울산 남구갑,울산광역시 남구 갑,,,미래통합당,미래통합당,국민의힘,미래통합당,2020-05-30,2024-05-29,general,term_end,term_end,,term_start,,term_end,,,,,,,,2020.05.30 ~ 2024.05.29,제21대 미래통합당 울산 남구갑,nfzegpkvaclgtscxt,이채익,42148778,,,False
21,WFU14784,1,서정숙,비례대표,비례대표,,미래한국당,17,미래한국당,미래한국당,국민의힘,미래한국당,2020-05-30,2024-05-29,general,term_end,term_end,,term_start,,term_end,,,,,,,,2020.05.30 ~ 2024.05.29,제21대 미래한국당 비례대표,nfzegpkvaclgtscxt,서정숙,42148778,,,False
21,WHV3448W,1,양향자,지역구,광주 서구을,광주광역시 서구 을,,,더불어민주당,더불어민주당,개혁신당,더불어민주당,2020-05-30,2024-05-29,general,term_end,term_end,,term_start,,term_end,,,,,,,,2020.05.30 ~ 2024.05.29,제21대 더불어민주당 광주 서구을,nfzegpkvaclgtscxt,양향자,42148778,,,False
21,WJL30106,1,조정훈,비례대표,비례대표,,더불어시민당,6,더불어시민당,더불어시민당,국민의힘,시대전환,2020-05-30,2024-05-29,general,term_end,term_end,,term_start,,term_end,,,,,,,,2020.05.30 ~ 2024.05.29,제21대 시대전환 비례대표,nexgtxtmaamffofof,조정훈 (1972년),42148778,,,False
21,WMG57662,1,강은미,비례대표,비례대표,,정의당,3,정의당,정의당,정의당,정의당,2020-05-30,2024-05-29,general,term_end,term_end,,term_start,,term_end,,,,,,,,2020.05.30 ~ 2024.05.29,제21대 정의당 비례대표,nfzegpkvaclgtscxt,강은미,42148778,,,False
21,WTR5885Y,1,이소영,지역구,경기 의왕시과천시,경기도 의왕시·과천시,,,더불어민주당,더불어민주당,더불어민주당,더불어민주당,2020-05-30,2024-05-29,general,term_end,term_end,,term_start,,term_end,,,,,,,,2020.05.30 ~ 2024.05.29,제21대 더불어민주당 경기 의왕시과천시,nexgtxtmaamffofof,이소영 (1985년),42148778,,,False
21,WVU2479T,1,이상헌,지역구,울산 북구,울산광역시 북구,,,더불어민주당,더불어민주당,무소속,더불어민주당,2020-05-30,2024-05-29,general,term_end,term_end,,term_start,,term_end,,,,,,,,2020.05.30 ~ 2024.05.29,제21대 더불어민주당 울산 북구,nfzegpkvaclgtscxt,이상헌 (1954년),42148778,,,False
21,X1K3667J,1,김교흥,지역구,인천 서구갑,인천광역시 서구 갑,,,더불어민주당,더불어민주당,더불어민주당,더불어민주당,2020-05-30,2024-05-29,general,term_end,term_end,,term_start,,term_end,,,,,,,,2020.05.30 ~ 2024.05.29,제21대 더불어민주당 인천 서구갑,nexgtxtmaamffofof,김교흥,42148778,,,False
21,X3170462,1,박성민,지역구,울산 중구,울산광역시 중구,,,미래통합당,미래통합당,국민의힘,미래통합당,2020-05-30,2024-05-29,general,term_end,term_end,,term_start,,term_end,,,,,,,,2020.05.30 ~ 2024.05.29,제21대 미래통합당 울산 중구,nexgtxtmaamffofof,박성민 (정치인),42148778,,,False
21,X7I4680R,1,김기현,지역구,울산 남구을,울산광역시 남구 을,,,미래통합당,미래통합당,국민의힘,미래통합당,2020-05-30,2024-05-29,general,term_end,term_end,,term_start,,term_end,,,,,,,,2020.05.30 ~ 2024.05.29,제21대 미래통합당 울산 남구을,nexgtxtmaamffofof,김기현 (1959년),42148778,,,False
21,XA42275R,1,홍정민,지역구,경기 고양시병,경기도 고양시 병,,,더불어민주당,더불어민주당,더불어민주당,더불어민주당,2020-05-30,2024-05-29,general,term_end,term_end,,term_start,,term_end,,,,,,,,2020.05.30 ~ 2024.05.29,제21대 더불어민주당 경기 고양시병,nfzegpkvaclgtscxt,홍정민,42148778,,,False
21,XBT9550Q,1,우원식,지역구,서울 노원구을,서울특별시 노원구 을,,,더불어민주당,더불어민주당,더불어민주당,더불어민주당,2020-05-30,2024-05-29,general,term_end,term_end,,term_start,,term_end,,,,,,,,2020.05.30 ~ 2024.05.29,제21대 더불어민주당 서울 노원구을,nexgtxtmaamffofof,우원식,42148778,,,False
21,XEF29171,1,안호영,지역구,전북 완주군진안군무주군장수군,전북특별자치도 완주군·진안군·무주군·장수군,,,더불어민주당,더불어민주당,더불어민주당,더불어민주당,2020-05-30,2024-05-29,general,term_end,term_end,,term_start,,term_end,,,,,,,,2020.05.30 ~ 2024.05.29,제21대 더불어민주당 전북 완주군진안군무주군장수군,nexgtxtmaamffofof,안호영 (1965년),42148778,,,False
21,XJC13432,1,태영호,지역구,서울 강남구갑,서울특별시 강남구 갑,,,미래통합당,미래통합당,국민의힘,미래통합당,2020-05-30,2024-05-29,general,term_end,term_end,,term_start,,term_end,,,,,,,,2020.05.30 ~ 2024.05.29,제21대 미래통합당 서울 강남구갑,nfzegpkvaclgtscxt,태영호,42148778,,,False
21,XPP2564T,1,한정애,지역구,서울 강서구병,서울특별시 강서구 병,,,더불어민주당,더불어민주당,더불어민주당,더불어민주당,2020-05-30,2024-05-29,general,term_end,term_end,,term_start,,term_end,,,,,,,,2020.05.30 ~ 2024.05.29,제21대 더불어민주당 서울 강서구병,nexgtxtmaamffofof,한정애,42148778,,,False
21,XR24352K,1,서영석,지역구,경기 부천시정,경기도 부천시 정,,,더불어민주당,더불어민주당,더불어민주당,더불어민주당,2020-05-30,2024-05-29,general,term_end,term_end,,term_start,,term_end,,,,,,,,2020.05.30 ~ 2024.05.29,제21대 더불어민주당 경기 부천시정,nexgtxtmaamffofof,서영석 (1964년),42148778,,,False
21,XSP20229,1,김성환,지역구,서울 노원구병,서울특별시 노원구 병,,,더불어민주당,더불어민주당,더불어민주당,더불어민주당,2020-05-30,2024-05-29,general,term_end,term_end,,term_start,,term_end,,,,,,,,2020.05.30 ~ 2024.05.29,제21대 더불어민주당 서울 노원구병,nexgtxtmaamffofof,김성환 (1965년),42148778,,,False
21,XWX1513T,1,윤영찬,지역구,경기 성남시중원구,경기도 성남시 중원구,,,더불어민주당,더불어민주당,더불어민주당,더불어민주당,2020-05-30,2024-05-29,general,term_end,term_end,,term_start,,term_end,,,,,,,,2020.05.30 ~ 2024.05.29,제21대 더불어민주당 경기 성남시중원구,nfzegpkvaclgtscxt,윤영찬,42148778,,,False
21,Y7K5946R,1,지성호,비례대표,비례대표,,미래한국당,12,미래한국당,미래한국당,국민의힘,미래한국당,2020-05-30,2024-05-29,general,term_end,term_end,,term_start,,term_end,,,,,,,,2020.05.30 ~ 2024.05.29,제21대 미래한국당 비례대표,nfzegpkvaclgtscxt,지성호,42148778,,,False
21,YKW37422,1,권은희,비례대표,비례대표,,국민의당,3,국민의당,국민의당2020,국민의당,국민의당,2020-05-30,2024-01-29,general,disqualified,pr_seat_lost_on_leaving_party,국민의힘 탈당으로 인해 의원직 상실 / 의원직 상실,term_start,,confirmed,wikilist+wikiseat,,2024-01-29,,2024-01-29,,,2020.05.30 ~ 2024.01.29,제21대 국민의당 비례대표,nfzegpkvaclgtscxt,권은희 (1974년),42148778,41820079,,False
21,YLS4431M,1,조수진,비례대표,비례대표,,미래한국당,5,미래한국당,미래한국당,국민의힘,미래한국당,2020-05-30,2024-05-29,general,term_end,term_end,,term_start,,term_end,,,,,,,,2020.05.30 ~ 2024.05.29,제21대 미래한국당 비례대표,nfzegpkvaclgtscxt,조수진 (정치인),42148778,,,False
21,YOG1280B,1,안철수,지역구,경기 성남시분당구갑,경기도 성남시 분당구 갑,,,국민의힘,국민의힘,국민의힘,국민의힘,2022-06-02,2024-05-29,by_election,term_end,term_end,,confirmed,wikiseat,term_end,,2022-06-01,,2022-06-02,,,,2022.06.02 ~ 2024.05.29,제21대 국민의힘 경기 성남시분당구갑,nexgtxtmaamffofof,안철수,42148778,41820079,,False
21,YTA7297R,1,최영희,비례대표,비례대표,,미래한국당,21,국민의힘,국민의힘,국민의힘,국민의힘,2022-06-10,2024-05-29,succession_pr,term_end,term_end,,confirmed,wikilist,term_end,,2022-06-10,,2022-06-02,,,,2022.06.10 ~ 2024.05.29,제21대 국민의힘 비례대표,nfzegpkvaclgtscxt,최영희 (1951년),42148778,41820079,,False
21,Z6R3959C,1,조해진,지역구,경남 밀양시의령군함안군창녕군,경상남도 밀양시·의령군·함안군·창녕군,,,미래통합당,미래통합당,국민의힘,미래통합당,2020-05-30,2024-05-29,general,term_end,term_end,,term_start,,term_end,,,,,,,,2020.05.30 ~ 2024.05.29,제21대 미래통합당 경남 밀양시의령군함안군창녕군,nfzegpkvaclgtscxt,조해진 (1963년),42148778,,,False
21,Z7Y7827F,1,최종윤,지역구,경기 하남시,경기도 하남시,,,더불어민주당,더불어민주당,더불어민주당,더불어민주당,2020-05-30,2024-05-29,general,term_end,term_end,,term_start,,term_end,,,,,,,,2020.05.30 ~ 2024.05.29,제21대 더불어민주당 경기 하남시,nfzegpkvaclgtscxt,최종윤 (정치인),42148778,,,False
21,ZA54991S,1,안민석,지역구,경기 오산시,경기도 오산시,,,더불어민주당,더불어민주당,더불어민주당,더불어민주당,2020-05-30,2024-05-29,general,term_end,term_end,,term_start,,term_end,,,,,,,,2020.05.30 ~ 2024.05.29,제21대 더불어민주당 경기 오산시,nfzegpkvaclgtscxt,안민석,42148778,,,False
21,ZDP5704Q,1,윤주경,비례대표,비례대표,,미래한국당,1,미래한국당,미래한국당,국민의힘,미래한국당,2020-05-30,2024-05-29,general,term_end,term_end,,term_start,,term_end,,,,,,,,2020.05.30 ~ 2024.05.29,제21대 미래한국당 비례대표,nfzegpkvaclgtscxt,윤주경,42148778,,,False
21,ZDR63255,1,소병훈,지역구,경기 광주시갑,경기도 광주시 갑,,,더불어민주당,더불어민주당,더불어민주당,더불어민주당,2020-05-30,2024-05-29,general,term_end,term_end,,term_start,,term_end,,,,,,,,2020.05.30 ~ 2024.05.29,제21대 더불어민주당 경기 광주시갑,nexgtxtmaamffofof,소병훈,42148778,,,False
21,ZKU88693,1,김경협,지역구,경기 부천시갑,경기도 부천시 갑,,,더불어민주당,더불어민주당,더불어민주당,더불어민주당,2020-05-30,2024-05-29,general,term_end,term_end,,term_start,,term_end,,,,,,,,2020.05.30 ~ 2024.05.29,제21대 더불어민주당 경기 부천시갑,nfzegpkvaclgtscxt,김경협,42148778,,,False
21,ZRF3039U,1,윤재옥,지역구,대구 달서구을,대구광역시 달서구 을,,,미래통합당,미래통합당,국민의힘,미래통합당,2020-05-30,2024-05-29,general,term_end,term_end,,term_start,,term_end,,,,,,,,2020.05.30 ~ 2024.05.29,제21대 미래통합당 대구 달서구을,nexgtxtmaamffofof,윤재옥,42148778,,,False
21,ZYH1940A,1,이상민,지역구,대전 유성구을,대전광역시 유성구 을,,,더불어민주당,더불어민주당,국민의힘,더불어민주당,2020-05-30,2024-05-29,general,term_end,term_end,,term_start,,term_end,,,,,,,,2020.05.30 ~ 2024.05.29,제21대 더불어민주당 대전 유성구을,nfzegpkvaclgtscxt,이상민 (1958년),42148778,,,False
21,ZYP7962W,1,김석기,지역구,경북 경주시,경상북도 경주시,,,미래통합당,미래통합당,국민의힘,미래통합당,2020-05-30,2024-05-29,general,term_end,term_end,,term_start,,term_end,,,,,,,,2020.05.30 ~ 2024.05.29,제21대 미래통합당 경북 경주시,nexgtxtmaamffofof,김석기 (1954년),42148778,,,False
22,04T3751T,1,남인순,지역구,서울 송파구병,서울특별시 송파구 병,,,더불어민주당,더불어민주당,더불어민주당,더불어민주당,2024-05-30,,general,,,,term_start,,sitting,,,,,,,,2024.05.30 ~,제22대 더불어민주당 서울 송파구병,nexgtxtmaamffofof,남인순,42421192,,,False
22,0698755I,1,이해민,비례대표,비례대표,,조국혁신당,3,조국혁신당,조국혁신당,조국혁신당,조국혁신당,2024-05-30,2026-08-30,general,resigned,resigned_other,의원직 사퇴 / 의원직 사퇴,term_start,,api_earlier_than_wiki,wikilist=2026-08-31; wikiseat=2026-08-31,,2026-08-31,,2026-08-31,,,2024.05.30 ~ 2026.08.30,제22대 조국혁신당 비례대표,nfzegpkvaclgtscxt,이해민 (1973년),42421192,42540220,,False
22,0R68099X,1,이수진,지역구,경기 성남시중원구,경기도 성남시 중원구,,,더불어민주당,더불어민주당,더불어민주당,더불어민주당,2024-05-30,,general,,,,term_start,,sitting,,,,,,,,2024.05.30 ~,제22대 더불어민주당 경기 성남시중원구,nexgtxtmaamffofof,이수진 (간호사 출신 정치인),42421192,,,False
22,0VU8517U,1,황희,지역구,서울 양천구갑,서울특별시 양천구 갑,,,더불어민주당,더불어민주당,더불어민주당,더불어민주당,2024-05-30,,general,,,,term_start,,sitting,,,,,,,,2024.05.30 ~,제22대 더불어민주당 서울 양천구갑,nexgtxtmaamffofof,황희 (1967년),42421192,,,False
22,0YT3774N,1,황운하,비례대표,비례대표,,조국혁신당,8,조국혁신당,조국혁신당,조국혁신당,조국혁신당,2024-05-30,,general,,,,term_start,,sitting,,,,,,,,2024.05.30 ~,제22대 조국혁신당 비례대표,nexgtxtmaamffofof,황운하,42421192,,,False
22,1A82234K,1,박은정,비례대표,비례대표,,조국혁신당,1,조국혁신당,조국혁신당,조국혁신당,조국혁신당,2024-05-30,,general,,,,term_start,,sitting,,,,,,,,2024.05.30 ~,제22대 조국혁신당 비례대표,nexgtxtmaamffofof,박은정 (검사),42421192,,,False
22,1JI2689F,1,박용갑,지역구,대전 중구,대전광역시 중구,,,더불어민주당,더불어민주당,더불어민주당,더불어민주당,2024-05-30,,general,,,,term_start,,sitting,,,,,,,,2024.05.30 ~,제22대 더불어민주당 대전 중구,nexgtxtmaamffofof,박용갑,42421192,,,False
22,1S05899F,1,채현일,지역구,서울 영등포구갑,서울특별시 영등포구 갑,,,더불어민주당,더불어민주당,더불어민주당,더불어민주당,2024-05-30,,general,,,,term_start,,sitting,,,,,,,,2024.05.30 ~,제22대 더불어민주당 서울 영등포구갑,nexgtxtmaamffofof,채현일,42421192,,,False
22,1SR94244,1,김소희,비례대표,비례대표,,국민의미래,7,국민의미래,국민의미래,국민의힘,국민의미래,2024-05-30,,general,,,,term_start,,sitting,,,,,,,,2024.05.30 ~,제22대 국민의미래 비례대표,nexgtxtmaamffofof,김소희 (1973년),42421192,,,False
22,1WE5693J,1,김태년,지역구,경기 성남시수정구,경기도 성남시 수정구,,,더불어민주당,더불어민주당,더불어민주당,더불어민주당,2024-05-30,,general,,,,term_start,,sitting,,,,,,,,2024.05.30 ~,제22대 더불어민주당 경기 성남시수정구,nexgtxtmaamffofof,김태년 (1965년),42421192,,,False
22,1Y73132H,1,김상훈,지역구,대구 서구,대구광역시 서구,,,국민의힘,국민의힘,국민의힘,국민의힘,2024-05-30,,general,,,,term_start,,sitting,,,,,,,,2024.05.30 ~,제22대 국민의힘 대구 서구,nexgtxtmaamffofof,김상훈 (1963년),42421192,,,False
22,2385336L,1,정청래,지역구,서울 마포구을,서울특별시 마포구 을,,,더불어민주당,더불어민주당,더불어민주당,더불어민주당,2024-05-30,,general,,,,term_start,,sitting,,,,,,,,2024.05.30 ~,제22대 더불어민주당 서울 마포구을,nexgtxtmaamffofof,정청래,42421192,,,False
22,25G2571T,1,전현희,지역구,서울 중구성동구갑,서울특별시 중구·성동구 갑,,,더불어민주당,더불어민주당,더불어민주당,더불어민주당,2024-05-30,,general,,,,term_start,,sitting,,,,,,,,2024.05.30 ~,제22대 더불어민주당 서울 중구성동구갑,nexgtxtmaamffofof,전현희,42421192,,,False
22,29V4537Y,1,이진숙,지역구,대구 달성군,대구광역시 달성군,,,국민의힘,국민의힘,국민의힘,국민의힘,2026-06-04,,by_election,,,,confirmed,wikiseat,sitting,,2026-06-03,,2026-06-04,,,,2026.06.04 ~,제22대 국민의힘 대구 달성군,nexgtxtmaamffofof,이진숙 (1961년),42421192,42540220,,False
22,2KM3589W,1,손솔,비례대표,비례대표,,더불어민주연합,15,더불어민주당,더불어민주당,진보당,더불어민주연합,2025-06-09,,succession_pr,,,,confirmed,wikilist+wikiseat,sitting,,2025-06-09,,2025-06-09,,,,2025.06.09 ~,제22대 더불어민주연합,nexgtxtmaamffofof,손솔,42421192,42540220,,False
22,2NV6751W,1,장철민,지역구,대전 동구,대전광역시 동구,,,더불어민주당,더불어민주당,더불어민주당,더불어민주당,2024-05-30,,general,,,,term_start,,sitting,,,,,,,,2024.05.30 ~,제22대 더불어민주당 대전 동구,nexgtxtmaamffofof,장철민 (정치인),42421192,,,False
22,2S73768V,1,이훈기,지역구,인천 남동구을,인천광역시 남동구 을,,,더불어민주당,더불어민주당,더불어민주당,더불어민주당,2024-05-30,,general,,,,term_start,,sitting,,,,,,,,2024.05.30 ~,제22대 더불어민주당 인천 남동구을,nexgtxtmaamffofof,이훈기,42421192,,,False
22,3249208I,1,송옥주,지역구,경기 화성시갑,경기도 화성시 갑,,,더불어민주당,더불어민주당,더불어민주당,더불어민주당,2024-05-30,,general,,,,term_start,,sitting,,,,,,,,2024.05.30 ~,제22대 더불어민주당 경기 화성시갑,nexgtxtmaamffofof,송옥주,42421192,,,False
22,3BC6890E,1,김미애,지역구,부산 해운대구을,부산광역시 해운대구 을,,,국민의힘,국민의힘,국민의힘,국민의힘,2024-05-30,,general,,,,term_start,,sitting,,,,,,,,2024.05.30 ~,제22대 국민의힘 부산 해운대구을,nexgtxtmaamffofof,김미애 (1969년),42421192,,,False
22,3C23171A,1,진성준,지역구,서울 강서구을,서울특별시 강서구 을,,,더불어민주당,더불어민주당,더불어민주당,더불어민주당,2024-05-30,,general,,,,term_start,,sitting,,,,,,,,2024.05.30 ~,제22대 더불어민주당 서울 강서구을,nexgtxtmaamffofof,진성준,42421192,,,False
22,3CC88975,1,김기표,지역구,경기 부천시을,경기도 부천시 을,,,더불어민주당,더불어민주당,더불어민주당,더불어민주당,2024-05-30,,general,,,,term_start,,sitting,,,,,,,,2024.05.30 ~,제22대 더불어민주당 경기 부천시을,nexgtxtmaamffofof,김기표 (1972년),42421192,,,False
22,3LP22204,1,이재강,지역구,경기 의정부시을,경기도 의정부시 을,,,더불어민주당,더불어민주당,더불어민주당,더불어민주당,2024-05-30,,general,,,,term_start,,sitting,,,,,,,,2024.05.30 ~,제22대 더불어민주당 경기 의정부시을,nexgtxtmaamffofof,이재강,42421192,,,False
22,3NI5978A,1,조지연,지역구,경북 경산시,경상북도 경산시,,,국민의힘,국민의힘,국민의힘,국민의힘,2024-05-30,,general,,,,term_start,,sitting,,,,,,,,2024.05.30 ~,제22대 국민의힘 경북 경산시,nexgtxtmaamffofof,조지연,42421192,,,False
22,3OQ8273H,1,양문석,지역구,경기 안산시갑,경기도 안산시 갑,,,더불어민주당,더불어민주당,더불어민주당,더불어민주당,2024-05-30,2026-03-12,general,disqualified,court_ruling_other_or_unspecified,대출사기 유죄확정판결로 / 의원직 상실 / 의원직 상실,term_start,,confirmed,wikilist+wikiseat,,2026-03-12,,2026-03-12,,,2024.05.30 ~ 2026.03.12,제22대 더불어민주당 경기 안산시갑,nfzegpkvaclgtscxt,양문석 (1966년),42421192,42540220,,False
22,3TP65086,1,윤종오,지역구,울산 북구,울산광역시 북구,,,진보당,진보당2017,진보당,진보당,2024-05-30,,general,,,,term_start,,sitting,,,,,,,,2024.05.30 ~,제22대 진보당 울산 북구,nexgtxtmaamffofof,윤종오,42421192,,,False
22,3UI95829,1,김우영,지역구,서울 은평구을,서울특별시 은평구 을,,,더불어민주당,더불어민주당,더불어민주당,더불어민주당,2024-05-30,,general,,,,term_start,,sitting,,,,,,,,2024.05.30 ~,제22대 더불어민주당 서울 은평구을,nexgtxtmaamffofof,김우영 (1969년),42421192,,,False
22,3ZR4438W,1,이인영,지역구,서울 구로구갑,서울특별시 구로구 갑,,,더불어민주당,더불어민주당,더불어민주당,더불어민주당,2024-05-30,,general,,,,term_start,,sitting,,,,,,,,2024.05.30 ~,제22대 더불어민주당 서울 구로구갑,nexgtxtmaamffofof,이인영 (정치인),42421192,,,False
22,4019850M,1,박정,지역구,경기 파주시을,경기도 파주시 을,,,더불어민주당,더불어민주당,더불어민주당,더불어민주당,2024-05-30,,general,,,,term_start,,sitting,,,,,,,,2024.05.30 ~,제22대 더불어민주당 경기 파주시을,nexgtxtmaamffofof,박정 (1962년),42421192,,,False
22,42K7317Y,1,강승규,지역구,충남 홍성군예산군,충청남도 홍성군·예산군,,,국민의힘,국민의힘,국민의힘,국민의힘,2024-05-30,,general,,,,term_start,,sitting,,,,,,,,2024.05.30 ~,제22대 국민의힘 충남 홍성군예산군,nexgtxtmaamffofof,강승규,42421192,,,False
22,43Q3892U,1,박희승,지역구,전북 남원시장수군임실군순창군,전북특별자치도 남원시·장수군·임실군·순창군,,,더불어민주당,더불어민주당,더불어민주당,더불어민주당,2024-05-30,,general,,,,term_start,,sitting,,,,,,,,2024.05.30 ~,제22대 더불어민주당 전북 남원시장수군임실군순창군,nexgtxtmaamffofof,박희승,42421192,,,False
22,4A067125,1,이광재,지역구,경기 하남시갑,경기도 하남시 갑,,,더불어민주당,더불어민주당,더불어민주당,더불어민주당,2026-06-04,,by_election,,,,confirmed,wikiseat,sitting,,2026-06-03,,2026-06-04,,,,2026.06.04 ~,제22대 더불어민주당 경기 하남시갑,nexgtxtmaamffofof,이광재 (정치인),42421192,42540220,,False
22,4L695580,1,김원이,지역구,전남 목포시,전라남도 목포시,,,더불어민주당,더불어민주당,더불어민주당,더불어민주당,2024-05-30,,general,,,,term_start,,sitting,,,,,,,,2024.05.30 ~,제22대 더불어민주당 전남 목포시,nexgtxtmaamffofof,김원이,42421192,,,False
22,4T026790,1,임오경,지역구,경기 광명시갑,경기도 광명시 갑,,,더불어민주당,더불어민주당,더불어민주당,더불어민주당,2024-05-30,,general,,,,term_start,,sitting,,,,,,,,2024.05.30 ~,제22대 더불어민주당 경기 광명시갑,nexgtxtmaamffofof,임오경,42421192,,,False
22,4U29186R,1,문진석,지역구,충남 천안시갑,충청남도 천안시 갑,,,더불어민주당,더불어민주당,더불어민주당,더불어민주당,2024-05-30,,general,,,,term_start,,sitting,,,,,,,,2024.05.30 ~,제22대 더불어민주당 충남 천안시갑,nexgtxtmaamffofof,문진석,42421192,,,False
22,4X525582,1,배현진,지역구,서울 송파구을,서울특별시 송파구 을,,,국민의힘,국민의힘,국민의힘,국민의힘,2024-05-30,,general,,,,term_start,,sitting,,,,,,,,2024.05.30 ~,제22대 국민의힘 서울 송파구을,nexgtxtmaamffofof,배현진,42421192,,,False
22,51A45980,1,서미화,비례대표,비례대표,,더불어민주연합,1,더불어민주연합,더불어민주연합,더불어민주당,더불어민주연합,2024-05-30,,general,,,,term_start,,sitting,,,,,,,,2024.05.30 ~,제22대 더불어민주연합 비례대표,nexgtxtmaamffofof,서미화,42421192,,,False
22,5762459L,1,이정헌,지역구,서울 광진구갑,서울특별시 광진구 갑,,,더불어민주당,더불어민주당,더불어민주당,더불어민주당,2024-05-30,,general,,,,term_start,,sitting,,,,,,,,2024.05.30 ~,제22대 더불어민주당 서울 광진구갑,nexgtxtmaamffofof,이정헌 (1971년),42421192,,,False
22,5765663F,1,김영진,지역구,경기 수원시병,경기도 수원시 병,,,더불어민주당,더불어민주당,더불어민주당,더불어민주당,2024-05-30,,general,,,,term_start,,sitting,,,,,,,,2024.05.30 ~,제22대 더불어민주당 경기 수원시병,nexgtxtmaamffofof,김영진 (1967년),42421192,,,False
22,57B28032,1,김재섭,지역구,서울 도봉구갑,서울특별시 도봉구 갑,,,국민의힘,국민의힘,국민의힘,국민의힘,2024-05-30,,general,,,,term_start,,sitting,,,,,,,,2024.05.30 ~,제22대 국민의힘 서울 도봉구갑,nexgtxtmaamffofof,김재섭 (정치인),42421192,,,False
22,5DC8083A,1,한동훈,지역구,부산 북구갑,부산광역시 북구 갑,,,무소속,무소속,무소속,무소속,2026-06-04,,by_election,,,,confirmed,wikiseat,sitting,,2026-06-03,,2026-06-04,,,,2026.06.04 ~,제22대 무소속 부산 북구갑,nexgtxtmaamffofof,한동훈,42421192,42540220,,False
22,5K93695T,1,김승수,지역구,대구 북구을,대구광역시 북구 을,,,국민의힘,국민의힘,국민의힘,국민의힘,2024-05-30,,general,,,,term_start,,sitting,,,,,,,,2024.05.30 ~,제22대 국민의힘 대구 북구을,nexgtxtmaamffofof,김승수 (1965년),42421192,,,False
22,5KV82250,1,조경태,지역구,부산 사하구을,부산광역시 사하구 을,,,국민의힘,국민의힘,국민의힘,국민의힘,2024-05-30,,general,,,,term_start,,sitting,,,,,,,,2024.05.30 ~,제22대 국민의힘 부산 사하구을,nexgtxtmaamffofof,조경태,42421192,,,False
22,5KV96424,1,강준현,지역구,세종특별자치시을,세종특별자치시 세종특별자치시 을,,,더불어민주당,더불어민주당,더불어민주당,더불어민주당,2024-05-30,,general,,,,term_start,,sitting,,,,,,,,2024.05.30 ~,제22대 더불어민주당 세종특별자치시을,nexgtxtmaamffofof,강준현,42421192,,,False
22,5MD4184K,1,홍기원,지역구,경기 평택시갑,경기도 평택시 갑,,,더불어민주당,더불어민주당,더불어민주당,더불어민주당,2024-05-30,,general,,,,term_start,,sitting,,,,,,,,2024.05.30 ~,제22대 더불어민주당 경기 평택시갑,nexgtxtmaamffofof,홍기원,42421192,,,False
22,5N65159P,1,김윤,비례대표,비례대표,,더불어민주연합,12,더불어민주연합,더불어민주연합,더불어민주당,더불어민주연합,2024-05-30,,general,,,,term_start,,sitting,,,,,,,,2024.05.30 ~,제22대 더불어민주연합 비례대표,nexgtxtmaamffofof,김윤 (1966년),42421192,,,False
22,5TQ6306B,1,박수현,지역구,충남 공주시부여군청양군,충청남도 공주시·부여군·청양군,,,더불어민주당,더불어민주당,더불어민주당,더불어민주당,2024-05-30,2026-04-30,general,resigned,resigned_to_run_for_other_office,충청남도지사 출마로 사퇴 / 의원직 사퇴,term_start,,confirmed,nabill,,2026-04-29,,2026-04-29,2026-04-30,PRC_M2H6G0X4D3H0Q1L4S0Q5M5L4C5B9F1,2024.05.30 ~ 2026.04.30,제22대 더불어민주당 충남 공주시부여군청양군,nfzegpkvaclgtscxt,박수현 (1964년),42421192,42540220,,False
22,68P7228G,1,진선미,지역구,서울 강동구갑,서울특별시 강동구 갑,,,더불어민주당,더불어민주당,더불어민주당,더불어민주당,2024-05-30,,general,,,,term_start,,sitting,,,,,,,,2024.05.30 ~,제22대 더불어민주당 서울 강동구갑,nexgtxtmaamffofof,진선미,42421192,,,False
22,6AU2417B,1,박주민,지역구,서울 은평구갑,서울특별시 은평구 갑,,,더불어민주당,더불어민주당,더불어민주당,더불어민주당,2024-05-30,,general,,,,term_start,,sitting,,,,,,,,2024.05.30 ~,제22대 더불어민주당 서울 은평구갑,nexgtxtmaamffofof,박주민,42421192,,,False
22,6EN68926,1,송언석,지역구,경북 김천시,경상북도 김천시,,,국민의힘,국민의힘,국민의힘,국민의힘,2024-05-30,,general,,,,term_start,,sitting,,,,,,,,2024.05.30 ~,제22대 국민의힘 경북 김천시,nexgtxtmaamffofof,송언석,42421192,,,False
22,6I88973D,1,부승찬,지역구,경기 용인시병,경기도 용인시 병,,,더불어민주당,더불어민주당,더불어민주당,더불어민주당,2024-05-30,,general,,,,term_start,,sitting,,,,,,,,2024.05.30 ~,제22대 더불어민주당 경기 용인시병,nexgtxtmaamffofof,부승찬,42421192,,,False
22,6K79158C,1,이용우,지역구,인천 서구을,인천광역시 서구 을,,,더불어민주당,더불어민주당,더불어민주당,더불어민주당,2024-05-30,,general,,,,term_start,,sitting,,,,,,,,2024.05.30 ~,제22대 더불어민주당 인천 서구을,nexgtxtmaamffofof,이용우 (1974년),42421192,,,False
22,6RD62559,1,박정하,지역구,강원 원주시갑,강원특별자치도 원주시 갑,,,국민의힘,국민의힘,국민의힘,국민의힘,2024-05-30,,general,,,,term_start,,sitting,,,,,,,,2024.05.30 ~,제22대 국민의힘 강원 원주시갑,nexgtxtmaamffofof,박정하 (정치인),42421192,,,False
22,6U243644,1,박형수,지역구,경북 의성군청송군영덕군울진군,경상북도 의성군·청송군·영덕군·울진군,,,국민의힘,국민의힘,국민의힘,국민의힘,2024-05-30,,general,,,,term_start,,sitting,,,,,,,,2024.05.30 ~,제22대 국민의힘 경북 의성군청송군영덕군울진군,nexgtxtmaamffofof,박형수 (1965년),42421192,,,False
22,6VC83722,1,김현정,지역구,경기 평택시병,경기도 평택시 병,,,더불어민주당,더불어민주당,더불어민주당,더불어민주당,2024-05-30,,general,,,,term_start,,sitting,,,,,,,,2024.05.30 ~,제22대 더불어민주당 경기 평택시병,nexgtxtmaamffofof,김현정 (1969년),42421192,,,False
22,6WK3815W,1,김태선,지역구,울산 동구,울산광역시 동구,,,더불어민주당,더불어민주당,더불어민주당,더불어민주당,2024-05-30,,general,,,,term_start,,sitting,,,,,,,,2024.05.30 ~,제22대 더불어민주당 울산 동구,nexgtxtmaamffofof,김태선,42421192,,,False
22,7469929V,1,구자근,지역구,경북 구미시갑,경상북도 구미시 갑,,,국민의힘,국민의힘,국민의힘,국민의힘,2024-05-30,,general,,,,term_start,,sitting,,,,,,,,2024.05.30 ~,제22대 국민의힘 경북 구미시갑,nexgtxtmaamffofof,구자근,42421192,,,False
22,7BM2933Y,1,김영호,지역구,서울 서대문구을,서울특별시 서대문구 을,,,더불어민주당,더불어민주당,더불어민주당,더불어민주당,2024-05-30,,general,,,,term_start,,sitting,,,,,,,,2024.05.30 ~,제22대 더불어민주당 서울 서대문구을,nexgtxtmaamffofof,김영호 (1967년),42421192,,,False
22,7GW5372Y,1,김선민,비례대표,비례대표,,조국혁신당,5,조국혁신당,조국혁신당,조국혁신당,조국혁신당,2024-05-30,,general,,,,term_start,,sitting,,,,,,,,2024.05.30 ~,제22대 조국혁신당 비례대표,nexgtxtmaamffofof,김선민 (의료인),42421192,,,False
22,7R156073,1,박범계,지역구,대전 서구을,대전광역시 서구 을,,,더불어민주당,더불어민주당,더불어민주당,더불어민주당,2024-05-30,,general,,,,term_start,,sitting,,,,,,,,2024.05.30 ~,제22대 더불어민주당 대전 서구을,nexgtxtmaamffofof,박범계,42421192,,,False
22,7XY7109I,1,성일종,지역구,충남 서산시태안군,충청남도 서산시·태안군,,,국민의힘,국민의힘,국민의힘,국민의힘,2024-05-30,,general,,,,term_start,,sitting,,,,,,,,2024.05.30 ~,제22대 국민의힘 충남 서산시태안군,nexgtxtmaamffofof,성일종,42421192,,,False
22,7YC6702R,1,이건태,지역구,경기 부천시병,경기도 부천시 병,,,더불어민주당,더불어민주당,더불어민주당,더불어민주당,2024-05-30,,general,,,,term_start,,sitting,,,,,,,,2024.05.30 ~,제22대 더불어민주당 경기 부천시병,nexgtxtmaamffofof,이건태,42421192,,,False
22,7YL9580G,1,김현,지역구,경기 안산시을,경기도 안산시 을,,,더불어민주당,더불어민주당,더불어민주당,더불어민주당,2024-05-30,,general,,,,term_start,,sitting,,,,,,,,2024.05.30 ~,제22대 더불어민주당 경기 안산시을,nexgtxtmaamffofof,김현 (정치인),42421192,,,False
22,7ZS19508,1,김태규,지역구,울산 남구갑,울산광역시 남구 갑,,,국민의힘,국민의힘,국민의힘,국민의힘,2026-06-04,,by_election,,,,confirmed,wikiseat,sitting,,2026-06-03,,2026-06-04,,,,2026.06.04 ~,제22대 국민의힘 울산 남구갑,nexgtxtmaamffofof,김태규 (1967년),42421192,42540220,,False
22,80C5885Z,1,서왕진,비례대표,비례대표,,조국혁신당,12,조국혁신당,조국혁신당,조국혁신당,조국혁신당,2024-05-30,,general,,,,term_start,,sitting,,,,,,,,2024.05.30 ~,제22대 조국혁신당 비례대표,nexgtxtmaamffofof,서왕진,42421192,,,False
22,8348421R,1,엄태영,지역구,충북 제천시단양군,충청북도 제천시·단양군,,,국민의힘,국민의힘,국민의힘,국민의힘,2024-05-30,,general,,,,term_start,,sitting,,,,,,,,2024.05.30 ~,제22대 국민의힘 충북 제천시단양군,nexgtxtmaamffofof,엄태영 (1958년),42421192,,,False
22,86R9476S,1,김문수,지역구,전남 순천시광양시곡성군구례군갑,전라남도 순천시·광양시·곡성군·구례군 갑,,,더불어민주당,더불어민주당,더불어민주당,더불어민주당,2024-05-30,,general,,,,term_start,,sitting,,,,,,,,2024.05.30 ~,제22대 더불어민주당 전남 순천시광양시곡성군구례군갑,nexgtxtmaamffofof,김문수 (1968년),42421192,,,False
22,88O1334C,1,김성회,지역구,경기 고양시갑,경기도 고양시 갑,,,더불어민주당,더불어민주당,더불어민주당,더불어민주당,2024-05-30,,general,,,,term_start,,sitting,,,,,,,,2024.05.30 ~,제22대 더불어민주당 경기 고양시갑,nexgtxtmaamffofof,김성회 (1972년),42421192,,,False
22,8A05621B,1,김준형,비례대표,비례대표,,조국혁신당,6,조국혁신당,조국혁신당,조국혁신당,조국혁신당,2024-05-30,,general,,,,term_start,,sitting,,,,,,,,2024.05.30 ~,제22대 조국혁신당 비례대표,nexgtxtmaamffofof,김준형 (정치학자),42421192,,,False
22,8BF5855P,1,박지원,지역구,전남 해남군완도군진도군,전라남도 해남군·완도군·진도군,,,더불어민주당,더불어민주당,더불어민주당,더불어민주당,2024-05-30,,general,,,,term_start,,sitting,,,,,,,,2024.05.30 ~,제22대 더불어민주당 전남 해남군완도군진도군,nexgtxtmaamffofof,박지원 (1942년),42421192,42540220,,False
22,8FB1535Y,1,어기구,지역구,충남 당진시,충청남도 당진시,,,더불어민주당,더불어민주당,더불어민주당,더불어민주당,2024-05-30,,general,,,,term_start,,sitting,,,,,,,,2024.05.30 ~,제22대 더불어민주당 충남 당진시,nexgtxtmaamffofof,어기구,42421192,,,False
22,8JG4358H,1,한민수,지역구,서울 강북구을,서울특별시 강북구 을,,,더불어민주당,더불어민주당,더불어민주당,더불어민주당,2024-05-30,,general,,,,term_start,,sitting,,,,,,,,2024.05.30 ~,제22대 더불어민주당 서울 강북구을,nexgtxtmaamffofof,한민수 (1969년),42421192,,,False
22,8L52480G,1,이상휘,지역구,경북 포항시남구울릉군,경상북도 포항시 남구·울릉군,,,국민의힘,국민의힘,국민의힘,국민의힘,2024-05-30,,general,,,,term_start,,sitting,,,,,,,,2024.05.30 ~,제22대 국민의힘 경북 포항시남구울릉군,nexgtxtmaamffofof,이상휘,42421192,,,False
22,8O34202I,1,김영환,지역구,경기 고양시정,경기도 고양시 정,,,더불어민주당,더불어민주당,더불어민주당,더불어민주당,2024-05-30,,general,,,,term_start,,sitting,,,,,,,,2024.05.30 ~,제22대 더불어민주당 경기 고양시정,nexgtxtmaamffofof,김영환 (1971년),42421192,,,False
22,8P37634C,1,강득구,지역구,경기 안양시만안구,경기도 안양시 만안구,,,더불어민주당,더불어민주당,더불어민주당,더불어민주당,2024-05-30,,general,,,,term_start,,sitting,,,,,,,,2024.05.30 ~,제22대 더불어민주당 경기 안양시만안구,nexgtxtmaamffofof,강득구,42421192,,,False
22,8Q88373R,1,김병기,지역구,서울 동작구갑,서울특별시 동작구 갑,,,더불어민주당,더불어민주당,무소속,더불어민주당,2024-05-30,,general,,,,term_start,,sitting,,,,,,,,2024.05.30 ~,제22대 더불어민주당 서울 동작구갑,nexgtxtmaamffofof,김병기 (1961년),42421192,,,False
22,8SV6917G,1,주호영,지역구,대구 수성구갑,대구광역시 수성구 갑,,,국민의힘,국민의힘,국민의힘,국민의힘,2024-05-30,,general,,,,term_start,,sitting,,,,,,,,2024.05.30 ~,제22대 국민의힘 대구 수성구갑,nexgtxtmaamffofof,주호영,42421192,,,False
22,8TU8443O,1,조계원,지역구,전남 여수시을,전라남도 여수시 을,,,더불어민주당,더불어민주당,더불어민주당,더불어민주당,2024-05-30,,general,,,,term_start,,sitting,,,,,,,,2024.05.30 ~,제22대 더불어민주당 전남 여수시을,nexgtxtmaamffofof,조계원,42421192,,,False
22,8UC4779G,1,우재준,지역구,대구 북구갑,대구광역시 북구 갑,,,국민의힘,국민의힘,국민의힘,국민의힘,2024-05-30,,general,,,,term_start,,sitting,,,,,,,,2024.05.30 ~,제22대 국민의힘 대구 북구갑,nexgtxtmaamffofof,우재준,42421192,,,False
22,8X15119P,1,윤한홍,지역구,경남 창원시마산회원구,경상남도 창원시 마산회원구,,,국민의힘,국민의힘,국민의힘,국민의힘,2024-05-30,,general,,,,term_start,,sitting,,,,,,,,2024.05.30 ~,제22대 국민의힘 경남 창원시마산회원구,nexgtxtmaamffofof,윤한홍,42421192,,,False
22,8XE7026P,1,정연욱,지역구,부산 수영구,부산광역시 수영구,,,국민의힘,국민의힘,국민의힘,국민의힘,2024-05-30,,general,,,,term_start,,sitting,,,,,,,,2024.05.30 ~,제22대 국민의힘 부산 수영구,nexgtxtmaamffofof,정연욱,42421192,,,False
22,95J3282H,1,이광희,지역구,충북 청주시서원구,충청북도 청주시 서원구,,,더불어민주당,더불어민주당,더불어민주당,더불어민주당,2024-05-30,,general,,,,term_start,,sitting,,,,,,,,2024.05.30 ~,제22대 더불어민주당 충북 청주시서원구,nexgtxtmaamffofof,이광희 (정치인),42421192,,,False
22,9901388T,1,강명구,지역구,경북 구미시을,경상북도 구미시 을,,,국민의힘,국민의힘,국민의힘,국민의힘,2024-05-30,,general,,,,term_start,,sitting,,,,,,,,2024.05.30 ~,제22대 국민의힘 경북 구미시을,nexgtxtmaamffofof,강명구 (정치인),42421192,,,False
22,9D939735,1,김성원,지역구,경기 동두천시양주시연천구을,경기도 동두천시·양주시·연천군 을,,,국민의힘,국민의힘,국민의힘,국민의힘,2024-05-30,,general,,,,term_start,,sitting,,,,,,,,2024.05.30 ~,제22대 국민의힘 경기 동두천시양주시연천구을,nexgtxtmaamffofof,김성원 (정치인),42421192,,,False
22,9HE7226N,1,정진욱,지역구,광주 동구남구갑,광주광역시 동구·남구 갑,,,더불어민주당,더불어민주당,더불어민주당,더불어민주당,2024-05-30,,general,,,,term_start,,sitting,,,,,,,,2024.05.30 ~,제22대 더불어민주당 광주 동구남구갑,nexgtxtmaamffofof,정진욱 (1964년),42421192,,,False
22,9JF4562W,1,이용선,지역구,서울 양천구을,서울특별시 양천구 을,,,더불어민주당,더불어민주당,더불어민주당,더불어민주당,2024-05-30,,general,,,,term_start,,sitting,,,,,,,,2024.05.30 ~,제22대 더불어민주당 서울 양천구을,nexgtxtmaamffofof,이용선,42421192,,,False
22,9LD2641Q,1,김정호,지역구,경남 김해시을,경상남도 김해시 을,,,더불어민주당,더불어민주당,더불어민주당,더불어민주당,2024-05-30,,general,,,,term_start,,sitting,,,,,,,,2024.05.30 ~,제22대 더불어민주당 경남 김해시을,nexgtxtmaamffofof,김정호 (1960년),42421192,,,False
22,9VR65006,1,윤영석,지역구,경남 양산시갑,경상남도 양산시 갑,,,국민의힘,국민의힘,국민의힘,국민의힘,2024-05-30,,general,,,,term_start,,sitting,,,,,,,,2024.05.30 ~,제22대 국민의힘 경남 양산시갑,nexgtxtmaamffofof,윤영석,42421192,,,False
22,9YO73104,1,전재수,지역구,부산 북구갑,부산광역시 북구 갑,,,더불어민주당,더불어민주당,더불어민주당,더불어민주당,2024-05-30,2026-04-30,general,resigned,resigned_to_run_for_other_office,부산광역시장 출마로 사퇴 / 의원직 사퇴,term_start,,confirmed,nabill,,2026-04-29,,2026-04-29,2026-04-30,PRC_F2T6G0F4Y3C0I1N4L0G2Y2H1K9L2N6,2024.05.30 ~ 2026.04.30,제22대 더불어민주당 부산 북구갑,nfzegpkvaclgtscxt,전재수,42421192,42540220,,False
22,A0P4646G,1,최형두,지역구,경남 창원시마산합포구,경상남도 창원시 마산합포구,,,국민의힘,국민의힘,국민의힘,국민의힘,2024-05-30,,general,,,,term_start,,sitting,,,,,,,,2024.05.30 ~,제22대 국민의힘 경남 창원시마산합포구,nexgtxtmaamffofof,최형두,42421192,,,False
22,A494529E,1,천준호,지역구,서울 강북구갑,서울특별시 강북구 갑,,,더불어민주당,더불어민주당,더불어민주당,더불어민주당,2024-05-30,,general,,,,term_start,,sitting,,,,,,,,2024.05.30 ~,제22대 더불어민주당 서울 강북구갑,nexgtxtmaamffofof,천준호,42421192,,,False
22,AEJ19639,1,박정훈,지역구,서울 송파구갑,서울특별시 송파구 갑,,,국민의힘,국민의힘,국민의힘,국민의힘,2024-05-30,,general,,,,term_start,,sitting,,,,,,,,2024.05.30 ~,제22대 국민의힘 서울 송파구갑,nexgtxtmaamffofof,박정훈 (기자),42421192,,,False
22,AEO5706C,1,이강일,지역구,충북 청주시상당구,충청북도 청주시 상당구,,,더불어민주당,더불어민주당,더불어민주당,더불어민주당,2024-05-30,,general,,,,term_start,,sitting,,,,,,,,2024.05.30 ~,제22대 더불어민주당 충북 청주시상당구,nexgtxtmaamffofof,이강일 (정치인),42421192,,,False
22,AFH96856,1,신영대,지역구,전북 군산시김제시부안군갑,전북특별자치도 군산시·김제시·부안군 갑,,,더불어민주당,더불어민주당,더불어민주당,더불어민주당,2024-05-30,2026-01-08,general,disqualified,court_ruling_election_law,선거사무장의 선거법 위반으로 / 당선무효 / 의원직 상실,term_start,,confirmed,wikilist+wikiseat,,2026-01-08,,2026-01-08,,,2024.05.30 ~ 2026.01.08,제22대 더불어민주당 전북 군산시김제시부안군갑,nfzegpkvaclgtscxt,신영대,42421192,42540220,,False
22,ANS8383S,1,김대식,지역구,부산 사상구,부산광역시 사상구,,,국민의힘,국민의힘,국민의힘,국민의힘,2024-05-30,,general,,,,term_start,,sitting,,,,,,,,2024.05.30 ~,제22대 국민의힘 부산 사상구,nexgtxtmaamffofof,김대식 (1962년),42421192,,,False
22,ARP89147,1,정동영,지역구,전북 전주시병,전북특별자치도 전주시 병,,,더불어민주당,더불어민주당,더불어민주당,더불어민주당,2024-05-30,,general,,,,term_start,,sitting,,,,,,,,2024.05.30 ~,제22대 더불어민주당 전북 전주시병,nexgtxtmaamffofof,정동영,42421192,,,False
22,ATB59635,1,김승원,지역구,경기 수원시갑,경기도 수원시 갑,,,더불어민주당,더불어민주당,더불어민주당,더불어민주당,2024-05-30,,general,,,,term_start,,sitting,,,,,,,,2024.05.30 ~,제22대 더불어민주당 경기 수원시갑,nexgtxtmaamffofof,김승원 (정치인),42421192,,,False
22,B7789327,1,인요한,비례대표,비례대표,,국민의미래,8,국민의미래,국민의미래,국민의힘,국민의미래,2024-05-30,2026-01-09,general,resigned,resigned_other,의원직 사퇴 / 의원직 사퇴,term_start,,confirmed,wikiseat+nabill,,2025-12-10,,2026-01-09,2026-01-09,PRC_Y2L5V1G2L2N9H1L8G0D3N4Q5S1O5B2,2024.05.30 ~ 2026.01.09,제22대 국민의미래 비례대표,nfzegpkvaclgtscxt,인요한,42421192,42540220,,False
22,B7D7534L,1,김영배,지역구,서울 성북구갑,서울특별시 성북구 갑,,,더불어민주당,더불어민주당,더불어민주당,더불어민주당,2024-05-30,,general,,,,term_start,,sitting,,,,,,,,2024.05.30 ~,제22대 더불어민주당 서울 성북구갑,nexgtxtmaamffofof,김영배 (1967년),42421192,,,False
22,BCQ55105,1,한준호,지역구,경기 고양시을,경기도 고양시 을,,,더불어민주당,더불어민주당,더불어민주당,더불어민주당,2024-05-30,,general,,,,term_start,,sitting,,,,,,,,2024.05.30 ~,제22대 더불어민주당 경기 고양시을,nexgtxtmaamffofof,한준호 (정치인),42421192,,,False
22,BNV6535N,1,정혜경,비례대표,비례대표,,더불어민주연합,5,더불어민주연합,더불어민주연합,진보당,더불어민주연합,2024-05-30,,general,,,,term_start,,sitting,,,,,,,,2024.05.30 ~,제22대 더불어민주연합 비례대표,nexgtxtmaamffofof,정혜경 (1975년),42421192,,,False
22,BRU2690F,1,오세희,비례대표,비례대표,,더불어민주연합,7,더불어민주연합,더불어민주연합,더불어민주당,더불어민주연합,2024-05-30,,general,,,,term_start,,sitting,,,,,,,,2024.05.30 ~,제22대 더불어민주연합 비례대표,nexgtxtmaamffofof,오세희 (1955년),42421192,,,False
22,BT62420K,1,박찬대,지역구,인천 연수구갑,인천광역시 연수구 갑,,,더불어민주당,더불어민주당,더불어민주당,더불어민주당,2024-05-30,2026-04-30,general,resigned,resigned_to_run_for_other_office,인천광역시장 출마로 사퇴 / 의원직 사퇴,term_start,,confirmed,nabill,,2026-04-29,,2026-04-29,2026-04-30,PRC_Q2J6M0H4K3A0Y1K4L0U1P3L9I2Z0C1,2024.05.30 ~ 2026.04.30,제22대 더불어민주당 인천 연수구갑,nfzegpkvaclgtscxt,박찬대,42421192,42540220,,False
22,C7E79345,1,권칠승,지역구,경기 화성시병,경기도 화성시 병,,,더불어민주당,더불어민주당,더불어민주당,더불어민주당,2024-05-30,,general,,,,term_start,,sitting,,,,,,,,2024.05.30 ~,제22대 더불어민주당 경기 화성시병,nexgtxtmaamffofof,권칠승,42421192,,,False
22,CAA7713A,1,백종헌,지역구,부산 금정구,부산광역시 금정구,,,국민의힘,국민의힘,국민의힘,국민의힘,2024-05-30,,general,,,,term_start,,sitting,,,,,,,,2024.05.30 ~,제22대 국민의힘 부산 금정구,nexgtxtmaamffofof,백종헌 (1962년),42421192,,,False
22,CC78321E,1,최혁진,비례대표,비례대표,,더불어민주연합,16,더불어민주당,더불어민주당,무소속,더불어민주연합,2025-06-09,,succession_pr,,,,confirmed,wikilist+wikiseat,sitting,,2025-06-09,,2025-06-09,,,,2025.06.09 ~,제22대 더불어민주연합,nexgtxtmaamffofof,최혁진,42421192,42540220,,False
22,CCU1009B,1,이해식,지역구,서울 강동구을,서울특별시 강동구 을,,,더불어민주당,더불어민주당,더불어민주당,더불어민주당,2024-05-30,,general,,,,term_start,,sitting,,,,,,,,2024.05.30 ~,제22대 더불어민주당 서울 강동구을,nexgtxtmaamffofof,이해식,42421192,,,False
22,CGW7415Z,1,정성국,지역구,부산 부산진구갑,부산광역시 부산진구 갑,,,국민의힘,국민의힘,국민의힘,국민의힘,2024-05-30,,general,,,,term_start,,sitting,,,,,,,,2024.05.30 ~,제22대 국민의힘 부산 부산진구갑,nexgtxtmaamffofof,정성국 (1971년),42421192,,,False
22,CIZ8557P,1,장종태,지역구,대전 서구갑,대전광역시 서구 갑,,,더불어민주당,더불어민주당,더불어민주당,더불어민주당,2024-05-30,,general,,,,term_start,,sitting,,,,,,,,2024.05.30 ~,제22대 더불어민주당 대전 서구갑,nexgtxtmaamffofof,장종태,42421192,,,False
22,CK143054,1,양부남,지역구,광주 서구을,광주광역시 서구 을,,,더불어민주당,더불어민주당,더불어민주당,더불어민주당,2024-05-30,,general,,,,term_start,,sitting,,,,,,,,2024.05.30 ~,제22대 더불어민주당 광주 서구을,nexgtxtmaamffofof,양부남,42421192,,,False
22,CNW5754J,1,송석준,지역구,경기 이천시,경기도 이천시,,,국민의힘,국민의힘,국민의힘,국민의힘,2024-05-30,,general,,,,term_start,,sitting,,,,,,,,2024.05.30 ~,제22대 국민의힘 경기 이천시,nexgtxtmaamffofof,송석준,42421192,,,False
22,CNZ51556,1,김예지,비례대표,비례대표,,국민의미래,15,국민의미래,국민의미래,국민의힘,국민의미래,2024-05-30,,general,,,,term_start,,sitting,,,,,,,,2024.05.30 ~,제22대 국민의미래 비례대표,nexgtxtmaamffofof,김예지 (1980년),42421192,,,False
22,CST4991F,1,임광현,비례대표,비례대표,,더불어민주연합,4,더불어민주연합,더불어민주연합,더불어민주당,더불어민주연합,2024-05-30,2025-07-22,general,resigned,resigned_on_appointment,,term_start,,single_source,,,,,,,,2024.05.30 ~ 2025.07.22,제22대 더불어민주연합 비례대표,nfzegpkvaclgtscxt,임광현 (1969년),42421192,,exit_reason set by manual_checks.csv (was ); exit_detail set by manual_checks.csv (was unknown),True
22,D6U6678O,1,김주영,지역구,경기 김포시갑,경기도 김포시 갑,,,더불어민주당,더불어민주당,더불어민주당,더불어민주당,2024-05-30,,general,,,,term_start,,sitting,,,,,,,,2024.05.30 ~,제22대 더불어민주당 경기 김포시갑,nexgtxtmaamffofof,김주영 (1961년),42421192,,,False
22,D9I3309M,1,문대림,지역구,제주 제주시갑,제주특별자치도 제주시 갑,,,더불어민주당,더불어민주당,더불어민주당,더불어민주당,2024-05-30,,general,,,,term_start,,sitting,,,,,,,,2024.05.30 ~,제22대 더불어민주당 제주 제주시갑,nexgtxtmaamffofof,문대림,42421192,,,False
22,DAV7257X,1,이원택,지역구,전북 군산시김제시부안군을,전북특별자치도 군산시·김제시·부안군 을,,,더불어민주당,더불어민주당,더불어민주당,더불어민주당,2024-05-30,2026-04-30,general,resigned,resigned_to_run_for_other_office,전북특별자치도지사 출마로 사퇴 / 의원직 사퇴,term_start,,confirmed,nabill,,2026-04-29,,2026-04-29,2026-04-30,PRC_T2B6C0Q4B3W0R1M4P0J4K3W7K6N9B1,2024.05.30 ~ 2026.04.30,제22대 더불어민주당 전북 군산시김제시부안군을,nfzegpkvaclgtscxt,이원택,42421192,42540220,,False
22,DAY6557K,1,정동만,지역구,부산 기장군,부산광역시 기장군,,,국민의힘,국민의힘,국민의힘,국민의힘,2024-05-30,,general,,,,term_start,,sitting,,,,,,,,2024.05.30 ~,제22대 국민의힘 부산 기장군,nexgtxtmaamffofof,정동만,42421192,,,False
22,DMP1439I,1,김재원,비례대표,비례대표,,조국혁신당,7,조국혁신당,조국혁신당,조국혁신당,조국혁신당,2024-05-30,,general,,,,term_start,,sitting,,,,,,,,2024.05.30 ~,제22대 조국혁신당 비례대표,nexgtxtmaamffofof,김재원 (1975년),42421192,,,False
22,DOZ1588B,1,김성범,지역구,제주 서귀포시,제주특별자치도 서귀포시,,,더불어민주당,더불어민주당,더불어민주당,더불어민주당,2026-06-04,,by_election,,,,confirmed,wikiseat,sitting,,2026-06-03,,2026-06-04,,,,2026.06.04 ~,제22대 더불어민주당 제주 서귀포시,nexgtxtmaamffofof,김성범 (정치인),42421192,42540220,,False
22,DWK26447,1,이인선,지역구,대구 수성구을,대구광역시 수성구 을,,,국민의힘,국민의힘,국민의힘,국민의힘,2024-05-30,,general,,,,term_start,,sitting,,,,,,,,2024.05.30 ~,제22대 국민의힘 대구 수성구을,nexgtxtmaamffofof,이인선 (1959년),42421192,,,False
22,E1J8836Y,1,김정재,지역구,경북 포항시북구,경상북도 포항시 북구,,,국민의힘,국민의힘,국민의힘,국민의힘,2024-05-30,,general,,,,term_start,,sitting,,,,,,,,2024.05.30 ~,제22대 국민의힘 경북 포항시북구,nexgtxtmaamffofof,김정재,42421192,,,False
22,E2B3753X,1,박해철,지역구,경기 안산시병,경기도 안산시 병,,,더불어민주당,더불어민주당,더불어민주당,더불어민주당,2024-05-30,,general,,,,term_start,,sitting,,,,,,,,2024.05.30 ~,제22대 더불어민주당 경기 안산시병,nexgtxtmaamffofof,박해철,42421192,,,False
22,EB16073M,1,안도걸,지역구,광주 동구남구을,광주광역시 동구·남구 을,,,더불어민주당,더불어민주당,더불어민주당,더불어민주당,2024-05-30,,general,,,,term_start,,sitting,,,,,,,,2024.05.30 ~,제22대 더불어민주당 광주 동구남구을,nexgtxtmaamffofof,안도걸,42421192,,,False
22,EBH1101V,1,이연희,지역구,충북 청주시흥덕구,충청북도 청주시 흥덕구,,,더불어민주당,더불어민주당,더불어민주당,더불어민주당,2024-05-30,,general,,,,term_start,,sitting,,,,,,,,2024.05.30 ~,제22대 더불어민주당 충북 청주시흥덕구,nexgtxtmaamffofof,이연희 (정치인),42421192,,,False
22,EFU76868,1,권향엽,지역구,전남 순천시광양시곡성군구례군을,전라남도 순천시·광양시·곡성군·구례군 을,,,더불어민주당,더불어민주당,더불어민주당,더불어민주당,2024-05-30,,general,,,,term_start,,sitting,,,,,,,,2024.05.30 ~,제22대 더불어민주당 전남 순천시광양시곡성군구례군을,nexgtxtmaamffofof,권향엽,42421192,,,False
22,EH27538E,1,임이자,지역구,경북 상주시문경시,경상북도 상주시·문경시,,,국민의힘,국민의힘,국민의힘,국민의힘,2024-05-30,,general,,,,term_start,,sitting,,,,,,,,2024.05.30 ~,제22대 국민의힘 경북 상주시문경시,nexgtxtmaamffofof,임이자,42421192,,,False
22,EMH4976E,1,박지혜,지역구,경기 의정부시갑,경기도 의정부시 갑,,,더불어민주당,더불어민주당,더불어민주당,더불어민주당,2024-05-30,,general,,,,term_start,,sitting,,,,,,,,2024.05.30 ~,제22대 더불어민주당 경기 의정부시갑,nexgtxtmaamffofof,박지혜 (1978년),42421192,,,False
22,EPI69383,1,김용태,지역구,경기 포천시가평군,경기도 포천시·가평군,,,국민의힘,국민의힘,국민의힘,국민의힘,2024-05-30,,general,,,,term_start,,sitting,,,,,,,,2024.05.30 ~,제22대 국민의힘 경기 포천시가평군,nexgtxtmaamffofof,김용태 (1990년),42421192,,,False
22,EVH1507C,1,이헌승,지역구,부산 부산진구을,부산광역시 부산진구 을,,,국민의힘,국민의힘,국민의힘,국민의힘,2024-05-30,,general,,,,term_start,,sitting,,,,,,,,2024.05.30 ~,제22대 국민의힘 부산 부산진구을,nexgtxtmaamffofof,이헌승,42421192,,,False
22,FH777496,1,임호선,지역구,충북 증평군진천군음성군,충청북도 증평군·진천군·음성군,,,더불어민주당,더불어민주당,더불어민주당,더불어민주당,2024-05-30,,general,,,,term_start,,sitting,,,,,,,,2024.05.30 ~,제22대 더불어민주당 충북 증평군진천군음성군,nexgtxtmaamffofof,임호선,42421192,,,False
22,FIC9046Z,1,김의겸,지역구,전북 군산시김제시부안군갑,전북특별자치도 군산시·김제시·부안군 갑,,,더불어민주당,더불어민주당,더불어민주당,더불어민주당,2026-06-04,,by_election,,,,confirmed,wikiseat,sitting,,2026-06-03,,2026-06-04,,,,2026.06.04 ~,제22대 더불어민주당 전북 군산시김제시부안군갑,nexgtxtmaamffofof,김의겸,42421192,42540220,,False
22,FIE6569O,1,곽상언,지역구,서울 종로구,서울특별시 종로구,,,더불어민주당,더불어민주당,더불어민주당,더불어민주당,2024-05-30,,general,,,,term_start,,sitting,,,,,,,,2024.05.30 ~,제22대 더불어민주당 서울 종로구,nexgtxtmaamffofof,곽상언,42421192,,,False
22,FJK3396E,1,맹성규,지역구,인천 남동구갑,인천광역시 남동구 갑,,,더불어민주당,더불어민주당,더불어민주당,더불어민주당,2024-05-30,,general,,,,term_start,,sitting,,,,,,,,2024.05.30 ~,제22대 더불어민주당 인천 남동구갑,nexgtxtmaamffofof,맹성규,42421192,,,False
22,FOK3459D,1,서삼석,지역구,전남 영암군무안군신안군,전라남도 영암군·무안군·신안군,,,더불어민주당,더불어민주당,더불어민주당,더불어민주당,2024-05-30,,general,,,,term_start,,sitting,,,,,,,,2024.05.30 ~,제22대 더불어민주당 전남 영암군무안군신안군,nexgtxtmaamffofof,서삼석,42421192,,,False
22,FU53642G,1,허영,지역구,강원 춘천시철원군화천군양구군갑,강원특별자치도 춘천시·철원군·화천군·양구군 갑,,,더불어민주당,더불어민주당,더불어민주당,더불어민주당,2024-05-30,,general,,,,term_start,,sitting,,,,,,,,2024.05.30 ~,제22대 더불어민주당 강원 춘천시철원군화천군양구군갑,nexgtxtmaamffofof,허영 (정치인),42421192,,,False
22,FU87526G,1,박수영,지역구,부산 남구,부산광역시 남구,,,국민의힘,국민의힘,국민의힘,국민의힘,2024-05-30,,general,,,,term_start,,sitting,,,,,,,,2024.05.30 ~,제22대 국민의힘 부산 남구,nexgtxtmaamffofof,박수영 (1964년),42421192,,,False
22,FYG6302V,1,전은수,지역구,충남 아산시을,충청남도 아산시 을,,,더불어민주당,더불어민주당,더불어민주당,더불어민주당,2026-06-04,,by_election,,,,confirmed,wikiseat,sitting,,2026-06-03,,2026-06-04,,,,2026.06.04 ~,제22대 더불어민주당 충남 아산시을,nexgtxtmaamffofof,전은수,42421192,42540220,,False
22,FYI20317,1,조승래,지역구,대전 유성구갑,대전광역시 유성구 갑,,,더불어민주당,더불어민주당,더불어민주당,더불어민주당,2024-05-30,,general,,,,term_start,,sitting,,,,,,,,2024.05.30 ~,제22대 더불어민주당 대전 유성구갑,nexgtxtmaamffofof,조승래,42421192,,,False
22,G152611B,1,추경호,지역구,대구 달성군,대구광역시 달성군,,,국민의힘,국민의힘,국민의힘,국민의힘,2024-05-30,2026-04-30,general,resigned,resigned_to_run_for_other_office,대구광역시장 출마로 사퇴 / 의원직 사퇴,term_start,,confirmed,nabill,,2026-04-29,,2026-04-29,2026-04-30,PRC_V2L6N0D4Q3L0M1K3Q5N5V2S4L0B5H6,2024.05.30 ~ 2026.04.30,제22대 국민의힘 대구 달성군,nfzegpkvaclgtscxt,추경호,42421192,42540220,,False
22,G6W8250J,1,박준태,비례대표,비례대표,,국민의미래,18,국민의미래,국민의미래,국민의힘,국민의미래,2024-05-30,,general,,,,term_start,,sitting,,,,,,,,2024.05.30 ~,제22대 국민의미래 비례대표,nexgtxtmaamffofof,박준태 (1981년),42421192,,,False
22,GDG1847Z,1,권성동,지역구,강원 강릉시,강원특별자치도 강릉시,,,국민의힘,국민의힘,국민의힘,국민의힘,2024-05-30,2026-07-16,general,disqualified,court_ruling_other_or_unspecified,통일교 금품수수 의혹 유죄 선고로 인한 / 의원직 상실 / 의원직 상실,term_start,,confirmed,wikilist+wikiseat,,2026-07-16,,2026-07-16,,,2024.05.30 ~ 2026.07.16,제22대 국민의힘 강원 강릉시,nfzegpkvaclgtscxt,권성동,42421192,42540220,,False
22,GE71932C,1,용혜인,비례대표,비례대표,,더불어민주연합,6,더불어민주연합,더불어민주연합,기본소득당,더불어민주연합,2024-05-30,,general,,,,term_start,,sitting,,,,,,,,2024.05.30 ~,제22대 더불어민주연합 비례대표,nexgtxtmaamffofof,용혜인,42421192,,,False
22,GF286398,1,김병주,지역구,경기 남양주시을,경기도 남양주시 을,,,더불어민주당,더불어민주당,더불어민주당,더불어민주당,2024-05-30,,general,,,,term_start,,sitting,,,,,,,,2024.05.30 ~,제22대 더불어민주당 경기 남양주시을,nexgtxtmaamffofof,김병주 (군인),42421192,,,False
22,GJ56729D,1,복기왕,지역구,충남 아산시갑,충청남도 아산시 갑,,,더불어민주당,더불어민주당,더불어민주당,더불어민주당,2024-05-30,,general,,,,term_start,,sitting,,,,,,,,2024.05.30 ~,제22대 더불어민주당 충남 아산시갑,nexgtxtmaamffofof,복기왕,42421192,,,False
22,GJK57930,1,주진우,지역구,부산 해운대구갑,부산광역시 해운대구 갑,,,국민의힘,국민의힘,국민의힘,국민의힘,2024-05-30,,general,,,,term_start,,sitting,,,,,,,,2024.05.30 ~,제22대 국민의힘 부산 해운대구갑,nexgtxtmaamffofof,주진우 (1975년),42421192,,,False
22,GOC54665,1,문정복,지역구,경기 시흥시갑,경기도 시흥시 갑,,,더불어민주당,더불어민주당,더불어민주당,더불어민주당,2024-05-30,,general,,,,term_start,,sitting,,,,,,,,2024.05.30 ~,제22대 더불어민주당 경기 시흥시갑,nexgtxtmaamffofof,문정복,42421192,,,False
22,GP07421U,1,윤건영,지역구,서울 구로구을,서울특별시 구로구 을,,,더불어민주당,더불어민주당,더불어민주당,더불어민주당,2024-05-30,,general,,,,term_start,,sitting,,,,,,,,2024.05.30 ~,제22대 더불어민주당 서울 구로구을,nexgtxtmaamffofof,윤건영 (1969년),42421192,,,False
22,GP21946O,1,박충권,비례대표,비례대표,,국민의미래,2,국민의미래,국민의미래,국민의힘,국민의미래,2024-05-30,,general,,,,term_start,,sitting,,,,,,,,2024.05.30 ~,제22대 국민의미래 비례대표,nexgtxtmaamffofof,박충권,42421192,,,False
22,GRP3908I,1,문금주,지역구,전남 고흥군보성군장흥군강진군,전라남도 고흥군·보성군·장흥군·강진군,,,더불어민주당,더불어민주당,더불어민주당,더불어민주당,2024-05-30,,general,,,,term_start,,sitting,,,,,,,,2024.05.30 ~,제22대 더불어민주당 전남 고흥군보성군장흥군강진군,nexgtxtmaamffofof,문금주,42421192,,,False
22,GX22581L,1,강민국,지역구,경남 진주시을,경상남도 진주시 을,,,국민의힘,국민의힘,국민의힘,국민의힘,2024-05-30,,general,,,,term_start,,sitting,,,,,,,,2024.05.30 ~,제22대 국민의힘 경남 진주시을,nexgtxtmaamffofof,강민국 (정치인),42421192,,,False
22,GX38539O,1,유동수,지역구,인천 계양구갑,인천광역시 계양구 갑,,,더불어민주당,더불어민주당,더불어민주당,더불어민주당,2024-05-30,,general,,,,term_start,,sitting,,,,,,,,2024.05.30 ~,제22대 더불어민주당 인천 계양구갑,nexgtxtmaamffofof,유동수,42421192,,,False
22,H5476989,1,한병도,지역구,전북 익산시을,전북특별자치도 익산시 을,,,더불어민주당,더불어민주당,더불어민주당,더불어민주당,2024-05-30,,general,,,,term_start,,sitting,,,,,,,,2024.05.30 ~,제22대 더불어민주당 전북 익산시을,nexgtxtmaamffofof,한병도,42421192,,,False
22,H7X3372O,1,박지원,지역구,전북 군산시김제시부안군을,전북특별자치도 군산시·김제시·부안군 을,,,더불어민주당,더불어민주당,더불어민주당,더불어민주당,2026-06-04,,by_election,,,,confirmed,wikiseat,sitting,,2026-06-03,,2026-06-04,,,,2026.06.04 ~,제22대 더불어민주당 전북 군산시김제시부안군을,nexgtxtmaamffofof,박지원 (1987년),42421192,42540220,,False
22,HE08888N,1,김기웅,지역구,대구 중구남구,대구광역시 중구·남구,,,국민의힘,국민의힘,국민의힘,국민의힘,2024-05-30,,general,,,,term_start,,sitting,,,,,,,,2024.05.30 ~,제22대 국민의힘 대구 중구남구,nexgtxtmaamffofof,김기웅 (1961년),42421192,,,False
22,HFV52269,1,이병진,지역구,경기 평택시을,경기도 평택시 을,,,더불어민주당,더불어민주당,더불어민주당,더불어민주당,2024-05-30,2026-01-08,general,disqualified,court_ruling_election_law,재산 신고누락으로 당선무효 / 의원직 상실,term_start,,confirmed,wikilist+wikiseat,,2026-01-08,,2026-01-08,,,2024.05.30 ~ 2026.01.08,제22대 더불어민주당 경기 평택시을,nfzegpkvaclgtscxt,이병진 (1964년),42421192,42540220,,False
22,HHB5652A,1,허성무,지역구,경남 창원시성산구,경상남도 창원시 성산구,,,더불어민주당,더불어민주당,더불어민주당,더불어민주당,2024-05-30,,general,,,,term_start,,sitting,,,,,,,,2024.05.30 ~,제22대 더불어민주당 경남 창원시성산구,nexgtxtmaamffofof,허성무,42421192,,,False
22,HRG9655C,1,김희정,지역구,부산 연제구,부산광역시 연제구,,,국민의힘,국민의힘,국민의힘,국민의힘,2024-05-30,,general,,,,term_start,,sitting,,,,,,,,2024.05.30 ~,제22대 국민의힘 부산 연제구,nexgtxtmaamffofof,김희정 (1971년),42421192,,,False
22,HS39431V,1,고동진,지역구,서울 강남구병,서울특별시 강남구 병,,,국민의힘,국민의힘,국민의힘,국민의힘,2024-05-30,,general,,,,term_start,,sitting,,,,,,,,2024.05.30 ~,제22대 국민의힘 서울 강남구병,nexgtxtmaamffofof,고동진 (1961년),42421192,,,False
22,HSS7466Y,1,백혜련,지역구,경기 수원시을,경기도 수원시 을,,,더불어민주당,더불어민주당,더불어민주당,더불어민주당,2024-05-30,,general,,,,term_start,,sitting,,,,,,,,2024.05.30 ~,제22대 더불어민주당 경기 수원시을,nexgtxtmaamffofof,백혜련,42421192,,,False
22,HSW1214Q,1,이종배,지역구,충북 충주시,충청북도 충주시,,,국민의힘,국민의힘,국민의힘,국민의힘,2024-05-30,,general,,,,term_start,,sitting,,,,,,,,2024.05.30 ~,제22대 국민의힘 충북 충주시,nexgtxtmaamffofof,이종배,42421192,,,False
22,HVV5250J,1,박정현,지역구,대전 대덕구,대전광역시 대덕구,,,더불어민주당,더불어민주당,더불어민주당,더불어민주당,2024-05-30,,general,,,,term_start,,sitting,,,,,,,,2024.05.30 ~,제22대 더불어민주당 대전 대덕구,nexgtxtmaamffofof,박정현 (1964년 11월),42421192,,,False
22,HXT76735,1,박상혁,지역구,경기 김포시을,경기도 김포시 을,,,더불어민주당,더불어민주당,더불어민주당,더불어민주당,2024-05-30,,general,,,,term_start,,sitting,,,,,,,,2024.05.30 ~,제22대 더불어민주당 경기 김포시을,nexgtxtmaamffofof,박상혁 (1973년),42421192,,,False
22,I5I2468R,1,최기상,지역구,서울 금천구,서울특별시 금천구,,,더불어민주당,더불어민주당,더불어민주당,더불어민주당,2024-05-30,,general,,,,term_start,,sitting,,,,,,,,2024.05.30 ~,제22대 더불어민주당 서울 금천구,nexgtxtmaamffofof,최기상,42421192,,,False
22,I7R13867,1,이개호,지역구,전남 담양군함평군영광군장성군,전라남도 담양군·함평군·영광군·장성군,,,더불어민주당,더불어민주당,더불어민주당,더불어민주당,2024-05-30,,general,,,,term_start,,sitting,,,,,,,,2024.05.30 ~,제22대 더불어민주당 전남 담양군함평군영광군장성군,nexgtxtmaamffofof,이개호,42421192,,,False
22,IC499858,1,정준호,지역구,광주 북구갑,광주광역시 북구 갑,,,더불어민주당,더불어민주당,더불어민주당,더불어민주당,2024-05-30,,general,,,,term_start,,sitting,,,,,,,,2024.05.30 ~,제22대 더불어민주당 광주 북구갑,nexgtxtmaamffofof,정준호 (1980년),42421192,,,False
22,IL74008M,1,박성준,지역구,서울 중구성동구을,서울특별시 중구·성동구 을,,,더불어민주당,더불어민주당,더불어민주당,더불어민주당,2024-05-30,,general,,,,term_start,,sitting,,,,,,,,2024.05.30 ~,제22대 더불어민주당 서울 중구성동구을,nexgtxtmaamffofof,박성준 (정치인),42421192,,,False
22,IN328264,1,조정식,지역구,경기 시흥시을,경기도 시흥시 을,,,더불어민주당,더불어민주당,무소속,더불어민주당,2024-05-30,,general,,,,term_start,,sitting,,,,,,,,2024.05.30 ~,제22대 더불어민주당 경기 시흥시을,nexgtxtmaamffofof,조정식 (정치인),42421192,42540220,,False
22,IUD9392R,1,이재명,지역구,인천 계양구을,인천광역시 계양구 을,,,더불어민주당,더불어민주당,더불어민주당,더불어민주당,2024-05-30,2025-06-04,general,elected_other_office,elected_president,대통령 당선 / 의원직 사퇴,term_start,,confirmed,wikilist+wikiseat+nabill,,2025-06-04,,2025-06-04,2025-06-04,PRC_P2L5N0L6O0A4Q1Z0L3J9E1E3R9R5H0,2024.05.30 ~ 2025.06.04,제22대 더불어민주당 인천 계양구을,nfzegpkvaclgtscxt,이재명,42421192,42540220,,False
22,IUX1829H,1,김남근,지역구,서울 성북구을,서울특별시 성북구 을,,,더불어민주당,더불어민주당,더불어민주당,더불어민주당,2024-05-30,,general,,,,term_start,,sitting,,,,,,,,2024.05.30 ~,제22대 더불어민주당 서울 성북구을,nexgtxtmaamffofof,김남근,42421192,,,False
22,IWK63872,1,조배숙,비례대표,비례대표,,국민의미래,13,국민의미래,국민의미래,국민의힘,국민의미래,2024-05-30,,general,,,,term_start,,sitting,,,,,,,,2024.05.30 ~,제22대 국민의미래 비례대표,nexgtxtmaamffofof,조배숙,42421192,,,False
22,IWR8966I,1,박균택,지역구,광주 광산구갑,광주광역시 광산구 갑,,,더불어민주당,더불어민주당,더불어민주당,더불어민주당,2024-05-30,,general,,,,term_start,,sitting,,,,,,,,2024.05.30 ~,제22대 더불어민주당 광주 광산구갑,nexgtxtmaamffofof,박균택,42421192,,,False
22,J1G57517,1,모경종,지역구,인천 서구병,인천광역시 서구 병,,,더불어민주당,더불어민주당,더불어민주당,더불어민주당,2024-05-30,,general,,,,term_start,,sitting,,,,,,,,2024.05.30 ~,제22대 더불어민주당 인천 서구병,nexgtxtmaamffofof,모경종,42421192,,,False
22,JC14718Q,1,윤준병,지역구,전북 정읍시고창군,전북특별자치도 정읍시·고창군,,,더불어민주당,더불어민주당,더불어민주당,더불어민주당,2024-05-30,,general,,,,term_start,,sitting,,,,,,,,2024.05.30 ~,제22대 더불어민주당 전북 정읍시고창군,nexgtxtmaamffofof,윤준병,42421192,,,False
22,JEZ3130Q,1,김형동,지역구,경북 안동시예천군,경상북도 안동시·예천군,,,국민의힘,국민의힘,국민의힘,국민의힘,2024-05-30,,general,,,,term_start,,sitting,,,,,,,,2024.05.30 ~,제22대 국민의힘 경북 안동시예천군,nexgtxtmaamffofof,김형동,42421192,,,False
22,JG77046J,1,이언주,지역구,경기 용인시정,경기도 용인시 정,,,더불어민주당,더불어민주당,더불어민주당,더불어민주당,2024-05-30,,general,,,,term_start,,sitting,,,,,,,,2024.05.30 ~,제22대 더불어민주당 경기 용인시정,nexgtxtmaamffofof,이언주,42421192,,,False
22,JNL7001A,1,김선교,지역구,경기 여주시양평군,경기도 여주시·양평군,,,국민의힘,국민의힘,국민의힘,국민의힘,2024-05-30,,general,,,,term_start,,sitting,,,,,,,,2024.05.30 ~,제22대 국민의힘 경기 여주시양평군,nexgtxtmaamffofof,김선교,42421192,,,False
22,JP222486,1,서천호,지역구,경남 사천시남해군하동군,경상남도 사천시·남해군·하동군,,,국민의힘,국민의힘,국민의힘,국민의힘,2024-05-30,,general,,,,term_start,,sitting,,,,,,,,2024.05.30 ~,제22대 국민의힘 경남 사천시남해군하동군,nexgtxtmaamffofof,서천호,42421192,,,False
22,JQA21112,1,한기호,지역구,강원 춘천시철원군화천군양구군을,강원특별자치도 춘천시·철원군·화천군·양구군 을,,,국민의힘,국민의힘,국민의힘,국민의힘,2024-05-30,,general,,,,term_start,,sitting,,,,,,,,2024.05.30 ~,제22대 국민의힘 강원 춘천시철원군화천군양구군을,nexgtxtmaamffofof,한기호 (1952년),42421192,,,False
22,JSA8739I,1,손명수,지역구,경기 용인시을,경기도 용인시 을,,,더불어민주당,더불어민주당,더불어민주당,더불어민주당,2024-05-30,,general,,,,term_start,,sitting,,,,,,,,2024.05.30 ~,제22대 더불어민주당 경기 용인시을,nexgtxtmaamffofof,손명수,42421192,,,False
22,JVK71445,1,임문영,지역구,광주 광산구을,광주광역시 광산구 을,,,더불어민주당,더불어민주당,더불어민주당,더불어민주당,2026-06-04,,by_election,,,,confirmed,wikiseat,sitting,,2026-06-03,,2026-06-04,,,,2026.06.04 ~,제22대 더불어민주당 광주 광산구을,nexgtxtmaamffofof,임문영,42421192,42540220,,False
22,JZV5283U,1,유영하,지역구,대구 달서구갑,대구광역시 달서구 갑,,,국민의힘,국민의힘,국민의힘,국민의힘,2024-05-30,,general,,,,term_start,,sitting,,,,,,,,2024.05.30 ~,제22대 국민의힘 대구 달서구갑,nexgtxtmaamffofof,유영하,42421192,,,False
22,JZY9937U,1,김윤덕,지역구,전북 전주시갑,전북특별자치도 전주시 갑,,,더불어민주당,더불어민주당,더불어민주당,더불어민주당,2024-05-30,,general,,,,term_start,,sitting,,,,,,,,2024.05.30 ~,제22대 더불어민주당 전북 전주시갑,nexgtxtmaamffofof,김윤덕 (1966년),42421192,,,False
22,K5F2023J,1,이학영,지역구,경기 군포시,경기도 군포시,,,더불어민주당,더불어민주당,더불어민주당,더불어민주당,2024-05-30,,general,,,,term_start,,sitting,,,,,,,,2024.05.30 ~,제22대 더불어민주당 경기 군포시,nexgtxtmaamffofof,이학영,42421192,,,False
22,KBK8836C,1,유용원,비례대표,비례대표,,국민의미래,12,국민의미래,국민의미래,국민의힘,국민의미래,2024-05-30,,general,,,,term_start,,sitting,,,,,,,,2024.05.30 ~,제22대 국민의미래 비례대표,nexgtxtmaamffofof,유용원,42421192,,,False
22,KBZ59750,1,김형연,비례대표,비례대표,,조국혁신당,14,조국혁신당,조국혁신당,조국혁신당,조국혁신당,2026-08-31,,succession_pr,,,,api_earlier_than_wiki,wikilist=2026-09-01; wikiseat=2026-09-01,sitting,,2026-09-01,,2026-09-01,,,,2026.08.31 ~,제22대 조국혁신당 비례대표,nexgtxtmaamffofof,김형연,42421192,42540220,,False
22,KFM1081G,1,장동혁,지역구,충남 보령시서천군,충청남도 보령시·서천군,,,국민의힘,국민의힘,국민의힘,국민의힘,2024-05-30,,general,,,,term_start,,sitting,,,,,,,,2024.05.30 ~,제22대 국민의힘 충남 보령시서천군,nexgtxtmaamffofof,장동혁 (정치인),42421192,,,False
22,KNP22261,1,차규근,비례대표,비례대표,,조국혁신당,10,조국혁신당,조국혁신당,조국혁신당,조국혁신당,2024-05-30,,general,,,,term_start,,sitting,,,,,,,,2024.05.30 ~,제22대 조국혁신당 비례대표,nexgtxtmaamffofof,차규근,42421192,,,False
22,L2I9861C,1,강대식,지역구,대구 동구군위군을,대구광역시 동구·군위군 을,,,국민의힘,국민의힘,국민의힘,국민의힘,2024-05-30,,general,,,,term_start,,sitting,,,,,,,,2024.05.30 ~,제22대 국민의힘 대구 동구군위군을,nexgtxtmaamffofof,강대식,42421192,,,False
22,L5P27909,1,김은혜,지역구,경기 성남시분당구을,경기도 성남시 분당구 을,,,국민의힘,국민의힘,국민의힘,국민의힘,2024-05-30,,general,,,,term_start,,sitting,,,,,,,,2024.05.30 ~,제22대 국민의힘 경기 성남시분당구을,nexgtxtmaamffofof,김은혜 (1971년),42421192,,,False
22,L7J93733,1,서범수,지역구,울산 울주군,울산광역시 울주군,,,국민의힘,국민의힘,국민의힘,국민의힘,2024-05-30,,general,,,,term_start,,sitting,,,,,,,,2024.05.30 ~,제22대 국민의힘 울산 울주군,nexgtxtmaamffofof,서범수,42421192,,,False
22,LCZ1711I,1,김위상,비례대표,비례대표,,국민의미래,10,국민의미래,국민의미래,국민의힘,국민의미래,2024-05-30,,general,,,,term_start,,sitting,,,,,,,,2024.05.30 ~,제22대 국민의미래 비례대표,nexgtxtmaamffofof,김위상,42421192,,,False
22,LG63087O,1,권영세,지역구,서울 용산구,서울특별시 용산구,,,국민의힘,국민의힘,국민의힘,국민의힘,2024-05-30,,general,,,,term_start,,sitting,,,,,,,,2024.05.30 ~,제22대 국민의힘 서울 용산구,nexgtxtmaamffofof,권영세 (1959년),42421192,,,False
22,LH97552Q,1,김도읍,지역구,부산 강서구,부산광역시 강서구,,,국민의힘,국민의힘,국민의힘,국민의힘,2024-05-30,,general,,,,term_start,,sitting,,,,,,,,2024.05.30 ~,제22대 국민의힘 부산 강서구,nexgtxtmaamffofof,김도읍,42421192,,,False
22,LJK4960Z,1,정점식,지역구,경남 통영시고성군,경상남도 통영시·고성군,,,국민의힘,국민의힘,국민의힘,국민의힘,2024-05-30,,general,,,,term_start,,sitting,,,,,,,,2024.05.30 ~,제22대 국민의힘 경남 통영시고성군,nexgtxtmaamffofof,정점식,42421192,,,False
22,LT72093S,1,정일영,지역구,인천 연수구을,인천광역시 연수구 을,,,더불어민주당,더불어민주당,더불어민주당,더불어민주당,2024-05-30,,general,,,,term_start,,sitting,,,,,,,,2024.05.30 ~,제22대 더불어민주당 인천 연수구을,nexgtxtmaamffofof,정일영 (1957년),42421192,,,False
22,LYY5513O,1,권영진,지역구,대구 달서구병,대구광역시 달서구 병,,,국민의힘,국민의힘,국민의힘,국민의힘,2024-05-30,,general,,,,term_start,,sitting,,,,,,,,2024.05.30 ~,제22대 국민의힘 대구 달서구병,nexgtxtmaamffofof,권영진 (정치인),42421192,,,False
22,M0A1658U,1,윤호중,지역구,경기 구리시,경기도 구리시,,,더불어민주당,더불어민주당,더불어민주당,더불어민주당,2024-05-30,,general,,,,term_start,,sitting,,,,,,,,2024.05.30 ~,제22대 더불어민주당 경기 구리시,nexgtxtmaamffofof,윤호중,42421192,,,False
22,M2Q9024I,1,김종민,지역구,세종특별자치시갑,세종특별자치시 세종특별자치시 갑,,,새로운미래,새로운미래,무소속,새로운미래,2024-05-30,,general,,,,term_start,,sitting,,,,,,,,2024.05.30 ~,제22대 새로운미래 세종특별자치시갑,nexgtxtmaamffofof,김종민 (1964년),42421192,,,False
22,M4O5221T,1,박민규,지역구,서울 관악구갑,서울특별시 관악구 갑,,,더불어민주당,더불어민주당,더불어민주당,더불어민주당,2024-05-30,,general,,,,term_start,,sitting,,,,,,,,2024.05.30 ~,제22대 더불어민주당 서울 관악구갑,nexgtxtmaamffofof,박민규 (정치인),42421192,,,False
22,M7O7878U,1,신정훈,지역구,전남 나주시화순군,전라남도 나주시·화순군,,,더불어민주당,더불어민주당,더불어민주당,더불어민주당,2024-05-30,,general,,,,term_start,,sitting,,,,,,,,2024.05.30 ~,제22대 더불어민주당 전남 나주시화순군,nexgtxtmaamffofof,신정훈,42421192,,,False
22,MDC3257K,1,백승아,비례대표,비례대표,,더불어민주연합,3,더불어민주연합,더불어민주연합,더불어민주당,더불어민주연합,2024-05-30,,general,,,,term_start,,sitting,,,,,,,,2024.05.30 ~,제22대 더불어민주연합 비례대표,nexgtxtmaamffofof,백승아,42421192,,,False
22,ME83002L,1,조승환,지역구,부산 중구영도구,부산광역시 중구·영도구,,,국민의힘,국민의힘,국민의힘,국민의힘,2024-05-30,,general,,,,term_start,,sitting,,,,,,,,2024.05.30 ~,제22대 국민의힘 부산 중구영도구,nexgtxtmaamffofof,조승환,42421192,,,False
22,MIS62075,1,김동아,지역구,서울 서대문구갑,서울특별시 서대문구 갑,,,더불어민주당,더불어민주당,더불어민주당,더불어민주당,2024-05-30,,general,,,,term_start,,sitting,,,,,,,,2024.05.30 ~,제22대 더불어민주당 서울 서대문구갑,nexgtxtmaamffofof,김동아,42421192,,,False
22,MLH1404S,1,김민석,지역구,서울 영등포구을,서울특별시 영등포구 을,,,더불어민주당,더불어민주당,더불어민주당,더불어민주당,2024-05-30,,general,,,,term_start,,sitting,,,,,,,,2024.05.30 ~,제22대 더불어민주당 서울 영등포구을,nexgtxtmaamffofof,김민석 (정치인),42421192,,,False
22,MNZ4401T,1,강선우,지역구,서울 강서구갑,서울특별시 강서구 갑,,,더불어민주당,더불어민주당,무소속,더불어민주당,2024-05-30,,general,,,,term_start,,sitting,,,,,,,,2024.05.30 ~,제22대 더불어민주당 서울 강서구갑,nexgtxtmaamffofof,강선우,42421192,,,False
22,MQK9493H,1,윤종군,지역구,경기 안성시,경기도 안성시,,,더불어민주당,더불어민주당,더불어민주당,더불어민주당,2024-05-30,,general,,,,term_start,,sitting,,,,,,,,2024.05.30 ~,제22대 더불어민주당 경기 안성시,nexgtxtmaamffofof,윤종군,42421192,,,False
22,MQU41854,1,조은희,지역구,서울 서초구갑,서울특별시 서초구 갑,,,국민의힘,국민의힘,국민의힘,국민의힘,2024-05-30,,general,,,,term_start,,sitting,,,,,,,,2024.05.30 ~,제22대 국민의힘 서울 서초구갑,nexgtxtmaamffofof,조은희 (정치인),42421192,,,False
22,MR210505,1,서일준,지역구,경남 거제시,경상남도 거제시,,,국민의힘,국민의힘,국민의힘,국민의힘,2024-05-30,,general,,,,term_start,,sitting,,,,,,,,2024.05.30 ~,제22대 국민의힘 경남 거제시,nexgtxtmaamffofof,서일준,42421192,,,False
22,MRK4871S,1,유의동,지역구,경기 평택시을,경기도 평택시 을,,,국민의힘,국민의힘,국민의힘,국민의힘,2026-06-04,,by_election,,,,confirmed,wikiseat,sitting,,2026-06-03,,2026-06-04,,,,2026.06.04 ~,제22대 국민의힘 경기 평택시을,nexgtxtmaamffofof,유의동,42421192,42540220,,False
22,MRS4949T,1,이소희,비례대표,비례대표,,국민의미래,19,국민의힘,국민의힘,국민의힘,국민의힘,2026-01-12,,succession_pr,,,,confirmed,wikilist+wikiseat,sitting,,2026-01-12,,2026-01-12,,,,2026.01.12 ~,제22대 국민의힘 비례대표,nexgtxtmaamffofof,이소희 (변호사),42421192,42540220,,False
22,MSY7784L,1,윤상현,지역구,인천 동구미추홀구을,인천광역시 동구·미추홀구 을,,,국민의힘,국민의힘,국민의힘,국민의힘,2024-05-30,,general,,,,term_start,,sitting,,,,,,,,2024.05.30 ~,제22대 국민의힘 인천 동구미추홀구을,nexgtxtmaamffofof,윤상현 (정치인),42421192,,,False
22,MU69217P,1,유상범,지역구,강원 홍천군횡성군영월군평창군,강원특별자치도 홍천군·횡성군·영월군·평창군,,,국민의힘,국민의힘,국민의힘,국민의힘,2024-05-30,,general,,,,term_start,,sitting,,,,,,,,2024.05.30 ~,제22대 국민의힘 강원 홍천군횡성군영월군평창군,nexgtxtmaamffofof,유상범 (1966년),42421192,,,False
22,N2P9317N,1,이성윤,지역구,전북 전주시을,전북특별자치도 전주시 을,,,더불어민주당,더불어민주당,더불어민주당,더불어민주당,2024-05-30,,general,,,,term_start,,sitting,,,,,,,,2024.05.30 ~,제22대 더불어민주당 전북 전주시을,nexgtxtmaamffofof,이성윤 (1962년),42421192,,,False
22,N378078V,1,김종양,지역구,경남 창원시의창구,경상남도 창원시 의창구,,,국민의힘,국민의힘,국민의힘,국민의힘,2024-05-30,,general,,,,term_start,,sitting,,,,,,,,2024.05.30 ~,제22대 국민의힘 경남 창원시의창구,nexgtxtmaamffofof,김종양,42421192,,,False
22,N4R2421C,1,박덕흠,지역구,충북 보은군옥천군영동군괴산군,충청북도 보은군·옥천군·영동군·괴산군,,,국민의힘,국민의힘,국민의힘,국민의힘,2024-05-30,,general,,,,term_start,,sitting,,,,,,,,2024.05.30 ~,제22대 국민의힘 충북 보은군옥천군영동군괴산군,nexgtxtmaamffofof,박덕흠,42421192,,,False
22,NA61091D,1,정을호,비례대표,비례대표,,더불어민주연합,14,더불어민주연합,더불어민주연합,더불어민주당,더불어민주연합,2024-05-30,2026-03-04,general,resigned,resigned_other,의원직 사퇴 / 의원직 사퇴,term_start,,confirmed,wikilist+wikiseat+nabill,,2026-03-04,,2026-03-04,2026-03-04,PRC_K2E6O0M3V0K4O0O8V5J1E3U8J8P3V3,2024.05.30 ~ 2026.03.04,제22대 더불어민주연합 비례대표,nfzegpkvaclgtscxt,정을호,42421192,42540220,,False
22,NB64509Z,1,김용만,지역구,경기 하남시을,경기도 하남시 을,,,더불어민주당,더불어민주당,더불어민주당,더불어민주당,2024-05-30,,general,,,,term_start,,sitting,,,,,,,,2024.05.30 ~,제22대 더불어민주당 경기 하남시을,nexgtxtmaamffofof,김용만 (정치인),42421192,,,False
22,NLS46526,1,이종욱,지역구,경남 창원시진해구,경상남도 창원시 진해구,,,국민의힘,국민의힘,국민의힘,국민의힘,2024-05-30,,general,,,,term_start,,sitting,,,,,,,,2024.05.30 ~,제22대 국민의힘 경남 창원시진해구,nexgtxtmaamffofof,이종욱 (1965년),42421192,,,False
22,NPD75153,1,신장식,비례대표,비례대표,,조국혁신당,4,조국혁신당,조국혁신당,조국혁신당,조국혁신당,2024-05-30,,general,,,,term_start,,sitting,,,,,,,,2024.05.30 ~,제22대 조국혁신당 비례대표,nexgtxtmaamffofof,신장식,42421192,,,False
22,NQO7187X,1,강선영,비례대표,비례대표,,국민의미래,5,국민의미래,국민의미래,국민의힘,국민의미래,2024-05-30,,general,,,,term_start,,sitting,,,,,,,,2024.05.30 ~,제22대 국민의미래 비례대표,nexgtxtmaamffofof,강선영 (군인),42421192,,,False
22,NUB4941Z,1,김한규,지역구,제주 제주시을,제주특별자치도 제주시 을,,,더불어민주당,더불어민주당,더불어민주당,더불어민주당,2024-05-30,,general,,,,term_start,,sitting,,,,,,,,2024.05.30 ~,제22대 더불어민주당 제주 제주시을,nexgtxtmaamffofof,김한규 (1974년),42421192,,,False
22,NX534083,1,박성훈,지역구,부산 북구을,부산광역시 북구 을,,,국민의힘,국민의힘,국민의힘,국민의힘,2024-05-30,,general,,,,term_start,,sitting,,,,,,,,2024.05.30 ~,제22대 국민의힘 부산 북구을,nexgtxtmaamffofof,박성훈 (1971년),42421192,,,False
22,NXB3178C,1,김남희,지역구,경기 광명시을,경기도 광명시 을,,,더불어민주당,더불어민주당,더불어민주당,더불어민주당,2024-05-30,,general,,,,term_start,,sitting,,,,,,,,2024.05.30 ~,제22대 더불어민주당 경기 광명시을,nexgtxtmaamffofof,김남희 (1978년),42421192,,,False
22,O0I2045I,1,이정문,지역구,충남 천안시병,충청남도 천안시 병,,,더불어민주당,더불어민주당,더불어민주당,더불어민주당,2024-05-30,,general,,,,term_start,,sitting,,,,,,,,2024.05.30 ~,제22대 더불어민주당 충남 천안시병,nexgtxtmaamffofof,이정문 (1973년),42421192,,,False
22,O6D8329R,1,민홍철,지역구,경남 김해시갑,경상남도 김해시 갑,,,더불어민주당,더불어민주당,더불어민주당,더불어민주당,2024-05-30,,general,,,,term_start,,sitting,,,,,,,,2024.05.30 ~,제22대 더불어민주당 경남 김해시갑,nexgtxtmaamffofof,민홍철,42421192,,,False
22,O7R5461J,1,윤후덕,지역구,경기 파주시갑,경기도 파주시 갑,,,더불어민주당,더불어민주당,더불어민주당,더불어민주당,2024-05-30,,general,,,,term_start,,sitting,,,,,,,,2024.05.30 ~,제22대 더불어민주당 경기 파주시갑,nexgtxtmaamffofof,윤후덕,42421192,,,False
22,OFE45081,1,김용민,지역구,경기 남양주시병,경기도 남양주시 병,,,더불어민주당,더불어민주당,더불어민주당,더불어민주당,2024-05-30,,general,,,,term_start,,sitting,,,,,,,,2024.05.30 ~,제22대 더불어민주당 경기 남양주시병,nexgtxtmaamffofof,김용민 (1976년),42421192,,,False
22,OIA3741M,1,오기형,지역구,서울 도봉구을,서울특별시 도봉구 을,,,더불어민주당,더불어민주당,더불어민주당,더불어민주당,2024-05-30,,general,,,,term_start,,sitting,,,,,,,,2024.05.30 ~,제22대 더불어민주당 서울 도봉구을,nexgtxtmaamffofof,오기형,42421192,,,False
22,OSV9142K,1,이만희,지역구,경북 영천시청도군,경상북도 영천시·청도군,,,국민의힘,국민의힘,국민의힘,국민의힘,2024-05-30,,general,,,,term_start,,sitting,,,,,,,,2024.05.30 ~,제22대 국민의힘 경북 영천시청도군,nexgtxtmaamffofof,이만희 (정치인),42421192,,,False
22,OWD1018N,1,신동욱,지역구,서울 서초구을,서울특별시 서초구 을,,,국민의힘,국민의힘,국민의힘,국민의힘,2024-05-30,,general,,,,term_start,,sitting,,,,,,,,2024.05.30 ~,제22대 국민의힘 서울 서초구을,nexgtxtmaamffofof,신동욱 (1965년생 정치인),42421192,,,False
22,P0F1530P,1,김태호,지역구,경남 양산시을,경상남도 양산시 을,,,국민의힘,국민의힘,국민의힘,국민의힘,2024-05-30,,general,,,,term_start,,sitting,,,,,,,,2024.05.30 ~,제22대 국민의힘 경남 양산시을,nexgtxtmaamffofof,김태호 (1962년),42421192,,,False
22,P7U7800Z,1,서지영,지역구,부산 동래구,부산광역시 동래구,,,국민의힘,국민의힘,국민의힘,국민의힘,2024-05-30,,general,,,,term_start,,sitting,,,,,,,,2024.05.30 ~,제22대 국민의힘 부산 동래구,nexgtxtmaamffofof,서지영 (정치인),42421192,,,False
22,P8A4624C,1,전종덕,비례대표,비례대표,,더불어민주연합,11,더불어민주연합,더불어민주연합,진보당,더불어민주연합,2024-05-30,,general,,,,term_start,,sitting,,,,,,,,2024.05.30 ~,제22대 더불어민주연합 비례대표,nexgtxtmaamffofof,전종덕,42421192,,,False
22,PAO22428,1,송영길,지역구,인천 연수구갑,인천광역시 연수구 갑,,,더불어민주당,더불어민주당,더불어민주당,더불어민주당,2026-06-04,,by_election,,,,confirmed,wikiseat,sitting,,2026-06-03,,2026-06-04,,,,2026.06.04 ~,제22대 더불어민주당 인천 연수구갑,nexgtxtmaamffofof,송영길 (정치인),42421192,42540220,,False
22,PFG2137X,1,정희용,지역구,경북 고령군성주군칠곡군,경상북도 고령군·성주군·칠곡군,,,국민의힘,국민의힘,국민의힘,국민의힘,2024-05-30,,general,,,,term_start,,sitting,,,,,,,,2024.05.30 ~,제22대 국민의힘 경북 고령군성주군칠곡군,nexgtxtmaamffofof,정희용,42421192,,,False
22,PYA8594I,1,안상훈,비례대표,비례대표,,국민의미래,16,국민의미래,국민의미래,국민의힘,국민의미래,2024-05-30,,general,,,,term_start,,sitting,,,,,,,,2024.05.30 ~,제22대 국민의미래 비례대표,nexgtxtmaamffofof,안상훈 (사회과학자),42421192,,,False
22,Q129715Y,1,강유정,비례대표,비례대표,,더불어민주연합,9,더불어민주연합,더불어민주연합,더불어민주당,더불어민주연합,2024-05-30,2025-06-04,general,resigned,resigned_other,의원직 사퇴,term_start,,confirmed,nabill,,2024-06-04,,,2025-06-04,PRC_M2L5Z0Q6B0N4H1M7F0P7O3S0V2W2G9,2024.05.30 ~ 2025.06.04,제22대 더불어민주연합 비례대표,nfzegpkvaclgtscxt,강유정 (평론가),42421192,,,False
22,Q918403D,1,한지아,비례대표,비례대표,,국민의미래,11,국민의미래,국민의미래,국민의힘,국민의미래,2024-05-30,,general,,,,term_start,,sitting,,,,,,,,2024.05.30 ~,제22대 국민의미래 비례대표,nexgtxtmaamffofof,한지아,42421192,,,False
22,QDU1100U,1,진종오,비례대표,비례대표,,국민의미래,4,국민의미래,국민의미래,국민의힘,국민의미래,2024-05-30,,general,,,,term_start,,sitting,,,,,,,,2024.05.30 ~,제22대 국민의미래 비례대표,nexgtxtmaamffofof,진종오,42421192,,,False
22,QHL3248U,1,김남국,지역구,경기 안산시갑,경기도 안산시 갑,,,더불어민주당,더불어민주당,더불어민주당,더불어민주당,2026-06-04,,by_election,,,,confirmed,wikiseat,sitting,,2026-06-03,,2026-06-04,,,,2026.06.04 ~,제22대 더불어민주당 경기 안산시갑,nexgtxtmaamffofof,김남국,42421192,42540220,,False
22,QQ429063,1,서명옥,지역구,서울 강남구갑,서울특별시 강남구 갑,,,국민의힘,국민의힘,국민의힘,국민의힘,2024-05-30,,general,,,,term_start,,sitting,,,,,,,,2024.05.30 ~,제22대 국민의힘 서울 강남구갑,nexgtxtmaamffofof,서명옥,42421192,,,False
22,QQP4727N,1,배준영,지역구,인천 중구강화군옹진군,인천광역시 중구·강화군·옹진군,,,국민의힘,국민의힘,국민의힘,국민의힘,2024-05-30,,general,,,,term_start,,sitting,,,,,,,,2024.05.30 ~,제22대 국민의힘 인천 중구강화군옹진군,nexgtxtmaamffofof,배준영,42421192,,,False
22,QUR40502,1,전진숙,지역구,광주 북구을,광주광역시 북구 을,,,더불어민주당,더불어민주당,더불어민주당,더불어민주당,2024-05-30,,general,,,,term_start,,sitting,,,,,,,,2024.05.30 ~,제22대 더불어민주당 광주 북구을,nexgtxtmaamffofof,전진숙,42421192,,,False
22,QWL7778X,1,이준석,지역구,경기 화성시을,경기도 화성시 을,,,개혁신당,개혁신당,개혁신당,개혁신당,2024-05-30,,general,,,,term_start,,sitting,,,,,,,,2024.05.30 ~,제22대 개혁신당 경기 화성시을,nexgtxtmaamffofof,이준석,42421192,,,False
22,RAJ1024Z,1,임종득,지역구,경북 영주시영양군봉화군,경상북도 영주시·영양군·봉화군,,,국민의힘,국민의힘,국민의힘,국민의힘,2024-05-30,,general,,,,term_start,,sitting,,,,,,,,2024.05.30 ~,제22대 국민의힘 경북 영주시영양군봉화군,nexgtxtmaamffofof,임종득,42421192,,,False
22,RBM5454A,1,이주희,비례대표,비례대표,,더불어민주연합,17,더불어민주당,더불어민주당,더불어민주당,더불어민주당,2025-07-23,,succession_pr,,,,confirmed,wikilist,sitting,,2025-07-23,,,,,,2025.07.23 ~,제22대 더불어민주당 비례대표,nexgtxtmaamffofof,이주희 (정치인),42421192,,,False
22,RC885085,1,차지호,지역구,경기 오산시,경기도 오산시,,,더불어민주당,더불어민주당,더불어민주당,더불어민주당,2024-05-30,,general,,,,term_start,,sitting,,,,,,,,2024.05.30 ~,제22대 더불어민주당 경기 오산시,nexgtxtmaamffofof,차지호 (정치인),42421192,,,False
22,REG96285,1,곽규택,지역구,부산 서구동구,부산광역시 서구·동구,,,국민의힘,국민의힘,국민의힘,국민의힘,2024-05-30,,general,,,,term_start,,sitting,,,,,,,,2024.05.30 ~,제22대 국민의힘 부산 서구동구,nexgtxtmaamffofof,곽규택,42421192,,,False
22,RG972910,1,송재봉,지역구,충북 청주시청원구,충청북도 청주시 청원구,,,더불어민주당,더불어민주당,더불어민주당,더불어민주당,2024-05-30,,general,,,,term_start,,sitting,,,,,,,,2024.05.30 ~,제22대 더불어민주당 충북 청주시청원구,nexgtxtmaamffofof,송재봉,42421192,,,False
22,RJH6314D,1,황명선,지역구,충남 논산시계룡시금산군,충청남도 논산시·계룡시·금산군,,,더불어민주당,더불어민주당,더불어민주당,더불어민주당,2024-05-30,,general,,,,term_start,,sitting,,,,,,,,2024.05.30 ~,제22대 더불어민주당 충남 논산시계룡시금산군,nexgtxtmaamffofof,황명선,42421192,,,False
22,RKS3658I,1,이재관,지역구,충남 천안시을,충청남도 천안시 을,,,더불어민주당,더불어민주당,더불어민주당,더불어민주당,2024-05-30,,general,,,,term_start,,sitting,,,,,,,,2024.05.30 ~,제22대 더불어민주당 충남 천안시을,nexgtxtmaamffofof,이재관 (1965년),42421192,,,False
22,RMC1840P,1,신성범,지역구,경남 산청군함양군거창군합천군,경상남도 산청군·함양군·거창군·합천군,,,국민의힘,국민의힘,국민의힘,국민의힘,2024-05-30,,general,,,,term_start,,sitting,,,,,,,,2024.05.30 ~,제22대 국민의힘 경남 산청군함양군거창군합천군,nexgtxtmaamffofof,신성범,42421192,,,False
22,ROS6754L,1,이달희,비례대표,비례대표,,국민의미래,17,국민의미래,국민의미래,국민의힘,국민의미래,2024-05-30,,general,,,,term_start,,sitting,,,,,,,,2024.05.30 ~,제22대 국민의미래 비례대표,nexgtxtmaamffofof,이달희,42421192,,,False
22,RPN2293B,1,장경태,지역구,서울 동대문구을,서울특별시 동대문구 을,,,더불어민주당,더불어민주당,무소속,더불어민주당,2024-05-30,,general,,,,term_start,,sitting,,,,,,,,2024.05.30 ~,제22대 더불어민주당 서울 동대문구을,nexgtxtmaamffofof,장경태,42421192,,,False
22,RQQ3807K,1,위성곤,지역구,제주 서귀포시,제주특별자치도 서귀포시,,,더불어민주당,더불어민주당,더불어민주당,더불어민주당,2024-05-30,2026-04-30,general,resigned,resigned_to_run_for_other_office,제주특별자치도지사 출마로 사퇴 / 의원직 사퇴,term_start,,confirmed,nabill,,2026-04-29,,2026-04-29,2026-04-30,PRC_U2K6A0K4A3Q0O1S4U0W7Z1Z5B6H4W1,2024.05.30 ~ 2026.04.30,제22대 더불어민주당 제주 서귀포시,nfzegpkvaclgtscxt,위성곤,42421192,42540220,,False
22,RUZ25800,1,노종면,지역구,인천 부평구갑,인천광역시 부평구 갑,,,더불어민주당,더불어민주당,더불어민주당,더불어민주당,2024-05-30,,general,,,,term_start,,sitting,,,,,,,,2024.05.30 ~,제22대 더불어민주당 인천 부평구갑,nexgtxtmaamffofof,노종면,42421192,,,False
22,S824682L,1,박홍근,지역구,서울 중랑구을,서울특별시 중랑구 을,,,더불어민주당,더불어민주당,더불어민주당,더불어민주당,2024-05-30,,general,,,,term_start,,sitting,,,,,,,,2024.05.30 ~,제22대 더불어민주당 서울 중랑구을,nexgtxtmaamffofof,박홍근 (정치인),42421192,,,False
22,S9U45255,1,이양수,지역구,강원 속초시인제군고성군양양군,강원특별자치도 속초시·인제군·고성군·양양군,,,국민의힘,국민의힘,국민의힘,국민의힘,2024-05-30,,general,,,,term_start,,sitting,,,,,,,,2024.05.30 ~,제22대 국민의힘 강원 속초시인제군고성군양양군,nexgtxtmaamffofof,이양수,42421192,,,False
22,SKP6181Y,1,김남준,지역구,인천 계양구을,인천광역시 계양구 을,,,더불어민주당,더불어민주당,더불어민주당,더불어민주당,2026-06-04,,by_election,,,,confirmed,wikiseat,sitting,,2026-06-03,,2026-06-04,,,,2026.06.04 ~,제22대 더불어민주당 인천 계양구을,nexgtxtmaamffofof,김남준 (정치인),42421192,42540220,,False
22,SLW27496,1,나경원,지역구,서울 동작구을,서울특별시 동작구 을,,,국민의힘,국민의힘,국민의힘,국민의힘,2024-05-30,,general,,,,term_start,,sitting,,,,,,,,2024.05.30 ~,제22대 국민의힘 서울 동작구을,nexgtxtmaamffofof,나경원,42421192,,,False
22,SQ36001H,1,송기헌,지역구,강원 원주시을,강원특별자치도 원주시 을,,,더불어민주당,더불어민주당,더불어민주당,더불어민주당,2024-05-30,,general,,,,term_start,,sitting,,,,,,,,2024.05.30 ~,제22대 더불어민주당 강원 원주시을,nexgtxtmaamffofof,송기헌,42421192,,,False
22,T2T8225E,1,강경숙,비례대표,비례대표,,조국혁신당,11,조국혁신당,조국혁신당,조국혁신당,조국혁신당,2024-05-30,,general,,,,term_start,,sitting,,,,,,,,2024.05.30 ~,제22대 조국혁신당 비례대표,nexgtxtmaamffofof,강경숙,42421192,,,False
22,T3E4932G,1,조국,비례대표,비례대표,,조국혁신당,2,조국혁신당,조국혁신당,조국혁신당,조국혁신당,2024-05-30,2024-12-12,general,disqualified,court_ruling_other_or_unspecified,자녀 입시 관련 유죄확정판결로 / 의원직 상실 / 의원직 상실,term_start,,confirmed,wikilist+wikiseat,,2024-12-12,,2024-12-12,,,2024.05.30 ~ 2024.12.12,제22대 조국혁신당 비례대표,nfzegpkvaclgtscxt,조국 (법학자),42421192,42540220,,False
22,T465023H,1,주철현,지역구,전남 여수시갑,전라남도 여수시 갑,,,더불어민주당,더불어민주당,더불어민주당,더불어민주당,2024-05-30,,general,,,,term_start,,sitting,,,,,,,,2024.05.30 ~,제22대 더불어민주당 전남 여수시갑,nexgtxtmaamffofof,주철현,42421192,,,False
22,T4I4862D,1,한창민,비례대표,비례대표,,더불어민주연합,10,더불어민주연합,더불어민주연합,사회민주당,더불어민주연합,2024-05-30,,general,,,,term_start,,sitting,,,,,,,,2024.05.30 ~,제22대 더불어민주연합 비례대표,nexgtxtmaamffofof,한창민 (1973년),42421192,,,False
22,T6A6557F,1,황정아,지역구,대전 유성구을,대전광역시 유성구 을,,,더불어민주당,더불어민주당,더불어민주당,더불어민주당,2024-05-30,,general,,,,term_start,,sitting,,,,,,,,2024.05.30 ~,제22대 더불어민주당 대전 유성구을,nexgtxtmaamffofof,황정아 (1977년),42421192,,,False
22,T9E37304,1,위성락,비례대표,비례대표,,더불어민주연합,2,더불어민주연합,더불어민주연합,더불어민주당,더불어민주연합,2024-05-30,2025-06-04,general,resigned,resigned_other,의원직 사퇴,term_start,,confirmed,wikilist+nabill,,2025-06-04,,,2025-06-04,PRC_Q2C5E0B6U0J4Q1K7J0L8U3S0Z0Y0J0,2024.05.30 ~ 2025.06.04,제22대 더불어민주연합 비례대표,nfzegpkvaclgtscxt,위성락,42421192,,,False
22,TCP9838Y,1,김민전,비례대표,비례대표,,국민의미래,9,국민의미래,국민의미래,국민의힘,국민의미래,2024-05-30,,general,,,,term_start,,sitting,,,,,,,,2024.05.30 ~,제22대 국민의미래 비례대표,nexgtxtmaamffofof,김민전,42421192,,,False
22,TJW93720,1,전용기,지역구,경기 화성시정,경기도 화성시 정,,,더불어민주당,더불어민주당,더불어민주당,더불어민주당,2024-05-30,,general,,,,term_start,,sitting,,,,,,,,2024.05.30 ~,제22대 더불어민주당 경기 화성시정,nexgtxtmaamffofof,전용기,42421192,,,False
22,TKJ4800F,1,서영교,지역구,서울 중랑구갑,서울특별시 중랑구 갑,,,더불어민주당,더불어민주당,더불어민주당,더불어민주당,2024-05-30,,general,,,,term_start,,sitting,,,,,,,,2024.05.30 ~,제22대 더불어민주당 서울 중랑구갑,nexgtxtmaamffofof,서영교,42421192,,,False
22,TQP7167T,1,김건,비례대표,비례대표,,국민의미래,6,국민의미래,국민의미래,국민의힘,국민의미래,2024-05-30,,general,,,,term_start,,sitting,,,,,,,,2024.05.30 ~,제22대 국민의미래 비례대표,nexgtxtmaamffofof,김건 (1966년),42421192,,,False
22,TRE2429O,1,강훈식,지역구,충남 아산시을,충청남도 아산시 을,,,더불어민주당,더불어민주당,더불어민주당,더불어민주당,2024-05-30,2025-06-04,general,resigned,resigned_other,의원직 사퇴,term_start,,confirmed,wikilist+nabill,,2025-06-04,,,2025-06-04,PRC_J2P5G0F6U0H4Q1M7K0G8Y0L2F2X6Q6,2024.05.30 ~ 2025.06.04,제22대 더불어민주당 충남 아산시을,nfzegpkvaclgtscxt,강훈식,42421192,,,False
22,TST4507I,1,안규백,지역구,서울 동대문구갑,서울특별시 동대문구 갑,,,더불어민주당,더불어민주당,더불어민주당,더불어민주당,2024-05-30,,general,,,,term_start,,sitting,,,,,,,,2024.05.30 ~,제22대 더불어민주당 서울 동대문구갑,nexgtxtmaamffofof,안규백,42421192,,,False
22,TZ228122,1,민병덕,지역구,경기 안양시동안구갑,경기도 안양시 동안구 갑,,,더불어민주당,더불어민주당,더불어민주당,더불어민주당,2024-05-30,,general,,,,term_start,,sitting,,,,,,,,2024.05.30 ~,제22대 더불어민주당 경기 안양시동안구갑,nexgtxtmaamffofof,민병덕 (1970년),42421192,,,False
22,TZP9391O,1,이철규,지역구,강원 동해시태백시삼척시정선군,강원특별자치도 동해시·태백시·삼척시·정선군,,,국민의힘,국민의힘,국민의힘,국민의힘,2024-05-30,,general,,,,term_start,,sitting,,,,,,,,2024.05.30 ~,제22대 국민의힘 강원 동해시태백시삼척시정선군,nexgtxtmaamffofof,이철규 (1957년),42421192,,,False
22,UF53617M,1,최은석,지역구,대구 동구군위군갑,대구광역시 동구·군위군 갑,,,국민의힘,국민의힘,국민의힘,국민의힘,2024-05-30,,general,,,,term_start,,sitting,,,,,,,,2024.05.30 ~,제22대 국민의힘 대구 동구군위군갑,nexgtxtmaamffofof,최은석 (1967년),42421192,,,False
22,UHB5553T,1,정태호,지역구,서울 관악구을,서울특별시 관악구 을,,,더불어민주당,더불어민주당,더불어민주당,더불어민주당,2024-05-30,,general,,,,term_start,,sitting,,,,,,,,2024.05.30 ~,제22대 더불어민주당 서울 관악구을,nexgtxtmaamffofof,정태호 (1963년),42421192,,,False
22,UOS16250,1,최보윤,비례대표,비례대표,,국민의미래,1,국민의미래,국민의미래,국민의힘,국민의미래,2024-05-30,,general,,,,term_start,,sitting,,,,,,,,2024.05.30 ~,제22대 국민의미래 비례대표,nexgtxtmaamffofof,최보윤 (정치인),42421192,,,False
22,UQ282145,1,이재정,지역구,경기 안양시동안구을,경기도 안양시 동안구 을,,,더불어민주당,더불어민주당,더불어민주당,더불어민주당,2024-05-30,,general,,,,term_start,,sitting,,,,,,,,2024.05.30 ~,제22대 더불어민주당 경기 안양시동안구을,nexgtxtmaamffofof,이재정 (1974년),42421192,,,False
22,URV1689Q,1,추미애,지역구,경기 하남시갑,경기도 하남시 갑,,,더불어민주당,더불어민주당,더불어민주당,더불어민주당,2024-05-30,2026-04-30,general,resigned,resigned_to_run_for_other_office,경기도지사 출마로 사퇴 / 의원직 사퇴,term_start,,confirmed,nabill,,2026-04-29,,2026-04-29,2026-04-30,PRC_I2E6G0P4O3B0J1A4B0C5J1L1S2I8H1,2024.05.30 ~ 2026.04.30,제22대 더불어민주당 경기 하남시갑,nfzegpkvaclgtscxt,추미애,42421192,42540220,,False
22,URX8075K,1,염태영,지역구,경기 수원시무,경기도 수원시 무,,,더불어민주당,더불어민주당,더불어민주당,더불어민주당,2024-05-30,,general,,,,term_start,,sitting,,,,,,,,2024.05.30 ~,제22대 더불어민주당 경기 수원시무,nexgtxtmaamffofof,염태영,42421192,,,False
22,V2R7430Z,1,이춘석,지역구,전북 익산시갑,전북특별자치도 익산시 갑,,,더불어민주당,더불어민주당,무소속,더불어민주당,2024-05-30,,general,,,,term_start,,sitting,,,,,,,,2024.05.30 ~,제22대 더불어민주당 전북 익산시갑,nexgtxtmaamffofof,이춘석,42421192,,,False
22,V429892C,1,정성호,지역구,경기 동두천시양주시연천군갑,경기도 동두천시·양주시·연천군 갑,,,더불어민주당,더불어민주당,더불어민주당,더불어민주당,2024-05-30,,general,,,,term_start,,sitting,,,,,,,,2024.05.30 ~,제22대 더불어민주당 경기 동두천시양주시연천군갑,nexgtxtmaamffofof,정성호 (1962년),42421192,,,False
22,VA04150X,1,박상웅,지역구,경남 밀양시의령군함안군창녕군,경상남도 밀양시·의령군·함안군·창녕군,,,국민의힘,국민의힘,국민의힘,국민의힘,2024-05-30,,general,,,,term_start,,sitting,,,,,,,,2024.05.30 ~,제22대 국민의힘 경남 밀양시의령군함안군창녕군,nexgtxtmaamffofof,박상웅,42421192,,,False
22,VCP96419,1,허종식,지역구,인천 동구미추홀구갑,인천광역시 동구·미추홀구 갑,,,더불어민주당,더불어민주당,더불어민주당,더불어민주당,2024-05-30,,general,,,,term_start,,sitting,,,,,,,,2024.05.30 ~,제22대 더불어민주당 인천 동구미추홀구갑,nexgtxtmaamffofof,허종식,42421192,,,False
22,VDN5593C,1,김상욱,지역구,울산 남구갑,울산광역시 남구 갑,,,국민의힘,국민의힘,더불어민주당,국민의힘,2024-05-30,2026-04-30,general,resigned,resigned_to_run_for_other_office,울산광역시장 출마로 사퇴,term_start,,confirmed,nabill,,,,2026-04-29,2026-04-30,PRC_I2R6J0X4F3I0T1M4M0N6H5H3V1M3R9,2024.05.30 ~ 2026.04.30,제22대 국민의힘 울산 남구갑,nfzegpkvaclgtscxt,김상욱 (1980년),42421192,42540220,,False
22,VRY5522V,1,민형배,지역구,광주 광산구을,광주광역시 광산구 을,,,더불어민주당,더불어민주당,더불어민주당,더불어민주당,2024-05-30,2026-04-30,general,resigned,resigned_to_run_for_other_office,전남광주통합특별시장 출마로 사퇴 / 의원직 사퇴,term_start,,confirmed,nabill,,2026-04-29,,2026-04-29,2026-04-30,PRC_N2R6A0M4F3B0R1Z4G0Y6F3G0R6L9B7,2024.05.30 ~ 2026.04.30,제22대 더불어민주당 광주 광산구을,nfzegpkvaclgtscxt,민형배,42421192,42540220,,False
22,VZA76236,1,박선원,지역구,인천 부평구을,인천광역시 부평구 을,,,더불어민주당,더불어민주당,더불어민주당,더불어민주당,2024-05-30,,general,,,,term_start,,sitting,,,,,,,,2024.05.30 ~,제22대 더불어민주당 인천 부평구을,nexgtxtmaamffofof,박선원 (1963년),42421192,,,False
22,W0154979,1,윤용근,지역구,충남 공주시부여군청양군,충청남도 공주시·부여군·청양군,,,국민의힘,국민의힘,국민의힘,국민의힘,2026-06-04,,by_election,,,,confirmed_pollday_plus1,wikilist=2026-06-03,sitting,,2026-06-03,,,,,,2026.06.04 ~,제22대 국민의힘 충남 공주시부여군청양군,nexgtxtmaamffofof,윤용근 (1969년),42421192,,,False
22,W3U3344O,1,이기헌,지역구,경기 고양시병,경기도 고양시 병,,,더불어민주당,더불어민주당,더불어민주당,더불어민주당,2024-05-30,,general,,,,term_start,,sitting,,,,,,,,2024.05.30 ~,제22대 더불어민주당 경기 고양시병,nexgtxtmaamffofof,이기헌 (정치인),42421192,,,False
22,W4X85128,1,박대출,지역구,경남 진주시갑,경상남도 진주시 갑,,,국민의힘,국민의힘,국민의힘,국민의힘,2024-05-30,,general,,,,term_start,,sitting,,,,,,,,2024.05.30 ~,제22대 국민의힘 경남 진주시갑,nexgtxtmaamffofof,박대출,42421192,,,False
22,W8L9421K,1,안태준,지역구,경기 광주시을,경기도 광주시 을,,,더불어민주당,더불어민주당,더불어민주당,더불어민주당,2024-05-30,,general,,,,term_start,,sitting,,,,,,,,2024.05.30 ~,제22대 더불어민주당 경기 광주시을,nexgtxtmaamffofof,안태준 (정치인),42421192,,,False
22,W8W95421,1,이상식,지역구,경기 용인시갑,경기도 용인시 갑,,,더불어민주당,더불어민주당,더불어민주당,더불어민주당,2024-05-30,,general,,,,term_start,,sitting,,,,,,,,2024.05.30 ~,제22대 더불어민주당 경기 용인시갑,nexgtxtmaamffofof,이상식 (1966년),42421192,,,False
22,WCD5518S,1,고민정,지역구,서울 광진구을,서울특별시 광진구 을,,,더불어민주당,더불어민주당,더불어민주당,더불어민주당,2024-05-30,,general,,,,term_start,,sitting,,,,,,,,2024.05.30 ~,제22대 더불어민주당 서울 광진구을,nexgtxtmaamffofof,고민정,42421192,,,False
22,WI719547,1,이주영,비례대표,비례대표,,개혁신당,1,개혁신당,개혁신당,개혁신당,개혁신당,2024-05-30,,general,,,,term_start,,sitting,,,,,,,,2024.05.30 ~,제22대 개혁신당 비례대표,nexgtxtmaamffofof,이주영 (1982년),42421192,,,False
22,WJG74792,1,최수진,비례대표,비례대표,,국민의미래,3,국민의미래,국민의미래,국민의힘,국민의미래,2024-05-30,,general,,,,term_start,,sitting,,,,,,,,2024.05.30 ~,제22대 국민의미래 비례대표,nexgtxtmaamffofof,최수진 (화학자),42421192,,,False
22,WJL30106,1,조정훈,지역구,서울 마포구갑,서울특별시 마포구 갑,,,국민의힘,국민의힘,국민의힘,국민의힘,2024-05-30,,general,,,,term_start,,sitting,,,,,,,,2024.05.30 ~,제22대 국민의힘 서울 마포구갑,nexgtxtmaamffofof,조정훈 (1972년),42421192,,,False
22,WMT66995,1,김준환,비례대표,비례대표,,더불어민주연합,18,더불어민주당,더불어민주당,더불어민주당,더불어민주당,2026-03-05,,succession_pr,,,,confirmed,wikilist+wikiseat,sitting,,2026-03-05,,2026-03-05,,,,2026.03.05 ~,제22대 더불어민주당 비례대표,nexgtxtmaamffofof,김준환 (1962년),42421192,42540220,,False
22,WTR5885Y,1,이소영,지역구,경기 의왕시과천시,경기도 의왕시·과천시,,,더불어민주당,더불어민주당,더불어민주당,더불어민주당,2024-05-30,,general,,,,term_start,,sitting,,,,,,,,2024.05.30 ~,제22대 더불어민주당 경기 의왕시과천시,nexgtxtmaamffofof,이소영 (1985년),42421192,,,False
22,WXJ8352N,1,이성권,지역구,부산 사하구갑,부산광역시 사하구 갑,,,국민의힘,국민의힘,국민의힘,국민의힘,2024-05-30,,general,,,,term_start,,sitting,,,,,,,,2024.05.30 ~,제22대 국민의힘 부산 사하구갑,nexgtxtmaamffofof,이성권 (1968년),42421192,,,False
22,X1K3667J,1,김교흥,지역구,인천 서구갑,인천광역시 서구 갑,,,더불어민주당,더불어민주당,더불어민주당,더불어민주당,2024-05-30,,general,,,,term_start,,sitting,,,,,,,,2024.05.30 ~,제22대 더불어민주당 인천 서구갑,nexgtxtmaamffofof,김교흥,42421192,,,False
22,X3170462,1,박성민,지역구,울산 중구,울산광역시 중구,,,국민의힘,국민의힘,국민의힘,국민의힘,2024-05-30,,general,,,,term_start,,sitting,,,,,,,,2024.05.30 ~,제22대 국민의힘 울산 중구,nexgtxtmaamffofof,박성민 (정치인),42421192,,,False
22,X639721U,1,임미애,비례대표,비례대표,,더불어민주연합,13,더불어민주연합,더불어민주연합,더불어민주당,더불어민주연합,2024-05-30,,general,,,,term_start,,sitting,,,,,,,,2024.05.30 ~,제22대 더불어민주연합 비례대표,nexgtxtmaamffofof,임미애,42421192,,,False
22,X7E7893P,1,김장겸,비례대표,비례대표,,국민의미래,14,국민의미래,국민의미래,국민의힘,국민의미래,2024-05-30,,general,,,,term_start,,sitting,,,,,,,,2024.05.30 ~,제22대 국민의미래 비례대표,nexgtxtmaamffofof,김장겸,42421192,,,False
22,X7I4680R,1,김기현,지역구,울산 남구을,울산광역시 남구 을,,,국민의힘,국민의힘,국민의힘,국민의힘,2024-05-30,,general,,,,term_start,,sitting,,,,,,,,2024.05.30 ~,제22대 국민의힘 울산 남구을,nexgtxtmaamffofof,김기현 (1959년),42421192,,,False
22,XBT9550Q,1,우원식,지역구,서울 노원구갑,서울특별시 노원구 갑,,,더불어민주당,더불어민주당,더불어민주당,더불어민주당,2024-05-30,,general,,,,term_start,,sitting,,,,,,,,2024.05.30 ~,제22대 더불어민주당 서울 노원구갑,nexgtxtmaamffofof,우원식,42421192,42540220,,False
22,XEF29171,1,안호영,지역구,전북 완주군진안군무주군,전북특별자치도 완주군·진안군·무주군,,,더불어민주당,더불어민주당,더불어민주당,더불어민주당,2024-05-30,,general,,,,term_start,,sitting,,,,,,,,2024.05.30 ~,제22대 더불어민주당 전북 완주군진안군무주군,nexgtxtmaamffofof,안호영 (1965년),42421192,,,False
22,XG348314,1,정춘생,비례대표,비례대표,,조국혁신당,9,조국혁신당,조국혁신당,조국혁신당,조국혁신당,2024-05-30,,general,,,,term_start,,sitting,,,,,,,,2024.05.30 ~,제22대 조국혁신당 비례대표,nexgtxtmaamffofof,정춘생,42421192,,,False
22,XPP2564T,1,한정애,지역구,서울 강서구병,서울특별시 강서구 병,,,더불어민주당,더불어민주당,더불어민주당,더불어민주당,2024-05-30,,general,,,,term_start,,sitting,,,,,,,,2024.05.30 ~,제22대 더불어민주당 서울 강서구병,nexgtxtmaamffofof,한정애,42421192,,,False
22,XR24352K,1,서영석,지역구,경기 부천시갑,경기도 부천시 갑,,,더불어민주당,더불어민주당,더불어민주당,더불어민주당,2024-05-30,,general,,,,term_start,,sitting,,,,,,,,2024.05.30 ~,제22대 더불어민주당 경기 부천시갑,nexgtxtmaamffofof,서영석 (1964년),42421192,,,False
22,XSP20229,1,김성환,지역구,서울 노원구을,서울특별시 노원구 을,,,더불어민주당,더불어민주당,더불어민주당,더불어민주당,2024-05-30,,general,,,,term_start,,sitting,,,,,,,,2024.05.30 ~,제22대 더불어민주당 서울 노원구을,nexgtxtmaamffofof,김성환 (1965년),42421192,,,False
22,Y0X4618N,1,박수민,지역구,서울 강남구을,서울특별시 강남구 을,,,국민의힘,국민의힘,국민의힘,국민의힘,2024-05-30,,general,,,,term_start,,sitting,,,,,,,,2024.05.30 ~,제22대 국민의힘 서울 강남구을,nexgtxtmaamffofof,박수민,42421192,,,False
22,YGB8604T,1,천하람,비례대표,비례대표,,개혁신당,2,개혁신당,개혁신당,개혁신당,개혁신당,2024-05-30,,general,,,,term_start,,sitting,,,,,,,,2024.05.30 ~,제22대 개혁신당 비례대표,nexgtxtmaamffofof,천하람,42421192,,,False
22,YM42715P,1,김준혁,지역구,경기 수원시정,경기도 수원시 정,,,더불어민주당,더불어민주당,더불어민주당,더불어민주당,2024-05-30,,general,,,,term_start,,sitting,,,,,,,,2024.05.30 ~,제22대 더불어민주당 경기 수원시정,nexgtxtmaamffofof,김준혁 (역사가),42421192,,,False
22,YN160848,1,백선희,비례대표,비례대표,,조국혁신당,13,조국혁신당,조국혁신당,조국혁신당,조국혁신당,2024-12-13,,succession_pr,,,,confirmed,wikilist+wikiseat,sitting,,2024-12-13,,2024-12-13,,,,2024.12.13 ~ 2028.05.29,제22대 조국혁신당 비례대표,nexgtxtmaamffofof,백선희,42421192,42540220,,False
22,YOG1280B,1,안철수,지역구,경기 성남시분당구갑,경기도 성남시 분당구 갑,,,국민의힘,국민의힘,국민의힘,국민의힘,2024-05-30,,general,,,,term_start,,sitting,,,,,,,,2024.05.30 ~,제22대 국민의힘 경기 성남시분당구갑,nexgtxtmaamffofof,안철수,42421192,,,False
22,YS38221N,1,최민희,지역구,경기 남양주시갑,경기도 남양주시 갑,,,더불어민주당,더불어민주당,더불어민주당,더불어민주당,2024-05-30,,general,,,,term_start,,sitting,,,,,,,,2024.05.30 ~,제22대 더불어민주당 경기 남양주시갑,nexgtxtmaamffofof,최민희 (정치인),42421192,,,False
22,ZDR63255,1,소병훈,지역구,경기 광주시갑,경기도 광주시 갑,,,더불어민주당,더불어민주당,더불어민주당,더불어민주당,2024-05-30,,general,,,,term_start,,sitting,,,,,,,,2024.05.30 ~,제22대 더불어민주당 경기 광주시갑,nexgtxtmaamffofof,소병훈,42421192,,,False
22,ZKB18611,1,조인철,지역구,광주 서구갑,광주광역시 서구 갑,,,더불어민주당,더불어민주당,더불어민주당,더불어민주당,2024-05-30,,general,,,,term_start,,sitting,,,,,,,,2024.05.30 ~,제22대 더불어민주당 광주 서구갑,nexgtxtmaamffofof,조인철 (1964년),42421192,,,False
22,ZRF3039U,1,윤재옥,지역구,대구 달서구을,대구광역시 달서구 을,,,국민의힘,국민의힘,국민의힘,국민의힘,2024-05-30,,general,,,,term_start,,sitting,,,,,,,,2024.05.30 ~,제22대 국민의힘 대구 달서구을,nexgtxtmaamffofof,윤재옥,42421192,,,False
22,ZW43496R,1,박홍배,비례대표,비례대표,,더불어민주연합,8,더불어민주연합,더불어민주연합,더불어민주당,더불어민주연합,2024-05-30,,general,,,,term_start,,sitting,,,,,,,,2024.05.30 ~,제22대 더불어민주연합 비례대표,nexgtxtmaamffofof,박홍배,42421192,,,False
22,ZYP7962W,1,김석기,지역구,경북 경주시,경상북도 경주시,,,국민의힘,국민의힘,국민의힘,국민의힘,2024-05-30,,general,,,,term_start,,sitting,,,,,,,,2024.05.30 ~,제22대 국민의힘 경북 경주시,nexgtxtmaamffofof,김석기 (1954년),42421192,,,False
